time,signal
0.0,-152.576
4e-06,152.5015
8e-06,-0.149
1.2e-05,-0.149
1.6e-05,-0.22349999999999998
2e-05,-0.22349999999999998
2.4e-05,-0.22349999999999998
2.8e-05,-0.149
3.2e-05,-0.22349999999999998
3.6e-05,-0.149
4e-05,-0.22349999999999998
4.4e-05,-0.149
4.8e-05,-0.149
5.2e-05,-0.22349999999999998
5.6e-05,-0.149
6e-05,-0.22349999999999998
6.4e-05,-0.149
6.8e-05,-0.149
7.2e-05,-0.149
7.6e-05,-0.149
8e-05,-0.149
8.4e-05,-0.149
8.8e-05,-0.149
9.2e-05,-0.149
9.6e-05,-0.149
0.0001,-0.149
0.000104,-0.149
0.000108,-0.149
0.000112,-0.149
0.000116,-0.149
0.00012,-0.149
0.000124,-0.22349999999999998
0.000128,-0.22349999999999998
0.000132,-0.149
0.000136,-0.22349999999999998
0.00014,-0.149
0.000144,-0.149
0.000148,-0.149
0.000152,-0.22349999999999998
0.000156,-0.149
0.00016,-0.149
0.000164,-0.149
0.000168,-0.149
0.000172,-0.149
0.000176,-0.22349999999999998
0.00018,-0.149
0.000184,-0.149
0.000188,-0.149
0.000192,-0.149
0.000196,-0.22349999999999998
0.0002,-0.149
0.000204,-0.149
0.000208,-0.149
0.000212,-0.22349999999999998
0.000216,-0.149
0.00022,-0.149
0.000224,-0.149
0.000228,-0.149
0.000232,-0.149
0.000236,-0.149
0.00024,-0.22349999999999998
0.000244,-0.22349999999999998
0.000248,-0.149
0.000252,-0.149
0.000256,-0.149
0.00026,-0.22349999999999998
0.000264,-0.149
0.000268,-0.149
0.000272,-0.149
0.000276,-0.149
0.00028,-0.149
0.000284,-0.22349999999999998
0.000288,-0.22349999999999998
0.000292,-0.22349999999999998
0.000296,-0.149
0.0003,-0.149
0.000304,-0.22349999999999998
0.000308,-0.149
0.000312,-0.22349999999999998
0.000316,-0.149
0.00032,-0.149
0.000324,-0.149
0.000328,-0.149
0.000332,-0.22349999999999998
0.000336,-0.149
0.00034,-0.149
0.000344,-0.149
0.000348,-0.149
0.000352,-0.22349999999999998
0.000356,-0.149
0.00036,-0.149
0.000364,-0.22349999999999998
0.000368,-0.149
0.000372,-0.22349999999999998
0.000376,-0.149
0.00038,-0.149
0.000384,-0.22349999999999998
0.000388,-0.149
0.000392,-0.149
0.000396,-0.22349999999999998
0.0004,-0.149
0.000404,-0.22349999999999998
0.000408,-0.149
0.000412,-0.149
0.000416,-0.149
0.00042,-0.22349999999999998
0.000424,-0.149
0.000428,-0.149
0.000432,-0.149
0.000436,-0.149
0.00044,-0.22349999999999998
0.000444,-0.149
0.000448,-0.149
0.000452,-0.149
0.000456,-0.149
0.00046,-0.22349999999999998
0.000464,-0.149
0.000468,-0.149
0.000472,-0.22349999999999998
0.000476,-0.149
0.00048,-0.149
0.000484,-0.22349999999999998
0.000488,-0.149
0.000492,-0.149
0.000496,-0.149
0.0005,-0.149
0.000504,-0.149
0.000508,-0.149
0.000512,-0.149
0.000516,-0.149
0.00052,-0.149
0.000524,-0.22349999999999998
0.000528,-0.149
0.000532,-0.149
0.000536,-0.149
0.00054,-0.149
0.000544,-0.149
0.000548,-0.149
0.000552,-0.149
0.000556,-0.149
0.00056,-0.149
0.000564,-0.149
0.000568,-0.149
0.000572,-0.149
0.000576,-0.149
0.00058,-0.149
0.000584,-0.149
0.000588,-0.149
0.000592,-0.149
0.000596,-0.149
0.0006,-0.22349999999999998
0.000604,-0.149
0.000608,-0.149
0.000612,-0.22349999999999998
0.000616,-0.149
0.00062,-0.149
0.000624,-0.149
0.000628,-0.149
0.000632,-0.149
0.000636,-0.22349999999999998
0.00064,-0.149
0.000644,-0.149
0.000648,-0.149
0.000652,-0.149
0.000656,-0.149
0.00066,-0.149
0.000664,-0.22349999999999998
0.000668,-0.149
0.000672,-0.149
0.000676,-0.149
0.00068,-0.149
0.000684,-0.149
0.000688,-0.149
0.000692,-0.149
0.000696,-0.149
0.0007,-0.149
0.000704,-0.149
0.000708,-0.149
0.000712,-0.149
0.000716,-0.149
0.00072,-0.22349999999999998
0.000724,-0.149
0.000728,-0.149
0.000732,-0.149
0.000736,-0.149
0.00074,-0.149
0.000744,-0.149
0.000748,-0.149
0.000752,-0.149
0.000756,-0.149
0.00076,-0.149
0.000764,-0.149
0.000768,-0.149
0.000772,-0.149
0.000776,-0.149
0.00078,-0.149
0.000784,-0.149
0.000788,-0.149
0.000792,-0.22349999999999998
0.000796,-0.149
0.0008,-0.149
0.000804,-0.149
0.000808,-0.149
0.000812,-0.149
0.000816,-0.149
0.00082,-0.149
0.000824,-0.149
0.000828,-0.149
0.000832,-0.149
0.000836,-0.149
0.00084,-0.149
0.000844,-0.149
0.000848,-0.149
0.000852,-0.149
0.000856,-0.149
0.00086,-0.149
0.000864,-0.149
0.000868,-0.149
0.000872,-0.22349999999999998
0.000876,-0.149
0.00088,-0.22349999999999998
0.000884,-0.149
0.000888,-0.149
0.000892,-0.22349999999999998
0.000896,-0.22349999999999998
0.0009,-0.22349999999999998
0.000904,-0.149
0.000908,-0.149
0.000912,-0.149
0.000916,-0.149
0.00092,-0.149
0.000924,-0.149
0.000928,-0.149
0.000932,-0.149
0.000936,-0.149
0.00094,-0.149
0.000944,-0.149
0.000948,-0.149
0.000952,-0.149
0.000956,-0.149
0.00096,-0.149
0.000964,-0.22349999999999998
0.000968,-0.149
0.000972,-0.22349999999999998
0.000976,-0.149
0.00098,-0.149
0.000984,-0.149
0.000988,-0.149
0.000992,-0.149
0.000996,-0.22349999999999998
0.001,-0.22349999999999998
0.001004,-0.149
0.001008,-0.22349999999999998
0.001012,-0.149
0.001016,-0.149
0.00102,-0.149
0.001024,-0.149
0.001028,-0.149
0.001032,-0.149
0.001036,-0.149
0.00104,-0.149
0.001044,-0.22349999999999998
0.001048,-0.149
0.001052,-0.149
0.001056,-0.149
0.00106,-0.149
0.001064,-0.149
0.001068,-0.149
0.001072,-0.149
0.001076,-0.149
0.00108,-0.149
0.001084,-0.149
0.001088,-0.149
0.001092,-0.22349999999999998
0.001096,-0.149
0.0011,-0.149
0.001104,-0.149
0.001108,-0.149
0.001112,-0.149
0.001116,-0.149
0.00112,-0.149
0.001124,-0.149
0.001128,-0.22349999999999998
0.001132,-0.149
0.001136,-0.149
0.00114,-0.149
0.001144,-0.149
0.001148,-0.149
0.001152,-0.0745
0.001156,-0.149
0.00116,-0.149
0.001164,-0.22349999999999998
0.001168,-0.149
0.001172,-0.149
0.001176,-0.149
0.00118,-0.22349999999999998
0.001184,-0.22349999999999998
0.001188,-0.149
0.001192,-0.149
0.001196,-0.149
0.0012,-0.149
0.001204,-0.22349999999999998
0.001208,-0.149
0.001212,-0.149
0.001216,-0.22349999999999998
0.00122,-0.149
0.001224,-0.22349999999999998
0.001228,-0.149
0.001232,-0.149
0.001236,-0.22349999999999998
0.00124,-0.149
0.001244,-0.149
0.001248,-0.149
0.001252,-0.149
0.001256,-0.149
0.00126,-0.149
0.001264,-0.149
0.001268,-0.149
0.001272,-0.22349999999999998
0.001276,-0.149
0.00128,-0.22349999999999998
0.001284,-0.149
0.001288,-0.149
0.001292,-0.22349999999999998
0.001296,-0.149
0.0013,-0.22349999999999998
0.001304,-0.22349999999999998
0.001308,-0.149
0.001312,-0.149
0.001316,-0.149
0.00132,-0.149
0.001324,-0.149
0.001328,-0.149
0.001332,-0.149
0.001336,-0.149
0.00134,-0.149
0.001344,-0.22349999999999998
0.001348,-0.22349999999999998
0.001352,-0.149
0.001356,-0.22349999999999998
0.00136,-0.149
0.001364,-0.149
0.001368,-0.149
0.001372,-0.149
0.001376,-0.22349999999999998
0.00138,-0.149
0.001384,-0.149
0.001388,-0.149
0.001392,-0.149
0.001396,-0.149
0.0014,-0.149
0.001404,-0.22349999999999998
0.001408,-0.22349999999999998
0.001412,-0.149
0.001416,-0.22349999999999998
0.00142,-0.149
0.001424,-0.149
0.001428,-0.149
0.001432,-0.149
0.001436,-0.149
0.00144,-0.149
0.001444,-0.149
0.001448,-0.149
0.001452,-0.149
0.001456,-0.149
0.00146,-0.149
0.001464,-0.149
0.001468,-0.149
0.001472,-0.22349999999999998
0.001476,-0.149
0.00148,-0.149
0.001484,-0.149
0.001488,-0.22349999999999998
0.001492,-0.149
0.001496,-0.149
0.0015,-0.149
0.001504,-0.22349999999999998
0.001508,-0.149
0.001512,-0.149
0.001516,-0.149
0.00152,-0.149
0.001524,-0.149
0.001528,-0.149
0.001532,-0.0745
0.001536,-0.149
0.00154,-0.149
0.001544,-0.149
0.001548,-0.149
0.001552,-0.149
0.001556,-0.149
0.00156,-0.22349999999999998
0.001564,-0.149
0.001568,-0.149
0.001572,-0.149
0.001576,-0.22349999999999998
0.00158,-0.149
0.001584,-0.149
0.001588,-0.149
0.001592,-0.149
0.001596,-0.149
0.0016,-0.149
0.001604,-0.149
0.001608,-0.149
0.001612,-0.149
0.001616,-0.22349999999999998
0.00162,-0.149
0.001624,-0.149
0.001628,-0.149
0.001632,-0.149
0.001636,-0.149
0.00164,-0.22349999999999998
0.001644,-0.149
0.001648,-0.149
0.001652,-0.149
0.001656,-0.22349999999999998
0.00166,-0.22349999999999998
0.001664,-0.149
0.001668,-0.149
0.001672,-0.149
0.001676,-0.149
0.00168,-0.149
0.001684,-0.149
0.001688,-0.149
0.001692,-0.149
0.001696,-0.149
0.0017,-0.149
0.001704,-0.149
0.001708,-0.149
0.001712,-0.149
0.001716,-0.22349999999999998
0.00172,-0.149
0.001724,-0.149
0.001728,-0.149
0.001732,-0.149
0.001736,-0.149
0.00174,-0.149
0.001744,-0.22349999999999998
0.001748,-0.149
0.001752,-0.149
0.001756,-0.149
0.00176,-0.149
0.001764,-0.149
0.001768,-0.149
0.001772,-0.149
0.001776,-0.149
0.00178,-0.149
0.001784,-0.149
0.001788,-0.22349999999999998
0.001792,-0.22349999999999998
0.001796,-0.149
0.0018,-0.149
0.001804,-0.149
0.001808,-0.149
0.001812,-0.149
0.001816,-0.149
0.00182,-0.149
0.001824,-0.149
0.001828,-0.149
0.001832,-0.149
0.001836,-0.149
0.00184,-0.149
0.001844,-0.149
0.001848,-0.22349999999999998
0.001852,-0.149
0.001856,-0.149
0.00186,-0.149
0.001864,-0.149
0.001868,-0.149
0.001872,-0.149
0.001876,-0.149
0.00188,-0.149
0.001884,-0.149
0.001888,-0.149
0.001892,-0.149
0.001896,-0.149
0.0019,-0.149
0.001904,-0.149
0.001908,-0.22349999999999998
0.001912,-0.149
0.001916,-0.149
0.00192,-0.149
0.001924,-0.149
0.001928,-0.149
0.001932,-0.149
0.001936,-0.149
0.00194,-0.149
0.001944,-0.149
0.001948,-0.149
0.001952,-0.22349999999999998
0.001956,-0.149
0.00196,-0.149
0.001964,-0.149
0.001968,-0.149
0.001972,-0.149
0.001976,-0.149
0.00198,-0.149
0.001984,-0.149
0.001988,-0.149
0.001992,-0.149
0.001996,-0.22349999999999998
0.002,-0.149
0.002004,-0.149
0.002008,-0.149
0.002012,-0.149
0.002016,-0.149
0.00202,-0.22349999999999998
0.002024,-0.22349999999999998
0.002028,-0.149
0.002032,-0.149
0.002036,-0.149
0.00204,-0.149
0.002044,-0.149
0.002048,-0.149
0.002052,-0.149
0.002056,-0.149
0.00206,-0.22349999999999998
0.002064,-0.149
0.002068,-0.149
0.002072,-0.149
0.002076,-0.149
0.00208,-0.149
0.002084,-0.149
0.002088,-0.149
0.002092,-0.149
0.002096,-0.149
0.0021,-0.149
0.002104,-0.149
0.002108,-0.149
0.002112,-0.149
0.002116,-0.149
0.00212,-0.149
0.002124,-0.149
0.002128,-0.22349999999999998
0.002132,-0.149
0.002136,-0.149
0.00214,-0.149
0.002144,-0.149
0.002148,-0.149
0.002152,-0.149
0.002156,-0.149
0.00216,-0.149
0.002164,-0.149
0.002168,-0.149
0.002172,-0.149
0.002176,-0.149
0.00218,-0.149
0.002184,-0.149
0.002188,-0.149
0.002192,-0.149
0.002196,-0.149
0.0022,-0.22349999999999998
0.002204,-0.149
0.002208,-0.149
0.002212,-0.149
0.002216,-0.149
0.00222,-0.149
0.002224,-0.149
0.002228,-0.149
0.002232,-0.149
0.002236,-0.149
0.00224,-0.149
0.002244,-0.149
0.002248,-0.149
0.002252,-0.149
0.002256,-0.149
0.00226,-0.149
0.002264,-0.149
0.002268,-0.149
0.002272,-0.149
0.002276,-0.149
0.00228,-0.149
0.002284,-0.149
0.002288,-0.149
0.002292,-0.149
0.002296,-0.149
0.0023,-0.149
0.002304,-0.149
0.002308,-0.149
0.002312,-0.149
0.002316,-0.149
0.00232,-0.22349999999999998
0.002324,-0.149
0.002328,-0.149
0.002332,-0.149
0.002336,-0.22349999999999998
0.00234,-0.149
0.002344,-0.149
0.002348,-0.149
0.002352,-0.149
0.002356,-0.149
0.00236,-0.149
0.002364,-0.149
0.002368,-0.149
0.002372,-0.149
0.002376,-0.149
0.00238,-0.149
0.002384,-0.22349999999999998
0.002388,-0.22349999999999998
0.002392,-0.149
0.002396,-0.149
0.0024,-0.149
0.002404,-0.149
0.002408,-0.149
0.002412,-0.22349999999999998
0.002416,-0.22349999999999998
0.00242,-0.22349999999999998
0.002424,-0.22349999999999998
0.002428,-0.149
0.002432,-0.149
0.002436,-0.149
0.00244,-0.149
0.002444,-0.149
0.002448,-0.149
0.002452,-0.149
0.002456,-0.149
0.00246,-0.149
0.002464,-0.149
0.002468,-0.149
0.002472,-0.22349999999999998
0.002476,-0.149
0.00248,-0.149
0.002484,-0.22349999999999998
0.002488,-0.149
0.002492,-0.149
0.002496,-0.22349999999999998
0.0025,-0.149
0.002504,-0.149
0.002508,-0.149
0.002512,-0.149
0.002516,-0.149
0.00252,-0.149
0.002524,-0.22349999999999998
0.002528,-0.149
0.002532,-0.149
0.002536,-0.149
0.00254,-0.22349999999999998
0.002544,-0.22349999999999998
0.002548,-0.149
0.002552,-0.149
0.002556,-0.149
0.00256,-0.149
0.002564,-0.149
0.002568,-0.22349999999999998
0.002572,-0.149
0.002576,-0.149
0.00258,-0.149
0.002584,-0.149
0.002588,-0.149
0.002592,-0.149
0.002596,-0.149
0.0026,-0.149
0.002604,-0.149
0.002608,-0.149
0.002612,-0.149
0.002616,-0.149
0.00262,-0.149
0.002624,-0.22349999999999998
0.002628,-0.22349999999999998
0.002632,-0.149
0.002636,-0.149
0.00264,-0.149
0.002644,-0.149
0.002648,-0.149
0.002652,-0.149
0.002656,-0.149
0.00266,-0.22349999999999998
0.002664,-0.22349999999999998
0.002668,-0.149
0.002672,-0.149
0.002676,-0.22349999999999998
0.00268,-0.149
0.002684,-0.149
0.002688,-0.22349999999999998
0.002692,-0.149
0.002696,-0.149
0.0027,-0.149
0.002704,-0.149
0.002708,-0.149
0.002712,-0.149
0.002716,-0.149
0.00272,-0.149
0.002724,-0.149
0.002728,-0.149
0.002732,-0.149
0.002736,-0.149
0.00274,-0.149
0.002744,-0.149
0.002748,-0.149
0.002752,-0.149
0.002756,-0.149
0.00276,-0.149
0.002764,-0.149
0.002768,-0.22349999999999998
0.002772,-0.149
0.002776,-0.149
0.00278,-0.149
0.002784,-0.149
0.002788,-0.149
0.002792,-0.149
0.002796,-0.149
0.0028,-0.149
0.002804,-0.149
0.002808,-0.22349999999999998
0.002812,-0.149
0.002816,-0.22349999999999998
0.00282,-0.149
0.002824,-0.149
0.002828,-0.149
0.002832,-0.149
0.002836,-0.149
0.00284,-0.149
0.002844,-0.149
0.002848,-0.149
0.002852,-0.22349999999999998
0.002856,-0.149
0.00286,-0.149
0.002864,-0.22349999999999998
0.002868,-0.149
0.002872,-0.149
0.002876,-0.149
0.00288,-0.149
0.002884,-0.149
0.002888,-0.149
0.002892,-0.149
0.002896,-0.149
0.0029,-0.149
0.002904,-0.149
0.002908,-0.149
0.002912,-0.149
0.002916,-0.22349999999999998
0.00292,-0.22349999999999998
0.002924,-0.149
0.002928,-0.149
0.002932,-0.149
0.002936,-0.149
0.00294,-0.149
0.002944,-0.149
0.002948,-0.149
0.002952,-0.149
0.002956,-0.149
0.00296,-0.22349999999999998
0.002964,-0.22349999999999998
0.002968,-0.149
0.002972,-0.149
0.002976,-0.149
0.00298,-0.149
0.002984,-0.149
0.002988,-0.149
0.002992,-0.149
0.002996,-0.149
0.003,-0.149
0.003004,-0.149
0.003008,-0.149
0.003012,-0.22349999999999998
0.003016,-0.149
0.00302,-0.149
0.003024,-0.149
0.003028,-0.149
0.003032,-0.149
0.003036,-0.149
0.00304,-0.149
0.003044,-0.149
0.003048,-0.149
0.003052,-0.149
0.003056,-0.149
0.00306,-0.149
0.003064,-0.149
0.003068,-0.149
0.003072,-0.149
0.003076,-0.149
0.00308,-0.149
0.003084,-0.149
0.003088,-0.149
0.003092,-0.149
0.003096,-0.149
0.0031,-0.22349999999999998
0.003104,-0.149
0.003108,-0.149
0.003112,-0.149
0.003116,-0.149
0.00312,-0.149
0.003124,-0.149
0.003128,-0.149
0.003132,-0.149
0.003136,-0.149
0.00314,-0.22349999999999998
0.003144,-0.149
0.003148,-0.149
0.003152,-0.149
0.003156,-0.149
0.00316,-0.149
0.003164,-0.149
0.003168,-0.22349999999999998
0.003172,-0.149
0.003176,-0.149
0.00318,-0.149
0.003184,-0.149
0.003188,-0.22349999999999998
0.003192,-0.149
0.003196,-0.149
0.0032,-0.149
0.003204,-0.149
0.003208,-0.149
0.003212,-0.149
0.003216,-0.149
0.00322,-0.149
0.003224,-0.149
0.003228,-0.149
0.003232,-0.149
0.003236,-0.149
0.00324,-0.149
0.003244,-0.149
0.003248,-0.149
0.003252,-0.22349999999999998
0.003256,-0.149
0.00326,-0.149
0.003264,-0.149
0.003268,-0.149
0.003272,-0.22349999999999998
0.003276,-0.149
0.00328,-0.149
0.003284,-0.149
0.003288,-0.149
0.003292,-0.149
0.003296,-0.149
0.0033,-0.149
0.003304,-0.149
0.003308,-0.149
0.003312,-0.22349999999999998
0.003316,-0.149
0.00332,-0.149
0.003324,-0.149
0.003328,-0.149
0.003332,-0.149
0.003336,-0.149
0.00334,-0.149
0.003344,-0.22349999999999998
0.003348,-0.149
0.003352,-0.22349999999999998
0.003356,-0.149
0.00336,-0.149
0.003364,-0.149
0.003368,-0.149
0.003372,-0.149
0.003376,-0.149
0.00338,-0.22349999999999998
0.003384,-0.149
0.003388,-0.149
0.003392,-0.149
0.003396,-0.22349999999999998
0.0034,-0.149
0.003404,-0.149
0.003408,-0.22349999999999998
0.003412,-0.149
0.003416,-0.149
0.00342,-0.22349999999999998
0.003424,-0.149
0.003428,-0.149
0.003432,-0.149
0.003436,-0.149
0.00344,-0.149
0.003444,-0.22349999999999998
0.003448,-0.149
0.003452,-0.149
0.003456,-0.149
0.00346,-0.149
0.003464,-0.149
0.003468,-0.149
0.003472,-0.149
0.003476,-0.22349999999999998
0.00348,-0.149
0.003484,-0.149
0.003488,-0.149
0.003492,-0.22349999999999998
0.003496,-0.149
0.0035,-0.149
0.003504,-0.149
0.003508,-0.149
0.003512,-0.149
0.003516,-0.149
0.00352,-0.149
0.003524,-0.149
0.003528,-0.149
0.003532,-0.22349999999999998
0.003536,-0.149
0.00354,-0.149
0.003544,-0.149
0.003548,-0.22349999999999998
0.003552,-0.149
0.003556,-0.149
0.00356,-0.149
0.003564,-0.149
0.003568,-0.149
0.003572,-0.149
0.003576,-0.22349999999999998
0.00358,-0.149
0.003584,-0.149
0.003588,-0.149
0.003592,-0.149
0.003596,-0.149
0.0036,-0.149
0.003604,-0.149
0.003608,-0.149
0.003612,-0.149
0.003616,-0.149
0.00362,-0.149
0.003624,-0.149
0.003628,-0.149
0.003632,-0.149
0.003636,-0.149
0.00364,-0.149
0.003644,-0.149
0.003648,-0.149
0.003652,-0.22349999999999998
0.003656,-0.0745
0.00366,-0.149
0.003664,-0.22349999999999998
0.003668,-0.149
0.003672,-0.149
0.003676,-0.149
0.00368,-0.149
0.003684,-0.149
0.003688,-0.149
0.003692,-0.149
0.003696,-0.149
0.0037,-0.149
0.003704,-0.149
0.003708,-0.149
0.003712,-0.149
0.003716,-0.149
0.00372,-0.149
0.003724,-0.149
0.003728,-0.22349999999999998
0.003732,-0.149
0.003736,-0.149
0.00374,-0.149
0.003744,-0.149
0.003748,-0.149
0.003752,-0.149
0.003756,-0.149
0.00376,-0.149
0.003764,-0.149
0.003768,-0.149
0.003772,-0.149
0.003776,-0.149
0.00378,-0.149
0.003784,-0.149
0.003788,-0.149
0.003792,-0.22349999999999998
0.003796,-0.149
0.0038,-0.149
0.003804,-0.149
0.003808,-0.149
0.003812,-0.149
0.003816,-0.149
0.00382,-0.149
0.003824,-0.149
0.003828,-0.149
0.003832,-0.149
0.003836,-0.149
0.00384,-0.149
0.003844,-0.149
0.003848,-0.149
0.003852,-0.22349999999999998
0.003856,-0.22349999999999998
0.00386,-0.149
0.003864,-0.149
0.003868,-0.149
0.003872,-0.149
0.003876,-0.149
0.00388,-0.149
0.003884,-0.149
0.003888,-0.149
0.003892,-0.149
0.003896,-0.149
0.0039,-0.149
0.003904,-0.22349999999999998
0.003908,-0.149
0.003912,-0.149
0.003916,-0.149
0.00392,-0.149
0.003924,-0.149
0.003928,-0.149
0.003932,-0.149
0.003936,-0.149
0.00394,-0.149
0.003944,-0.149
0.003948,-0.149
0.003952,-0.149
0.003956,-0.149
0.00396,-0.149
0.003964,-0.149
0.003968,-0.149
0.003972,-0.149
0.003976,-0.149
0.00398,-0.149
0.003984,-0.149
0.003988,-0.149
0.003992,-0.149
0.003996,-0.149
0.004,-0.149
0.004004,-0.149
0.004008,-0.149
0.004012,-0.149
0.004016,-0.149
0.00402,-0.149
0.004024,-0.22349999999999998
0.004028,-0.149
0.004032,-0.149
0.004036,-0.149
0.00404,-0.149
0.004044,-0.149
0.004048,-0.149
0.004052,-0.149
0.004056,-0.22349999999999998
0.00406,-0.149
0.004064,-0.22349999999999998
0.004068,-0.149
0.004072,-0.149
0.004076,-0.149
0.00408,-0.149
0.004084,-0.149
0.004088,-0.149
0.004092,-0.149
0.004096,-0.149
0.0041,-0.149
0.004104,-0.149
0.004108,-0.22349999999999998
0.004112,-0.22349999999999998
0.004116,-0.149
0.00412,-0.149
0.004124,-0.149
0.004128,-0.22349999999999998
0.004132,-0.149
0.004136,-0.22349999999999998
0.00414,-0.149
0.004144,-0.149
0.004148,-0.149
0.004152,-0.149
0.004156,-0.22349999999999998
0.00416,-0.149
0.004164,-0.149
0.004168,-0.149
0.004172,-0.149
0.004176,-0.22349999999999998
0.00418,-0.149
0.004184,-0.149
0.004188,-0.22349999999999998
0.004192,-0.149
0.004196,-0.149
0.0042,-0.22349999999999998
0.004204,-0.149
0.004208,-0.149
0.004212,-0.149
0.004216,-0.149
0.00422,-0.149
0.004224,-0.149
0.004228,-0.22349999999999998
0.004232,-0.22349999999999998
0.004236,-0.149
0.00424,-0.149
0.004244,-0.149
0.004248,-0.149
0.004252,-0.149
0.004256,-0.149
0.00426,-0.149
0.004264,-0.149
0.004268,-0.149
0.004272,-0.149
0.004276,-0.149
0.00428,-0.22349999999999998
0.004284,-0.149
0.004288,-0.22349999999999998
0.004292,-0.149
0.004296,-0.149
0.0043,-0.149
0.004304,-0.149
0.004308,-0.149
0.004312,-0.149
0.004316,-0.149
0.00432,-0.149
0.004324,-0.22349999999999998
0.004328,-0.149
0.004332,-0.149
0.004336,-0.149
0.00434,-0.149
0.004344,-0.149
0.004348,-0.149
0.004352,-0.149
0.004356,-0.22349999999999998
0.00436,-0.149
0.004364,-0.149
0.004368,-0.149
0.004372,-0.22349999999999998
0.004376,-0.149
0.00438,-0.149
0.004384,-0.149
0.004388,-0.22349999999999998
0.004392,-0.149
0.004396,-0.149
0.0044,-0.149
0.004404,-0.149
0.004408,-0.149
0.004412,-0.149
0.004416,-0.149
0.00442,-0.149
0.004424,-0.149
0.004428,-0.149
0.004432,-0.149
0.004436,-0.149
0.00444,-0.149
0.004444,-0.149
0.004448,-0.149
0.004452,-0.149
0.004456,-0.22349999999999998
0.00446,-0.149
0.004464,-0.149
0.004468,-0.149
0.004472,-0.149
0.004476,-0.149
0.00448,-0.149
0.004484,-0.149
0.004488,-0.149
0.004492,-0.149
0.004496,-0.22349999999999998
0.0045,-0.149
0.004504,-0.149
0.004508,-0.149
0.004512,-0.149
0.004516,-0.149
0.00452,-0.149
0.004524,-0.149
0.004528,-0.149
0.004532,-0.149
0.004536,-0.22349999999999998
0.00454,-0.149
0.004544,-0.22349999999999998
0.004548,-0.149
0.004552,-0.149
0.004556,-0.22349999999999998
0.00456,-0.149
0.004564,-0.149
0.004568,-0.149
0.004572,-0.149
0.004576,-0.149
0.00458,-0.149
0.004584,-0.149
0.004588,-0.149
0.004592,-0.149
0.004596,-0.149
0.0046,-0.149
0.004604,-0.149
0.004608,-0.149
0.004612,-0.149
0.004616,-0.149
0.00462,-0.22349999999999998
0.004624,-0.149
0.004628,-0.22349999999999998
0.004632,-0.22349999999999998
0.004636,-0.149
0.00464,-0.149
0.004644,-0.149
0.004648,-0.149
0.004652,-0.149
0.004656,-0.22349999999999998
0.00466,-0.149
0.004664,-0.149
0.004668,-0.149
0.004672,-0.149
0.004676,-0.22349999999999998
0.00468,-0.149
0.004684,-0.149
0.004688,-0.22349999999999998
0.004692,-0.149
0.004696,-0.149
0.0047,-0.149
0.004704,-0.149
0.004708,-0.149
0.004712,-0.149
0.004716,-0.149
0.00472,-0.149
0.004724,-0.22349999999999998
0.004728,-0.149
0.004732,-0.22349999999999998
0.004736,-0.149
0.00474,-0.149
0.004744,-0.149
0.004748,-0.149
0.004752,-0.149
0.004756,-0.149
0.00476,-0.149
0.004764,-0.149
0.004768,-0.149
0.004772,-0.22349999999999998
0.004776,-0.22349999999999998
0.00478,-0.149
0.004784,-0.149
0.004788,-0.149
0.004792,-0.149
0.004796,-0.149
0.0048,-0.149
0.004804,-0.149
0.004808,-0.149
0.004812,-0.149
0.004816,-0.149
0.00482,-0.149
0.004824,-0.149
0.004828,-0.22349999999999998
0.004832,-0.149
0.004836,-0.149
0.00484,-0.22349999999999998
0.004844,-0.149
0.004848,-0.149
0.004852,-0.149
0.004856,-0.149
0.00486,-0.149
0.004864,-0.149
0.004868,-0.149
0.004872,-0.22349999999999998
0.004876,-0.149
0.00488,-0.22349999999999998
0.004884,-0.149
0.004888,-0.149
0.004892,-0.149
0.004896,-0.149
0.0049,-0.149
0.004904,-0.149
0.004908,-0.0745
0.004912,-0.149
0.004916,-0.149
0.00492,-0.149
0.004924,-0.149
0.004928,-0.149
0.004932,-0.149
0.004936,-0.149
0.00494,-0.149
0.004944,-0.149
0.004948,-0.149
0.004952,-0.149
0.004956,-0.149
0.00496,-0.149
0.004964,-0.149
0.004968,-0.22349999999999998
0.004972,-0.22349999999999998
0.004976,-0.22349999999999998
0.00498,-0.149
0.004984,-0.149
0.004988,-0.149
0.004992,-0.22349999999999998
0.004996,-0.149
0.005,-0.149
0.005004,-0.149
0.005008,-0.149
0.005012,-0.149
0.005016,-0.149
0.00502,-0.149
0.005024,-0.149
0.005028,-0.149
0.005032,-0.149
0.005036,-0.149
0.00504,-0.149
0.005044,-0.22349999999999998
0.005048,-0.149
0.005052,-0.22349999999999998
0.005056,-0.0745
0.00506,-0.149
0.005064,-0.149
0.005068,-0.149
0.005072,-0.149
0.005076,-0.149
0.00508,-0.149
0.005084,-0.149
0.005088,-0.149
0.005092,-0.149
0.005096,-0.149
0.0051,-0.149
0.005104,-0.149
0.005108,-0.149
0.005112,-0.149
0.005116,-0.149
0.00512,-0.149
0.005124,-0.149
0.005128,-0.149
0.005132,-0.149
0.005136,-0.149
0.00514,-0.22349999999999998
0.005144,-0.22349999999999998
0.005148,-0.149
0.005152,-0.149
0.005156,-0.149
0.00516,-0.149
0.005164,-0.149
0.005168,-0.149
0.005172,-0.149
0.005176,-0.149
0.00518,-0.149
0.005184,-0.149
0.005188,-0.149
0.005192,-0.22349999999999998
0.005196,-0.149
0.0052,-0.149
0.005204,-0.149
0.005208,-0.149
0.005212,-0.149
0.005216,-0.149
0.00522,-0.149
0.005224,-0.149
0.005228,-0.149
0.005232,-0.149
0.005236,-0.149
0.00524,-0.149
0.005244,-0.149
0.005248,-0.22349999999999998
0.005252,-0.149
0.005256,-0.149
0.00526,-0.149
0.005264,-0.149
0.005268,-0.149
0.005272,-0.149
0.005276,-0.149
0.00528,-0.149
0.005284,-0.149
0.005288,-0.22349999999999998
0.005292,-0.149
0.005296,-0.149
0.0053,-0.149
0.005304,-0.22349999999999998
0.005308,-0.149
0.005312,-0.149
0.005316,-0.149
0.00532,-0.149
0.005324,-0.22349999999999998
0.005328,-0.149
0.005332,-0.149
0.005336,-0.149
0.00534,-0.149
0.005344,-0.149
0.005348,-0.149
0.005352,-0.149
0.005356,-0.149
0.00536,-0.149
0.005364,-0.149
0.005368,-0.149
0.005372,-0.149
0.005376,-0.149
0.00538,-0.149
0.005384,-0.22349999999999998
0.005388,-0.149
0.005392,-0.149
0.005396,-0.149
0.0054,-0.22349999999999998
0.005404,-0.149
0.005408,-0.149
0.005412,-0.149
0.005416,-0.149
0.00542,-0.149
0.005424,-0.149
0.005428,-0.149
0.005432,-0.149
0.005436,-0.149
0.00544,-0.149
0.005444,-0.149
0.005448,-0.149
0.005452,-0.22349999999999998
0.005456,-0.22349999999999998
0.00546,-0.149
0.005464,-0.149
0.005468,-0.149
0.005472,-0.149
0.005476,-0.149
0.00548,-0.22349999999999998
0.005484,-0.149
0.005488,-0.149
0.005492,-0.149
0.005496,-0.149
0.0055,-0.149
0.005504,-0.149
0.005508,-0.149
0.005512,-0.149
0.005516,-0.22349999999999998
0.00552,-0.149
0.005524,-0.149
0.005528,-0.0745
0.005532,-0.149
0.005536,-0.149
0.00554,-0.149
0.005544,-0.149
0.005548,-0.149
0.005552,-0.22349999999999998
0.005556,-0.22349999999999998
0.00556,-0.22349999999999998
0.005564,-0.149
0.005568,-0.149
0.005572,-0.149
0.005576,-0.149
0.00558,-0.22349999999999998
0.005584,-0.149
0.005588,-0.149
0.005592,-0.149
0.005596,-0.149
0.0056,-0.149
0.005604,-0.149
0.005608,-0.149
0.005612,-0.149
0.005616,-0.22349999999999998
0.00562,-0.149
0.005624,-0.149
0.005628,-0.149
0.005632,-0.149
0.005636,-0.149
0.00564,-0.22349999999999998
0.005644,-0.149
0.005648,-0.149
0.005652,-0.22349999999999998
0.005656,-0.149
0.00566,-0.149
0.005664,-0.149
0.005668,-0.149
0.005672,-0.22349999999999998
0.005676,-0.149
0.00568,-0.149
0.005684,-0.149
0.005688,-0.149
0.005692,-0.149
0.005696,-0.22349999999999998
0.0057,-0.149
0.005704,-0.149
0.005708,-0.149
0.005712,-0.149
0.005716,-0.149
0.00572,-0.149
0.005724,-0.22349999999999998
0.005728,-0.149
0.005732,-0.149
0.005736,-0.149
0.00574,-0.149
0.005744,-0.149
0.005748,-0.149
0.005752,-0.149
0.005756,-0.149
0.00576,-0.149
0.005764,-0.149
0.005768,-0.149
0.005772,-0.149
0.005776,-0.149
0.00578,-0.149
0.005784,-0.149
0.005788,-0.149
0.005792,-0.22349999999999998
0.005796,-0.149
0.0058,-0.149
0.005804,-0.22349999999999998
0.005808,-0.149
0.005812,-0.149
0.005816,-0.149
0.00582,-0.149
0.005824,-0.149
0.005828,-0.149
0.005832,-0.149
0.005836,-0.149
0.00584,-0.149
0.005844,-0.149
0.005848,-0.149
0.005852,-0.22349999999999998
0.005856,-0.22349999999999998
0.00586,-0.22349999999999998
0.005864,-0.149
0.005868,-0.149
0.005872,-0.149
0.005876,-0.149
0.00588,-0.149
0.005884,-0.149
0.005888,-0.149
0.005892,-0.149
0.005896,-0.149
0.0059,-0.149
0.005904,-0.149
0.005908,-0.149
0.005912,-0.149
0.005916,-0.149
0.00592,-0.149
0.005924,-0.149
0.005928,-0.149
0.005932,-0.149
0.005936,-0.149
0.00594,-0.149
0.005944,-0.149
0.005948,-0.149
0.005952,-0.149
0.005956,-0.149
0.00596,-0.149
0.005964,-0.149
0.005968,-0.149
0.005972,-0.149
0.005976,-0.149
0.00598,-0.149
0.005984,-0.149
0.005988,-0.149
0.005992,-0.149
0.005996,-0.149
0.006,-0.149
0.006004,-0.149
0.006008,-0.149
0.006012,-0.149
0.006016,-0.149
0.00602,-0.149
0.006024,-0.149
0.006028,-0.149
0.006032,-0.149
0.006036,-0.22349999999999998
0.00604,-0.149
0.006044,-0.149
0.006048,-0.149
0.006052,-0.149
0.006056,-0.149
0.00606,-0.149
0.006064,-0.149
0.006068,-0.149
0.006072,-0.149
0.006076,-0.149
0.00608,-0.149
0.006084,-0.149
0.006088,-0.149
0.006092,-0.149
0.006096,-0.22349999999999998
0.0061,-0.149
0.006104,-0.149
0.006108,-0.149
0.006112,-0.22349999999999998
0.006116,-0.149
0.00612,-0.149
0.006124,-0.22349999999999998
0.006128,-0.149
0.006132,-0.149
0.006136,-0.22349999999999998
0.00614,-0.149
0.006144,-0.149
0.006148,-0.149
0.006152,-0.149
0.006156,-0.149
0.00616,-0.149
0.006164,-0.149
0.006168,-0.149
0.006172,-0.149
0.006176,-0.149
0.00618,-0.149
0.006184,-0.149
0.006188,-0.149
0.006192,-0.149
0.006196,-0.149
0.0062,-0.149
0.006204,-0.22349999999999998
0.006208,-0.149
0.006212,-0.22349999999999998
0.006216,-0.149
0.00622,-0.22349999999999998
0.006224,-0.149
0.006228,-0.149
0.006232,-0.149
0.006236,-0.149
0.00624,-0.149
0.006244,-0.149
0.006248,-0.149
0.006252,-0.149
0.006256,-0.149
0.00626,-0.149
0.006264,-0.149
0.006268,-0.149
0.006272,-0.149
0.006276,-0.22349999999999998
0.00628,-0.149
0.006284,-0.149
0.006288,-0.149
0.006292,-0.149
0.006296,-0.22349999999999998
0.0063,-0.149
0.006304,-0.149
0.006308,-0.149
0.006312,-0.149
0.006316,-0.149
0.00632,-0.149
0.006324,-0.22349999999999998
0.006328,-0.22349999999999998
0.006332,-0.149
0.006336,-0.22349999999999998
0.00634,-0.149
0.006344,-0.149
0.006348,-0.149
0.006352,-0.149
0.006356,-0.149
0.00636,-0.149
0.006364,-0.149
0.006368,-0.149
0.006372,-0.149
0.006376,-0.149
0.00638,-0.149
0.006384,-0.22349999999999998
0.006388,-0.22349999999999998
0.006392,-0.149
0.006396,-0.149
0.0064,-0.149
0.006404,-0.149
0.006408,-0.149
0.006412,-0.149
0.006416,-0.149
0.00642,-0.149
0.006424,-0.149
0.006428,-0.22349999999999998
0.006432,-0.149
0.006436,-0.149
0.00644,-0.149
0.006444,-0.149
0.006448,-0.149
0.006452,-0.149
0.006456,-0.149
0.00646,-0.149
0.006464,-0.22349999999999998
0.006468,-0.149
0.006472,-0.149
0.006476,-0.149
0.00648,-0.149
0.006484,-0.22349999999999998
0.006488,-0.149
0.006492,-0.149
0.006496,-0.149
0.0065,-0.149
0.006504,-0.149
0.006508,-0.149
0.006512,-0.149
0.006516,-0.149
0.00652,-0.149
0.006524,-0.149
0.006528,-0.149
0.006532,-0.149
0.006536,-0.149
0.00654,-0.22349999999999998
0.006544,-0.22349999999999998
0.006548,-0.149
0.006552,-0.149
0.006556,-0.149
0.00656,-0.149
0.006564,-0.149
0.006568,-0.22349999999999998
0.006572,-0.149
0.006576,-0.22349999999999998
0.00658,-0.149
0.006584,-0.149
0.006588,-0.149
0.006592,-0.149
0.006596,-0.149
0.0066,-0.149
0.006604,-0.149
0.006608,-0.22349999999999998
0.006612,-0.149
0.006616,-0.149
0.00662,-0.149
0.006624,-0.149
0.006628,-0.149
0.006632,-0.149
0.006636,-0.149
0.00664,-0.22349999999999998
0.006644,-0.22349999999999998
0.006648,-0.149
0.006652,-0.149
0.006656,-0.149
0.00666,-0.149
0.006664,-0.22349999999999998
0.006668,-0.149
0.006672,-0.149
0.006676,-0.149
0.00668,-0.149
0.006684,-0.149
0.006688,-0.149
0.006692,-0.149
0.006696,-0.149
0.0067,-0.149
0.006704,-0.149
0.006708,-0.149
0.006712,-0.149
0.006716,-0.22349999999999998
0.00672,-0.149
0.006724,-0.149
0.006728,-0.149
0.006732,-0.149
0.006736,-0.149
0.00674,-0.149
0.006744,-0.149
0.006748,-0.149
0.006752,-0.149
0.006756,-0.149
0.00676,-0.149
0.006764,-0.149
0.006768,-0.22349999999999998
0.006772,-0.149
0.006776,-0.149
0.00678,-0.149
0.006784,-0.149
0.006788,-0.22349999999999998
0.006792,-0.22349999999999998
0.006796,-0.149
0.0068,-0.149
0.006804,-0.149
0.006808,-0.149
0.006812,-0.149
0.006816,-0.149
0.00682,-0.22349999999999998
0.006824,-0.149
0.006828,-0.149
0.006832,-0.149
0.006836,-0.149
0.00684,-0.149
0.006844,-0.149
0.006848,-0.149
0.006852,-0.149
0.006856,-0.149
0.00686,-0.149
0.006864,-0.149
0.006868,-0.149
0.006872,-0.149
0.006876,-0.149
0.00688,-0.149
0.006884,-0.149
0.006888,-0.149
0.006892,-0.149
0.006896,-0.149
0.0069,-0.149
0.006904,-0.149
0.006908,-0.149
0.006912,-0.149
0.006916,-0.149
0.00692,-0.22349999999999998
0.006924,-0.149
0.006928,-0.22349999999999998
0.006932,-0.149
0.006936,-0.149
0.00694,-0.149
0.006944,-0.149
0.006948,-0.149
0.006952,-0.149
0.006956,-0.22349999999999998
0.00696,-0.149
0.006964,-0.149
0.006968,-0.149
0.006972,-0.149
0.006976,-0.149
0.00698,-0.149
0.006984,-0.22349999999999998
0.006988,-0.149
0.006992,-0.149
0.006996,-0.149
0.007,-0.149
0.007004,-0.149
0.007008,-0.149
0.007012,-0.149
0.007016,-0.149
0.00702,-0.149
0.007024,-0.149
0.007028,-0.149
0.007032,-0.149
0.007036,-0.149
0.00704,-0.22349999999999998
0.007044,-0.149
0.007048,-0.149
0.007052,-0.149
0.007056,-0.149
0.00706,-0.149
0.007064,-0.149
0.007068,-0.149
0.007072,-0.149
0.007076,-0.149
0.00708,-0.149
0.007084,-0.149
0.007088,-0.149
0.007092,-0.149
0.007096,-0.149
0.0071,-0.149
0.007104,-0.149
0.007108,-0.149
0.007112,-0.149
0.007116,-0.149
0.00712,-0.22349999999999998
0.007124,-0.149
0.007128,-0.149
0.007132,-0.149
0.007136,-0.149
0.00714,-0.149
0.007144,-0.149
0.007148,-0.149
0.007152,-0.149
0.007156,-0.149
0.00716,-0.149
0.007164,-0.22349999999999998
0.007168,-0.149
0.007172,-0.22349999999999998
0.007176,-0.149
0.00718,-0.149
0.007184,-0.22349999999999998
0.007188,-0.149
0.007192,-0.149
0.007196,-0.149
0.0072,-0.149
0.007204,-0.149
0.007208,-0.149
0.007212,-0.149
0.007216,-0.149
0.00722,-0.149
0.007224,-0.22349999999999998
0.007228,-0.149
0.007232,-0.149
0.007236,-0.149
0.00724,-0.149
0.007244,-0.149
0.007248,-0.149
0.007252,-0.149
0.007256,-0.149
0.00726,-0.22349999999999998
0.007264,-0.149
0.007268,-0.149
0.007272,-0.22349999999999998
0.007276,-0.149
0.00728,-0.149
0.007284,-0.149
0.007288,-0.149
0.007292,-0.149
0.007296,-0.149
0.0073,-0.149
0.007304,-0.149
0.007308,-0.149
0.007312,-0.149
0.007316,-0.149
0.00732,-0.149
0.007324,-0.149
0.007328,-0.149
0.007332,-0.22349999999999998
0.007336,-0.149
0.00734,-0.149
0.007344,-0.149
0.007348,-0.22349999999999998
0.007352,-0.149
0.007356,-0.149
0.00736,-0.149
0.007364,-0.22349999999999998
0.007368,-0.149
0.007372,-0.149
0.007376,-0.149
0.00738,-0.149
0.007384,-0.149
0.007388,-0.149
0.007392,-0.22349999999999998
0.007396,-0.149
0.0074,-0.149
0.007404,-0.149
0.007408,-0.149
0.007412,-0.149
0.007416,-0.149
0.00742,-0.149
0.007424,-0.22349999999999998
0.007428,-0.22349999999999998
0.007432,-0.149
0.007436,-0.149
0.00744,-0.149
0.007444,-0.22349999999999998
0.007448,-0.149
0.007452,-0.149
0.007456,-0.149
0.00746,-0.22349999999999998
0.007464,-0.149
0.007468,-0.22349999999999998
0.007472,-0.149
0.007476,-0.149
0.00748,-0.149
0.007484,-0.22349999999999998
0.007488,-0.22349999999999998
0.007492,-0.149
0.007496,-0.149
0.0075,-0.149
0.007504,-0.149
0.007508,-0.149
0.007512,-0.149
0.007516,-0.149
0.00752,-0.149
0.007524,-0.149
0.007528,-0.149
0.007532,-0.149
0.007536,-0.149
0.00754,-0.149
0.007544,-0.149
0.007548,-0.22349999999999998
0.007552,-0.149
0.007556,-0.149
0.00756,-0.149
0.007564,-0.149
0.007568,-0.22349999999999998
0.007572,-0.22349999999999998
0.007576,-0.149
0.00758,-0.22349999999999998
0.007584,-0.149
0.007588,-0.149
0.007592,-0.149
0.007596,-0.149
0.0076,-0.149
0.007604,-0.22349999999999998
0.007608,-0.149
0.007612,-0.22349999999999998
0.007616,-0.149
0.00762,-0.149
0.007624,-0.149
0.007628,-0.149
0.007632,-0.22349999999999998
0.007636,-0.149
0.00764,-0.149
0.007644,-0.149
0.007648,-0.149
0.007652,-0.22349999999999998
0.007656,-0.22349999999999998
0.00766,-0.22349999999999998
0.007664,-0.149
0.007668,-0.149
0.007672,-0.149
0.007676,-0.149
0.00768,-0.149
0.007684,-0.149
0.007688,-0.22349999999999998
0.007692,-0.149
0.007696,-0.149
0.0077,-0.149
0.007704,-0.149
0.007708,-0.149
0.007712,-0.149
0.007716,-0.22349999999999998
0.00772,-0.149
0.007724,-0.149
0.007728,-0.149
0.007732,-0.149
0.007736,-0.149
0.00774,-0.149
0.007744,-0.149
0.007748,-0.149
0.007752,-0.149
0.007756,-0.149
0.00776,-0.22349999999999998
0.007764,-0.149
0.007768,-0.149
0.007772,-0.149
0.007776,-0.149
0.00778,-0.149
0.007784,-0.22349999999999998
0.007788,-0.22349999999999998
0.007792,-0.149
0.007796,-0.149
0.0078,-0.149
0.007804,-0.149
0.007808,-0.149
0.007812,-0.149
0.007816,-0.149
0.00782,-0.22349999999999998
0.007824,-0.149
0.007828,-0.149
0.007832,-0.22349999999999998
0.007836,-0.22349999999999998
0.00784,-0.149
0.007844,-0.149
0.007848,-0.149
0.007852,-0.149
0.007856,-0.149
0.00786,-0.22349999999999998
0.007864,-0.22349999999999998
0.007868,-0.149
0.007872,-0.149
0.007876,-0.149
0.00788,-0.149
0.007884,-0.149
0.007888,-0.149
0.007892,-0.149
0.007896,-0.22349999999999998
0.0079,-0.149
0.007904,-0.149
0.007908,-0.149
0.007912,-0.149
0.007916,-0.149
0.00792,-0.149
0.007924,-0.149
0.007928,-0.149
0.007932,-0.149
0.007936,-0.149
0.00794,-0.149
0.007944,-0.149
0.007948,-0.149
0.007952,-0.22349999999999998
0.007956,-0.22349999999999998
0.00796,-0.149
0.007964,-0.149
0.007968,-0.149
0.007972,-0.149
0.007976,-0.149
0.00798,-0.149
0.007984,-0.149
0.007988,-0.149
0.007992,-0.22349999999999998
0.007996,-0.149
0.008,-0.149
0.008004,-0.149
0.008008,-0.149
0.008012,-0.149
0.008016,-0.149
0.00802,-0.149
0.008024,-0.149
0.008028,-0.22349999999999998
0.008032,-0.149
0.008036,-0.149
0.00804,-0.149
0.008044,-0.149
0.008048,-0.22349999999999998
0.008052,-0.149
0.008056,-0.149
0.00806,-0.149
0.008064,-0.149
0.008068,-0.149
0.008072,-0.149
0.008076,-0.149
0.00808,-0.149
0.008084,-0.22349999999999998
0.008088,-0.149
0.008092,-0.149
0.008096,-0.149
0.0081,-0.149
0.008104,-0.149
0.008108,-0.149
0.008112,-0.149
0.008116,-0.149
0.00812,-0.149
0.008124,-0.149
0.008128,-0.0745
0.008132,-0.0745
0.008136,-0.149
0.00814,-0.149
0.008144,-0.149
0.008148,-0.149
0.008152,-0.22349999999999998
0.008156,-0.149
0.00816,-0.149
0.008164,-0.149
0.008168,-0.22349999999999998
0.008172,-0.149
0.008176,-0.149
0.00818,-0.149
0.008184,-0.149
0.008188,-0.149
0.008192,-0.149
0.008196,-0.149
0.0082,-0.149
0.008204,-0.149
0.008208,-0.149
0.008212,-0.149
0.008216,-0.149
0.00822,-0.149
0.008224,-0.149
0.008228,-0.149
0.008232,-0.149
0.008236,-0.149
0.00824,-0.149
0.008244,-0.149
0.008248,-0.149
0.008252,-0.149
0.008256,-0.22349999999999998
0.00826,-0.149
0.008264,-0.149
0.008268,-0.149
0.008272,-0.149
0.008276,-0.149
0.00828,-0.149
0.008284,-0.149
0.008288,-0.149
0.008292,-0.149
0.008296,-0.149
0.0083,-0.22349999999999998
0.008304,-0.149
0.008308,-0.149
0.008312,-0.149
0.008316,-0.149
0.00832,-0.149
0.008324,-0.149
0.008328,-0.149
0.008332,-0.149
0.008336,-0.149
0.00834,-0.149
0.008344,-0.149
0.008348,-0.149
0.008352,-0.149
0.008356,-0.149
0.00836,-0.22349999999999998
0.008364,-0.22349999999999998
0.008368,-0.149
0.008372,-0.149
0.008376,-0.149
0.00838,-0.149
0.008384,-0.149
0.008388,-0.22349999999999998
0.008392,-0.149
0.008396,-0.149
0.0084,-0.149
0.008404,-0.149
0.008408,-0.149
0.008412,-0.149
0.008416,-0.149
0.00842,-0.149
0.008424,-0.149
0.008428,-0.149
0.008432,-0.149
0.008436,-0.149
0.00844,-0.149
0.008444,-0.149
0.008448,-0.149
0.008452,-0.149
0.008456,-0.149
0.00846,-0.149
0.008464,-0.149
0.008468,-0.149
0.008472,-0.149
0.008476,-0.22349999999999998
0.00848,-0.22349999999999998
0.008484,-0.149
0.008488,-0.149
0.008492,-0.22349999999999998
0.008496,-0.149
0.0085,-0.149
0.008504,-0.149
0.008508,-0.22349999999999998
0.008512,-0.149
0.008516,-0.149
0.00852,-0.149
0.008524,-0.149
0.008528,-0.149
0.008532,-0.149
0.008536,-0.149
0.00854,-0.149
0.008544,-0.22349999999999998
0.008548,-0.149
0.008552,-0.149
0.008556,-0.149
0.00856,-0.149
0.008564,-0.22349999999999998
0.008568,-0.149
0.008572,-0.149
0.008576,-0.22349999999999998
0.00858,-0.149
0.008584,-0.149
0.008588,-0.149
0.008592,-0.149
0.008596,-0.149
0.0086,-0.149
0.008604,-0.22349999999999998
0.008608,-0.149
0.008612,-0.149
0.008616,-0.149
0.00862,-0.149
0.008624,-0.149
0.008628,-0.149
0.008632,-0.149
0.008636,-0.149
0.00864,-0.149
0.008644,-0.149
0.008648,-0.22349999999999998
0.008652,-0.149
0.008656,-0.22349999999999998
0.00866,-0.149
0.008664,-0.149
0.008668,-0.149
0.008672,-0.149
0.008676,-0.149
0.00868,-0.149
0.008684,-0.149
0.008688,-0.22349999999999998
0.008692,-0.22349999999999998
0.008696,-0.149
0.0087,-0.149
0.008704,-0.149
0.008708,-0.149
0.008712,-0.149
0.008716,-0.149
0.00872,-0.22349999999999998
0.008724,-0.149
0.008728,-0.149
0.008732,-0.149
0.008736,-0.149
0.00874,-0.149
0.008744,-0.149
0.008748,-0.149
0.008752,-0.149
0.008756,-0.149
0.00876,-0.149
0.008764,-0.149
0.008768,-0.149
0.008772,-0.149
0.008776,-0.149
0.00878,-0.149
0.008784,-0.149
0.008788,-0.149
0.008792,-0.149
0.008796,-0.149
0.0088,-0.149
0.008804,-0.149
0.008808,-0.149
0.008812,-0.149
0.008816,-0.149
0.00882,-0.149
0.008824,-0.149
0.008828,-0.149
0.008832,-0.149
0.008836,-0.149
0.00884,-0.149
0.008844,-0.22349999999999998
0.008848,-0.149
0.008852,-0.149
0.008856,-0.149
0.00886,-0.149
0.008864,-0.149
0.008868,-0.149
0.008872,-0.149
0.008876,-0.149
0.00888,-0.149
0.008884,-0.149
0.008888,-0.149
0.008892,-0.149
0.008896,-0.149
0.0089,-0.149
0.008904,-0.149
0.008908,-0.149
0.008912,-0.149
0.008916,-0.149
0.00892,-0.149
0.008924,-0.22349999999999998
0.008928,-0.149
0.008932,-0.149
0.008936,-0.149
0.00894,-0.149
0.008944,-0.149
0.008948,-0.22349999999999998
0.008952,-0.149
0.008956,-0.22349999999999998
0.00896,-0.149
0.008964,-0.149
0.008968,-0.22349999999999998
0.008972,-0.22349999999999998
0.008976,-0.22349999999999998
0.00898,-0.149
0.008984,-0.149
0.008988,-0.22349999999999998
0.008992,-0.149
0.008996,-0.22349999999999998
0.009,-0.149
0.009004,-0.149
0.009008,-0.149
0.009012,-0.149
0.009016,-0.22349999999999998
0.00902,-0.149
0.009024,-0.149
0.009028,-0.149
0.009032,-0.149
0.009036,-0.149
0.00904,-0.149
0.009044,-0.149
0.009048,-0.149
0.009052,-0.149
0.009056,-0.22349999999999998
0.00906,-0.149
0.009064,-0.149
0.009068,-0.149
0.009072,-0.149
0.009076,-0.149
0.00908,-0.22349999999999998
0.009084,-0.149
0.009088,-0.149
0.009092,-0.149
0.009096,-0.149
0.0091,-0.149
0.009104,-0.149
0.009108,-0.149
0.009112,-0.22349999999999998
0.009116,-0.149
0.00912,-0.149
0.009124,-0.22349999999999998
0.009128,-0.149
0.009132,-0.149
0.009136,-0.22349999999999998
0.00914,-0.149
0.009144,-0.149
0.009148,-0.22349999999999998
0.009152,-0.149
0.009156,-0.149
0.00916,-0.149
0.009164,-0.22349999999999998
0.009168,-0.149
0.009172,-0.149
0.009176,-0.22349999999999998
0.00918,-0.149
0.009184,-0.149
0.009188,-0.149
0.009192,-0.149
0.009196,-0.22349999999999998
0.0092,-0.149
0.009204,-0.22349999999999998
0.009208,-0.149
0.009212,-0.149
0.009216,-0.149
0.00922,-0.149
0.009224,-0.22349999999999998
0.009228,-0.22349999999999998
0.009232,-0.149
0.009236,-0.149
0.00924,-0.149
0.009244,-0.149
0.009248,-0.149
0.009252,-0.149
0.009256,-0.0745
0.00926,-0.149
0.009264,-0.149
0.009268,-0.149
0.009272,-0.149
0.009276,-0.149
0.00928,-0.149
0.009284,-0.149
0.009288,-0.149
0.009292,-0.22349999999999998
0.009296,-0.149
0.0093,-0.149
0.009304,-0.149
0.009308,-0.149
0.009312,-0.149
0.009316,-0.149
0.00932,-0.149
0.009324,-0.149
0.009328,-0.22349999999999998
0.009332,-0.149
0.009336,-0.22349999999999998
0.00934,-0.149
0.009344,-0.149
0.009348,-0.22349999999999998
0.009352,-0.149
0.009356,-0.22349999999999998
0.00936,-0.22349999999999998
0.009364,-0.149
0.009368,-0.149
0.009372,-0.149
0.009376,-0.149
0.00938,-0.22349999999999998
0.009384,-0.149
0.009388,-0.149
0.009392,-0.149
0.009396,-0.149
0.0094,-0.149
0.009404,-0.149
0.009408,-0.149
0.009412,-0.149
0.009416,-0.149
0.00942,-0.149
0.009424,-0.149
0.009428,-0.149
0.009432,-0.149
0.009436,-0.149
0.00944,-0.149
0.009444,-0.149
0.009448,-0.149
0.009452,-0.149
0.009456,-0.149
0.00946,-0.22349999999999998
0.009464,-0.149
0.009468,-0.22349999999999998
0.009472,-0.149
0.009476,-0.149
0.00948,-0.22349999999999998
0.009484,-0.149
0.009488,-0.149
0.009492,-0.149
0.009496,-0.149
0.0095,-0.149
0.009504,-0.149
0.009508,-0.149
0.009512,-0.149
0.009516,-0.149
0.00952,-0.22349999999999998
0.009524,-0.149
0.009528,-0.149
0.009532,-0.149
0.009536,-0.149
0.00954,-0.149
0.009544,-0.149
0.009548,-0.149
0.009552,-0.22349999999999998
0.009556,-0.149
0.00956,-0.149
0.009564,-0.149
0.009568,-0.149
0.009572,-0.22349999999999998
0.009576,-0.149
0.00958,-0.149
0.009584,-0.149
0.009588,-0.149
0.009592,-0.149
0.009596,-0.149
0.0096,-0.149
0.009604,-0.149
0.009608,-0.149
0.009612,-0.149
0.009616,-0.149
0.00962,-0.22349999999999998
0.009624,-0.149
0.009628,-0.149
0.009632,-0.22349999999999998
0.009636,-0.149
0.00964,-0.22349999999999998
0.009644,-0.149
0.009648,-0.22349999999999998
0.009652,-0.149
0.009656,-0.149
0.00966,-0.22349999999999998
0.009664,-0.149
0.009668,-0.149
0.009672,-0.149
0.009676,-0.149
0.00968,-0.22349999999999998
0.009684,-0.22349999999999998
0.009688,-0.22349999999999998
0.009692,-0.22349999999999998
0.009696,-0.149
0.0097,-0.149
0.009704,-0.149
0.009708,-0.22349999999999998
0.009712,-0.22349999999999998
0.009716,-0.149
0.00972,-0.149
0.009724,-0.149
0.009728,-0.149
0.009732,-0.22349999999999998
0.009736,-0.149
0.00974,-0.149
0.009744,-0.149
0.009748,-0.149
0.009752,-0.149
0.009756,-0.149
0.00976,-0.149
0.009764,-0.22349999999999998
0.009768,-0.22349999999999998
0.009772,-0.22349999999999998
0.009776,-0.22349999999999998
0.00978,-0.149
0.009784,-0.149
0.009788,-0.149
0.009792,-0.149
0.009796,-0.22349999999999998
0.0098,-0.149
0.009804,-0.22349999999999998
0.009808,-0.149
0.009812,-0.149
0.009816,-0.149
0.00982,-0.149
0.009824,-0.149
0.009828,-0.22349999999999998
0.009832,-0.149
0.009836,-0.149
0.00984,-0.149
0.009844,-0.149
0.009848,-0.149
0.009852,-0.149
0.009856,-0.22349999999999998
0.00986,-0.149
0.009864,-0.149
0.009868,-0.149
0.009872,-0.149
0.009876,-0.149
0.00988,-0.149
0.009884,-0.149
0.009888,-0.149
0.009892,-0.149
0.009896,-0.22349999999999998
0.0099,-0.149
0.009904,-0.22349999999999998
0.009908,-0.149
0.009912,-0.22349999999999998
0.009916,-0.149
0.00992,-0.149
0.009924,-0.149
0.009928,-0.149
0.009932,-0.149
0.009936,-0.149
0.00994,-0.149
0.009944,-0.149
0.009948,-0.149
0.009952,-0.149
0.009956,-0.149
0.00996,-0.149
0.009964,-0.22349999999999998
0.009968,-0.22349999999999998
0.009972,-0.149
0.009976,-0.149
0.00998,-0.149
0.009984,-0.22349999999999998
0.009988,-0.22349999999999998
0.009992,-0.149
0.009996,-0.149
0.01,-0.22349999999999998
0.010004,-0.149
0.010008,-0.22349999999999998
0.010012,-0.149
0.010016,-0.22349999999999998
0.01002,-0.149
0.010024,-0.149
0.010028,-0.149
0.010032,-0.22349999999999998
0.010036,-0.149
0.01004,-0.149
0.010044,-0.149
0.010048,-0.149
0.010052,-0.149
0.010056,-0.149
0.01006,-0.149
0.010064,-0.149
0.010068,-0.149
0.010072,-0.149
0.010076,-0.22349999999999998
0.01008,-0.149
0.010084,-0.149
0.010088,-0.22349999999999998
0.010092,-0.22349999999999998
0.010096,-0.149
0.0101,-0.149
0.010104,-0.149
0.010108,-0.22349999999999998
0.010112,-0.149
0.010116,-0.149
0.01012,-0.22349999999999998
0.010124,-0.149
0.010128,-0.149
0.010132,-0.149
0.010136,-0.22349999999999998
0.01014,-0.22349999999999998
0.010144,-0.149
0.010148,-0.149
0.010152,-0.22349999999999998
0.010156,-0.149
0.01016,-0.149
0.010164,-0.149
0.010168,-0.149
0.010172,-0.149
0.010176,-0.22349999999999998
0.01018,-0.149
0.010184,-0.149
0.010188,-0.22349999999999998
0.010192,-0.149
0.010196,-0.149
0.0102,-0.149
0.010204,-0.22349999999999998
0.010208,-0.149
0.010212,-0.149
0.010216,-0.149
0.01022,-0.149
0.010224,-0.149
0.010228,-0.149
0.010232,-0.149
0.010236,-0.149
0.01024,-0.149
0.010244,-0.149
0.010248,-0.149
0.010252,-0.22349999999999998
0.010256,-0.149
0.01026,-0.149
0.010264,-0.22349999999999998
0.010268,-0.149
0.010272,-0.149
0.010276,-0.149
0.01028,-0.22349999999999998
0.010284,-0.22349999999999998
0.010288,-0.149
0.010292,-0.149
0.010296,-0.149
0.0103,-0.22349999999999998
0.010304,-0.22349999999999998
0.010308,-0.149
0.010312,-0.149
0.010316,-0.149
0.01032,-0.22349999999999998
0.010324,-0.149
0.010328,-0.149
0.010332,-0.149
0.010336,-0.22349999999999998
0.01034,-0.149
0.010344,-0.149
0.010348,-0.149
0.010352,-0.149
0.010356,-0.149
0.01036,-0.149
0.010364,-0.22349999999999998
0.010368,-0.22349999999999998
0.010372,-0.149
0.010376,-0.149
0.01038,-0.149
0.010384,-0.149
0.010388,-0.149
0.010392,-0.22349999999999998
0.010396,-0.149
0.0104,-0.22349999999999998
0.010404,-0.149
0.010408,-0.149
0.010412,-0.149
0.010416,-0.149
0.01042,-0.22349999999999998
0.010424,-0.149
0.010428,-0.149
0.010432,-0.149
0.010436,-0.22349999999999998
0.01044,-0.149
0.010444,-0.149
0.010448,-0.149
0.010452,-0.22349999999999998
0.010456,-0.149
0.01046,-0.149
0.010464,-0.149
0.010468,-0.149
0.010472,-0.22349999999999998
0.010476,-0.149
0.01048,-0.22349999999999998
0.010484,-0.149
0.010488,-0.149
0.010492,-0.149
0.010496,-0.149
0.0105,-0.149
0.010504,-0.22349999999999998
0.010508,-0.149
0.010512,-0.149
0.010516,-0.149
0.01052,-0.149
0.010524,-0.149
0.010528,-0.149
0.010532,-0.149
0.010536,-0.149
0.01054,-0.149
0.010544,-0.149
0.010548,-0.149
0.010552,-0.149
0.010556,-0.22349999999999998
0.01056,-0.149
0.010564,-0.149
0.010568,-0.149
0.010572,-0.149
0.010576,-0.149
0.01058,-0.149
0.010584,-0.22349999999999998
0.010588,-0.149
0.010592,-0.149
0.010596,-0.149
0.0106,-0.149
0.010604,-0.149
0.010608,-0.149
0.010612,-0.149
0.010616,-0.22349999999999998
0.01062,-0.149
0.010624,-0.149
0.010628,-0.149
0.010632,-0.149
0.010636,-0.149
0.01064,-0.149
0.010644,-0.149
0.010648,-0.149
0.010652,-0.149
0.010656,-0.149
0.01066,-0.149
0.010664,-0.149
0.010668,-0.149
0.010672,-0.149
0.010676,-0.149
0.01068,-0.149
0.010684,-0.149
0.010688,-0.22349999999999998
0.010692,-0.149
0.010696,-0.149
0.0107,-0.149
0.010704,-0.149
0.010708,-0.149
0.010712,-0.149
0.010716,-0.149
0.01072,-0.149
0.010724,-0.149
0.010728,-0.22349999999999998
0.010732,-0.149
0.010736,-0.149
0.01074,-0.149
0.010744,-0.149
0.010748,-0.149
0.010752,-0.149
0.010756,-0.149
0.01076,-0.22349999999999998
0.010764,-0.149
0.010768,-0.149
0.010772,-0.149
0.010776,-0.149
0.01078,-0.149
0.010784,-0.149
0.010788,-0.22349999999999998
0.010792,-0.22349999999999998
0.010796,-0.149
0.0108,-0.149
0.010804,-0.149
0.010808,-0.149
0.010812,-0.149
0.010816,-0.149
0.01082,-0.149
0.010824,-0.0745
0.010828,-0.149
0.010832,-0.149
0.010836,-0.149
0.01084,-0.149
0.010844,-0.149
0.010848,-0.149
0.010852,-0.149
0.010856,-0.149
0.01086,-0.149
0.010864,-0.149
0.010868,-0.149
0.010872,-0.149
0.010876,-0.149
0.01088,-0.149
0.010884,-0.149
0.010888,-0.22349999999999998
0.010892,-0.22349999999999998
0.010896,-0.22349999999999998
0.0109,-0.149
0.010904,-0.22349999999999998
0.010908,-0.149
0.010912,-0.149
0.010916,-0.149
0.01092,-0.149
0.010924,-0.149
0.010928,-0.149
0.010932,-0.149
0.010936,-0.149
0.01094,-0.149
0.010944,-0.149
0.010948,-0.149
0.010952,-0.149
0.010956,-0.149
0.01096,-0.149
0.010964,-0.149
0.010968,-0.149
0.010972,-0.149
0.010976,-0.149
0.01098,-0.149
0.010984,-0.149
0.010988,-0.149
0.010992,-0.149
0.010996,-0.149
0.011,-0.149
0.011004,-0.149
0.011008,-0.22349999999999998
0.011012,-0.149
0.011016,-0.149
0.01102,-0.149
0.011024,-0.22349999999999998
0.011028,-0.149
0.011032,-0.149
0.011036,-0.149
0.01104,-0.149
0.011044,-0.149
0.011048,-0.149
0.011052,-0.149
0.011056,-0.149
0.01106,-0.149
0.011064,-0.149
0.011068,-0.149
0.011072,-0.149
0.011076,-0.149
0.01108,-0.149
0.011084,-0.149
0.011088,-0.149
0.011092,-0.149
0.011096,-0.149
0.0111,-0.149
0.011104,-0.149
0.011108,-0.149
0.011112,-0.149
0.011116,-0.149
0.01112,-0.149
0.011124,-0.149
0.011128,-0.22349999999999998
0.011132,-0.149
0.011136,-0.149
0.01114,-0.149
0.011144,-0.149
0.011148,-0.22349999999999998
0.011152,-0.149
0.011156,-0.149
0.01116,-0.149
0.011164,-0.149
0.011168,-0.149
0.011172,-0.149
0.011176,-0.149
0.01118,-0.22349999999999998
0.011184,-0.22349999999999998
0.011188,-0.149
0.011192,-0.149
0.011196,-0.149
0.0112,-0.149
0.011204,-0.149
0.011208,-0.149
0.011212,-0.149
0.011216,-0.149
0.01122,-0.22349999999999998
0.011224,-0.149
0.011228,-0.149
0.011232,-0.149
0.011236,-0.149
0.01124,-0.149
0.011244,-0.149
0.011248,-0.149
0.011252,-0.149
0.011256,-0.149
0.01126,-0.149
0.011264,-0.149
0.011268,-0.149
0.011272,-0.149
0.011276,-0.149
0.01128,-0.149
0.011284,-0.149
0.011288,-0.149
0.011292,-0.22349999999999998
0.011296,-0.149
0.0113,-0.149
0.011304,-0.149
0.011308,-0.149
0.011312,-0.22349999999999998
0.011316,-0.149
0.01132,-0.149
0.011324,-0.22349999999999998
0.011328,-0.149
0.011332,-0.149
0.011336,-0.149
0.01134,-0.149
0.011344,-0.22349999999999998
0.011348,-0.149
0.011352,-0.149
0.011356,-0.22349999999999998
0.01136,-0.149
0.011364,-0.149
0.011368,-0.149
0.011372,-0.149
0.011376,-0.149
0.01138,-0.149
0.011384,-0.149
0.011388,-0.149
0.011392,-0.149
0.011396,-0.149
0.0114,-0.149
0.011404,-0.149
0.011408,-0.22349999999999998
0.011412,-0.149
0.011416,-0.149
0.01142,-0.149
0.011424,-0.149
0.011428,-0.149
0.011432,-0.149
0.011436,-0.149
0.01144,-0.149
0.011444,-0.149
0.011448,-0.22349999999999998
0.011452,-0.149
0.011456,-0.149
0.01146,-0.149
0.011464,-0.149
0.011468,-0.149
0.011472,-0.149
0.011476,-0.149
0.01148,-0.149
0.011484,-0.149
0.011488,-0.149
0.011492,-0.149
0.011496,-0.149
0.0115,-0.149
0.011504,-0.149
0.011508,-0.149
0.011512,-0.149
0.011516,-0.149
0.01152,-0.149
0.011524,-0.149
0.011528,-0.149
0.011532,-0.149
0.011536,-0.149
0.01154,-0.149
0.011544,-0.149
0.011548,-0.22349999999999998
0.011552,-0.149
0.011556,-0.149
0.01156,-0.149
0.011564,-0.22349999999999998
0.011568,-0.22349999999999998
0.011572,-0.149
0.011576,-0.149
0.01158,-0.149
0.011584,-0.149
0.011588,-0.149
0.011592,-0.149
0.011596,-0.149
0.0116,-0.149
0.011604,-0.149
0.011608,-0.149
0.011612,-0.22349999999999998
0.011616,-0.149
0.01162,-0.149
0.011624,-0.149
0.011628,-0.22349999999999998
0.011632,-0.149
0.011636,-0.149
0.01164,-0.149
0.011644,-0.149
0.011648,-0.149
0.011652,-0.149
0.011656,-0.149
0.01166,-0.149
0.011664,-0.149
0.011668,-0.149
0.011672,-0.0745
0.011676,-0.22349999999999998
0.01168,-0.149
0.011684,-0.22349999999999998
0.011688,-0.149
0.011692,-0.149
0.011696,-0.149
0.0117,-0.149
0.011704,-0.149
0.011708,-0.149
0.011712,-0.149
0.011716,-0.22349999999999998
0.01172,-0.149
0.011724,-0.149
0.011728,-0.22349999999999998
0.011732,-0.149
0.011736,-0.149
0.01174,-0.149
0.011744,-0.149
0.011748,-0.149
0.011752,-0.149
0.011756,-0.149
0.01176,-0.149
0.011764,-0.149
0.011768,-0.149
0.011772,-0.149
0.011776,-0.149
0.01178,-0.149
0.011784,-0.149
0.011788,-0.149
0.011792,-0.149
0.011796,-0.149
0.0118,-0.149
0.011804,-0.149
0.011808,-0.0745
0.011812,-0.149
0.011816,-0.22349999999999998
0.01182,-0.22349999999999998
0.011824,-0.22349999999999998
0.011828,-0.149
0.011832,-0.149
0.011836,-0.149
0.01184,-0.149
0.011844,-0.149
0.011848,-0.149
0.011852,-0.149
0.011856,-0.149
0.01186,-0.149
0.011864,-0.22349999999999998
0.011868,-0.149
0.011872,-0.22349999999999998
0.011876,-0.149
0.01188,-0.149
0.011884,-0.149
0.011888,-0.149
0.011892,-0.149
0.011896,-0.149
0.0119,-0.149
0.011904,-0.149
0.011908,-0.149
0.011912,-0.149
0.011916,-0.22349999999999998
0.01192,-0.149
0.011924,-0.149
0.011928,-0.149
0.011932,-0.149
0.011936,-0.149
0.01194,-0.149
0.011944,-0.149
0.011948,-0.22349999999999998
0.011952,-0.149
0.011956,-0.149
0.01196,-0.22349999999999998
0.011964,-0.149
0.011968,-0.149
0.011972,-0.149
0.011976,-0.149
0.01198,-0.149
0.011984,-0.149
0.011988,-0.149
0.011992,-0.149
0.011996,-0.22349999999999998
0.012,-0.149
0.012004,-0.149
0.012008,-0.149
0.012012,-0.149
0.012016,-0.149
0.01202,-0.149
0.012024,-0.149
0.012028,-0.22349999999999998
0.012032,-0.149
0.012036,-0.149
0.01204,-0.149
0.012044,-0.149
0.012048,-0.149
0.012052,-0.149
0.012056,-0.22349999999999998
0.01206,-0.149
0.012064,-0.149
0.012068,-0.149
0.012072,-0.22349999999999998
0.012076,-0.149
0.01208,-0.149
0.012084,-0.22349999999999998
0.012088,-0.149
0.012092,-0.149
0.012096,-0.149
0.0121,-0.22349999999999998
0.012104,-0.149
0.012108,-0.149
0.012112,-0.149
0.012116,-0.149
0.01212,-0.149
0.012124,-0.149
0.012128,-0.149
0.012132,-0.149
0.012136,-0.149
0.01214,-0.149
0.012144,-0.149
0.012148,-0.149
0.012152,-0.149
0.012156,-0.149
0.01216,-0.149
0.012164,-0.149
0.012168,-0.22349999999999998
0.012172,-0.149
0.012176,-0.149
0.01218,-0.22349999999999998
0.012184,-0.149
0.012188,-0.149
0.012192,-0.149
0.012196,-0.149
0.0122,-0.149
0.012204,-0.149
0.012208,-0.149
0.012212,-0.149
0.012216,-0.149
0.01222,-0.149
0.012224,-0.149
0.012228,-0.149
0.012232,-0.149
0.012236,-0.149
0.01224,-0.149
0.012244,-0.149
0.012248,-0.149
0.012252,-0.149
0.012256,-0.149
0.01226,-0.149
0.012264,-0.149
0.012268,-0.149
0.012272,-0.149
0.012276,-0.149
0.01228,-0.149
0.012284,-0.149
0.012288,-0.149
0.012292,-0.149
0.012296,-0.22349999999999998
0.0123,-0.149
0.012304,-0.22349999999999998
0.012308,-0.22349999999999998
0.012312,-0.149
0.012316,-0.149
0.01232,-0.149
0.012324,-0.149
0.012328,-0.149
0.012332,-0.149
0.012336,-0.149
0.01234,-0.149
0.012344,-0.149
0.012348,-0.149
0.012352,-0.149
0.012356,-0.22349999999999998
0.01236,-0.149
0.012364,-0.149
0.012368,-0.149
0.012372,-0.149
0.012376,-0.149
0.01238,-0.22349999999999998
0.012384,-0.149
0.012388,-0.149
0.012392,-0.149
0.012396,-0.149
0.0124,-0.149
0.012404,-0.149
0.012408,-0.149
0.012412,-0.149
0.012416,-0.149
0.01242,-0.149
0.012424,-0.149
0.012428,-0.149
0.012432,-0.149
0.012436,-0.149
0.01244,-0.149
0.012444,-0.149
0.012448,-0.22349999999999998
0.012452,-0.149
0.012456,-0.149
0.01246,-0.149
0.012464,-0.149
0.012468,-0.149
0.012472,-0.149
0.012476,-0.149
0.01248,-0.149
0.012484,-0.149
0.012488,-0.22349999999999998
0.012492,-0.149
0.012496,-0.149
0.0125,-0.149
0.012504,-0.149
0.012508,-0.149
0.012512,-0.149
0.012516,-0.149
0.01252,-0.22349999999999998
0.012524,-0.149
0.012528,-0.149
0.012532,-0.149
0.012536,-0.149
0.01254,-0.149
0.012544,-0.22349999999999998
0.012548,-0.149
0.012552,-0.149
0.012556,-0.149
0.01256,-0.22349999999999998
0.012564,-0.149
0.012568,-0.149
0.012572,-0.149
0.012576,-0.22349999999999998
0.01258,-0.149
0.012584,-0.149
0.012588,-0.149
0.012592,-0.149
0.012596,-0.22349999999999998
0.0126,-0.149
0.012604,-0.149
0.012608,-0.149
0.012612,-0.149
0.012616,-0.149
0.01262,-0.149
0.012624,-0.149
0.012628,-0.149
0.012632,-0.149
0.012636,-0.149
0.01264,-0.22349999999999998
0.012644,-0.22349999999999998
0.012648,-0.149
0.012652,-0.22349999999999998
0.012656,-0.22349999999999998
0.01266,-0.149
0.012664,-0.22349999999999998
0.012668,-0.149
0.012672,-0.149
0.012676,-0.22349999999999998
0.01268,-0.149
0.012684,-0.149
0.012688,-0.149
0.012692,-0.22349999999999998
0.012696,-0.149
0.0127,-0.149
0.012704,-0.149
0.012708,-0.22349999999999998
0.012712,-0.22349999999999998
0.012716,-0.149
0.01272,-0.149
0.012724,-0.149
0.012728,-0.149
0.012732,-0.149
0.012736,-0.149
0.01274,-0.149
0.012744,-0.149
0.012748,-0.149
0.012752,-0.22349999999999998
0.012756,-0.149
0.01276,-0.149
0.012764,-0.149
0.012768,-0.149
0.012772,-0.149
0.012776,-0.149
0.01278,-0.149
0.012784,-0.149
0.012788,-0.149
0.012792,-0.149
0.012796,-0.149
0.0128,-0.149
0.012804,-0.149
0.012808,-0.149
0.012812,-0.22349999999999998
0.012816,-0.149
0.01282,-0.22349999999999998
0.012824,-0.149
0.012828,-0.149
0.012832,-0.149
0.012836,-0.149
0.01284,-0.149
0.012844,-0.149
0.012848,-0.149
0.012852,-0.149
0.012856,-0.149
0.01286,-0.149
0.012864,-0.149
0.012868,-0.149
0.012872,-0.149
0.012876,-0.149
0.01288,-0.149
0.012884,-0.149
0.012888,-0.149
0.012892,-0.149
0.012896,-0.149
0.0129,-0.149
0.012904,-0.149
0.012908,-0.149
0.012912,-0.149
0.012916,-0.149
0.01292,-0.22349999999999998
0.012924,-0.149
0.012928,-0.22349999999999998
0.012932,-0.149
0.012936,-0.149
0.01294,-0.149
0.012944,-0.149
0.012948,-0.149
0.012952,-0.149
0.012956,-0.149
0.01296,-0.149
0.012964,-0.149
0.012968,-0.149
0.012972,-0.22349999999999998
0.012976,-0.149
0.01298,-0.149
0.012984,-0.149
0.012988,-0.149
0.012992,-0.149
0.012996,-0.22349999999999998
0.013,-0.149
0.013004,-0.22349999999999998
0.013008,-0.149
0.013012,-0.149
0.013016,-0.22349999999999998
0.01302,-0.149
0.013024,-0.149
0.013028,-0.149
0.013032,-0.22349999999999998
0.013036,-0.149
0.01304,-0.149
0.013044,-0.149
0.013048,-0.22349999999999998
0.013052,-0.149
0.013056,-0.149
0.01306,-0.149
0.013064,-0.149
0.013068,-0.22349999999999998
0.013072,-0.149
0.013076,-0.22349999999999998
0.01308,-0.149
0.013084,-0.149
0.013088,-0.149
0.013092,-0.149
0.013096,-0.149
0.0131,-0.149
0.013104,-0.149
0.013108,-0.149
0.013112,-0.22349999999999998
0.013116,-0.149
0.01312,-0.149
0.013124,-0.149
0.013128,-0.149
0.013132,-0.149
0.013136,-0.149
0.01314,-0.149
0.013144,-0.22349999999999998
0.013148,-0.149
0.013152,-0.149
0.013156,-0.149
0.01316,-0.149
0.013164,-0.22349999999999998
0.013168,-0.149
0.013172,-0.149
0.013176,-0.149
0.01318,-0.149
0.013184,-0.22349999999999998
0.013188,-0.149
0.013192,-0.149
0.013196,-0.22349999999999998
0.0132,-0.149
0.013204,-0.149
0.013208,-0.149
0.013212,-0.149
0.013216,-0.22349999999999998
0.01322,-0.149
0.013224,-0.149
0.013228,-0.149
0.013232,-0.149
0.013236,-0.149
0.01324,-0.149
0.013244,-0.22349999999999998
0.013248,-0.149
0.013252,-0.149
0.013256,-0.149
0.01326,-0.149
0.013264,-0.22349999999999998
0.013268,-0.22349999999999998
0.013272,-0.149
0.013276,-0.149
0.01328,-0.149
0.013284,-0.0745
0.013288,-0.149
0.013292,-0.149
0.013296,-0.149
0.0133,-0.149
0.013304,-0.149
0.013308,-0.22349999999999998
0.013312,-0.22349999999999998
0.013316,-0.149
0.01332,-0.149
0.013324,-0.149
0.013328,-0.149
0.013332,-0.22349999999999998
0.013336,-0.149
0.01334,-0.149
0.013344,-0.149
0.013348,-0.149
0.013352,-0.149
0.013356,-0.149
0.01336,-0.22349999999999998
0.013364,-0.22349999999999998
0.013368,-0.22349999999999998
0.013372,-0.22349999999999998
0.013376,-0.149
0.01338,-0.149
0.013384,-0.149
0.013388,-0.22349999999999998
0.013392,-0.149
0.013396,-0.22349999999999998
0.0134,-0.149
0.013404,-0.149
0.013408,-0.22349999999999998
0.013412,-0.149
0.013416,-0.149
0.01342,-0.149
0.013424,-0.22349999999999998
0.013428,-0.22349999999999998
0.013432,-0.149
0.013436,-0.22349999999999998
0.01344,-0.149
0.013444,-0.22349999999999998
0.013448,-0.149
0.013452,-0.149
0.013456,-0.149
0.01346,-0.149
0.013464,-0.149
0.013468,-0.149
0.013472,-0.149
0.013476,-0.149
0.01348,-0.149
0.013484,-0.149
0.013488,-0.149
0.013492,-0.149
0.013496,-0.149
0.0135,-0.149
0.013504,-0.22349999999999998
0.013508,-0.149
0.013512,-0.149
0.013516,-0.149
0.01352,-0.149
0.013524,-0.149
0.013528,-0.22349999999999998
0.013532,-0.149
0.013536,-0.149
0.01354,-0.149
0.013544,-0.149
0.013548,-0.149
0.013552,-0.149
0.013556,-0.22349999999999998
0.01356,-0.22349999999999998
0.013564,-0.149
0.013568,-0.149
0.013572,-0.22349999999999998
0.013576,-0.22349999999999998
0.01358,-0.149
0.013584,-0.149
0.013588,-0.149
0.013592,-0.149
0.013596,-0.149
0.0136,-0.149
0.013604,-0.149
0.013608,-0.149
0.013612,-0.22349999999999998
0.013616,-0.149
0.01362,-0.149
0.013624,-0.149
0.013628,-0.149
0.013632,-0.149
0.013636,-0.149
0.01364,-0.22349999999999998
0.013644,-0.149
0.013648,-0.149
0.013652,-0.149
0.013656,-0.149
0.01366,-0.22349999999999998
0.013664,-0.149
0.013668,-0.149
0.013672,-0.22349999999999998
0.013676,-0.22349999999999998
0.01368,-0.22349999999999998
0.013684,-0.149
0.013688,-0.149
0.013692,-0.149
0.013696,-0.149
0.0137,-0.149
0.013704,-0.149
0.013708,-0.149
0.013712,-0.149
0.013716,-0.149
0.01372,-0.22349999999999998
0.013724,-0.149
0.013728,-0.149
0.013732,-0.22349999999999998
0.013736,-0.149
0.01374,-0.22349999999999998
0.013744,-0.22349999999999998
0.013748,-0.149
0.013752,-0.149
0.013756,-0.22349999999999998
0.01376,-0.149
0.013764,-0.149
0.013768,-0.149
0.013772,-0.149
0.013776,-0.149
0.01378,-0.22349999999999998
0.013784,-0.149
0.013788,-0.149
0.013792,-0.149
0.013796,-0.149
0.0138,-0.22349999999999998
0.013804,-0.149
0.013808,-0.149
0.013812,-0.149
0.013816,-0.22349999999999998
0.01382,-0.149
0.013824,-0.149
0.013828,-0.149
0.013832,-0.149
0.013836,-0.149
0.01384,-0.149
0.013844,-0.149
0.013848,-0.22349999999999998
0.013852,-0.149
0.013856,-0.149
0.01386,-0.149
0.013864,-0.22349999999999998
0.013868,-0.149
0.013872,-0.22349999999999998
0.013876,-0.149
0.01388,-0.149
0.013884,-0.149
0.013888,-0.149
0.013892,-0.149
0.013896,-0.149
0.0139,-0.22349999999999998
0.013904,-0.22349999999999998
0.013908,-0.149
0.013912,-0.149
0.013916,-0.149
0.01392,-0.149
0.013924,-0.149
0.013928,-0.149
0.013932,-0.22349999999999998
0.013936,-0.149
0.01394,-0.22349999999999998
0.013944,-0.149
0.013948,-0.22349999999999998
0.013952,-0.149
0.013956,-0.149
0.01396,-0.149
0.013964,-0.149
0.013968,-0.149
0.013972,-0.22349999999999998
0.013976,-0.149
0.01398,-0.22349999999999998
0.013984,-0.22349999999999998
0.013988,-0.22349999999999998
0.013992,-0.149
0.013996,-0.149
0.014,-0.149
0.014004,-0.149
0.014008,-0.22349999999999998
0.014012,-0.149
0.014016,-0.22349999999999998
0.01402,-0.149
0.014024,-0.22349999999999998
0.014028,-0.149
0.014032,-0.149
0.014036,-0.22349999999999998
0.01404,-0.149
0.014044,-0.149
0.014048,-0.149
0.014052,-0.149
0.014056,-0.149
0.01406,-0.22349999999999998
0.014064,-0.149
0.014068,-0.149
0.014072,-0.149
0.014076,-0.22349999999999998
0.01408,-0.149
0.014084,-0.22349999999999998
0.014088,-0.149
0.014092,-0.149
0.014096,-0.149
0.0141,-0.22349999999999998
0.014104,-0.149
0.014108,-0.22349999999999998
0.014112,-0.149
0.014116,-0.149
0.01412,-0.149
0.014124,-0.149
0.014128,-0.149
0.014132,-0.149
0.014136,-0.149
0.01414,-0.149
0.014144,-0.149
0.014148,-0.149
0.014152,-0.22349999999999998
0.014156,-0.22349999999999998
0.01416,-0.22349999999999998
0.014164,-0.149
0.014168,-0.22349999999999998
0.014172,-0.149
0.014176,-0.149
0.01418,-0.149
0.014184,-0.149
0.014188,-0.22349999999999998
0.014192,-0.22349999999999998
0.014196,-0.149
0.0142,-0.149
0.014204,-0.149
0.014208,-0.149
0.014212,-0.149
0.014216,-0.0745
0.01422,-0.149
0.014224,-0.149
0.014228,-0.149
0.014232,-0.149
0.014236,-0.149
0.01424,-0.149
0.014244,-0.149
0.014248,-0.22349999999999998
0.014252,-0.149
0.014256,-0.149
0.01426,-0.149
0.014264,-0.149
0.014268,-0.22349999999999998
0.014272,-0.149
0.014276,-0.149
0.01428,-0.149
0.014284,-0.22349999999999998
0.014288,-0.149
0.014292,-0.149
0.014296,-0.149
0.0143,-0.149
0.014304,-0.149
0.014308,-0.149
0.014312,-0.149
0.014316,-0.149
0.01432,-0.149
0.014324,-0.149
0.014328,-0.149
0.014332,-0.149
0.014336,-0.22349999999999998
0.01434,-0.149
0.014344,-0.149
0.014348,-0.22349999999999998
0.014352,-0.149
0.014356,-0.149
0.01436,-0.22349999999999998
0.014364,-0.149
0.014368,-0.149
0.014372,-0.149
0.014376,-0.149
0.01438,-0.149
0.014384,-0.149
0.014388,-0.149
0.014392,-0.149
0.014396,-0.149
0.0144,-0.149
0.014404,-0.149
0.014408,-0.149
0.014412,-0.149
0.014416,-0.22349999999999998
0.01442,-0.22349999999999998
0.014424,-0.149
0.014428,-0.149
0.014432,-0.22349999999999998
0.014436,-0.149
0.01444,-0.149
0.014444,-0.149
0.014448,-0.149
0.014452,-0.149
0.014456,-0.149
0.01446,-0.149
0.014464,-0.149
0.014468,-0.149
0.014472,-0.149
0.014476,-0.22349999999999998
0.01448,-0.149
0.014484,-0.149
0.014488,-0.149
0.014492,-0.149
0.014496,-0.22349999999999998
0.0145,-0.22349999999999998
0.014504,-0.22349999999999998
0.014508,-0.149
0.014512,-0.149
0.014516,-0.149
0.01452,-0.149
0.014524,-0.149
0.014528,-0.149
0.014532,-0.22349999999999998
0.014536,-0.149
0.01454,-0.149
0.014544,-0.149
0.014548,-0.149
0.014552,-0.22349999999999998
0.014556,-0.149
0.01456,-0.149
0.014564,-0.149
0.014568,-0.149
0.014572,-0.149
0.014576,-0.149
0.01458,-0.22349999999999998
0.014584,-0.149
0.014588,-0.149
0.014592,-0.149
0.014596,-0.22349999999999998
0.0146,-0.149
0.014604,-0.149
0.014608,-0.149
0.014612,-0.149
0.014616,-0.149
0.01462,-0.149
0.014624,-0.149
0.014628,-0.149
0.014632,-0.149
0.014636,-0.149
0.01464,-0.149
0.014644,-0.149
0.014648,-0.149
0.014652,-0.149
0.014656,-0.149
0.01466,-0.149
0.014664,-0.149
0.014668,-0.149
0.014672,-0.149
0.014676,-0.149
0.01468,-0.149
0.014684,-0.149
0.014688,-0.149
0.014692,-0.149
0.014696,-0.149
0.0147,-0.22349999999999998
0.014704,-0.149
0.014708,-0.22349999999999998
0.014712,-0.149
0.014716,-0.149
0.01472,-0.149
0.014724,-0.149
0.014728,-0.149
0.014732,-0.149
0.014736,-0.149
0.01474,-0.22349999999999998
0.014744,-0.149
0.014748,-0.22349999999999998
0.014752,-0.149
0.014756,-0.149
0.01476,-0.149
0.014764,-0.149
0.014768,-0.149
0.014772,-0.149
0.014776,-0.149
0.01478,-0.149
0.014784,-0.149
0.014788,-0.149
0.014792,-0.22349999999999998
0.014796,-0.149
0.0148,-0.149
0.014804,-0.149
0.014808,-0.149
0.014812,-0.22349999999999998
0.014816,-0.149
0.01482,-0.149
0.014824,-0.149
0.014828,-0.149
0.014832,-0.149
0.014836,-0.149
0.01484,-0.149
0.014844,-0.149
0.014848,-0.149
0.014852,-0.149
0.014856,-0.22349999999999998
0.01486,-0.149
0.014864,-0.22349999999999998
0.014868,-0.149
0.014872,-0.22349999999999998
0.014876,-0.149
0.01488,-0.149
0.014884,-0.22349999999999998
0.014888,-0.149
0.014892,-0.149
0.014896,-0.149
0.0149,-0.149
0.014904,-0.149
0.014908,-0.149
0.014912,-0.149
0.014916,-0.149
0.01492,-0.149
0.014924,-0.149
0.014928,-0.149
0.014932,-0.149
0.014936,-0.149
0.01494,-0.149
0.014944,-0.149
0.014948,-0.149
0.014952,-0.149
0.014956,-0.149
0.01496,-0.149
0.014964,-0.22349999999999998
0.014968,-0.149
0.014972,-0.149
0.014976,-0.149
0.01498,-0.149
0.014984,-0.149
0.014988,-0.149
0.014992,-0.149
0.014996,-0.149
0.015,-0.149
0.015004,-0.149
0.015008,-0.149
0.015012,-0.149
0.015016,-0.149
0.01502,-0.149
0.015024,-0.149
0.015028,-0.149
0.015032,-0.149
0.015036,-0.22349999999999998
0.01504,-0.149
0.015044,-0.149
0.015048,-0.149
0.015052,-0.149
0.015056,-0.22349999999999998
0.01506,-0.149
0.015064,-0.149
0.015068,-0.149
0.015072,-0.149
0.015076,-0.149
0.01508,-0.149
0.015084,-0.149
0.015088,-0.149
0.015092,-0.149
0.015096,-0.149
0.0151,-0.149
0.015104,-0.149
0.015108,-0.22349999999999998
0.015112,-0.149
0.015116,-0.149
0.01512,-0.22349999999999998
0.015124,-0.149
0.015128,-0.149
0.015132,-0.149
0.015136,-0.149
0.01514,-0.149
0.015144,-0.149
0.015148,-0.149
0.015152,-0.149
0.015156,-0.22349999999999998
0.01516,-0.149
0.015164,-0.22349999999999998
0.015168,-0.149
0.015172,-0.149
0.015176,-0.149
0.01518,-0.149
0.015184,-0.149
0.015188,-0.22349999999999998
0.015192,-0.149
0.015196,-0.149
0.0152,-0.149
0.015204,-0.149
0.015208,-0.149
0.015212,-0.149
0.015216,-0.149
0.01522,-0.149
0.015224,-0.149
0.015228,-0.149
0.015232,-0.149
0.015236,-0.149
0.01524,-0.149
0.015244,-0.22349999999999998
0.015248,-0.149
0.015252,-0.149
0.015256,-0.149
0.01526,-0.149
0.015264,-0.149
0.015268,-0.149
0.015272,-0.149
0.015276,-0.149
0.01528,-0.149
0.015284,-0.22349999999999998
0.015288,-0.149
0.015292,-0.0745
0.015296,-0.149
0.0153,-0.149
0.015304,-0.22349999999999998
0.015308,-0.149
0.015312,-0.22349999999999998
0.015316,-0.149
0.01532,-0.149
0.015324,-0.149
0.015328,-0.149
0.015332,-0.149
0.015336,-0.149
0.01534,-0.149
0.015344,-0.149
0.015348,-0.149
0.015352,-0.149
0.015356,-0.149
0.01536,-0.149
0.015364,-0.149
0.015368,-0.149
0.015372,-0.149
0.015376,-0.149
0.01538,-0.149
0.015384,-0.149
0.015388,-0.149
0.015392,-0.149
0.015396,-0.22349999999999998
0.0154,-0.149
0.015404,-0.149
0.015408,-0.149
0.015412,-0.149
0.015416,-0.149
0.01542,-0.149
0.015424,-0.149
0.015428,-0.149
0.015432,-0.149
0.015436,-0.22349999999999998
0.01544,-0.149
0.015444,-0.149
0.015448,-0.149
0.015452,-0.149
0.015456,-0.149
0.01546,-0.22349999999999998
0.015464,-0.149
0.015468,-0.149
0.015472,-0.149
0.015476,-0.149
0.01548,-0.149
0.015484,-0.149
0.015488,-0.149
0.015492,-0.149
0.015496,-0.22349999999999998
0.0155,-0.149
0.015504,-0.149
0.015508,-0.149
0.015512,-0.22349999999999998
0.015516,-0.149
0.01552,-0.149
0.015524,-0.149
0.015528,-0.149
0.015532,-0.149
0.015536,-0.149
0.01554,-0.149
0.015544,-0.149
0.015548,-0.149
0.015552,-0.149
0.015556,-0.149
0.01556,-0.149
0.015564,-0.149
0.015568,-0.22349999999999998
0.015572,-0.149
0.015576,-0.149
0.01558,-0.149
0.015584,-0.149
0.015588,-0.149
0.015592,-0.22349999999999998
0.015596,-0.149
0.0156,-0.149
0.015604,-0.149
0.015608,-0.22349999999999998
0.015612,-0.149
0.015616,-0.149
0.01562,-0.149
0.015624,-0.22349999999999998
0.015628,-0.149
0.015632,-0.149
0.015636,-0.149
0.01564,-0.149
0.015644,-0.149
0.015648,-0.22349999999999998
0.015652,-0.149
0.015656,-0.149
0.01566,-0.149
0.015664,-0.149
0.015668,-0.149
0.015672,-0.149
0.015676,-0.149
0.01568,-0.149
0.015684,-0.149
0.015688,-0.149
0.015692,-0.149
0.015696,-0.149
0.0157,-0.149
0.015704,-0.149
0.015708,-0.149
0.015712,-0.22349999999999998
0.015716,-0.22349999999999998
0.01572,-0.22349999999999998
0.015724,-0.149
0.015728,-0.22349999999999998
0.015732,-0.149
0.015736,-0.22349999999999998
0.01574,-0.149
0.015744,-0.149
0.015748,-0.149
0.015752,-0.149
0.015756,-0.149
0.01576,-0.149
0.015764,-0.22349999999999998
0.015768,-0.149
0.015772,-0.149
0.015776,-0.149
0.01578,-0.149
0.015784,-0.149
0.015788,-0.149
0.015792,-0.149
0.015796,-0.149
0.0158,-0.149
0.015804,-0.149
0.015808,-0.149
0.015812,-0.149
0.015816,-0.149
0.01582,-0.149
0.015824,-0.149
0.015828,-0.149
0.015832,-0.22349999999999998
0.015836,-0.149
0.01584,-0.149
0.015844,-0.149
0.015848,-0.149
0.015852,-0.149
0.015856,-0.149
0.01586,-0.22349999999999998
0.015864,-0.149
0.015868,-0.22349999999999998
0.015872,-0.149
0.015876,-0.149
0.01588,-0.149
0.015884,-0.149
0.015888,-0.149
0.015892,-0.149
0.015896,-0.149
0.0159,-0.149
0.015904,-0.149
0.015908,-0.149
0.015912,-0.149
0.015916,-0.149
0.01592,-0.149
0.015924,-0.149
0.015928,-0.22349999999999998
0.015932,-0.149
0.015936,-0.149
0.01594,-0.149
0.015944,-0.149
0.015948,-0.149
0.015952,-0.149
0.015956,-0.149
0.01596,-0.149
0.015964,-0.149
0.015968,-0.149
0.015972,-0.149
0.015976,-0.149
0.01598,-0.149
0.015984,-0.149
0.015988,-0.149
0.015992,-0.149
0.015996,-0.149
0.016,-0.149
0.016004,-0.149
0.016008,-0.149
0.016012,-0.149
0.016016,-0.149
0.01602,-0.149
0.016024,-0.149
0.016028,-0.149
0.016032,-0.149
0.016036,-0.149
0.01604,-0.149
0.016044,-0.149
0.016048,-0.22349999999999998
0.016052,-0.149
0.016056,-0.149
0.01606,-0.149
0.016064,-0.149
0.016068,-0.149
0.016072,-0.149
0.016076,-0.149
0.01608,-0.149
0.016084,-0.149
0.016088,-0.149
0.016092,-0.22349999999999998
0.016096,-0.149
0.0161,-0.149
0.016104,-0.149
0.016108,-0.149
0.016112,-0.149
0.016116,-0.149
0.01612,-0.149
0.016124,-0.149
0.016128,-0.149
0.016132,-0.149
0.016136,-0.149
0.01614,-0.149
0.016144,-0.149
0.016148,-0.149
0.016152,-0.149
0.016156,-0.149
0.01616,-0.149
0.016164,-0.149
0.016168,-0.149
0.016172,-0.149
0.016176,-0.149
0.01618,-0.149
0.016184,-0.149
0.016188,-0.149
0.016192,-0.149
0.016196,-0.149
0.0162,-0.149
0.016204,-0.149
0.016208,-0.149
0.016212,-0.149
0.016216,-0.149
0.01622,-0.149
0.016224,-0.22349999999999998
0.016228,-0.149
0.016232,-0.149
0.016236,-0.149
0.01624,-0.149
0.016244,-0.149
0.016248,-0.149
0.016252,-0.149
0.016256,-0.149
0.01626,-0.22349999999999998
0.016264,-0.149
0.016268,-0.149
0.016272,-0.149
0.016276,-0.149
0.01628,-0.22349999999999998
0.016284,-0.149
0.016288,-0.149
0.016292,-0.22349999999999998
0.016296,-0.149
0.0163,-0.149
0.016304,-0.149
0.016308,-0.149
0.016312,-0.22349999999999998
0.016316,-0.149
0.01632,-0.149
0.016324,-0.149
0.016328,-0.149
0.016332,-0.149
0.016336,-0.149
0.01634,-0.149
0.016344,-0.149
0.016348,-0.149
0.016352,-0.149
0.016356,-0.149
0.01636,-0.149
0.016364,-0.22349999999999998
0.016368,-0.22349999999999998
0.016372,-0.149
0.016376,-0.149
0.01638,-0.149
0.016384,-0.149
0.016388,-0.149
0.016392,-0.149
0.016396,-0.149
0.0164,-0.149
0.016404,-0.22349999999999998
0.016408,-0.149
0.016412,-0.149
0.016416,-0.22349999999999998
0.01642,-0.149
0.016424,-0.149
0.016428,-0.149
0.016432,-0.149
0.016436,-0.22349999999999998
0.01644,-0.149
0.016444,-0.149
0.016448,-0.22349999999999998
0.016452,-0.149
0.016456,-0.22349999999999998
0.01646,-0.149
0.016464,-0.149
0.016468,-0.149
0.016472,-0.149
0.016476,-0.22349999999999998
0.01648,-0.22349999999999998
0.016484,-0.149
0.016488,-0.149
0.016492,-0.149
0.016496,-0.149
0.0165,-0.22349999999999998
0.016504,-0.22349999999999998
0.016508,-0.149
0.016512,-0.22349999999999998
0.016516,-0.22349999999999998
0.01652,-0.149
0.016524,-0.149
0.016528,-0.22349999999999998
0.016532,-0.149
0.016536,-0.149
0.01654,-0.149
0.016544,-0.22349999999999998
0.016548,-0.149
0.016552,-0.22349999999999998
0.016556,-0.149
0.01656,-0.22349999999999998
0.016564,-0.149
0.016568,-0.149
0.016572,-0.149
0.016576,-0.149
0.01658,-0.149
0.016584,-0.149
0.016588,-0.149
0.016592,-0.149
0.016596,-0.149
0.0166,-0.149
0.016604,-0.149
0.016608,-0.22349999999999998
0.016612,-0.149
0.016616,-0.149
0.01662,-0.22349999999999998
0.016624,-0.149
0.016628,-0.149
0.016632,-0.149
0.016636,-0.149
0.01664,-0.149
0.016644,-0.149
0.016648,-0.149
0.016652,-0.149
0.016656,-0.149
0.01666,-0.149
0.016664,-0.149
0.016668,-0.149
0.016672,-0.149
0.016676,-0.22349999999999998
0.01668,-0.149
0.016684,-0.149
0.016688,-0.149
0.016692,-0.149
0.016696,-0.149
0.0167,-0.149
0.016704,-0.22349999999999998
0.016708,-0.149
0.016712,-0.149
0.016716,-0.149
0.01672,-0.149
0.016724,-0.149
0.016728,-0.149
0.016732,-0.149
0.016736,-0.149
0.01674,-0.149
0.016744,-0.149
0.016748,-0.149
0.016752,-0.149
0.016756,-0.149
0.01676,-0.149
0.016764,-0.149
0.016768,-0.22349999999999998
0.016772,-0.149
0.016776,-0.149
0.01678,-0.149
0.016784,-0.149
0.016788,-0.149
0.016792,-0.149
0.016796,-0.149
0.0168,-0.149
0.016804,-0.149
0.016808,-0.149
0.016812,-0.149
0.016816,-0.149
0.01682,-0.149
0.016824,-0.149
0.016828,-0.149
0.016832,-0.149
0.016836,-0.22349999999999998
0.01684,-0.149
0.016844,-0.149
0.016848,-0.149
0.016852,-0.149
0.016856,-0.149
0.01686,-0.22349999999999998
0.016864,-0.149
0.016868,-0.149
0.016872,-0.149
0.016876,-0.149
0.01688,-0.149
0.016884,-0.149
0.016888,-0.149
0.016892,-0.22349999999999998
0.016896,-0.149
0.0169,-0.149
0.016904,-0.149
0.016908,-0.149
0.016912,-0.149
0.016916,-0.0745
0.01692,-0.22349999999999998
0.016924,-0.149
0.016928,-0.149
0.016932,-0.149
0.016936,-0.149
0.01694,-0.149
0.016944,-0.149
0.016948,-0.149
0.016952,-0.149
0.016956,-0.149
0.01696,-0.149
0.016964,-0.149
0.016968,-0.149
0.016972,-0.149
0.016976,-0.149
0.01698,-0.22349999999999998
0.016984,-0.149
0.016988,-0.149
0.016992,-0.22349999999999998
0.016996,-0.149
0.017,-0.149
0.017004,-0.149
0.017008,-0.149
0.017012,-0.149
0.017016,-0.149
0.01702,-0.149
0.017024,-0.149
0.017028,-0.149
0.017032,-0.149
0.017036,-0.149
0.01704,-0.149
0.017044,-0.149
0.017048,-0.149
0.017052,-0.149
0.017056,-0.149
0.01706,-0.22349999999999998
0.017064,-0.149
0.017068,-0.149
0.017072,-0.149
0.017076,-0.149
0.01708,-0.149
0.017084,-0.149
0.017088,-0.22349999999999998
0.017092,-0.149
0.017096,-0.22349999999999998
0.0171,-0.22349999999999998
0.017104,-0.149
0.017108,-0.149
0.017112,-0.149
0.017116,-0.149
0.01712,-0.149
0.017124,-0.22349999999999998
0.017128,-0.149
0.017132,-0.149
0.017136,-0.149
0.01714,-0.149
0.017144,-0.22349999999999998
0.017148,-0.149
0.017152,-0.149
0.017156,-0.149
0.01716,-0.149
0.017164,-0.149
0.017168,-0.149
0.017172,-0.22349999999999998
0.017176,-0.149
0.01718,-0.22349999999999998
0.017184,-0.149
0.017188,-0.149
0.017192,-0.22349999999999998
0.017196,-0.149
0.0172,-0.149
0.017204,-0.149
0.017208,-0.149
0.017212,-0.149
0.017216,-0.149
0.01722,-0.149
0.017224,-0.22349999999999998
0.017228,-0.149
0.017232,-0.149
0.017236,-0.149
0.01724,-0.149
0.017244,-0.149
0.017248,-0.22349999999999998
0.017252,-0.149
0.017256,-0.149
0.01726,-0.149
0.017264,-0.149
0.017268,-0.149
0.017272,-0.149
0.017276,-0.149
0.01728,-0.149
0.017284,-0.149
0.017288,-0.22349999999999998
0.017292,-0.149
0.017296,-0.149
0.0173,-0.149
0.017304,-0.149
0.017308,-0.149
0.017312,-0.149
0.017316,-0.149
0.01732,-0.149
0.017324,-0.149
0.017328,-0.0745
0.017332,-0.149
0.017336,-0.149
0.01734,-0.149
0.017344,-0.149
0.017348,-0.149
0.017352,-0.149
0.017356,-0.149
0.01736,-0.149
0.017364,-0.149
0.017368,-0.149
0.017372,-0.22349999999999998
0.017376,-0.149
0.01738,-0.22349999999999998
0.017384,-0.149
0.017388,-0.149
0.017392,-0.22349999999999998
0.017396,-0.149
0.0174,-0.149
0.017404,-0.149
0.017408,-0.22349999999999998
0.017412,-0.22349999999999998
0.017416,-0.149
0.01742,-0.149
0.017424,-0.149
0.017428,-0.149
0.017432,-0.149
0.017436,-0.149
0.01744,-0.149
0.017444,-0.149
0.017448,-0.149
0.017452,-0.22349999999999998
0.017456,-0.149
0.01746,-0.149
0.017464,-0.149
0.017468,-0.22349999999999998
0.017472,-0.149
0.017476,-0.149
0.01748,-0.149
0.017484,-0.149
0.017488,-0.22349999999999998
0.017492,-0.22349999999999998
0.017496,-0.149
0.0175,-0.149
0.017504,-0.149
0.017508,-0.149
0.017512,-0.22349999999999998
0.017516,-0.149
0.01752,-0.149
0.017524,-0.22349999999999998
0.017528,-0.149
0.017532,-0.22349999999999998
0.017536,-0.149
0.01754,-0.149
0.017544,-0.149
0.017548,-0.149
0.017552,-0.149
0.017556,-0.149
0.01756,-0.22349999999999998
0.017564,-0.22349999999999998
0.017568,-0.149
0.017572,-0.149
0.017576,-0.149
0.01758,-0.149
0.017584,-0.149
0.017588,-0.149
0.017592,-0.149
0.017596,-0.149
0.0176,-0.149
0.017604,-0.149
0.017608,-0.149
0.017612,-0.149
0.017616,-0.149
0.01762,-0.149
0.017624,-0.149
0.017628,-0.149
0.017632,-0.149
0.017636,-0.149
0.01764,-0.149
0.017644,-0.149
0.017648,-0.149
0.017652,-0.149
0.017656,-0.22349999999999998
0.01766,-0.149
0.017664,-0.149
0.017668,-0.22349999999999998
0.017672,-0.149
0.017676,-0.149
0.01768,-0.22349999999999998
0.017684,-0.22349999999999998
0.017688,-0.149
0.017692,-0.22349999999999998
0.017696,-0.149
0.0177,-0.149
0.017704,-0.149
0.017708,-0.22349999999999998
0.017712,-0.149
0.017716,-0.149
0.01772,-0.22349999999999998
0.017724,-0.149
0.017728,-0.149
0.017732,-0.149
0.017736,-0.149
0.01774,-0.149
0.017744,-0.149
0.017748,-0.149
0.017752,-0.149
0.017756,-0.22349999999999998
0.01776,-0.149
0.017764,-0.149
0.017768,-0.149
0.017772,-0.149
0.017776,-0.22349999999999998
0.01778,-0.149
0.017784,-0.149
0.017788,-0.22349999999999998
0.017792,-0.22349999999999998
0.017796,-0.149
0.0178,-0.149
0.017804,-0.22349999999999998
0.017808,-0.149
0.017812,-0.149
0.017816,-0.149
0.01782,-0.149
0.017824,-0.149
0.017828,-0.149
0.017832,-0.22349999999999998
0.017836,-0.149
0.01784,-0.149
0.017844,-0.149
0.017848,-0.149
0.017852,-0.149
0.017856,-0.149
0.01786,-0.149
0.017864,-0.149
0.017868,-0.149
0.017872,-0.149
0.017876,-0.149
0.01788,-0.149
0.017884,-0.149
0.017888,-0.22349999999999998
0.017892,-0.149
0.017896,-0.149
0.0179,-0.149
0.017904,-0.149
0.017908,-0.22349999999999998
0.017912,-0.149
0.017916,-0.149
0.01792,-0.149
0.017924,-0.149
0.017928,-0.22349999999999998
0.017932,-0.149
0.017936,-0.22349999999999998
0.01794,-0.149
0.017944,-0.149
0.017948,-0.149
0.017952,-0.149
0.017956,-0.149
0.01796,-0.149
0.017964,-0.149
0.017968,-0.149
0.017972,-0.149
0.017976,-0.149
0.01798,-0.149
0.017984,-0.149
0.017988,-0.149
0.017992,-0.22349999999999998
0.017996,-0.22349999999999998
0.018,-0.149
0.018004,-0.22349999999999998
0.018008,-0.22349999999999998
0.018012,-0.149
0.018016,-0.149
0.01802,-0.149
0.018024,-0.149
0.018028,-0.149
0.018032,-0.149
0.018036,-0.22349999999999998
0.01804,-0.149
0.018044,-0.149
0.018048,-0.22349999999999998
0.018052,-0.149
0.018056,-0.149
0.01806,-0.149
0.018064,-0.22349999999999998
0.018068,-0.149
0.018072,-0.149
0.018076,-0.22349999999999998
0.01808,-0.22349999999999998
0.018084,-0.149
0.018088,-0.149
0.018092,-0.149
0.018096,-0.149
0.0181,-0.22349999999999998
0.018104,-0.149
0.018108,-0.149
0.018112,-0.149
0.018116,-0.149
0.01812,-0.149
0.018124,-0.149
0.018128,-0.149
0.018132,-0.22349999999999998
0.018136,-0.22349999999999998
0.01814,-0.149
0.018144,-0.149
0.018148,-0.149
0.018152,-0.22349999999999998
0.018156,-0.149
0.01816,-0.149
0.018164,-0.149
0.018168,-0.22349999999999998
0.018172,-0.22349999999999998
0.018176,-0.149
0.01818,-0.149
0.018184,-0.22349999999999998
0.018188,-0.149
0.018192,-0.22349999999999998
0.018196,-0.149
0.0182,-0.149
0.018204,-0.149
0.018208,-0.149
0.018212,-0.149
0.018216,-0.149
0.01822,-0.149
0.018224,-0.149
0.018228,-0.22349999999999998
0.018232,-0.22349999999999998
0.018236,-0.22349999999999998
0.01824,-0.22349999999999998
0.018244,-0.149
0.018248,-0.149
0.018252,-0.149
0.018256,-0.22349999999999998
0.01826,-0.22349999999999998
0.018264,-0.22349999999999998
0.018268,-0.149
0.018272,-0.22349999999999998
0.018276,-0.149
0.01828,-0.149
0.018284,-0.149
0.018288,-0.22349999999999998
0.018292,-0.22349999999999998
0.018296,-0.149
0.0183,-0.149
0.018304,-0.22349999999999998
0.018308,-0.149
0.018312,-0.149
0.018316,-0.149
0.01832,-0.149
0.018324,-0.149
0.018328,-0.22349999999999998
0.018332,-0.22349999999999998
0.018336,-0.149
0.01834,-0.149
0.018344,-0.149
0.018348,-0.22349999999999998
0.018352,-0.22349999999999998
0.018356,-0.149
0.01836,-0.149
0.018364,-0.149
0.018368,-0.149
0.018372,-0.149
0.018376,-0.22349999999999998
0.01838,-0.149
0.018384,-0.149
0.018388,-0.22349999999999998
0.018392,-0.149
0.018396,-0.149
0.0184,-0.22349999999999998
0.018404,-0.149
0.018408,-0.149
0.018412,-0.22349999999999998
0.018416,-0.149
0.01842,-0.22349999999999998
0.018424,-0.22349999999999998
0.018428,-0.22349999999999998
0.018432,-0.149
0.018436,-0.149
0.01844,-0.149
0.018444,-0.149
0.018448,-0.149
0.018452,-0.22349999999999998
0.018456,-0.149
0.01846,-0.149
0.018464,-0.149
0.018468,-0.149
0.018472,-0.149
0.018476,-0.22349999999999998
0.01848,-0.22349999999999998
0.018484,-0.149
0.018488,-0.149
0.018492,-0.149
0.018496,-0.149
0.0185,-0.22349999999999998
0.018504,-0.149
0.018508,-0.149
0.018512,-0.22349999999999998
0.018516,-0.149
0.01852,-0.149
0.018524,-0.149
0.018528,-0.149
0.018532,-0.22349999999999998
0.018536,-0.149
0.01854,-0.149
0.018544,-0.149
0.018548,-0.149
0.018552,-0.22349999999999998
0.018556,-0.149
0.01856,-0.149
0.018564,-0.149
0.018568,-0.149
0.018572,-0.149
0.018576,-0.22349999999999998
0.01858,-0.149
0.018584,-0.149
0.018588,-0.149
0.018592,-0.149
0.018596,-0.22349999999999998
0.0186,-0.149
0.018604,-0.22349999999999998
0.018608,-0.149
0.018612,-0.149
0.018616,-0.149
0.01862,-0.149
0.018624,-0.149
0.018628,-0.149
0.018632,-0.22349999999999998
0.018636,-0.149
0.01864,-0.149
0.018644,-0.149
0.018648,-0.149
0.018652,-0.149
0.018656,-0.149
0.01866,-0.149
0.018664,-0.149
0.018668,-0.149
0.018672,-0.22349999999999998
0.018676,-0.149
0.01868,-0.149
0.018684,-0.22349999999999998
0.018688,-0.149
0.018692,-0.149
0.018696,-0.0745
0.0187,-0.149
0.018704,-0.149
0.018708,-0.22349999999999998
0.018712,-0.149
0.018716,-0.22349999999999998
0.01872,-0.149
0.018724,-0.149
0.018728,-0.149
0.018732,-0.149
0.018736,-0.149
0.01874,-0.22349999999999998
0.018744,-0.149
0.018748,-0.149
0.018752,-0.22349999999999998
0.018756,-0.22349999999999998
0.01876,-0.149
0.018764,-0.149
0.018768,-0.149
0.018772,-0.22349999999999998
0.018776,-0.149
0.01878,-0.149
0.018784,-0.149
0.018788,-0.149
0.018792,-0.149
0.018796,-0.149
0.0188,-0.149
0.018804,-0.149
0.018808,-0.149
0.018812,-0.149
0.018816,-0.149
0.01882,-0.149
0.018824,-0.22349999999999998
0.018828,-0.149
0.018832,-0.149
0.018836,-0.149
0.01884,-0.149
0.018844,-0.149
0.018848,-0.149
0.018852,-0.149
0.018856,-0.149
0.01886,-0.149
0.018864,-0.149
0.018868,-0.149
0.018872,-0.149
0.018876,-0.149
0.01888,-0.22349999999999998
0.018884,-0.22349999999999998
0.018888,-0.149
0.018892,-0.22349999999999998
0.018896,-0.149
0.0189,-0.149
0.018904,-0.149
0.018908,-0.149
0.018912,-0.149
0.018916,-0.149
0.01892,-0.149
0.018924,-0.149
0.018928,-0.149
0.018932,-0.149
0.018936,-0.149
0.01894,-0.149
0.018944,-0.149
0.018948,-0.149
0.018952,-0.149
0.018956,-0.149
0.01896,-0.149
0.018964,-0.149
0.018968,-0.149
0.018972,-0.22349999999999998
0.018976,-0.149
0.01898,-0.149
0.018984,-0.149
0.018988,-0.149
0.018992,-0.149
0.018996,-0.149
0.019,-0.149
0.019004,-0.22349999999999998
0.019008,-0.22349999999999998
0.019012,-0.149
0.019016,-0.22349999999999998
0.01902,-0.22349999999999998
0.019024,-0.149
0.019028,-0.149
0.019032,-0.149
0.019036,-0.149
0.01904,-0.149
0.019044,-0.22349999999999998
0.019048,-0.149
0.019052,-0.149
0.019056,-0.22349999999999998
0.01906,-0.149
0.019064,-0.22349999999999998
0.019068,-0.149
0.019072,-0.149
0.019076,-0.22349999999999998
0.01908,-0.149
0.019084,-0.22349999999999998
0.019088,-0.149
0.019092,-0.149
0.019096,-0.22349999999999998
0.0191,-0.149
0.019104,-0.149
0.019108,-0.149
0.019112,-0.149
0.019116,-0.149
0.01912,-0.149
0.019124,-0.22349999999999998
0.019128,-0.149
0.019132,-0.149
0.019136,-0.22349999999999998
0.01914,-0.149
0.019144,-0.149
0.019148,-0.149
0.019152,-0.149
0.019156,-0.149
0.01916,-0.149
0.019164,-0.149
0.019168,-0.149
0.019172,-0.22349999999999998
0.019176,-0.149
0.01918,-0.22349999999999998
0.019184,-0.149
0.019188,-0.22349999999999998
0.019192,-0.149
0.019196,-0.149
0.0192,-0.149
0.019204,-0.149
0.019208,-0.149
0.019212,-0.149
0.019216,-0.22349999999999998
0.01922,-0.149
0.019224,-0.22349999999999998
0.019228,-0.149
0.019232,-0.149
0.019236,-0.22349999999999998
0.01924,-0.149
0.019244,-0.149
0.019248,-0.22349999999999998
0.019252,-0.149
0.019256,-0.149
0.01926,-0.149
0.019264,-0.22349999999999998
0.019268,-0.149
0.019272,-0.149
0.019276,-0.149
0.01928,-0.149
0.019284,-0.149
0.019288,-0.149
0.019292,-0.22349999999999998
0.019296,-0.22349999999999998
0.0193,-0.22349999999999998
0.019304,-0.22349999999999998
0.019308,-0.149
0.019312,-0.149
0.019316,-0.149
0.01932,-0.149
0.019324,-0.149
0.019328,-0.149
0.019332,-0.22349999999999998
0.019336,-0.149
0.01934,-0.149
0.019344,-0.149
0.019348,-0.22349999999999998
0.019352,-0.149
0.019356,-0.149
0.01936,-0.149
0.019364,-0.22349999999999998
0.019368,-0.149
0.019372,-0.149
0.019376,-0.22349999999999998
0.01938,-0.149
0.019384,-0.149
0.019388,-0.149
0.019392,-0.149
0.019396,-0.149
0.0194,-0.149
0.019404,-0.149
0.019408,-0.149
0.019412,-0.149
0.019416,-0.22349999999999998
0.01942,-0.22349999999999998
0.019424,-0.22349999999999998
0.019428,-0.149
0.019432,-0.22349999999999998
0.019436,-0.149
0.01944,-0.149
0.019444,-0.149
0.019448,-0.149
0.019452,-0.149
0.019456,-0.149
0.01946,-0.149
0.019464,-0.149
0.019468,-0.149
0.019472,-0.149
0.019476,-0.149
0.01948,-0.149
0.019484,-0.149
0.019488,-0.149
0.019492,-0.22349999999999998
0.019496,-0.149
0.0195,-0.149
0.019504,-0.149
0.019508,-0.22349999999999998
0.019512,-0.22349999999999998
0.019516,-0.149
0.01952,-0.22349999999999998
0.019524,-0.22349999999999998
0.019528,-0.149
0.019532,-0.149
0.019536,-0.149
0.01954,-0.22349999999999998
0.019544,-0.149
0.019548,-0.149
0.019552,-0.149
0.019556,-0.22349999999999998
0.01956,-0.149
0.019564,-0.149
0.019568,-0.22349999999999998
0.019572,-0.149
0.019576,-0.149
0.01958,-0.22349999999999998
0.019584,-0.149
0.019588,-0.149
0.019592,-0.22349999999999998
0.019596,-0.149
0.0196,-0.149
0.019604,-0.149
0.019608,-0.149
0.019612,-0.149
0.019616,-0.22349999999999998
0.01962,-0.149
0.019624,-0.149
0.019628,-0.149
0.019632,-0.149
0.019636,-0.149
0.01964,-0.22349999999999998
0.019644,-0.149
0.019648,-0.149
0.019652,-0.22349999999999998
0.019656,-0.22349999999999998
0.01966,-0.149
0.019664,-0.149
0.019668,-0.149
0.019672,-0.149
0.019676,-0.22349999999999998
0.01968,-0.22349999999999998
0.019684,-0.22349999999999998
0.019688,-0.149
0.019692,-0.22349999999999998
0.019696,-0.149
0.0197,-0.149
0.019704,-0.22349999999999998
0.019708,-0.149
0.019712,-0.149
0.019716,-0.149
0.01972,-0.149
0.019724,-0.149
0.019728,-0.149
0.019732,-0.149
0.019736,-0.149
0.01974,-0.22349999999999998
0.019744,-0.149
0.019748,-0.149
0.019752,-0.149
0.019756,-0.22349999999999998
0.01976,-0.149
0.019764,-0.22349999999999998
0.019768,-0.149
0.019772,-0.149
0.019776,-0.22349999999999998
0.01978,-0.149
0.019784,-0.149
0.019788,-0.149
0.019792,-0.149
0.019796,-0.149
0.0198,-0.149
0.019804,-0.149
0.019808,-0.149
0.019812,-0.149
0.019816,-0.149
0.01982,-0.22349999999999998
0.019824,-0.149
0.019828,-0.149
0.019832,-0.22349999999999998
0.019836,-0.149
0.01984,-0.149
0.019844,-0.22349999999999998
0.019848,-0.22349999999999998
0.019852,-0.149
0.019856,-0.22349999999999998
0.01986,-0.149
0.019864,-0.149
0.019868,-0.149
0.019872,-0.149
0.019876,-0.149
0.01988,-0.149
0.019884,-0.149
0.019888,-0.149
0.019892,-0.22349999999999998
0.019896,-0.149
0.0199,-0.149
0.019904,-0.22349999999999998
0.019908,-0.149
0.019912,-0.149
0.019916,-0.149
0.01992,-0.149
0.019924,-0.149
0.019928,-0.149
0.019932,-0.22349999999999998
0.019936,-0.149
0.01994,-0.149
0.019944,-0.149
0.019948,-0.149
0.019952,-0.149
0.019956,-0.149
0.01996,-0.149
0.019964,-0.22349999999999998
0.019968,-0.149
0.019972,-0.149
0.019976,-0.149
0.01998,-0.22349999999999998
0.019984,-0.149
0.019988,-0.149
0.019992,-0.149
0.019996,-0.149
0.02,-0.22349999999999998
0.020004,-0.149
0.020008,-0.149
0.020012,-0.22349999999999998
0.020016,-0.149
0.02002,-0.22349999999999998
0.020024,-0.149
0.020028,-0.149
0.020032,-0.22349999999999998
0.020036,-0.22349999999999998
0.02004,-0.149
0.020044,-0.149
0.020048,-0.149
0.020052,-0.149
0.020056,-0.149
0.02006,-0.149
0.020064,-0.149
0.020068,-0.149
0.020072,-0.22349999999999998
0.020076,-0.149
0.02008,-0.149
0.020084,-0.149
0.020088,-0.149
0.020092,-0.22349999999999998
0.020096,-0.149
0.0201,-0.149
0.020104,-0.149
0.020108,-0.149
0.020112,-0.149
0.020116,-0.149
0.02012,-0.22349999999999998
0.020124,-0.149
0.020128,-0.149
0.020132,-0.149
0.020136,-0.149
0.02014,-0.22349999999999998
0.020144,-0.149
0.020148,-0.149
0.020152,-0.22349999999999998
0.020156,-0.149
0.02016,-0.22349999999999998
0.020164,-0.149
0.020168,-0.149
0.020172,-0.149
0.020176,-0.149
0.02018,-0.149
0.020184,-0.149
0.020188,-0.149
0.020192,-0.149
0.020196,-0.149
0.0202,-0.149
0.020204,-0.149
0.020208,-0.149
0.020212,-0.149
0.020216,-0.149
0.02022,-0.149
0.020224,-0.149
0.020228,-0.149
0.020232,-0.22349999999999998
0.020236,-0.22349999999999998
0.02024,-0.149
0.020244,-0.22349999999999998
0.020248,-0.149
0.020252,-0.22349999999999998
0.020256,-0.22349999999999998
0.02026,-0.149
0.020264,-0.22349999999999998
0.020268,-0.149
0.020272,-0.149
0.020276,-0.149
0.02028,-0.22349999999999998
0.020284,-0.22349999999999998
0.020288,-0.149
0.020292,-0.149
0.020296,-0.149
0.0203,-0.149
0.020304,-0.149
0.020308,-0.149
0.020312,-0.149
0.020316,-0.149
0.02032,-0.149
0.020324,-0.22349999999999998
0.020328,-0.149
0.020332,-0.149
0.020336,-0.149
0.02034,-0.149
0.020344,-0.149
0.020348,-0.149
0.020352,-0.149
0.020356,-0.149
0.02036,-0.149
0.020364,-0.149
0.020368,-0.149
0.020372,-0.149
0.020376,-0.22349999999999998
0.02038,-0.149
0.020384,-0.149
0.020388,-0.22349999999999998
0.020392,-0.149
0.020396,-0.149
0.0204,-0.149
0.020404,-0.149
0.020408,-0.149
0.020412,-0.149
0.020416,-0.149
0.02042,-0.149
0.020424,-0.22349999999999998
0.020428,-0.22349999999999998
0.020432,-0.22349999999999998
0.020436,-0.149
0.02044,-0.149
0.020444,-0.22349999999999998
0.020448,-0.22349999999999998
0.020452,-0.22349999999999998
0.020456,-0.149
0.02046,-0.149
0.020464,-0.149
0.020468,-0.22349999999999998
0.020472,-0.149
0.020476,-0.149
0.02048,-0.149
0.020484,-0.149
0.020488,-0.149
0.020492,-0.149
0.020496,-0.22349999999999998
0.0205,-0.149
0.020504,-0.22349999999999998
0.020508,-0.149
0.020512,-0.149
0.020516,-0.149
0.02052,-0.149
0.020524,-0.149
0.020528,-0.149
0.020532,-0.149
0.020536,-0.149
0.02054,-0.149
0.020544,-0.22349999999999998
0.020548,-0.22349999999999998
0.020552,-0.149
0.020556,-0.149
0.02056,-0.149
0.020564,-0.22349999999999998
0.020568,-0.149
0.020572,-0.149
0.020576,-0.22349999999999998
0.02058,-0.149
0.020584,-0.149
0.020588,-0.22349999999999998
0.020592,-0.149
0.020596,-0.149
0.0206,-0.149
0.020604,-0.149
0.020608,-0.149
0.020612,-0.149
0.020616,-0.149
0.02062,-0.149
0.020624,-0.22349999999999998
0.020628,-0.149
0.020632,-0.149
0.020636,-0.149
0.02064,-0.149
0.020644,-0.22349999999999998
0.020648,-0.149
0.020652,-0.22349999999999998
0.020656,-0.22349999999999998
0.02066,-0.22349999999999998
0.020664,-0.149
0.020668,-0.149
0.020672,-0.149
0.020676,-0.149
0.02068,-0.149
0.020684,-0.149
0.020688,-0.149
0.020692,-0.22349999999999998
0.020696,-0.22349999999999998
0.0207,-0.22349999999999998
0.020704,-0.149
0.020708,-0.149
0.020712,-0.149
0.020716,-0.22349999999999998
0.02072,-0.149
0.020724,-0.149
0.020728,-0.149
0.020732,-0.149
0.020736,-0.22349999999999998
0.02074,-0.22349999999999998
0.020744,-0.149
0.020748,-0.149
0.020752,-0.149
0.020756,-0.149
0.02076,-0.22349999999999998
0.020764,-0.149
0.020768,-0.149
0.020772,-0.149
0.020776,-0.149
0.02078,-0.149
0.020784,-0.149
0.020788,-0.149
0.020792,-0.22349999999999998
0.020796,-0.149
0.0208,-0.149
0.020804,-0.149
0.020808,-0.22349999999999998
0.020812,-0.149
0.020816,-0.149
0.02082,-0.149
0.020824,-0.149
0.020828,-0.149
0.020832,-0.22349999999999998
0.020836,-0.149
0.02084,-0.149
0.020844,-0.22349999999999998
0.020848,-0.149
0.020852,-0.149
0.020856,-0.149
0.02086,-0.149
0.020864,-0.149
0.020868,-0.149
0.020872,-0.149
0.020876,-0.149
0.02088,-0.149
0.020884,-0.22349999999999998
0.020888,-0.22349999999999998
0.020892,-0.149
0.020896,-0.149
0.0209,-0.22349999999999998
0.020904,-0.149
0.020908,-0.149
0.020912,-0.149
0.020916,-0.149
0.02092,-0.149
0.020924,-0.149
0.020928,-0.149
0.020932,-0.149
0.020936,-0.149
0.02094,-0.149
0.020944,-0.22349999999999998
0.020948,-0.149
0.020952,-0.149
0.020956,-0.149
0.02096,-0.149
0.020964,-0.149
0.020968,-0.149
0.020972,-0.22349999999999998
0.020976,-0.22349999999999998
0.02098,-0.149
0.020984,-0.149
0.020988,-0.149
0.020992,-0.149
0.020996,-0.149
0.021,-0.149
0.021004,-0.149
0.021008,-0.149
0.021012,-0.149
0.021016,-0.149
0.02102,-0.22349999999999998
0.021024,-0.149
0.021028,-0.149
0.021032,-0.149
0.021036,-0.22349999999999998
0.02104,-0.149
0.021044,-0.22349999999999998
0.021048,-0.149
0.021052,-0.22349999999999998
0.021056,-0.149
0.02106,-0.149
0.021064,-0.149
0.021068,-0.149
0.021072,-0.22349999999999998
0.021076,-0.149
0.02108,-0.149
0.021084,-0.149
0.021088,-0.149
0.021092,-0.149
0.021096,-0.22349999999999998
0.0211,-0.149
0.021104,-0.149
0.021108,-0.22349999999999998
0.021112,-0.149
0.021116,-0.149
0.02112,-0.149
0.021124,-0.149
0.021128,-0.149
0.021132,-0.149
0.021136,-0.22349999999999998
0.02114,-0.149
0.021144,-0.149
0.021148,-0.149
0.021152,-0.149
0.021156,-0.149
0.02116,-0.149
0.021164,-0.22349999999999998
0.021168,-0.149
0.021172,-0.22349999999999998
0.021176,-0.22349999999999998
0.02118,-0.149
0.021184,-0.149
0.021188,-0.149
0.021192,-0.22349999999999998
0.021196,-0.149
0.0212,-0.22349999999999998
0.021204,-0.149
0.021208,-0.149
0.021212,-0.22349999999999998
0.021216,-0.22349999999999998
0.02122,-0.149
0.021224,-0.22349999999999998
0.021228,-0.149
0.021232,-0.149
0.021236,-0.149
0.02124,-0.149
0.021244,-0.22349999999999998
0.021248,-0.149
0.021252,-0.149
0.021256,-0.22349999999999998
0.02126,-0.22349999999999998
0.021264,-0.149
0.021268,-0.149
0.021272,-0.22349999999999998
0.021276,-0.22349999999999998
0.02128,-0.149
0.021284,-0.22349999999999998
0.021288,-0.22349999999999998
0.021292,-0.149
0.021296,-0.149
0.0213,-0.22349999999999998
0.021304,-0.149
0.021308,-0.149
0.021312,-0.149
0.021316,-0.149
0.02132,-0.149
0.021324,-0.149
0.021328,-0.149
0.021332,-0.149
0.021336,-0.149
0.02134,-0.149
0.021344,-0.149
0.021348,-0.149
0.021352,-0.22349999999999998
0.021356,-0.149
0.02136,-0.149
0.021364,-0.149
0.021368,-0.149
0.021372,-0.149
0.021376,-0.149
0.02138,-0.149
0.021384,-0.149
0.021388,-0.149
0.021392,-0.149
0.021396,-0.22349999999999998
0.0214,-0.149
0.021404,-0.149
0.021408,-0.22349999999999998
0.021412,-0.22349999999999998
0.021416,-0.149
0.02142,-0.149
0.021424,-0.149
0.021428,-0.22349999999999998
0.021432,-0.22349999999999998
0.021436,-0.22349999999999998
0.02144,-0.22349999999999998
0.021444,-0.149
0.021448,-0.22349999999999998
0.021452,-0.149
0.021456,-0.149
0.02146,-0.149
0.021464,-0.149
0.021468,-0.149
0.021472,-0.149
0.021476,-0.22349999999999998
0.02148,-0.149
0.021484,-0.149
0.021488,-0.149
0.021492,-0.22349999999999998
0.021496,-0.149
0.0215,-0.149
0.021504,-0.149
0.021508,-0.22349999999999998
0.021512,-0.22349999999999998
0.021516,-0.149
0.02152,-0.149
0.021524,-0.149
0.021528,-0.149
0.021532,-0.149
0.021536,-0.149
0.02154,-0.149
0.021544,-0.149
0.021548,-0.22349999999999998
0.021552,-0.22349999999999998
0.021556,-0.22349999999999998
0.02156,-0.149
0.021564,-0.22349999999999998
0.021568,-0.149
0.021572,-0.149
0.021576,-0.149
0.02158,-0.149
0.021584,-0.149
0.021588,-0.22349999999999998
0.021592,-0.149
0.021596,-0.149
0.0216,-0.149
0.021604,-0.149
0.021608,-0.22349999999999998
0.021612,-0.22349999999999998
0.021616,-0.149
0.02162,-0.149
0.021624,-0.149
0.021628,-0.149
0.021632,-0.22349999999999998
0.021636,-0.22349999999999998
0.02164,-0.149
0.021644,-0.149
0.021648,-0.149
0.021652,-0.149
0.021656,-0.149
0.02166,-0.22349999999999998
0.021664,-0.22349999999999998
0.021668,-0.22349999999999998
0.021672,-0.149
0.021676,-0.149
0.02168,-0.22349999999999998
0.021684,-0.22349999999999998
0.021688,-0.149
0.021692,-0.149
0.021696,-0.149
0.0217,-0.149
0.021704,-0.149
0.021708,-0.22349999999999998
0.021712,-0.22349999999999998
0.021716,-0.149
0.02172,-0.149
0.021724,-0.149
0.021728,-0.149
0.021732,-0.149
0.021736,-0.149
0.02174,-0.149
0.021744,-0.149
0.021748,-0.22349999999999998
0.021752,-0.149
0.021756,-0.22349999999999998
0.02176,-0.22349999999999998
0.021764,-0.149
0.021768,-0.22349999999999998
0.021772,-0.149
0.021776,-0.149
0.02178,-0.149
0.021784,-0.22349999999999998
0.021788,-0.22349999999999998
0.021792,-0.149
0.021796,-0.149
0.0218,-0.149
0.021804,-0.149
0.021808,-0.149
0.021812,-0.149
0.021816,-0.149
0.02182,-0.149
0.021824,-0.149
0.021828,-0.22349999999999998
0.021832,-0.149
0.021836,-0.22349999999999998
0.02184,-0.22349999999999998
0.021844,-0.149
0.021848,-0.149
0.021852,-0.22349999999999998
0.021856,-0.149
0.02186,-0.149
0.021864,-0.149
0.021868,-0.22349999999999998
0.021872,-0.149
0.021876,-0.149
0.02188,-0.149
0.021884,-0.149
0.021888,-0.149
0.021892,-0.22349999999999998
0.021896,-0.149
0.0219,-0.149
0.021904,-0.149
0.021908,-0.22349999999999998
0.021912,-0.149
0.021916,-0.149
0.02192,-0.149
0.021924,-0.149
0.021928,-0.22349999999999998
0.021932,-0.149
0.021936,-0.22349999999999998
0.02194,-0.149
0.021944,-0.149
0.021948,-0.149
0.021952,-0.149
0.021956,-0.149
0.02196,-0.149
0.021964,-0.149
0.021968,-0.149
0.021972,-0.149
0.021976,-0.149
0.02198,-0.149
0.021984,-0.22349999999999998
0.021988,-0.149
0.021992,-0.149
0.021996,-0.149
0.022,-0.22349999999999998
0.022004,-0.22349999999999998
0.022008,-0.22349999999999998
0.022012,-0.149
0.022016,-0.149
0.02202,-0.22349999999999998
0.022024,-0.149
0.022028,-0.149
0.022032,-0.149
0.022036,-0.149
0.02204,-0.149
0.022044,-0.149
0.022048,-0.149
0.022052,-0.149
0.022056,-0.149
0.02206,-0.149
0.022064,-0.149
0.022068,-0.149
0.022072,-0.149
0.022076,-0.149
0.02208,-0.22349999999999998
0.022084,-0.149
0.022088,-0.149
0.022092,-0.22349999999999998
0.022096,-0.22349999999999998
0.0221,-0.22349999999999998
0.022104,-0.149
0.022108,-0.149
0.022112,-0.149
0.022116,-0.149
0.02212,-0.22349999999999998
0.022124,-0.149
0.022128,-0.149
0.022132,-0.149
0.022136,-0.149
0.02214,-0.22349999999999998
0.022144,-0.149
0.022148,-0.149
0.022152,-0.22349999999999998
0.022156,-0.22349999999999998
0.02216,-0.22349999999999998
0.022164,-0.149
0.022168,-0.149
0.022172,-0.22349999999999998
0.022176,-0.22349999999999998
0.02218,-0.22349999999999998
0.022184,-0.22349999999999998
0.022188,-0.149
0.022192,-0.149
0.022196,-0.149
0.0222,-0.22349999999999998
0.022204,-0.149
0.022208,-0.149
0.022212,-0.149
0.022216,-0.22349999999999998
0.02222,-0.149
0.022224,-0.149
0.022228,-0.149
0.022232,-0.149
0.022236,-0.149
0.02224,-0.149
0.022244,-0.149
0.022248,-0.22349999999999998
0.022252,-0.149
0.022256,-0.149
0.02226,-0.149
0.022264,-0.149
0.022268,-0.149
0.022272,-0.149
0.022276,-0.22349999999999998
0.02228,-0.149
0.022284,-0.149
0.022288,-0.22349999999999998
0.022292,-0.149
0.022296,-0.149
0.0223,-0.149
0.022304,-0.149
0.022308,-0.149
0.022312,-0.149
0.022316,-0.149
0.02232,-0.149
0.022324,-0.149
0.022328,-0.149
0.022332,-0.22349999999999998
0.022336,-0.149
0.02234,-0.149
0.022344,-0.149
0.022348,-0.149
0.022352,-0.149
0.022356,-0.149
0.02236,-0.22349999999999998
0.022364,-0.22349999999999998
0.022368,-0.149
0.022372,-0.149
0.022376,-0.149
0.02238,-0.149
0.022384,-0.149
0.022388,-0.149
0.022392,-0.149
0.022396,-0.149
0.0224,-0.22349999999999998
0.022404,-0.149
0.022408,-0.149
0.022412,-0.149
0.022416,-0.149
0.02242,-0.149
0.022424,-0.149
0.022428,-0.22349999999999998
0.022432,-0.149
0.022436,-0.149
0.02244,-0.0745
0.022444,-0.149
0.022448,-0.22349999999999998
0.022452,-0.149
0.022456,-0.149
0.02246,-0.22349999999999998
0.022464,-0.149
0.022468,-0.22349999999999998
0.022472,-0.149
0.022476,-0.149
0.02248,-0.149
0.022484,-0.22349999999999998
0.022488,-0.22349999999999998
0.022492,-0.22349999999999998
0.022496,-0.149
0.0225,-0.149
0.022504,-0.149
0.022508,-0.22349999999999998
0.022512,-0.149
0.022516,-0.149
0.02252,-0.149
0.022524,-0.149
0.022528,-0.149
0.022532,-0.22349999999999998
0.022536,-0.149
0.02254,-0.149
0.022544,-0.149
0.022548,-0.149
0.022552,-0.149
0.022556,-0.22349999999999998
0.02256,-0.149
0.022564,-0.149
0.022568,-0.149
0.022572,-0.149
0.022576,-0.149
0.02258,-0.22349999999999998
0.022584,-0.22349999999999998
0.022588,-0.149
0.022592,-0.149
0.022596,-0.149
0.0226,-0.149
0.022604,-0.149
0.022608,-0.149
0.022612,-0.22349999999999998
0.022616,-0.149
0.02262,-0.22349999999999998
0.022624,-0.22349999999999998
0.022628,-0.149
0.022632,-0.149
0.022636,-0.149
0.02264,-0.149
0.022644,-0.22349999999999998
0.022648,-0.22349999999999998
0.022652,-0.149
0.022656,-0.149
0.02266,-0.149
0.022664,-0.149
0.022668,-0.149
0.022672,-0.149
0.022676,-0.149
0.02268,-0.149
0.022684,-0.22349999999999998
0.022688,-0.149
0.022692,-0.22349999999999998
0.022696,-0.149
0.0227,-0.149
0.022704,-0.22349999999999998
0.022708,-0.149
0.022712,-0.149
0.022716,-0.149
0.02272,-0.149
0.022724,-0.149
0.022728,-0.149
0.022732,-0.149
0.022736,-0.149
0.02274,-0.149
0.022744,-0.22349999999999998
0.022748,-0.149
0.022752,-0.149
0.022756,-0.149
0.02276,-0.149
0.022764,-0.149
0.022768,-0.22349999999999998
0.022772,-0.149
0.022776,-0.22349999999999998
0.02278,-0.22349999999999998
0.022784,-0.22349999999999998
0.022788,-0.149
0.022792,-0.149
0.022796,-0.149
0.0228,-0.149
0.022804,-0.149
0.022808,-0.22349999999999998
0.022812,-0.149
0.022816,-0.22349999999999998
0.02282,-0.149
0.022824,-0.149
0.022828,-0.149
0.022832,-0.149
0.022836,-0.149
0.02284,-0.22349999999999998
0.022844,-0.149
0.022848,-0.149
0.022852,-0.149
0.022856,-0.149
0.02286,-0.149
0.022864,-0.149
0.022868,-0.22349999999999998
0.022872,-0.149
0.022876,-0.149
0.02288,-0.149
0.022884,-0.149
0.022888,-0.149
0.022892,-0.149
0.022896,-0.22349999999999998
0.0229,-0.149
0.022904,-0.149
0.022908,-0.149
0.022912,-0.149
0.022916,-0.149
0.02292,-0.149
0.022924,-0.149
0.022928,-0.149
0.022932,-0.22349999999999998
0.022936,-0.22349999999999998
0.02294,-0.149
0.022944,-0.149
0.022948,-0.22349999999999998
0.022952,-0.149
0.022956,-0.149
0.02296,-0.149
0.022964,-0.149
0.022968,-0.149
0.022972,-0.149
0.022976,-0.149
0.02298,-0.149
0.022984,-0.22349999999999998
0.022988,-0.149
0.022992,-0.149
0.022996,-0.149
0.023,-0.149
0.023004,-0.22349999999999998
0.023008,-0.149
0.023012,-0.149
0.023016,-0.22349999999999998
0.02302,-0.149
0.023024,-0.22349999999999998
0.023028,-0.149
0.023032,-0.149
0.023036,-0.22349999999999998
0.02304,-0.22349999999999998
0.023044,-0.149
0.023048,-0.149
0.023052,-0.22349999999999998
0.023056,-0.149
0.02306,-0.149
0.023064,-0.149
0.023068,-0.22349999999999998
0.023072,-0.149
0.023076,-0.149
0.02308,-0.149
0.023084,-0.149
0.023088,-0.149
0.023092,-0.149
0.023096,-0.149
0.0231,-0.149
0.023104,-0.149
0.023108,-0.149
0.023112,-0.149
0.023116,-0.149
0.02312,-0.149
0.023124,-0.149
0.023128,-0.149
0.023132,-0.149
0.023136,-0.22349999999999998
0.02314,-0.149
0.023144,-0.149
0.023148,-0.22349999999999998
0.023152,-0.149
0.023156,-0.149
0.02316,-0.149
0.023164,-0.149
0.023168,-0.149
0.023172,-0.149
0.023176,-0.22349999999999998
0.02318,-0.22349999999999998
0.023184,-0.149
0.023188,-0.149
0.023192,-0.149
0.023196,-0.149
0.0232,-0.149
0.023204,-0.149
0.023208,-0.22349999999999998
0.023212,-0.149
0.023216,-0.149
0.02322,-0.149
0.023224,-0.22349999999999998
0.023228,-0.149
0.023232,-0.149
0.023236,-0.149
0.02324,-0.149
0.023244,-0.149
0.023248,-0.149
0.023252,-0.149
0.023256,-0.149
0.02326,-0.149
0.023264,-0.149
0.023268,-0.149
0.023272,-0.149
0.023276,-0.149
0.02328,-0.22349999999999998
0.023284,-0.149
0.023288,-0.149
0.023292,-0.149
0.023296,-0.149
0.0233,-0.22349999999999998
0.023304,-0.22349999999999998
0.023308,-0.149
0.023312,-0.149
0.023316,-0.149
0.02332,-0.22349999999999998
0.023324,-0.149
0.023328,-0.22349999999999998
0.023332,-0.149
0.023336,-0.22349999999999998
0.02334,-0.149
0.023344,-0.149
0.023348,-0.22349999999999998
0.023352,-0.149
0.023356,-0.149
0.02336,-0.22349999999999998
0.023364,-0.149
0.023368,-0.22349999999999998
0.023372,-0.149
0.023376,-0.149
0.02338,-0.149
0.023384,-0.149
0.023388,-0.149
0.023392,-0.149
0.023396,-0.149
0.0234,-0.149
0.023404,-0.149
0.023408,-0.149
0.023412,-0.22349999999999998
0.023416,-0.149
0.02342,-0.149
0.023424,-0.149
0.023428,-0.22349999999999998
0.023432,-0.149
0.023436,-0.22349999999999998
0.02344,-0.149
0.023444,-0.149
0.023448,-0.149
0.023452,-0.149
0.023456,-0.149
0.02346,-0.149
0.023464,-0.149
0.023468,-0.22349999999999998
0.023472,-0.22349999999999998
0.023476,-0.149
0.02348,-0.149
0.023484,-0.149
0.023488,-0.149
0.023492,-0.149
0.023496,-0.22349999999999998
0.0235,-0.22349999999999998
0.023504,-0.149
0.023508,-0.22349999999999998
0.023512,-0.149
0.023516,-0.149
0.02352,-0.149
0.023524,-0.149
0.023528,-0.149
0.023532,-0.149
0.023536,-0.149
0.02354,-0.149
0.023544,-0.149
0.023548,-0.149
0.023552,-0.149
0.023556,-0.149
0.02356,-0.149
0.023564,-0.149
0.023568,-0.22349999999999998
0.023572,-0.149
0.023576,-0.149
0.02358,-0.149
0.023584,-0.149
0.023588,-0.149
0.023592,-0.22349999999999998
0.023596,-0.22349999999999998
0.0236,-0.22349999999999998
0.023604,-0.149
0.023608,-0.149
0.023612,-0.149
0.023616,-0.22349999999999998
0.02362,-0.149
0.023624,-0.22349999999999998
0.023628,-0.22349999999999998
0.023632,-0.22349999999999998
0.023636,-0.22349999999999998
0.02364,-0.149
0.023644,-0.149
0.023648,-0.149
0.023652,-0.22349999999999998
0.023656,-0.149
0.02366,-0.149
0.023664,-0.149
0.023668,-0.22349999999999998
0.023672,-0.149
0.023676,-0.22349999999999998
0.02368,-0.149
0.023684,-0.149
0.023688,-0.149
0.023692,-0.149
0.023696,-0.22349999999999998
0.0237,-0.149
0.023704,-0.149
0.023708,-0.149
0.023712,-0.22349999999999998
0.023716,-0.22349999999999998
0.02372,-0.149
0.023724,-0.149
0.023728,-0.149
0.023732,-0.149
0.023736,-0.149
0.02374,-0.149
0.023744,-0.22349999999999998
0.023748,-0.149
0.023752,-0.149
0.023756,-0.22349999999999998
0.02376,-0.149
0.023764,-0.149
0.023768,-0.22349999999999998
0.023772,-0.149
0.023776,-0.22349999999999998
0.02378,-0.149
0.023784,-0.149
0.023788,-0.149
0.023792,-0.149
0.023796,-0.149
0.0238,-0.149
0.023804,-0.149
0.023808,-0.149
0.023812,-0.149
0.023816,-0.149
0.02382,-0.149
0.023824,-0.149
0.023828,-0.149
0.023832,-0.149
0.023836,-0.149
0.02384,-0.149
0.023844,-0.149
0.023848,-0.22349999999999998
0.023852,-0.149
0.023856,-0.22349999999999998
0.02386,-0.149
0.023864,-0.149
0.023868,-0.149
0.023872,-0.149
0.023876,-0.22349999999999998
0.02388,-0.149
0.023884,-0.22349999999999998
0.023888,-0.22349999999999998
0.023892,-0.149
0.023896,-0.149
0.0239,-0.149
0.023904,-0.149
0.023908,-0.22349999999999998
0.023912,-0.149
0.023916,-0.149
0.02392,-0.22349999999999998
0.023924,-0.22349999999999998
0.023928,-0.149
0.023932,-0.149
0.023936,-0.149
0.02394,-0.149
0.023944,-0.149
0.023948,-0.149
0.023952,-0.149
0.023956,-0.22349999999999998
0.02396,-0.149
0.023964,-0.149
0.023968,-0.149
0.023972,-0.149
0.023976,-0.149
0.02398,-0.149
0.023984,-0.22349999999999998
0.023988,-0.149
0.023992,-0.149
0.023996,-0.22349999999999998
0.024,-0.149
0.024004,-0.149
0.024008,-0.149
0.024012,-0.22349999999999998
0.024016,-0.149
0.02402,-0.149
0.024024,-0.149
0.024028,-0.149
0.024032,-0.22349999999999998
0.024036,-0.22349999999999998
0.02404,-0.149
0.024044,-0.149
0.024048,-0.149
0.024052,-0.149
0.024056,-0.22349999999999998
0.02406,-0.149
0.024064,-0.149
0.024068,-0.149
0.024072,-0.149
0.024076,-0.149
0.02408,-0.0745
0.024084,-0.149
0.024088,-0.149
0.024092,-0.149
0.024096,-0.149
0.0241,-0.149
0.024104,-0.22349999999999998
0.024108,-0.149
0.024112,-0.149
0.024116,-0.149
0.02412,-0.149
0.024124,-0.149
0.024128,-0.149
0.024132,-0.149
0.024136,-0.22349999999999998
0.02414,-0.149
0.024144,-0.149
0.024148,-0.149
0.024152,-0.149
0.024156,-0.22349999999999998
0.02416,-0.149
0.024164,-0.149
0.024168,-0.22349999999999998
0.024172,-0.22349999999999998
0.024176,-0.22349999999999998
0.02418,-0.149
0.024184,-0.149
0.024188,-0.149
0.024192,-0.149
0.024196,-0.149
0.0242,-0.149
0.024204,-0.149
0.024208,-0.22349999999999998
0.024212,-0.149
0.024216,-0.149
0.02422,-0.149
0.024224,-0.149
0.024228,-0.22349999999999998
0.024232,-0.149
0.024236,-0.22349999999999998
0.02424,-0.149
0.024244,-0.149
0.024248,-0.149
0.024252,-0.149
0.024256,-0.22349999999999998
0.02426,-0.149
0.024264,-0.149
0.024268,-0.149
0.024272,-0.22349999999999998
0.024276,-0.149
0.02428,-0.149
0.024284,-0.149
0.024288,-0.149
0.024292,-0.149
0.024296,-0.149
0.0243,-0.149
0.024304,-0.149
0.024308,-0.149
0.024312,-0.149
0.024316,-0.149
0.02432,-0.149
0.024324,-0.149
0.024328,-0.149
0.024332,-0.149
0.024336,-0.22349999999999998
0.02434,-0.149
0.024344,-0.149
0.024348,-0.149
0.024352,-0.22349999999999998
0.024356,-0.22349999999999998
0.02436,-0.149
0.024364,-0.149
0.024368,-0.149
0.024372,-0.149
0.024376,-0.22349999999999998
0.02438,-0.149
0.024384,-0.22349999999999998
0.024388,-0.22349999999999998
0.024392,-0.149
0.024396,-0.149
0.0244,-0.149
0.024404,-0.22349999999999998
0.024408,-0.149
0.024412,-0.149
0.024416,-0.22349999999999998
0.02442,-0.149
0.024424,-0.149
0.024428,-0.149
0.024432,-0.149
0.024436,-0.22349999999999998
0.02444,-0.149
0.024444,-0.149
0.024448,-0.149
0.024452,-0.149
0.024456,-0.149
0.02446,-0.149
0.024464,-0.22349999999999998
0.024468,-0.149
0.024472,-0.149
0.024476,-0.149
0.02448,-0.149
0.024484,-0.149
0.024488,-0.22349999999999998
0.024492,-0.149
0.024496,-0.149
0.0245,-0.149
0.024504,-0.22349999999999998
0.024508,-0.149
0.024512,-0.22349999999999998
0.024516,-0.149
0.02452,-0.149
0.024524,-0.22349999999999998
0.024528,-0.149
0.024532,-0.149
0.024536,-0.22349999999999998
0.02454,-0.149
0.024544,-0.149
0.024548,-0.149
0.024552,-0.149
0.024556,-0.149
0.02456,-0.22349999999999998
0.024564,-0.149
0.024568,-0.22349999999999998
0.024572,-0.149
0.024576,-0.149
0.02458,-0.149
0.024584,-0.149
0.024588,-0.149
0.024592,-0.149
0.024596,-0.149
0.0246,-0.149
0.024604,-0.22349999999999998
0.024608,-0.149
0.024612,-0.149
0.024616,-0.22349999999999998
0.02462,-0.22349999999999998
0.024624,-0.22349999999999998
0.024628,-0.149
0.024632,-0.149
0.024636,-0.149
0.02464,-0.149
0.024644,-0.149
0.024648,-0.149
0.024652,-0.149
0.024656,-0.149
0.02466,-0.22349999999999998
0.024664,-0.149
0.024668,-0.22349999999999998
0.024672,-0.149
0.024676,-0.22349999999999998
0.02468,-0.149
0.024684,-0.22349999999999998
0.024688,-0.149
0.024692,-0.22349999999999998
0.024696,-0.149
0.0247,-0.149
0.024704,-0.149
0.024708,-0.22349999999999998
0.024712,-0.149
0.024716,-0.149
0.02472,-0.22349999999999998
0.024724,-0.149
0.024728,-0.149
0.024732,-0.149
0.024736,-0.149
0.02474,-0.22349999999999998
0.024744,-0.149
0.024748,-0.149
0.024752,-0.149
0.024756,-0.149
0.02476,-0.149
0.024764,-0.149
0.024768,-0.22349999999999998
0.024772,-0.149
0.024776,-0.149
0.02478,-0.149
0.024784,-0.149
0.024788,-0.149
0.024792,-0.149
0.024796,-0.149
0.0248,-0.149
0.024804,-0.149
0.024808,-0.149
0.024812,-0.149
0.024816,-0.22349999999999998
0.02482,-0.149
0.024824,-0.149
0.024828,-0.149
0.024832,-0.149
0.024836,-0.22349999999999998
0.02484,-0.149
0.024844,-0.22349999999999998
0.024848,-0.149
0.024852,-0.149
0.024856,-0.149
0.02486,-0.149
0.024864,-0.149
0.024868,-0.22349999999999998
0.024872,-0.149
0.024876,-0.22349999999999998
0.02488,-0.22349999999999998
0.024884,-0.149
0.024888,-0.149
0.024892,-0.149
0.024896,-0.22349999999999998
0.0249,-0.149
0.024904,-0.149
0.024908,-0.149
0.024912,-0.149
0.024916,-0.149
0.02492,-0.149
0.024924,-0.149
0.024928,-0.149
0.024932,-0.149
0.024936,-0.22349999999999998
0.02494,-0.22349999999999998
0.024944,-0.149
0.024948,-0.149
0.024952,-0.22349999999999998
0.024956,-0.149
0.02496,-0.149
0.024964,-0.149
0.024968,-0.149
0.024972,-0.149
0.024976,-0.149
0.02498,-0.22349999999999998
0.024984,-0.149
0.024988,-0.149
0.024992,-0.22349999999999998
0.024996,-0.149
0.025,-0.149
0.025004,-0.149
0.025008,-0.22349999999999998
0.025012,-0.22349999999999998
0.025016,-0.149
0.02502,-0.149
0.025024,-0.22349999999999998
0.025028,-0.149
0.025032,-0.22349999999999998
0.025036,-0.22349999999999998
0.02504,-0.22349999999999998
0.025044,-0.149
0.025048,-0.149
0.025052,-0.149
0.025056,-0.149
0.02506,-0.149
0.025064,-0.149
0.025068,-0.149
0.025072,-0.149
0.025076,-0.149
0.02508,-0.149
0.025084,-0.149
0.025088,-0.149
0.025092,-0.149
0.025096,-0.149
0.0251,-0.149
0.025104,-0.149
0.025108,-0.22349999999999998
0.025112,-0.149
0.025116,-0.149
0.02512,-0.149
0.025124,-0.22349999999999998
0.025128,-0.149
0.025132,-0.149
0.025136,-0.149
0.02514,-0.22349999999999998
0.025144,-0.149
0.025148,-0.149
0.025152,-0.22349999999999998
0.025156,-0.149
0.02516,-0.149
0.025164,-0.149
0.025168,-0.149
0.025172,-0.149
0.025176,-0.149
0.02518,-0.22349999999999998
0.025184,-0.22349999999999998
0.025188,-0.22349999999999998
0.025192,-0.149
0.025196,-0.22349999999999998
0.0252,-0.149
0.025204,-0.149
0.025208,-0.149
0.025212,-0.149
0.025216,-0.149
0.02522,-0.149
0.025224,-0.22349999999999998
0.025228,-0.149
0.025232,-0.149
0.025236,-0.149
0.02524,-0.149
0.025244,-0.149
0.025248,-0.149
0.025252,-0.22349999999999998
0.025256,-0.149
0.02526,-0.149
0.025264,-0.149
0.025268,-0.149
0.025272,-0.149
0.025276,-0.149
0.02528,-0.22349999999999998
0.025284,-0.149
0.025288,-0.149
0.025292,-0.22349999999999998
0.025296,-0.149
0.0253,-0.149
0.025304,-0.149
0.025308,-0.22349999999999998
0.025312,-0.149
0.025316,-0.149
0.02532,-0.0745
0.025324,-0.149
0.025328,-0.149
0.025332,-0.149
0.025336,-0.149
0.02534,-0.149
0.025344,-0.149
0.025348,-0.22349999999999998
0.025352,-0.22349999999999998
0.025356,-0.149
0.02536,-0.149
0.025364,-0.149
0.025368,-0.149
0.025372,-0.149
0.025376,-0.149
0.02538,-0.149
0.025384,-0.149
0.025388,-0.22349999999999998
0.025392,-0.149
0.025396,-0.149
0.0254,-0.149
0.025404,-0.149
0.025408,-0.149
0.025412,-0.149
0.025416,-0.149
0.02542,-0.149
0.025424,-0.149
0.025428,-0.149
0.025432,-0.22349999999999998
0.025436,-0.22349999999999998
0.02544,-0.149
0.025444,-0.149
0.025448,-0.22349999999999998
0.025452,-0.149
0.025456,-0.22349999999999998
0.02546,-0.22349999999999998
0.025464,-0.149
0.025468,-0.22349999999999998
0.025472,-0.22349999999999998
0.025476,-0.149
0.02548,-0.149
0.025484,-0.149
0.025488,-0.22349999999999998
0.025492,-0.22349999999999998
0.025496,-0.149
0.0255,-0.149
0.025504,-0.149
0.025508,-0.149
0.025512,-0.22349999999999998
0.025516,-0.149
0.02552,-0.149
0.025524,-0.149
0.025528,-0.149
0.025532,-0.149
0.025536,-0.149
0.02554,-0.149
0.025544,-0.149
0.025548,-0.149
0.025552,-0.22349999999999998
0.025556,-0.149
0.02556,-0.149
0.025564,-0.149
0.025568,-0.149
0.025572,-0.22349999999999998
0.025576,-0.22349999999999998
0.02558,-0.149
0.025584,-0.22349999999999998
0.025588,-0.149
0.025592,-0.149
0.025596,-0.149
0.0256,-0.149
0.025604,-0.22349999999999998
0.025608,-0.149
0.025612,-0.149
0.025616,-0.149
0.02562,-0.22349999999999998
0.025624,-0.22349999999999998
0.025628,-0.149
0.025632,-0.149
0.025636,-0.149
0.02564,-0.149
0.025644,-0.149
0.025648,-0.149
0.025652,-0.149
0.025656,-0.149
0.02566,-0.149
0.025664,-0.149
0.025668,-0.149
0.025672,-0.22349999999999998
0.025676,-0.149
0.02568,-0.149
0.025684,-0.22349999999999998
0.025688,-0.22349999999999998
0.025692,-0.22349999999999998
0.025696,-0.149
0.0257,-0.22349999999999998
0.025704,-0.22349999999999998
0.025708,-0.22349999999999998
0.025712,-0.149
0.025716,-0.149
0.02572,-0.149
0.025724,-0.149
0.025728,-0.149
0.025732,-0.149
0.025736,-0.149
0.02574,-0.149
0.025744,-0.22349999999999998
0.025748,-0.149
0.025752,-0.22349999999999998
0.025756,-0.149
0.02576,-0.149
0.025764,-0.149
0.025768,-0.149
0.025772,-0.149
0.025776,-0.149
0.02578,-0.149
0.025784,-0.22349999999999998
0.025788,-0.22349999999999998
0.025792,-0.149
0.025796,-0.22349999999999998
0.0258,-0.149
0.025804,-0.149
0.025808,-0.22349999999999998
0.025812,-0.149
0.025816,-0.149
0.02582,-0.149
0.025824,-0.149
0.025828,-0.149
0.025832,-0.149
0.025836,-0.149
0.02584,-0.149
0.025844,-0.149
0.025848,-0.149
0.025852,-0.149
0.025856,-0.22349999999999998
0.02586,-0.149
0.025864,-0.149
0.025868,-0.22349999999999998
0.025872,-0.149
0.025876,-0.149
0.02588,-0.22349999999999998
0.025884,-0.149
0.025888,-0.149
0.025892,-0.149
0.025896,-0.149
0.0259,-0.149
0.025904,-0.149
0.025908,-0.149
0.025912,-0.149
0.025916,-0.149
0.02592,-0.149
0.025924,-0.22349999999999998
0.025928,-0.149
0.025932,-0.22349999999999998
0.025936,-0.149
0.02594,-0.149
0.025944,-0.149
0.025948,-0.149
0.025952,-0.149
0.025956,-0.149
0.02596,-0.149
0.025964,-0.149
0.025968,-0.149
0.025972,-0.149
0.025976,-0.149
0.02598,-0.149
0.025984,-0.149
0.025988,-0.22349999999999998
0.025992,-0.149
0.025996,-0.149
0.026,-0.149
0.026004,-0.149
0.026008,-0.149
0.026012,-0.149
0.026016,-0.22349999999999998
0.02602,-0.149
0.026024,-0.149
0.026028,-0.149
0.026032,-0.22349999999999998
0.026036,-0.149
0.02604,-0.22349999999999998
0.026044,-0.22349999999999998
0.026048,-0.149
0.026052,-0.149
0.026056,-0.22349999999999998
0.02606,-0.22349999999999998
0.026064,-0.149
0.026068,-0.149
0.026072,-0.149
0.026076,-0.149
0.02608,-0.22349999999999998
0.026084,-0.149
0.026088,-0.149
0.026092,-0.149
0.026096,-0.22349999999999998
0.0261,-0.149
0.026104,-0.149
0.026108,-0.149
0.026112,-0.149
0.026116,-0.22349999999999998
0.02612,-0.149
0.026124,-0.22349999999999998
0.026128,-0.149
0.026132,-0.149
0.026136,-0.22349999999999998
0.02614,-0.22349999999999998
0.026144,-0.149
0.026148,-0.149
0.026152,-0.22349999999999998
0.026156,-0.149
0.02616,-0.22349999999999998
0.026164,-0.149
0.026168,-0.149
0.026172,-0.149
0.026176,-0.149
0.02618,-0.149
0.026184,-0.22349999999999998
0.026188,-0.149
0.026192,-0.149
0.026196,-0.22349999999999998
0.0262,-0.149
0.026204,-0.149
0.026208,-0.22349999999999998
0.026212,-0.149
0.026216,-0.149
0.02622,-0.149
0.026224,-0.149
0.026228,-0.149
0.026232,-0.22349999999999998
0.026236,-0.22349999999999998
0.02624,-0.149
0.026244,-0.149
0.026248,-0.149
0.026252,-0.149
0.026256,-0.149
0.02626,-0.149
0.026264,-0.149
0.026268,-0.22349999999999998
0.026272,-0.149
0.026276,-0.22349999999999998
0.02628,-0.149
0.026284,-0.22349999999999998
0.026288,-0.149
0.026292,-0.149
0.026296,-0.22349999999999998
0.0263,-0.149
0.026304,-0.22349999999999998
0.026308,-0.149
0.026312,-0.149
0.026316,-0.22349999999999998
0.02632,-0.149
0.026324,-0.149
0.026328,-0.149
0.026332,-0.149
0.026336,-0.149
0.02634,-0.149
0.026344,-0.22349999999999998
0.026348,-0.22349999999999998
0.026352,-0.149
0.026356,-0.149
0.02636,-0.149
0.026364,-0.149
0.026368,-0.22349999999999998
0.026372,-0.149
0.026376,-0.149
0.02638,-0.149
0.026384,-0.149
0.026388,-0.22349999999999998
0.026392,-0.149
0.026396,-0.149
0.0264,-0.149
0.026404,-0.149
0.026408,-0.149
0.026412,-0.149
0.026416,-0.149
0.02642,-0.149
0.026424,-0.22349999999999998
0.026428,-0.22349999999999998
0.026432,-0.149
0.026436,-0.22349999999999998
0.02644,-0.149
0.026444,-0.22349999999999998
0.026448,-0.22349999999999998
0.026452,-0.149
0.026456,-0.149
0.02646,-0.149
0.026464,-0.149
0.026468,-0.149
0.026472,-0.22349999999999998
0.026476,-0.149
0.02648,-0.149
0.026484,-0.22349999999999998
0.026488,-0.149
0.026492,-0.22349999999999998
0.026496,-0.149
0.0265,-0.149
0.026504,-0.149
0.026508,-0.149
0.026512,-0.22349999999999998
0.026516,-0.149
0.02652,-0.22349999999999998
0.026524,-0.22349999999999998
0.026528,-0.149
0.026532,-0.149
0.026536,-0.149
0.02654,-0.149
0.026544,-0.149
0.026548,-0.149
0.026552,-0.149
0.026556,-0.149
0.02656,-0.22349999999999998
0.026564,-0.22349999999999998
0.026568,-0.149
0.026572,-0.149
0.026576,-0.149
0.02658,-0.22349999999999998
0.026584,-0.22349999999999998
0.026588,-0.22349999999999998
0.026592,-0.149
0.026596,-0.149
0.0266,-0.22349999999999998
0.026604,-0.149
0.026608,-0.149
0.026612,-0.149
0.026616,-0.149
0.02662,-0.149
0.026624,-0.22349999999999998
0.026628,-0.149
0.026632,-0.149
0.026636,-0.22349999999999998
0.02664,-0.149
0.026644,-0.149
0.026648,-0.149
0.026652,-0.22349999999999998
0.026656,-0.149
0.02666,-0.149
0.026664,-0.22349999999999998
0.026668,-0.149
0.026672,-0.22349999999999998
0.026676,-0.149
0.02668,-0.22349999999999998
0.026684,-0.149
0.026688,-0.149
0.026692,-0.149
0.026696,-0.22349999999999998
0.0267,-0.22349999999999998
0.026704,-0.22349999999999998
0.026708,-0.22349999999999998
0.026712,-0.22349999999999998
0.026716,-0.22349999999999998
0.02672,-0.22349999999999998
0.026724,-0.149
0.026728,-0.22349999999999998
0.026732,-0.149
0.026736,-0.22349999999999998
0.02674,-0.149
0.026744,-0.149
0.026748,-0.149
0.026752,-0.22349999999999998
0.026756,-0.149
0.02676,-0.22349999999999998
0.026764,-0.149
0.026768,-0.149
0.026772,-0.149
0.026776,-0.149
0.02678,-0.149
0.026784,-0.22349999999999998
0.026788,-0.149
0.026792,-0.149
0.026796,-0.149
0.0268,-0.149
0.026804,-0.149
0.026808,-0.149
0.026812,-0.149
0.026816,-0.149
0.02682,-0.149
0.026824,-0.149
0.026828,-0.22349999999999998
0.026832,-0.149
0.026836,-0.149
0.02684,-0.149
0.026844,-0.149
0.026848,-0.149
0.026852,-0.149
0.026856,-0.149
0.02686,-0.149
0.026864,-0.149
0.026868,-0.149
0.026872,-0.149
0.026876,-0.149
0.02688,-0.22349999999999998
0.026884,-0.149
0.026888,-0.149
0.026892,-0.149
0.026896,-0.22349999999999998
0.0269,-0.149
0.026904,-0.149
0.026908,-0.22349999999999998
0.026912,-0.22349999999999998
0.026916,-0.149
0.02692,-0.149
0.026924,-0.149
0.026928,-0.149
0.026932,-0.149
0.026936,-0.149
0.02694,-0.149
0.026944,-0.149
0.026948,-0.22349999999999998
0.026952,-0.149
0.026956,-0.149
0.02696,-0.149
0.026964,-0.149
0.026968,-0.149
0.026972,-0.149
0.026976,-0.22349999999999998
0.02698,-0.149
0.026984,-0.22349999999999998
0.026988,-0.149
0.026992,-0.149
0.026996,-0.149
0.027,-0.149
0.027004,-0.149
0.027008,-0.22349999999999998
0.027012,-0.149
0.027016,-0.22349999999999998
0.02702,-0.149
0.027024,-0.149
0.027028,-0.149
0.027032,-0.149
0.027036,-0.149
0.02704,-0.149
0.027044,-0.149
0.027048,-0.149
0.027052,-0.22349999999999998
0.027056,-0.149
0.02706,-0.149
0.027064,-0.22349999999999998
0.027068,-0.22349999999999998
0.027072,-0.149
0.027076,-0.149
0.02708,-0.149
0.027084,-0.22349999999999998
0.027088,-0.149
0.027092,-0.149
0.027096,-0.149
0.0271,-0.149
0.027104,-0.149
0.027108,-0.149
0.027112,-0.149
0.027116,-0.149
0.02712,-0.149
0.027124,-0.149
0.027128,-0.22349999999999998
0.027132,-0.149
0.027136,-0.22349999999999998
0.02714,-0.22349999999999998
0.027144,-0.149
0.027148,-0.22349999999999998
0.027152,-0.149
0.027156,-0.149
0.02716,-0.149
0.027164,-0.149
0.027168,-0.149
0.027172,-0.149
0.027176,-0.149
0.02718,-0.149
0.027184,-0.22349999999999998
0.027188,-0.149
0.027192,-0.149
0.027196,-0.149
0.0272,-0.22349999999999998
0.027204,-0.149
0.027208,-0.149
0.027212,-0.149
0.027216,-0.22349999999999998
0.02722,-0.149
0.027224,-0.149
0.027228,-0.22349999999999998
0.027232,-0.149
0.027236,-0.149
0.02724,-0.149
0.027244,-0.149
0.027248,-0.149
0.027252,-0.149
0.027256,-0.149
0.02726,-0.149
0.027264,-0.149
0.027268,-0.149
0.027272,-0.149
0.027276,-0.149
0.02728,-0.149
0.027284,-0.149
0.027288,-0.149
0.027292,-0.149
0.027296,-0.22349999999999998
0.0273,-0.149
0.027304,-0.149
0.027308,-0.149
0.027312,-0.22349999999999998
0.027316,-0.149
0.02732,-0.22349999999999998
0.027324,-0.149
0.027328,-0.149
0.027332,-0.149
0.027336,-0.149
0.02734,-0.149
0.027344,-0.149
0.027348,-0.149
0.027352,-0.149
0.027356,-0.149
0.02736,-0.149
0.027364,-0.149
0.027368,-0.149
0.027372,-0.22349999999999998
0.027376,-0.149
0.02738,-0.149
0.027384,-0.149
0.027388,-0.22349999999999998
0.027392,-0.22349999999999998
0.027396,-0.149
0.0274,-0.149
0.027404,-0.149
0.027408,-0.22349999999999998
0.027412,-0.149
0.027416,-0.22349999999999998
0.02742,-0.22349999999999998
0.027424,-0.149
0.027428,-0.149
0.027432,-0.149
0.027436,-0.149
0.02744,-0.149
0.027444,-0.149
0.027448,-0.149
0.027452,-0.149
0.027456,-0.149
0.02746,-0.149
0.027464,-0.149
0.027468,-0.149
0.027472,-0.22349999999999998
0.027476,-0.149
0.02748,-0.149
0.027484,-0.149
0.027488,-0.22349999999999998
0.027492,-0.149
0.027496,-0.149
0.0275,-0.149
0.027504,-0.149
0.027508,-0.149
0.027512,-0.149
0.027516,-0.149
0.02752,-0.149
0.027524,-0.22349999999999998
0.027528,-0.149
0.027532,-0.149
0.027536,-0.149
0.02754,-0.149
0.027544,-0.22349999999999998
0.027548,-0.149
0.027552,-0.22349999999999998
0.027556,-0.22349999999999998
0.02756,-0.149
0.027564,-0.149
0.027568,-0.22349999999999998
0.027572,-0.149
0.027576,-0.149
0.02758,-0.149
0.027584,-0.22349999999999998
0.027588,-0.149
0.027592,-0.149
0.027596,-0.22349999999999998
0.0276,-0.149
0.027604,-0.149
0.027608,-0.149
0.027612,-0.149
0.027616,-0.149
0.02762,-0.22349999999999998
0.027624,-0.149
0.027628,-0.22349999999999998
0.027632,-0.149
0.027636,-0.149
0.02764,-0.149
0.027644,-0.22349999999999998
0.027648,-0.149
0.027652,-0.149
0.027656,-0.149
0.02766,-0.22349999999999998
0.027664,-0.22349999999999998
0.027668,-0.22349999999999998
0.027672,-0.149
0.027676,-0.149
0.02768,-0.149
0.027684,-0.149
0.027688,-0.149
0.027692,-0.22349999999999998
0.027696,-0.149
0.0277,-0.149
0.027704,-0.149
0.027708,-0.149
0.027712,-0.149
0.027716,-0.149
0.02772,-0.149
0.027724,-0.149
0.027728,-0.22349999999999998
0.027732,-0.149
0.027736,-0.149
0.02774,-0.149
0.027744,-0.149
0.027748,-0.149
0.027752,-0.149
0.027756,-0.149
0.02776,-0.149
0.027764,-0.149
0.027768,-0.149
0.027772,-0.149
0.027776,-0.149
0.02778,-0.149
0.027784,-0.149
0.027788,-0.22349999999999998
0.027792,-0.149
0.027796,-0.149
0.0278,-0.149
0.027804,-0.149
0.027808,-0.22349999999999998
0.027812,-0.149
0.027816,-0.149
0.02782,-0.22349999999999998
0.027824,-0.149
0.027828,-0.149
0.027832,-0.149
0.027836,-0.22349999999999998
0.02784,-0.149
0.027844,-0.149
0.027848,-0.149
0.027852,-0.149
0.027856,-0.149
0.02786,-0.149
0.027864,-0.149
0.027868,-0.22349999999999998
0.027872,-0.22349999999999998
0.027876,-0.149
0.02788,-0.22349999999999998
0.027884,-0.149
0.027888,-0.149
0.027892,-0.22349999999999998
0.027896,-0.22349999999999998
0.0279,-0.149
0.027904,-0.149
0.027908,-0.149
0.027912,-0.149
0.027916,-0.149
0.02792,-0.22349999999999998
0.027924,-0.149
0.027928,-0.22349999999999998
0.027932,-0.22349999999999998
0.027936,-0.149
0.02794,-0.149
0.027944,-0.149
0.027948,-0.149
0.027952,-0.149
0.027956,-0.149
0.02796,-0.149
0.027964,-0.22349999999999998
0.027968,-0.22349999999999998
0.027972,-0.22349999999999998
0.027976,-0.149
0.02798,-0.22349999999999998
0.027984,-0.149
0.027988,-0.149
0.027992,-0.149
0.027996,-0.22349999999999998
0.028,-0.149
0.028004,-0.149
0.028008,-0.22349999999999998
0.028012,-0.149
0.028016,-0.22349999999999998
0.02802,-0.22349999999999998
0.028024,-0.149
0.028028,-0.149
0.028032,-0.149
0.028036,-0.149
0.02804,-0.149
0.028044,-0.22349999999999998
0.028048,-0.149
0.028052,-0.22349999999999998
0.028056,-0.149
0.02806,-0.149
0.028064,-0.149
0.028068,-0.149
0.028072,-0.149
0.028076,-0.149
0.02808,-0.149
0.028084,-0.22349999999999998
0.028088,-0.149
0.028092,-0.149
0.028096,-0.149
0.0281,-0.149
0.028104,-0.149
0.028108,-0.149
0.028112,-0.149
0.028116,-0.149
0.02812,-0.149
0.028124,-0.149
0.028128,-0.22349999999999998
0.028132,-0.149
0.028136,-0.149
0.02814,-0.149
0.028144,-0.22349999999999998
0.028148,-0.149
0.028152,-0.149
0.028156,-0.149
0.02816,-0.149
0.028164,-0.149
0.028168,-0.149
0.028172,-0.149
0.028176,-0.149
0.02818,-0.149
0.028184,-0.149
0.028188,-0.22349999999999998
0.028192,-0.149
0.028196,-0.149
0.0282,-0.149
0.028204,-0.149
0.028208,-0.22349999999999998
0.028212,-0.149
0.028216,-0.149
0.02822,-0.149
0.028224,-0.149
0.028228,-0.22349999999999998
0.028232,-0.149
0.028236,-0.149
0.02824,-0.22349999999999998
0.028244,-0.149
0.028248,-0.149
0.028252,-0.149
0.028256,-0.149
0.02826,-0.149
0.028264,-0.149
0.028268,-0.149
0.028272,-0.149
0.028276,-0.149
0.02828,-0.149
0.028284,-0.149
0.028288,-0.149
0.028292,-0.22349999999999998
0.028296,-0.149
0.0283,-0.149
0.028304,-0.22349999999999998
0.028308,-0.22349999999999998
0.028312,-0.149
0.028316,-0.149
0.02832,-0.149
0.028324,-0.149
0.028328,-0.149
0.028332,-0.149
0.028336,-0.22349999999999998
0.02834,-0.22349999999999998
0.028344,-0.298
0.028348,-0.22349999999999998
0.028352,-0.22349999999999998
0.028356,-0.298
0.02836,-0.22349999999999998
0.028364,-0.298
0.028368,-0.298
0.028372,-0.298
0.028376,-0.298
0.02838,-0.298
0.028384,-0.298
0.028388,-0.22349999999999998
0.028392,-0.149
0.028396,-0.149
0.0284,-0.149
0.028404,-0.149
0.028408,-0.149
0.028412,-0.149
0.028416,-0.149
0.02842,-0.149
0.028424,-0.0745
0.028428,-0.0745
0.028432,-0.0745
0.028436,-0.0745
0.02844,-0.0745
0.028444,-0.0745
0.028448,-0.0745
0.028452,-0.0745
0.028456,-0.0745
0.02846,-0.0745
0.028464,-0.0745
0.028468,-0.0745
0.028472,-0.149
0.028476,-0.22349999999999998
0.02848,-0.149
0.028484,-0.149
0.028488,-0.149
0.028492,-0.0745
0.028496,-0.149
0.0285,-0.149
0.028504,-0.0745
0.028508,-0.149
0.028512,-0.0745
0.028516,-0.149
0.02852,-0.149
0.028524,-0.0745
0.028528,-0.0745
0.028532,-0.0745
0.028536,-0.0745
0.02854,-0.0745
0.028544,-0.0745
0.028548,-0.0745
0.028552,-0.149
0.028556,-0.0745
0.02856,-0.0745
0.028564,-0.0745
0.028568,-0.0745
0.028572,-0.0745
0.028576,-0.0745
0.02858,-0.149
0.028584,-0.0745
0.028588,-0.149
0.028592,-0.149
0.028596,-0.149
0.0286,-0.149
0.028604,-0.149
0.028608,-0.149
0.028612,-0.149
0.028616,-0.0745
0.02862,-0.149
0.028624,-0.149
0.028628,-0.0745
0.028632,-0.149
0.028636,-0.0745
0.02864,-0.0745
0.028644,-0.149
0.028648,-0.149
0.028652,-0.0745
0.028656,-0.0745
0.02866,-0.149
0.028664,-0.0745
0.028668,0.0
0.028672,-0.0745
0.028676,-0.0745
0.02868,-0.0745
0.028684,-0.0745
0.028688,-0.0745
0.028692,-0.0745
0.028696,-0.149
0.0287,-0.0745
0.028704,-0.0745
0.028708,-0.0745
0.028712,-0.149
0.028716,-0.149
0.02872,-0.0745
0.028724,-0.149
0.028728,-0.149
0.028732,-0.0745
0.028736,-0.149
0.02874,-0.0745
0.028744,-0.149
0.028748,-0.0745
0.028752,-0.0745
0.028756,-0.0745
0.02876,-0.0745
0.028764,-0.0745
0.028768,-0.0745
0.028772,-0.0745
0.028776,-0.0745
0.02878,-0.0745
0.028784,-0.0745
0.028788,-0.0745
0.028792,-0.0745
0.028796,-0.0745
0.0288,-0.0745
0.028804,-0.0745
0.028808,-0.0745
0.028812,-0.149
0.028816,-0.0745
0.02882,-0.0745
0.028824,-0.0745
0.028828,-0.0745
0.028832,-0.0745
0.028836,-0.0745
0.02884,-0.0745
0.028844,-0.0745
0.028848,-0.0745
0.028852,-0.149
0.028856,-0.0745
0.02886,-0.0745
0.028864,-0.0745
0.028868,-0.0745
0.028872,-0.0745
0.028876,-0.0745
0.02888,-0.0745
0.028884,-0.0745
0.028888,0.0
0.028892,-0.0745
0.028896,-0.0745
0.0289,0.0
0.028904,-0.0745
0.028908,-0.0745
0.028912,-0.0745
0.028916,-0.0745
0.02892,-0.0745
0.028924,0.0
0.028928,-0.0745
0.028932,0.0
0.028936,-0.0745
0.02894,0.0
0.028944,-0.0745
0.028948,0.0
0.028952,-0.0745
0.028956,-0.0745
0.02896,0.0
0.028964,0.0
0.028968,0.0
0.028972,-0.0745
0.028976,0.0
0.02898,0.0
0.028984,0.0
0.028988,0.0
0.028992,0.0
0.028996,0.0
0.029,0.0
0.029004,0.0
0.029008,0.0
0.029012,0.0
0.029016,0.0
0.02902,0.0
0.029024,0.0
0.029028,0.0
0.029032,0.0
0.029036,0.0
0.02904,0.0
0.029044,0.0
0.029048,0.0
0.029052,0.0
0.029056,0.0745
0.02906,0.0745
0.029064,0.0745
0.029068,0.0745
0.029072,0.0745
0.029076,0.0745
0.02908,0.0745
0.029084,0.0
0.029088,0.0745
0.029092,0.0745
0.029096,0.0745
0.0291,0.0745
0.029104,0.0745
0.029108,0.149
0.029112,0.149
0.029116,0.149
0.02912,0.149
0.029124,0.149
0.029128,0.149
0.029132,0.149
0.029136,0.149
0.02914,0.149
0.029144,0.22349999999999998
0.029148,0.22349999999999998
0.029152,0.149
0.029156,0.149
0.02916,0.22349999999999998
0.029164,0.22349999999999998
0.029168,0.22349999999999998
0.029172,0.22349999999999998
0.029176,0.22349999999999998
0.02918,0.298
0.029184,0.22349999999999998
0.029188,0.298
0.029192,0.298
0.029196,0.298
0.0292,0.298
0.029204,0.298
0.029208,0.3725
0.029212,0.3725
0.029216,0.3725
0.02922,0.3725
0.029224,0.44699999999999995
0.029228,0.44699999999999995
0.029232,0.44699999999999995
0.029236,0.5215
0.02924,0.5215
0.029244,0.5215
0.029248,0.5215
0.029252,0.5215
0.029256,0.596
0.02926,0.596
0.029264,0.6705
0.029268,0.6705
0.029272,0.6705
0.029276,0.745
0.02928,0.745
0.029284,0.745
0.029288,0.8195
0.029292,0.745
0.029296,0.8195
0.0293,0.8195
0.029304,0.8939999999999999
0.029308,0.8939999999999999
0.029312,0.9684999999999999
0.029316,0.9684999999999999
0.02932,1.043
0.029324,1.043
0.029328,1.1175
0.029332,1.1175
0.029336,1.192
0.02934,1.192
0.029344,1.2665
0.029348,1.2665
0.029352,1.341
0.029356,1.341
0.02936,1.4155
0.029364,1.49
0.029368,1.49
0.029372,1.5645
0.029376,1.5645
0.02938,1.639
0.029384,1.639
0.029388,1.7135
0.029392,1.7879999999999998
0.029396,1.7879999999999998
0.0294,1.8624999999999998
0.029404,1.8624999999999998
0.029408,1.9369999999999998
0.029412,2.0115
0.029416,2.086
0.02942,2.086
0.029424,2.1605
0.029428,2.1605
0.029432,2.235
0.029436,2.3095
0.02944,2.384
0.029444,2.384
0.029448,2.4585
0.029452,2.533
0.029456,2.6075
0.02946,2.682
0.029464,2.7565
0.029468,2.831
0.029472,2.831
0.029476,2.9055
0.02948,2.98
0.029484,3.0545
0.029488,3.129
0.029492,3.129
0.029496,3.2035
0.0295,3.278
0.029504,3.3525
0.029508,3.3525
0.029512,3.427
0.029516,3.5015
0.02952,3.5759999999999996
0.029524,3.6504999999999996
0.029528,3.6504999999999996
0.029532,3.7249999999999996
0.029536,3.7994999999999997
0.02954,3.8739999999999997
0.029544,3.9484999999999997
0.029548,4.023
0.029552,4.023
0.029556,4.0975
0.02956,4.172
0.029564,4.2465
0.029568,4.321
0.029572,4.321
0.029576,4.3955
0.02958,4.47
0.029584,4.619
0.029588,4.619
0.029592,4.6935
0.029596,4.768
0.0296,4.842499999999999
0.029604,4.917
0.029608,4.917
0.029612,4.991499999999999
0.029616,5.066
0.02962,5.140499999999999
0.029624,5.140499999999999
0.029628,5.289499999999999
0.029632,5.289499999999999
0.029636,5.364
0.02964,5.4384999999999994
0.029644,5.513
0.029648,5.5874999999999995
0.029652,5.662
0.029656,5.7364999999999995
0.02966,5.7364999999999995
0.029664,5.811
0.029668,5.811
0.029672,5.96
0.029676,6.0344999999999995
0.02968,6.0344999999999995
0.029684,6.109
0.029688,6.109
0.029692,6.258
0.029696,6.3325
0.0297,6.407
0.029704,6.407
0.029708,6.4815
0.029712,6.556
0.029716,6.6305
0.02972,6.705
0.029724,6.705
0.029728,6.7795
0.029732,6.854
0.029736,6.9285
0.02974,7.003
0.029744,7.003
0.029748,7.0775
0.029752,7.2265
0.029756,7.2265
0.02976,7.2265
0.029764,7.300999999999999
0.029768,7.449999999999999
0.029772,7.5245
0.029776,7.598999999999999
0.02978,7.598999999999999
0.029784,7.6735
0.029788,7.747999999999999
0.029792,7.747999999999999
0.029796,7.8225
0.0298,7.896999999999999
0.029804,7.9715
0.029808,8.046
0.029812,8.046
0.029816,8.195
0.02982,8.1205
0.029824,8.195
0.029828,8.344
0.029832,8.344
0.029836,8.493
0.02984,8.493
0.029844,8.567499999999999
0.029848,8.642
0.029852,8.7165
0.029856,8.7165
0.02986,8.791
0.029864,8.865499999999999
0.029868,8.94
0.029872,9.0145
0.029876,9.0145
0.02988,9.089
0.029884,9.163499999999999
0.029888,9.163499999999999
0.029892,9.3125
0.029896,9.3125
0.0299,9.387
0.029904,9.4615
0.029908,9.4615
0.029912,9.6105
0.029916,9.6105
0.02992,9.684999999999999
0.029924,9.7595
0.029928,9.7595
0.029932,9.9085
0.029936,9.982999999999999
0.02994,10.0575
0.029944,10.0575
0.029948,10.132
0.029952,10.2065
0.029956,10.2065
0.02996,10.280999999999999
0.029964,10.3555
0.029968,10.3555
0.029972,10.5045
0.029976,10.578999999999999
0.02998,10.578999999999999
0.029984,10.6535
0.029988,10.6535
0.029992,10.728
0.029996,10.8025
0.03,10.876999999999999
0.030004,10.9515
0.030008,10.9515
0.030012,11.026
0.030016,11.1005
0.03002,11.174999999999999
0.030024,11.2495
0.030028,11.2495
0.030032,11.2495
0.030036,11.324
0.03004,11.3985
0.030044,11.472999999999999
0.030048,11.5475
0.030052,11.622
0.030056,11.622
0.03006,11.6965
0.030064,11.770999999999999
0.030068,11.8455
0.030072,11.8455
0.030076,11.92
0.03008,11.994499999999999
0.030084,12.068999999999999
0.030088,12.1435
0.030092,12.218
0.030096,12.218
0.0301,12.292499999999999
0.030104,12.366999999999999
0.030108,12.4415
0.030112,12.4415
0.030116,12.590499999999999
0.03012,12.590499999999999
0.030124,12.665
0.030128,12.7395
0.030132,12.7395
0.030136,12.814
0.03014,12.888499999999999
0.030144,12.963
0.030148,13.0375
0.030152,13.112
0.030156,13.186499999999999
0.03016,13.112
0.030164,13.186499999999999
0.030168,13.261
0.030172,13.3355
0.030176,13.41
0.03018,13.41
0.030184,13.484499999999999
0.030188,13.559
0.030192,13.6335
0.030196,13.708
0.0302,13.708
0.030204,13.782499999999999
0.030208,13.857
0.030212,13.9315
0.030216,13.9315
0.03022,14.006
0.030224,14.006
0.030228,14.080499999999999
0.030232,14.2295
0.030236,14.2295
0.03024,14.2295
0.030244,14.378499999999999
0.030248,14.378499999999999
0.030252,14.453
0.030256,14.5275
0.03026,14.5275
0.030264,14.676499999999999
0.030268,14.676499999999999
0.030272,14.751
0.030276,14.8255
0.03028,14.899999999999999
0.030284,14.974499999999999
0.030288,14.974499999999999
0.030292,15.049
0.030296,15.1235
0.0303,15.197999999999999
0.030304,15.197999999999999
0.030308,15.272499999999999
0.030312,15.347
0.030316,15.347
0.03032,15.4215
0.030324,15.495999999999999
0.030328,15.5705
0.030332,15.5705
0.030336,15.645
0.03034,15.645
0.030344,15.7195
0.030348,15.793999999999999
0.030352,15.793999999999999
0.030356,15.793999999999999
0.03036,15.8685
0.030364,15.943
0.030368,15.943
0.030372,16.0175
0.030376,16.0175
0.03038,16.092
0.030384,16.1665
0.030388,16.1665
0.030392,16.241
0.030396,16.241
0.0304,16.241
0.030404,16.39
0.030408,16.3155
0.030412,16.39
0.030416,16.4645
0.03042,16.4645
0.030424,16.538999999999998
0.030428,16.538999999999998
0.030432,16.6135
0.030436,16.688
0.03044,16.688
0.030444,16.7625
0.030448,16.7625
0.030452,16.837
0.030456,16.7625
0.03046,16.837
0.030464,16.9115
0.030468,16.986
0.030472,16.986
0.030476,17.060499999999998
0.03048,17.134999999999998
0.030484,17.134999999999998
0.030488,17.134999999999998
0.030492,17.134999999999998
0.030496,17.2095
0.0305,17.2095
0.030504,17.284
0.030508,17.284
0.030512,17.284
0.030516,17.3585
0.03052,17.3585
0.030524,17.433
0.030528,17.433
0.030532,17.433
0.030536,17.5075
0.03054,17.5075
0.030544,17.582
0.030548,17.5075
0.030552,17.582
0.030556,17.656499999999998
0.03056,17.656499999999998
0.030564,17.656499999999998
0.030568,17.730999999999998
0.030572,17.730999999999998
0.030576,17.8055
0.03058,17.8055
0.030584,17.8055
0.030588,17.88
0.030592,17.88
0.030596,17.88
0.0306,17.9545
0.030604,17.9545
0.030608,17.9545
0.030612,18.029
0.030616,18.029
0.03062,18.1035
0.030624,18.1035
0.030628,18.1035
0.030632,18.178
0.030636,18.178
0.03064,18.252499999999998
0.030644,18.252499999999998
0.030648,18.252499999999998
0.030652,18.252499999999998
0.030656,18.326999999999998
0.03066,18.326999999999998
0.030664,18.4015
0.030668,18.4015
0.030672,18.4015
0.030676,18.4015
0.03068,18.476
0.030684,18.476
0.030688,18.5505
0.030692,18.476
0.030696,18.5505
0.0307,18.5505
0.030704,18.625
0.030708,18.6995
0.030712,18.625
0.030716,18.6995
0.03072,18.774
0.030724,18.774
0.030728,18.774
0.030732,18.774
0.030736,18.848499999999998
0.03074,18.848499999999998
0.030744,18.848499999999998
0.030748,18.848499999999998
0.030752,18.923
0.030756,18.923
0.03076,18.9975
0.030764,18.9975
0.030768,18.9975
0.030772,18.9975
0.030776,19.072
0.03078,19.072
0.030784,19.072
0.030788,19.1465
0.030792,19.1465
0.030796,19.1465
0.0308,19.221
0.030804,19.221
0.030808,19.221
0.030812,19.2955
0.030816,19.2955
0.03082,19.2955
0.030824,19.369999999999997
0.030828,19.369999999999997
0.030832,19.444499999999998
0.030836,19.444499999999998
0.03084,19.444499999999998
0.030844,19.519
0.030848,19.519
0.030852,19.519
0.030856,19.519
0.03086,19.5935
0.030864,19.5935
0.030868,19.5935
0.030872,19.668
0.030876,19.668
0.03088,19.7425
0.030884,19.668
0.030888,19.7425
0.030892,19.7425
0.030896,19.7425
0.0309,19.817
0.030904,19.8915
0.030908,19.817
0.030912,19.8915
0.030916,19.8915
0.03092,19.8915
0.030924,19.965999999999998
0.030928,19.965999999999998
0.030932,19.965999999999998
0.030936,20.115
0.03094,20.040499999999998
0.030944,20.115
0.030948,20.1895
0.030952,20.1895
0.030956,20.1895
0.03096,20.1895
0.030964,20.1895
0.030968,20.264
0.030972,20.264
0.030976,20.264
0.03098,20.3385
0.030984,20.3385
0.030988,20.413
0.030992,20.413
0.030996,20.413
0.031,20.413
0.031004,20.413
0.031008,20.4875
0.031012,20.4875
0.031016,20.4875
0.03102,20.561999999999998
0.031024,20.561999999999998
0.031028,20.636499999999998
0.031032,20.636499999999998
0.031036,20.636499999999998
0.03104,20.711
0.031044,20.711
0.031048,20.711
0.031052,20.711
0.031056,20.711
0.03106,20.7855
0.031064,20.86
0.031068,20.86
0.031072,20.86
0.031076,20.86
0.03108,20.9345
0.031084,21.009
0.031088,20.9345
0.031092,21.009
0.031096,21.009
0.0311,21.009
0.031104,21.0835
0.031108,21.0835
0.031112,21.0835
0.031116,21.0835
0.03112,21.157999999999998
0.031124,21.157999999999998
0.031128,21.232499999999998
0.031132,21.232499999999998
0.031136,21.232499999999998
0.03114,21.232499999999998
0.031144,21.307
0.031148,21.307
0.031152,21.307
0.031156,21.3815
0.03116,21.3815
0.031164,21.3815
0.031168,21.456
0.031172,21.456
0.031176,21.5305
0.03118,21.5305
0.031184,21.5305
0.031188,21.5305
0.031192,21.605
0.031196,21.605
0.0312,21.679499999999997
0.031204,21.679499999999997
0.031208,21.679499999999997
0.031212,21.753999999999998
0.031216,21.8285
0.03122,21.8285
0.031224,21.8285
0.031228,21.903
0.031232,21.903
0.031236,21.9775
0.03124,21.9775
0.031244,21.9775
0.031248,21.9775
0.031252,22.052
0.031256,22.1265
0.03126,22.1265
0.031264,22.052
0.031268,22.1265
0.031272,22.201
0.031276,22.1265
0.03128,22.201
0.031284,22.201
0.031288,22.201
0.031292,22.275499999999997
0.031296,22.349999999999998
0.0313,22.349999999999998
0.031304,22.349999999999998
0.031308,22.349999999999998
0.031312,22.4245
0.031316,22.499
0.03132,22.499
0.031324,22.499
0.031328,22.5735
0.031332,22.5735
0.031336,22.5735
0.03134,22.5735
0.031344,22.5735
0.031348,22.648
0.031352,22.648
0.031356,22.7225
0.03136,22.7225
0.031364,22.7225
0.031368,22.797
0.031372,22.871499999999997
0.031376,22.797
0.03138,22.871499999999997
0.031384,22.871499999999997
0.031388,22.945999999999998
0.031392,22.945999999999998
0.031396,23.0205
0.0314,23.0205
0.031404,23.0205
0.031408,23.0205
0.031412,23.0205
0.031416,23.095
0.03142,23.1695
0.031424,23.1695
0.031428,23.1695
0.031432,23.1695
0.031436,23.1695
0.03144,23.244
0.031444,23.244
0.031448,23.244
0.031452,23.393
0.031456,23.393
0.03146,23.393
0.031464,23.393
0.031468,23.467499999999998
0.031472,23.467499999999998
0.031476,23.541999999999998
0.03148,23.541999999999998
0.031484,23.541999999999998
0.031488,23.541999999999998
0.031492,23.6165
0.031496,23.6165
0.0315,23.6165
0.031504,23.691
0.031508,23.6165
0.031512,23.691
0.031516,23.7655
0.03152,23.7655
0.031524,23.691
0.031528,23.84
0.031532,23.84
0.031536,23.84
0.03154,23.84
0.031544,23.84
0.031548,23.9145
0.031552,23.988999999999997
0.031556,23.988999999999997
0.03156,23.988999999999997
0.031564,24.063499999999998
0.031568,24.063499999999998
0.031572,24.063499999999998
0.031576,24.137999999999998
0.03158,24.137999999999998
0.031584,24.137999999999998
0.031588,24.2125
0.031592,24.2125
0.031596,24.287
0.0316,24.287
0.031604,24.287
0.031608,24.287
0.031612,24.3615
0.031616,24.3615
0.03162,24.436
0.031624,24.436
0.031628,24.5105
0.031632,24.436
0.031636,24.584999999999997
0.03164,24.5105
0.031644,24.5105
0.031648,24.584999999999997
0.031652,24.659499999999998
0.031656,24.659499999999998
0.03166,24.659499999999998
0.031664,24.733999999999998
0.031668,24.8085
0.031672,24.8085
0.031676,24.8085
0.03168,24.8085
0.031684,24.8085
0.031688,24.883
0.031692,24.883
0.031696,24.9575
0.0317,24.9575
0.031704,25.032
0.031708,24.9575
0.031712,25.032
0.031716,25.1065
0.03172,25.1065
0.031724,25.1065
0.031728,25.180999999999997
0.031732,25.180999999999997
0.031736,25.180999999999997
0.03174,25.180999999999997
0.031744,25.255499999999998
0.031748,25.255499999999998
0.031752,25.33
0.031756,25.33
0.03176,25.33
0.031764,25.4045
0.031768,25.4045
0.031772,25.479
0.031776,25.479
0.03178,25.479
0.031784,25.479
0.031788,25.5535
0.031792,25.5535
0.031796,25.628
0.0318,25.628
0.031804,25.628
0.031808,25.628
0.031812,25.7025
0.031816,25.7025
0.03182,25.7025
0.031824,25.776999999999997
0.031828,25.776999999999997
0.031832,25.851499999999998
0.031836,25.851499999999998
0.03184,25.926
0.031844,25.926
0.031848,26.0005
0.031852,26.0005
0.031856,26.0005
0.03186,26.0005
0.031864,26.075
0.031868,26.075
0.031872,26.1495
0.031876,26.1495
0.03188,26.1495
0.031884,26.1495
0.031888,26.224
0.031892,26.224
0.031896,26.298499999999997
0.0319,26.298499999999997
0.031904,26.298499999999997
0.031908,26.372999999999998
0.031912,26.372999999999998
0.031916,26.372999999999998
0.03192,26.447499999999998
0.031924,26.522
0.031928,26.522
0.031932,26.522
0.031936,26.5965
0.03194,26.5965
0.031944,26.5965
0.031948,26.671
0.031952,26.671
0.031956,26.671
0.03196,26.671
0.031964,26.7455
0.031968,26.7455
0.031972,26.7455
0.031976,26.894499999999997
0.03198,26.82
0.031984,26.82
0.031988,26.82
0.031992,26.894499999999997
0.031996,26.894499999999997
0.032,26.968999999999998
0.032004,26.968999999999998
0.032008,26.968999999999998
0.032012,26.968999999999998
0.032016,27.043499999999998
0.03202,27.118
0.032024,27.043499999999998
0.032028,27.118
0.032032,27.118
0.032036,27.1925
0.03204,27.1925
0.032044,27.1925
0.032048,27.1925
0.032052,27.267
0.032056,27.267
0.03206,27.3415
0.032064,27.416
0.032068,27.3415
0.032072,27.416
0.032076,27.416
0.03208,27.416
0.032084,27.490499999999997
0.032088,27.490499999999997
0.032092,27.490499999999997
0.032096,27.564999999999998
0.0321,27.564999999999998
0.032104,27.564999999999998
0.032108,27.639499999999998
0.032112,27.639499999999998
0.032116,27.714
0.03212,27.714
0.032124,27.714
0.032128,27.7885
0.032132,27.7885
0.032136,27.7885
0.03214,27.863
0.032144,27.863
0.032148,27.863
0.032152,27.863
0.032156,27.9375
0.03216,28.012
0.032164,28.012
0.032168,27.9375
0.032172,28.012
0.032176,28.012
0.03218,28.086499999999997
0.032184,28.086499999999997
0.032188,28.086499999999997
0.032192,28.160999999999998
0.032196,28.160999999999998
0.0322,28.160999999999998
0.032204,28.2355
0.032208,28.2355
0.032212,28.2355
0.032216,28.31
0.03222,28.31
0.032224,28.3845
0.032228,28.3845
0.032232,28.3845
0.032236,28.459
0.03224,28.459
0.032244,28.459
0.032248,28.5335
0.032252,28.5335
0.032256,28.5335
0.03226,28.607999999999997
0.032264,28.607999999999997
0.032268,28.607999999999997
0.032272,28.607999999999997
0.032276,28.682499999999997
0.03228,28.682499999999997
0.032284,28.756999999999998
0.032288,28.756999999999998
0.032292,28.756999999999998
0.032296,28.8315
0.0323,28.906
0.032304,28.906
0.032308,28.906
0.032312,28.906
0.032316,28.9805
0.03232,28.9805
0.032324,28.9805
0.032328,29.055
0.032332,29.1295
0.032336,29.055
0.03234,29.1295
0.032344,29.1295
0.032348,29.1295
0.032352,29.203999999999997
0.032356,29.203999999999997
0.03236,29.203999999999997
0.032364,29.278499999999998
0.032368,29.352999999999998
0.032372,29.352999999999998
0.032376,29.352999999999998
0.03238,29.352999999999998
0.032384,29.352999999999998
0.032388,29.4275
0.032392,29.4275
0.032396,29.502
0.0324,29.502
0.032404,29.502
0.032408,29.502
0.032412,29.5765
0.032416,29.5765
0.03242,29.651
0.032424,29.651
0.032428,29.651
0.032432,29.7255
0.032436,29.7255
0.03244,29.7255
0.032444,29.799999999999997
0.032448,29.799999999999997
0.032452,29.874499999999998
0.032456,29.874499999999998
0.03246,29.874499999999998
0.032464,29.874499999999998
0.032468,29.948999999999998
0.032472,29.948999999999998
0.032476,30.0235
0.03248,30.0235
0.032484,30.0235
0.032488,30.098
0.032492,30.098
0.032496,30.1725
0.0325,30.1725
0.032504,30.1725
0.032508,30.247
0.032512,30.247
0.032516,30.247
0.03252,30.247
0.032524,30.3215
0.032528,30.3215
0.032532,30.3215
0.032536,30.395999999999997
0.03254,30.395999999999997
0.032544,30.395999999999997
0.032548,30.470499999999998
0.032552,30.470499999999998
0.032556,30.470499999999998
0.03256,30.544999999999998
0.032564,30.544999999999998
0.032568,30.6195
0.032572,30.6195
0.032576,30.694
0.03258,30.6195
0.032584,30.694
0.032588,30.694
0.032592,30.7685
0.032596,30.7685
0.0326,30.7685
0.032604,30.843
0.032608,30.843
0.032612,30.9175
0.032616,30.843
0.03262,30.9175
0.032624,30.9175
0.032628,30.991999999999997
0.032632,31.066499999999998
0.032636,31.066499999999998
0.03264,31.066499999999998
0.032644,31.066499999999998
0.032648,31.066499999999998
0.032652,31.141
0.032656,31.141
0.03266,31.2155
0.032664,31.141
0.032668,31.2155
0.032672,31.29
0.032676,31.29
0.03268,31.29
0.032684,31.3645
0.032688,31.3645
0.032692,31.3645
0.032696,31.3645
0.0327,31.439
0.032704,31.513499999999997
0.032708,31.513499999999997
0.032712,31.587999999999997
0.032716,31.587999999999997
0.03272,31.587999999999997
0.032724,31.587999999999997
0.032728,31.662499999999998
0.032732,31.587999999999997
0.032736,31.662499999999998
0.03274,31.737
0.032744,31.737
0.032748,31.737
0.032752,31.737
0.032756,31.8115
0.03276,31.8115
0.032764,31.886
0.032768,31.886
0.032772,31.886
0.032776,31.9605
0.03278,31.9605
0.032784,31.9605
0.032788,32.035
0.032792,31.9605
0.032796,32.035
0.0328,32.035
0.032804,32.1095
0.032808,32.1095
0.032812,32.1095
0.032816,32.184
0.03282,32.184
0.032824,32.2585
0.032828,32.2585
0.032832,32.2585
0.032836,32.333
0.03284,32.333
0.032844,32.333
0.032848,32.4075
0.032852,32.4075
0.032856,32.4075
0.03286,32.4075
0.032864,32.4075
0.032868,32.482
0.032872,32.5565
0.032876,32.482
0.03288,32.5565
0.032884,32.5565
0.032888,32.631
0.032892,32.631
0.032896,32.631
0.0329,32.631
0.032904,32.7055
0.032908,32.7055
0.032912,32.7055
0.032916,32.78
0.03292,32.78
0.032924,32.8545
0.032928,32.8545
0.032932,32.8545
0.032936,32.929
0.03294,32.8545
0.032944,32.929
0.032948,33.003499999999995
0.032952,33.003499999999995
0.032956,33.003499999999995
0.03296,33.003499999999995
0.032964,33.077999999999996
0.032968,33.077999999999996
0.032972,33.077999999999996
0.032976,33.152499999999996
0.03298,33.152499999999996
0.032984,33.152499999999996
0.032988,33.227
0.032992,33.227
0.032996,33.227
0.033,33.227
0.033004,33.3015
0.033008,33.3015
0.033012,33.3015
0.033016,33.376
0.03302,33.376
0.033024,33.376
0.033028,33.4505
0.033032,33.4505
0.033036,33.525
0.03304,33.4505
0.033044,33.525
0.033048,33.5995
0.033052,33.5995
0.033056,33.5995
0.03306,33.5995
0.033064,33.674
0.033068,33.674
0.033072,33.7485
0.033076,33.7485
0.03308,33.7485
0.033084,33.7485
0.033088,33.823
0.033092,33.823
0.033096,33.8975
0.0331,33.8975
0.033104,33.8975
0.033108,33.8975
0.033112,33.972
0.033116,33.972
0.03312,33.972
0.033124,34.0465
0.033128,34.0465
0.033132,33.972
0.033136,34.0465
0.03314,34.0465
0.033144,34.120999999999995
0.033148,34.120999999999995
0.033152,34.195499999999996
0.033156,34.195499999999996
0.03316,34.195499999999996
0.033164,34.195499999999996
0.033168,34.269999999999996
0.033172,34.269999999999996
0.033176,34.3445
0.03318,34.269999999999996
0.033184,34.3445
0.033188,34.3445
0.033192,34.3445
0.033196,34.3445
0.0332,34.419
0.033204,34.4935
0.033208,34.4935
0.033212,34.4935
0.033216,34.4935
0.03322,34.4935
0.033224,34.568
0.033228,34.6425
0.033232,34.568
0.033236,34.6425
0.03324,34.6425
0.033244,34.717
0.033248,34.717
0.033252,34.717
0.033256,34.7915
0.03326,34.717
0.033264,34.7915
0.033268,34.7915
0.033272,34.7915
0.033276,34.866
0.03328,34.866
0.033284,34.9405
0.033288,34.9405
0.033292,34.9405
0.033296,34.9405
0.0333,35.015
0.033304,35.015
0.033308,35.015
0.033312,35.0895
0.033316,35.0895
0.03332,35.164
0.033324,35.164
0.033328,35.164
0.033332,35.164
0.033336,35.2385
0.03334,35.2385
0.033344,35.2385
0.033348,35.312999999999995
0.033352,35.312999999999995
0.033356,35.312999999999995
0.03336,35.387499999999996
0.033364,35.387499999999996
0.033368,35.387499999999996
0.033372,35.461999999999996
0.033376,35.461999999999996
0.03338,35.461999999999996
0.033384,35.5365
0.033388,35.5365
0.033392,35.5365
0.033396,35.611
0.0334,35.611
0.033404,35.6855
0.033408,35.6855
0.033412,35.6855
0.033416,35.6855
0.03342,35.76
0.033424,35.76
0.033428,35.8345
0.033432,35.8345
0.033436,35.8345
0.03344,35.909
0.033444,35.909
0.033448,35.909
0.033452,35.909
0.033456,35.9835
0.03346,36.058
0.033464,36.058
0.033468,36.1325
0.033472,36.1325
0.033476,36.1325
0.03348,36.207
0.033484,36.207
0.033488,36.2815
0.033492,36.2815
0.033496,36.2815
0.0335,36.356
0.033504,36.2815
0.033508,36.356
0.033512,36.356
0.033516,36.430499999999995
0.03352,36.430499999999995
0.033524,36.504999999999995
0.033528,36.504999999999995
0.033532,36.504999999999995
0.033536,36.504999999999995
0.03354,36.579499999999996
0.033544,36.579499999999996
0.033548,36.653999999999996
0.033552,36.653999999999996
0.033556,36.653999999999996
0.03356,36.653999999999996
0.033564,36.7285
0.033568,36.803
0.033572,36.803
0.033576,36.803
0.03358,36.8775
0.033584,36.8775
0.033588,36.8775
0.033592,36.8775
0.033596,36.952
0.0336,37.0265
0.033604,36.952
0.033608,37.0265
0.033612,37.0265
0.033616,37.101
0.03362,37.101
0.033624,37.1755
0.033628,37.1755
0.033632,37.1755
0.033636,37.1755
0.03364,37.25
0.033644,37.25
0.033648,37.25
0.033652,37.3245
0.033656,37.3245
0.03366,37.399
0.033664,37.399
0.033668,37.399
0.033672,37.399
0.033676,37.4735
0.03368,37.4735
0.033684,37.4735
0.033688,37.548
0.033692,37.548
0.033696,37.622499999999995
0.0337,37.622499999999995
0.033704,37.622499999999995
0.033708,37.622499999999995
0.033712,37.696999999999996
0.033716,37.696999999999996
0.03372,37.696999999999996
0.033724,37.771499999999996
0.033728,37.771499999999996
0.033732,37.846
0.033736,37.846
0.03374,37.846
0.033744,37.9205
0.033748,37.9205
0.033752,37.9205
0.033756,37.995
0.03376,37.995
0.033764,38.0695
0.033768,38.0695
0.033772,38.0695
0.033776,38.144
0.03378,38.0695
0.033784,38.144
0.033788,38.144
0.033792,38.2185
0.033796,38.2185
0.0338,38.2185
0.033804,38.293
0.033808,38.293
0.033812,38.293
0.033816,38.3675
0.03382,38.442
0.033824,38.442
0.033828,38.442
0.033832,38.442
0.033836,38.442
0.03384,38.5165
0.033844,38.5165
0.033848,38.5165
0.033852,38.591
0.033856,38.591
0.03386,38.591
0.033864,38.6655
0.033868,38.6655
0.033872,38.6655
0.033876,38.6655
0.03388,38.6655
0.033884,38.739999999999995
0.033888,38.739999999999995
0.033892,38.739999999999995
0.033896,38.814499999999995
0.0339,38.814499999999995
0.033904,38.814499999999995
0.033908,38.888999999999996
0.033912,38.888999999999996
0.033916,38.888999999999996
0.03392,38.963499999999996
0.033924,38.963499999999996
0.033928,38.963499999999996
0.033932,39.038
0.033936,39.038
0.03394,39.038
0.033944,39.038
0.033948,39.1125
0.033952,39.1125
0.033956,39.1125
0.03396,39.1125
0.033964,39.1125
0.033968,39.1125
0.033972,39.187
0.033976,39.187
0.03398,39.2615
0.033984,39.2615
0.033988,39.2615
0.033992,39.336
0.033996,39.336
0.034,39.336
0.034004,39.4105
0.034008,39.336
0.034012,39.4105
0.034016,39.4105
0.03402,39.4105
0.034024,39.485
0.034028,39.485
0.034032,39.485
0.034036,39.485
0.03404,39.5595
0.034044,39.485
0.034048,39.5595
0.034052,39.634
0.034056,39.634
0.03406,39.634
0.034064,39.634
0.034068,39.7085
0.034072,39.7085
0.034076,39.7085
0.03408,39.7085
0.034084,39.7085
0.034088,39.783
0.034092,39.783
0.034096,39.783
0.0341,39.783
0.034104,39.8575
0.034108,39.8575
0.034112,39.8575
0.034116,39.8575
0.03412,39.931999999999995
0.034124,39.931999999999995
0.034128,39.931999999999995
0.034132,39.931999999999995
0.034136,39.931999999999995
0.03414,40.006499999999996
0.034144,40.006499999999996
0.034148,40.006499999999996
0.034152,40.080999999999996
0.034156,40.080999999999996
0.03416,40.155499999999996
0.034164,40.155499999999996
0.034168,40.155499999999996
0.034172,40.155499999999996
0.034176,40.155499999999996
0.03418,40.155499999999996
0.034184,40.23
0.034188,40.23
0.034192,40.23
0.034196,40.3045
0.0342,40.3045
0.034204,40.3045
0.034208,40.3045
0.034212,40.379
0.034216,40.379
0.03422,40.379
0.034224,40.379
0.034228,40.4535
0.034232,40.4535
0.034236,40.528
0.03424,40.528
0.034244,40.528
0.034248,40.528
0.034252,40.6025
0.034256,40.6025
0.03426,40.677
0.034264,40.677
0.034268,40.677
0.034272,40.7515
0.034276,40.677
0.03428,40.7515
0.034284,40.826
0.034288,40.826
0.034292,40.9005
0.034296,40.9005
0.0343,40.975
0.034304,40.975
0.034308,40.975
0.034312,41.049499999999995
0.034316,41.049499999999995
0.03432,41.049499999999995
0.034324,41.049499999999995
0.034328,41.049499999999995
0.034332,41.123999999999995
0.034336,41.123999999999995
0.03434,41.198499999999996
0.034344,41.198499999999996
0.034348,41.198499999999996
0.034352,41.272999999999996
0.034356,41.272999999999996
0.03436,41.272999999999996
0.034364,41.272999999999996
0.034368,41.3475
0.034372,41.3475
0.034376,41.3475
0.03438,41.422
0.034384,41.422
0.034388,41.4965
0.034392,41.4965
0.034396,41.4965
0.0344,41.571
0.034404,41.571
0.034408,41.6455
0.034412,41.6455
0.034416,41.6455
0.03442,41.72
0.034424,41.72
0.034428,41.72
0.034432,41.7945
0.034436,41.7945
0.03444,41.7945
0.034444,41.869
0.034448,41.869
0.034452,41.869
0.034456,41.9435
0.03446,41.9435
0.034464,41.9435
0.034468,42.018
0.034472,42.018
0.034476,42.018
0.03448,42.0925
0.034484,42.0925
0.034488,42.0925
0.034492,42.167
0.034496,42.167
0.0345,42.241499999999995
0.034504,42.241499999999995
0.034508,42.241499999999995
0.034512,42.241499999999995
0.034516,42.315999999999995
0.03452,42.390499999999996
0.034524,42.390499999999996
0.034528,42.390499999999996
0.034532,42.464999999999996
0.034536,42.464999999999996
0.03454,42.464999999999996
0.034544,42.5395
0.034548,42.5395
0.034552,42.614
0.034556,42.5395
0.03456,42.614
0.034564,42.614
0.034568,42.6885
0.034572,42.6885
0.034576,42.6885
0.03458,42.763
0.034584,42.763
0.034588,42.763
0.034592,42.8375
0.034596,42.8375
0.0346,42.8375
0.034604,42.912
0.034608,42.9865
0.034612,42.9865
0.034616,42.9865
0.03462,42.9865
0.034624,43.061
0.034628,43.061
0.034632,43.061
0.034636,43.1355
0.03464,43.1355
0.034644,43.21
0.034648,43.21
0.034652,43.2845
0.034656,43.21
0.03466,43.2845
0.034664,43.2845
0.034668,43.358999999999995
0.034672,43.358999999999995
0.034676,43.358999999999995
0.03468,43.433499999999995
0.034684,43.433499999999995
0.034688,43.433499999999995
0.034692,43.433499999999995
0.034696,43.507999999999996
0.0347,43.507999999999996
0.034704,43.582499999999996
0.034708,43.582499999999996
0.034712,43.582499999999996
0.034716,43.657
0.03472,43.657
0.034724,43.7315
0.034728,43.7315
0.034732,43.7315
0.034736,43.806
0.03474,43.806
0.034744,43.806
0.034748,43.8805
0.034752,43.8805
0.034756,43.8805
0.03476,43.955
0.034764,43.955
0.034768,43.955
0.034772,44.0295
0.034776,44.0295
0.03478,44.0295
0.034784,44.104
0.034788,44.104
0.034792,44.1785
0.034796,44.104
0.0348,44.1785
0.034804,44.1785
0.034808,44.253
0.034812,44.253
0.034816,44.3275
0.03482,44.253
0.034824,44.3275
0.034828,44.3275
0.034832,44.402
0.034836,44.402
0.03484,44.402
0.034844,44.402
0.034848,44.4765
0.034852,44.4765
0.034856,44.4765
0.03486,44.4765
0.034864,44.550999999999995
0.034868,44.625499999999995
0.034872,44.625499999999995
0.034876,44.625499999999995
0.03488,44.625499999999995
0.034884,44.625499999999995
0.034888,44.699999999999996
0.034892,44.699999999999996
0.034896,44.774499999999996
0.0349,44.774499999999996
0.034904,44.774499999999996
0.034908,44.774499999999996
0.034912,44.774499999999996
0.034916,44.849
0.03492,44.849
0.034924,44.9235
0.034928,44.9235
0.034932,44.9235
0.034936,44.998
0.03494,44.998
0.034944,44.998
0.034948,45.0725
0.034952,45.0725
0.034956,45.0725
0.03496,45.0725
0.034964,45.147
0.034968,45.147
0.034972,45.2215
0.034976,45.2215
0.03498,45.296
0.034984,45.296
0.034988,45.296
0.034992,45.296
0.034996,45.3705
0.035,45.3705
0.035004,45.3705
0.035008,45.445
0.035012,45.445
0.035016,45.445
0.03502,45.445
0.035024,45.5195
0.035028,45.5195
0.035032,45.594
0.035036,45.594
0.03504,45.594
0.035044,45.594
0.035048,45.668499999999995
0.035052,45.668499999999995
0.035056,45.668499999999995
0.03506,45.742999999999995
0.035064,45.742999999999995
0.035068,45.817499999999995
0.035072,45.817499999999995
0.035076,45.817499999999995
0.03508,45.817499999999995
0.035084,45.817499999999995
0.035088,45.891999999999996
0.035092,45.891999999999996
0.035096,45.891999999999996
0.0351,45.966499999999996
0.035104,45.966499999999996
0.035108,45.966499999999996
0.035112,45.966499999999996
0.035116,45.966499999999996
0.03512,45.966499999999996
0.035124,46.041
0.035128,46.041
0.035132,46.041
0.035136,46.1155
0.03514,46.1155
0.035144,46.1155
0.035148,46.1155
0.035152,46.19
0.035156,46.19
0.03516,46.19
0.035164,46.2645
0.035168,46.2645
0.035172,46.2645
0.035176,46.2645
0.03518,46.339
0.035184,46.339
0.035188,46.339
0.035192,46.339
0.035196,46.4135
0.0352,46.4135
0.035204,46.4135
0.035208,46.488
0.035212,46.4135
0.035216,46.488
0.03522,46.488
0.035224,46.5625
0.035228,46.5625
0.035232,46.5625
0.035236,46.5625
0.03524,46.5625
0.035244,46.637
0.035248,46.637
0.035252,46.637
0.035256,46.7115
0.03526,46.7115
0.035264,46.7115
0.035268,46.786
0.035272,46.7115
0.035276,46.786
0.03528,46.786
0.035284,46.860499999999995
0.035288,46.860499999999995
0.035292,46.860499999999995
0.035296,46.860499999999995
0.0353,46.860499999999995
0.035304,46.934999999999995
0.035308,46.934999999999995
0.035312,46.934999999999995
0.035316,46.934999999999995
0.03532,47.009499999999996
0.035324,47.009499999999996
0.035328,47.009499999999996
0.035332,47.009499999999996
0.035336,47.083999999999996
0.03534,47.009499999999996
0.035344,47.083999999999996
0.035348,47.1585
0.035352,47.1585
0.035356,47.1585
0.03536,47.1585
0.035364,47.1585
0.035368,47.1585
0.035372,47.1585
0.035376,47.233
0.03538,47.233
0.035384,47.3075
0.035388,47.233
0.035392,47.3075
0.035396,47.3075
0.0354,47.3075
0.035404,47.382
0.035408,47.382
0.035412,47.382
0.035416,47.382
0.03542,47.382
0.035424,47.4565
0.035428,47.4565
0.035432,47.4565
0.035436,47.4565
0.03544,47.531
0.035444,47.531
0.035448,47.6055
0.035452,47.531
0.035456,47.531
0.03546,47.6055
0.035464,47.6055
0.035468,47.6055
0.035472,47.6055
0.035476,47.68
0.03548,47.68
0.035484,47.6055
0.035488,47.68
0.035492,47.68
0.035496,47.68
0.0355,47.68
0.035504,47.7545
0.035508,47.7545
0.035512,47.829
0.035516,47.7545
0.03552,47.7545
0.035524,47.7545
0.035528,47.829
0.035532,47.7545
0.035536,47.829
0.03554,47.7545
0.035544,47.829
0.035548,47.829
0.035552,47.829
0.035556,47.9035
0.03556,47.9035
0.035564,47.9035
0.035568,47.9035
0.035572,47.977999999999994
0.035576,47.977999999999994
0.03558,47.977999999999994
0.035584,47.977999999999994
0.035588,48.052499999999995
0.035592,48.052499999999995
0.035596,48.052499999999995
0.0356,48.052499999999995
0.035604,48.126999999999995
0.035608,48.126999999999995
0.035612,48.126999999999995
0.035616,48.126999999999995
0.03562,48.201499999999996
0.035624,48.201499999999996
0.035628,48.201499999999996
0.035632,48.201499999999996
0.035636,48.275999999999996
0.03564,48.201499999999996
0.035644,48.3505
0.035648,48.275999999999996
0.035652,48.3505
0.035656,48.3505
0.03566,48.3505
0.035664,48.425
0.035668,48.425
0.035672,48.425
0.035676,48.425
0.03568,48.4995
0.035684,48.4995
0.035688,48.4995
0.035692,48.4995
0.035696,48.4995
0.0357,48.4995
0.035704,48.574
0.035708,48.574
0.035712,48.574
0.035716,48.6485
0.03572,48.6485
0.035724,48.723
0.035728,48.723
0.035732,48.723
0.035736,48.723
0.03574,48.7975
0.035744,48.7975
0.035748,48.7975
0.035752,48.7975
0.035756,48.872
0.03576,48.872
0.035764,48.9465
0.035768,48.872
0.035772,48.9465
0.035776,48.9465
0.03578,49.021
0.035784,49.021
0.035788,49.021
0.035792,49.0955
0.035796,49.0955
0.0358,49.0955
0.035804,49.169999999999995
0.035808,49.169999999999995
0.035812,49.244499999999995
0.035816,49.169999999999995
0.03582,49.244499999999995
0.035824,49.244499999999995
0.035828,49.318999999999996
0.035832,49.318999999999996
0.035836,49.318999999999996
0.03584,49.318999999999996
0.035844,49.393499999999996
0.035848,49.393499999999996
0.035852,49.467999999999996
0.035856,49.393499999999996
0.03586,49.467999999999996
0.035864,49.467999999999996
0.035868,49.467999999999996
0.035872,49.5425
0.035876,49.5425
0.03588,49.5425
0.035884,49.617
0.035888,49.617
0.035892,49.6915
0.035896,49.6915
0.0359,49.6915
0.035904,49.6915
0.035908,49.766
0.035912,49.766
0.035916,49.8405
0.03592,49.8405
0.035924,49.8405
0.035928,49.8405
0.035932,49.8405
0.035936,49.915
0.03594,49.9895
0.035944,49.9895
0.035948,49.9895
0.035952,49.9895
0.035956,49.9895
0.03596,50.064
0.035964,50.064
0.035968,50.064
0.035972,50.1385
0.035976,50.1385
0.03598,50.1385
0.035984,50.213
0.035988,50.213
0.035992,50.213
0.035996,50.287499999999994
0.036,50.287499999999994
0.036004,50.361999999999995
0.036008,50.361999999999995
0.036012,50.436499999999995
0.036016,50.361999999999995
0.03602,50.361999999999995
0.036024,50.510999999999996
0.036028,50.510999999999996
0.036032,50.510999999999996
0.036036,50.510999999999996
0.03604,50.585499999999996
0.036044,50.585499999999996
0.036048,50.585499999999996
0.036052,50.585499999999996
0.036056,50.66
0.03606,50.66
0.036064,50.7345
0.036068,50.7345
0.036072,50.7345
0.036076,50.7345
0.03608,50.7345
0.036084,50.809
0.036088,50.809
0.036092,50.8835
0.036096,50.8835
0.0361,50.8835
0.036104,50.958
0.036108,50.958
0.036112,50.958
0.036116,51.0325
0.03612,51.0325
0.036124,51.107
0.036128,51.107
0.036132,51.107
0.036136,51.1815
0.03614,51.1815
0.036144,51.1815
0.036148,51.1815
0.036152,51.256
0.036156,51.3305
0.03616,51.3305
0.036164,51.3305
0.036168,51.3305
0.036172,51.405
0.036176,51.405
0.03618,51.479499999999994
0.036184,51.479499999999994
0.036188,51.479499999999994
0.036192,51.479499999999994
0.036196,51.553999999999995
0.0362,51.553999999999995
0.036204,51.628499999999995
0.036208,51.553999999999995
0.036212,51.628499999999995
0.036216,51.628499999999995
0.03622,51.702999999999996
0.036224,51.702999999999996
0.036228,51.702999999999996
0.036232,51.702999999999996
0.036236,51.777499999999996
0.03624,51.777499999999996
0.036244,51.777499999999996
0.036248,51.777499999999996
0.036252,51.852
0.036256,51.852
0.03626,51.9265
0.036264,51.9265
0.036268,51.9265
0.036272,52.001
0.036276,52.001
0.03628,52.001
0.036284,52.0755
0.036288,52.0755
0.036292,52.0755
0.036296,52.0755
0.0363,52.15
0.036304,52.15
0.036308,52.15
0.036312,52.2245
0.036316,52.2245
0.03632,52.2245
0.036324,52.299
0.036328,52.299
0.036332,52.299
0.036336,52.299
0.03634,52.3735
0.036344,52.3735
0.036348,52.448
0.036352,52.448
0.036356,52.448
0.03636,52.5225
0.036364,52.5225
0.036368,52.5225
0.036372,52.596999999999994
0.036376,52.596999999999994
0.03638,52.596999999999994
0.036384,52.596999999999994
0.036388,52.671499999999995
0.036392,52.671499999999995
0.036396,52.745999999999995
0.0364,52.745999999999995
0.036404,52.745999999999995
0.036408,52.820499999999996
0.036412,52.820499999999996
0.036416,52.820499999999996
0.03642,52.820499999999996
0.036424,52.894999999999996
0.036428,52.9695
0.036432,52.894999999999996
0.036436,52.894999999999996
0.03644,52.9695
0.036444,52.9695
0.036448,52.9695
0.036452,53.044
0.036456,53.044
0.03646,53.1185
0.036464,53.1185
0.036468,53.1185
0.036472,53.1185
0.036476,53.193
0.03648,53.193
0.036484,53.2675
0.036488,53.2675
0.036492,53.2675
0.036496,53.2675
0.0365,53.342
0.036504,53.342
0.036508,53.342
0.036512,53.4165
0.036516,53.4165
0.03652,53.4165
0.036524,53.4165
0.036528,53.491
0.036532,53.491
0.036536,53.491
0.03654,53.5655
0.036544,53.491
0.036548,53.5655
0.036552,53.5655
0.036556,53.64
0.03656,53.64
0.036564,53.64
0.036568,53.64
0.036572,53.7145
0.036576,53.7145
0.03658,53.7145
0.036584,53.7145
0.036588,53.788999999999994
0.036592,53.788999999999994
0.036596,53.788999999999994
0.0366,53.863499999999995
0.036604,53.863499999999995
0.036608,53.863499999999995
0.036612,53.863499999999995
0.036616,53.863499999999995
0.03662,53.937999999999995
0.036624,54.012499999999996
0.036628,54.012499999999996
0.036632,54.012499999999996
0.036636,54.012499999999996
0.03664,54.012499999999996
0.036644,54.086999999999996
0.036648,54.086999999999996
0.036652,54.086999999999996
0.036656,54.1615
0.03666,54.1615
0.036664,54.1615
0.036668,54.236
0.036672,54.236
0.036676,54.236
0.03668,54.236
0.036684,54.3105
0.036688,54.3105
0.036692,54.385
0.036696,54.385
0.0367,54.385
0.036704,54.3105
0.036708,54.4595
0.036712,54.4595
0.036716,54.385
0.03672,54.4595
0.036724,54.4595
0.036728,54.534
0.036732,54.534
0.036736,54.534
0.03674,54.6085
0.036744,54.6085
0.036748,54.683
0.036752,54.6085
0.036756,54.683
0.03676,54.683
0.036764,54.683
0.036768,54.7575
0.036772,54.7575
0.036776,54.7575
0.03678,54.7575
0.036784,54.832
0.036788,54.832
0.036792,54.906499999999994
0.036796,54.906499999999994
0.0368,54.906499999999994
0.036804,54.906499999999994
0.036808,54.906499999999994
0.036812,54.980999999999995
0.036816,54.906499999999994
0.03682,55.055499999999995
0.036824,55.055499999999995
0.036828,55.055499999999995
0.036832,55.129999999999995
0.036836,55.129999999999995
0.03684,55.129999999999995
0.036844,55.204499999999996
0.036848,55.129999999999995
0.036852,55.204499999999996
0.036856,55.278999999999996
0.03686,55.204499999999996
0.036864,55.204499999999996
0.036868,55.278999999999996
0.036872,55.278999999999996
0.036876,55.278999999999996
0.03688,55.278999999999996
0.036884,55.278999999999996
0.036888,55.3535
0.036892,55.3535
0.036896,55.3535
0.0369,55.428
0.036904,55.5025
0.036908,55.428
0.036912,55.428
0.036916,55.428
0.03692,55.5025
0.036924,55.5025
0.036928,55.5025
0.036932,55.577
0.036936,55.577
0.03694,55.577
0.036944,55.6515
0.036948,55.6515
0.036952,55.6515
0.036956,55.6515
0.03696,55.6515
0.036964,55.6515
0.036968,55.6515
0.036972,55.6515
0.036976,55.726
0.03698,55.726
0.036984,55.726
0.036988,55.8005
0.036992,55.8005
0.036996,55.8005
0.037,55.8005
0.037004,55.875
0.037008,55.875
0.037012,55.875
0.037016,55.875
0.03702,55.875
0.037024,55.875
0.037028,55.875
0.037032,55.9495
0.037036,55.9495
0.03704,55.9495
0.037044,55.9495
0.037048,55.9495
0.037052,55.9495
0.037056,56.024
0.03706,56.024
0.037064,56.024
0.037068,56.098499999999994
0.037072,56.024
0.037076,56.098499999999994
0.03708,56.024
0.037084,56.098499999999994
0.037088,56.024
0.037092,56.098499999999994
0.037096,56.098499999999994
0.0371,56.098499999999994
0.037104,56.172999999999995
0.037108,56.172999999999995
0.037112,56.172999999999995
0.037116,56.247499999999995
0.03712,56.172999999999995
0.037124,56.247499999999995
0.037128,56.247499999999995
0.037132,56.247499999999995
0.037136,56.247499999999995
0.03714,56.247499999999995
0.037144,56.247499999999995
0.037148,56.321999999999996
0.037152,56.321999999999996
0.037156,56.321999999999996
0.03716,56.321999999999996
0.037164,56.396499999999996
0.037168,56.321999999999996
0.037172,56.396499999999996
0.037176,56.396499999999996
0.03718,56.396499999999996
0.037184,56.396499999999996
0.037188,56.471
0.037192,56.471
0.037196,56.471
0.0372,56.5455
0.037204,56.5455
0.037208,56.5455
0.037212,56.5455
0.037216,56.62
0.03722,56.62
0.037224,56.62
0.037228,56.62
0.037232,56.62
0.037236,56.62
0.03724,56.6945
0.037244,56.6945
0.037248,56.6945
0.037252,56.6945
0.037256,56.769
0.03726,56.769
0.037264,56.769
0.037268,56.8435
0.037272,56.8435
0.037276,56.8435
0.03728,56.8435
0.037284,56.918
0.037288,56.918
0.037292,56.918
0.037296,56.9925
0.0373,56.918
0.037304,56.9925
0.037308,56.9925
0.037312,57.067
0.037316,57.067
0.03732,57.067
0.037324,57.067
0.037328,57.067
0.037332,57.1415
0.037336,57.1415
0.03734,57.1415
0.037344,57.215999999999994
0.037348,57.215999999999994
0.037352,57.290499999999994
0.037356,57.215999999999994
0.03736,57.215999999999994
0.037364,57.290499999999994
0.037368,57.290499999999994
0.037372,57.364999999999995
0.037376,57.364999999999995
0.03738,57.364999999999995
0.037384,57.364999999999995
0.037388,57.364999999999995
0.037392,57.439499999999995
0.037396,57.439499999999995
0.0374,57.439499999999995
0.037404,57.513999999999996
0.037408,57.513999999999996
0.037412,57.588499999999996
0.037416,57.588499999999996
0.03742,57.588499999999996
0.037424,57.588499999999996
0.037428,57.663
0.037432,57.663
0.037436,57.663
0.03744,57.663
0.037444,57.663
0.037448,57.7375
0.037452,57.7375
0.037456,57.7375
0.03746,57.812
0.037464,57.812
0.037468,57.812
0.037472,57.812
0.037476,57.8865
0.03748,57.8865
0.037484,57.8865
0.037488,57.961
0.037492,57.8865
0.037496,57.8865
0.0375,57.961
0.037504,57.961
0.037508,57.961
0.037512,58.0355
0.037516,58.0355
0.03752,58.0355
0.037524,58.11
0.037528,58.0355
0.037532,58.11
0.037536,58.11
0.03754,58.11
0.037544,58.11
0.037548,58.11
0.037552,58.11
0.037556,58.1845
0.03756,58.1845
0.037564,58.1845
0.037568,58.1845
0.037572,58.259
0.037576,58.259
0.03758,58.259
0.037584,58.259
0.037588,58.259
0.037592,58.259
0.037596,58.3335
0.0376,58.3335
0.037604,58.407999999999994
0.037608,58.407999999999994
0.037612,58.407999999999994
0.037616,58.407999999999994
0.03762,58.407999999999994
0.037624,58.407999999999994
0.037628,58.482499999999995
0.037632,58.482499999999995
0.037636,58.482499999999995
0.03764,58.407999999999994
0.037644,58.482499999999995
0.037648,58.482499999999995
0.037652,58.482499999999995
0.037656,58.482499999999995
0.03766,58.556999999999995
0.037664,58.556999999999995
0.037668,58.556999999999995
0.037672,58.556999999999995
0.037676,58.556999999999995
0.03768,58.556999999999995
0.037684,58.556999999999995
0.037688,58.556999999999995
0.037692,58.556999999999995
0.037696,58.556999999999995
0.0377,58.482499999999995
0.037704,58.556999999999995
0.037708,58.482499999999995
0.037712,58.556999999999995
0.037716,58.556999999999995
0.03772,58.482499999999995
0.037724,58.556999999999995
0.037728,58.556999999999995
0.037732,58.556999999999995
0.037736,58.482499999999995
0.03774,58.556999999999995
0.037744,58.556999999999995
0.037748,58.556999999999995
0.037752,58.556999999999995
0.037756,58.556999999999995
0.03776,58.631499999999996
0.037764,58.631499999999996
0.037768,58.556999999999995
0.037772,58.631499999999996
0.037776,58.631499999999996
0.03778,58.631499999999996
0.037784,58.631499999999996
0.037788,58.631499999999996
0.037792,58.631499999999996
0.037796,58.631499999999996
0.0378,58.705999999999996
0.037804,58.705999999999996
0.037808,58.705999999999996
0.037812,58.705999999999996
0.037816,58.705999999999996
0.03782,58.705999999999996
0.037824,58.705999999999996
0.037828,58.780499999999996
0.037832,58.780499999999996
0.037836,58.780499999999996
0.03784,58.780499999999996
0.037844,58.780499999999996
0.037848,58.780499999999996
0.037852,58.780499999999996
0.037856,58.855
0.03786,58.855
0.037864,58.855
0.037868,58.9295
0.037872,58.9295
0.037876,58.9295
0.03788,58.9295
0.037884,58.9295
0.037888,58.9295
0.037892,58.9295
0.037896,58.9295
0.0379,59.004
0.037904,59.004
0.037908,59.004
0.037912,59.004
0.037916,59.0785
0.03792,59.004
0.037924,59.004
0.037928,59.0785
0.037932,59.0785
0.037936,59.0785
0.03794,59.153
0.037944,59.0785
0.037948,59.2275
0.037952,59.153
0.037956,59.2275
0.03796,59.153
0.037964,59.2275
0.037968,59.2275
0.037972,59.2275
0.037976,59.2275
0.03798,59.2275
0.037984,59.2275
0.037988,59.302
0.037992,59.302
0.037996,59.3765
0.038,59.3765
0.038004,59.3765
0.038008,59.3765
0.038012,59.3765
0.038016,59.3765
0.03802,59.451
0.038024,59.451
0.038028,59.5255
0.038032,59.5255
0.038036,59.451
0.03804,59.5255
0.038044,59.5255
0.038048,59.599999999999994
0.038052,59.599999999999994
0.038056,59.5255
0.03806,59.599999999999994
0.038064,59.599999999999994
0.038068,59.599999999999994
0.038072,59.599999999999994
0.038076,59.674499999999995
0.03808,59.674499999999995
0.038084,59.674499999999995
0.038088,59.674499999999995
0.038092,59.748999999999995
0.038096,59.748999999999995
0.0381,59.823499999999996
0.038104,59.748999999999995
0.038108,59.823499999999996
0.038112,59.897999999999996
0.038116,59.897999999999996
0.03812,59.897999999999996
0.038124,59.897999999999996
0.038128,59.897999999999996
0.038132,59.9725
0.038136,59.9725
0.03814,59.9725
0.038144,59.9725
0.038148,60.047
0.038152,60.047
0.038156,60.047
0.03816,60.1215
0.038164,60.1215
0.038168,60.047
0.038172,60.1215
0.038176,60.1215
0.03818,60.196
0.038184,60.196
0.038188,60.196
0.038192,60.196
0.038196,60.2705
0.0382,60.2705
0.038204,60.2705
0.038208,60.2705
0.038212,60.2705
0.038216,60.345
0.03822,60.345
0.038224,60.345
0.038228,60.345
0.038232,60.345
0.038236,60.4195
0.03824,60.4195
0.038244,60.4195
0.038248,60.494
0.038252,60.494
0.038256,60.494
0.03826,60.5685
0.038264,60.494
0.038268,60.5685
0.038272,60.5685
0.038276,60.5685
0.03828,60.643
0.038284,60.643
0.038288,60.643
0.038292,60.643
0.038296,60.717499999999994
0.0383,60.717499999999994
0.038304,60.791999999999994
0.038308,60.791999999999994
0.038312,60.717499999999994
0.038316,60.791999999999994
0.03832,60.791999999999994
0.038324,60.866499999999995
0.038328,60.866499999999995
0.038332,60.866499999999995
0.038336,60.940999999999995
0.03834,60.866499999999995
0.038344,60.866499999999995
0.038348,60.940999999999995
0.038352,61.015499999999996
0.038356,61.015499999999996
0.03836,61.015499999999996
0.038364,61.015499999999996
0.038368,61.015499999999996
0.038372,61.089999999999996
0.038376,61.089999999999996
0.03838,61.089999999999996
0.038384,61.1645
0.038388,61.1645
0.038392,61.1645
0.038396,61.1645
0.0384,61.239
0.038404,61.239
0.038408,61.239
0.038412,61.239
0.038416,61.239
0.03842,61.239
0.038424,61.3135
0.038428,61.3135
0.038432,61.3135
0.038436,61.388
0.03844,61.388
0.038444,61.4625
0.038448,61.4625
0.038452,61.4625
0.038456,61.4625
0.03846,61.4625
0.038464,61.4625
0.038468,61.4625
0.038472,61.537
0.038476,61.6115
0.03848,61.6115
0.038484,61.6115
0.038488,61.6115
0.038492,61.686
0.038496,61.7605
0.0385,61.686
0.038504,61.686
0.038508,61.686
0.038512,61.7605
0.038516,61.7605
0.03852,61.7605
0.038524,61.835
0.038528,61.835
0.038532,61.835
0.038536,61.909499999999994
0.03854,61.909499999999994
0.038544,61.909499999999994
0.038548,61.909499999999994
0.038552,61.909499999999994
0.038556,61.909499999999994
0.03856,61.909499999999994
0.038564,61.983999999999995
0.038568,62.058499999999995
0.038572,62.058499999999995
0.038576,62.058499999999995
0.03858,62.058499999999995
0.038584,62.058499999999995
0.038588,62.132999999999996
0.038592,62.132999999999996
0.038596,62.132999999999996
0.0386,62.132999999999996
0.038604,62.207499999999996
0.038608,62.282
0.038612,62.282
0.038616,62.282
0.03862,62.282
0.038624,62.3565
0.038628,62.3565
0.038632,62.3565
0.038636,62.282
0.03864,62.431
0.038644,62.431
0.038648,62.3565
0.038652,62.431
0.038656,62.5055
0.03866,62.5055
0.038664,62.5055
0.038668,62.5055
0.038672,62.58
0.038676,62.5055
0.03868,62.58
0.038684,62.58
0.038688,62.6545
0.038692,62.6545
0.038696,62.6545
0.0387,62.6545
0.038704,62.729
0.038708,62.729
0.038712,62.729
0.038716,62.8035
0.03872,62.8035
0.038724,62.8035
0.038728,62.8035
0.038732,62.878
0.038736,62.8035
0.03874,62.878
0.038744,62.9525
0.038748,62.9525
0.038752,62.9525
0.038756,62.9525
0.03876,62.9525
0.038764,63.026999999999994
0.038768,63.026999999999994
0.038772,63.026999999999994
0.038776,63.101499999999994
0.03878,63.101499999999994
0.038784,63.101499999999994
0.038788,63.101499999999994
0.038792,63.101499999999994
0.038796,63.175999999999995
0.0388,63.175999999999995
0.038804,63.175999999999995
0.038808,63.175999999999995
0.038812,63.250499999999995
0.038816,63.250499999999995
0.03882,63.250499999999995
0.038824,63.324999999999996
0.038828,63.324999999999996
0.038832,63.324999999999996
0.038836,63.324999999999996
0.03884,63.399499999999996
0.038844,63.399499999999996
0.038848,63.399499999999996
0.038852,63.399499999999996
0.038856,63.474
0.03886,63.474
0.038864,63.474
0.038868,63.5485
0.038872,63.5485
0.038876,63.623
0.03888,63.623
0.038884,63.623
0.038888,63.623
0.038892,63.623
0.038896,63.623
0.0389,63.6975
0.038904,63.6975
0.038908,63.6975
0.038912,63.6975
0.038916,63.6975
0.03892,63.772
0.038924,63.772
0.038928,63.772
0.038932,63.8465
0.038936,63.8465
0.03894,63.8465
0.038944,63.8465
0.038948,63.921
0.038952,63.921
0.038956,63.921
0.03896,63.9955
0.038964,63.921
0.038968,63.9955
0.038972,63.9955
0.038976,63.9955
0.03898,64.07
0.038984,64.07
0.038988,64.1445
0.038992,64.1445
0.038996,64.07
0.039,64.1445
0.039004,64.1445
0.039008,64.219
0.039012,64.219
0.039016,64.219
0.03902,64.219
0.039024,64.2935
0.039028,64.368
0.039032,64.2935
0.039036,64.368
0.03904,64.368
0.039044,64.368
0.039048,64.368
0.039052,64.4425
0.039056,64.4425
0.03906,64.4425
0.039064,64.4425
0.039068,64.4425
0.039072,64.517
0.039076,64.517
0.03908,64.517
0.039084,64.5915
0.039088,64.5915
0.039092,64.5915
0.039096,64.5915
0.0391,64.666
0.039104,64.666
0.039108,64.7405
0.039112,64.666
0.039116,64.7405
0.03912,64.7405
0.039124,64.815
0.039128,64.815
0.039132,64.815
0.039136,64.815
0.03914,64.815
0.039144,64.815
0.039148,64.8895
0.039152,64.8895
0.039156,64.964
0.03916,64.964
0.039164,64.964
0.039168,64.964
0.039172,65.0385
0.039176,65.0385
0.03918,65.0385
0.039184,65.113
0.039188,65.0385
0.039192,65.113
0.039196,65.113
0.0392,65.1875
0.039204,65.1875
0.039208,65.1875
0.039212,65.1875
0.039216,65.262
0.03922,65.1875
0.039224,65.1875
0.039228,65.262
0.039232,65.262
0.039236,65.3365
0.03924,65.3365
0.039244,65.3365
0.039248,65.411
0.039252,65.411
0.039256,65.411
0.03926,65.411
0.039264,65.4855
0.039268,65.4855
0.039272,65.4855
0.039276,65.4855
0.03928,65.4855
0.039284,65.4855
0.039288,65.56
0.039292,65.56
0.039296,65.56
0.0393,65.6345
0.039304,65.6345
0.039308,65.709
0.039312,65.709
0.039316,65.709
0.03932,65.709
0.039324,65.709
0.039328,65.7835
0.039332,65.7835
0.039336,65.7835
0.03934,65.858
0.039344,65.858
0.039348,65.858
0.039352,65.858
0.039356,65.858
0.03936,65.93249999999999
0.039364,65.858
0.039368,66.00699999999999
0.039372,66.00699999999999
0.039376,66.00699999999999
0.03938,66.00699999999999
0.039384,66.00699999999999
0.039388,66.00699999999999
0.039392,66.08149999999999
0.039396,66.08149999999999
0.0394,66.08149999999999
0.039404,66.08149999999999
0.039408,66.15599999999999
0.039412,66.15599999999999
0.039416,66.15599999999999
0.03942,66.15599999999999
0.039424,66.23049999999999
0.039428,66.23049999999999
0.039432,66.23049999999999
0.039436,66.23049999999999
0.03944,66.30499999999999
0.039444,66.30499999999999
0.039448,66.30499999999999
0.039452,66.3795
0.039456,66.3795
0.03946,66.3795
0.039464,66.3795
0.039468,66.3795
0.039472,66.3795
0.039476,66.454
0.03948,66.454
0.039484,66.5285
0.039488,66.5285
0.039492,66.5285
0.039496,66.5285
0.0395,66.5285
0.039504,66.603
0.039508,66.603
0.039512,66.603
0.039516,66.603
0.03952,66.6775
0.039524,66.6775
0.039528,66.6775
0.039532,66.752
0.039536,66.752
0.03954,66.752
0.039544,66.752
0.039548,66.752
0.039552,66.8265
0.039556,66.8265
0.03956,66.8265
0.039564,66.8265
0.039568,66.901
0.039572,66.901
0.039576,66.901
0.03958,66.9755
0.039584,66.9755
0.039588,66.9755
0.039592,66.9755
0.039596,67.05
0.0396,67.05
0.039604,67.05
0.039608,67.1245
0.039612,67.1245
0.039616,67.1245
0.03962,67.1245
0.039624,67.199
0.039628,67.1245
0.039632,67.199
0.039636,67.2735
0.03964,67.199
0.039644,67.2735
0.039648,67.2735
0.039652,67.348
0.039656,67.348
0.03966,67.348
0.039664,67.348
0.039668,67.348
0.039672,67.348
0.039676,67.4225
0.03968,67.4225
0.039684,67.4225
0.039688,67.497
0.039692,67.497
0.039696,67.497
0.0397,67.497
0.039704,67.497
0.039708,67.5715
0.039712,67.5715
0.039716,67.5715
0.03972,67.5715
0.039724,67.5715
0.039728,67.646
0.039732,67.646
0.039736,67.7205
0.03974,67.646
0.039744,67.646
0.039748,67.7205
0.039752,67.7205
0.039756,67.795
0.03976,67.795
0.039764,67.795
0.039768,67.795
0.039772,67.8695
0.039776,67.795
0.03978,67.8695
0.039784,67.8695
0.039788,67.944
0.039792,67.944
0.039796,67.944
0.0398,67.944
0.039804,67.944
0.039808,68.0185
0.039812,68.0185
0.039816,68.093
0.03982,68.093
0.039824,68.093
0.039828,68.093
0.039832,68.093
0.039836,68.1675
0.03984,68.1675
0.039844,68.1675
0.039848,68.1675
0.039852,68.1675
0.039856,68.24199999999999
0.03986,68.24199999999999
0.039864,68.24199999999999
0.039868,68.31649999999999
0.039872,68.31649999999999
0.039876,68.31649999999999
0.03988,68.31649999999999
0.039884,68.31649999999999
0.039888,68.39099999999999
0.039892,68.39099999999999
0.039896,68.39099999999999
0.0399,68.39099999999999
0.039904,68.46549999999999
0.039908,68.46549999999999
0.039912,68.46549999999999
0.039916,68.53999999999999
0.03992,68.53999999999999
0.039924,68.53999999999999
0.039928,68.53999999999999
0.039932,68.53999999999999
0.039936,68.61449999999999
0.03994,68.61449999999999
0.039944,68.61449999999999
0.039948,68.61449999999999
0.039952,68.61449999999999
0.039956,68.689
0.03996,68.689
0.039964,68.689
0.039968,68.7635
0.039972,68.7635
0.039976,68.7635
0.03998,68.7635
0.039984,68.7635
0.039988,68.838
0.039992,68.7635
0.039996,68.838
0.04,68.838
0.040004,68.9125
0.040008,68.9125
0.040012,68.9125
0.040016,68.9125
0.04002,68.987
0.040024,68.987
0.040028,68.987
0.040032,68.987
0.040036,69.0615
0.04004,68.987
0.040044,69.0615
0.040048,69.0615
0.040052,69.0615
0.040056,69.0615
0.04006,69.136
0.040064,69.136
0.040068,69.136
0.040072,69.136
0.040076,69.136
0.04008,69.2105
0.040084,69.2105
0.040088,69.2105
0.040092,69.2105
0.040096,69.285
0.0401,69.3595
0.040104,69.285
0.040108,69.3595
0.040112,69.434
0.040116,69.434
0.04012,69.434
0.040124,69.434
0.040128,69.434
0.040132,69.434
0.040136,69.434
0.04014,69.5085
0.040144,69.5085
0.040148,69.5085
0.040152,69.583
0.040156,69.583
0.04016,69.583
0.040164,69.583
0.040168,69.583
0.040172,69.583
0.040176,69.6575
0.04018,69.6575
0.040184,69.6575
0.040188,69.6575
0.040192,69.6575
0.040196,69.6575
0.0402,69.732
0.040204,69.732
0.040208,69.732
0.040212,69.732
0.040216,69.732
0.04022,69.8065
0.040224,69.8065
0.040228,69.8065
0.040232,69.8065
0.040236,69.8065
0.04024,69.8065
0.040244,69.881
0.040248,69.881
0.040252,69.881
0.040256,69.881
0.04026,69.9555
0.040264,69.9555
0.040268,69.9555
0.040272,69.9555
0.040276,70.03
0.04028,69.9555
0.040284,70.03
0.040288,70.03
0.040292,70.03
0.040296,70.03
0.0403,70.03
0.040304,70.1045
0.040308,70.03
0.040312,70.1045
0.040316,70.1045
0.04032,70.1045
0.040324,70.1045
0.040328,70.179
0.040332,70.179
0.040336,70.179
0.04034,70.2535
0.040344,70.2535
0.040348,70.2535
0.040352,70.179
0.040356,70.2535
0.04036,70.2535
0.040364,70.328
0.040368,70.2535
0.040372,70.328
0.040376,70.328
0.04038,70.4025
0.040384,70.328
0.040388,70.328
0.040392,70.4025
0.040396,70.328
0.0404,70.4025
0.040404,70.4025
0.040408,70.477
0.040412,70.477
0.040416,70.477
0.04042,70.477
0.040424,70.477
0.040428,70.477
0.040432,70.477
0.040436,70.55149999999999
0.04044,70.55149999999999
0.040444,70.55149999999999
0.040448,70.62599999999999
0.040452,70.62599999999999
0.040456,70.62599999999999
0.04046,70.62599999999999
0.040464,70.62599999999999
0.040468,70.62599999999999
0.040472,70.62599999999999
0.040476,70.70049999999999
0.04048,70.70049999999999
0.040484,70.70049999999999
0.040488,70.77499999999999
0.040492,70.70049999999999
0.040496,70.70049999999999
0.0405,70.77499999999999
0.040504,70.77499999999999
0.040508,70.77499999999999
0.040512,70.77499999999999
0.040516,70.77499999999999
0.04052,70.84949999999999
0.040524,70.77499999999999
0.040528,70.84949999999999
0.040532,70.84949999999999
0.040536,70.84949999999999
0.04054,70.84949999999999
0.040544,70.84949999999999
0.040548,70.92399999999999
0.040552,70.92399999999999
0.040556,70.92399999999999
0.04056,70.92399999999999
0.040564,70.92399999999999
0.040568,70.99849999999999
0.040572,70.99849999999999
0.040576,70.92399999999999
0.04058,70.99849999999999
0.040584,70.99849999999999
0.040588,70.99849999999999
0.040592,71.073
0.040596,71.073
0.0406,71.1475
0.040604,71.073
0.040608,71.1475
0.040612,71.1475
0.040616,71.1475
0.04062,71.1475
0.040624,71.1475
0.040628,71.1475
0.040632,71.1475
0.040636,71.222
0.04064,71.222
0.040644,71.222
0.040648,71.222
0.040652,71.222
0.040656,71.2965
0.04066,71.2965
0.040664,71.2965
0.040668,71.2965
0.040672,71.2965
0.040676,71.371
0.04068,71.371
0.040684,71.371
0.040688,71.371
0.040692,71.371
0.040696,71.4455
0.0407,71.4455
0.040704,71.4455
0.040708,71.4455
0.040712,71.4455
0.040716,71.4455
0.04072,71.4455
0.040724,71.52
0.040728,71.52
0.040732,71.5945
0.040736,71.52
0.04074,71.5945
0.040744,71.5945
0.040748,71.5945
0.040752,71.5945
0.040756,71.5945
0.04076,71.5945
0.040764,71.5945
0.040768,71.5945
0.040772,71.669
0.040776,71.669
0.04078,71.669
0.040784,71.669
0.040788,71.669
0.040792,71.669
0.040796,71.7435
0.0408,71.7435
0.040804,71.7435
0.040808,71.818
0.040812,71.8925
0.040816,71.818
0.04082,71.818
0.040824,71.818
0.040828,71.8925
0.040832,71.818
0.040836,71.8925
0.04084,71.818
0.040844,71.8925
0.040848,71.8925
0.040852,71.8925
0.040856,71.8925
0.04086,71.967
0.040864,71.967
0.040868,71.967
0.040872,71.967
0.040876,72.0415
0.04088,72.0415
0.040884,72.0415
0.040888,71.967
0.040892,71.967
0.040896,72.0415
0.0409,72.0415
0.040904,71.967
0.040908,71.967
0.040912,71.967
0.040916,72.0415
0.04092,72.0415
0.040924,72.0415
0.040928,71.967
0.040932,72.0415
0.040936,72.0415
0.04094,72.0415
0.040944,72.0415
0.040948,72.0415
0.040952,72.116
0.040956,72.0415
0.04096,72.0415
0.040964,72.0415
0.040968,72.0415
0.040972,72.116
0.040976,72.0415
0.04098,72.0415
0.040984,72.0415
0.040988,72.0415
0.040992,72.0415
0.040996,72.0415
0.041,72.116
0.041004,72.0415
0.041008,72.116
0.041012,72.116
0.041016,72.116
0.04102,72.116
0.041024,72.116
0.041028,72.116
0.041032,72.116
0.041036,72.116
0.04104,72.1905
0.041044,72.1905
0.041048,72.1905
0.041052,72.116
0.041056,72.1905
0.04106,72.1905
0.041064,72.1905
0.041068,72.1905
0.041072,72.1905
0.041076,72.265
0.04108,72.265
0.041084,72.265
0.041088,72.265
0.041092,72.265
0.041096,72.265
0.0411,72.3395
0.041104,72.3395
0.041108,72.265
0.041112,72.3395
0.041116,72.3395
0.04112,72.3395
0.041124,72.3395
0.041128,72.3395
0.041132,72.414
0.041136,72.3395
0.04114,72.414
0.041144,72.414
0.041148,72.3395
0.041152,72.414
0.041156,72.414
0.04116,72.4885
0.041164,72.4885
0.041168,72.4885
0.041172,72.4885
0.041176,72.4885
0.04118,72.4885
0.041184,72.4885
0.041188,72.563
0.041192,72.563
0.041196,72.563
0.0412,72.563
0.041204,72.563
0.041208,72.563
0.041212,72.6375
0.041216,72.6375
0.04122,72.6375
0.041224,72.6375
0.041228,72.712
0.041232,72.712
0.041236,72.712
0.04124,72.6375
0.041244,72.712
0.041248,72.712
0.041252,72.712
0.041256,72.7865
0.04126,72.7865
0.041264,72.7865
0.041268,72.7865
0.041272,72.86099999999999
0.041276,72.7865
0.04128,72.86099999999999
0.041284,72.7865
0.041288,72.93549999999999
0.041292,72.86099999999999
0.041296,72.93549999999999
0.0413,72.93549999999999
0.041304,72.93549999999999
0.041308,72.93549999999999
0.041312,72.93549999999999
0.041316,72.93549999999999
0.04132,73.00999999999999
0.041324,73.00999999999999
0.041328,73.00999999999999
0.041332,73.00999999999999
0.041336,73.00999999999999
0.04134,73.08449999999999
0.041344,73.08449999999999
0.041348,73.08449999999999
0.041352,73.08449999999999
0.041356,73.08449999999999
0.04136,73.08449999999999
0.041364,73.08449999999999
0.041368,73.08449999999999
0.041372,73.15899999999999
0.041376,73.15899999999999
0.04138,73.23349999999999
0.041384,73.23349999999999
0.041388,73.23349999999999
0.041392,73.23349999999999
0.041396,73.23349999999999
0.0414,73.23349999999999
0.041404,73.23349999999999
0.041408,73.30799999999999
0.041412,73.30799999999999
0.041416,73.30799999999999
0.04142,73.30799999999999
0.041424,73.3825
0.041428,73.3825
0.041432,73.3825
0.041436,73.3825
0.04144,73.457
0.041444,73.3825
0.041448,73.457
0.041452,73.457
0.041456,73.457
0.04146,73.5315
0.041464,73.5315
0.041468,73.5315
0.041472,73.5315
0.041476,73.5315
0.04148,73.5315
0.041484,73.606
0.041488,73.606
0.041492,73.606
0.041496,73.606
0.0415,73.606
0.041504,73.606
0.041508,73.606
0.041512,73.606
0.041516,73.6805
0.04152,73.6805
0.041524,73.6805
0.041528,73.6805
0.041532,73.755
0.041536,73.755
0.04154,73.755
0.041544,73.8295
0.041548,73.8295
0.041552,73.8295
0.041556,73.8295
0.04156,73.904
0.041564,73.8295
0.041568,73.8295
0.041572,73.904
0.041576,73.904
0.04158,73.904
0.041584,73.9785
0.041588,73.9785
0.041592,73.9785
0.041596,73.9785
0.0416,73.9785
0.041604,73.9785
0.041608,73.9785
0.041612,74.053
0.041616,74.053
0.04162,74.053
0.041624,74.053
0.041628,74.1275
0.041632,74.1275
0.041636,74.1275
0.04164,74.202
0.041644,74.1275
0.041648,74.202
0.041652,74.2765
0.041656,74.202
0.04166,74.2765
0.041664,74.2765
0.041668,74.351
0.041672,74.2765
0.041676,74.2765
0.04168,74.2765
0.041684,74.351
0.041688,74.351
0.041692,74.351
0.041696,74.4255
0.0417,74.351
0.041704,74.4255
0.041708,74.4255
0.041712,74.4255
0.041716,74.4255
0.04172,74.4255
0.041724,74.5
0.041728,74.5
0.041732,74.5
0.041736,74.5745
0.04174,74.5745
0.041744,74.5745
0.041748,74.649
0.041752,74.5745
0.041756,74.649
0.04176,74.649
0.041764,74.7235
0.041768,74.649
0.041772,74.7235
0.041776,74.7235
0.04178,74.7235
0.041784,74.7235
0.041788,74.7235
0.041792,74.798
0.041796,74.798
0.0418,74.798
0.041804,74.8725
0.041808,74.798
0.041812,74.798
0.041816,74.8725
0.04182,74.947
0.041824,74.8725
0.041828,74.8725
0.041832,74.947
0.041836,74.947
0.04184,74.947
0.041844,75.0215
0.041848,75.0215
0.041852,75.0215
0.041856,75.0215
0.04186,75.0215
0.041864,75.096
0.041868,75.0215
0.041872,75.096
0.041876,75.096
0.04188,75.17049999999999
0.041884,75.17049999999999
0.041888,75.17049999999999
0.041892,75.17049999999999
0.041896,75.24499999999999
0.0419,75.17049999999999
0.041904,75.24499999999999
0.041908,75.24499999999999
0.041912,75.24499999999999
0.041916,75.31949999999999
0.04192,75.31949999999999
0.041924,75.31949999999999
0.041928,75.31949999999999
0.041932,75.31949999999999
0.041936,75.31949999999999
0.04194,75.39399999999999
0.041944,75.39399999999999
0.041948,75.39399999999999
0.041952,75.39399999999999
0.041956,75.46849999999999
0.04196,75.46849999999999
0.041964,75.46849999999999
0.041968,75.46849999999999
0.041972,75.46849999999999
0.041976,75.54299999999999
0.04198,75.54299999999999
0.041984,75.54299999999999
0.041988,75.61749999999999
0.041992,75.61749999999999
0.041996,75.61749999999999
0.042,75.61749999999999
0.042004,75.61749999999999
0.042008,75.61749999999999
0.042012,75.692
0.042016,75.692
0.04202,75.692
0.042024,75.692
0.042028,75.692
0.042032,75.7665
0.042036,75.7665
0.04204,75.7665
0.042044,75.7665
0.042048,75.7665
0.042052,75.841
0.042056,75.841
0.04206,75.841
0.042064,75.9155
0.042068,75.9155
0.042072,75.9155
0.042076,75.9155
0.04208,75.9155
0.042084,75.9155
0.042088,75.99
0.042092,75.99
0.042096,75.99
0.0421,75.99
0.042104,76.0645
0.042108,76.0645
0.042112,76.0645
0.042116,76.0645
0.04212,76.0645
0.042124,76.139
0.042128,76.139
0.042132,76.139
0.042136,76.139
0.04214,76.139
0.042144,76.2135
0.042148,76.2135
0.042152,76.2135
0.042156,76.2135
0.04216,76.288
0.042164,76.2135
0.042168,76.288
0.042172,76.3625
0.042176,76.3625
0.04218,76.3625
0.042184,76.3625
0.042188,76.437
0.042192,76.3625
0.042196,76.437
0.0422,76.437
0.042204,76.437
0.042208,76.5115
0.042212,76.5115
0.042216,76.5115
0.04222,76.5115
0.042224,76.5115
0.042228,76.5115
0.042232,76.5115
0.042236,76.586
0.04224,76.586
0.042244,76.586
0.042248,76.6605
0.042252,76.6605
0.042256,76.6605
0.04226,76.735
0.042264,76.735
0.042268,76.735
0.042272,76.735
0.042276,76.735
0.04228,76.8095
0.042284,76.735
0.042288,76.8095
0.042292,76.8095
0.042296,76.8095
0.0423,76.884
0.042304,76.884
0.042308,76.884
0.042312,76.884
0.042316,76.9585
0.04232,76.884
0.042324,76.9585
0.042328,76.9585
0.042332,76.9585
0.042336,76.9585
0.04234,77.033
0.042344,77.033
0.042348,77.033
0.042352,77.033
0.042356,77.1075
0.04236,77.1075
0.042364,77.1075
0.042368,77.1075
0.042372,77.1075
0.042376,77.1075
0.04238,77.1075
0.042384,77.182
0.042388,77.182
0.042392,77.2565
0.042396,77.2565
0.0424,77.2565
0.042404,77.2565
0.042408,77.331
0.042412,77.331
0.042416,77.2565
0.04242,77.331
0.042424,77.331
0.042428,77.4055
0.042432,77.331
0.042436,77.4055
0.04244,77.4055
0.042444,77.4055
0.042448,77.47999999999999
0.042452,77.47999999999999
0.042456,77.47999999999999
0.04246,77.47999999999999
0.042464,77.47999999999999
0.042468,77.55449999999999
0.042472,77.55449999999999
0.042476,77.55449999999999
0.04248,77.55449999999999
0.042484,77.62899999999999
0.042488,77.55449999999999
0.042492,77.62899999999999
0.042496,77.62899999999999
0.0425,77.62899999999999
0.042504,77.70349999999999
0.042508,77.62899999999999
0.042512,77.70349999999999
0.042516,77.70349999999999
0.04252,77.70349999999999
0.042524,77.77799999999999
0.042528,77.77799999999999
0.042532,77.77799999999999
0.042536,77.77799999999999
0.04254,77.85249999999999
0.042544,77.77799999999999
0.042548,77.85249999999999
0.042552,77.85249999999999
0.042556,77.85249999999999
0.04256,77.92699999999999
0.042564,77.92699999999999
0.042568,77.92699999999999
0.042572,77.92699999999999
0.042576,78.0015
0.04258,78.0015
0.042584,77.92699999999999
0.042588,78.0015
0.042592,78.0015
0.042596,78.0015
0.0426,78.076
0.042604,78.076
0.042608,78.076
0.042612,78.076
0.042616,78.076
0.04262,78.1505
0.042624,78.1505
0.042628,78.1505
0.042632,78.1505
0.042636,78.225
0.04264,78.225
0.042644,78.225
0.042648,78.225
0.042652,78.2995
0.042656,78.2995
0.04266,78.2995
0.042664,78.225
0.042668,78.2995
0.042672,78.2995
0.042676,78.374
0.04268,78.374
0.042684,78.374
0.042688,78.374
0.042692,78.374
0.042696,78.4485
0.0427,78.4485
0.042704,78.4485
0.042708,78.4485
0.042712,78.4485
0.042716,78.4485
0.04272,78.523
0.042724,78.523
0.042728,78.523
0.042732,78.5975
0.042736,78.523
0.04274,78.5975
0.042744,78.5975
0.042748,78.5975
0.042752,78.5975
0.042756,78.672
0.04276,78.672
0.042764,78.672
0.042768,78.672
0.042772,78.672
0.042776,78.7465
0.04278,78.7465
0.042784,78.7465
0.042788,78.7465
0.042792,78.7465
0.042796,78.821
0.0428,78.821
0.042804,78.821
0.042808,78.821
0.042812,78.821
0.042816,78.821
0.04282,78.8955
0.042824,78.8955
0.042828,78.97
0.042832,78.97
0.042836,78.97
0.04284,78.97
0.042844,79.0445
0.042848,78.97
0.042852,78.97
0.042856,79.0445
0.04286,79.0445
0.042864,79.119
0.042868,79.119
0.042872,79.119
0.042876,79.119
0.04288,79.119
0.042884,79.119
0.042888,79.1935
0.042892,79.1935
0.042896,79.1935
0.0429,79.1935
0.042904,79.1935
0.042908,79.1935
0.042912,79.268
0.042916,79.268
0.04292,79.268
0.042924,79.3425
0.042928,79.268
0.042932,79.268
0.042936,79.3425
0.04294,79.3425
0.042944,79.3425
0.042948,79.3425
0.042952,79.417
0.042956,79.417
0.04296,79.417
0.042964,79.417
0.042968,79.417
0.042972,79.4915
0.042976,79.4915
0.04298,79.4915
0.042984,79.566
0.042988,79.4915
0.042992,79.4915
0.042996,79.566
0.043,79.566
0.043004,79.566
0.043008,79.566
0.043012,79.6405
0.043016,79.6405
0.04302,79.6405
0.043024,79.715
0.043028,79.715
0.043032,79.715
0.043036,79.715
0.04304,79.715
0.043044,79.715
0.043048,79.715
0.043052,79.78949999999999
0.043056,79.78949999999999
0.04306,79.78949999999999
0.043064,79.78949999999999
0.043068,79.86399999999999
0.043072,79.86399999999999
0.043076,79.86399999999999
0.04308,79.86399999999999
0.043084,79.86399999999999
0.043088,79.86399999999999
0.043092,79.93849999999999
0.043096,79.93849999999999
0.0431,79.93849999999999
0.043104,79.93849999999999
0.043108,79.93849999999999
0.043112,79.93849999999999
0.043116,79.93849999999999
0.04312,80.01299999999999
0.043124,80.01299999999999
0.043128,80.01299999999999
0.043132,80.08749999999999
0.043136,80.08749999999999
0.04314,80.08749999999999
0.043144,80.08749999999999
0.043148,80.08749999999999
0.043152,80.08749999999999
0.043156,80.16199999999999
0.04316,80.16199999999999
0.043164,80.16199999999999
0.043168,80.16199999999999
0.043172,80.16199999999999
0.043176,80.23649999999999
0.04318,80.16199999999999
0.043184,80.23649999999999
0.043188,80.23649999999999
0.043192,80.31099999999999
0.043196,80.23649999999999
0.0432,80.23649999999999
0.043204,80.31099999999999
0.043208,80.31099999999999
0.043212,80.31099999999999
0.043216,80.31099999999999
0.04322,80.31099999999999
0.043224,80.3855
0.043228,80.3855
0.043232,80.3855
0.043236,80.3855
0.04324,80.46
0.043244,80.3855
0.043248,80.46
0.043252,80.46
0.043256,80.5345
0.04326,80.5345
0.043264,80.5345
0.043268,80.5345
0.043272,80.5345
0.043276,80.5345
0.04328,80.609
0.043284,80.5345
0.043288,80.5345
0.043292,80.609
0.043296,80.609
0.0433,80.6835
0.043304,80.609
0.043308,80.6835
0.043312,80.6835
0.043316,80.6835
0.04332,80.758
0.043324,80.758
0.043328,80.6835
0.043332,80.758
0.043336,80.758
0.04334,80.758
0.043344,80.758
0.043348,80.758
0.043352,80.8325
0.043356,80.8325
0.04336,80.8325
0.043364,80.8325
0.043368,80.907
0.043372,80.8325
0.043376,80.907
0.04338,80.907
0.043384,80.907
0.043388,80.907
0.043392,80.9815
0.043396,80.9815
0.0434,80.9815
0.043404,80.9815
0.043408,80.9815
0.043412,81.056
0.043416,80.9815
0.04342,81.056
0.043424,81.056
0.043428,81.056
0.043432,81.1305
0.043436,81.1305
0.04344,81.1305
0.043444,81.1305
0.043448,81.1305
0.043452,81.1305
0.043456,81.1305
0.04346,81.205
0.043464,81.205
0.043468,81.2795
0.043472,81.205
0.043476,81.2795
0.04348,81.2795
0.043484,81.2795
0.043488,81.354
0.043492,81.354
0.043496,81.354
0.0435,81.354
0.043504,81.354
0.043508,81.354
0.043512,81.354
0.043516,81.4285
0.04352,81.354
0.043524,81.4285
0.043528,81.4285
0.043532,81.4285
0.043536,81.4285
0.04354,81.503
0.043544,81.503
0.043548,81.503
0.043552,81.503
0.043556,81.503
0.04356,81.5775
0.043564,81.5775
0.043568,81.5775
0.043572,81.5775
0.043576,81.5775
0.04358,81.5775
0.043584,81.652
0.043588,81.652
0.043592,81.652
0.043596,81.652
0.0436,81.652
0.043604,81.652
0.043608,81.7265
0.043612,81.7265
0.043616,81.7265
0.04362,81.7265
0.043624,81.7265
0.043628,81.801
0.043632,81.801
0.043636,81.801
0.04364,81.801
0.043644,81.8755
0.043648,81.801
0.043652,81.8755
0.043656,81.8755
0.04366,81.8755
0.043664,81.8755
0.043668,81.95
0.043672,81.95
0.043676,81.95
0.04368,81.95
0.043684,82.0245
0.043688,82.0245
0.043692,81.95
0.043696,82.0245
0.0437,82.0245
0.043704,82.0245
0.043708,82.0245
0.043712,82.09899999999999
0.043716,82.09899999999999
0.04372,82.09899999999999
0.043724,82.09899999999999
0.043728,82.09899999999999
0.043732,82.09899999999999
0.043736,82.17349999999999
0.04374,82.09899999999999
0.043744,82.09899999999999
0.043748,82.17349999999999
0.043752,82.17349999999999
0.043756,82.17349999999999
0.04376,82.17349999999999
0.043764,82.24799999999999
0.043768,82.24799999999999
0.043772,82.24799999999999
0.043776,82.24799999999999
0.04378,82.24799999999999
0.043784,82.24799999999999
0.043788,82.32249999999999
0.043792,82.32249999999999
0.043796,82.32249999999999
0.0438,82.32249999999999
0.043804,82.39699999999999
0.043808,82.39699999999999
0.043812,82.32249999999999
0.043816,82.39699999999999
0.04382,82.39699999999999
0.043824,82.39699999999999
0.043828,82.39699999999999
0.043832,82.47149999999999
0.043836,82.39699999999999
0.04384,82.47149999999999
0.043844,82.47149999999999
0.043848,82.47149999999999
0.043852,82.47149999999999
0.043856,82.47149999999999
0.04386,82.54599999999999
0.043864,82.54599999999999
0.043868,82.47149999999999
0.043872,82.54599999999999
0.043876,82.54599999999999
0.04388,82.62049999999999
0.043884,82.47149999999999
0.043888,82.54599999999999
0.043892,82.54599999999999
0.043896,82.62049999999999
0.0439,82.62049999999999
0.043904,82.62049999999999
0.043908,82.62049999999999
0.043912,82.62049999999999
0.043916,82.62049999999999
0.04392,82.62049999999999
0.043924,82.62049999999999
0.043928,82.62049999999999
0.043932,82.695
0.043936,82.695
0.04394,82.62049999999999
0.043944,82.62049999999999
0.043948,82.695
0.043952,82.695
0.043956,82.695
0.04396,82.62049999999999
0.043964,82.695
0.043968,82.695
0.043972,82.695
0.043976,82.695
0.04398,82.695
0.043984,82.62049999999999
0.043988,82.695
0.043992,82.7695
0.043996,82.695
0.044,82.7695
0.044004,82.7695
0.044008,82.7695
0.044012,82.7695
0.044016,82.7695
0.04402,82.7695
0.044024,82.7695
0.044028,82.7695
0.044032,82.7695
0.044036,82.7695
0.04404,82.7695
0.044044,82.7695
0.044048,82.7695
0.044052,82.7695
0.044056,82.7695
0.04406,82.7695
0.044064,82.7695
0.044068,82.7695
0.044072,82.7695
0.044076,82.7695
0.04408,82.7695
0.044084,82.7695
0.044088,82.7695
0.044092,82.7695
0.044096,82.844
0.0441,82.7695
0.044104,82.7695
0.044108,82.844
0.044112,82.7695
0.044116,82.844
0.04412,82.7695
0.044124,82.7695
0.044128,82.7695
0.044132,82.7695
0.044136,82.844
0.04414,82.7695
0.044144,82.7695
0.044148,82.7695
0.044152,82.844
0.044156,82.844
0.04416,82.844
0.044164,82.7695
0.044168,82.844
0.044172,82.844
0.044176,82.7695
0.04418,82.7695
0.044184,82.844
0.044188,82.844
0.044192,82.844
0.044196,82.844
0.0442,82.844
0.044204,82.844
0.044208,82.844
0.044212,82.7695
0.044216,82.844
0.04422,82.844
0.044224,82.844
0.044228,82.844
0.044232,82.844
0.044236,82.844
0.04424,82.844
0.044244,82.844
0.044248,82.844
0.044252,82.844
0.044256,82.844
0.04426,82.9185
0.044264,82.844
0.044268,82.844
0.044272,82.844
0.044276,82.844
0.04428,82.844
0.044284,82.844
0.044288,82.844
0.044292,82.844
0.044296,82.844
0.0443,82.844
0.044304,82.844
0.044308,82.844
0.044312,82.844
0.044316,82.844
0.04432,82.9185
0.044324,82.844
0.044328,82.844
0.044332,82.844
0.044336,82.844
0.04434,82.9185
0.044344,82.9185
0.044348,82.9185
0.044352,82.9185
0.044356,82.844
0.04436,82.9185
0.044364,82.9185
0.044368,82.9185
0.044372,82.9185
0.044376,82.844
0.04438,82.844
0.044384,82.9185
0.044388,82.9185
0.044392,82.9185
0.044396,82.844
0.0444,82.844
0.044404,82.9185
0.044408,82.9185
0.044412,82.844
0.044416,82.9185
0.04442,82.9185
0.044424,82.9185
0.044428,82.9185
0.044432,82.844
0.044436,82.9185
0.04444,82.9185
0.044444,82.9185
0.044448,82.9185
0.044452,82.9185
0.044456,82.9185
0.04446,82.9185
0.044464,82.9185
0.044468,82.9185
0.044472,82.844
0.044476,82.9185
0.04448,82.9185
0.044484,82.9185
0.044488,82.9185
0.044492,82.9185
0.044496,82.9185
0.0445,82.9185
0.044504,82.9185
0.044508,82.9185
0.044512,82.9185
0.044516,82.9185
0.04452,82.993
0.044524,82.9185
0.044528,82.9185
0.044532,82.9185
0.044536,82.9185
0.04454,82.9185
0.044544,82.9185
0.044548,82.9185
0.044552,82.9185
0.044556,82.9185
0.04456,82.9185
0.044564,82.9185
0.044568,82.9185
0.044572,82.9185
0.044576,82.9185
0.04458,82.9185
0.044584,82.9185
0.044588,82.9185
0.044592,82.9185
0.044596,82.9185
0.0446,82.9185
0.044604,82.9185
0.044608,82.9185
0.044612,82.993
0.044616,82.993
0.04462,82.993
0.044624,82.9185
0.044628,82.9185
0.044632,82.9185
0.044636,82.9185
0.04464,82.9185
0.044644,82.9185
0.044648,82.993
0.044652,82.993
0.044656,82.9185
0.04466,82.9185
0.044664,82.993
0.044668,82.993
0.044672,82.993
0.044676,82.993
0.04468,82.9185
0.044684,82.9185
0.044688,82.993
0.044692,82.993
0.044696,82.993
0.0447,82.993
0.044704,82.993
0.044708,82.993
0.044712,82.993
0.044716,82.993
0.04472,82.993
0.044724,82.993
0.044728,82.993
0.044732,82.993
0.044736,82.993
0.04474,82.993
0.044744,82.993
0.044748,82.993
0.044752,82.993
0.044756,82.993
0.04476,82.993
0.044764,82.9185
0.044768,82.993
0.044772,82.993
0.044776,82.993
0.04478,82.993
0.044784,82.993
0.044788,82.993
0.044792,82.993
0.044796,82.993
0.0448,82.993
0.044804,82.993
0.044808,82.993
0.044812,82.993
0.044816,82.993
0.04482,82.993
0.044824,82.993
0.044828,83.0675
0.044832,82.993
0.044836,82.993
0.04484,82.993
0.044844,82.993
0.044848,83.0675
0.044852,82.993
0.044856,82.993
0.04486,82.993
0.044864,83.0675
0.044868,83.0675
0.044872,82.993
0.044876,82.993
0.04488,83.0675
0.044884,83.0675
0.044888,83.0675
0.044892,82.993
0.044896,83.0675
0.0449,83.0675
0.044904,82.993
0.044908,83.0675
0.044912,82.993
0.044916,83.0675
0.04492,82.993
0.044924,83.0675
0.044928,83.0675
0.044932,83.0675
0.044936,83.0675
0.04494,83.0675
0.044944,83.0675
0.044948,83.0675
0.044952,83.0675
0.044956,83.0675
0.04496,83.0675
0.044964,83.0675
0.044968,83.0675
0.044972,83.0675
0.044976,83.0675
0.04498,83.0675
0.044984,83.0675
0.044988,83.0675
0.044992,83.0675
0.044996,83.0675
0.045,83.0675
0.045004,83.0675
0.045008,83.142
0.045012,83.0675
0.045016,83.0675
0.04502,83.0675
0.045024,83.0675
0.045028,83.0675
0.045032,83.0675
0.045036,83.0675
0.04504,83.142
0.045044,83.0675
0.045048,83.0675
0.045052,83.0675
0.045056,83.0675
0.04506,83.0675
0.045064,83.142
0.045068,83.0675
0.045072,83.0675
0.045076,83.0675
0.04508,83.0675
0.045084,83.0675
0.045088,83.0675
0.045092,83.0675
0.045096,83.0675
0.0451,83.0675
0.045104,83.142
0.045108,83.142
0.045112,83.0675
0.045116,83.142
0.04512,83.142
0.045124,83.142
0.045128,83.142
0.045132,83.142
0.045136,83.142
0.04514,83.0675
0.045144,83.0675
0.045148,83.142
0.045152,83.142
0.045156,83.142
0.04516,83.142
0.045164,83.142
0.045168,83.142
0.045172,83.142
0.045176,83.142
0.04518,83.142
0.045184,83.142
0.045188,83.142
0.045192,83.142
0.045196,83.142
0.0452,83.142
0.045204,83.142
0.045208,83.2165
0.045212,83.142
0.045216,83.2165
0.04522,83.142
0.045224,83.142
0.045228,83.142
0.045232,83.2165
0.045236,83.2165
0.04524,83.142
0.045244,83.2165
0.045248,83.142
0.045252,83.2165
0.045256,83.142
0.04526,83.142
0.045264,83.2165
0.045268,83.2165
0.045272,83.2165
0.045276,83.2165
0.04528,83.2165
0.045284,83.2165
0.045288,83.2165
0.045292,83.2165
0.045296,83.2165
0.0453,83.2165
0.045304,83.142
0.045308,83.2165
0.045312,83.2165
0.045316,83.2165
0.04532,83.2165
0.045324,83.2165
0.045328,83.2165
0.045332,83.2165
0.045336,83.2165
0.04534,83.2165
0.045344,83.2165
0.045348,83.2165
0.045352,83.291
0.045356,83.2165
0.04536,83.2165
0.045364,83.2165
0.045368,83.291
0.045372,83.2165
0.045376,83.2165
0.04538,83.2165
0.045384,83.2165
0.045388,83.291
0.045392,83.291
0.045396,83.291
0.0454,83.2165
0.045404,83.291
0.045408,83.291
0.045412,83.291
0.045416,83.291
0.04542,83.291
0.045424,83.291
0.045428,83.291
0.045432,83.291
0.045436,83.291
0.04544,83.291
0.045444,83.291
0.045448,83.291
0.045452,83.291
0.045456,83.291
0.04546,83.291
0.045464,83.291
0.045468,83.291
0.045472,83.291
0.045476,83.291
0.04548,83.3655
0.045484,83.291
0.045488,83.291
0.045492,83.291
0.045496,83.291
0.0455,83.3655
0.045504,83.291
0.045508,83.3655
0.045512,83.3655
0.045516,83.291
0.04552,83.291
0.045524,83.3655
0.045528,83.3655
0.045532,83.3655
0.045536,83.3655
0.04554,83.3655
0.045544,83.291
0.045548,83.3655
0.045552,83.3655
0.045556,83.3655
0.04556,83.3655
0.045564,83.3655
0.045568,83.3655
0.045572,83.3655
0.045576,83.3655
0.04558,83.3655
0.045584,83.3655
0.045588,83.3655
0.045592,83.3655
0.045596,83.3655
0.0456,83.44
0.045604,83.3655
0.045608,83.3655
0.045612,83.3655
0.045616,83.3655
0.04562,83.3655
0.045624,83.3655
0.045628,83.3655
0.045632,83.3655
0.045636,83.3655
0.04564,83.44
0.045644,83.3655
0.045648,83.3655
0.045652,83.3655
0.045656,83.3655
0.04566,83.44
0.045664,83.44
0.045668,83.3655
0.045672,83.3655
0.045676,83.44
0.04568,83.44
0.045684,83.44
0.045688,83.44
0.045692,83.44
0.045696,83.44
0.0457,83.5145
0.045704,83.44
0.045708,83.44
0.045712,83.44
0.045716,83.44
0.04572,83.44
0.045724,83.44
0.045728,83.5145
0.045732,83.5145
0.045736,83.44
0.04574,83.44
0.045744,83.5145
0.045748,83.44
0.045752,83.44
0.045756,83.5145
0.04576,83.44
0.045764,83.5145
0.045768,83.44
0.045772,83.5145
0.045776,83.44
0.04578,83.5145
0.045784,83.5145
0.045788,83.5145
0.045792,83.5145
0.045796,83.5145
0.0458,83.5145
0.045804,83.5145
0.045808,83.5145
0.045812,83.5145
0.045816,83.5145
0.04582,83.5145
0.045824,83.5145
0.045828,83.5145
0.045832,83.5145
0.045836,83.5145
0.04584,83.5145
0.045844,83.5145
0.045848,83.5145
0.045852,83.5145
0.045856,83.589
0.04586,83.589
0.045864,83.5145
0.045868,83.5145
0.045872,83.5145
0.045876,83.589
0.04588,83.589
0.045884,83.589
0.045888,83.589
0.045892,83.5145
0.045896,83.589
0.0459,83.5145
0.045904,83.589
0.045908,83.589
0.045912,83.589
0.045916,83.589
0.04592,83.589
0.045924,83.589
0.045928,83.5145
0.045932,83.589
0.045936,83.589
0.04594,83.589
0.045944,83.589
0.045948,83.589
0.045952,83.589
0.045956,83.589
0.04596,83.6635
0.045964,83.589
0.045968,83.589
0.045972,83.589
0.045976,83.6635
0.04598,83.589
0.045984,83.589
0.045988,83.6635
0.045992,83.6635
0.045996,83.6635
0.046,83.589
0.046004,83.6635
0.046008,83.589
0.046012,83.589
0.046016,83.738
0.04602,83.589
0.046024,83.6635
0.046028,83.6635
0.046032,83.6635
0.046036,83.738
0.04604,83.6635
0.046044,83.6635
0.046048,83.6635
0.046052,83.6635
0.046056,83.738
0.04606,83.738
0.046064,83.738
0.046068,83.6635
0.046072,83.738
0.046076,83.6635
0.04608,83.6635
0.046084,83.6635
0.046088,83.738
0.046092,83.6635
0.046096,83.738
0.0461,83.738
0.046104,83.738
0.046108,83.738
0.046112,83.738
0.046116,83.738
0.04612,83.738
0.046124,83.738
0.046128,83.738
0.046132,83.738
0.046136,83.738
0.04614,83.738
0.046144,83.738
0.046148,83.738
0.046152,83.738
0.046156,83.738
0.04616,83.738
0.046164,83.8125
0.046168,83.8125
0.046172,83.8125
0.046176,83.738
0.04618,83.738
0.046184,83.738
0.046188,83.8125
0.046192,83.8125
0.046196,83.8125
0.0462,83.738
0.046204,83.8125
0.046208,83.8125
0.046212,83.8125
0.046216,83.8125
0.04622,83.738
0.046224,83.8125
0.046228,83.8125
0.046232,83.8125
0.046236,83.8125
0.04624,83.8125
0.046244,83.8125
0.046248,83.8125
0.046252,83.8125
0.046256,83.8125
0.04626,83.8125
0.046264,83.8125
0.046268,83.8125
0.046272,83.8125
0.046276,83.8125
0.04628,83.8125
0.046284,83.8125
0.046288,83.8125
0.046292,83.8125
0.046296,83.887
0.0463,83.8125
0.046304,83.8125
0.046308,83.887
0.046312,83.887
0.046316,83.8125
0.04632,83.8125
0.046324,83.8125
0.046328,83.887
0.046332,83.887
0.046336,83.887
0.04634,83.887
0.046344,83.887
0.046348,83.887
0.046352,83.887
0.046356,83.887
0.04636,83.887
0.046364,83.887
0.046368,83.887
0.046372,83.887
0.046376,83.9615
0.04638,83.887
0.046384,83.887
0.046388,83.887
0.046392,83.887
0.046396,83.887
0.0464,83.887
0.046404,83.887
0.046408,83.887
0.046412,83.887
0.046416,83.887
0.04642,83.9615
0.046424,83.9615
0.046428,83.887
0.046432,83.887
0.046436,83.9615
0.04644,83.9615
0.046444,83.9615
0.046448,83.9615
0.046452,83.9615
0.046456,83.9615
0.04646,83.9615
0.046464,83.9615
0.046468,83.9615
0.046472,83.9615
0.046476,83.887
0.04648,83.9615
0.046484,83.9615
0.046488,83.9615
0.046492,83.9615
0.046496,83.9615
0.0465,83.9615
0.046504,83.9615
0.046508,83.9615
0.046512,83.9615
0.046516,83.9615
0.04652,83.9615
0.046524,83.9615
0.046528,83.9615
0.046532,83.9615
0.046536,84.036
0.04654,83.9615
0.046544,83.9615
0.046548,83.9615
0.046552,83.9615
0.046556,83.9615
0.04656,83.9615
0.046564,83.9615
0.046568,83.9615
0.046572,83.9615
0.046576,83.9615
0.04658,83.9615
0.046584,84.036
0.046588,83.9615
0.046592,83.9615
0.046596,84.036
0.0466,84.036
0.046604,84.036
0.046608,84.036
0.046612,84.036
0.046616,84.036
0.04662,84.036
0.046624,84.036
0.046628,84.036
0.046632,84.036
0.046636,84.036
0.04664,84.036
0.046644,84.036
0.046648,84.036
0.046652,84.036
0.046656,84.036
0.04666,84.036
0.046664,84.036
0.046668,84.1105
0.046672,84.1105
0.046676,84.1105
0.04668,84.1105
0.046684,84.036
0.046688,84.036
0.046692,84.036
0.046696,84.1105
0.0467,84.1105
0.046704,84.036
0.046708,84.036
0.046712,84.1105
0.046716,84.1105
0.04672,84.1105
0.046724,84.1105
0.046728,84.1105
0.046732,84.036
0.046736,84.036
0.04674,84.1105
0.046744,84.1105
0.046748,84.1105
0.046752,84.1105
0.046756,84.1105
0.04676,84.1105
0.046764,84.1105
0.046768,84.1105
0.046772,84.1105
0.046776,84.185
0.04678,84.1105
0.046784,84.1105
0.046788,84.185
0.046792,84.1105
0.046796,84.185
0.0468,84.1105
0.046804,84.1105
0.046808,84.1105
0.046812,84.185
0.046816,84.1105
0.04682,84.185
0.046824,84.1105
0.046828,84.185
0.046832,84.185
0.046836,84.185
0.04684,84.185
0.046844,84.1105
0.046848,84.185
0.046852,84.1105
0.046856,84.185
0.04686,84.185
0.046864,84.185
0.046868,84.185
0.046872,84.185
0.046876,84.185
0.04688,84.185
0.046884,84.185
0.046888,84.185
0.046892,84.185
0.046896,84.185
0.0469,84.185
0.046904,84.185
0.046908,84.185
0.046912,84.185
0.046916,84.185
0.04692,84.185
0.046924,84.2595
0.046928,84.185
0.046932,84.2595
0.046936,84.185
0.04694,84.185
0.046944,84.185
0.046948,84.185
0.046952,84.185
0.046956,84.185
0.04696,84.2595
0.046964,84.2595
0.046968,84.2595
0.046972,84.2595
0.046976,84.2595
0.04698,84.2595
0.046984,84.2595
0.046988,84.2595
0.046992,84.2595
0.046996,84.2595
0.047,84.2595
0.047004,84.2595
0.047008,84.2595
0.047012,84.2595
0.047016,84.2595
0.04702,84.2595
0.047024,84.2595
0.047028,84.2595
0.047032,84.2595
0.047036,84.2595
0.04704,84.2595
0.047044,84.2595
0.047048,84.2595
0.047052,84.334
0.047056,84.334
0.04706,84.334
0.047064,84.334
0.047068,84.334
0.047072,84.2595
0.047076,84.2595
0.04708,84.334
0.047084,84.334
0.047088,84.2595
0.047092,84.334
0.047096,84.334
0.0471,84.334
0.047104,84.334
0.047108,84.2595
0.047112,84.334
0.047116,84.334
0.04712,84.334
0.047124,84.334
0.047128,84.334
0.047132,84.40849999999999
0.047136,84.334
0.04714,84.334
0.047144,84.334
0.047148,84.334
0.047152,84.334
0.047156,84.334
0.04716,84.334
0.047164,84.334
0.047168,84.334
0.047172,84.334
0.047176,84.334
0.04718,84.334
0.047184,84.334
0.047188,84.40849999999999
0.047192,84.40849999999999
0.047196,84.334
0.0472,84.40849999999999
0.047204,84.40849999999999
0.047208,84.334
0.047212,84.334
0.047216,84.334
0.04722,84.334
0.047224,84.40849999999999
0.047228,84.40849999999999
0.047232,84.40849999999999
0.047236,84.40849999999999
0.04724,84.40849999999999
0.047244,84.40849999999999
0.047248,84.40849999999999
0.047252,84.40849999999999
0.047256,84.40849999999999
0.04726,84.40849999999999
0.047264,84.40849999999999
0.047268,84.40849999999999
0.047272,84.40849999999999
0.047276,84.48299999999999
0.04728,84.48299999999999
0.047284,84.40849999999999
0.047288,84.40849999999999
0.047292,84.40849999999999
0.047296,84.48299999999999
0.0473,84.40849999999999
0.047304,84.48299999999999
0.047308,84.48299999999999
0.047312,84.40849999999999
0.047316,84.48299999999999
0.04732,84.40849999999999
0.047324,84.40849999999999
0.047328,84.40849999999999
0.047332,84.40849999999999
0.047336,84.40849999999999
0.04734,84.48299999999999
0.047344,84.48299999999999
0.047348,84.48299999999999
0.047352,84.48299999999999
0.047356,84.48299999999999
0.04736,84.48299999999999
0.047364,84.48299999999999
0.047368,84.48299999999999
0.047372,84.48299999999999
0.047376,84.48299999999999
0.04738,84.48299999999999
0.047384,84.48299999999999
0.047388,84.55749999999999
0.047392,84.48299999999999
0.047396,84.48299999999999
0.0474,84.48299999999999
0.047404,84.48299999999999
0.047408,84.48299999999999
0.047412,84.48299999999999
0.047416,84.48299999999999
0.04742,84.48299999999999
0.047424,84.55749999999999
0.047428,84.48299999999999
0.047432,84.55749999999999
0.047436,84.55749999999999
0.04744,84.48299999999999
0.047444,84.55749999999999
0.047448,84.55749999999999
0.047452,84.55749999999999
0.047456,84.48299999999999
0.04746,84.55749999999999
0.047464,84.55749999999999
0.047468,84.55749999999999
0.047472,84.55749999999999
0.047476,84.55749999999999
0.04748,84.55749999999999
0.047484,84.55749999999999
0.047488,84.55749999999999
0.047492,84.55749999999999
0.047496,84.55749999999999
0.0475,84.55749999999999
0.047504,84.55749999999999
0.047508,84.55749999999999
0.047512,84.55749999999999
0.047516,84.55749999999999
0.04752,84.55749999999999
0.047524,84.55749999999999
0.047528,84.55749999999999
0.047532,84.55749999999999
0.047536,84.55749999999999
0.04754,84.55749999999999
0.047544,84.63199999999999
0.047548,84.55749999999999
0.047552,84.63199999999999
0.047556,84.55749999999999
0.04756,84.63199999999999
0.047564,84.55749999999999
0.047568,84.63199999999999
0.047572,84.63199999999999
0.047576,84.55749999999999
0.04758,84.63199999999999
0.047584,84.63199999999999
0.047588,84.63199999999999
0.047592,84.63199999999999
0.047596,84.55749999999999
0.0476,84.55749999999999
0.047604,84.63199999999999
0.047608,84.63199999999999
0.047612,84.63199999999999
0.047616,84.63199999999999
0.04762,84.63199999999999
0.047624,84.63199999999999
0.047628,84.70649999999999
0.047632,84.63199999999999
0.047636,84.63199999999999
0.04764,84.63199999999999
0.047644,84.63199999999999
0.047648,84.63199999999999
0.047652,84.63199999999999
0.047656,84.70649999999999
0.04766,84.63199999999999
0.047664,84.63199999999999
0.047668,84.70649999999999
0.047672,84.70649999999999
0.047676,84.70649999999999
0.04768,84.63199999999999
0.047684,84.63199999999999
0.047688,84.70649999999999
0.047692,84.70649999999999
0.047696,84.70649999999999
0.0477,84.70649999999999
0.047704,84.70649999999999
0.047708,84.70649999999999
0.047712,84.70649999999999
0.047716,84.70649999999999
0.04772,84.70649999999999
0.047724,84.70649999999999
0.047728,84.70649999999999
0.047732,84.70649999999999
0.047736,84.70649999999999
0.04774,84.70649999999999
0.047744,84.70649999999999
0.047748,84.70649999999999
0.047752,84.70649999999999
0.047756,84.70649999999999
0.04776,84.78099999999999
0.047764,84.78099999999999
0.047768,84.70649999999999
0.047772,84.70649999999999
0.047776,84.70649999999999
0.04778,84.78099999999999
0.047784,84.78099999999999
0.047788,84.78099999999999
0.047792,84.78099999999999
0.047796,84.78099999999999
0.0478,84.78099999999999
0.047804,84.78099999999999
0.047808,84.70649999999999
0.047812,84.78099999999999
0.047816,84.85549999999999
0.04782,84.70649999999999
0.047824,84.78099999999999
0.047828,84.78099999999999
0.047832,84.78099999999999
0.047836,84.78099999999999
0.04784,84.78099999999999
0.047844,84.78099999999999
0.047848,84.78099999999999
0.047852,84.78099999999999
0.047856,84.78099999999999
0.04786,84.78099999999999
0.047864,84.78099999999999
0.047868,84.78099999999999
0.047872,84.78099999999999
0.047876,84.78099999999999
0.04788,84.78099999999999
0.047884,84.78099999999999
0.047888,84.78099999999999
0.047892,84.85549999999999
0.047896,84.85549999999999
0.0479,84.78099999999999
0.047904,84.85549999999999
0.047908,84.85549999999999
0.047912,84.85549999999999
0.047916,84.85549999999999
0.04792,84.85549999999999
0.047924,84.85549999999999
0.047928,84.85549999999999
0.047932,84.85549999999999
0.047936,84.85549999999999
0.04794,84.78099999999999
0.047944,84.85549999999999
0.047948,84.85549999999999
0.047952,84.85549999999999
0.047956,84.92999999999999
0.04796,84.85549999999999
0.047964,84.85549999999999
0.047968,84.85549999999999
0.047972,84.85549999999999
0.047976,84.85549999999999
0.04798,84.85549999999999
0.047984,84.85549999999999
0.047988,84.85549999999999
0.047992,84.85549999999999
0.047996,84.85549999999999
0.048,84.85549999999999
0.048004,84.92999999999999
0.048008,84.92999999999999
0.048012,84.85549999999999
0.048016,84.85549999999999
0.04802,84.92999999999999
0.048024,84.92999999999999
0.048028,84.85549999999999
0.048032,84.92999999999999
0.048036,84.92999999999999
0.04804,84.92999999999999
0.048044,84.92999999999999
0.048048,84.92999999999999
0.048052,84.92999999999999
0.048056,84.92999999999999
0.04806,84.92999999999999
0.048064,84.85549999999999
0.048068,84.92999999999999
0.048072,84.92999999999999
0.048076,84.92999999999999
0.04808,84.92999999999999
0.048084,84.92999999999999
0.048088,84.92999999999999
0.048092,84.92999999999999
0.048096,85.0045
0.0481,84.92999999999999
0.048104,84.92999999999999
0.048108,84.92999999999999
0.048112,84.92999999999999
0.048116,84.92999999999999
0.04812,84.92999999999999
0.048124,84.92999999999999
0.048128,85.0045
0.048132,85.0045
0.048136,85.0045
0.04814,84.92999999999999
0.048144,85.0045
0.048148,85.0045
0.048152,84.92999999999999
0.048156,84.92999999999999
0.04816,85.0045
0.048164,85.0045
0.048168,85.0045
0.048172,85.0045
0.048176,85.0045
0.04818,85.0045
0.048184,85.0045
0.048188,85.0045
0.048192,85.0045
0.048196,85.0045
0.0482,85.0045
0.048204,85.0045
0.048208,85.0045
0.048212,85.0045
0.048216,85.0045
0.04822,85.0045
0.048224,85.0045
0.048228,85.0045
0.048232,85.0045
0.048236,85.0045
0.04824,85.0045
0.048244,85.079
0.048248,85.0045
0.048252,85.0045
0.048256,85.079
0.04826,85.0045
0.048264,85.0045
0.048268,85.0045
0.048272,85.079
0.048276,85.079
0.04828,85.079
0.048284,85.0045
0.048288,85.079
0.048292,85.0045
0.048296,85.079
0.0483,85.079
0.048304,85.079
0.048308,85.079
0.048312,85.079
0.048316,85.079
0.04832,85.079
0.048324,85.079
0.048328,85.079
0.048332,85.079
0.048336,85.079
0.04834,85.079
0.048344,85.079
0.048348,85.079
0.048352,85.079
0.048356,85.079
0.04836,85.1535
0.048364,85.079
0.048368,85.1535
0.048372,85.079
0.048376,85.079
0.04838,85.079
0.048384,85.1535
0.048388,85.1535
0.048392,85.1535
0.048396,85.1535
0.0484,85.1535
0.048404,85.1535
0.048408,85.1535
0.048412,85.1535
0.048416,85.1535
0.04842,85.1535
0.048424,85.1535
0.048428,85.1535
0.048432,85.1535
0.048436,85.1535
0.04844,85.1535
0.048444,85.1535
0.048448,85.1535
0.048452,85.1535
0.048456,85.1535
0.04846,85.1535
0.048464,85.1535
0.048468,85.1535
0.048472,85.1535
0.048476,85.228
0.04848,85.1535
0.048484,85.1535
0.048488,85.1535
0.048492,85.228
0.048496,85.228
0.0485,85.228
0.048504,85.1535
0.048508,85.228
0.048512,85.228
0.048516,85.228
0.04852,85.228
0.048524,85.228
0.048528,85.228
0.048532,85.228
0.048536,85.228
0.04854,85.228
0.048544,85.228
0.048548,85.228
0.048552,85.228
0.048556,85.228
0.04856,85.228
0.048564,85.228
0.048568,85.228
0.048572,85.228
0.048576,85.3025
0.04858,85.228
0.048584,85.228
0.048588,85.228
0.048592,85.228
0.048596,85.228
0.0486,85.228
0.048604,85.228
0.048608,85.3025
0.048612,85.228
0.048616,85.3025
0.04862,85.3025
0.048624,85.3025
0.048628,85.3025
0.048632,85.228
0.048636,85.3025
0.04864,85.3025
0.048644,85.3025
0.048648,85.228
0.048652,85.3025
0.048656,85.3025
0.04866,85.3025
0.048664,85.3025
0.048668,85.3025
0.048672,85.3025
0.048676,85.3025
0.04868,85.3025
0.048684,85.3025
0.048688,85.3025
0.048692,85.3025
0.048696,85.3025
0.0487,85.228
0.048704,85.377
0.048708,85.3025
0.048712,85.3025
0.048716,85.3025
0.04872,85.3025
0.048724,85.3025
0.048728,85.377
0.048732,85.3025
0.048736,85.3025
0.04874,85.3025
0.048744,85.3025
0.048748,85.3025
0.048752,85.3025
0.048756,85.3025
0.04876,85.3025
0.048764,85.377
0.048768,85.3025
0.048772,85.377
0.048776,85.377
0.04878,85.377
0.048784,85.3025
0.048788,85.377
0.048792,85.377
0.048796,85.377
0.0488,85.377
0.048804,85.4515
0.048808,85.377
0.048812,85.377
0.048816,85.377
0.04882,85.377
0.048824,85.377
0.048828,85.377
0.048832,85.377
0.048836,85.377
0.04884,85.377
0.048844,85.377
0.048848,85.377
0.048852,85.377
0.048856,85.4515
0.04886,85.4515
0.048864,85.4515
0.048868,85.4515
0.048872,85.4515
0.048876,85.4515
0.04888,85.4515
0.048884,85.4515
0.048888,85.4515
0.048892,85.377
0.048896,85.4515
0.0489,85.4515
0.048904,85.4515
0.048908,85.4515
0.048912,85.4515
0.048916,85.4515
0.04892,85.4515
0.048924,85.4515
0.048928,85.4515
0.048932,85.4515
0.048936,85.4515
0.04894,85.526
0.048944,85.4515
0.048948,85.4515
0.048952,85.4515
0.048956,85.4515
0.04896,85.4515
0.048964,85.526
0.048968,85.526
0.048972,85.526
0.048976,85.4515
0.04898,85.526
0.048984,85.4515
0.048988,85.526
0.048992,85.526
0.048996,85.526
0.049,85.4515
0.049004,85.526
0.049008,85.4515
0.049012,85.526
0.049016,85.526
0.04902,85.4515
0.049024,85.526
0.049028,85.526
0.049032,85.526
0.049036,85.4515
0.04904,85.526
0.049044,85.526
0.049048,85.526
0.049052,85.526
0.049056,85.526
0.04906,85.526
0.049064,85.526
0.049068,85.526
0.049072,85.526
0.049076,85.526
0.04908,85.526
0.049084,85.526
0.049088,85.526
0.049092,85.526
0.049096,85.6005
0.0491,85.526
0.049104,85.6005
0.049108,85.6005
0.049112,85.526
0.049116,85.526
0.04912,85.526
0.049124,85.6005
0.049128,85.6005
0.049132,85.526
0.049136,85.6005
0.04914,85.6005
0.049144,85.6005
0.049148,85.6005
0.049152,85.6005
0.049156,85.526
0.04916,85.526
0.049164,85.6005
0.049168,85.6005
0.049172,85.6005
0.049176,85.6005
0.04918,85.6005
0.049184,85.6005
0.049188,85.6005
0.049192,85.6005
0.049196,85.6005
0.0492,85.6005
0.049204,85.675
0.049208,85.6005
0.049212,85.6005
0.049216,85.6005
0.04922,85.6005
0.049224,85.6005
0.049228,85.6005
0.049232,85.6005
0.049236,85.6005
0.04924,85.675
0.049244,85.675
0.049248,85.675
0.049252,85.6005
0.049256,85.675
0.04926,85.675
0.049264,85.675
0.049268,85.6005
0.049272,85.6005
0.049276,85.675
0.04928,85.675
0.049284,85.675
0.049288,85.675
0.049292,85.675
0.049296,85.675
0.0493,85.675
0.049304,85.675
0.049308,85.6005
0.049312,85.675
0.049316,85.675
0.04932,85.675
0.049324,85.675
0.049328,85.675
0.049332,85.6005
0.049336,85.675
0.04934,85.675
0.049344,85.675
0.049348,85.675
0.049352,85.675
0.049356,85.675
0.04936,85.675
0.049364,85.675
0.049368,85.7495
0.049372,85.675
0.049376,85.675
0.04938,85.675
0.049384,85.675
0.049388,85.675
0.049392,85.7495
0.049396,85.675
0.0494,85.7495
0.049404,85.675
0.049408,85.7495
0.049412,85.675
0.049416,85.675
0.04942,85.7495
0.049424,85.675
0.049428,85.7495
0.049432,85.675
0.049436,85.675
0.04944,85.7495
0.049444,85.7495
0.049448,85.7495
0.049452,85.7495
0.049456,85.7495
0.04946,85.7495
0.049464,85.7495
0.049468,85.7495
0.049472,85.7495
0.049476,85.7495
0.04948,85.7495
0.049484,85.7495
0.049488,85.7495
0.049492,85.7495
0.049496,85.7495
0.0495,85.7495
0.049504,85.7495
0.049508,85.7495
0.049512,85.7495
0.049516,85.7495
0.04952,85.7495
0.049524,85.7495
0.049528,85.7495
0.049532,85.7495
0.049536,85.7495
0.04954,85.7495
0.049544,85.7495
0.049548,85.7495
0.049552,85.7495
0.049556,85.7495
0.04956,85.824
0.049564,85.7495
0.049568,85.7495
0.049572,85.7495
0.049576,85.7495
0.04958,85.7495
0.049584,85.7495
0.049588,85.824
0.049592,85.824
0.049596,85.7495
0.0496,85.7495
0.049604,85.7495
0.049608,85.824
0.049612,85.824
0.049616,85.7495
0.04962,85.824
0.049624,85.824
0.049628,85.824
0.049632,85.824
0.049636,85.7495
0.04964,85.824
0.049644,85.824
0.049648,85.824
0.049652,85.824
0.049656,85.824
0.04966,85.824
0.049664,85.824
0.049668,85.824
0.049672,85.824
0.049676,85.824
0.04968,85.824
0.049684,85.824
0.049688,85.824
0.049692,85.824
0.049696,85.8985
0.0497,85.824
0.049704,85.824
0.049708,85.824
0.049712,85.8985
0.049716,85.824
0.04972,85.824
0.049724,85.8985
0.049728,85.8985
0.049732,85.824
0.049736,85.7495
0.04974,85.8985
0.049744,85.8985
0.049748,85.8985
0.049752,85.8985
0.049756,85.824
0.04976,85.8985
0.049764,85.8985
0.049768,85.8985
0.049772,85.8985
0.049776,85.8985
0.04978,85.8985
0.049784,85.824
0.049788,85.8985
0.049792,85.8985
0.049796,85.8985
0.0498,85.8985
0.049804,85.8985
0.049808,85.8985
0.049812,85.8985
0.049816,85.8985
0.04982,85.8985
0.049824,85.8985
0.049828,85.8985
0.049832,85.8985
0.049836,85.8985
0.04984,85.8985
0.049844,85.8985
0.049848,85.824
0.049852,85.8985
0.049856,85.8985
0.04986,85.8985
0.049864,85.8985
0.049868,85.8985
0.049872,85.8985
0.049876,85.8985
0.04988,85.8985
0.049884,85.8985
0.049888,85.8985
0.049892,85.973
0.049896,85.8985
0.0499,85.8985
0.049904,85.8985
0.049908,85.973
0.049912,85.8985
0.049916,85.8985
0.04992,85.973
0.049924,85.8985
0.049928,85.8985
0.049932,85.973
0.049936,85.8985
0.04994,85.8985
0.049944,85.8985
0.049948,85.973
0.049952,85.973
0.049956,85.973
0.04996,85.973
0.049964,85.8985
0.049968,85.973
0.049972,85.973
0.049976,85.973
0.04998,85.973
0.049984,85.973
0.049988,85.973
0.049992,85.973
0.049996,85.973
0.05,85.973
0.050004,85.8985
0.050008,85.973
0.050012,86.0475
0.050016,85.973
0.05002,85.973
0.050024,85.973
0.050028,85.973
0.050032,85.973
0.050036,85.973
0.05004,85.973
0.050044,85.973
0.050048,85.973
0.050052,86.0475
0.050056,85.973
0.05006,85.973
0.050064,86.0475
0.050068,86.0475
0.050072,85.973
0.050076,86.0475
0.05008,86.0475
0.050084,85.973
0.050088,86.0475
0.050092,86.0475
0.050096,86.0475
0.0501,86.0475
0.050104,86.0475
0.050108,86.0475
0.050112,85.973
0.050116,85.973
0.05012,86.0475
0.050124,86.0475
0.050128,86.0475
0.050132,86.0475
0.050136,86.0475
0.05014,86.0475
0.050144,85.973
0.050148,86.0475
0.050152,86.0475
0.050156,86.0475
0.05016,86.0475
0.050164,86.0475
0.050168,86.122
0.050172,86.0475
0.050176,86.0475
0.05018,86.122
0.050184,86.122
0.050188,85.973
0.050192,86.0475
0.050196,86.122
0.0502,86.0475
0.050204,86.122
0.050208,86.0475
0.050212,86.0475
0.050216,86.122
0.05022,86.122
0.050224,86.122
0.050228,86.122
0.050232,86.122
0.050236,86.122
0.05024,86.122
0.050244,86.122
0.050248,86.0475
0.050252,86.0475
0.050256,86.122
0.05026,86.122
0.050264,86.0475
0.050268,86.122
0.050272,86.122
0.050276,86.122
0.05028,86.122
0.050284,86.122
0.050288,86.122
0.050292,86.0475
0.050296,86.122
0.0503,86.122
0.050304,86.122
0.050308,86.122
0.050312,86.122
0.050316,86.1965
0.05032,86.1965
0.050324,86.122
0.050328,86.122
0.050332,86.122
0.050336,86.122
0.05034,86.1965
0.050344,86.122
0.050348,86.1965
0.050352,86.122
0.050356,86.122
0.05036,86.1965
0.050364,86.1965
0.050368,86.122
0.050372,86.122
0.050376,86.1965
0.05038,86.1965
0.050384,86.1965
0.050388,86.1965
0.050392,86.1965
0.050396,86.1965
0.0504,86.1965
0.050404,86.122
0.050408,86.1965
0.050412,86.1965
0.050416,86.1965
0.05042,86.1965
0.050424,86.122
0.050428,86.1965
0.050432,86.1965
0.050436,86.1965
0.05044,86.1965
0.050444,86.1965
0.050448,86.122
0.050452,86.1965
0.050456,86.1965
0.05046,86.122
0.050464,86.1965
0.050468,86.1965
0.050472,86.1965
0.050476,86.1965
0.05048,86.1965
0.050484,86.1965
0.050488,86.1965
0.050492,86.1965
0.050496,86.1965
0.0505,86.271
0.050504,86.1965
0.050508,86.1965
0.050512,86.1965
0.050516,86.271
0.05052,86.1965
0.050524,86.1965
0.050528,86.1965
0.050532,86.271
0.050536,86.1965
0.05054,86.271
0.050544,86.1965
0.050548,86.1965
0.050552,86.271
0.050556,86.1965
0.05056,86.271
0.050564,86.271
0.050568,86.1965
0.050572,86.1965
0.050576,86.271
0.05058,86.271
0.050584,86.1965
0.050588,86.271
0.050592,86.1965
0.050596,86.1965
0.0506,86.271
0.050604,86.271
0.050608,86.271
0.050612,86.1965
0.050616,86.1965
0.05062,86.271
0.050624,86.271
0.050628,86.271
0.050632,86.271
0.050636,86.271
0.05064,86.271
0.050644,86.271
0.050648,86.271
0.050652,86.271
0.050656,86.271
0.05066,86.271
0.050664,86.271
0.050668,86.271
0.050672,86.271
0.050676,86.271
0.05068,86.271
0.050684,86.271
0.050688,86.271
0.050692,86.271
0.050696,86.271
0.0507,86.271
0.050704,86.271
0.050708,86.271
0.050712,86.271
0.050716,86.271
0.05072,86.271
0.050724,86.3455
0.050728,86.3455
0.050732,86.271
0.050736,86.271
0.05074,86.271
0.050744,86.3455
0.050748,86.271
0.050752,86.3455
0.050756,86.3455
0.05076,86.271
0.050764,86.3455
0.050768,86.3455
0.050772,86.271
0.050776,86.3455
0.05078,86.271
0.050784,86.3455
0.050788,86.271
0.050792,86.3455
0.050796,86.3455
0.0508,86.3455
0.050804,86.3455
0.050808,86.3455
0.050812,86.3455
0.050816,86.3455
0.05082,86.3455
0.050824,86.3455
0.050828,86.3455
0.050832,86.3455
0.050836,86.3455
0.05084,86.3455
0.050844,86.3455
0.050848,86.3455
0.050852,86.3455
0.050856,86.3455
0.05086,86.3455
0.050864,86.3455
0.050868,86.3455
0.050872,86.3455
0.050876,86.3455
0.05088,86.3455
0.050884,86.3455
0.050888,86.3455
0.050892,86.3455
0.050896,86.3455
0.0509,86.3455
0.050904,86.3455
0.050908,86.3455
0.050912,86.3455
0.050916,86.3455
0.05092,86.3455
0.050924,86.3455
0.050928,86.3455
0.050932,86.42
0.050936,86.3455
0.05094,86.3455
0.050944,86.3455
0.050948,86.3455
0.050952,86.3455
0.050956,86.3455
0.05096,86.3455
0.050964,86.3455
0.050968,86.3455
0.050972,86.42
0.050976,86.3455
0.05098,86.3455
0.050984,86.42
0.050988,86.3455
0.050992,86.42
0.050996,86.3455
0.051,86.3455
0.051004,86.3455
0.051008,86.42
0.051012,86.3455
0.051016,86.42
0.05102,86.3455
0.051024,86.3455
0.051028,86.42
0.051032,86.3455
0.051036,86.42
0.05104,86.3455
0.051044,86.42
0.051048,86.42
0.051052,86.42
0.051056,86.42
0.05106,86.42
0.051064,86.42
0.051068,86.4945
0.051072,86.42
0.051076,86.42
0.05108,86.42
0.051084,86.42
0.051088,86.42
0.051092,86.42
0.051096,86.42
0.0511,86.42
0.051104,86.42
0.051108,86.42
0.051112,86.42
0.051116,86.42
0.05112,86.42
0.051124,86.42
0.051128,86.4945
0.051132,86.4945
0.051136,86.42
0.05114,86.42
0.051144,86.4945
0.051148,86.42
0.051152,86.42
0.051156,86.4945
0.05116,86.4945
0.051164,86.4945
0.051168,86.4945
0.051172,86.4945
0.051176,86.4945
0.05118,86.4945
0.051184,86.4945
0.051188,86.4945
0.051192,86.4945
0.051196,86.4945
0.0512,86.42
0.051204,86.4945
0.051208,86.4945
0.051212,86.42
0.051216,86.4945
0.05122,86.4945
0.051224,86.4945
0.051228,86.4945
0.051232,86.4945
0.051236,86.4945
0.05124,86.4945
0.051244,86.4945
0.051248,86.4945
0.051252,86.4945
0.051256,86.4945
0.05126,86.4945
0.051264,86.4945
0.051268,86.4945
0.051272,86.4945
0.051276,86.4945
0.05128,86.569
0.051284,86.4945
0.051288,86.4945
0.051292,86.4945
0.051296,86.569
0.0513,86.4945
0.051304,86.4945
0.051308,86.4945
0.051312,86.569
0.051316,86.569
0.05132,86.4945
0.051324,86.569
0.051328,86.569
0.051332,86.4945
0.051336,86.569
0.05134,86.4945
0.051344,86.4945
0.051348,86.4945
0.051352,86.4945
0.051356,86.569
0.05136,86.569
0.051364,86.569
0.051368,86.569
0.051372,86.569
0.051376,86.569
0.05138,86.569
0.051384,86.4945
0.051388,86.569
0.051392,86.569
0.051396,86.569
0.0514,86.569
0.051404,86.4945
0.051408,86.569
0.051412,86.569
0.051416,86.569
0.05142,86.569
0.051424,86.569
0.051428,86.569
0.051432,86.569
0.051436,86.569
0.05144,86.4945
0.051444,86.569
0.051448,86.6435
0.051452,86.569
0.051456,86.569
0.05146,86.569
0.051464,86.569
0.051468,86.569
0.051472,86.569
0.051476,86.569
0.05148,86.569
0.051484,86.569
0.051488,86.569
0.051492,86.569
0.051496,86.6435
0.0515,86.6435
0.051504,86.569
0.051508,86.569
0.051512,86.6435
0.051516,86.569
0.05152,86.569
0.051524,86.569
0.051528,86.569
0.051532,86.6435
0.051536,86.569
0.05154,86.569
0.051544,86.6435
0.051548,86.569
0.051552,86.6435
0.051556,86.6435
0.05156,86.569
0.051564,86.569
0.051568,86.6435
0.051572,86.6435
0.051576,86.6435
0.05158,86.6435
0.051584,86.6435
0.051588,86.6435
0.051592,86.6435
0.051596,86.6435
0.0516,86.6435
0.051604,86.6435
0.051608,86.6435
0.051612,86.6435
0.051616,86.6435
0.05162,86.6435
0.051624,86.6435
0.051628,86.6435
0.051632,86.6435
0.051636,86.6435
0.05164,86.6435
0.051644,86.6435
0.051648,86.6435
0.051652,86.6435
0.051656,86.6435
0.05166,86.6435
0.051664,86.6435
0.051668,86.6435
0.051672,86.6435
0.051676,86.6435
0.05168,86.6435
0.051684,86.6435
0.051688,86.6435
0.051692,86.6435
0.051696,86.6435
0.0517,86.6435
0.051704,86.6435
0.051708,86.6435
0.051712,86.6435
0.051716,86.6435
0.05172,86.6435
0.051724,86.6435
0.051728,86.6435
0.051732,86.6435
0.051736,86.6435
0.05174,86.6435
0.051744,86.6435
0.051748,86.6435
0.051752,86.71799999999999
0.051756,86.6435
0.05176,86.6435
0.051764,86.6435
0.051768,86.6435
0.051772,86.71799999999999
0.051776,86.71799999999999
0.05178,86.71799999999999
0.051784,86.6435
0.051788,86.6435
0.051792,86.71799999999999
0.051796,86.6435
0.0518,86.71799999999999
0.051804,86.71799999999999
0.051808,86.71799999999999
0.051812,86.6435
0.051816,86.71799999999999
0.05182,86.71799999999999
0.051824,86.71799999999999
0.051828,86.71799999999999
0.051832,86.6435
0.051836,86.71799999999999
0.05184,86.71799999999999
0.051844,86.71799999999999
0.051848,86.71799999999999
0.051852,86.71799999999999
0.051856,86.71799999999999
0.05186,86.71799999999999
0.051864,86.71799999999999
0.051868,86.71799999999999
0.051872,86.71799999999999
0.051876,86.71799999999999
0.05188,86.71799999999999
0.051884,86.71799999999999
0.051888,86.6435
0.051892,86.71799999999999
0.051896,86.71799999999999
0.0519,86.71799999999999
0.051904,86.71799999999999
0.051908,86.71799999999999
0.051912,86.79249999999999
0.051916,86.71799999999999
0.05192,86.71799999999999
0.051924,86.71799999999999
0.051928,86.71799999999999
0.051932,86.71799999999999
0.051936,86.71799999999999
0.05194,86.71799999999999
0.051944,86.79249999999999
0.051948,86.71799999999999
0.051952,86.71799999999999
0.051956,86.71799999999999
0.05196,86.79249999999999
0.051964,86.79249999999999
0.051968,86.71799999999999
0.051972,86.79249999999999
0.051976,86.79249999999999
0.05198,86.71799999999999
0.051984,86.71799999999999
0.051988,86.71799999999999
0.051992,86.79249999999999
0.051996,86.79249999999999
0.052,86.79249999999999
0.052004,86.79249999999999
0.052008,86.79249999999999
0.052012,86.79249999999999
0.052016,86.79249999999999
0.05202,86.71799999999999
0.052024,86.79249999999999
0.052028,86.79249999999999
0.052032,86.79249999999999
0.052036,86.71799999999999
0.05204,86.79249999999999
0.052044,86.79249999999999
0.052048,86.79249999999999
0.052052,86.79249999999999
0.052056,86.79249999999999
0.05206,86.79249999999999
0.052064,86.79249999999999
0.052068,86.79249999999999
0.052072,86.79249999999999
0.052076,86.79249999999999
0.05208,86.79249999999999
0.052084,86.79249999999999
0.052088,86.79249999999999
0.052092,86.79249999999999
0.052096,86.79249999999999
0.0521,86.79249999999999
0.052104,86.79249999999999
0.052108,86.79249999999999
0.052112,86.79249999999999
0.052116,86.79249999999999
0.05212,86.79249999999999
0.052124,86.79249999999999
0.052128,86.79249999999999
0.052132,86.79249999999999
0.052136,86.79249999999999
0.05214,86.79249999999999
0.052144,86.79249999999999
0.052148,86.79249999999999
0.052152,86.79249999999999
0.052156,86.79249999999999
0.05216,86.79249999999999
0.052164,86.79249999999999
0.052168,86.79249999999999
0.052172,86.86699999999999
0.052176,86.79249999999999
0.05218,86.86699999999999
0.052184,86.79249999999999
0.052188,86.86699999999999
0.052192,86.79249999999999
0.052196,86.86699999999999
0.0522,86.79249999999999
0.052204,86.86699999999999
0.052208,86.86699999999999
0.052212,86.86699999999999
0.052216,86.79249999999999
0.05222,86.86699999999999
0.052224,86.86699999999999
0.052228,86.79249999999999
0.052232,86.86699999999999
0.052236,86.79249999999999
0.05224,86.79249999999999
0.052244,86.86699999999999
0.052248,86.86699999999999
0.052252,86.86699999999999
0.052256,86.79249999999999
0.05226,86.86699999999999
0.052264,86.86699999999999
0.052268,86.79249999999999
0.052272,86.86699999999999
0.052276,86.86699999999999
0.05228,86.86699999999999
0.052284,86.86699999999999
0.052288,86.86699999999999
0.052292,86.86699999999999
0.052296,86.86699999999999
0.0523,86.79249999999999
0.052304,86.86699999999999
0.052308,86.86699999999999
0.052312,86.86699999999999
0.052316,86.86699999999999
0.05232,86.86699999999999
0.052324,86.86699999999999
0.052328,86.79249999999999
0.052332,86.86699999999999
0.052336,86.86699999999999
0.05234,86.86699999999999
0.052344,86.86699999999999
0.052348,86.94149999999999
0.052352,86.86699999999999
0.052356,86.86699999999999
0.05236,86.86699999999999
0.052364,86.94149999999999
0.052368,86.86699999999999
0.052372,86.86699999999999
0.052376,86.86699999999999
0.05238,86.86699999999999
0.052384,86.86699999999999
0.052388,86.86699999999999
0.052392,86.86699999999999
0.052396,86.86699999999999
0.0524,86.86699999999999
0.052404,86.86699999999999
0.052408,86.86699999999999
0.052412,86.86699999999999
0.052416,86.94149999999999
0.05242,86.86699999999999
0.052424,86.86699999999999
0.052428,86.86699999999999
0.052432,86.86699999999999
0.052436,86.86699999999999
0.05244,86.86699999999999
0.052444,86.86699999999999
0.052448,86.94149999999999
0.052452,86.94149999999999
0.052456,86.94149999999999
0.05246,86.86699999999999
0.052464,86.86699999999999
0.052468,86.94149999999999
0.052472,86.86699999999999
0.052476,86.94149999999999
0.05248,86.94149999999999
0.052484,86.94149999999999
0.052488,86.94149999999999
0.052492,86.86699999999999
0.052496,86.86699999999999
0.0525,86.86699999999999
0.052504,86.94149999999999
0.052508,86.94149999999999
0.052512,86.86699999999999
0.052516,86.94149999999999
0.05252,86.94149999999999
0.052524,86.94149999999999
0.052528,86.86699999999999
0.052532,86.94149999999999
0.052536,86.94149999999999
0.05254,86.94149999999999
0.052544,86.94149999999999
0.052548,86.94149999999999
0.052552,86.94149999999999
0.052556,86.94149999999999
0.05256,86.86699999999999
0.052564,86.86699999999999
0.052568,86.94149999999999
0.052572,86.94149999999999
0.052576,86.94149999999999
0.05258,86.94149999999999
0.052584,86.94149999999999
0.052588,86.94149999999999
0.052592,86.94149999999999
0.052596,86.94149999999999
0.0526,86.94149999999999
0.052604,86.94149999999999
0.052608,86.94149999999999
0.052612,86.94149999999999
0.052616,86.94149999999999
0.05262,86.94149999999999
0.052624,87.01599999999999
0.052628,87.01599999999999
0.052632,86.94149999999999
0.052636,86.94149999999999
0.05264,86.94149999999999
0.052644,86.94149999999999
0.052648,86.94149999999999
0.052652,86.94149999999999
0.052656,87.01599999999999
0.05266,86.94149999999999
0.052664,86.94149999999999
0.052668,86.94149999999999
0.052672,86.94149999999999
0.052676,87.01599999999999
0.05268,86.94149999999999
0.052684,86.94149999999999
0.052688,86.94149999999999
0.052692,86.94149999999999
0.052696,87.01599999999999
0.0527,86.94149999999999
0.052704,86.94149999999999
0.052708,87.01599999999999
0.052712,86.94149999999999
0.052716,87.01599999999999
0.05272,86.94149999999999
0.052724,87.01599999999999
0.052728,86.94149999999999
0.052732,87.01599999999999
0.052736,87.01599999999999
0.05274,87.01599999999999
0.052744,86.94149999999999
0.052748,87.01599999999999
0.052752,87.01599999999999
0.052756,86.94149999999999
0.05276,87.01599999999999
0.052764,86.94149999999999
0.052768,87.01599999999999
0.052772,87.01599999999999
0.052776,87.01599999999999
0.05278,87.01599999999999
0.052784,86.94149999999999
0.052788,87.01599999999999
0.052792,87.01599999999999
0.052796,87.01599999999999
0.0528,86.94149999999999
0.052804,87.01599999999999
0.052808,87.01599999999999
0.052812,87.01599999999999
0.052816,86.94149999999999
0.05282,87.01599999999999
0.052824,87.01599999999999
0.052828,87.01599999999999
0.052832,87.01599999999999
0.052836,87.01599999999999
0.05284,87.01599999999999
0.052844,87.01599999999999
0.052848,87.01599999999999
0.052852,86.94149999999999
0.052856,86.94149999999999
0.05286,87.01599999999999
0.052864,87.01599999999999
0.052868,87.01599999999999
0.052872,87.01599999999999
0.052876,87.01599999999999
0.05288,87.01599999999999
0.052884,87.01599999999999
0.052888,87.01599999999999
0.052892,87.01599999999999
0.052896,87.01599999999999
0.0529,87.01599999999999
0.052904,87.01599999999999
0.052908,87.01599999999999
0.052912,87.01599999999999
0.052916,87.01599999999999
0.05292,87.01599999999999
0.052924,87.01599999999999
0.052928,87.01599999999999
0.052932,87.01599999999999
0.052936,87.01599999999999
0.05294,87.01599999999999
0.052944,87.01599999999999
0.052948,87.09049999999999
0.052952,87.09049999999999
0.052956,87.01599999999999
0.05296,87.09049999999999
0.052964,87.01599999999999
0.052968,87.01599999999999
0.052972,87.09049999999999
0.052976,87.09049999999999
0.05298,87.01599999999999
0.052984,87.09049999999999
0.052988,87.01599999999999
0.052992,87.09049999999999
0.052996,87.09049999999999
0.053,87.09049999999999
0.053004,87.01599999999999
0.053008,87.09049999999999
0.053012,87.09049999999999
0.053016,87.09049999999999
0.05302,87.09049999999999
0.053024,87.09049999999999
0.053028,87.09049999999999
0.053032,87.09049999999999
0.053036,87.01599999999999
0.05304,87.09049999999999
0.053044,87.01599999999999
0.053048,87.01599999999999
0.053052,87.09049999999999
0.053056,87.09049999999999
0.05306,87.09049999999999
0.053064,87.09049999999999
0.053068,87.09049999999999
0.053072,87.09049999999999
0.053076,87.09049999999999
0.05308,87.09049999999999
0.053084,87.09049999999999
0.053088,87.09049999999999
0.053092,87.01599999999999
0.053096,87.09049999999999
0.0531,87.09049999999999
0.053104,87.09049999999999
0.053108,87.09049999999999
0.053112,87.09049999999999
0.053116,87.09049999999999
0.05312,87.09049999999999
0.053124,87.09049999999999
0.053128,87.09049999999999
0.053132,87.09049999999999
0.053136,87.09049999999999
0.05314,87.09049999999999
0.053144,87.09049999999999
0.053148,87.09049999999999
0.053152,87.09049999999999
0.053156,87.16499999999999
0.05316,87.09049999999999
0.053164,87.09049999999999
0.053168,87.16499999999999
0.053172,87.09049999999999
0.053176,87.09049999999999
0.05318,87.16499999999999
0.053184,87.09049999999999
0.053188,87.09049999999999
0.053192,87.09049999999999
0.053196,87.09049999999999
0.0532,87.09049999999999
0.053204,87.09049999999999
0.053208,87.16499999999999
0.053212,87.09049999999999
0.053216,87.09049999999999
0.05322,87.16499999999999
0.053224,87.09049999999999
0.053228,87.09049999999999
0.053232,87.09049999999999
0.053236,87.09049999999999
0.05324,87.16499999999999
0.053244,87.09049999999999
0.053248,87.09049999999999
0.053252,87.16499999999999
0.053256,87.09049999999999
0.05326,87.09049999999999
0.053264,87.16499999999999
0.053268,87.09049999999999
0.053272,87.09049999999999
0.053276,87.16499999999999
0.05328,87.16499999999999
0.053284,87.09049999999999
0.053288,87.16499999999999
0.053292,87.16499999999999
0.053296,87.09049999999999
0.0533,87.16499999999999
0.053304,87.16499999999999
0.053308,87.16499999999999
0.053312,87.16499999999999
0.053316,87.09049999999999
0.05332,87.09049999999999
0.053324,87.16499999999999
0.053328,87.16499999999999
0.053332,87.16499999999999
0.053336,87.16499999999999
0.05334,87.16499999999999
0.053344,87.16499999999999
0.053348,87.16499999999999
0.053352,87.16499999999999
0.053356,87.16499999999999
0.05336,87.16499999999999
0.053364,87.09049999999999
0.053368,87.16499999999999
0.053372,87.16499999999999
0.053376,87.16499999999999
0.05338,87.16499999999999
0.053384,87.16499999999999
0.053388,87.16499999999999
0.053392,87.16499999999999
0.053396,87.16499999999999
0.0534,87.16499999999999
0.053404,87.16499999999999
0.053408,87.16499999999999
0.053412,87.16499999999999
0.053416,87.16499999999999
0.05342,87.16499999999999
0.053424,87.16499999999999
0.053428,87.16499999999999
0.053432,87.16499999999999
0.053436,87.16499999999999
0.05344,87.23949999999999
0.053444,87.23949999999999
0.053448,87.16499999999999
0.053452,87.23949999999999
0.053456,87.16499999999999
0.05346,87.23949999999999
0.053464,87.16499999999999
0.053468,87.23949999999999
0.053472,87.23949999999999
0.053476,87.16499999999999
0.05348,87.23949999999999
0.053484,87.23949999999999
0.053488,87.23949999999999
0.053492,87.23949999999999
0.053496,87.16499999999999
0.0535,87.23949999999999
0.053504,87.23949999999999
0.053508,87.16499999999999
0.053512,87.23949999999999
0.053516,87.16499999999999
0.05352,87.16499999999999
0.053524,87.23949999999999
0.053528,87.16499999999999
0.053532,87.23949999999999
0.053536,87.23949999999999
0.05354,87.23949999999999
0.053544,87.23949999999999
0.053548,87.23949999999999
0.053552,87.23949999999999
0.053556,87.16499999999999
0.05356,87.23949999999999
0.053564,87.23949999999999
0.053568,87.23949999999999
0.053572,87.23949999999999
0.053576,87.23949999999999
0.05358,87.23949999999999
0.053584,87.23949999999999
0.053588,87.23949999999999
0.053592,87.23949999999999
0.053596,87.23949999999999
0.0536,87.23949999999999
0.053604,87.23949999999999
0.053608,87.23949999999999
0.053612,87.23949999999999
0.053616,87.23949999999999
0.05362,87.23949999999999
0.053624,87.23949999999999
0.053628,87.23949999999999
0.053632,87.23949999999999
0.053636,87.16499999999999
0.05364,87.23949999999999
0.053644,87.314
0.053648,87.23949999999999
0.053652,87.23949999999999
0.053656,87.23949999999999
0.05366,87.23949999999999
0.053664,87.23949999999999
0.053668,87.23949999999999
0.053672,87.23949999999999
0.053676,87.23949999999999
0.05368,87.23949999999999
0.053684,87.23949999999999
0.053688,87.23949999999999
0.053692,87.23949999999999
0.053696,87.23949999999999
0.0537,87.23949999999999
0.053704,87.23949999999999
0.053708,87.23949999999999
0.053712,87.314
0.053716,87.23949999999999
0.05372,87.23949999999999
0.053724,87.23949999999999
0.053728,87.23949999999999
0.053732,87.23949999999999
0.053736,87.314
0.05374,87.314
0.053744,87.23949999999999
0.053748,87.23949999999999
0.053752,87.23949999999999
0.053756,87.23949999999999
0.05376,87.23949999999999
0.053764,87.23949999999999
0.053768,87.23949999999999
0.053772,87.23949999999999
0.053776,87.314
0.05378,87.314
0.053784,87.23949999999999
0.053788,87.23949999999999
0.053792,87.23949999999999
0.053796,87.23949999999999
0.0538,87.23949999999999
0.053804,87.314
0.053808,87.23949999999999
0.053812,87.314
0.053816,87.314
0.05382,87.314
0.053824,87.23949999999999
0.053828,87.314
0.053832,87.314
0.053836,87.314
0.05384,87.23949999999999
0.053844,87.314
0.053848,87.314
0.053852,87.314
0.053856,87.314
0.05386,87.314
0.053864,87.23949999999999
0.053868,87.314
0.053872,87.314
0.053876,87.314
0.05388,87.23949999999999
0.053884,87.314
0.053888,87.314
0.053892,87.314
0.053896,87.314
0.0539,87.314
0.053904,87.314
0.053908,87.314
0.053912,87.314
0.053916,87.314
0.05392,87.23949999999999
0.053924,87.314
0.053928,87.314
0.053932,87.314
0.053936,87.314
0.05394,87.314
0.053944,87.314
0.053948,87.314
0.053952,87.314
0.053956,87.314
0.05396,87.314
0.053964,87.314
0.053968,87.314
0.053972,87.314
0.053976,87.314
0.05398,87.314
0.053984,87.314
0.053988,87.23949999999999
0.053992,87.314
0.053996,87.314
0.054,87.314
0.054004,87.314
0.054008,87.314
0.054012,87.314
0.054016,87.314
0.05402,87.314
0.054024,87.314
0.054028,87.3885
0.054032,87.3885
0.054036,87.314
0.05404,87.314
0.054044,87.314
0.054048,87.314
0.054052,87.314
0.054056,87.314
0.05406,87.314
0.054064,87.3885
0.054068,87.3885
0.054072,87.3885
0.054076,87.3885
0.05408,87.3885
0.054084,87.3885
0.054088,87.3885
0.054092,87.3885
0.054096,87.3885
0.0541,87.314
0.054104,87.3885
0.054108,87.314
0.054112,87.314
0.054116,87.3885
0.05412,87.3885
0.054124,87.3885
0.054128,87.3885
0.054132,87.314
0.054136,87.314
0.05414,87.3885
0.054144,87.3885
0.054148,87.3885
0.054152,87.3885
0.054156,87.3885
0.05416,87.3885
0.054164,87.3885
0.054168,87.3885
0.054172,87.314
0.054176,87.3885
0.05418,87.3885
0.054184,87.3885
0.054188,87.3885
0.054192,87.3885
0.054196,87.3885
0.0542,87.3885
0.054204,87.3885
0.054208,87.3885
0.054212,87.3885
0.054216,87.463
0.05422,87.3885
0.054224,87.3885
0.054228,87.3885
0.054232,87.3885
0.054236,87.3885
0.05424,87.3885
0.054244,87.3885
0.054248,87.3885
0.054252,87.3885
0.054256,87.3885
0.05426,87.3885
0.054264,87.3885
0.054268,87.3885
0.054272,87.3885
0.054276,87.3885
0.05428,87.3885
0.054284,87.3885
0.054288,87.463
0.054292,87.3885
0.054296,87.3885
0.0543,87.3885
0.054304,87.3885
0.054308,87.3885
0.054312,87.3885
0.054316,87.3885
0.05432,87.463
0.054324,87.3885
0.054328,87.3885
0.054332,87.3885
0.054336,87.3885
0.05434,87.3885
0.054344,87.463
0.054348,87.3885
0.054352,87.3885
0.054356,87.463
0.05436,87.3885
0.054364,87.3885
0.054368,87.3885
0.054372,87.3885
0.054376,87.463
0.05438,87.3885
0.054384,87.463
0.054388,87.3885
0.054392,87.3885
0.054396,87.463
0.0544,87.463
0.054404,87.463
0.054408,87.463
0.054412,87.3885
0.054416,87.463
0.05442,87.463
0.054424,87.3885
0.054428,87.463
0.054432,87.463
0.054436,87.463
0.05444,87.463
0.054444,87.3885
0.054448,87.463
0.054452,87.463
0.054456,87.463
0.05446,87.463
0.054464,87.463
0.054468,87.3885
0.054472,87.463
0.054476,87.463
0.05448,87.463
0.054484,87.463
0.054488,87.463
0.054492,87.463
0.054496,87.463
0.0545,87.463
0.054504,87.463
0.054508,87.463
0.054512,87.463
0.054516,87.5375
0.05452,87.463
0.054524,87.463
0.054528,87.463
0.054532,87.463
0.054536,87.463
0.05454,87.463
0.054544,87.463
0.054548,87.463
0.054552,87.463
0.054556,87.463
0.05456,87.463
0.054564,87.463
0.054568,87.463
0.054572,87.463
0.054576,87.463
0.05458,87.463
0.054584,87.463
0.054588,87.463
0.054592,87.463
0.054596,87.5375
0.0546,87.463
0.054604,87.5375
0.054608,87.463
0.054612,87.463
0.054616,87.463
0.05462,87.463
0.054624,87.5375
0.054628,87.5375
0.054632,87.5375
0.054636,87.463
0.05464,87.5375
0.054644,87.463
0.054648,87.463
0.054652,87.5375
0.054656,87.5375
0.05466,87.5375
0.054664,87.5375
0.054668,87.463
0.054672,87.5375
0.054676,87.5375
0.05468,87.5375
0.054684,87.5375
0.054688,87.463
0.054692,87.5375
0.054696,87.5375
0.0547,87.5375
0.054704,87.463
0.054708,87.5375
0.054712,87.5375
0.054716,87.5375
0.05472,87.5375
0.054724,87.5375
0.054728,87.463
0.054732,87.463
0.054736,87.5375
0.05474,87.5375
0.054744,87.5375
0.054748,87.5375
0.054752,87.5375
0.054756,87.5375
0.05476,87.5375
0.054764,87.5375
0.054768,87.5375
0.054772,87.5375
0.054776,87.5375
0.05478,87.5375
0.054784,87.5375
0.054788,87.5375
0.054792,87.5375
0.054796,87.5375
0.0548,87.5375
0.054804,87.5375
0.054808,87.5375
0.054812,87.5375
0.054816,87.5375
0.05482,87.612
0.054824,87.5375
0.054828,87.5375
0.054832,87.5375
0.054836,87.5375
0.05484,87.5375
0.054844,87.5375
0.054848,87.5375
0.054852,87.612
0.054856,87.5375
0.05486,87.5375
0.054864,87.5375
0.054868,87.5375
0.054872,87.612
0.054876,87.5375
0.05488,87.5375
0.054884,87.5375
0.054888,87.5375
0.054892,87.5375
0.054896,87.612
0.0549,87.612
0.054904,87.5375
0.054908,87.5375
0.054912,87.5375
0.054916,87.5375
0.05492,87.5375
0.054924,87.612
0.054928,87.5375
0.054932,87.5375
0.054936,87.612
0.05494,87.5375
0.054944,87.5375
0.054948,87.5375
0.054952,87.5375
0.054956,87.5375
0.05496,87.5375
0.054964,87.5375
0.054968,87.612
0.054972,87.612
0.054976,87.5375
0.05498,87.612
0.054984,87.5375
0.054988,87.5375
0.054992,87.5375
0.054996,87.5375
0.055,87.5375
0.055004,87.612
0.055008,87.612
0.055012,87.612
0.055016,87.612
0.05502,87.612
0.055024,87.612
0.055028,87.612
0.055032,87.612
0.055036,87.612
0.05504,87.5375
0.055044,87.5375
0.055048,87.612
0.055052,87.612
0.055056,87.612
0.05506,87.612
0.055064,87.612
0.055068,87.612
0.055072,87.612
0.055076,87.612
0.05508,87.612
0.055084,87.612
0.055088,87.612
0.055092,87.612
0.055096,87.612
0.0551,87.612
0.055104,87.612
0.055108,87.612
0.055112,87.612
0.055116,87.612
0.05512,87.612
0.055124,87.612
0.055128,87.612
0.055132,87.612
0.055136,87.612
0.05514,87.612
0.055144,87.612
0.055148,87.612
0.055152,87.6865
0.055156,87.612
0.05516,87.612
0.055164,87.612
0.055168,87.6865
0.055172,87.612
0.055176,87.612
0.05518,87.612
0.055184,87.6865
0.055188,87.612
0.055192,87.612
0.055196,87.6865
0.0552,87.6865
0.055204,87.6865
0.055208,87.6865
0.055212,87.6865
0.055216,87.612
0.05522,87.612
0.055224,87.6865
0.055228,87.6865
0.055232,87.6865
0.055236,87.612
0.05524,87.612
0.055244,87.6865
0.055248,87.6865
0.055252,87.6865
0.055256,87.6865
0.05526,87.6865
0.055264,87.6865
0.055268,87.6865
0.055272,87.612
0.055276,87.612
0.05528,87.6865
0.055284,87.761
0.055288,87.6865
0.055292,87.6865
0.055296,87.6865
0.0553,87.6865
0.055304,87.612
0.055308,87.612
0.055312,87.6865
0.055316,87.6865
0.05532,87.6865
0.055324,87.6865
0.055328,87.6865
0.055332,87.6865
0.055336,87.6865
0.05534,87.6865
0.055344,87.6865
0.055348,87.6865
0.055352,87.6865
0.055356,87.6865
0.05536,87.6865
0.055364,87.6865
0.055368,87.6865
0.055372,87.6865
0.055376,87.6865
0.05538,87.6865
0.055384,87.6865
0.055388,87.6865
0.055392,87.6865
0.055396,87.6865
0.0554,87.6865
0.055404,87.6865
0.055408,87.6865
0.055412,87.6865
0.055416,87.761
0.05542,87.6865
0.055424,87.6865
0.055428,87.761
0.055432,87.761
0.055436,87.761
0.05544,87.6865
0.055444,87.6865
0.055448,87.6865
0.055452,87.6865
0.055456,87.761
0.05546,87.6865
0.055464,87.761
0.055468,87.6865
0.055472,87.6865
0.055476,87.6865
0.05548,87.6865
0.055484,87.761
0.055488,87.761
0.055492,87.6865
0.055496,87.761
0.0555,87.6865
0.055504,87.6865
0.055508,87.761
0.055512,87.761
0.055516,87.761
0.05552,87.761
0.055524,87.6865
0.055528,87.761
0.055532,87.761
0.055536,87.761
0.05554,87.6865
0.055544,87.761
0.055548,87.761
0.055552,87.8355
0.055556,87.761
0.05556,87.761
0.055564,87.761
0.055568,87.761
0.055572,87.761
0.055576,87.761
0.05558,87.6865
0.055584,87.761
0.055588,87.761
0.055592,87.761
0.055596,87.761
0.0556,87.761
0.055604,87.761
0.055608,87.761
0.055612,87.761
0.055616,87.761
0.05562,87.761
0.055624,87.761
0.055628,87.761
0.055632,87.761
0.055636,87.761
0.05564,87.8355
0.055644,87.761
0.055648,87.761
0.055652,87.8355
0.055656,87.761
0.05566,87.761
0.055664,87.761
0.055668,87.761
0.055672,87.761
0.055676,87.8355
0.05568,87.761
0.055684,87.8355
0.055688,87.8355
0.055692,87.761
0.055696,87.761
0.0557,87.761
0.055704,87.761
0.055708,87.761
0.055712,87.8355
0.055716,87.8355
0.05572,87.8355
0.055724,87.8355
0.055728,87.761
0.055732,87.8355
0.055736,87.8355
0.05574,87.8355
0.055744,87.761
0.055748,87.8355
0.055752,87.761
0.055756,87.8355
0.05576,87.761
0.055764,87.761
0.055768,87.761
0.055772,87.8355
0.055776,87.8355
0.05578,87.8355
0.055784,87.761
0.055788,87.8355
0.055792,87.8355
0.055796,87.8355
0.0558,87.8355
0.055804,87.8355
0.055808,87.8355
0.055812,87.8355
0.055816,87.8355
0.05582,87.8355
0.055824,87.761
0.055828,87.8355
0.055832,87.8355
0.055836,87.8355
0.05584,87.8355
0.055844,87.8355
0.055848,87.8355
0.055852,87.8355
0.055856,87.761
0.05586,87.8355
0.055864,87.8355
0.055868,87.8355
0.055872,87.8355
0.055876,87.8355
0.05588,87.8355
0.055884,87.8355
0.055888,87.8355
0.055892,87.8355
0.055896,87.8355
0.0559,87.8355
0.055904,87.8355
0.055908,87.8355
0.055912,87.8355
0.055916,87.8355
0.05592,87.8355
0.055924,87.8355
0.055928,87.8355
0.055932,87.8355
0.055936,87.8355
0.05594,87.91
0.055944,87.8355
0.055948,87.91
0.055952,87.8355
0.055956,87.8355
0.05596,87.8355
0.055964,87.8355
0.055968,87.8355
0.055972,87.8355
0.055976,87.8355
0.05598,87.8355
0.055984,87.8355
0.055988,87.8355
0.055992,87.8355
0.055996,87.91
0.056,87.8355
0.056004,87.91
0.056008,87.8355
0.056012,87.8355
0.056016,87.8355
0.05602,87.91
0.056024,87.91
0.056028,87.91
0.056032,87.8355
0.056036,87.91
0.05604,87.8355
0.056044,87.8355
0.056048,87.8355
0.056052,87.91
0.056056,87.8355
0.05606,87.91
0.056064,87.91
0.056068,87.8355
0.056072,87.8355
0.056076,87.91
0.05608,87.8355
0.056084,87.8355
0.056088,87.8355
0.056092,87.8355
0.056096,87.91
0.0561,87.8355
0.056104,87.8355
0.056108,87.91
0.056112,87.91
0.056116,87.91
0.05612,87.91
0.056124,87.91
0.056128,87.91
0.056132,87.91
0.056136,87.91
0.05614,87.8355
0.056144,87.8355
0.056148,87.91
0.056152,87.91
0.056156,87.91
0.05616,87.91
0.056164,87.91
0.056168,87.91
0.056172,87.91
0.056176,87.91
0.05618,87.8355
0.056184,87.8355
0.056188,87.91
0.056192,87.91
0.056196,87.91
0.0562,87.91
0.056204,87.91
0.056208,87.91
0.056212,87.91
0.056216,87.9845
0.05622,87.8355
0.056224,87.91
0.056228,87.91
0.056232,87.91
0.056236,87.91
0.05624,87.9845
0.056244,87.91
0.056248,87.91
0.056252,87.91
0.056256,87.91
0.05626,87.91
0.056264,87.9845
0.056268,87.91
0.056272,87.91
0.056276,87.9845
0.05628,87.91
0.056284,87.91
0.056288,87.9845
0.056292,87.91
0.056296,87.9845
0.0563,87.9845
0.056304,87.9845
0.056308,87.9845
0.056312,87.9845
0.056316,87.91
0.05632,87.91
0.056324,87.9845
0.056328,87.9845
0.056332,87.9845
0.056336,87.91
0.05634,87.9845
0.056344,87.9845
0.056348,87.9845
0.056352,87.91
0.056356,87.9845
0.05636,87.9845
0.056364,87.91
0.056368,87.9845
0.056372,87.91
0.056376,87.9845
0.05638,87.9845
0.056384,87.9845
0.056388,87.9845
0.056392,87.91
0.056396,87.9845
0.0564,87.9845
0.056404,87.9845
0.056408,87.91
0.056412,87.9845
0.056416,87.9845
0.05642,87.9845
0.056424,87.9845
0.056428,87.9845
0.056432,87.9845
0.056436,87.9845
0.05644,87.9845
0.056444,87.9845
0.056448,87.9845
0.056452,87.91
0.056456,87.9845
0.05646,87.9845
0.056464,87.9845
0.056468,88.059
0.056472,87.9845
0.056476,87.9845
0.05648,87.9845
0.056484,87.9845
0.056488,87.9845
0.056492,87.9845
0.056496,87.9845
0.0565,87.9845
0.056504,87.9845
0.056508,88.059
0.056512,87.9845
0.056516,87.9845
0.05652,87.9845
0.056524,88.059
0.056528,88.059
0.056532,87.9845
0.056536,87.9845
0.05654,87.9845
0.056544,87.9845
0.056548,88.059
0.056552,87.9845
0.056556,87.9845
0.05656,87.9845
0.056564,88.059
0.056568,88.059
0.056572,88.059
0.056576,88.059
0.05658,88.059
0.056584,87.9845
0.056588,88.059
0.056592,88.059
0.056596,88.059
0.0566,87.9845
0.056604,87.9845
0.056608,87.9845
0.056612,87.9845
0.056616,88.059
0.05662,88.059
0.056624,88.059
0.056628,88.059
0.056632,87.9845
0.056636,88.059
0.05664,87.9845
0.056644,88.059
0.056648,87.9845
0.056652,88.059
0.056656,87.9845
0.05666,88.059
0.056664,88.059
0.056668,88.059
0.056672,88.059
0.056676,87.9845
0.05668,88.059
0.056684,88.059
0.056688,88.059
0.056692,88.059
0.056696,88.059
0.0567,88.059
0.056704,88.059
0.056708,88.059
0.056712,88.059
0.056716,88.059
0.05672,88.059
0.056724,88.059
0.056728,88.059
0.056732,88.1335
0.056736,88.059
0.05674,88.059
0.056744,88.059
0.056748,87.9845
0.056752,88.059
0.056756,88.059
0.05676,88.059
0.056764,88.059
0.056768,88.059
0.056772,88.059
0.056776,88.059
0.05678,88.059
0.056784,88.059
0.056788,88.059
0.056792,88.059
0.056796,88.059
0.0568,88.1335
0.056804,88.059
0.056808,88.1335
0.056812,88.1335
0.056816,88.1335
0.05682,88.059
0.056824,88.059
0.056828,88.059
0.056832,88.1335
0.056836,88.059
0.05684,88.1335
0.056844,88.059
0.056848,88.1335
0.056852,88.059
0.056856,88.059
0.05686,88.1335
0.056864,88.1335
0.056868,88.059
0.056872,88.059
0.056876,88.059
0.05688,88.1335
0.056884,88.1335
0.056888,88.1335
0.056892,88.059
0.056896,88.059
0.0569,88.1335
0.056904,88.1335
0.056908,88.1335
0.056912,88.1335
0.056916,88.1335
0.05692,88.1335
0.056924,88.059
0.056928,88.1335
0.056932,88.059
0.056936,88.059
0.05694,88.1335
0.056944,88.1335
0.056948,88.1335
0.056952,88.1335
0.056956,88.1335
0.05696,88.1335
0.056964,88.1335
0.056968,88.1335
0.056972,88.1335
0.056976,88.1335
0.05698,88.1335
0.056984,88.059
0.056988,88.1335
0.056992,88.1335
0.056996,88.1335
0.057,88.1335
0.057004,88.1335
0.057008,88.1335
0.057012,88.1335
0.057016,88.1335
0.05702,88.1335
0.057024,88.1335
0.057028,88.1335
0.057032,88.1335
0.057036,88.1335
0.05704,88.1335
0.057044,88.1335
0.057048,88.1335
0.057052,88.1335
0.057056,88.1335
0.05706,88.208
0.057064,88.1335
0.057068,88.1335
0.057072,88.1335
0.057076,88.1335
0.05708,88.1335
0.057084,88.1335
0.057088,88.1335
0.057092,88.1335
0.057096,88.1335
0.0571,88.1335
0.057104,88.1335
0.057108,88.1335
0.057112,88.1335
0.057116,88.1335
0.05712,88.208
0.057124,88.1335
0.057128,88.1335
0.057132,88.208
0.057136,88.1335
0.05714,88.1335
0.057144,88.208
0.057148,88.1335
0.057152,88.1335
0.057156,88.1335
0.05716,88.208
0.057164,88.1335
0.057168,88.1335
0.057172,88.1335
0.057176,88.208
0.05718,88.1335
0.057184,88.1335
0.057188,88.208
0.057192,88.208
0.057196,88.208
0.0572,88.208
0.057204,88.208
0.057208,88.208
0.057212,88.1335
0.057216,88.1335
0.05722,88.208
0.057224,88.1335
0.057228,88.208
0.057232,88.208
0.057236,88.208
0.05724,88.1335
0.057244,88.208
0.057248,88.208
0.057252,88.208
0.057256,88.208
0.05726,88.208
0.057264,88.208
0.057268,88.1335
0.057272,88.208
0.057276,88.208
0.05728,88.208
0.057284,88.208
0.057288,88.1335
0.057292,88.208
0.057296,88.1335
0.0573,88.208
0.057304,88.208
0.057308,88.208
0.057312,88.208
0.057316,88.208
0.05732,88.208
0.057324,88.208
0.057328,88.208
0.057332,88.208
0.057336,88.208
0.05734,88.208
0.057344,88.208
0.057348,88.208
0.057352,88.208
0.057356,88.208
0.05736,88.208
0.057364,88.208
0.057368,88.208
0.057372,88.208
0.057376,88.208
0.05738,88.208
0.057384,88.208
0.057388,88.208
0.057392,88.208
0.057396,88.208
0.0574,88.208
0.057404,88.208
0.057408,88.208
0.057412,88.208
0.057416,88.2825
0.05742,88.208
0.057424,88.208
0.057428,88.2825
0.057432,88.208
0.057436,88.208
0.05744,88.2825
0.057444,88.208
0.057448,88.208
0.057452,88.208
0.057456,88.2825
0.05746,88.208
0.057464,88.2825
0.057468,88.208
0.057472,88.208
0.057476,88.2825
0.05748,88.2825
0.057484,88.208
0.057488,88.208
0.057492,88.208
0.057496,88.208
0.0575,88.208
0.057504,88.2825
0.057508,88.2825
0.057512,88.208
0.057516,88.2825
0.05752,88.2825
0.057524,88.2825
0.057528,88.2825
0.057532,88.2825
0.057536,88.208
0.05754,88.2825
0.057544,88.2825
0.057548,88.2825
0.057552,88.2825
0.057556,88.2825
0.05756,88.2825
0.057564,88.2825
0.057568,88.208
0.057572,88.2825
0.057576,88.2825
0.05758,88.2825
0.057584,88.2825
0.057588,88.2825
0.057592,88.2825
0.057596,88.2825
0.0576,88.2825
0.057604,88.2825
0.057608,88.2825
0.057612,88.2825
0.057616,88.2825
0.05762,88.2825
0.057624,88.2825
0.057628,88.2825
0.057632,88.2825
0.057636,88.2825
0.05764,88.2825
0.057644,88.2825
0.057648,88.2825
0.057652,88.2825
0.057656,88.2825
0.05766,88.2825
0.057664,88.2825
0.057668,88.2825
0.057672,88.2825
0.057676,88.2825
0.05768,88.357
0.057684,88.2825
0.057688,88.2825
0.057692,88.357
0.057696,88.2825
0.0577,88.357
0.057704,88.2825
0.057708,88.2825
0.057712,88.2825
0.057716,88.2825
0.05772,88.357
0.057724,88.2825
0.057728,88.2825
0.057732,88.2825
0.057736,88.2825
0.05774,88.2825
0.057744,88.2825
0.057748,88.2825
0.057752,88.2825
0.057756,88.2825
0.05776,88.2825
0.057764,88.2825
0.057768,88.2825
0.057772,88.2825
0.057776,88.2825
0.05778,88.2825
0.057784,88.2825
0.057788,88.2825
0.057792,88.357
0.057796,88.2825
0.0578,88.2825
0.057804,88.357
0.057808,88.2825
0.057812,88.2825
0.057816,88.2825
0.05782,88.2825
0.057824,88.2825
0.057828,88.2825
0.057832,88.357
0.057836,88.2825
0.05784,88.2825
0.057844,88.2825
0.057848,88.2825
0.057852,88.357
0.057856,88.2825
0.05786,88.357
0.057864,88.2825
0.057868,88.357
0.057872,88.357
0.057876,88.2825
0.05788,88.2825
0.057884,88.357
0.057888,88.357
0.057892,88.357
0.057896,88.357
0.0579,88.357
0.057904,88.357
0.057908,88.2825
0.057912,88.2825
0.057916,88.357
0.05792,88.357
0.057924,88.357
0.057928,88.2825
0.057932,88.357
0.057936,88.2825
0.05794,88.357
0.057944,88.2825
0.057948,88.357
0.057952,88.357
0.057956,88.357
0.05796,88.357
0.057964,88.357
0.057968,88.357
0.057972,88.357
0.057976,88.357
0.05798,88.357
0.057984,88.357
0.057988,88.357
0.057992,88.357
0.057996,88.357
0.058,88.357
0.058004,88.357
0.058008,88.357
0.058012,88.357
0.058016,88.357
0.05802,88.357
0.058024,88.357
0.058028,88.357
0.058032,88.357
0.058036,88.357
0.05804,88.357
0.058044,88.357
0.058048,88.357
0.058052,88.357
0.058056,88.4315
0.05806,88.4315
0.058064,88.357
0.058068,88.357
0.058072,88.357
0.058076,88.4315
0.05808,88.357
0.058084,88.357
0.058088,88.4315
0.058092,88.357
0.058096,88.357
0.0581,88.357
0.058104,88.357
0.058108,88.4315
0.058112,88.4315
0.058116,88.4315
0.05812,88.357
0.058124,88.4315
0.058128,88.357
0.058132,88.357
0.058136,88.4315
0.05814,88.4315
0.058144,88.357
0.058148,88.4315
0.058152,88.4315
0.058156,88.357
0.05816,88.357
0.058164,88.4315
0.058168,88.357
0.058172,88.4315
0.058176,88.357
0.05818,88.4315
0.058184,88.357
0.058188,88.357
0.058192,88.4315
0.058196,88.4315
0.0582,88.4315
0.058204,88.357
0.058208,88.4315
0.058212,88.4315
0.058216,88.4315
0.05822,88.4315
0.058224,88.4315
0.058228,88.4315
0.058232,88.4315
0.058236,88.357
0.05824,88.4315
0.058244,88.357
0.058248,88.4315
0.058252,88.4315
0.058256,88.4315
0.05826,88.4315
0.058264,88.4315
0.058268,88.357
0.058272,88.4315
0.058276,88.4315
0.05828,88.357
0.058284,88.506
0.058288,88.4315
0.058292,88.4315
0.058296,88.4315
0.0583,88.4315
0.058304,88.4315
0.058308,88.4315
0.058312,88.4315
0.058316,88.4315
0.05832,88.4315
0.058324,88.4315
0.058328,88.4315
0.058332,88.4315
0.058336,88.4315
0.05834,88.506
0.058344,88.4315
0.058348,88.4315
0.058352,88.4315
0.058356,88.506
0.05836,88.4315
0.058364,88.4315
0.058368,88.4315
0.058372,88.506
0.058376,88.4315
0.05838,88.4315
0.058384,88.4315
0.058388,88.506
0.058392,88.4315
0.058396,88.4315
0.0584,88.506
0.058404,88.506
0.058408,88.506
0.058412,88.4315
0.058416,88.4315
0.05842,88.4315
0.058424,88.4315
0.058428,88.4315
0.058432,88.506
0.058436,88.506
0.05844,88.4315
0.058444,88.4315
0.058448,88.4315
0.058452,88.506
0.058456,88.506
0.05846,88.506
0.058464,88.4315
0.058468,88.4315
0.058472,88.506
0.058476,88.506
0.05848,88.4315
0.058484,88.506
0.058488,88.506
0.058492,88.506
0.058496,88.506
0.0585,88.4315
0.058504,88.4315
0.058508,88.506
0.058512,88.506
0.058516,88.4315
0.05852,88.4315
0.058524,88.4315
0.058528,88.4315
0.058532,88.506
0.058536,88.4315
0.05854,88.506
0.058544,88.506
0.058548,88.4315
0.058552,88.506
0.058556,88.506
0.05856,88.506
0.058564,88.506
0.058568,88.506
0.058572,88.506
0.058576,88.4315
0.05858,88.506
0.058584,88.506
0.058588,88.506
0.058592,88.506
0.058596,88.506
0.0586,88.4315
0.058604,88.506
0.058608,88.506
0.058612,88.506
0.058616,88.506
0.05862,88.4315
0.058624,88.506
0.058628,88.506
0.058632,88.506
0.058636,88.506
0.05864,88.506
0.058644,88.506
0.058648,88.506
0.058652,88.506
0.058656,88.506
0.05866,88.506
0.058664,88.506
0.058668,88.506
0.058672,88.506
0.058676,88.506
0.05868,88.506
0.058684,88.506
0.058688,88.506
0.058692,88.506
0.058696,88.506
0.0587,88.506
0.058704,88.506
0.058708,88.506
0.058712,88.506
0.058716,88.506
0.05872,88.506
0.058724,88.506
0.058728,88.506
0.058732,88.506
0.058736,88.506
0.05874,88.506
0.058744,88.506
0.058748,88.506
0.058752,88.506
0.058756,88.506
0.05876,88.506
0.058764,88.506
0.058768,88.5805
0.058772,88.506
0.058776,88.506
0.05878,88.506
0.058784,88.506
0.058788,88.506
0.058792,88.5805
0.058796,88.506
0.0588,88.506
0.058804,88.506
0.058808,88.5805
0.058812,88.506
0.058816,88.506
0.05882,88.506
0.058824,88.506
0.058828,88.506
0.058832,88.5805
0.058836,88.506
0.05884,88.506
0.058844,88.506
0.058848,88.506
0.058852,88.506
0.058856,88.506
0.05886,88.506
0.058864,88.506
0.058868,88.506
0.058872,88.5805
0.058876,88.506
0.05888,88.5805
0.058884,88.5805
0.058888,88.5805
0.058892,88.5805
0.058896,88.506
0.0589,88.506
0.058904,88.5805
0.058908,88.506
0.058912,88.5805
0.058916,88.5805
0.05892,88.506
0.058924,88.5805
0.058928,88.5805
0.058932,88.5805
0.058936,88.5805
0.05894,88.5805
0.058944,88.5805
0.058948,88.5805
0.058952,88.5805
0.058956,88.5805
0.05896,88.5805
0.058964,88.5805
0.058968,88.5805
0.058972,88.5805
0.058976,88.5805
0.05898,88.5805
0.058984,88.5805
0.058988,88.5805
0.058992,88.5805
0.058996,88.5805
0.059,88.506
0.059004,88.5805
0.059008,88.5805
0.059012,88.5805
0.059016,88.5805
0.05902,88.5805
0.059024,88.5805
0.059028,88.5805
0.059032,88.5805
0.059036,88.5805
0.05904,88.5805
0.059044,88.5805
0.059048,88.5805
0.059052,88.5805
0.059056,88.655
0.05906,88.5805
0.059064,88.5805
0.059068,88.655
0.059072,88.5805
0.059076,88.5805
0.05908,88.5805
0.059084,88.655
0.059088,88.5805
0.059092,88.5805
0.059096,88.5805
0.0591,88.5805
0.059104,88.5805
0.059108,88.5805
0.059112,88.5805
0.059116,88.5805
0.05912,88.655
0.059124,88.655
0.059128,88.5805
0.059132,88.5805
0.059136,88.5805
0.05914,88.5805
0.059144,88.655
0.059148,88.655
0.059152,88.655
0.059156,88.5805
0.05916,88.5805
0.059164,88.5805
0.059168,88.655
0.059172,88.5805
0.059176,88.5805
0.05918,88.655
0.059184,88.655
0.059188,88.5805
0.059192,88.655
0.059196,88.5805
0.0592,88.5805
0.059204,88.5805
0.059208,88.655
0.059212,88.655
0.059216,88.655
0.05922,88.655
0.059224,88.655
0.059228,88.655
0.059232,88.5805
0.059236,88.5805
0.05924,88.655
0.059244,88.655
0.059248,88.655
0.059252,88.5805
0.059256,88.655
0.05926,88.5805
0.059264,88.5805
0.059268,88.5805
0.059272,88.5805
0.059276,88.655
0.05928,88.655
0.059284,88.5805
0.059288,88.5805
0.059292,88.5805
0.059296,88.5805
0.0593,88.5805
0.059304,88.655
0.059308,88.655
0.059312,88.655
0.059316,88.655
0.05932,88.655
0.059324,88.655
0.059328,88.655
0.059332,88.5805
0.059336,88.655
0.05934,88.655
0.059344,88.655
0.059348,88.5805
0.059352,88.5805
0.059356,88.655
0.05936,88.655
0.059364,88.655
0.059368,88.655
0.059372,88.5805
0.059376,88.655
0.05938,88.655
0.059384,88.655
0.059388,88.655
0.059392,88.655
0.059396,88.655
0.0594,88.655
0.059404,88.655
0.059408,88.655
0.059412,88.7295
0.059416,88.7295
0.05942,88.655
0.059424,88.655
0.059428,88.655
0.059432,88.655
0.059436,88.655
0.05944,88.655
0.059444,88.655
0.059448,88.7295
0.059452,88.655
0.059456,88.655
0.05946,88.655
0.059464,88.655
0.059468,88.655
0.059472,88.7295
0.059476,88.7295
0.05948,88.655
0.059484,88.655
0.059488,88.655
0.059492,88.655
0.059496,88.655
0.0595,88.655
0.059504,88.7295
0.059508,88.655
0.059512,88.655
0.059516,88.655
0.05952,88.655
0.059524,88.655
0.059528,88.7295
0.059532,88.7295
0.059536,88.655
0.05954,88.655
0.059544,88.7295
0.059548,88.655
0.059552,88.655
0.059556,88.655
0.05956,88.7295
0.059564,88.7295
0.059568,88.655
0.059572,88.655
0.059576,88.7295
0.05958,88.655
0.059584,88.7295
0.059588,88.7295
0.059592,88.655
0.059596,88.7295
0.0596,88.7295
0.059604,88.7295
0.059608,88.655
0.059612,88.655
0.059616,88.7295
0.05962,88.5805
0.059624,86.79249999999999
0.059628,85.3025
0.059632,84.55749999999999
0.059636,84.63199999999999
0.05964,85.377
0.059644,86.79249999999999
0.059648,88.8785
0.059652,90.8155
0.059656,91.78399999999999
0.05966,91.63499999999999
0.059664,90.3685
0.059668,88.7295
0.059672,87.463
0.059676,87.01599999999999
0.05968,87.3885
0.059684,88.4315
0.059688,89.62349999999999
0.059692,90.3685
0.059696,90.443
0.0597,90.0705
0.059704,89.02749999999999
0.059708,88.208
0.059712,87.761
0.059716,87.761
0.05972,88.2825
0.059724,89.02749999999999
0.059728,89.32549999999999
0.059732,89.698
0.059736,89.62349999999999
0.05974,89.17649999999999
0.059744,88.804
0.059748,88.4315
0.059752,88.506
0.059756,88.655
0.05976,88.804
0.059764,88.8785
0.059768,88.8785
0.059772,88.7295
0.059776,88.7295
0.05978,88.655
0.059784,88.655
0.059788,88.7295
0.059792,88.8785
0.059796,88.953
0.0598,88.8785
0.059804,88.804
0.059808,88.7295
0.059812,88.7295
0.059816,88.7295
0.05982,88.804
0.059824,88.8785
0.059828,88.8785
0.059832,88.804
0.059836,88.7295
0.05984,88.7295
0.059844,88.7295
0.059848,88.7295
0.059852,88.804
0.059856,88.8785
0.05986,88.8785
0.059864,88.804
0.059868,88.7295
0.059872,88.7295
0.059876,88.7295
0.05988,88.804
0.059884,88.804
0.059888,88.804
0.059892,88.804
0.059896,88.7295
0.0599,88.7295
0.059904,88.7295
0.059908,88.7295
0.059912,88.804
0.059916,88.804
0.05992,88.8785
0.059924,88.804
0.059928,88.7295
0.059932,88.7295
0.059936,88.7295
0.05994,88.804
0.059944,88.804
0.059948,88.8785
0.059952,88.804
0.059956,88.804
0.05996,88.804
0.059964,88.804
0.059968,88.804
0.059972,88.804
0.059976,88.804
0.05998,88.804
0.059984,88.804
0.059988,88.804
0.059992,88.804
0.059996,88.804
0.06,88.804
0.060004,88.804
0.060008,88.804
0.060012,88.804
0.060016,88.804
0.06002,88.7295
0.060024,88.804
0.060028,88.7295
0.060032,88.804
0.060036,88.8785
0.06004,88.804
0.060044,88.7295
0.060048,88.7295
0.060052,88.804
0.060056,88.7295
0.06006,88.804
0.060064,88.804
0.060068,88.8785
0.060072,88.804
0.060076,88.8785
0.06008,88.804
0.060084,88.804
0.060088,88.804
0.060092,88.8785
0.060096,88.8785
0.0601,88.804
0.060104,88.804
0.060108,88.804
0.060112,88.804
0.060116,88.804
0.06012,88.804
0.060124,88.804
0.060128,88.804
0.060132,88.804
0.060136,88.8785
0.06014,88.804
0.060144,88.804
0.060148,88.804
0.060152,88.804
0.060156,88.804
0.06016,88.8785
0.060164,88.804
0.060168,88.804
0.060172,88.804
0.060176,88.804
0.06018,88.804
0.060184,88.804
0.060188,88.804
0.060192,88.8785
0.060196,88.8785
0.0602,88.804
0.060204,88.804
0.060208,88.8785
0.060212,88.8785
0.060216,88.804
0.06022,88.804
0.060224,88.8785
0.060228,88.8785
0.060232,88.804
0.060236,88.8785
0.06024,88.804
0.060244,88.8785
0.060248,88.804
0.060252,88.804
0.060256,88.804
0.06026,88.804
0.060264,88.804
0.060268,88.804
0.060272,88.804
0.060276,88.804
0.06028,88.804
0.060284,88.804
0.060288,88.8785
0.060292,88.804
0.060296,88.804
0.0603,88.804
0.060304,88.8785
0.060308,88.804
0.060312,88.8785
0.060316,88.804
0.06032,88.804
0.060324,88.804
0.060328,88.804
0.060332,88.804
0.060336,88.804
0.06034,88.8785
0.060344,88.804
0.060348,88.8785
0.060352,88.8785
0.060356,88.8785
0.06036,88.804
0.060364,88.8785
0.060368,88.804
0.060372,88.804
0.060376,88.8785
0.06038,88.804
0.060384,88.8785
0.060388,88.8785
0.060392,88.804
0.060396,88.804
0.0604,88.804
0.060404,88.8785
0.060408,88.804
0.060412,88.8785
0.060416,88.804
0.06042,88.804
0.060424,88.804
0.060428,88.8785
0.060432,88.8785
0.060436,88.8785
0.06044,88.8785
0.060444,88.804
0.060448,88.804
0.060452,88.8785
0.060456,88.804
0.06046,88.804
0.060464,88.8785
0.060468,88.8785
0.060472,88.8785
0.060476,88.804
0.06048,88.8785
0.060484,88.8785
0.060488,88.8785
0.060492,88.8785
0.060496,88.8785
0.0605,88.8785
0.060504,88.8785
0.060508,88.8785
0.060512,88.8785
0.060516,88.8785
0.06052,88.804
0.060524,88.8785
0.060528,88.8785
0.060532,88.8785
0.060536,88.8785
0.06054,88.804
0.060544,88.8785
0.060548,88.8785
0.060552,88.8785
0.060556,88.8785
0.06056,88.8785
0.060564,88.8785
0.060568,88.8785
0.060572,88.8785
0.060576,88.8785
0.06058,88.804
0.060584,88.8785
0.060588,88.8785
0.060592,88.8785
0.060596,88.8785
0.0606,88.8785
0.060604,88.8785
0.060608,88.8785
0.060612,88.8785
0.060616,88.8785
0.06062,88.8785
0.060624,88.8785
0.060628,88.8785
0.060632,88.8785
0.060636,88.8785
0.06064,88.8785
0.060644,88.8785
0.060648,88.8785
0.060652,88.8785
0.060656,88.8785
0.06066,88.8785
0.060664,88.8785
0.060668,88.8785
0.060672,88.8785
0.060676,88.8785
0.06068,88.8785
0.060684,88.953
0.060688,88.8785
0.060692,88.8785
0.060696,88.953
0.0607,88.8785
0.060704,88.8785
0.060708,88.8785
0.060712,88.8785
0.060716,88.8785
0.06072,88.953
0.060724,88.8785
0.060728,88.953
0.060732,88.8785
0.060736,88.8785
0.06074,88.8785
0.060744,88.953
0.060748,88.8785
0.060752,88.953
0.060756,88.8785
0.06076,88.8785
0.060764,88.953
0.060768,88.953
0.060772,88.8785
0.060776,88.8785
0.06078,88.953
0.060784,88.953
0.060788,88.8785
0.060792,88.8785
0.060796,88.8785
0.0608,88.953
0.060804,88.8785
0.060808,88.8785
0.060812,88.953
0.060816,88.8785
0.06082,88.953
0.060824,88.8785
0.060828,88.8785
0.060832,88.8785
0.060836,88.953
0.06084,88.8785
0.060844,88.953
0.060848,88.953
0.060852,88.953
0.060856,88.8785
0.06086,88.8785
0.060864,88.8785
0.060868,88.953
0.060872,88.953
0.060876,88.953
0.06088,88.953
0.060884,88.953
0.060888,88.8785
0.060892,88.953
0.060896,88.953
0.0609,88.953
0.060904,88.8785
0.060908,88.8785
0.060912,88.8785
0.060916,88.953
0.06092,88.953
0.060924,88.953
0.060928,88.8785
0.060932,88.953
0.060936,88.953
0.06094,88.8785
0.060944,88.8785
0.060948,88.8785
0.060952,88.953
0.060956,88.953
0.06096,88.953
0.060964,88.953
0.060968,88.8785
0.060972,88.953
0.060976,88.953
0.06098,88.953
0.060984,88.953
0.060988,88.8785
0.060992,88.953
0.060996,88.953
0.061,88.953
0.061004,88.953
0.061008,88.953
0.061012,88.953
0.061016,88.953
0.06102,88.953
0.061024,88.953
0.061028,88.953
0.061032,88.953
0.061036,88.8785
0.06104,88.953
0.061044,88.8785
0.061048,88.953
0.061052,88.953
0.061056,88.953
0.06106,88.953
0.061064,88.8785
0.061068,88.953
0.061072,88.953
0.061076,88.953
0.06108,88.953
0.061084,88.953
0.061088,88.8785
0.061092,88.953
0.061096,88.953
0.0611,88.953
0.061104,88.8785
0.061108,88.953
0.061112,88.953
0.061116,88.953
0.06112,89.02749999999999
0.061124,88.953
0.061128,88.8785
0.061132,88.953
0.061136,88.8785
0.06114,88.953
0.061144,88.953
0.061148,88.953
0.061152,88.953
0.061156,88.953
0.06116,88.953
0.061164,88.953
0.061168,88.953
0.061172,88.953
0.061176,88.953
0.06118,88.953
0.061184,88.953
0.061188,88.953
0.061192,88.8785
0.061196,88.953
0.0612,88.953
0.061204,88.953
0.061208,88.953
0.061212,88.953
0.061216,89.02749999999999
0.06122,88.953
0.061224,88.953
0.061228,88.953
0.061232,88.953
0.061236,88.953
0.06124,88.953
0.061244,88.953
0.061248,88.953
0.061252,88.953
0.061256,88.953
0.06126,88.953
0.061264,88.953
0.061268,88.953
0.061272,88.953
0.061276,88.953
0.06128,88.953
0.061284,88.953
0.061288,88.953
0.061292,88.953
0.061296,88.953
0.0613,88.953
0.061304,88.953
0.061308,88.953
0.061312,88.953
0.061316,88.953
0.06132,88.953
0.061324,89.02749999999999
0.061328,89.02749999999999
0.061332,88.953
0.061336,89.02749999999999
0.06134,88.953
0.061344,88.953
0.061348,88.953
0.061352,88.953
0.061356,88.953
0.06136,89.02749999999999
0.061364,88.953
0.061368,88.953
0.061372,89.02749999999999
0.061376,88.953
0.06138,89.02749999999999
0.061384,88.953
0.061388,89.02749999999999
0.061392,88.953
0.061396,89.02749999999999
0.0614,89.02749999999999
0.061404,89.02749999999999
0.061408,88.953
0.061412,89.02749999999999
0.061416,89.02749999999999
0.06142,89.02749999999999
0.061424,89.02749999999999
0.061428,89.02749999999999
0.061432,88.953
0.061436,88.953
0.06144,88.953
0.061444,89.02749999999999
0.061448,88.953
0.061452,89.02749999999999
0.061456,89.02749999999999
0.06146,89.02749999999999
0.061464,89.02749999999999
0.061468,88.953
0.061472,89.02749999999999
0.061476,88.953
0.06148,89.02749999999999
0.061484,88.953
0.061488,88.953
0.061492,89.02749999999999
0.061496,89.02749999999999
0.0615,88.953
0.061504,88.953
0.061508,88.953
0.061512,89.02749999999999
0.061516,89.02749999999999
0.06152,88.953
0.061524,88.953
0.061528,89.02749999999999
0.061532,89.02749999999999
0.061536,89.02749999999999
0.06154,89.02749999999999
0.061544,88.953
0.061548,89.02749999999999
0.061552,89.02749999999999
0.061556,89.02749999999999
0.06156,88.953
0.061564,89.02749999999999
0.061568,89.02749999999999
0.061572,89.02749999999999
0.061576,88.953
0.06158,89.02749999999999
0.061584,89.02749999999999
0.061588,89.02749999999999
0.061592,89.02749999999999
0.061596,89.02749999999999
0.0616,89.02749999999999
0.061604,88.953
0.061608,89.02749999999999
0.061612,89.02749999999999
0.061616,89.02749999999999
0.06162,89.02749999999999
0.061624,89.02749999999999
0.061628,89.02749999999999
0.061632,89.02749999999999
0.061636,89.02749999999999
0.06164,89.02749999999999
0.061644,89.02749999999999
0.061648,89.02749999999999
0.061652,89.02749999999999
0.061656,89.02749999999999
0.06166,89.02749999999999
0.061664,89.02749999999999
0.061668,89.02749999999999
0.061672,89.02749999999999
0.061676,89.02749999999999
0.06168,89.02749999999999
0.061684,89.02749999999999
0.061688,89.02749999999999
0.061692,88.953
0.061696,89.02749999999999
0.0617,89.02749999999999
0.061704,89.02749999999999
0.061708,89.02749999999999
0.061712,89.02749999999999
0.061716,89.02749999999999
0.06172,89.02749999999999
0.061724,89.02749999999999
0.061728,89.02749999999999
0.061732,89.02749999999999
0.061736,89.02749999999999
0.06174,89.02749999999999
0.061744,89.02749999999999
0.061748,89.02749999999999
0.061752,89.02749999999999
0.061756,89.02749999999999
0.06176,89.02749999999999
0.061764,89.02749999999999
0.061768,89.02749999999999
0.061772,89.02749999999999
0.061776,89.02749999999999
0.06178,89.02749999999999
0.061784,89.02749999999999
0.061788,89.02749999999999
0.061792,88.953
0.061796,89.02749999999999
0.0618,89.02749999999999
0.061804,89.02749999999999
0.061808,89.02749999999999
0.061812,89.02749999999999
0.061816,89.02749999999999
0.06182,89.02749999999999
0.061824,89.02749999999999
0.061828,88.953
0.061832,89.02749999999999
0.061836,89.02749999999999
0.06184,89.02749999999999
0.061844,89.02749999999999
0.061848,89.02749999999999
0.061852,89.02749999999999
0.061856,89.02749999999999
0.06186,89.02749999999999
0.061864,89.02749999999999
0.061868,89.02749999999999
0.061872,89.02749999999999
0.061876,89.10199999999999
0.06188,89.02749999999999
0.061884,89.02749999999999
0.061888,89.02749999999999
0.061892,89.02749999999999
0.061896,89.02749999999999
0.0619,89.10199999999999
0.061904,89.02749999999999
0.061908,89.10199999999999
0.061912,89.02749999999999
0.061916,89.02749999999999
0.06192,89.02749999999999
0.061924,89.02749999999999
0.061928,89.02749999999999
0.061932,89.02749999999999
0.061936,89.02749999999999
0.06194,89.02749999999999
0.061944,89.02749999999999
0.061948,89.02749999999999
0.061952,89.02749999999999
0.061956,89.02749999999999
0.06196,89.02749999999999
0.061964,89.10199999999999
0.061968,89.02749999999999
0.061972,89.02749999999999
0.061976,89.02749999999999
0.06198,89.02749999999999
0.061984,89.02749999999999
0.061988,89.02749999999999
0.061992,89.02749999999999
0.061996,89.02749999999999
0.062,89.02749999999999
0.062004,89.02749999999999
0.062008,89.02749999999999
0.062012,89.02749999999999
0.062016,89.02749999999999
0.06202,89.02749999999999
0.062024,89.02749999999999
0.062028,89.02749999999999
0.062032,89.02749999999999
0.062036,89.02749999999999
0.06204,89.02749999999999
0.062044,89.02749999999999
0.062048,89.02749999999999
0.062052,89.02749999999999
0.062056,89.02749999999999
0.06206,89.02749999999999
0.062064,89.02749999999999
0.062068,89.02749999999999
0.062072,89.02749999999999
0.062076,89.02749999999999
0.06208,89.02749999999999
0.062084,89.10199999999999
0.062088,89.02749999999999
0.062092,89.02749999999999
0.062096,89.02749999999999
0.0621,89.02749999999999
0.062104,89.02749999999999
0.062108,89.02749999999999
0.062112,89.02749999999999
0.062116,89.02749999999999
0.06212,89.10199999999999
0.062124,89.02749999999999
0.062128,89.02749999999999
0.062132,89.02749999999999
0.062136,89.02749999999999
0.06214,89.02749999999999
0.062144,89.02749999999999
0.062148,89.02749999999999
0.062152,89.02749999999999
0.062156,89.02749999999999
0.06216,89.02749999999999
0.062164,89.10199999999999
0.062168,89.02749999999999
0.062172,89.02749999999999
0.062176,89.10199999999999
0.06218,89.02749999999999
0.062184,89.02749999999999
0.062188,89.02749999999999
0.062192,89.02749999999999
0.062196,89.02749999999999
0.0622,89.02749999999999
0.062204,89.02749999999999
0.062208,89.10199999999999
0.062212,89.02749999999999
0.062216,89.02749999999999
0.06222,89.02749999999999
0.062224,89.02749999999999
0.062228,89.02749999999999
0.062232,89.02749999999999
0.062236,89.02749999999999
0.06224,89.02749999999999
0.062244,89.02749999999999
0.062248,89.02749999999999
0.062252,89.02749999999999
0.062256,89.02749999999999
0.06226,89.02749999999999
0.062264,89.02749999999999
0.062268,89.10199999999999
0.062272,89.10199999999999
0.062276,89.02749999999999
0.06228,89.02749999999999
0.062284,89.02749999999999
0.062288,89.02749999999999
0.062292,89.02749999999999
0.062296,89.02749999999999
0.0623,89.02749999999999
0.062304,89.02749999999999
0.062308,89.02749999999999
0.062312,89.02749999999999
0.062316,89.02749999999999
0.06232,89.02749999999999
0.062324,89.02749999999999
0.062328,89.02749999999999
0.062332,89.10199999999999
0.062336,89.02749999999999
0.06234,89.02749999999999
0.062344,89.02749999999999
0.062348,89.02749999999999
0.062352,89.02749999999999
0.062356,89.02749999999999
0.06236,89.02749999999999
0.062364,89.10199999999999
0.062368,89.02749999999999
0.062372,89.02749999999999
0.062376,89.10199999999999
0.06238,89.02749999999999
0.062384,89.02749999999999
0.062388,89.10199999999999
0.062392,89.02749999999999
0.062396,89.10199999999999
0.0624,89.10199999999999
0.062404,89.02749999999999
0.062408,89.10199999999999
0.062412,89.10199999999999
0.062416,89.02749999999999
0.06242,89.02749999999999
0.062424,89.02749999999999
0.062428,89.02749999999999
0.062432,89.02749999999999
0.062436,89.02749999999999
0.06244,89.02749999999999
0.062444,89.10199999999999
0.062448,89.02749999999999
0.062452,89.02749999999999
0.062456,89.02749999999999
0.06246,89.10199999999999
0.062464,89.10199999999999
0.062468,89.02749999999999
0.062472,89.10199999999999
0.062476,89.10199999999999
0.06248,89.02749999999999
0.062484,89.10199999999999
0.062488,89.02749999999999
0.062492,89.10199999999999
0.062496,89.10199999999999
0.0625,89.02749999999999
0.062504,89.10199999999999
0.062508,89.02749999999999
0.062512,89.02749999999999
0.062516,89.10199999999999
0.06252,89.10199999999999
0.062524,89.10199999999999
0.062528,89.02749999999999
0.062532,89.02749999999999
0.062536,89.10199999999999
0.06254,89.10199999999999
0.062544,89.10199999999999
0.062548,89.02749999999999
0.062552,89.10199999999999
0.062556,89.10199999999999
0.06256,89.02749999999999
0.062564,89.02749999999999
0.062568,89.10199999999999
0.062572,89.02749999999999
0.062576,89.10199999999999
0.06258,89.10199999999999
0.062584,89.10199999999999
0.062588,89.02749999999999
0.062592,89.02749999999999
0.062596,89.10199999999999
0.0626,89.02749999999999
0.062604,89.10199999999999
0.062608,89.10199999999999
0.062612,89.10199999999999
0.062616,89.02749999999999
0.06262,89.02749999999999
0.062624,89.02749999999999
0.062628,89.02749999999999
0.062632,89.10199999999999
0.062636,89.02749999999999
0.06264,89.10199999999999
0.062644,89.02749999999999
0.062648,89.10199999999999
0.062652,89.10199999999999
0.062656,89.10199999999999
0.06266,89.10199999999999
0.062664,89.10199999999999
0.062668,89.10199999999999
0.062672,89.02749999999999
0.062676,89.10199999999999
0.06268,89.02749999999999
0.062684,89.10199999999999
0.062688,89.10199999999999
0.062692,89.10199999999999
0.062696,89.02749999999999
0.0627,89.02749999999999
0.062704,89.02749999999999
0.062708,89.10199999999999
0.062712,89.10199999999999
0.062716,89.10199999999999
0.06272,89.10199999999999
0.062724,89.10199999999999
0.062728,89.10199999999999
0.062732,89.10199999999999
0.062736,89.10199999999999
0.06274,89.10199999999999
0.062744,89.10199999999999
0.062748,89.02749999999999
0.062752,89.10199999999999
0.062756,89.02749999999999
0.06276,89.10199999999999
0.062764,89.10199999999999
0.062768,89.02749999999999
0.062772,89.10199999999999
0.062776,89.10199999999999
0.06278,89.10199999999999
0.062784,89.10199999999999
0.062788,89.10199999999999
0.062792,89.10199999999999
0.062796,89.10199999999999
0.0628,89.10199999999999
0.062804,89.02749999999999
0.062808,89.02749999999999
0.062812,89.10199999999999
0.062816,89.10199999999999
0.06282,89.10199999999999
0.062824,89.10199999999999
0.062828,89.10199999999999
0.062832,89.10199999999999
0.062836,89.10199999999999
0.06284,89.10199999999999
0.062844,89.10199999999999
0.062848,89.10199999999999
0.062852,89.10199999999999
0.062856,89.10199999999999
0.06286,89.10199999999999
0.062864,89.10199999999999
0.062868,89.10199999999999
0.062872,89.10199999999999
0.062876,89.10199999999999
0.06288,89.10199999999999
0.062884,89.10199999999999
0.062888,89.10199999999999
0.062892,89.10199999999999
0.062896,89.10199999999999
0.0629,89.10199999999999
0.062904,89.10199999999999
0.062908,89.10199999999999
0.062912,89.10199999999999
0.062916,89.10199999999999
0.06292,89.02749999999999
0.062924,89.10199999999999
0.062928,89.10199999999999
0.062932,89.10199999999999
0.062936,89.02749999999999
0.06294,89.10199999999999
0.062944,89.10199999999999
0.062948,89.10199999999999
0.062952,89.10199999999999
0.062956,89.10199999999999
0.06296,89.10199999999999
0.062964,89.10199999999999
0.062968,89.10199999999999
0.062972,89.10199999999999
0.062976,89.10199999999999
0.06298,89.02749999999999
0.062984,89.10199999999999
0.062988,89.10199999999999
0.062992,89.10199999999999
0.062996,89.10199999999999
0.063,89.10199999999999
0.063004,89.10199999999999
0.063008,89.10199999999999
0.063012,89.10199999999999
0.063016,89.10199999999999
0.06302,89.10199999999999
0.063024,89.10199999999999
0.063028,89.10199999999999
0.063032,89.10199999999999
0.063036,89.10199999999999
0.06304,89.10199999999999
0.063044,89.10199999999999
0.063048,89.10199999999999
0.063052,89.10199999999999
0.063056,89.10199999999999
0.06306,89.10199999999999
0.063064,89.10199999999999
0.063068,89.10199999999999
0.063072,89.10199999999999
0.063076,89.10199999999999
0.06308,89.10199999999999
0.063084,89.10199999999999
0.063088,89.10199999999999
0.063092,89.10199999999999
0.063096,89.10199999999999
0.0631,89.10199999999999
0.063104,89.10199999999999
0.063108,89.10199999999999
0.063112,89.10199999999999
0.063116,89.10199999999999
0.06312,89.10199999999999
0.063124,89.10199999999999
0.063128,89.10199999999999
0.063132,89.10199999999999
0.063136,89.10199999999999
0.06314,89.17649999999999
0.063144,89.02749999999999
0.063148,89.10199999999999
0.063152,89.10199999999999
0.063156,89.10199999999999
0.06316,89.10199999999999
0.063164,89.10199999999999
0.063168,89.10199999999999
0.063172,89.10199999999999
0.063176,89.10199999999999
0.06318,89.10199999999999
0.063184,89.17649999999999
0.063188,89.10199999999999
0.063192,89.10199999999999
0.063196,89.10199999999999
0.0632,89.10199999999999
0.063204,89.10199999999999
0.063208,89.10199999999999
0.063212,89.10199999999999
0.063216,89.10199999999999
0.06322,89.10199999999999
0.063224,89.10199999999999
0.063228,89.10199999999999
0.063232,89.10199999999999
0.063236,89.10199999999999
0.06324,89.10199999999999
0.063244,89.10199999999999
0.063248,89.10199999999999
0.063252,89.10199999999999
0.063256,89.10199999999999
0.06326,89.10199999999999
0.063264,89.10199999999999
0.063268,89.10199999999999
0.063272,89.10199999999999
0.063276,89.02749999999999
0.06328,89.10199999999999
0.063284,89.10199999999999
0.063288,89.10199999999999
0.063292,89.10199999999999
0.063296,89.17649999999999
0.0633,89.10199999999999
0.063304,89.10199999999999
0.063308,89.10199999999999
0.063312,89.10199999999999
0.063316,89.10199999999999
0.06332,89.10199999999999
0.063324,89.10199999999999
0.063328,89.10199999999999
0.063332,89.02749999999999
0.063336,89.10199999999999
0.06334,89.10199999999999
0.063344,89.10199999999999
0.063348,89.10199999999999
0.063352,89.10199999999999
0.063356,89.10199999999999
0.06336,89.10199999999999
0.063364,89.10199999999999
0.063368,89.10199999999999
0.063372,89.10199999999999
0.063376,89.10199999999999
0.06338,89.10199999999999
0.063384,89.02749999999999
0.063388,89.10199999999999
0.063392,89.10199999999999
0.063396,89.10199999999999
0.0634,89.10199999999999
0.063404,89.10199999999999
0.063408,89.10199999999999
0.063412,89.10199999999999
0.063416,89.10199999999999
0.06342,89.10199999999999
0.063424,89.10199999999999
0.063428,89.10199999999999
0.063432,89.02749999999999
0.063436,89.10199999999999
0.06344,89.02749999999999
0.063444,89.10199999999999
0.063448,89.02749999999999
0.063452,89.10199999999999
0.063456,89.10199999999999
0.06346,89.10199999999999
0.063464,89.10199999999999
0.063468,89.10199999999999
0.063472,89.10199999999999
0.063476,89.10199999999999
0.06348,89.10199999999999
0.063484,89.10199999999999
0.063488,89.10199999999999
0.063492,89.10199999999999
0.063496,89.10199999999999
0.0635,89.10199999999999
0.063504,89.10199999999999
0.063508,89.10199999999999
0.063512,89.10199999999999
0.063516,89.10199999999999
0.06352,89.10199999999999
0.063524,89.10199999999999
0.063528,89.10199999999999
0.063532,89.10199999999999
0.063536,89.10199999999999
0.06354,89.10199999999999
0.063544,89.10199999999999
0.063548,89.10199999999999
0.063552,89.02749999999999
0.063556,89.10199999999999
0.06356,89.10199999999999
0.063564,89.10199999999999
0.063568,89.10199999999999
0.063572,89.10199999999999
0.063576,89.10199999999999
0.06358,89.10199999999999
0.063584,89.10199999999999
0.063588,89.10199999999999
0.063592,89.10199999999999
0.063596,89.10199999999999
0.0636,89.10199999999999
0.063604,89.10199999999999
0.063608,89.10199999999999
0.063612,89.10199999999999
0.063616,89.10199999999999
0.06362,89.10199999999999
0.063624,89.10199999999999
0.063628,89.10199999999999
0.063632,89.10199999999999
0.063636,89.10199999999999
0.06364,89.10199999999999
0.063644,89.10199999999999
0.063648,89.10199999999999
0.063652,89.10199999999999
0.063656,89.10199999999999
0.06366,89.10199999999999
0.063664,89.10199999999999
0.063668,89.17649999999999
0.063672,89.10199999999999
0.063676,89.10199999999999
0.06368,89.10199999999999
0.063684,89.17649999999999
0.063688,89.17649999999999
0.063692,89.10199999999999
0.063696,89.10199999999999
0.0637,89.10199999999999
0.063704,89.10199999999999
0.063708,89.10199999999999
0.063712,89.10199999999999
0.063716,89.10199999999999
0.06372,89.10199999999999
0.063724,89.10199999999999
0.063728,89.10199999999999
0.063732,89.10199999999999
0.063736,89.10199999999999
0.06374,89.10199999999999
0.063744,89.10199999999999
0.063748,89.10199999999999
0.063752,89.10199999999999
0.063756,89.10199999999999
0.06376,89.10199999999999
0.063764,89.10199999999999
0.063768,89.10199999999999
0.063772,89.10199999999999
0.063776,89.10199999999999
0.06378,89.10199999999999
0.063784,89.10199999999999
0.063788,89.10199999999999
0.063792,89.10199999999999
0.063796,89.10199999999999
0.0638,89.10199999999999
0.063804,89.10199999999999
0.063808,89.10199999999999
0.063812,89.10199999999999
0.063816,89.10199999999999
0.06382,89.10199999999999
0.063824,89.10199999999999
0.063828,89.10199999999999
0.063832,89.10199999999999
0.063836,89.10199999999999
0.06384,89.10199999999999
0.063844,89.10199999999999
0.063848,89.10199999999999
0.063852,89.10199999999999
0.063856,89.10199999999999
0.06386,89.10199999999999
0.063864,89.10199999999999
0.063868,89.10199999999999
0.063872,89.10199999999999
0.063876,89.10199999999999
0.06388,89.10199999999999
0.063884,89.10199999999999
0.063888,89.10199999999999
0.063892,89.10199999999999
0.063896,89.10199999999999
0.0639,89.10199999999999
0.063904,89.10199999999999
0.063908,89.10199999999999
0.063912,89.10199999999999
0.063916,89.10199999999999
0.06392,89.17649999999999
0.063924,89.10199999999999
0.063928,89.10199999999999
0.063932,89.10199999999999
0.063936,89.10199999999999
0.06394,89.10199999999999
0.063944,89.10199999999999
0.063948,89.10199999999999
0.063952,89.10199999999999
0.063956,89.10199999999999
0.06396,89.10199999999999
0.063964,89.10199999999999
0.063968,89.10199999999999
0.063972,89.10199999999999
0.063976,89.10199999999999
0.06398,89.10199999999999
0.063984,89.10199999999999
0.063988,89.10199999999999
0.063992,89.10199999999999
0.063996,89.10199999999999
0.064,89.10199999999999
0.064004,89.10199999999999
0.064008,89.10199999999999
0.064012,89.10199999999999
0.064016,89.10199999999999
0.06402,89.10199999999999
0.064024,89.10199999999999
0.064028,89.10199999999999
0.064032,89.10199999999999
0.064036,89.10199999999999
0.06404,89.10199999999999
0.064044,89.10199999999999
0.064048,89.10199999999999
0.064052,89.10199999999999
0.064056,89.10199999999999
0.06406,89.10199999999999
0.064064,89.10199999999999
0.064068,89.10199999999999
0.064072,89.10199999999999
0.064076,89.10199999999999
0.06408,89.10199999999999
0.064084,89.10199999999999
0.064088,89.10199999999999
0.064092,89.10199999999999
0.064096,89.10199999999999
0.0641,89.10199999999999
0.064104,89.10199999999999
0.064108,89.10199999999999
0.064112,89.10199999999999
0.064116,89.17649999999999
0.06412,89.10199999999999
0.064124,89.17649999999999
0.064128,89.17649999999999
0.064132,89.17649999999999
0.064136,89.17649999999999
0.06414,89.17649999999999
0.064144,89.10199999999999
0.064148,89.10199999999999
0.064152,89.10199999999999
0.064156,89.10199999999999
0.06416,89.10199999999999
0.064164,89.10199999999999
0.064168,89.10199999999999
0.064172,89.10199999999999
0.064176,89.10199999999999
0.06418,89.10199999999999
0.064184,89.10199999999999
0.064188,89.17649999999999
0.064192,89.10199999999999
0.064196,89.17649999999999
0.0642,89.10199999999999
0.064204,89.10199999999999
0.064208,89.10199999999999
0.064212,89.10199999999999
0.064216,89.10199999999999
0.06422,89.10199999999999
0.064224,89.10199999999999
0.064228,89.17649999999999
0.064232,89.17649999999999
0.064236,89.17649999999999
0.06424,89.10199999999999
0.064244,89.10199999999999
0.064248,89.17649999999999
0.064252,89.17649999999999
0.064256,89.10199999999999
0.06426,89.10199999999999
0.064264,89.10199999999999
0.064268,89.17649999999999
0.064272,89.10199999999999
0.064276,89.17649999999999
0.06428,89.10199999999999
0.064284,89.10199999999999
0.064288,89.10199999999999
0.064292,89.17649999999999
0.064296,89.10199999999999
0.0643,89.10199999999999
0.064304,89.10199999999999
0.064308,89.10199999999999
0.064312,89.10199999999999
0.064316,89.17649999999999
0.06432,89.10199999999999
0.064324,89.10199999999999
0.064328,89.17649999999999
0.064332,89.17649999999999
0.064336,89.10199999999999
0.06434,89.10199999999999
0.064344,89.10199999999999
0.064348,89.10199999999999
0.064352,89.10199999999999
0.064356,89.17649999999999
0.06436,89.17649999999999
0.064364,89.10199999999999
0.064368,89.17649999999999
0.064372,89.10199999999999
0.064376,89.17649999999999
0.06438,89.10199999999999
0.064384,89.17649999999999
0.064388,89.10199999999999
0.064392,89.10199999999999
0.064396,89.17649999999999
0.0644,89.10199999999999
0.064404,89.10199999999999
0.064408,89.17649999999999
0.064412,89.17649999999999
0.064416,89.17649999999999
0.06442,89.10199999999999
0.064424,89.10199999999999
0.064428,89.10199999999999
0.064432,89.10199999999999
0.064436,89.10199999999999
0.06444,89.10199999999999
0.064444,89.10199999999999
0.064448,89.17649999999999
0.064452,89.17649999999999
0.064456,89.17649999999999
0.06446,89.10199999999999
0.064464,89.10199999999999
0.064468,89.10199999999999
0.064472,89.17649999999999
0.064476,89.10199999999999
0.06448,89.10199999999999
0.064484,89.17649999999999
0.064488,89.17649999999999
0.064492,89.17649999999999
0.064496,89.10199999999999
0.0645,89.10199999999999
0.064504,89.10199999999999
0.064508,89.10199999999999
0.064512,89.17649999999999
0.064516,89.10199999999999
0.06452,89.10199999999999
0.064524,89.10199999999999
0.064528,89.10199999999999
0.064532,89.10199999999999
0.064536,89.10199999999999
0.06454,89.17649999999999
0.064544,89.10199999999999
0.064548,89.17649999999999
0.064552,89.10199999999999
0.064556,89.10199999999999
0.06456,89.10199999999999
0.064564,89.17649999999999
0.064568,89.17649999999999
0.064572,89.17649999999999
0.064576,89.10199999999999
0.06458,89.17649999999999
0.064584,89.17649999999999
0.064588,89.10199999999999
0.064592,89.10199999999999
0.064596,89.17649999999999
0.0646,89.10199999999999
0.064604,89.10199999999999
0.064608,89.17649999999999
0.064612,89.10199999999999
0.064616,89.17649999999999
0.06462,89.10199999999999
0.064624,89.10199999999999
0.064628,89.17649999999999
0.064632,89.17649999999999
0.064636,89.17649999999999
0.06464,89.17649999999999
0.064644,89.10199999999999
0.064648,89.17649999999999
0.064652,89.17649999999999
0.064656,89.10199999999999
0.06466,89.10199999999999
0.064664,89.17649999999999
0.064668,89.17649999999999
0.064672,89.17649999999999
0.064676,89.17649999999999
0.06468,89.17649999999999
0.064684,89.17649999999999
0.064688,89.17649999999999
0.064692,89.10199999999999
0.064696,89.17649999999999
0.0647,89.17649999999999
0.064704,89.10199999999999
0.064708,89.10199999999999
0.064712,89.10199999999999
0.064716,89.10199999999999
0.06472,89.10199999999999
0.064724,89.10199999999999
0.064728,89.10199999999999
0.064732,89.17649999999999
0.064736,89.17649999999999
0.06474,89.17649999999999
0.064744,89.17649999999999
0.064748,89.17649999999999
0.064752,89.10199999999999
0.064756,89.10199999999999
0.06476,89.10199999999999
0.064764,89.17649999999999
0.064768,89.10199999999999
0.064772,89.10199999999999
0.064776,89.10199999999999
0.06478,89.10199999999999
0.064784,89.17649999999999
0.064788,89.10199999999999
0.064792,89.10199999999999
0.064796,89.10199999999999
0.0648,89.17649999999999
0.064804,89.10199999999999
0.064808,89.17649999999999
0.064812,89.10199999999999
0.064816,89.17649999999999
0.06482,89.17649999999999
0.064824,89.17649999999999
0.064828,89.17649999999999
0.064832,89.17649999999999
0.064836,89.17649999999999
0.06484,89.10199999999999
0.064844,89.17649999999999
0.064848,89.17649999999999
0.064852,89.10199999999999
0.064856,89.10199999999999
0.06486,89.17649999999999
0.064864,89.17649999999999
0.064868,89.17649999999999
0.064872,89.10199999999999
0.064876,89.02749999999999
0.06488,89.17649999999999
0.064884,89.10199999999999
0.064888,89.10199999999999
0.064892,89.10199999999999
0.064896,89.10199999999999
0.0649,89.10199999999999
0.064904,89.10199999999999
0.064908,89.10199999999999
0.064912,89.10199999999999
0.064916,89.17649999999999
0.06492,89.10199999999999
0.064924,89.10199999999999
0.064928,89.17649999999999
0.064932,89.17649999999999
0.064936,89.17649999999999
0.06494,89.10199999999999
0.064944,89.10199999999999
0.064948,89.10199999999999
0.064952,89.10199999999999
0.064956,89.17649999999999
0.06496,89.10199999999999
0.064964,89.17649999999999
0.064968,89.10199999999999
0.064972,89.10199999999999
0.064976,89.17649999999999
0.06498,89.10199999999999
0.064984,89.10199999999999
0.064988,89.10199999999999
0.064992,89.10199999999999
0.064996,89.17649999999999
0.065,89.10199999999999
0.065004,89.10199999999999
0.065008,89.10199999999999
0.065012,89.10199999999999
0.065016,89.17649999999999
0.06502,89.17649999999999
0.065024,89.10199999999999
0.065028,89.17649999999999
0.065032,89.17649999999999
0.065036,89.10199999999999
0.06504,89.10199999999999
0.065044,89.10199999999999
0.065048,89.10199999999999
0.065052,89.10199999999999
0.065056,89.10199999999999
0.06506,89.17649999999999
0.065064,89.10199999999999
0.065068,89.10199999999999
0.065072,89.17649999999999
0.065076,89.10199999999999
0.06508,89.10199999999999
0.065084,89.10199999999999
0.065088,89.17649999999999
0.065092,89.10199999999999
0.065096,89.10199999999999
0.0651,89.17649999999999
0.065104,89.10199999999999
0.065108,89.10199999999999
0.065112,89.10199999999999
0.065116,89.10199999999999
0.06512,89.10199999999999
0.065124,89.10199999999999
0.065128,89.17649999999999
0.065132,89.10199999999999
0.065136,89.17649999999999
0.06514,89.10199999999999
0.065144,89.10199999999999
0.065148,89.17649999999999
0.065152,89.10199999999999
0.065156,89.10199999999999
0.06516,89.10199999999999
0.065164,89.10199999999999
0.065168,89.10199999999999
0.065172,89.17649999999999
0.065176,89.10199999999999
0.06518,89.17649999999999
0.065184,89.10199999999999
0.065188,89.10199999999999
0.065192,89.10199999999999
0.065196,89.17649999999999
0.0652,89.10199999999999
0.065204,89.17649999999999
0.065208,89.17649999999999
0.065212,89.10199999999999
0.065216,89.10199999999999
0.06522,89.10199999999999
0.065224,89.10199999999999
0.065228,89.10199999999999
0.065232,89.10199999999999
0.065236,89.10199999999999
0.06524,89.17649999999999
0.065244,89.17649999999999
0.065248,89.10199999999999
0.065252,89.10199999999999
0.065256,89.10199999999999
0.06526,89.10199999999999
0.065264,89.10199999999999
0.065268,89.10199999999999
0.065272,89.10199999999999
0.065276,89.10199999999999
0.06528,89.10199999999999
0.065284,89.17649999999999
0.065288,89.10199999999999
0.065292,89.17649999999999
0.065296,89.17649999999999
0.0653,89.10199999999999
0.065304,89.10199999999999
0.065308,89.10199999999999
0.065312,89.10199999999999
0.065316,89.10199999999999
0.06532,89.10199999999999
0.065324,89.17649999999999
0.065328,89.10199999999999
0.065332,89.17649999999999
0.065336,89.10199999999999
0.06534,89.10199999999999
0.065344,89.10199999999999
0.065348,89.10199999999999
0.065352,89.10199999999999
0.065356,89.10199999999999
0.06536,89.17649999999999
0.065364,89.17649999999999
0.065368,89.10199999999999
0.065372,89.10199999999999
0.065376,89.10199999999999
0.06538,89.10199999999999
0.065384,89.10199999999999
0.065388,89.17649999999999
0.065392,89.10199999999999
0.065396,89.10199999999999
0.0654,89.17649999999999
0.065404,89.10199999999999
0.065408,89.10199999999999
0.065412,89.10199999999999
0.065416,89.10199999999999
0.06542,89.10199999999999
0.065424,89.10199999999999
0.065428,89.17649999999999
0.065432,89.10199999999999
0.065436,89.10199999999999
0.06544,89.10199999999999
0.065444,89.10199999999999
0.065448,89.17649999999999
0.065452,89.17649999999999
0.065456,89.10199999999999
0.06546,89.10199999999999
0.065464,89.10199999999999
0.065468,89.10199999999999
0.065472,89.17649999999999
0.065476,89.17649999999999
0.06548,89.10199999999999
0.065484,89.10199999999999
0.065488,89.10199999999999
0.065492,89.17649999999999
0.065496,89.10199999999999
0.0655,89.10199999999999
0.065504,89.10199999999999
0.065508,89.10199999999999
0.065512,89.17649999999999
0.065516,89.10199999999999
0.06552,89.10199999999999
0.065524,89.10199999999999
0.065528,89.10199999999999
0.065532,89.10199999999999
0.065536,89.10199999999999
0.06554,89.17649999999999
0.065544,89.10199999999999
0.065548,89.10199999999999
0.065552,89.10199999999999
0.065556,89.17649999999999
0.06556,89.10199999999999
0.065564,89.10199999999999
0.065568,89.10199999999999
0.065572,89.10199999999999
0.065576,89.17649999999999
0.06558,89.10199999999999
0.065584,89.17649999999999
0.065588,89.10199999999999
0.065592,89.10199999999999
0.065596,89.10199999999999
0.0656,89.10199999999999
0.065604,89.10199999999999
0.065608,89.10199999999999
0.065612,89.10199999999999
0.065616,89.10199999999999
0.06562,89.10199999999999
0.065624,89.10199999999999
0.065628,89.10199999999999
0.065632,89.17649999999999
0.065636,89.10199999999999
0.06564,89.17649999999999
0.065644,89.10199999999999
0.065648,89.17649999999999
0.065652,89.10199999999999
0.065656,89.17649999999999
0.06566,89.10199999999999
0.065664,89.17649999999999
0.065668,89.10199999999999
0.065672,89.10199999999999
0.065676,89.10199999999999
0.06568,89.10199999999999
0.065684,89.10199999999999
0.065688,89.10199999999999
0.065692,89.17649999999999
0.065696,89.17649999999999
0.0657,89.10199999999999
0.065704,89.17649999999999
0.065708,89.10199999999999
0.065712,89.10199999999999
0.065716,89.10199999999999
0.06572,89.10199999999999
0.065724,89.10199999999999
0.065728,89.10199999999999
0.065732,89.10199999999999
0.065736,89.10199999999999
0.06574,89.17649999999999
0.065744,89.10199999999999
0.065748,89.10199999999999
0.065752,89.17649999999999
0.065756,89.10199999999999
0.06576,89.10199999999999
0.065764,89.17649999999999
0.065768,89.10199999999999
0.065772,89.17649999999999
0.065776,89.10199999999999
0.06578,89.17649999999999
0.065784,89.10199999999999
0.065788,89.10199999999999
0.065792,89.10199999999999
0.065796,89.10199999999999
0.0658,89.10199999999999
0.065804,89.10199999999999
0.065808,89.10199999999999
0.065812,89.10199999999999
0.065816,89.17649999999999
0.06582,89.10199999999999
0.065824,89.10199999999999
0.065828,89.10199999999999
0.065832,89.17649999999999
0.065836,89.17649999999999
0.06584,89.10199999999999
0.065844,89.10199999999999
0.065848,89.10199999999999
0.065852,89.10199999999999
0.065856,89.17649999999999
0.06586,89.10199999999999
0.065864,89.10199999999999
0.065868,89.17649999999999
0.065872,89.10199999999999
0.065876,89.17649999999999
0.06588,89.10199999999999
0.065884,89.17649999999999
0.065888,89.10199999999999
0.065892,89.10199999999999
0.065896,89.10199999999999
0.0659,89.10199999999999
0.065904,89.17649999999999
0.065908,89.10199999999999
0.065912,89.10199999999999
0.065916,89.17649999999999
0.06592,89.10199999999999
0.065924,89.10199999999999
0.065928,89.17649999999999
0.065932,89.17649999999999
0.065936,89.17649999999999
0.06594,89.10199999999999
0.065944,89.10199999999999
0.065948,89.10199999999999
0.065952,89.10199999999999
0.065956,89.10199999999999
0.06596,89.17649999999999
0.065964,89.10199999999999
0.065968,89.10199999999999
0.065972,89.10199999999999
0.065976,89.10199999999999
0.06598,89.10199999999999
0.065984,89.10199999999999
0.065988,89.10199999999999
0.065992,89.10199999999999
0.065996,89.10199999999999
0.066,89.10199999999999
0.066004,89.10199999999999
0.066008,89.10199999999999
0.066012,89.10199999999999
0.066016,89.10199999999999
0.06602,89.10199999999999
0.066024,89.10199999999999
0.066028,89.10199999999999
0.066032,89.10199999999999
0.066036,89.10199999999999
0.06604,89.17649999999999
0.066044,89.10199999999999
0.066048,89.17649999999999
0.066052,89.17649999999999
0.066056,89.10199999999999
0.06606,89.10199999999999
0.066064,89.10199999999999
0.066068,89.10199999999999
0.066072,89.10199999999999
0.066076,89.10199999999999
0.06608,89.10199999999999
0.066084,89.10199999999999
0.066088,89.10199999999999
0.066092,89.10199999999999
0.066096,89.10199999999999
0.0661,89.10199999999999
0.066104,89.17649999999999
0.066108,89.10199999999999
0.066112,89.10199999999999
0.066116,89.10199999999999
0.06612,89.10199999999999
0.066124,89.10199999999999
0.066128,89.10199999999999
0.066132,89.10199999999999
0.066136,89.10199999999999
0.06614,89.10199999999999
0.066144,89.10199999999999
0.066148,89.10199999999999
0.066152,89.10199999999999
0.066156,89.10199999999999
0.06616,89.10199999999999
0.066164,89.10199999999999
0.066168,89.10199999999999
0.066172,89.10199999999999
0.066176,89.10199999999999
0.06618,89.10199999999999
0.066184,89.10199999999999
0.066188,89.10199999999999
0.066192,89.10199999999999
0.066196,89.10199999999999
0.0662,89.10199999999999
0.066204,89.10199999999999
0.066208,89.10199999999999
0.066212,89.10199999999999
0.066216,89.10199999999999
0.06622,89.10199999999999
0.066224,89.10199999999999
0.066228,89.02749999999999
0.066232,89.10199999999999
0.066236,89.10199999999999
0.06624,89.10199999999999
0.066244,89.10199999999999
0.066248,89.10199999999999
0.066252,89.10199999999999
0.066256,89.10199999999999
0.06626,89.10199999999999
0.066264,89.10199999999999
0.066268,89.10199999999999
0.066272,89.10199999999999
0.066276,89.10199999999999
0.06628,89.02749999999999
0.066284,89.10199999999999
0.066288,89.10199999999999
0.066292,89.10199999999999
0.066296,89.10199999999999
0.0663,89.10199999999999
0.066304,89.10199999999999
0.066308,89.10199999999999
0.066312,89.10199999999999
0.066316,89.10199999999999
0.06632,89.10199999999999
0.066324,89.10199999999999
0.066328,89.10199999999999
0.066332,89.10199999999999
0.066336,89.10199999999999
0.06634,89.10199999999999
0.066344,89.10199999999999
0.066348,89.10199999999999
0.066352,89.02749999999999
0.066356,89.10199999999999
0.06636,89.10199999999999
0.066364,89.10199999999999
0.066368,89.02749999999999
0.066372,89.10199999999999
0.066376,89.10199999999999
0.06638,89.02749999999999
0.066384,89.10199999999999
0.066388,89.10199999999999
0.066392,89.02749999999999
0.066396,89.10199999999999
0.0664,89.10199999999999
0.066404,89.10199999999999
0.066408,89.10199999999999
0.066412,89.17649999999999
0.066416,89.10199999999999
0.06642,89.10199999999999
0.066424,89.10199999999999
0.066428,89.10199999999999
0.066432,89.10199999999999
0.066436,89.10199999999999
0.06644,89.10199999999999
0.066444,89.10199999999999
0.066448,89.02749999999999
0.066452,89.10199999999999
0.066456,89.10199999999999
0.06646,89.10199999999999
0.066464,89.02749999999999
0.066468,89.10199999999999
0.066472,89.02749999999999
0.066476,89.10199999999999
0.06648,89.10199999999999
0.066484,89.10199999999999
0.066488,89.02749999999999
0.066492,89.02749999999999
0.066496,89.10199999999999
0.0665,89.10199999999999
0.066504,89.02749999999999
0.066508,89.02749999999999
0.066512,89.02749999999999
0.066516,89.02749999999999
0.06652,89.02749999999999
0.066524,89.02749999999999
0.066528,89.02749999999999
0.066532,89.02749999999999
0.066536,89.02749999999999
0.06654,89.02749999999999
0.066544,89.02749999999999
0.066548,89.02749999999999
0.066552,89.02749999999999
0.066556,89.02749999999999
0.06656,89.10199999999999
0.066564,89.02749999999999
0.066568,89.10199999999999
0.066572,89.10199999999999
0.066576,89.02749999999999
0.06658,89.10199999999999
0.066584,89.02749999999999
0.066588,89.02749999999999
0.066592,89.02749999999999
0.066596,89.02749999999999
0.0666,89.02749999999999
0.066604,89.02749999999999
0.066608,89.10199999999999
0.066612,89.02749999999999
0.066616,89.02749999999999
0.06662,89.02749999999999
0.066624,89.02749999999999
0.066628,89.02749999999999
0.066632,89.02749999999999
0.066636,89.10199999999999
0.06664,89.02749999999999
0.066644,89.02749999999999
0.066648,89.02749999999999
0.066652,89.02749999999999
0.066656,89.02749999999999
0.06666,89.02749999999999
0.066664,89.02749999999999
0.066668,89.02749999999999
0.066672,89.02749999999999
0.066676,89.02749999999999
0.06668,89.02749999999999
0.066684,89.02749999999999
0.066688,89.02749999999999
0.066692,89.02749999999999
0.066696,89.02749999999999
0.0667,89.02749999999999
0.066704,89.02749999999999
0.066708,89.02749999999999
0.066712,89.02749999999999
0.066716,89.02749999999999
0.06672,89.02749999999999
0.066724,89.02749999999999
0.066728,89.02749999999999
0.066732,89.02749999999999
0.066736,89.02749999999999
0.06674,89.02749999999999
0.066744,89.02749999999999
0.066748,89.02749999999999
0.066752,89.02749999999999
0.066756,89.02749999999999
0.06676,89.02749999999999
0.066764,89.02749999999999
0.066768,89.02749999999999
0.066772,89.02749999999999
0.066776,89.02749999999999
0.06678,89.02749999999999
0.066784,89.02749999999999
0.066788,89.02749999999999
0.066792,89.02749999999999
0.066796,89.02749999999999
0.0668,89.02749999999999
0.066804,89.02749999999999
0.066808,89.02749999999999
0.066812,89.02749999999999
0.066816,89.02749999999999
0.06682,89.02749999999999
0.066824,89.02749999999999
0.066828,89.02749999999999
0.066832,89.02749999999999
0.066836,89.02749999999999
0.06684,89.02749999999999
0.066844,89.02749999999999
0.066848,89.02749999999999
0.066852,89.02749999999999
0.066856,89.02749999999999
0.06686,89.02749999999999
0.066864,89.02749999999999
0.066868,89.02749999999999
0.066872,89.02749999999999
0.066876,89.02749999999999
0.06688,89.02749999999999
0.066884,89.02749999999999
0.066888,89.02749999999999
0.066892,89.02749999999999
0.066896,89.02749999999999
0.0669,89.02749999999999
0.066904,89.02749999999999
0.066908,89.02749999999999
0.066912,89.02749999999999
0.066916,89.02749999999999
0.06692,89.02749999999999
0.066924,89.02749999999999
0.066928,89.02749999999999
0.066932,89.02749999999999
0.066936,89.02749999999999
0.06694,89.02749999999999
0.066944,89.02749999999999
0.066948,89.02749999999999
0.066952,89.02749999999999
0.066956,89.02749999999999
0.06696,89.02749999999999
0.066964,88.953
0.066968,89.02749999999999
0.066972,89.02749999999999
0.066976,89.02749999999999
0.06698,89.02749999999999
0.066984,89.02749999999999
0.066988,89.02749999999999
0.066992,89.02749999999999
0.066996,89.02749999999999
0.067,88.953
0.067004,89.02749999999999
0.067008,89.02749999999999
0.067012,89.02749999999999
0.067016,89.02749999999999
0.06702,89.02749999999999
0.067024,89.02749999999999
0.067028,89.10199999999999
0.067032,89.02749999999999
0.067036,89.02749999999999
0.06704,88.953
0.067044,89.02749999999999
0.067048,89.10199999999999
0.067052,89.02749999999999
0.067056,89.02749999999999
0.06706,89.02749999999999
0.067064,89.02749999999999
0.067068,89.02749999999999
0.067072,89.02749999999999
0.067076,89.02749999999999
0.06708,89.02749999999999
0.067084,89.02749999999999
0.067088,89.02749999999999
0.067092,89.02749999999999
0.067096,89.02749999999999
0.0671,89.02749999999999
0.067104,89.02749999999999
0.067108,89.02749999999999
0.067112,89.02749999999999
0.067116,89.02749999999999
0.06712,89.02749999999999
0.067124,89.02749999999999
0.067128,88.953
0.067132,89.02749999999999
0.067136,89.02749999999999
0.06714,89.02749999999999
0.067144,89.02749999999999
0.067148,89.02749999999999
0.067152,89.02749999999999
0.067156,88.953
0.06716,89.02749999999999
0.067164,89.02749999999999
0.067168,89.02749999999999
0.067172,88.953
0.067176,88.953
0.06718,89.02749999999999
0.067184,89.02749999999999
0.067188,89.02749999999999
0.067192,89.02749999999999
0.067196,89.02749999999999
0.0672,89.02749999999999
0.067204,89.02749999999999
0.067208,89.02749999999999
0.067212,88.953
0.067216,89.02749999999999
0.06722,89.02749999999999
0.067224,89.02749999999999
0.067228,88.953
0.067232,89.02749999999999
0.067236,89.02749999999999
0.06724,88.953
0.067244,89.02749999999999
0.067248,89.02749999999999
0.067252,89.02749999999999
0.067256,89.02749999999999
0.06726,88.953
0.067264,89.02749999999999
0.067268,89.02749999999999
0.067272,89.02749999999999
0.067276,88.953
0.06728,89.02749999999999
0.067284,89.02749999999999
0.067288,89.02749999999999
0.067292,89.02749999999999
0.067296,88.953
0.0673,88.953
0.067304,89.02749999999999
0.067308,89.02749999999999
0.067312,89.02749999999999
0.067316,89.02749999999999
0.06732,89.02749999999999
0.067324,88.953
0.067328,89.02749999999999
0.067332,89.02749999999999
0.067336,88.953
0.06734,89.02749999999999
0.067344,88.953
0.067348,89.02749999999999
0.067352,88.953
0.067356,88.953
0.06736,88.953
0.067364,89.02749999999999
0.067368,89.02749999999999
0.067372,89.02749999999999
0.067376,89.02749999999999
0.06738,88.953
0.067384,89.02749999999999
0.067388,89.02749999999999
0.067392,89.02749999999999
0.067396,88.953
0.0674,89.02749999999999
0.067404,88.953
0.067408,89.02749999999999
0.067412,88.953
0.067416,89.02749999999999
0.06742,89.02749999999999
0.067424,89.02749999999999
0.067428,89.02749999999999
0.067432,88.953
0.067436,88.953
0.06744,88.953
0.067444,88.953
0.067448,89.02749999999999
0.067452,88.953
0.067456,89.02749999999999
0.06746,89.02749999999999
0.067464,88.953
0.067468,89.02749999999999
0.067472,88.953
0.067476,88.953
0.06748,88.953
0.067484,88.953
0.067488,88.953
0.067492,88.953
0.067496,88.953
0.0675,89.02749999999999
0.067504,88.953
0.067508,88.953
0.067512,88.953
0.067516,88.953
0.06752,88.953
0.067524,88.953
0.067528,88.953
0.067532,88.953
0.067536,88.953
0.06754,88.953
0.067544,88.953
0.067548,88.953
0.067552,89.02749999999999
0.067556,88.953
0.06756,89.02749999999999
0.067564,88.953
0.067568,88.953
0.067572,88.953
0.067576,88.953
0.06758,88.953
0.067584,88.953
0.067588,88.953
0.067592,88.953
0.067596,88.953
0.0676,88.953
0.067604,88.953
0.067608,88.953
0.067612,88.953
0.067616,88.953
0.06762,88.953
0.067624,88.953
0.067628,88.953
0.067632,88.953
0.067636,88.953
0.06764,88.953
0.067644,88.953
0.067648,88.953
0.067652,88.953
0.067656,88.8785
0.06766,88.953
0.067664,89.02749999999999
0.067668,88.953
0.067672,88.953
0.067676,88.953
0.06768,88.953
0.067684,88.953
0.067688,88.953
0.067692,88.953
0.067696,88.953
0.0677,89.02749999999999
0.067704,88.8785
0.067708,88.953
0.067712,88.8785
0.067716,88.8785
0.06772,88.953
0.067724,88.953
0.067728,88.953
0.067732,88.953
0.067736,88.953
0.06774,88.953
0.067744,88.953
0.067748,88.953
0.067752,88.953
0.067756,88.953
0.06776,88.953
0.067764,89.02749999999999
0.067768,88.953
0.067772,88.953
0.067776,88.953
0.06778,88.953
0.067784,88.953
0.067788,88.953
0.067792,88.8785
0.067796,88.953
0.0678,88.953
0.067804,88.953
0.067808,88.8785
0.067812,88.953
0.067816,88.953
0.06782,88.953
0.067824,88.953
0.067828,88.8785
0.067832,88.953
0.067836,88.953
0.06784,88.953
0.067844,88.8785
0.067848,88.953
0.067852,88.953
0.067856,88.8785
0.06786,88.953
0.067864,88.953
0.067868,88.953
0.067872,88.953
0.067876,88.953
0.06788,88.953
0.067884,88.953
0.067888,88.8785
0.067892,88.953
0.067896,88.8785
0.0679,88.953
0.067904,88.953
0.067908,88.8785
0.067912,88.8785
0.067916,88.953
0.06792,88.953
0.067924,88.953
0.067928,88.8785
0.067932,88.953
0.067936,88.8785
0.06794,88.953
0.067944,88.953
0.067948,88.8785
0.067952,88.953
0.067956,88.953
0.06796,88.8785
0.067964,88.8785
0.067968,88.953
0.067972,88.8785
0.067976,88.8785
0.06798,88.8785
0.067984,88.8785
0.067988,88.953
0.067992,88.8785
0.067996,88.8785
0.068,88.8785
0.068004,88.8785
0.068008,88.8785
0.068012,88.953
0.068016,88.953
0.06802,88.8785
0.068024,88.8785
0.068028,88.953
0.068032,88.953
0.068036,88.8785
0.06804,88.8785
0.068044,88.8785
0.068048,88.8785
0.068052,88.8785
0.068056,88.953
0.06806,88.8785
0.068064,88.8785
0.068068,88.953
0.068072,88.8785
0.068076,88.8785
0.06808,88.8785
0.068084,88.8785
0.068088,88.8785
0.068092,88.8785
0.068096,88.8785
0.0681,88.8785
0.068104,88.8785
0.068108,88.953
0.068112,88.8785
0.068116,88.8785
0.06812,88.8785
0.068124,88.8785
0.068128,88.8785
0.068132,88.8785
0.068136,88.8785
0.06814,88.8785
0.068144,88.8785
0.068148,88.8785
0.068152,88.8785
0.068156,88.8785
0.06816,88.8785
0.068164,88.8785
0.068168,88.8785
0.068172,88.8785
0.068176,88.8785
0.06818,88.8785
0.068184,88.8785
0.068188,88.8785
0.068192,88.8785
0.068196,88.8785
0.0682,88.8785
0.068204,88.8785
0.068208,88.8785
0.068212,88.8785
0.068216,88.8785
0.06822,88.8785
0.068224,88.8785
0.068228,88.8785
0.068232,88.8785
0.068236,88.8785
0.06824,88.8785
0.068244,88.8785
0.068248,88.8785
0.068252,88.804
0.068256,88.8785
0.06826,88.8785
0.068264,88.8785
0.068268,88.8785
0.068272,88.8785
0.068276,88.8785
0.06828,88.8785
0.068284,88.8785
0.068288,88.8785
0.068292,88.8785
0.068296,88.8785
0.0683,88.8785
0.068304,88.8785
0.068308,88.8785
0.068312,88.8785
0.068316,88.8785
0.06832,88.8785
0.068324,88.8785
0.068328,88.8785
0.068332,88.8785
0.068336,88.8785
0.06834,88.8785
0.068344,88.8785
0.068348,88.8785
0.068352,88.8785
0.068356,88.8785
0.06836,88.8785
0.068364,88.8785
0.068368,88.8785
0.068372,88.8785
0.068376,88.8785
0.06838,88.8785
0.068384,88.8785
0.068388,88.804
0.068392,88.8785
0.068396,88.8785
0.0684,88.8785
0.068404,88.804
0.068408,88.8785
0.068412,88.8785
0.068416,88.8785
0.06842,88.8785
0.068424,88.8785
0.068428,88.8785
0.068432,88.8785
0.068436,88.8785
0.06844,88.8785
0.068444,88.8785
0.068448,88.8785
0.068452,88.8785
0.068456,88.8785
0.06846,88.8785
0.068464,88.8785
0.068468,88.8785
0.068472,88.8785
0.068476,88.8785
0.06848,88.8785
0.068484,88.8785
0.068488,88.8785
0.068492,88.8785
0.068496,88.8785
0.0685,88.8785
0.068504,88.8785
0.068508,88.8785
0.068512,88.804
0.068516,88.8785
0.06852,88.8785
0.068524,88.804
0.068528,88.8785
0.068532,88.804
0.068536,88.8785
0.06854,88.804
0.068544,88.804
0.068548,88.8785
0.068552,88.804
0.068556,88.8785
0.06856,88.804
0.068564,88.8785
0.068568,88.8785
0.068572,88.8785
0.068576,88.8785
0.06858,88.804
0.068584,88.804
0.068588,88.8785
0.068592,88.8785
0.068596,88.8785
0.0686,88.8785
0.068604,88.8785
0.068608,88.8785
0.068612,88.804
0.068616,88.804
0.06862,88.8785
0.068624,88.8785
0.068628,88.804
0.068632,88.804
0.068636,88.804
0.06864,88.8785
0.068644,88.804
0.068648,88.8785
0.068652,88.8785
0.068656,88.8785
0.06866,88.8785
0.068664,88.8785
0.068668,88.804
0.068672,88.804
0.068676,88.8785
0.06868,88.804
0.068684,88.8785
0.068688,88.804
0.068692,88.804
0.068696,88.8785
0.0687,88.804
0.068704,88.804
0.068708,88.8785
0.068712,88.804
0.068716,88.8785
0.06872,88.8785
0.068724,88.804
0.068728,88.804
0.068732,88.804
0.068736,88.8785
0.06874,88.804
0.068744,88.804
0.068748,88.8785
0.068752,88.804
0.068756,88.804
0.06876,88.8785
0.068764,88.804
0.068768,88.804
0.068772,88.804
0.068776,88.804
0.06878,88.804
0.068784,88.8785
0.068788,88.804
0.068792,88.804
0.068796,88.804
0.0688,88.804
0.068804,88.804
0.068808,88.804
0.068812,88.804
0.068816,88.804
0.06882,88.804
0.068824,88.804
0.068828,88.804
0.068832,88.804
0.068836,88.804
0.06884,88.804
0.068844,88.804
0.068848,88.804
0.068852,88.8785
0.068856,88.804
0.06886,88.804
0.068864,88.804
0.068868,88.804
0.068872,88.804
0.068876,88.804
0.06888,88.804
0.068884,88.804
0.068888,88.804
0.068892,88.804
0.068896,88.804
0.0689,88.804
0.068904,88.804
0.068908,88.804
0.068912,88.804
0.068916,88.804
0.06892,88.7295
0.068924,88.804
0.068928,88.804
0.068932,88.804
0.068936,88.804
0.06894,88.804
0.068944,88.804
0.068948,88.804
0.068952,88.7295
0.068956,88.804
0.06896,88.7295
0.068964,88.804
0.068968,88.804
0.068972,88.804
0.068976,88.804
0.06898,88.7295
0.068984,88.804
0.068988,88.804
0.068992,88.804
0.068996,88.804
0.069,88.804
0.069004,88.7295
0.069008,88.804
0.069012,88.7295
0.069016,88.804
0.06902,88.804
0.069024,88.7295
0.069028,88.804
0.069032,88.7295
0.069036,88.7295
0.06904,88.7295
0.069044,88.804
0.069048,88.7295
0.069052,88.804
0.069056,88.7295
0.06906,88.7295
0.069064,88.7295
0.069068,88.7295
0.069072,88.7295
0.069076,88.7295
0.06908,88.7295
0.069084,88.804
0.069088,88.7295
0.069092,88.7295
0.069096,88.7295
0.0691,88.7295
0.069104,88.7295
0.069108,88.804
0.069112,88.7295
0.069116,88.7295
0.06912,88.7295
0.069124,88.7295
0.069128,88.7295
0.069132,88.7295
0.069136,88.7295
0.06914,88.7295
0.069144,88.7295
0.069148,88.7295
0.069152,88.7295
0.069156,88.7295
0.06916,88.7295
0.069164,88.7295
0.069168,88.7295
0.069172,88.7295
0.069176,88.7295
0.06918,88.7295
0.069184,88.7295
0.069188,88.7295
0.069192,88.7295
0.069196,88.7295
0.0692,88.7295
0.069204,88.7295
0.069208,88.7295
0.069212,88.7295
0.069216,88.7295
0.06922,88.7295
0.069224,88.7295
0.069228,88.7295
0.069232,88.7295
0.069236,88.655
0.06924,88.7295
0.069244,88.7295
0.069248,88.7295
0.069252,88.7295
0.069256,88.7295
0.06926,88.7295
0.069264,88.7295
0.069268,88.7295
0.069272,88.7295
0.069276,88.7295
0.06928,88.7295
0.069284,88.7295
0.069288,88.655
0.069292,88.655
0.069296,88.7295
0.0693,88.7295
0.069304,88.655
0.069308,88.7295
0.069312,88.7295
0.069316,88.655
0.06932,88.7295
0.069324,88.7295
0.069328,88.655
0.069332,88.655
0.069336,88.7295
0.06934,88.7295
0.069344,88.7295
0.069348,88.7295
0.069352,88.7295
0.069356,88.7295
0.06936,88.655
0.069364,88.655
0.069368,88.7295
0.069372,88.655
0.069376,88.7295
0.06938,88.655
0.069384,88.7295
0.069388,88.7295
0.069392,88.655
0.069396,88.655
0.0694,88.655
0.069404,88.655
0.069408,88.7295
0.069412,88.7295
0.069416,88.655
0.06942,88.7295
0.069424,88.655
0.069428,88.655
0.069432,88.7295
0.069436,88.655
0.06944,88.655
0.069444,88.655
0.069448,88.655
0.069452,88.655
0.069456,88.655
0.06946,88.655
0.069464,88.655
0.069468,88.655
0.069472,88.655
0.069476,88.655
0.06948,88.655
0.069484,88.655
0.069488,88.655
0.069492,88.655
0.069496,88.655
0.0695,88.655
0.069504,88.655
0.069508,88.655
0.069512,88.655
0.069516,88.655
0.06952,88.5805
0.069524,88.5805
0.069528,88.655
0.069532,88.655
0.069536,88.655
0.06954,88.655
0.069544,88.655
0.069548,88.655
0.069552,88.655
0.069556,88.655
0.06956,88.655
0.069564,88.655
0.069568,88.655
0.069572,88.655
0.069576,88.655
0.06958,88.655
0.069584,88.655
0.069588,88.655
0.069592,88.655
0.069596,88.655
0.0696,88.655
0.069604,88.655
0.069608,88.655
0.069612,88.5805
0.069616,88.655
0.06962,88.5805
0.069624,88.655
0.069628,88.655
0.069632,88.655
0.069636,88.655
0.06964,88.5805
0.069644,88.655
0.069648,88.5805
0.069652,88.655
0.069656,88.5805
0.06966,88.5805
0.069664,88.655
0.069668,88.655
0.069672,88.655
0.069676,88.5805
0.06968,88.5805
0.069684,88.5805
0.069688,88.5805
0.069692,88.5805
0.069696,88.5805
0.0697,88.5805
0.069704,88.655
0.069708,88.655
0.069712,88.655
0.069716,88.5805
0.06972,88.5805
0.069724,88.5805
0.069728,88.5805
0.069732,88.5805
0.069736,88.655
0.06974,88.5805
0.069744,88.655
0.069748,88.5805
0.069752,88.5805
0.069756,88.5805
0.06976,88.5805
0.069764,88.5805
0.069768,88.5805
0.069772,88.5805
0.069776,88.5805
0.06978,88.5805
0.069784,88.5805
0.069788,88.5805
0.069792,88.5805
0.069796,88.5805
0.0698,88.5805
0.069804,88.5805
0.069808,88.506
0.069812,88.5805
0.069816,88.5805
0.06982,88.5805
0.069824,88.5805
0.069828,88.5805
0.069832,88.5805
0.069836,88.655
0.06984,88.5805
0.069844,88.5805
0.069848,88.506
0.069852,88.5805
0.069856,88.5805
0.06986,88.506
0.069864,88.5805
0.069868,88.5805
0.069872,88.506
0.069876,88.5805
0.06988,88.506
0.069884,88.5805
0.069888,88.506
0.069892,88.5805
0.069896,88.5805
0.0699,88.506
0.069904,88.5805
0.069908,88.506
0.069912,88.5805
0.069916,88.5805
0.06992,88.5805
0.069924,88.5805
0.069928,88.506
0.069932,88.5805
0.069936,88.5805
0.06994,88.5805
0.069944,88.506
0.069948,88.5805
0.069952,88.506
0.069956,88.506
0.06996,88.506
0.069964,88.506
0.069968,88.5805
0.069972,88.506
0.069976,88.506
0.06998,88.5805
0.069984,88.506
0.069988,88.506
0.069992,88.5805
0.069996,88.5805
0.07,88.5805
0.070004,88.5805
0.070008,88.5805
0.070012,88.506
0.070016,88.5805
0.07002,88.5805
0.070024,88.506
0.070028,88.506
0.070032,88.506
0.070036,88.506
0.07004,88.5805
0.070044,88.506
0.070048,88.506
0.070052,88.506
0.070056,88.506
0.07006,88.506
0.070064,88.506
0.070068,88.506
0.070072,88.5805
0.070076,88.506
0.07008,88.506
0.070084,88.506
0.070088,88.506
0.070092,88.506
0.070096,88.506
0.0701,88.506
0.070104,88.506
0.070108,88.506
0.070112,88.506
0.070116,88.506
0.07012,88.506
0.070124,88.506
0.070128,88.4315
0.070132,88.506
0.070136,88.506
0.07014,88.506
0.070144,88.4315
0.070148,88.506
0.070152,88.506
0.070156,88.506
0.07016,88.506
0.070164,88.506
0.070168,88.506
0.070172,88.506
0.070176,88.506
0.07018,88.506
0.070184,88.506
0.070188,88.506
0.070192,88.506
0.070196,88.506
0.0702,88.506
0.070204,88.506
0.070208,88.506
0.070212,88.506
0.070216,88.506
0.07022,88.506
0.070224,88.4315
0.070228,88.506
0.070232,88.506
0.070236,88.506
0.07024,88.506
0.070244,88.4315
0.070248,88.506
0.070252,88.506
0.070256,88.506
0.07026,88.506
0.070264,88.4315
0.070268,88.506
0.070272,88.506
0.070276,88.506
0.07028,88.506
0.070284,88.506
0.070288,88.506
0.070292,88.506
0.070296,88.4315
0.0703,88.506
0.070304,88.4315
0.070308,88.4315
0.070312,88.506
0.070316,88.4315
0.07032,88.4315
0.070324,88.506
0.070328,88.506
0.070332,88.506
0.070336,88.4315
0.07034,88.4315
0.070344,88.4315
0.070348,88.4315
0.070352,88.4315
0.070356,88.4315
0.07036,88.506
0.070364,88.4315
0.070368,88.4315
0.070372,88.4315
0.070376,88.4315
0.07038,88.4315
0.070384,88.4315
0.070388,88.4315
0.070392,88.4315
0.070396,88.4315
0.0704,88.4315
0.070404,88.4315
0.070408,88.4315
0.070412,88.4315
0.070416,88.4315
0.07042,88.4315
0.070424,88.506
0.070428,88.357
0.070432,88.4315
0.070436,88.4315
0.07044,88.4315
0.070444,88.4315
0.070448,88.4315
0.070452,88.4315
0.070456,88.4315
0.07046,88.4315
0.070464,88.4315
0.070468,88.4315
0.070472,88.4315
0.070476,88.357
0.07048,88.357
0.070484,88.4315
0.070488,88.4315
0.070492,88.4315
0.070496,88.4315
0.0705,88.4315
0.070504,88.357
0.070508,88.4315
0.070512,88.4315
0.070516,88.4315
0.07052,88.4315
0.070524,88.357
0.070528,88.506
0.070532,88.4315
0.070536,88.4315
0.07054,88.4315
0.070544,88.357
0.070548,88.4315
0.070552,88.4315
0.070556,88.4315
0.07056,88.4315
0.070564,88.357
0.070568,88.4315
0.070572,88.4315
0.070576,88.4315
0.07058,88.357
0.070584,88.4315
0.070588,88.357
0.070592,88.4315
0.070596,88.4315
0.0706,88.4315
0.070604,88.357
0.070608,88.357
0.070612,88.4315
0.070616,88.357
0.07062,88.4315
0.070624,88.357
0.070628,88.357
0.070632,88.357
0.070636,88.357
0.07064,88.4315
0.070644,88.357
0.070648,88.357
0.070652,88.357
0.070656,88.357
0.07066,88.357
0.070664,88.357
0.070668,88.357
0.070672,88.357
0.070676,88.357
0.07068,88.357
0.070684,88.357
0.070688,88.357
0.070692,88.357
0.070696,88.357
0.0707,88.4315
0.070704,88.357
0.070708,88.357
0.070712,88.357
0.070716,88.357
0.07072,88.357
0.070724,88.357
0.070728,88.357
0.070732,88.357
0.070736,88.357
0.07074,88.357
0.070744,88.357
0.070748,88.357
0.070752,88.357
0.070756,88.357
0.07076,88.357
0.070764,88.357
0.070768,88.357
0.070772,88.357
0.070776,88.357
0.07078,88.357
0.070784,88.357
0.070788,88.357
0.070792,88.2825
0.070796,88.2825
0.0708,88.357
0.070804,88.357
0.070808,88.2825
0.070812,88.357
0.070816,88.357
0.07082,88.357
0.070824,88.357
0.070828,88.357
0.070832,88.2825
0.070836,88.2825
0.07084,88.2825
0.070844,88.357
0.070848,88.2825
0.070852,88.357
0.070856,88.357
0.07086,88.357
0.070864,88.357
0.070868,88.2825
0.070872,88.2825
0.070876,88.2825
0.07088,88.2825
0.070884,88.357
0.070888,88.357
0.070892,88.2825
0.070896,88.2825
0.0709,88.357
0.070904,88.2825
0.070908,88.2825
0.070912,88.2825
0.070916,88.357
0.07092,88.2825
0.070924,88.357
0.070928,88.2825
0.070932,88.2825
0.070936,88.2825
0.07094,88.2825
0.070944,88.2825
0.070948,88.2825
0.070952,88.357
0.070956,88.2825
0.07096,88.2825
0.070964,88.2825
0.070968,88.2825
0.070972,88.2825
0.070976,88.2825
0.07098,88.2825
0.070984,88.2825
0.070988,88.357
0.070992,88.2825
0.070996,88.2825
0.071,88.2825
0.071004,88.2825
0.071008,88.2825
0.071012,88.2825
0.071016,88.357
0.07102,88.2825
0.071024,88.2825
0.071028,88.2825
0.071032,88.357
0.071036,88.2825
0.07104,88.2825
0.071044,88.2825
0.071048,88.2825
0.071052,88.2825
0.071056,88.2825
0.07106,88.2825
0.071064,88.2825
0.071068,88.2825
0.071072,88.2825
0.071076,88.2825
0.07108,88.2825
0.071084,88.2825
0.071088,88.2825
0.071092,88.208
0.071096,88.2825
0.0711,88.2825
0.071104,88.208
0.071108,88.2825
0.071112,88.2825
0.071116,88.2825
0.07112,88.208
0.071124,88.208
0.071128,88.2825
0.071132,88.2825
0.071136,88.2825
0.07114,88.2825
0.071144,88.2825
0.071148,88.2825
0.071152,88.2825
0.071156,88.2825
0.07116,88.208
0.071164,88.2825
0.071168,88.2825
0.071172,88.208
0.071176,88.2825
0.07118,88.208
0.071184,88.2825
0.071188,88.2825
0.071192,88.2825
0.071196,88.2825
0.0712,88.2825
0.071204,88.2825
0.071208,88.2825
0.071212,88.208
0.071216,88.2825
0.07122,88.208
0.071224,88.208
0.071228,88.208
0.071232,88.208
0.071236,88.208
0.07124,88.208
0.071244,88.208
0.071248,88.2825
0.071252,88.208
0.071256,88.208
0.07126,88.208
0.071264,88.2825
0.071268,88.208
0.071272,88.208
0.071276,88.208
0.07128,88.208
0.071284,88.208
0.071288,88.208
0.071292,88.208
0.071296,88.208
0.0713,88.208
0.071304,88.208
0.071308,88.208
0.071312,88.208
0.071316,88.208
0.07132,88.208
0.071324,88.208
0.071328,88.208
0.071332,88.208
0.071336,88.208
0.07134,88.208
0.071344,88.208
0.071348,88.208
0.071352,88.208
0.071356,88.208
0.07136,88.208
0.071364,88.208
0.071368,88.208
0.071372,88.208
0.071376,88.208
0.07138,88.208
0.071384,88.208
0.071388,88.208
0.071392,88.208
0.071396,88.208
0.0714,88.208
0.071404,88.208
0.071408,88.1335
0.071412,88.208
0.071416,88.208
0.07142,88.1335
0.071424,88.208
0.071428,88.208
0.071432,88.208
0.071436,88.208
0.07144,88.1335
0.071444,88.208
0.071448,88.208
0.071452,88.1335
0.071456,88.208
0.07146,88.1335
0.071464,88.1335
0.071468,88.208
0.071472,88.208
0.071476,88.208
0.07148,88.1335
0.071484,88.1335
0.071488,88.1335
0.071492,88.208
0.071496,88.208
0.0715,88.208
0.071504,88.208
0.071508,88.1335
0.071512,88.208
0.071516,88.208
0.07152,88.208
0.071524,88.208
0.071528,88.208
0.071532,88.208
0.071536,88.1335
0.07154,88.1335
0.071544,88.208
0.071548,88.208
0.071552,88.208
0.071556,88.208
0.07156,88.1335
0.071564,88.1335
0.071568,88.1335
0.071572,88.1335
0.071576,88.1335
0.07158,88.208
0.071584,88.208
0.071588,88.1335
0.071592,88.1335
0.071596,88.208
0.0716,88.1335
0.071604,88.1335
0.071608,88.208
0.071612,88.208
0.071616,88.208
0.07162,88.1335
0.071624,88.1335
0.071628,88.1335
0.071632,88.1335
0.071636,88.1335
0.07164,88.1335
0.071644,88.1335
0.071648,88.1335
0.071652,88.1335
0.071656,88.1335
0.07166,88.1335
0.071664,88.1335
0.071668,88.1335
0.071672,88.1335
0.071676,88.1335
0.07168,88.1335
0.071684,88.1335
0.071688,88.1335
0.071692,88.1335
0.071696,88.1335
0.0717,88.1335
0.071704,88.1335
0.071708,88.1335
0.071712,88.1335
0.071716,88.1335
0.07172,88.208
0.071724,88.1335
0.071728,88.1335
0.071732,88.1335
0.071736,88.1335
0.07174,88.1335
0.071744,88.1335
0.071748,88.208
0.071752,88.1335
0.071756,88.1335
0.07176,88.1335
0.071764,88.1335
0.071768,88.1335
0.071772,88.1335
0.071776,88.1335
0.07178,88.1335
0.071784,88.1335
0.071788,88.1335
0.071792,88.1335
0.071796,88.1335
0.0718,88.1335
0.071804,88.1335
0.071808,88.1335
0.071812,88.1335
0.071816,88.1335
0.07182,88.1335
0.071824,88.1335
0.071828,88.1335
0.071832,88.208
0.071836,88.1335
0.07184,88.1335
0.071844,88.1335
0.071848,88.1335
0.071852,88.1335
0.071856,88.059
0.07186,88.059
0.071864,88.1335
0.071868,88.1335
0.071872,88.1335
0.071876,88.1335
0.07188,88.1335
0.071884,88.1335
0.071888,88.1335
0.071892,88.1335
0.071896,88.1335
0.0719,88.1335
0.071904,88.1335
0.071908,88.1335
0.071912,88.1335
0.071916,88.1335
0.07192,88.1335
0.071924,88.059
0.071928,88.1335
0.071932,88.059
0.071936,88.1335
0.07194,88.1335
0.071944,88.059
0.071948,88.059
0.071952,88.059
0.071956,88.059
0.07196,88.059
0.071964,88.059
0.071968,88.059
0.071972,88.059
0.071976,88.1335
0.07198,88.059
0.071984,88.059
0.071988,88.059
0.071992,88.059
0.071996,88.059
0.072,88.059
0.072004,88.059
0.072008,88.059
0.072012,87.9845
0.072016,87.9845
0.07202,87.9845
0.072024,88.059
0.072028,87.9845
0.072032,87.9845
0.072036,88.059
0.07204,87.9845
0.072044,87.9845
0.072048,88.059
0.072052,87.9845
0.072056,87.9845
0.07206,87.9845
0.072064,87.9845
0.072068,87.91
0.072072,87.9845
0.072076,87.9845
0.07208,87.9845
0.072084,87.9845
0.072088,87.9845
0.072092,87.9845
0.072096,87.9845
0.0721,87.9845
0.072104,87.9845
0.072108,87.9845
0.072112,87.9845
0.072116,87.91
0.07212,87.9845
0.072124,87.9845
0.072128,87.9845
0.072132,87.9845
0.072136,87.9845
0.07214,87.91
0.072144,87.91
0.072148,87.91
0.072152,87.91
0.072156,87.91
0.07216,87.91
0.072164,87.91
0.072168,87.91
0.072172,87.91
0.072176,87.91
0.07218,87.91
0.072184,87.91
0.072188,87.91
0.072192,87.91
0.072196,87.91
0.0722,87.91
0.072204,87.8355
0.072208,87.91
0.072212,87.91
0.072216,87.8355
0.07222,87.8355
0.072224,87.8355
0.072228,87.8355
0.072232,87.8355
0.072236,87.8355
0.07224,87.8355
0.072244,87.8355
0.072248,87.8355
0.072252,87.8355
0.072256,87.8355
0.07226,87.8355
0.072264,87.8355
0.072268,87.8355
0.072272,87.8355
0.072276,87.8355
0.07228,87.8355
0.072284,87.8355
0.072288,87.8355
0.072292,87.8355
0.072296,87.8355
0.0723,87.8355
0.072304,87.761
0.072308,87.8355
0.072312,87.8355
0.072316,87.8355
0.07232,87.8355
0.072324,87.8355
0.072328,87.8355
0.072332,87.8355
0.072336,87.8355
0.07234,87.8355
0.072344,87.761
0.072348,87.8355
0.072352,87.8355
0.072356,87.8355
0.07236,87.8355
0.072364,87.8355
0.072368,87.8355
0.072372,87.8355
0.072376,87.8355
0.07238,87.8355
0.072384,87.8355
0.072388,87.8355
0.072392,87.8355
0.072396,87.8355
0.0724,87.8355
0.072404,87.8355
0.072408,87.8355
0.072412,87.761
0.072416,87.761
0.07242,87.8355
0.072424,87.8355
0.072428,87.8355
0.072432,87.8355
0.072436,87.8355
0.07244,87.761
0.072444,87.761
0.072448,87.761
0.072452,87.8355
0.072456,87.761
0.07246,87.8355
0.072464,87.761
0.072468,87.8355
0.072472,87.8355
0.072476,87.8355
0.07248,87.8355
0.072484,87.8355
0.072488,87.761
0.072492,87.8355
0.072496,87.761
0.0725,87.8355
0.072504,87.761
0.072508,87.8355
0.072512,87.761
0.072516,87.8355
0.07252,87.8355
0.072524,87.8355
0.072528,87.8355
0.072532,87.8355
0.072536,87.8355
0.07254,87.8355
0.072544,87.8355
0.072548,87.761
0.072552,87.8355
0.072556,87.8355
0.07256,87.8355
0.072564,87.8355
0.072568,87.8355
0.072572,87.8355
0.072576,87.8355
0.07258,87.8355
0.072584,87.8355
0.072588,87.8355
0.072592,87.8355
0.072596,87.8355
0.0726,87.8355
0.072604,87.8355
0.072608,87.8355
0.072612,87.8355
0.072616,87.8355
0.07262,87.8355
0.072624,87.8355
0.072628,87.761
0.072632,87.8355
0.072636,87.8355
0.07264,87.8355
0.072644,87.8355
0.072648,87.8355
0.072652,87.8355
0.072656,87.8355
0.07266,87.761
0.072664,87.8355
0.072668,87.8355
0.072672,87.8355
0.072676,87.8355
0.07268,87.8355
0.072684,87.8355
0.072688,87.8355
0.072692,87.8355
0.072696,87.8355
0.0727,87.8355
0.072704,87.8355
0.072708,87.8355
0.072712,87.8355
0.072716,87.8355
0.07272,87.8355
0.072724,87.8355
0.072728,87.91
0.072732,87.8355
0.072736,87.8355
0.07274,87.8355
0.072744,87.8355
0.072748,87.8355
0.072752,87.8355
0.072756,87.8355
0.07276,87.8355
0.072764,87.8355
0.072768,87.8355
0.072772,87.8355
0.072776,87.8355
0.07278,87.8355
0.072784,87.8355
0.072788,87.91
0.072792,87.91
0.072796,87.8355
0.0728,87.8355
0.072804,87.91
0.072808,87.8355
0.072812,87.91
0.072816,87.91
0.07282,87.91
0.072824,87.91
0.072828,87.91
0.072832,87.91
0.072836,87.91
0.07284,87.91
0.072844,87.91
0.072848,87.91
0.072852,87.91
0.072856,87.91
0.07286,87.8355
0.072864,87.91
0.072868,87.91
0.072872,87.91
0.072876,87.91
0.07288,87.91
0.072884,87.91
0.072888,87.91
0.072892,87.91
0.072896,87.91
0.0729,87.91
0.072904,87.91
0.072908,87.91
0.072912,87.91
0.072916,87.9845
0.07292,87.91
0.072924,87.9845
0.072928,87.9845
0.072932,87.9845
0.072936,87.9845
0.07294,87.9845
0.072944,87.9845
0.072948,87.9845
0.072952,87.91
0.072956,87.9845
0.07296,87.9845
0.072964,87.91
0.072968,87.9845
0.072972,87.9845
0.072976,87.9845
0.07298,87.9845
0.072984,87.9845
0.072988,87.9845
0.072992,87.9845
0.072996,87.9845
0.073,87.9845
0.073004,87.9845
0.073008,87.9845
0.073012,88.059
0.073016,87.9845
0.07302,88.059
0.073024,87.9845
0.073028,87.9845
0.073032,88.059
0.073036,88.059
0.07304,88.059
0.073044,87.9845
0.073048,87.9845
0.073052,87.9845
0.073056,88.059
0.07306,88.059
0.073064,88.059
0.073068,88.059
0.073072,88.059
0.073076,88.059
0.07308,88.059
0.073084,88.059
0.073088,88.059
0.073092,88.059
0.073096,88.059
0.0731,88.059
0.073104,88.059
0.073108,88.059
0.073112,88.059
0.073116,88.059
0.07312,88.059
0.073124,88.059
0.073128,88.1335
0.073132,88.059
0.073136,88.059
0.07314,88.059
0.073144,88.059
0.073148,88.1335
0.073152,88.059
0.073156,88.059
0.07316,88.059
0.073164,88.1335
0.073168,88.059
0.073172,88.1335
0.073176,88.1335
0.07318,88.1335
0.073184,88.1335
0.073188,88.1335
0.073192,88.1335
0.073196,88.1335
0.0732,88.1335
0.073204,88.1335
0.073208,88.1335
0.073212,88.1335
0.073216,88.1335
0.07322,88.1335
0.073224,88.1335
0.073228,88.1335
0.073232,88.208
0.073236,88.1335
0.07324,88.1335
0.073244,88.1335
0.073248,88.1335
0.073252,88.208
0.073256,88.208
0.07326,88.208
0.073264,88.208
0.073268,88.208
0.073272,88.208
0.073276,88.1335
0.07328,88.208
0.073284,88.208
0.073288,88.208
0.073292,88.1335
0.073296,88.208
0.0733,88.1335
0.073304,88.1335
0.073308,88.208
0.073312,88.208
0.073316,88.208
0.07332,88.208
0.073324,88.208
0.073328,88.208
0.073332,88.2825
0.073336,88.208
0.07334,88.208
0.073344,88.208
0.073348,88.208
0.073352,88.208
0.073356,88.208
0.07336,88.2825
0.073364,88.208
0.073368,88.208
0.073372,88.208
0.073376,88.208
0.07338,88.2825
0.073384,88.2825
0.073388,88.2825
0.073392,88.2825
0.073396,88.2825
0.0734,88.2825
0.073404,88.2825
0.073408,88.2825
0.073412,88.2825
0.073416,88.2825
0.07342,88.2825
0.073424,88.2825
0.073428,88.2825
0.073432,88.2825
0.073436,88.2825
0.07344,88.2825
0.073444,88.2825
0.073448,88.357
0.073452,88.2825
0.073456,88.2825
0.07346,88.2825
0.073464,88.2825
0.073468,88.2825
0.073472,88.2825
0.073476,88.357
0.07348,88.2825
0.073484,88.2825
0.073488,88.2825
0.073492,88.357
0.073496,88.357
0.0735,88.357
0.073504,88.357
0.073508,88.357
0.073512,88.357
0.073516,88.2825
0.07352,88.357
0.073524,88.357
0.073528,88.357
0.073532,88.357
0.073536,88.357
0.07354,88.357
0.073544,88.357
0.073548,88.357
0.073552,88.357
0.073556,88.357
0.07356,88.357
0.073564,88.357
0.073568,88.357
0.073572,88.357
0.073576,88.357
0.07358,88.357
0.073584,88.357
0.073588,88.4315
0.073592,88.4315
0.073596,88.357
0.0736,88.4315
0.073604,88.357
0.073608,88.4315
0.073612,88.4315
0.073616,88.4315
0.07362,88.4315
0.073624,88.4315
0.073628,88.357
0.073632,88.4315
0.073636,88.4315
0.07364,88.357
0.073644,88.506
0.073648,88.4315
0.073652,88.357
0.073656,88.506
0.07366,88.4315
0.073664,88.4315
0.073668,88.506
0.073672,88.4315
0.073676,88.4315
0.07368,88.4315
0.073684,88.506
0.073688,88.506
0.073692,88.506
0.073696,88.506
0.0737,88.506
0.073704,88.4315
0.073708,88.506
0.073712,88.506
0.073716,88.506
0.07372,88.506
0.073724,88.506
0.073728,88.506
0.073732,88.506
0.073736,88.506
0.07374,88.506
0.073744,88.506
0.073748,88.506
0.073752,88.506
0.073756,88.506
0.07376,88.506
0.073764,88.506
0.073768,88.5805
0.073772,88.506
0.073776,88.506
0.07378,88.506
0.073784,88.506
0.073788,88.506
0.073792,88.506
0.073796,88.5805
0.0738,88.506
0.073804,88.506
0.073808,88.5805
0.073812,88.5805
0.073816,88.5805
0.07382,88.5805
0.073824,88.506
0.073828,88.5805
0.073832,88.5805
0.073836,88.5805
0.07384,88.5805
0.073844,88.5805
0.073848,88.5805
0.073852,88.5805
0.073856,88.655
0.07386,88.5805
0.073864,88.5805
0.073868,88.5805
0.073872,88.655
0.073876,88.5805
0.07388,88.5805
0.073884,88.5805
0.073888,88.5805
0.073892,88.655
0.073896,88.655
0.0739,88.655
0.073904,88.5805
0.073908,88.655
0.073912,88.655
0.073916,88.655
0.07392,88.655
0.073924,88.655
0.073928,88.655
0.073932,88.5805
0.073936,88.655
0.07394,88.655
0.073944,88.7295
0.073948,88.655
0.073952,88.655
0.073956,88.655
0.07396,88.655
0.073964,88.655
0.073968,88.655
0.073972,88.7295
0.073976,88.655
0.07398,88.655
0.073984,88.655
0.073988,88.7295
0.073992,88.655
0.073996,88.7295
0.074,88.655
0.074004,88.7295
0.074008,88.655
0.074012,88.655
0.074016,88.655
0.07402,88.655
0.074024,88.7295
0.074028,88.7295
0.074032,88.7295
0.074036,88.655
0.07404,88.655
0.074044,88.7295
0.074048,88.7295
0.074052,88.7295
0.074056,88.7295
0.07406,88.7295
0.074064,88.7295
0.074068,88.7295
0.074072,88.7295
0.074076,88.7295
0.07408,88.7295
0.074084,88.7295
0.074088,88.7295
0.074092,88.7295
0.074096,88.7295
0.0741,88.7295
0.074104,88.7295
0.074108,88.7295
0.074112,88.804
0.074116,88.7295
0.07412,88.7295
0.074124,88.7295
0.074128,88.7295
0.074132,88.7295
0.074136,88.7295
0.07414,88.804
0.074144,88.804
0.074148,88.804
0.074152,88.804
0.074156,88.804
0.07416,88.804
0.074164,88.7295
0.074168,88.804
0.074172,88.804
0.074176,88.804
0.07418,88.804
0.074184,88.804
0.074188,88.804
0.074192,88.8785
0.074196,88.8785
0.0742,88.804
0.074204,88.804
0.074208,88.804
0.074212,88.804
0.074216,88.804
0.07422,88.804
0.074224,88.804
0.074228,88.8785
0.074232,88.804
0.074236,88.804
0.07424,88.8785
0.074244,88.8785
0.074248,88.804
0.074252,88.804
0.074256,88.8785
0.07426,88.8785
0.074264,88.8785
0.074268,88.8785
0.074272,88.8785
0.074276,88.8785
0.07428,88.8785
0.074284,88.8785
0.074288,88.8785
0.074292,88.804
0.074296,88.8785
0.0743,88.8785
0.074304,88.8785
0.074308,88.8785
0.074312,88.8785
0.074316,88.8785
0.07432,88.8785
0.074324,88.8785
0.074328,88.8785
0.074332,88.8785
0.074336,88.8785
0.07434,88.953
0.074344,88.8785
0.074348,88.8785
0.074352,88.8785
0.074356,88.953
0.07436,88.8785
0.074364,88.8785
0.074368,88.953
0.074372,88.8785
0.074376,88.953
0.07438,88.8785
0.074384,88.953
0.074388,88.953
0.074392,88.8785
0.074396,88.8785
0.0744,88.953
0.074404,88.953
0.074408,88.953
0.074412,88.953
0.074416,88.953
0.07442,88.8785
0.074424,88.8785
0.074428,88.953
0.074432,88.8785
0.074436,88.953
0.07444,88.8785
0.074444,88.953
0.074448,89.02749999999999
0.074452,88.953
0.074456,88.953
0.07446,88.953
0.074464,88.953
0.074468,88.953
0.074472,88.953
0.074476,88.953
0.07448,88.953
0.074484,88.953
0.074488,88.953
0.074492,88.953
0.074496,88.953
0.0745,88.953
0.074504,88.953
0.074508,88.953
0.074512,88.953
0.074516,89.02749999999999
0.07452,88.953
0.074524,89.02749999999999
0.074528,89.02749999999999
0.074532,88.953
0.074536,88.953
0.07454,89.02749999999999
0.074544,88.953
0.074548,89.02749999999999
0.074552,88.953
0.074556,89.02749999999999
0.07456,89.02749999999999
0.074564,89.02749999999999
0.074568,88.953
0.074572,89.02749999999999
0.074576,88.953
0.07458,88.953
0.074584,89.02749999999999
0.074588,89.02749999999999
0.074592,89.02749999999999
0.074596,89.02749999999999
0.0746,89.02749999999999
0.074604,89.02749999999999
0.074608,89.02749999999999
0.074612,89.02749999999999
0.074616,89.02749999999999
0.07462,89.02749999999999
0.074624,89.02749999999999
0.074628,89.02749999999999
0.074632,89.02749999999999
0.074636,89.10199999999999
0.07464,89.02749999999999
0.074644,89.02749999999999
0.074648,89.02749999999999
0.074652,89.02749999999999
0.074656,89.02749999999999
0.07466,89.02749999999999
0.074664,89.02749999999999
0.074668,89.02749999999999
0.074672,89.02749999999999
0.074676,89.10199999999999
0.07468,89.02749999999999
0.074684,89.10199999999999
0.074688,89.10199999999999
0.074692,89.02749999999999
0.074696,89.10199999999999
0.0747,89.02749999999999
0.074704,89.02749999999999
0.074708,89.02749999999999
0.074712,89.10199999999999
0.074716,89.10199999999999
0.07472,89.10199999999999
0.074724,89.10199999999999
0.074728,89.10199999999999
0.074732,89.10199999999999
0.074736,89.10199999999999
0.07474,89.02749999999999
0.074744,89.10199999999999
0.074748,89.02749999999999
0.074752,89.10199999999999
0.074756,89.10199999999999
0.07476,89.10199999999999
0.074764,89.02749999999999
0.074768,89.10199999999999
0.074772,89.10199999999999
0.074776,89.10199999999999
0.07478,89.17649999999999
0.074784,89.10199999999999
0.074788,89.17649999999999
0.074792,89.17649999999999
0.074796,89.10199999999999
0.0748,89.10199999999999
0.074804,89.17649999999999
0.074808,89.10199999999999
0.074812,89.10199999999999
0.074816,89.17649999999999
0.07482,89.17649999999999
0.074824,89.17649999999999
0.074828,89.17649999999999
0.074832,89.10199999999999
0.074836,89.10199999999999
0.07484,89.17649999999999
0.074844,89.10199999999999
0.074848,89.10199999999999
0.074852,89.10199999999999
0.074856,89.17649999999999
0.07486,89.17649999999999
0.074864,89.17649999999999
0.074868,89.17649999999999
0.074872,89.17649999999999
0.074876,89.17649999999999
0.07488,89.17649999999999
0.074884,89.17649999999999
0.074888,89.17649999999999
0.074892,89.17649999999999
0.074896,89.17649999999999
0.0749,89.17649999999999
0.074904,89.17649999999999
0.074908,89.17649999999999
0.074912,89.17649999999999
0.074916,89.17649999999999
0.07492,89.25099999999999
0.074924,89.17649999999999
0.074928,89.25099999999999
0.074932,89.17649999999999
0.074936,89.17649999999999
0.07494,89.10199999999999
0.074944,89.17649999999999
0.074948,89.17649999999999
0.074952,89.17649999999999
0.074956,89.17649999999999
0.07496,89.17649999999999
0.074964,89.17649999999999
0.074968,89.17649999999999
0.074972,89.17649999999999
0.074976,89.17649999999999
0.07498,89.25099999999999
0.074984,89.25099999999999
0.074988,89.17649999999999
0.074992,89.17649999999999
0.074996,89.25099999999999
0.075,89.17649999999999
0.075004,89.25099999999999
0.075008,89.25099999999999
0.075012,89.17649999999999
0.075016,89.17649999999999
0.07502,89.17649999999999
0.075024,89.25099999999999
0.075028,89.25099999999999
0.075032,89.17649999999999
0.075036,89.17649999999999
0.07504,89.25099999999999
0.075044,89.25099999999999
0.075048,89.25099999999999
0.075052,89.25099999999999
0.075056,89.17649999999999
0.07506,89.25099999999999
0.075064,89.25099999999999
0.075068,89.17649999999999
0.075072,89.25099999999999
0.075076,89.25099999999999
0.07508,89.25099999999999
0.075084,89.25099999999999
0.075088,89.25099999999999
0.075092,89.25099999999999
0.075096,89.25099999999999
0.0751,89.25099999999999
0.075104,89.25099999999999
0.075108,89.25099999999999
0.075112,89.25099999999999
0.075116,89.25099999999999
0.07512,89.25099999999999
0.075124,89.25099999999999
0.075128,89.25099999999999
0.075132,89.25099999999999
0.075136,89.25099999999999
0.07514,89.25099999999999
0.075144,89.25099999999999
0.075148,89.25099999999999
0.075152,89.25099999999999
0.075156,89.25099999999999
0.07516,89.25099999999999
0.075164,89.25099999999999
0.075168,89.25099999999999
0.075172,89.25099999999999
0.075176,89.25099999999999
0.07518,89.25099999999999
0.075184,89.25099999999999
0.075188,89.25099999999999
0.075192,89.25099999999999
0.075196,89.25099999999999
0.0752,89.25099999999999
0.075204,89.25099999999999
0.075208,89.25099999999999
0.075212,89.25099999999999
0.075216,89.32549999999999
0.07522,89.32549999999999
0.075224,89.32549999999999
0.075228,89.32549999999999
0.075232,89.32549999999999
0.075236,89.32549999999999
0.07524,89.32549999999999
0.075244,89.32549999999999
0.075248,89.32549999999999
0.075252,89.25099999999999
0.075256,89.32549999999999
0.07526,89.32549999999999
0.075264,89.32549999999999
0.075268,89.32549999999999
0.075272,89.32549999999999
0.075276,89.32549999999999
0.07528,89.25099999999999
0.075284,89.32549999999999
0.075288,89.32549999999999
0.075292,89.32549999999999
0.075296,89.32549999999999
0.0753,89.32549999999999
0.075304,89.32549999999999
0.075308,89.25099999999999
0.075312,89.25099999999999
0.075316,89.32549999999999
0.07532,89.32549999999999
0.075324,89.32549999999999
0.075328,89.32549999999999
0.075332,89.32549999999999
0.075336,89.32549999999999
0.07534,89.32549999999999
0.075344,89.32549999999999
0.075348,89.32549999999999
0.075352,89.32549999999999
0.075356,89.32549999999999
0.07536,89.32549999999999
0.075364,89.32549999999999
0.075368,89.32549999999999
0.075372,89.32549999999999
0.075376,89.32549999999999
0.07538,89.32549999999999
0.075384,89.39999999999999
0.075388,89.32549999999999
0.075392,89.32549999999999
0.075396,89.32549999999999
0.0754,89.32549999999999
0.075404,89.32549999999999
0.075408,89.32549999999999
0.075412,89.32549999999999
0.075416,89.32549999999999
0.07542,89.32549999999999
0.075424,89.32549999999999
0.075428,89.32549999999999
0.075432,89.32549999999999
0.075436,89.39999999999999
0.07544,89.32549999999999
0.075444,89.39999999999999
0.075448,89.32549999999999
0.075452,89.32549999999999
0.075456,89.32549999999999
0.07546,89.32549999999999
0.075464,89.39999999999999
0.075468,89.39999999999999
0.075472,89.39999999999999
0.075476,89.32549999999999
0.07548,89.32549999999999
0.075484,89.32549999999999
0.075488,89.39999999999999
0.075492,89.39999999999999
0.075496,89.32549999999999
0.0755,89.39999999999999
0.075504,89.39999999999999
0.075508,89.39999999999999
0.075512,89.39999999999999
0.075516,89.39999999999999
0.07552,89.39999999999999
0.075524,89.39999999999999
0.075528,89.39999999999999
0.075532,89.39999999999999
0.075536,89.32549999999999
0.07554,89.39999999999999
0.075544,89.39999999999999
0.075548,89.39999999999999
0.075552,89.39999999999999
0.075556,89.39999999999999
0.07556,89.39999999999999
0.075564,89.39999999999999
0.075568,89.39999999999999
0.075572,89.39999999999999
0.075576,89.47449999999999
0.07558,89.47449999999999
0.075584,89.39999999999999
0.075588,89.39999999999999
0.075592,89.47449999999999
0.075596,89.39999999999999
0.0756,89.39999999999999
0.075604,89.39999999999999
0.075608,89.39999999999999
0.075612,89.39999999999999
0.075616,89.39999999999999
0.07562,89.39999999999999
0.075624,89.39999999999999
0.075628,89.47449999999999
0.075632,89.39999999999999
0.075636,89.47449999999999
0.07564,89.47449999999999
0.075644,89.39999999999999
0.075648,89.39999999999999
0.075652,89.47449999999999
0.075656,89.47449999999999
0.07566,89.47449999999999
0.075664,89.47449999999999
0.075668,89.47449999999999
0.075672,89.47449999999999
0.075676,89.39999999999999
0.07568,89.47449999999999
0.075684,89.39999999999999
0.075688,89.39999999999999
0.075692,89.39999999999999
0.075696,89.47449999999999
0.0757,89.39999999999999
0.075704,89.47449999999999
0.075708,89.47449999999999
0.075712,89.47449999999999
0.075716,89.47449999999999
0.07572,89.47449999999999
0.075724,89.47449999999999
0.075728,89.47449999999999
0.075732,89.47449999999999
0.075736,89.47449999999999
0.07574,89.47449999999999
0.075744,89.47449999999999
0.075748,89.47449999999999
0.075752,89.47449999999999
0.075756,89.47449999999999
0.07576,89.47449999999999
0.075764,89.47449999999999
0.075768,89.47449999999999
0.075772,89.47449999999999
0.075776,89.47449999999999
0.07578,89.47449999999999
0.075784,89.47449999999999
0.075788,89.47449999999999
0.075792,89.47449999999999
0.075796,89.47449999999999
0.0758,89.47449999999999
0.075804,89.47449999999999
0.075808,89.47449999999999
0.075812,89.47449999999999
0.075816,89.47449999999999
0.07582,89.47449999999999
0.075824,89.47449999999999
0.075828,89.47449999999999
0.075832,89.54899999999999
0.075836,89.47449999999999
0.07584,89.47449999999999
0.075844,89.54899999999999
0.075848,89.47449999999999
0.075852,89.54899999999999
0.075856,89.54899999999999
0.07586,89.47449999999999
0.075864,89.47449999999999
0.075868,89.54899999999999
0.075872,89.47449999999999
0.075876,89.47449999999999
0.07588,89.54899999999999
0.075884,89.54899999999999
0.075888,89.54899999999999
0.075892,89.47449999999999
0.075896,89.47449999999999
0.0759,89.54899999999999
0.075904,89.54899999999999
0.075908,89.54899999999999
0.075912,89.47449999999999
0.075916,89.54899999999999
0.07592,89.54899999999999
0.075924,89.54899999999999
0.075928,89.47449999999999
0.075932,89.47449999999999
0.075936,89.54899999999999
0.07594,89.54899999999999
0.075944,89.47449999999999
0.075948,89.54899999999999
0.075952,89.54899999999999
0.075956,89.54899999999999
0.07596,89.54899999999999
0.075964,89.47449999999999
0.075968,89.54899999999999
0.075972,89.54899999999999
0.075976,89.54899999999999
0.07598,89.54899999999999
0.075984,89.54899999999999
0.075988,89.54899999999999
0.075992,89.54899999999999
0.075996,89.54899999999999
0.076,89.54899999999999
0.076004,89.54899999999999
0.076008,89.54899999999999
0.076012,89.54899999999999
0.076016,89.54899999999999
0.07602,89.54899999999999
0.076024,89.54899999999999
0.076028,89.54899999999999
0.076032,89.54899999999999
0.076036,89.54899999999999
0.07604,89.54899999999999
0.076044,89.54899999999999
0.076048,89.62349999999999
0.076052,89.54899999999999
0.076056,89.54899999999999
0.07606,89.54899999999999
0.076064,89.54899999999999
0.076068,89.62349999999999
0.076072,89.62349999999999
0.076076,89.54899999999999
0.07608,89.54899999999999
0.076084,89.54899999999999
0.076088,89.54899999999999
0.076092,89.54899999999999
0.076096,89.62349999999999
0.0761,89.54899999999999
0.076104,89.54899999999999
0.076108,89.54899999999999
0.076112,89.62349999999999
0.076116,89.62349999999999
0.07612,89.62349999999999
0.076124,89.62349999999999
0.076128,89.62349999999999
0.076132,89.62349999999999
0.076136,89.62349999999999
0.07614,89.62349999999999
0.076144,89.62349999999999
0.076148,89.62349999999999
0.076152,89.62349999999999
0.076156,89.62349999999999
0.07616,89.62349999999999
0.076164,89.62349999999999
0.076168,89.54899999999999
0.076172,89.62349999999999
0.076176,89.62349999999999
0.07618,89.62349999999999
0.076184,89.62349999999999
0.076188,89.62349999999999
0.076192,89.62349999999999
0.076196,89.62349999999999
0.0762,89.62349999999999
0.076204,89.62349999999999
0.076208,89.62349999999999
0.076212,89.62349999999999
0.076216,89.62349999999999
0.07622,89.62349999999999
0.076224,89.62349999999999
0.076228,89.62349999999999
0.076232,89.62349999999999
0.076236,89.62349999999999
0.07624,89.62349999999999
0.076244,89.62349999999999
0.076248,89.62349999999999
0.076252,89.62349999999999
0.076256,89.62349999999999
0.07626,89.62349999999999
0.076264,89.62349999999999
0.076268,89.62349999999999
0.076272,89.62349999999999
0.076276,89.62349999999999
0.07628,89.62349999999999
0.076284,89.62349999999999
0.076288,89.62349999999999
0.076292,89.62349999999999
0.076296,89.698
0.0763,89.62349999999999
0.076304,89.62349999999999
0.076308,89.62349999999999
0.076312,89.62349999999999
0.076316,89.62349999999999
0.07632,89.62349999999999
0.076324,89.698
0.076328,89.62349999999999
0.076332,89.62349999999999
0.076336,89.62349999999999
0.07634,89.62349999999999
0.076344,89.62349999999999
0.076348,89.62349999999999
0.076352,89.698
0.076356,89.62349999999999
0.07636,89.62349999999999
0.076364,89.62349999999999
0.076368,89.698
0.076372,89.698
0.076376,89.698
0.07638,89.62349999999999
0.076384,89.698
0.076388,89.698
0.076392,89.698
0.076396,89.698
0.0764,89.62349999999999
0.076404,89.62349999999999
0.076408,89.698
0.076412,89.62349999999999
0.076416,89.698
0.07642,89.62349999999999
0.076424,89.62349999999999
0.076428,89.698
0.076432,89.698
0.076436,89.698
0.07644,89.62349999999999
0.076444,89.698
0.076448,89.698
0.076452,89.62349999999999
0.076456,89.698
0.07646,89.62349999999999
0.076464,89.698
0.076468,89.62349999999999
0.076472,89.62349999999999
0.076476,89.698
0.07648,89.698
0.076484,89.62349999999999
0.076488,89.698
0.076492,89.62349999999999
0.076496,89.62349999999999
0.0765,89.698
0.076504,89.698
0.076508,89.698
0.076512,89.62349999999999
0.076516,89.698
0.07652,89.698
0.076524,89.698
0.076528,89.62349999999999
0.076532,89.698
0.076536,89.698
0.07654,89.698
0.076544,89.698
0.076548,89.7725
0.076552,89.698
0.076556,89.698
0.07656,89.698
0.076564,89.698
0.076568,89.698
0.076572,89.698
0.076576,89.698
0.07658,89.698
0.076584,89.698
0.076588,89.7725
0.076592,89.698
0.076596,89.698
0.0766,89.698
0.076604,89.698
0.076608,89.698
0.076612,89.698
0.076616,89.7725
0.07662,89.7725
0.076624,89.698
0.076628,89.698
0.076632,89.698
0.076636,89.698
0.07664,89.698
0.076644,89.698
0.076648,89.698
0.076652,89.698
0.076656,89.698
0.07666,89.698
0.076664,89.698
0.076668,89.698
0.076672,89.7725
0.076676,89.698
0.07668,89.698
0.076684,89.698
0.076688,89.698
0.076692,89.7725
0.076696,89.698
0.0767,89.698
0.076704,89.7725
0.076708,89.7725
0.076712,89.7725
0.076716,89.7725
0.07672,89.698
0.076724,89.698
0.076728,89.7725
0.076732,89.7725
0.076736,89.7725
0.07674,89.698
0.076744,89.698
0.076748,89.7725
0.076752,89.7725
0.076756,89.698
0.07676,89.698
0.076764,89.7725
0.076768,89.7725
0.076772,89.698
0.076776,89.7725
0.07678,89.7725
0.076784,89.7725
0.076788,89.7725
0.076792,89.698
0.076796,89.7725
0.0768,89.7725
0.076804,89.7725
0.076808,89.7725
0.076812,89.698
0.076816,89.7725
0.07682,89.7725
0.076824,89.698
0.076828,89.698
0.076832,89.7725
0.076836,89.7725
0.07684,89.7725
0.076844,89.7725
0.076848,89.7725
0.076852,89.7725
0.076856,89.7725
0.07686,89.7725
0.076864,89.7725
0.076868,89.698
0.076872,89.7725
0.076876,89.7725
0.07688,89.7725
0.076884,89.7725
0.076888,89.7725
0.076892,89.7725
0.076896,89.7725
0.0769,89.7725
0.076904,89.7725
0.076908,89.7725
0.076912,89.7725
0.076916,89.7725
0.07692,89.7725
0.076924,89.7725
0.076928,89.7725
0.076932,89.847
0.076936,89.7725
0.07694,89.7725
0.076944,89.7725
0.076948,89.7725
0.076952,89.847
0.076956,89.7725
0.07696,89.847
0.076964,89.7725
0.076968,89.7725
0.076972,89.7725
0.076976,89.7725
0.07698,89.7725
0.076984,89.7725
0.076988,89.7725
0.076992,89.847
0.076996,89.847
0.077,89.7725
0.077004,89.7725
0.077008,89.7725
0.077012,89.7725
0.077016,89.7725
0.07702,89.7725
0.077024,89.847
0.077028,89.7725
0.077032,89.7725
0.077036,89.7725
0.07704,89.7725
0.077044,89.7725
0.077048,89.847
0.077052,89.7725
0.077056,89.7725
0.07706,89.847
0.077064,89.847
0.077068,89.7725
0.077072,89.847
0.077076,89.847
0.07708,89.847
0.077084,89.847
0.077088,89.7725
0.077092,89.847
0.077096,89.7725
0.0771,89.847
0.077104,89.847
0.077108,89.847
0.077112,89.7725
0.077116,89.847
0.07712,89.7725
0.077124,89.847
0.077128,89.847
0.077132,89.847
0.077136,89.847
0.07714,89.7725
0.077144,89.847
0.077148,89.7725
0.077152,89.847
0.077156,89.7725
0.07716,89.7725
0.077164,89.847
0.077168,89.847
0.077172,89.847
0.077176,89.847
0.07718,89.847
0.077184,89.847
0.077188,89.847
0.077192,89.847
0.077196,89.847
0.0772,89.847
0.077204,89.9215
0.077208,89.847
0.077212,89.847
0.077216,89.847
0.07722,89.847
0.077224,89.847
0.077228,89.7725
0.077232,89.847
0.077236,89.847
0.07724,89.847
0.077244,89.847
0.077248,89.847
0.077252,89.847
0.077256,89.847
0.07726,89.847
0.077264,89.7725
0.077268,89.847
0.077272,89.847
0.077276,89.847
0.07728,89.847
0.077284,89.847
0.077288,89.847
0.077292,89.9215
0.077296,89.847
0.0773,89.847
0.077304,89.9215
0.077308,89.847
0.077312,89.847
0.077316,89.847
0.07732,89.847
0.077324,89.9215
0.077328,89.9215
0.077332,89.847
0.077336,89.847
0.07734,89.847
0.077344,89.847
0.077348,89.9215
0.077352,89.9215
0.077356,89.847
0.07736,89.847
0.077364,89.9215
0.077368,89.9215
0.077372,89.9215
0.077376,89.847
0.07738,89.9215
0.077384,89.847
0.077388,89.9215
0.077392,89.847
0.077396,89.9215
0.0774,89.847
0.077404,89.847
0.077408,89.847
0.077412,89.9215
0.077416,89.9215
0.07742,89.9215
0.077424,89.9215
0.077428,89.847
0.077432,89.9215
0.077436,89.847
0.07744,89.9215
0.077444,89.847
0.077448,89.847
0.077452,89.9215
0.077456,89.9215
0.07746,89.9215
0.077464,89.847
0.077468,89.847
0.077472,89.9215
0.077476,89.847
0.07748,89.847
0.077484,89.9215
0.077488,89.9215
0.077492,89.9215
0.077496,89.9215
0.0775,89.9215
0.077504,89.9215
0.077508,89.847
0.077512,89.9215
0.077516,89.9215
0.07752,89.9215
0.077524,89.9215
0.077528,89.9215
0.077532,89.9215
0.077536,89.9215
0.07754,89.9215
0.077544,89.9215
0.077548,89.9215
0.077552,89.9215
0.077556,89.9215
0.07756,89.847
0.077564,89.9215
0.077568,89.9215
0.077572,89.9215
0.077576,89.9215
0.07758,89.9215
0.077584,89.9215
0.077588,89.9215
0.077592,89.9215
0.077596,89.9215
0.0776,89.9215
0.077604,89.9215
0.077608,89.9215
0.077612,89.9215
0.077616,89.9215
0.07762,89.9215
0.077624,89.9215
0.077628,89.9215
0.077632,89.9215
0.077636,89.9215
0.07764,89.9215
0.077644,89.9215
0.077648,89.9215
0.077652,89.9215
0.077656,89.9215
0.07766,89.9215
0.077664,89.9215
0.077668,89.9215
0.077672,89.9215
0.077676,89.9215
0.07768,89.9215
0.077684,89.9215
0.077688,89.9215
0.077692,89.9215
0.077696,89.9215
0.0777,89.9215
0.077704,89.9215
0.077708,89.9215
0.077712,89.9215
0.077716,89.9215
0.07772,89.9215
0.077724,89.9215
0.077728,89.9215
0.077732,89.9215
0.077736,89.9215
0.07774,89.9215
0.077744,89.9215
0.077748,89.9215
0.077752,89.9215
0.077756,89.9215
0.07776,89.9215
0.077764,89.9215
0.077768,89.9215
0.077772,89.9215
0.077776,89.9215
0.07778,89.9215
0.077784,89.9215
0.077788,89.9215
0.077792,89.9215
0.077796,89.9215
0.0778,89.9215
0.077804,89.9215
0.077808,89.9215
0.077812,89.9215
0.077816,89.996
0.07782,89.9215
0.077824,89.9215
0.077828,89.9215
0.077832,89.9215
0.077836,89.9215
0.07784,89.9215
0.077844,89.9215
0.077848,89.9215
0.077852,89.9215
0.077856,89.9215
0.07786,89.9215
0.077864,89.9215
0.077868,89.9215
0.077872,89.9215
0.077876,89.9215
0.07788,89.9215
0.077884,89.9215
0.077888,89.9215
0.077892,89.9215
0.077896,89.996
0.0779,89.9215
0.077904,89.9215
0.077908,89.996
0.077912,89.9215
0.077916,89.9215
0.07792,89.9215
0.077924,89.996
0.077928,89.996
0.077932,89.9215
0.077936,89.9215
0.07794,89.996
0.077944,89.996
0.077948,89.996
0.077952,89.9215
0.077956,89.996
0.07796,89.996
0.077964,89.996
0.077968,89.9215
0.077972,89.996
0.077976,89.9215
0.07798,89.9215
0.077984,89.9215
0.077988,89.9215
0.077992,89.9215
0.077996,89.996
0.078,89.9215
0.078004,89.9215
0.078008,89.996
0.078012,89.996
0.078016,89.9215
0.07802,89.9215
0.078024,89.9215
0.078028,89.996
0.078032,89.996
0.078036,89.996
0.07804,89.9215
0.078044,89.996
0.078048,89.996
0.078052,89.996
0.078056,89.9215
0.07806,89.996
0.078064,89.9215
0.078068,89.9215
0.078072,89.996
0.078076,89.9215
0.07808,89.996
0.078084,89.996
0.078088,89.996
0.078092,89.996
0.078096,89.996
0.0781,89.996
0.078104,89.9215
0.078108,89.996
0.078112,89.996
0.078116,89.996
0.07812,89.9215
0.078124,89.996
0.078128,89.996
0.078132,89.9215
0.078136,89.996
0.07814,89.9215
0.078144,89.996
0.078148,89.996
0.078152,89.996
0.078156,89.9215
0.07816,89.996
0.078164,89.996
0.078168,89.996
0.078172,89.996
0.078176,89.9215
0.07818,89.996
0.078184,89.996
0.078188,89.996
0.078192,89.996
0.078196,89.996
0.0782,89.996
0.078204,89.9215
0.078208,89.9215
0.078212,89.9215
0.078216,89.996
0.07822,89.9215
0.078224,89.996
0.078228,89.9215
0.078232,89.996
0.078236,89.996
0.07824,89.996
0.078244,89.996
0.078248,89.9215
0.078252,89.996
0.078256,89.996
0.07826,89.996
0.078264,89.996
0.078268,89.996
0.078272,89.996
0.078276,89.996
0.07828,89.996
0.078284,89.996
0.078288,89.996
0.078292,89.996
0.078296,89.996
0.0783,89.9215
0.078304,89.996
0.078308,89.9215
0.078312,89.996
0.078316,89.996
0.07832,89.996
0.078324,89.996
0.078328,89.996
0.078332,89.996
0.078336,89.9215
0.07834,89.996
0.078344,89.9215
0.078348,89.9215
0.078352,90.0705
0.078356,89.996
0.07836,89.996
0.078364,89.996
0.078368,89.996
0.078372,89.996
0.078376,89.996
0.07838,89.996
0.078384,89.996
0.078388,89.996
0.078392,89.996
0.078396,89.996
0.0784,89.996
0.078404,89.996
0.078408,89.996
0.078412,89.996
0.078416,89.996
0.07842,89.996
0.078424,89.996
0.078428,89.996
0.078432,90.0705
0.078436,89.996
0.07844,89.996
0.078444,89.996
0.078448,89.996
0.078452,89.996
0.078456,89.996
0.07846,89.996
0.078464,89.996
0.078468,89.996
0.078472,90.0705
0.078476,89.996
0.07848,89.996
0.078484,89.996
0.078488,89.996
0.078492,89.996
0.078496,89.996
0.0785,89.996
0.078504,89.996
0.078508,89.996
0.078512,89.996
0.078516,89.996
0.07852,89.996
0.078524,89.996
0.078528,89.996
0.078532,90.0705
0.078536,89.996
0.07854,89.996
0.078544,89.996
0.078548,90.0705
0.078552,90.0705
0.078556,89.996
0.07856,89.996
0.078564,89.996
0.078568,89.996
0.078572,89.996
0.078576,89.996
0.07858,90.0705
0.078584,90.0705
0.078588,90.0705
0.078592,90.0705
0.078596,89.996
0.0786,90.0705
0.078604,90.0705
0.078608,89.996
0.078612,90.0705
0.078616,89.996
0.07862,89.996
0.078624,89.996
0.078628,90.0705
0.078632,90.0705
0.078636,89.996
0.07864,90.0705
0.078644,89.996
0.078648,90.0705
0.078652,89.996
0.078656,90.0705
0.07866,89.996
0.078664,90.0705
0.078668,89.996
0.078672,90.0705
0.078676,89.996
0.07868,89.996
0.078684,90.0705
0.078688,90.0705
0.078692,89.996
0.078696,89.996
0.0787,90.0705
0.078704,90.0705
0.078708,89.996
0.078712,90.0705
0.078716,90.0705
0.07872,89.996
0.078724,90.0705
0.078728,90.0705
0.078732,90.0705
0.078736,90.0705
0.07874,90.0705
0.078744,90.0705
0.078748,89.996
0.078752,90.0705
0.078756,90.0705
0.07876,90.0705
0.078764,90.0705
0.078768,89.996
0.078772,90.0705
0.078776,90.0705
0.07878,90.0705
0.078784,90.0705
0.078788,90.0705
0.078792,90.0705
0.078796,89.996
0.0788,89.996
0.078804,90.0705
0.078808,89.996
0.078812,89.996
0.078816,90.0705
0.07882,89.996
0.078824,90.0705
0.078828,90.0705
0.078832,90.0705
0.078836,89.996
0.07884,89.996
0.078844,90.0705
0.078848,90.0705
0.078852,90.0705
0.078856,89.996
0.07886,90.0705
0.078864,90.0705
0.078868,90.0705
0.078872,89.996
0.078876,90.0705
0.07888,90.0705
0.078884,90.0705
0.078888,90.0705
0.078892,90.0705
0.078896,90.0705
0.0789,90.0705
0.078904,90.0705
0.078908,90.0705
0.078912,90.0705
0.078916,90.0705
0.07892,90.0705
0.078924,90.0705
0.078928,90.0705
0.078932,90.0705
0.078936,90.0705
0.07894,90.0705
0.078944,90.0705
0.078948,90.0705
0.078952,89.996
0.078956,90.0705
0.07896,90.0705
0.078964,90.0705
0.078968,90.0705
0.078972,90.0705
0.078976,89.996
0.07898,90.0705
0.078984,90.0705
0.078988,90.0705
0.078992,90.0705
0.078996,90.0705
0.079,90.0705
0.079004,90.0705
0.079008,90.0705
0.079012,90.0705
0.079016,90.0705
0.07902,90.0705
0.079024,90.0705
0.079028,90.0705
0.079032,90.0705
0.079036,90.0705
0.07904,90.0705
0.079044,90.0705
0.079048,90.0705
0.079052,90.0705
0.079056,89.996
0.07906,90.0705
0.079064,90.0705
0.079068,90.0705
0.079072,90.0705
0.079076,90.0705
0.07908,90.0705
0.079084,90.0705
0.079088,89.996
0.079092,90.0705
0.079096,90.0705
0.0791,90.0705
0.079104,90.0705
0.079108,90.0705
0.079112,89.996
0.079116,90.0705
0.07912,90.0705
0.079124,90.0705
0.079128,90.0705
0.079132,90.0705
0.079136,90.0705
0.07914,90.0705
0.079144,90.0705
0.079148,90.0705
0.079152,90.0705
0.079156,90.0705
0.07916,90.0705
0.079164,90.0705
0.079168,90.0705
0.079172,90.0705
0.079176,90.0705
0.07918,90.0705
0.079184,90.0705
0.079188,90.0705
0.079192,90.0705
0.079196,90.0705
0.0792,90.0705
0.079204,90.0705
0.079208,90.0705
0.079212,90.0705
0.079216,90.0705
0.07922,90.0705
0.079224,90.0705
0.079228,90.0705
0.079232,90.0705
0.079236,90.0705
0.07924,90.145
0.079244,90.0705
0.079248,90.0705
0.079252,90.0705
0.079256,90.0705
0.07926,90.0705
0.079264,90.0705
0.079268,90.0705
0.079272,90.0705
0.079276,90.0705
0.07928,90.0705
0.079284,90.0705
0.079288,90.0705
0.079292,90.0705
0.079296,90.0705
0.0793,90.0705
0.079304,90.0705
0.079308,90.0705
0.079312,90.0705
0.079316,90.0705
0.07932,90.0705
0.079324,90.0705
0.079328,90.0705
0.079332,90.0705
0.079336,90.0705
0.07934,90.0705
0.079344,90.145
0.079348,90.0705
0.079352,90.0705
0.079356,90.0705
0.07936,90.145
0.079364,90.0705
0.079368,90.0705
0.079372,90.145
0.079376,90.145
0.07938,90.145
0.079384,90.0705
0.079388,90.145
0.079392,90.145
0.079396,90.0705
0.0794,90.0705
0.079404,90.0705
0.079408,90.0705
0.079412,90.0705
0.079416,90.145
0.07942,90.145
0.079424,90.0705
0.079428,90.0705
0.079432,90.0705
0.079436,90.0705
0.07944,90.0705
0.079444,90.0705
0.079448,90.145
0.079452,90.0705
0.079456,90.145
0.07946,90.0705
0.079464,90.145
0.079468,90.0705
0.079472,90.145
0.079476,90.145
0.07948,90.0705
0.079484,90.0705
0.079488,90.0705
0.079492,90.0705
0.079496,90.145
0.0795,90.0705
0.079504,90.0705
0.079508,90.145
0.079512,90.0705
0.079516,90.145
0.07952,90.0705
0.079524,90.145
0.079528,90.145
0.079532,90.145
0.079536,90.145
0.07954,90.0705
0.079544,90.0705
0.079548,90.0705
0.079552,90.145
0.079556,90.0705
0.07956,90.145
0.079564,90.0705
0.079568,90.0705
0.079572,90.0705
0.079576,90.0705
0.07958,90.0705
0.079584,90.145
0.079588,90.0705
0.079592,90.145
0.079596,90.145
0.0796,90.0705
0.079604,90.0705
0.079608,90.0705
0.079612,90.0705
0.079616,90.0705
0.07962,90.0705
0.079624,90.145
0.079628,90.0705
0.079632,90.145
0.079636,90.0705
0.07964,90.0705
0.079644,90.0705
0.079648,90.0705
0.079652,90.0705
0.079656,90.0705
0.07966,90.0705
0.079664,90.145
0.079668,90.0705
0.079672,90.0705
0.079676,90.0705
0.07968,90.0705
0.079684,90.0705
0.079688,90.0705
0.079692,90.0705
0.079696,90.145
0.0797,90.0705
0.079704,90.0705
0.079708,90.0705
0.079712,90.0705
0.079716,90.0705
0.07972,90.0705
0.079724,90.0705
0.079728,90.145
0.079732,90.0705
0.079736,90.0705
0.07974,90.0705
0.079744,90.0705
0.079748,90.145
0.079752,90.0705
0.079756,90.0705
0.07976,90.0705
0.079764,90.0705
0.079768,90.0705
0.079772,90.0705
0.079776,90.0705
0.07978,90.0705
0.079784,90.0705
0.079788,90.0705
0.079792,90.0705
0.079796,90.0705
0.0798,90.0705
0.079804,90.0705
0.079808,90.0705
0.079812,90.0705
0.079816,90.0705
0.07982,90.0705
0.079824,90.0705
0.079828,90.0705
0.079832,90.0705
0.079836,90.0705
0.07984,90.0705
0.079844,90.0705
0.079848,90.145
0.079852,90.0705
0.079856,90.145
0.07986,90.0705
0.079864,90.0705
0.079868,90.145
0.079872,90.0705
0.079876,90.0705
0.07988,90.0705
0.079884,90.0705
0.079888,90.0705
0.079892,90.0705
0.079896,90.145
0.0799,90.0705
0.079904,90.0705
0.079908,90.0705
0.079912,90.0705
0.079916,90.0705
0.07992,90.0705
0.079924,90.0705
0.079928,90.0705
0.079932,90.0705
0.079936,90.0705
0.07994,90.0705
0.079944,90.0705
0.079948,90.0705
0.079952,90.0705
0.079956,90.0705
0.07996,90.145
0.079964,90.0705
0.079968,90.0705
0.079972,90.0705
0.079976,90.0705
0.07998,90.0705
0.079984,90.0705
0.079988,90.0705
0.079992,90.0705
0.079996,90.0705
0.08,90.0705
0.080004,90.0705
0.080008,90.0705
0.080012,90.0705
0.080016,90.0705
0.08002,90.0705
0.080024,90.0705
0.080028,90.0705
0.080032,90.0705
0.080036,90.0705
0.08004,90.0705
0.080044,90.0705
0.080048,90.0705
0.080052,90.0705
0.080056,90.0705
0.08006,90.0705
0.080064,90.0705
0.080068,90.0705
0.080072,89.996
0.080076,90.0705
0.08008,90.0705
0.080084,89.996
0.080088,89.996
0.080092,90.0705
0.080096,90.0705
0.0801,89.996
0.080104,90.0705
0.080108,90.0705
0.080112,90.0705
0.080116,90.0705
0.08012,90.0705
0.080124,89.996
0.080128,90.0705
0.080132,90.0705
0.080136,90.0705
0.08014,90.0705
0.080144,90.0705
0.080148,90.0705
0.080152,90.0705
0.080156,89.996
0.08016,90.0705
0.080164,90.0705
0.080168,90.0705
0.080172,89.996
0.080176,90.0705
0.08018,90.0705
0.080184,90.0705
0.080188,90.0705
0.080192,90.0705
0.080196,90.0705
0.0802,90.0705
0.080204,90.0705
0.080208,90.0705
0.080212,90.0705
0.080216,90.0705
0.08022,90.0705
0.080224,89.996
0.080228,90.0705
0.080232,90.0705
0.080236,90.0705
0.08024,90.0705
0.080244,90.0705
0.080248,90.0705
0.080252,90.0705
0.080256,90.0705
0.08026,90.0705
0.080264,89.996
0.080268,90.0705
0.080272,89.996
0.080276,90.0705
0.08028,90.0705
0.080284,90.0705
0.080288,90.0705
0.080292,89.996
0.080296,90.0705
0.0803,90.0705
0.080304,90.0705
0.080308,90.0705
0.080312,89.996
0.080316,90.0705
0.08032,89.996
0.080324,90.0705
0.080328,90.0705
0.080332,89.996
0.080336,90.0705
0.08034,90.0705
0.080344,90.0705
0.080348,90.0705
0.080352,90.0705
0.080356,90.0705
0.08036,90.0705
0.080364,90.0705
0.080368,90.0705
0.080372,90.0705
0.080376,90.0705
0.08038,89.996
0.080384,90.0705
0.080388,90.0705
0.080392,90.0705
0.080396,89.996
0.0804,90.0705
0.080404,90.0705
0.080408,90.0705
0.080412,90.0705
0.080416,90.0705
0.08042,90.0705
0.080424,89.996
0.080428,90.0705
0.080432,90.0705
0.080436,89.996
0.08044,89.996
0.080444,90.0705
0.080448,90.0705
0.080452,90.0705
0.080456,90.0705
0.08046,90.0705
0.080464,90.0705
0.080468,89.996
0.080472,89.996
0.080476,89.996
0.08048,90.0705
0.080484,89.996
0.080488,89.996
0.080492,90.0705
0.080496,89.996
0.0805,90.0705
0.080504,90.0705
0.080508,90.0705
0.080512,89.996
0.080516,90.0705
0.08052,89.996
0.080524,89.996
0.080528,89.996
0.080532,90.0705
0.080536,90.0705
0.08054,89.996
0.080544,89.996
0.080548,90.0705
0.080552,89.996
0.080556,89.996
0.08056,89.996
0.080564,90.0705
0.080568,89.996
0.080572,89.996
0.080576,89.996
0.08058,90.0705
0.080584,90.0705
0.080588,90.0705
0.080592,90.0705
0.080596,89.996
0.0806,89.996
0.080604,90.0705
0.080608,90.0705
0.080612,90.0705
0.080616,90.0705
0.08062,89.996
0.080624,89.996
0.080628,90.0705
0.080632,89.996
0.080636,89.996
0.08064,89.996
0.080644,90.0705
0.080648,89.996
0.080652,89.996
0.080656,89.996
0.08066,89.996
0.080664,89.996
0.080668,89.996
0.080672,89.996
0.080676,89.996
0.08068,89.996
0.080684,89.996
0.080688,89.996
0.080692,90.0705
0.080696,89.996
0.0807,90.0705
0.080704,90.0705
0.080708,89.996
0.080712,90.0705
0.080716,89.996
0.08072,89.996
0.080724,89.996
0.080728,89.996
0.080732,89.996
0.080736,89.996
0.08074,90.0705
0.080744,89.996
0.080748,89.996
0.080752,89.996
0.080756,89.996
0.08076,89.996
0.080764,90.0705
0.080768,89.996
0.080772,89.996
0.080776,89.996
0.08078,89.996
0.080784,89.996
0.080788,89.996
0.080792,89.996
0.080796,89.996
0.0808,89.996
0.080804,90.0705
0.080808,89.996
0.080812,89.996
0.080816,89.996
0.08082,89.996
0.080824,89.996
0.080828,89.996
0.080832,90.0705
0.080836,89.996
0.08084,89.996
0.080844,89.996
0.080848,89.996
0.080852,89.996
0.080856,89.996
0.08086,89.996
0.080864,89.996
0.080868,89.996
0.080872,89.996
0.080876,89.996
0.08088,89.996
0.080884,89.996
0.080888,89.996
0.080892,89.996
0.080896,89.996
0.0809,89.996
0.080904,89.996
0.080908,89.996
0.080912,89.996
0.080916,89.996
0.08092,89.996
0.080924,89.996
0.080928,89.996
0.080932,89.996
0.080936,89.9215
0.08094,89.996
0.080944,89.996
0.080948,89.996
0.080952,89.996
0.080956,89.996
0.08096,89.996
0.080964,89.996
0.080968,89.996
0.080972,89.996
0.080976,89.996
0.08098,89.9215
0.080984,89.9215
0.080988,89.996
0.080992,89.996
0.080996,89.996
0.081,89.996
0.081004,89.9215
0.081008,89.996
0.081012,89.996
0.081016,89.996
0.08102,89.9215
0.081024,89.996
0.081028,89.9215
0.081032,89.996
0.081036,89.996
0.08104,89.996
0.081044,89.9215
0.081048,89.996
0.081052,89.996
0.081056,89.996
0.08106,89.996
0.081064,89.9215
0.081068,89.996
0.081072,89.996
0.081076,89.9215
0.08108,89.9215
0.081084,89.996
0.081088,89.9215
0.081092,89.9215
0.081096,89.9215
0.0811,89.996
0.081104,89.996
0.081108,89.996
0.081112,89.996
0.081116,89.996
0.08112,89.996
0.081124,89.996
0.081128,89.9215
0.081132,89.996
0.081136,89.9215
0.08114,89.9215
0.081144,89.996
0.081148,89.9215
0.081152,89.9215
0.081156,89.996
0.08116,89.9215
0.081164,89.9215
0.081168,89.9215
0.081172,89.996
0.081176,89.996
0.08118,89.9215
0.081184,89.9215
0.081188,89.9215
0.081192,89.996
0.081196,89.996
0.0812,89.996
0.081204,89.9215
0.081208,89.9215
0.081212,89.996
0.081216,89.9215
0.08122,89.9215
0.081224,89.9215
0.081228,89.996
0.081232,89.9215
0.081236,89.9215
0.08124,89.996
0.081244,89.9215
0.081248,89.9215
0.081252,89.996
0.081256,89.9215
0.08126,89.9215
0.081264,89.996
0.081268,89.9215
0.081272,89.996
0.081276,89.9215
0.08128,89.9215
0.081284,89.9215
0.081288,89.996
0.081292,89.9215
0.081296,89.9215
0.0813,89.9215
0.081304,89.9215
0.081308,89.9215
0.081312,89.9215
0.081316,89.9215
0.08132,89.9215
0.081324,89.9215
0.081328,89.9215
0.081332,89.9215
0.081336,89.9215
0.08134,89.9215
0.081344,89.996
0.081348,89.9215
0.081352,89.9215
0.081356,89.9215
0.08136,89.9215
0.081364,89.9215
0.081368,89.9215
0.081372,89.9215
0.081376,89.9215
0.08138,89.9215
0.081384,89.9215
0.081388,89.9215
0.081392,89.9215
0.081396,89.9215
0.0814,89.9215
0.081404,89.9215
0.081408,89.9215
0.081412,89.9215
0.081416,89.9215
0.08142,89.9215
0.081424,89.9215
0.081428,89.9215
0.081432,89.9215
0.081436,89.9215
0.08144,89.9215
0.081444,89.9215
0.081448,89.9215
0.081452,89.9215
0.081456,89.9215
0.08146,89.9215
0.081464,89.9215
0.081468,89.9215
0.081472,89.9215
0.081476,89.9215
0.08148,89.9215
0.081484,89.9215
0.081488,89.9215
0.081492,89.9215
0.081496,89.9215
0.0815,89.9215
0.081504,89.9215
0.081508,89.9215
0.081512,89.9215
0.081516,89.9215
0.08152,89.9215
0.081524,89.9215
0.081528,89.9215
0.081532,89.9215
0.081536,89.9215
0.08154,89.9215
0.081544,89.9215
0.081548,89.9215
0.081552,89.9215
0.081556,89.847
0.08156,89.847
0.081564,89.847
0.081568,89.9215
0.081572,89.9215
0.081576,89.9215
0.08158,89.9215
0.081584,89.9215
0.081588,89.847
0.081592,89.9215
0.081596,89.9215
0.0816,89.9215
0.081604,89.9215
0.081608,89.9215
0.081612,89.9215
0.081616,89.9215
0.08162,89.9215
0.081624,89.9215
0.081628,89.847
0.081632,89.9215
0.081636,89.9215
0.08164,89.9215
0.081644,89.847
0.081648,89.9215
0.081652,89.847
0.081656,89.847
0.08166,89.9215
0.081664,89.9215
0.081668,89.9215
0.081672,89.847
0.081676,89.847
0.08168,89.847
0.081684,89.847
0.081688,89.9215
0.081692,89.9215
0.081696,89.847
0.0817,89.9215
0.081704,89.847
0.081708,89.847
0.081712,89.9215
0.081716,89.847
0.08172,89.847
0.081724,89.847
0.081728,89.847
0.081732,89.9215
0.081736,89.9215
0.08174,89.847
0.081744,89.847
0.081748,89.847
0.081752,89.847
0.081756,89.9215
0.08176,89.847
0.081764,89.847
0.081768,89.847
0.081772,89.847
0.081776,89.847
0.08178,89.847
0.081784,89.9215
0.081788,89.847
0.081792,89.847
0.081796,89.847
0.0818,89.847
0.081804,89.847
0.081808,89.847
0.081812,89.847
0.081816,89.847
0.08182,89.847
0.081824,89.847
0.081828,89.847
0.081832,89.847
0.081836,89.847
0.08184,89.847
0.081844,89.847
0.081848,89.847
0.081852,89.847
0.081856,89.9215
0.08186,89.847
0.081864,89.847
0.081868,89.847
0.081872,89.847
0.081876,89.847
0.08188,89.847
0.081884,89.847
0.081888,89.7725
0.081892,89.847
0.081896,89.847
0.0819,89.847
0.081904,89.847
0.081908,89.847
0.081912,89.847
0.081916,89.847
0.08192,89.847
0.081924,89.847
0.081928,89.847
0.081932,89.847
0.081936,89.847
0.08194,89.847
0.081944,89.847
0.081948,89.847
0.081952,89.7725
0.081956,89.847
0.08196,89.7725
0.081964,89.847
0.081968,89.847
0.081972,89.847
0.081976,89.7725
0.08198,89.847
0.081984,89.847
0.081988,89.7725
0.081992,89.7725
0.081996,89.7725
0.082,89.7725
0.082004,89.7725
0.082008,89.7725
0.082012,89.7725
0.082016,89.7725
0.08202,89.7725
0.082024,89.847
0.082028,89.7725
0.082032,89.7725
0.082036,89.7725
0.08204,89.7725
0.082044,89.7725
0.082048,89.7725
0.082052,89.7725
0.082056,89.7725
0.08206,89.7725
0.082064,89.7725
0.082068,89.847
0.082072,89.7725
0.082076,89.7725
0.08208,89.7725
0.082084,89.7725
0.082088,89.7725
0.082092,89.847
0.082096,89.847
0.0821,89.7725
0.082104,89.7725
0.082108,89.7725
0.082112,89.7725
0.082116,89.847
0.08212,89.7725
0.082124,89.847
0.082128,89.7725
0.082132,89.7725
0.082136,89.7725
0.08214,89.847
0.082144,89.847
0.082148,89.847
0.082152,89.7725
0.082156,89.7725
0.08216,89.7725
0.082164,89.7725
0.082168,89.7725
0.082172,89.7725
0.082176,89.7725
0.08218,89.7725
0.082184,89.7725
0.082188,89.7725
0.082192,89.7725
0.082196,89.7725
0.0822,89.7725
0.082204,89.7725
0.082208,89.7725
0.082212,89.7725
0.082216,89.7725
0.08222,89.7725
0.082224,89.7725
0.082228,89.7725
0.082232,89.7725
0.082236,89.7725
0.08224,89.7725
0.082244,89.7725
0.082248,89.847
0.082252,89.7725
0.082256,89.7725
0.08226,89.7725
0.082264,89.7725
0.082268,89.7725
0.082272,89.7725
0.082276,89.7725
0.08228,89.847
0.082284,89.847
0.082288,89.7725
0.082292,89.7725
0.082296,89.7725
0.0823,89.7725
0.082304,89.7725
0.082308,89.7725
0.082312,89.7725
0.082316,89.7725
0.08232,89.7725
0.082324,89.7725
0.082328,89.7725
0.082332,89.7725
0.082336,89.7725
0.08234,89.7725
0.082344,89.7725
0.082348,89.7725
0.082352,89.7725
0.082356,89.7725
0.08236,89.7725
0.082364,89.7725
0.082368,89.7725
0.082372,89.7725
0.082376,89.7725
0.08238,89.7725
0.082384,89.7725
0.082388,89.7725
0.082392,89.7725
0.082396,89.698
0.0824,89.7725
0.082404,89.7725
0.082408,89.7725
0.082412,89.7725
0.082416,89.7725
0.08242,89.7725
0.082424,89.7725
0.082428,89.7725
0.082432,89.7725
0.082436,89.7725
0.08244,89.7725
0.082444,89.7725
0.082448,89.7725
0.082452,89.7725
0.082456,89.698
0.08246,89.7725
0.082464,89.7725
0.082468,89.7725
0.082472,89.698
0.082476,89.698
0.08248,89.698
0.082484,89.698
0.082488,89.7725
0.082492,89.698
0.082496,89.7725
0.0825,89.698
0.082504,89.698
0.082508,89.698
0.082512,89.698
0.082516,89.698
0.08252,89.7725
0.082524,89.698
0.082528,89.698
0.082532,89.698
0.082536,89.698
0.08254,89.7725
0.082544,89.7725
0.082548,89.698
0.082552,89.698
0.082556,89.698
0.08256,89.698
0.082564,89.698
0.082568,89.698
0.082572,89.698
0.082576,89.698
0.08258,89.698
0.082584,89.698
0.082588,89.698
0.082592,89.698
0.082596,89.698
0.0826,89.698
0.082604,89.698
0.082608,89.698
0.082612,89.698
0.082616,89.698
0.08262,89.698
0.082624,89.698
0.082628,89.7725
0.082632,89.698
0.082636,89.698
0.08264,89.698
0.082644,89.698
0.082648,89.698
0.082652,89.698
0.082656,89.698
0.08266,89.7725
0.082664,89.62349999999999
0.082668,89.698
0.082672,89.62349999999999
0.082676,89.698
0.08268,89.698
0.082684,89.698
0.082688,89.698
0.082692,89.698
0.082696,89.698
0.0827,89.698
0.082704,89.698
0.082708,89.698
0.082712,89.62349999999999
0.082716,89.698
0.08272,89.698
0.082724,89.698
0.082728,89.698
0.082732,89.62349999999999
0.082736,89.698
0.08274,89.698
0.082744,89.62349999999999
0.082748,89.62349999999999
0.082752,89.698
0.082756,89.698
0.08276,89.698
0.082764,89.698
0.082768,89.698
0.082772,89.62349999999999
0.082776,89.62349999999999
0.08278,89.698
0.082784,89.698
0.082788,89.698
0.082792,89.698
0.082796,89.698
0.0828,89.62349999999999
0.082804,89.62349999999999
0.082808,89.698
0.082812,89.62349999999999
0.082816,89.698
0.08282,89.62349999999999
0.082824,89.62349999999999
0.082828,89.62349999999999
0.082832,89.62349999999999
0.082836,89.62349999999999
0.08284,89.62349999999999
0.082844,89.62349999999999
0.082848,89.62349999999999
0.082852,89.62349999999999
0.082856,89.62349999999999
0.08286,89.62349999999999
0.082864,89.62349999999999
0.082868,89.62349999999999
0.082872,89.62349999999999
0.082876,89.698
0.08288,89.698
0.082884,89.62349999999999
0.082888,89.62349999999999
0.082892,89.62349999999999
0.082896,89.62349999999999
0.0829,89.62349999999999
0.082904,89.62349999999999
0.082908,89.62349999999999
0.082912,89.62349999999999
0.082916,89.62349999999999
0.08292,89.62349999999999
0.082924,89.62349999999999
0.082928,89.62349999999999
0.082932,89.62349999999999
0.082936,89.62349999999999
0.08294,89.62349999999999
0.082944,89.62349999999999
0.082948,89.62349999999999
0.082952,89.62349999999999
0.082956,89.62349999999999
0.08296,89.62349999999999
0.082964,89.62349999999999
0.082968,89.54899999999999
0.082972,89.62349999999999
0.082976,89.54899999999999
0.08298,89.62349999999999
0.082984,89.54899999999999
0.082988,89.62349999999999
0.082992,89.62349999999999
0.082996,89.54899999999999
0.083,89.54899999999999
0.083004,89.54899999999999
0.083008,89.54899999999999
0.083012,89.62349999999999
0.083016,89.62349999999999
0.08302,89.62349999999999
0.083024,89.54899999999999
0.083028,89.62349999999999
0.083032,89.62349999999999
0.083036,89.62349999999999
0.08304,89.62349999999999
0.083044,89.54899999999999
0.083048,89.62349999999999
0.083052,89.62349999999999
0.083056,89.62349999999999
0.08306,89.54899999999999
0.083064,89.62349999999999
0.083068,89.54899999999999
0.083072,89.54899999999999
0.083076,89.62349999999999
0.08308,89.62349999999999
0.083084,89.54899999999999
0.083088,89.54899999999999
0.083092,89.54899999999999
0.083096,89.54899999999999
0.0831,89.62349999999999
0.083104,89.62349999999999
0.083108,89.62349999999999
0.083112,89.62349999999999
0.083116,89.62349999999999
0.08312,89.54899999999999
0.083124,89.54899999999999
0.083128,89.62349999999999
0.083132,89.62349999999999
0.083136,89.54899999999999
0.08314,89.54899999999999
0.083144,89.54899999999999
0.083148,89.54899999999999
0.083152,89.54899999999999
0.083156,89.54899999999999
0.08316,89.54899999999999
0.083164,89.54899999999999
0.083168,89.54899999999999
0.083172,89.54899999999999
0.083176,89.54899999999999
0.08318,89.54899999999999
0.083184,89.54899999999999
0.083188,89.54899999999999
0.083192,89.54899999999999
0.083196,89.54899999999999
0.0832,89.54899999999999
0.083204,89.54899999999999
0.083208,89.54899999999999
0.083212,89.54899999999999
0.083216,89.54899999999999
0.08322,89.54899999999999
0.083224,89.54899999999999
0.083228,89.54899999999999
0.083232,89.54899999999999
0.083236,89.54899999999999
0.08324,89.54899999999999
0.083244,89.54899999999999
0.083248,89.54899999999999
0.083252,89.54899999999999
0.083256,89.54899999999999
0.08326,89.54899999999999
0.083264,89.47449999999999
0.083268,89.54899999999999
0.083272,89.54899999999999
0.083276,89.47449999999999
0.08328,89.47449999999999
0.083284,89.54899999999999
0.083288,89.47449999999999
0.083292,89.54899999999999
0.083296,89.54899999999999
0.0833,89.47449999999999
0.083304,89.54899999999999
0.083308,89.54899999999999
0.083312,89.54899999999999
0.083316,89.47449999999999
0.08332,89.47449999999999
0.083324,89.47449999999999
0.083328,89.54899999999999
0.083332,89.47449999999999
0.083336,89.54899999999999
0.08334,89.47449999999999
0.083344,89.47449999999999
0.083348,89.54899999999999
0.083352,89.47449999999999
0.083356,89.47449999999999
0.08336,89.54899999999999
0.083364,89.47449999999999
0.083368,89.54899999999999
0.083372,89.47449999999999
0.083376,89.47449999999999
0.08338,89.47449999999999
0.083384,89.47449999999999
0.083388,89.47449999999999
0.083392,89.47449999999999
0.083396,89.47449999999999
0.0834,89.54899999999999
0.083404,89.54899999999999
0.083408,89.54899999999999
0.083412,89.54899999999999
0.083416,89.54899999999999
0.08342,89.47449999999999
0.083424,89.47449999999999
0.083428,89.47449999999999
0.083432,89.47449999999999
0.083436,89.54899999999999
0.08344,89.47449999999999
0.083444,89.47449999999999
0.083448,89.47449999999999
0.083452,89.47449999999999
0.083456,89.47449999999999
0.08346,89.47449999999999
0.083464,89.47449999999999
0.083468,89.47449999999999
0.083472,89.47449999999999
0.083476,89.47449999999999
0.08348,89.47449999999999
0.083484,89.39999999999999
0.083488,89.47449999999999
0.083492,89.47449999999999
0.083496,89.47449999999999
0.0835,89.47449999999999
0.083504,89.47449999999999
0.083508,89.47449999999999
0.083512,89.39999999999999
0.083516,89.47449999999999
0.08352,89.47449999999999
0.083524,89.39999999999999
0.083528,89.54899999999999
0.083532,89.47449999999999
0.083536,89.47449999999999
0.08354,89.47449999999999
0.083544,89.39999999999999
0.083548,89.47449999999999
0.083552,89.47449999999999
0.083556,89.47449999999999
0.08356,89.47449999999999
0.083564,89.47449999999999
0.083568,89.47449999999999
0.083572,89.47449999999999
0.083576,89.47449999999999
0.08358,89.47449999999999
0.083584,89.39999999999999
0.083588,89.47449999999999
0.083592,89.47449999999999
0.083596,89.47449999999999
0.0836,89.47449999999999
0.083604,89.39999999999999
0.083608,89.47449999999999
0.083612,89.47449999999999
0.083616,89.47449999999999
0.08362,89.47449999999999
0.083624,89.47449999999999
0.083628,89.47449999999999
0.083632,89.47449999999999
0.083636,89.47449999999999
0.08364,89.47449999999999
0.083644,89.39999999999999
0.083648,89.47449999999999
0.083652,89.39999999999999
0.083656,89.39999999999999
0.08366,89.47449999999999
0.083664,89.47449999999999
0.083668,89.39999999999999
0.083672,89.47449999999999
0.083676,89.39999999999999
0.08368,89.39999999999999
0.083684,89.39999999999999
0.083688,89.39999999999999
0.083692,89.39999999999999
0.083696,89.47449999999999
0.0837,89.39999999999999
0.083704,89.39999999999999
0.083708,89.47449999999999
0.083712,89.47449999999999
0.083716,89.39999999999999
0.08372,89.39999999999999
0.083724,89.39999999999999
0.083728,89.39999999999999
0.083732,89.47449999999999
0.083736,89.39999999999999
0.08374,89.39999999999999
0.083744,89.39999999999999
0.083748,89.39999999999999
0.083752,89.39999999999999
0.083756,89.39999999999999
0.08376,89.47449999999999
0.083764,89.39999999999999
0.083768,89.39999999999999
0.083772,89.39999999999999
0.083776,89.39999999999999
0.08378,89.47449999999999
0.083784,89.39999999999999
0.083788,89.39999999999999
0.083792,89.39999999999999
0.083796,89.39999999999999
0.0838,89.39999999999999
0.083804,89.39999999999999
0.083808,89.39999999999999
0.083812,89.39999999999999
0.083816,89.47449999999999
0.08382,89.39999999999999
0.083824,89.39999999999999
0.083828,89.39999999999999
0.083832,89.39999999999999
0.083836,89.39999999999999
0.08384,89.39999999999999
0.083844,89.39999999999999
0.083848,89.39999999999999
0.083852,89.39999999999999
0.083856,89.32549999999999
0.08386,89.39999999999999
0.083864,89.39999999999999
0.083868,89.39999999999999
0.083872,89.39999999999999
0.083876,89.39999999999999
0.08388,89.39999999999999
0.083884,89.39999999999999
0.083888,89.39999999999999
0.083892,89.39999999999999
0.083896,89.32549999999999
0.0839,89.39999999999999
0.083904,89.32549999999999
0.083908,89.32549999999999
0.083912,89.39999999999999
0.083916,89.32549999999999
0.08392,89.32549999999999
0.083924,89.32549999999999
0.083928,89.32549999999999
0.083932,89.32549999999999
0.083936,89.32549999999999
0.08394,89.32549999999999
0.083944,89.39999999999999
0.083948,89.32549999999999
0.083952,89.32549999999999
0.083956,89.32549999999999
0.08396,89.32549999999999
0.083964,89.32549999999999
0.083968,89.32549999999999
0.083972,89.32549999999999
0.083976,89.32549999999999
0.08398,89.32549999999999
0.083984,89.32549999999999
0.083988,89.25099999999999
0.083992,89.25099999999999
0.083996,89.25099999999999
0.084,89.32549999999999
0.084004,89.32549999999999
0.084008,89.32549999999999
0.084012,89.25099999999999
0.084016,89.25099999999999
0.08402,89.32549999999999
0.084024,89.25099999999999
0.084028,89.25099999999999
0.084032,89.25099999999999
0.084036,89.25099999999999
0.08404,89.25099999999999
0.084044,89.25099999999999
0.084048,89.25099999999999
0.084052,89.25099999999999
0.084056,89.25099999999999
0.08406,89.25099999999999
0.084064,89.17649999999999
0.084068,89.25099999999999
0.084072,89.17649999999999
0.084076,89.17649999999999
0.08408,89.17649999999999
0.084084,89.17649999999999
0.084088,89.25099999999999
0.084092,89.25099999999999
0.084096,89.25099999999999
0.0841,89.17649999999999
0.084104,89.17649999999999
0.084108,89.17649999999999
0.084112,89.17649999999999
0.084116,89.17649999999999
0.08412,89.17649999999999
0.084124,89.17649999999999
0.084128,89.17649999999999
0.084132,89.17649999999999
0.084136,89.10199999999999
0.08414,89.17649999999999
0.084144,89.10199999999999
0.084148,89.10199999999999
0.084152,89.17649999999999
0.084156,89.10199999999999
0.08416,89.10199999999999
0.084164,89.10199999999999
0.084168,89.10199999999999
0.084172,89.10199999999999
0.084176,89.10199999999999
0.08418,89.10199999999999
0.084184,89.10199999999999
0.084188,89.10199999999999
0.084192,89.10199999999999
0.084196,89.10199999999999
0.0842,89.10199999999999
0.084204,89.02749999999999
0.084208,89.10199999999999
0.084212,89.10199999999999
0.084216,89.10199999999999
0.08422,89.10199999999999
0.084224,89.10199999999999
0.084228,89.10199999999999
0.084232,89.02749999999999
0.084236,89.10199999999999
0.08424,89.10199999999999
0.084244,89.10199999999999
0.084248,89.02749999999999
0.084252,89.02749999999999
0.084256,89.02749999999999
0.08426,89.02749999999999
0.084264,89.10199999999999
0.084268,89.02749999999999
0.084272,89.02749999999999
0.084276,89.02749999999999
0.08428,89.02749999999999
0.084284,89.02749999999999
0.084288,89.02749999999999
0.084292,89.10199999999999
0.084296,89.02749999999999
0.0843,89.02749999999999
0.084304,89.02749999999999
0.084308,89.02749999999999
0.084312,89.02749999999999
0.084316,89.02749999999999
0.08432,89.02749999999999
0.084324,89.02749999999999
0.084328,89.02749999999999
0.084332,89.02749999999999
0.084336,89.02749999999999
0.08434,89.02749999999999
0.084344,89.02749999999999
0.084348,88.953
0.084352,88.953
0.084356,89.02749999999999
0.08436,89.02749999999999
0.084364,89.02749999999999
0.084368,88.953
0.084372,89.02749999999999
0.084376,89.02749999999999
0.08438,89.02749999999999
0.084384,89.02749999999999
0.084388,88.953
0.084392,88.953
0.084396,89.02749999999999
0.0844,89.02749999999999
0.084404,88.953
0.084408,88.953
0.084412,89.02749999999999
0.084416,89.02749999999999
0.08442,89.02749999999999
0.084424,89.02749999999999
0.084428,89.02749999999999
0.084432,88.953
0.084436,89.02749999999999
0.08444,89.02749999999999
0.084444,88.953
0.084448,89.02749999999999
0.084452,89.02749999999999
0.084456,89.02749999999999
0.08446,88.953
0.084464,88.953
0.084468,88.953
0.084472,88.953
0.084476,88.953
0.08448,89.02749999999999
0.084484,88.953
0.084488,89.02749999999999
0.084492,89.02749999999999
0.084496,88.953
0.0845,88.953
0.084504,88.953
0.084508,89.02749999999999
0.084512,88.953
0.084516,89.02749999999999
0.08452,88.953
0.084524,89.02749999999999
0.084528,89.02749999999999
0.084532,88.953
0.084536,89.02749999999999
0.08454,89.02749999999999
0.084544,89.02749999999999
0.084548,88.953
0.084552,89.02749999999999
0.084556,89.02749999999999
0.08456,89.02749999999999
0.084564,89.02749999999999
0.084568,88.953
0.084572,89.02749999999999
0.084576,89.02749999999999
0.08458,89.02749999999999
0.084584,89.02749999999999
0.084588,89.02749999999999
0.084592,88.953
0.084596,89.02749999999999
0.0846,88.953
0.084604,88.953
0.084608,89.02749999999999
0.084612,89.02749999999999
0.084616,89.02749999999999
0.08462,89.02749999999999
0.084624,89.02749999999999
0.084628,89.02749999999999
0.084632,89.02749999999999
0.084636,89.02749999999999
0.08464,89.02749999999999
0.084644,89.02749999999999
0.084648,89.02749999999999
0.084652,89.02749999999999
0.084656,89.02749999999999
0.08466,89.02749999999999
0.084664,89.02749999999999
0.084668,89.02749999999999
0.084672,89.02749999999999
0.084676,89.02749999999999
0.08468,89.02749999999999
0.084684,89.02749999999999
0.084688,89.02749999999999
0.084692,89.02749999999999
0.084696,89.02749999999999
0.0847,89.02749999999999
0.084704,89.02749999999999
0.084708,89.10199999999999
0.084712,89.02749999999999
0.084716,89.02749999999999
0.08472,89.02749999999999
0.084724,89.02749999999999
0.084728,89.10199999999999
0.084732,89.02749999999999
0.084736,89.02749999999999
0.08474,89.02749999999999
0.084744,89.10199999999999
0.084748,89.10199999999999
0.084752,89.10199999999999
0.084756,89.10199999999999
0.08476,89.02749999999999
0.084764,89.02749999999999
0.084768,89.02749999999999
0.084772,89.10199999999999
0.084776,89.10199999999999
0.08478,89.10199999999999
0.084784,89.10199999999999
0.084788,89.10199999999999
0.084792,89.10199999999999
0.084796,89.10199999999999
0.0848,89.02749999999999
0.084804,89.02749999999999
0.084808,89.10199999999999
0.084812,89.10199999999999
0.084816,89.10199999999999
0.08482,89.10199999999999
0.084824,89.10199999999999
0.084828,89.10199999999999
0.084832,89.10199999999999
0.084836,89.10199999999999
0.08484,89.10199999999999
0.084844,89.10199999999999
0.084848,89.10199999999999
0.084852,89.10199999999999
0.084856,89.10199999999999
0.08486,89.10199999999999
0.084864,89.02749999999999
0.084868,89.10199999999999
0.084872,89.10199999999999
0.084876,89.10199999999999
0.08488,89.10199999999999
0.084884,89.10199999999999
0.084888,89.10199999999999
0.084892,89.10199999999999
0.084896,89.10199999999999
0.0849,89.10199999999999
0.084904,89.10199999999999
0.084908,89.10199999999999
0.084912,89.17649999999999
0.084916,89.17649999999999
0.08492,89.17649999999999
0.084924,89.17649999999999
0.084928,89.17649999999999
0.084932,89.17649999999999
0.084936,89.17649999999999
0.08494,89.17649999999999
0.084944,89.17649999999999
0.084948,89.25099999999999
0.084952,89.17649999999999
0.084956,89.17649999999999
0.08496,89.17649999999999
0.084964,89.17649999999999
0.084968,89.17649999999999
0.084972,89.17649999999999
0.084976,89.17649999999999
0.08498,89.17649999999999
0.084984,89.17649999999999
0.084988,89.25099999999999
0.084992,89.17649999999999
0.084996,89.17649999999999
0.085,89.17649999999999
0.085004,89.17649999999999
0.085008,89.25099999999999
0.085012,89.25099999999999
0.085016,89.25099999999999
0.08502,89.17649999999999
0.085024,89.17649999999999
0.085028,89.17649999999999
0.085032,89.17649999999999
0.085036,89.25099999999999
0.08504,89.25099999999999
0.085044,89.25099999999999
0.085048,89.25099999999999
0.085052,89.25099999999999
0.085056,89.25099999999999
0.08506,89.17649999999999
0.085064,89.25099999999999
0.085068,89.25099999999999
0.085072,89.25099999999999
0.085076,89.25099999999999
0.08508,89.25099999999999
0.085084,89.25099999999999
0.085088,89.25099999999999
0.085092,89.25099999999999
0.085096,89.32549999999999
0.0851,89.32549999999999
0.085104,89.32549999999999
0.085108,89.32549999999999
0.085112,89.25099999999999
0.085116,89.32549999999999
0.08512,89.32549999999999
0.085124,89.32549999999999
0.085128,89.32549999999999
0.085132,89.25099999999999
0.085136,89.32549999999999
0.08514,89.32549999999999
0.085144,89.32549999999999
0.085148,89.32549999999999
0.085152,89.32549999999999
0.085156,89.32549999999999
0.08516,89.32549999999999
0.085164,89.32549999999999
0.085168,89.32549999999999
0.085172,89.32549999999999
0.085176,89.32549999999999
0.08518,89.32549999999999
0.085184,89.32549999999999
0.085188,89.32549999999999
0.085192,89.39999999999999
0.085196,89.39999999999999
0.0852,89.32549999999999
0.085204,89.32549999999999
0.085208,89.39999999999999
0.085212,89.32549999999999
0.085216,89.39999999999999
0.08522,89.32549999999999
0.085224,89.32549999999999
0.085228,89.39999999999999
0.085232,89.39999999999999
0.085236,89.39999999999999
0.08524,89.39999999999999
0.085244,89.39999999999999
0.085248,89.39999999999999
0.085252,89.47449999999999
0.085256,89.39999999999999
0.08526,89.39999999999999
0.085264,89.39999999999999
0.085268,89.39999999999999
0.085272,89.47449999999999
0.085276,89.39999999999999
0.08528,89.47449999999999
0.085284,89.47449999999999
0.085288,89.47449999999999
0.085292,89.47449999999999
0.085296,89.47449999999999
0.0853,89.47449999999999
0.085304,89.47449999999999
0.085308,89.47449999999999
0.085312,89.47449999999999
0.085316,89.47449999999999
0.08532,89.47449999999999
0.085324,89.47449999999999
0.085328,89.47449999999999
0.085332,89.47449999999999
0.085336,89.47449999999999
0.08534,89.47449999999999
0.085344,89.47449999999999
0.085348,89.47449999999999
0.085352,89.54899999999999
0.085356,89.47449999999999
0.08536,89.47449999999999
0.085364,89.47449999999999
0.085368,89.47449999999999
0.085372,89.47449999999999
0.085376,89.47449999999999
0.08538,89.47449999999999
0.085384,89.47449999999999
0.085388,89.47449999999999
0.085392,89.54899999999999
0.085396,89.54899999999999
0.0854,89.54899999999999
0.085404,89.47449999999999
0.085408,89.54899999999999
0.085412,89.54899999999999
0.085416,89.54899999999999
0.08542,89.54899999999999
0.085424,89.54899999999999
0.085428,89.54899999999999
0.085432,89.54899999999999
0.085436,89.54899999999999
0.08544,89.47449999999999
0.085444,89.54899999999999
0.085448,89.54899999999999
0.085452,89.54899999999999
0.085456,89.54899999999999
0.08546,89.54899999999999
0.085464,89.54899999999999
0.085468,89.54899999999999
0.085472,89.54899999999999
0.085476,89.54899999999999
0.08548,89.54899999999999
0.085484,89.54899999999999
0.085488,89.54899999999999
0.085492,89.62349999999999
0.085496,89.62349999999999
0.0855,89.54899999999999
0.085504,89.54899999999999
0.085508,89.62349999999999
0.085512,89.62349999999999
0.085516,89.62349999999999
0.08552,89.62349999999999
0.085524,89.62349999999999
0.085528,89.62349999999999
0.085532,89.62349999999999
0.085536,89.62349999999999
0.08554,89.62349999999999
0.085544,89.62349999999999
0.085548,89.62349999999999
0.085552,89.62349999999999
0.085556,89.62349999999999
0.08556,89.698
0.085564,89.698
0.085568,89.62349999999999
0.085572,89.62349999999999
0.085576,89.62349999999999
0.08558,89.62349999999999
0.085584,89.698
0.085588,89.698
0.085592,89.698
0.085596,89.698
0.0856,89.62349999999999
0.085604,89.698
0.085608,89.698
0.085612,89.698
0.085616,89.698
0.08562,89.698
0.085624,89.698
0.085628,89.698
0.085632,89.698
0.085636,89.7725
0.08564,89.62349999999999
0.085644,89.698
0.085648,89.698
0.085652,89.698
0.085656,89.698
0.08566,89.698
0.085664,89.7725
0.085668,89.698
0.085672,89.698
0.085676,89.698
0.08568,89.7725
0.085684,89.7725
0.085688,89.698
0.085692,89.7725
0.085696,89.7725
0.0857,89.698
0.085704,89.7725
0.085708,89.698
0.085712,89.698
0.085716,89.7725
0.08572,89.7725
0.085724,89.7725
0.085728,89.7725
0.085732,89.698
0.085736,89.7725
0.08574,89.7725
0.085744,89.7725
0.085748,89.7725
0.085752,89.7725
0.085756,89.7725
0.08576,89.7725
0.085764,89.7725
0.085768,89.7725
0.085772,89.7725
0.085776,89.7725
0.08578,89.847
0.085784,89.7725
0.085788,89.7725
0.085792,89.7725
0.085796,89.847
0.0858,89.7725
0.085804,89.847
0.085808,89.847
0.085812,89.847
0.085816,89.9215
0.08582,89.847
0.085824,89.847
0.085828,89.847
0.085832,89.847
0.085836,89.7725
0.08584,89.847
0.085844,89.847
0.085848,89.847
0.085852,89.847
0.085856,89.847
0.08586,89.847
0.085864,89.847
0.085868,89.847
0.085872,89.847
0.085876,89.847
0.08588,89.847
0.085884,89.847
0.085888,89.847
0.085892,89.847
0.085896,89.847
0.0859,89.847
0.085904,89.847
0.085908,89.9215
0.085912,89.9215
0.085916,89.9215
0.08592,89.9215
0.085924,89.9215
0.085928,89.9215
0.085932,89.9215
0.085936,89.9215
0.08594,89.9215
0.085944,89.9215
0.085948,89.9215
0.085952,89.9215
0.085956,89.9215
0.08596,89.9215
0.085964,89.9215
0.085968,89.9215
0.085972,89.9215
0.085976,89.9215
0.08598,89.9215
0.085984,89.9215
0.085988,89.9215
0.085992,89.9215
0.085996,89.9215
0.086,89.9215
0.086004,89.996
0.086008,89.996
0.086012,89.9215
0.086016,89.9215
0.08602,89.9215
0.086024,89.9215
0.086028,89.996
0.086032,89.9215
0.086036,89.996
0.08604,89.996
0.086044,89.996
0.086048,89.9215
0.086052,89.996
0.086056,89.996
0.08606,89.996
0.086064,89.996
0.086068,90.0705
0.086072,90.0705
0.086076,89.996
0.08608,89.996
0.086084,89.996
0.086088,89.996
0.086092,89.996
0.086096,89.996
0.0861,90.0705
0.086104,89.996
0.086108,89.996
0.086112,89.996
0.086116,89.996
0.08612,90.0705
0.086124,90.0705
0.086128,89.996
0.086132,89.996
0.086136,90.0705
0.08614,90.0705
0.086144,90.0705
0.086148,90.0705
0.086152,90.0705
0.086156,90.0705
0.08616,90.0705
0.086164,90.0705
0.086168,90.0705
0.086172,90.0705
0.086176,90.0705
0.08618,90.0705
0.086184,90.0705
0.086188,90.0705
0.086192,90.0705
0.086196,90.0705
0.0862,90.0705
0.086204,90.0705
0.086208,90.145
0.086212,90.0705
0.086216,90.0705
0.08622,90.145
0.086224,90.145
0.086228,90.145
0.086232,90.0705
0.086236,90.145
0.08624,90.0705
0.086244,90.145
0.086248,90.145
0.086252,90.145
0.086256,90.145
0.08626,90.145
0.086264,90.145
0.086268,90.145
0.086272,90.145
0.086276,90.145
0.08628,90.145
0.086284,90.145
0.086288,90.145
0.086292,90.145
0.086296,90.145
0.0863,90.145
0.086304,90.145
0.086308,90.145
0.086312,90.145
0.086316,90.145
0.08632,90.145
0.086324,90.145
0.086328,90.145
0.086332,90.145
0.086336,90.145
0.08634,90.145
0.086344,90.145
0.086348,90.2195
0.086352,90.145
0.086356,90.2195
0.08636,90.145
0.086364,90.145
0.086368,90.145
0.086372,90.145
0.086376,90.145
0.08638,90.145
0.086384,90.2195
0.086388,90.2195
0.086392,90.2195
0.086396,90.145
0.0864,90.145
0.086404,90.2195
0.086408,90.2195
0.086412,90.2195
0.086416,90.2195
0.08642,90.2195
0.086424,90.145
0.086428,90.145
0.086432,90.2195
0.086436,90.2195
0.08644,90.2195
0.086444,90.2195
0.086448,90.2195
0.086452,90.2195
0.086456,90.2195
0.08646,90.2195
0.086464,90.2195
0.086468,90.294
0.086472,90.2195
0.086476,90.2195
0.08648,90.2195
0.086484,90.2195
0.086488,90.2195
0.086492,90.294
0.086496,90.2195
0.0865,90.2195
0.086504,90.294
0.086508,90.294
0.086512,90.294
0.086516,90.2195
0.08652,90.2195
0.086524,90.294
0.086528,90.294
0.086532,90.294
0.086536,90.294
0.08654,90.294
0.086544,90.294
0.086548,90.294
0.086552,90.294
0.086556,90.294
0.08656,90.294
0.086564,90.294
0.086568,90.2195
0.086572,90.3685
0.086576,90.294
0.08658,90.294
0.086584,90.294
0.086588,90.294
0.086592,90.294
0.086596,90.294
0.0866,90.294
0.086604,90.3685
0.086608,90.294
0.086612,90.3685
0.086616,90.294
0.08662,90.294
0.086624,90.294
0.086628,90.3685
0.086632,90.3685
0.086636,90.294
0.08664,90.294
0.086644,90.3685
0.086648,90.3685
0.086652,90.3685
0.086656,90.3685
0.08666,90.3685
0.086664,90.3685
0.086668,90.3685
0.086672,90.294
0.086676,90.3685
0.08668,90.3685
0.086684,90.3685
0.086688,90.3685
0.086692,90.3685
0.086696,90.3685
0.0867,90.3685
0.086704,90.3685
0.086708,90.3685
0.086712,90.3685
0.086716,90.3685
0.08672,90.3685
0.086724,90.3685
0.086728,90.3685
0.086732,90.3685
0.086736,90.3685
0.08674,90.3685
0.086744,90.3685
0.086748,90.3685
0.086752,90.3685
0.086756,90.3685
0.08676,90.3685
0.086764,90.443
0.086768,90.443
0.086772,90.3685
0.086776,90.3685
0.08678,90.3685
0.086784,90.443
0.086788,90.3685
0.086792,90.443
0.086796,90.3685
0.0868,90.3685
0.086804,90.3685
0.086808,90.3685
0.086812,90.3685
0.086816,90.443
0.08682,90.443
0.086824,90.3685
0.086828,90.443
0.086832,90.443
0.086836,90.3685
0.08684,90.443
0.086844,90.443
0.086848,90.443
0.086852,90.443
0.086856,90.443
0.08686,90.443
0.086864,90.443
0.086868,90.443
0.086872,90.443
0.086876,90.443
0.08688,90.443
0.086884,90.443
0.086888,90.443
0.086892,90.443
0.086896,90.443
0.0869,90.443
0.086904,90.443
0.086908,90.443
0.086912,90.443
0.086916,90.443
0.08692,90.443
0.086924,90.443
0.086928,90.443
0.086932,90.443
0.086936,90.443
0.08694,90.5175
0.086944,90.443
0.086948,90.5175
0.086952,90.5175
0.086956,90.443
0.08696,90.5175
0.086964,90.5175
0.086968,90.5175
0.086972,90.5175
0.086976,90.443
0.08698,90.443
0.086984,90.5175
0.086988,90.5175
0.086992,90.5175
0.086996,90.5175
0.087,90.5175
0.087004,90.5175
0.087008,90.5175
0.087012,90.5175
0.087016,90.5175
0.08702,90.5175
0.087024,90.5175
0.087028,90.5175
0.087032,90.5175
0.087036,90.5175
0.08704,90.5175
0.087044,90.5175
0.087048,90.5175
0.087052,90.5175
0.087056,90.5175
0.08706,90.5175
0.087064,90.5175
0.087068,90.5175
0.087072,90.5175
0.087076,90.5175
0.08708,90.5175
0.087084,90.5175
0.087088,90.5175
0.087092,90.5175
0.087096,90.592
0.0871,90.5175
0.087104,90.5175
0.087108,90.5175
0.087112,90.5175
0.087116,90.5175
0.08712,90.5175
0.087124,90.5175
0.087128,90.5175
0.087132,90.5175
0.087136,90.5175
0.08714,90.5175
0.087144,90.5175
0.087148,90.5175
0.087152,90.5175
0.087156,90.5175
0.08716,90.592
0.087164,90.592
0.087168,90.5175
0.087172,90.5175
0.087176,90.592
0.08718,90.592
0.087184,90.5175
0.087188,90.5175
0.087192,90.592
0.087196,90.592
0.0872,90.592
0.087204,90.592
0.087208,90.5175
0.087212,90.5175
0.087216,90.592
0.08722,90.592
0.087224,90.592
0.087228,90.592
0.087232,90.592
0.087236,90.5175
0.08724,90.592
0.087244,90.592
0.087248,90.592
0.087252,90.5175
0.087256,90.592
0.08726,90.592
0.087264,90.592
0.087268,90.592
0.087272,90.592
0.087276,90.6665
0.08728,90.592
0.087284,90.592
0.087288,90.592
0.087292,90.6665
0.087296,90.592
0.0873,90.6665
0.087304,90.592
0.087308,90.6665
0.087312,90.6665
0.087316,90.592
0.08732,90.592
0.087324,90.592
0.087328,90.592
0.087332,90.592
0.087336,90.6665
0.08734,90.6665
0.087344,90.6665
0.087348,90.6665
0.087352,90.592
0.087356,90.592
0.08736,90.592
0.087364,90.6665
0.087368,90.6665
0.087372,90.592
0.087376,90.6665
0.08738,90.6665
0.087384,90.592
0.087388,90.6665
0.087392,90.592
0.087396,90.6665
0.0874,90.6665
0.087404,90.592
0.087408,90.6665
0.087412,90.6665
0.087416,90.6665
0.08742,90.592
0.087424,90.6665
0.087428,90.6665
0.087432,90.6665
0.087436,90.6665
0.08744,90.6665
0.087444,90.6665
0.087448,90.6665
0.087452,90.6665
0.087456,90.6665
0.08746,90.6665
0.087464,90.6665
0.087468,90.6665
0.087472,90.6665
0.087476,90.6665
0.08748,90.6665
0.087484,90.6665
0.087488,90.6665
0.087492,90.6665
0.087496,90.6665
0.0875,90.6665
0.087504,90.6665
0.087508,90.6665
0.087512,90.6665
0.087516,90.6665
0.08752,90.6665
0.087524,90.6665
0.087528,90.6665
0.087532,90.6665
0.087536,90.6665
0.08754,90.6665
0.087544,90.6665
0.087548,90.6665
0.087552,90.6665
0.087556,90.741
0.08756,90.6665
0.087564,90.6665
0.087568,90.6665
0.087572,90.6665
0.087576,90.741
0.08758,90.6665
0.087584,90.6665
0.087588,90.6665
0.087592,90.741
0.087596,90.6665
0.0876,90.741
0.087604,90.6665
0.087608,90.741
0.087612,90.6665
0.087616,90.6665
0.08762,90.741
0.087624,90.6665
0.087628,90.6665
0.087632,90.741
0.087636,90.741
0.08764,90.6665
0.087644,90.741
0.087648,90.6665
0.087652,90.6665
0.087656,90.6665
0.08766,90.741
0.087664,90.6665
0.087668,90.741
0.087672,90.741
0.087676,90.741
0.08768,90.741
0.087684,90.6665
0.087688,90.741
0.087692,90.741
0.087696,90.741
0.0877,90.741
0.087704,90.741
0.087708,90.741
0.087712,90.741
0.087716,90.741
0.08772,90.741
0.087724,90.741
0.087728,90.741
0.087732,90.741
0.087736,90.741
0.08774,90.6665
0.087744,90.741
0.087748,90.741
0.087752,90.741
0.087756,90.741
0.08776,90.741
0.087764,90.741
0.087768,90.741
0.087772,90.741
0.087776,90.741
0.08778,90.741
0.087784,90.741
0.087788,90.741
0.087792,90.741
0.087796,90.741
0.0878,90.741
0.087804,90.741
0.087808,90.741
0.087812,90.741
0.087816,90.741
0.08782,90.741
0.087824,90.741
0.087828,90.741
0.087832,90.741
0.087836,90.741
0.08784,90.741
0.087844,90.741
0.087848,90.741
0.087852,90.741
0.087856,90.741
0.08786,90.741
0.087864,90.741
0.087868,90.741
0.087872,90.741
0.087876,90.741
0.08788,90.741
0.087884,90.8155
0.087888,90.741
0.087892,90.741
0.087896,90.741
0.0879,90.741
0.087904,90.741
0.087908,90.741
0.087912,90.741
0.087916,90.741
0.08792,90.741
0.087924,90.741
0.087928,90.741
0.087932,90.741
0.087936,90.741
0.08794,90.741
0.087944,90.741
0.087948,90.8155
0.087952,90.741
0.087956,90.741
0.08796,90.8155
0.087964,90.741
0.087968,90.741
0.087972,90.741
0.087976,90.741
0.08798,90.741
0.087984,90.741
0.087988,90.741
0.087992,90.741
0.087996,90.741
0.088,90.741
0.088004,90.741
0.088008,90.8155
0.088012,90.8155
0.088016,90.8155
0.08802,90.8155
0.088024,90.741
0.088028,90.741
0.088032,90.741
0.088036,90.8155
0.08804,90.741
0.088044,90.741
0.088048,90.741
0.088052,90.741
0.088056,90.741
0.08806,90.741
0.088064,90.741
0.088068,90.741
0.088072,90.741
0.088076,90.8155
0.08808,90.8155
0.088084,90.8155
0.088088,90.741
0.088092,90.8155
0.088096,90.8155
0.0881,90.8155
0.088104,90.8155
0.088108,90.8155
0.088112,90.8155
0.088116,90.8155
0.08812,90.741
0.088124,90.8155
0.088128,90.8155
0.088132,90.8155
0.088136,90.8155
0.08814,90.8155
0.088144,90.8155
0.088148,90.8155
0.088152,90.8155
0.088156,90.8155
0.08816,90.8155
0.088164,90.741
0.088168,90.8155
0.088172,90.8155
0.088176,90.8155
0.08818,90.741
0.088184,90.741
0.088188,90.8155
0.088192,90.8155
0.088196,90.8155
0.0882,90.8155
0.088204,90.8155
0.088208,90.8155
0.088212,90.8155
0.088216,90.8155
0.08822,90.8155
0.088224,90.8155
0.088228,90.8155
0.088232,90.8155
0.088236,90.741
0.08824,90.8155
0.088244,90.8155
0.088248,90.8155
0.088252,90.8155
0.088256,90.8155
0.08826,90.8155
0.088264,90.8155
0.088268,90.8155
0.088272,90.741
0.088276,90.741
0.08828,90.8155
0.088284,90.8155
0.088288,90.8155
0.088292,90.8155
0.088296,90.89
0.0883,90.8155
0.088304,90.8155
0.088308,90.8155
0.088312,90.8155
0.088316,90.8155
0.08832,90.8155
0.088324,90.8155
0.088328,90.8155
0.088332,90.8155
0.088336,90.8155
0.08834,90.8155
0.088344,90.8155
0.088348,90.8155
0.088352,90.8155
0.088356,90.8155
0.08836,90.8155
0.088364,90.8155
0.088368,90.89
0.088372,90.8155
0.088376,90.8155
0.08838,90.8155
0.088384,90.8155
0.088388,90.8155
0.088392,90.8155
0.088396,90.8155
0.0884,90.8155
0.088404,90.8155
0.088408,90.8155
0.088412,90.89
0.088416,90.89
0.08842,90.8155
0.088424,90.89
0.088428,90.89
0.088432,90.8155
0.088436,90.8155
0.08844,90.8155
0.088444,90.8155
0.088448,90.8155
0.088452,90.8155
0.088456,90.8155
0.08846,90.89
0.088464,90.89
0.088468,90.89
0.088472,90.89
0.088476,90.8155
0.08848,90.89
0.088484,90.89
0.088488,90.8155
0.088492,90.89
0.088496,90.8155
0.0885,90.89
0.088504,90.8155
0.088508,90.8155
0.088512,90.8155
0.088516,90.8155
0.08852,90.8155
0.088524,90.89
0.088528,90.8155
0.088532,90.8155
0.088536,90.8155
0.08854,90.89
0.088544,90.89
0.088548,90.89
0.088552,90.89
0.088556,90.8155
0.08856,90.8155
0.088564,90.89
0.088568,90.8155
0.088572,90.8155
0.088576,90.89
0.08858,90.89
0.088584,90.8155
0.088588,90.8155
0.088592,90.89
0.088596,90.89
0.0886,90.89
0.088604,90.89
0.088608,90.8155
0.088612,90.8155
0.088616,90.89
0.08862,90.89
0.088624,90.8155
0.088628,90.8155
0.088632,90.89
0.088636,90.89
0.08864,90.89
0.088644,90.8155
0.088648,90.8155
0.088652,90.89
0.088656,90.89
0.08866,90.8155
0.088664,90.8155
0.088668,90.8155
0.088672,90.8155
0.088676,90.89
0.08868,90.8155
0.088684,90.89
0.088688,90.8155
0.088692,90.8155
0.088696,90.89
0.0887,90.8155
0.088704,90.8155
0.088708,90.89
0.088712,90.89
0.088716,90.8155
0.08872,90.8155
0.088724,90.8155
0.088728,90.8155
0.088732,90.89
0.088736,90.8155
0.08874,90.8155
0.088744,90.89
0.088748,90.89
0.088752,90.8155
0.088756,90.8155
0.08876,90.89
0.088764,90.89
0.088768,90.89
0.088772,90.89
0.088776,90.8155
0.08878,90.89
0.088784,90.8155
0.088788,90.89
0.088792,90.8155
0.088796,90.8155
0.0888,90.8155
0.088804,90.89
0.088808,90.8155
0.088812,90.89
0.088816,90.8155
0.08882,90.8155
0.088824,90.8155
0.088828,90.89
0.088832,90.8155
0.088836,90.89
0.08884,90.89
0.088844,90.89
0.088848,90.8155
0.088852,90.89
0.088856,90.89
0.08886,90.89
0.088864,90.89
0.088868,90.8155
0.088872,90.8155
0.088876,90.8155
0.08888,90.89
0.088884,90.89
0.088888,90.8155
0.088892,90.8155
0.088896,90.8155
0.0889,90.89
0.088904,90.8155
0.088908,90.89
0.088912,90.8155
0.088916,90.8155
0.08892,90.8155
0.088924,90.89
0.088928,90.8155
0.088932,90.8155
0.088936,90.8155
0.08894,90.8155
0.088944,90.89
0.088948,90.8155
0.088952,90.8155
0.088956,90.8155
0.08896,90.8155
0.088964,90.8155
0.088968,90.8155
0.088972,90.8155
0.088976,90.8155
0.08898,90.8155
0.088984,90.8155
0.088988,90.8155
0.088992,90.8155
0.088996,90.8155
0.089,90.8155
0.089004,90.8155
0.089008,90.8155
0.089012,90.8155
0.089016,90.8155
0.08902,90.8155
0.089024,90.8155
0.089028,90.8155
0.089032,90.89
0.089036,90.8155
0.08904,90.8155
0.089044,90.8155
0.089048,90.8155
0.089052,90.8155
0.089056,90.8155
0.08906,90.8155
0.089064,90.8155
0.089068,90.8155
0.089072,90.8155
0.089076,90.8155
0.08908,90.8155
0.089084,90.8155
0.089088,90.8155
0.089092,90.8155
0.089096,90.8155
0.0891,90.89
0.089104,90.8155
0.089108,90.8155
0.089112,90.8155
0.089116,90.89
0.08912,90.8155
0.089124,90.8155
0.089128,90.8155
0.089132,90.8155
0.089136,90.8155
0.08914,90.8155
0.089144,90.8155
0.089148,90.8155
0.089152,90.8155
0.089156,90.8155
0.08916,90.8155
0.089164,90.8155
0.089168,90.8155
0.089172,90.741
0.089176,90.8155
0.08918,90.8155
0.089184,90.8155
0.089188,90.8155
0.089192,90.8155
0.089196,90.8155
0.0892,90.8155
0.089204,90.8155
0.089208,90.8155
0.089212,90.8155
0.089216,90.8155
0.08922,90.8155
0.089224,90.8155
0.089228,90.8155
0.089232,90.8155
0.089236,90.8155
0.08924,90.8155
0.089244,90.8155
0.089248,90.8155
0.089252,90.8155
0.089256,90.8155
0.08926,90.8155
0.089264,90.8155
0.089268,90.8155
0.089272,90.8155
0.089276,90.8155
0.08928,90.8155
0.089284,90.8155
0.089288,90.8155
0.089292,90.8155
0.089296,90.8155
0.0893,90.8155
0.089304,90.8155
0.089308,90.8155
0.089312,90.8155
0.089316,90.8155
0.08932,90.8155
0.089324,90.8155
0.089328,90.8155
0.089332,90.8155
0.089336,90.8155
0.08934,90.741
0.089344,90.8155
0.089348,90.8155
0.089352,90.8155
0.089356,90.741
0.08936,90.741
0.089364,90.8155
0.089368,90.8155
0.089372,90.8155
0.089376,90.8155
0.08938,90.8155
0.089384,90.741
0.089388,90.8155
0.089392,90.8155
0.089396,90.741
0.0894,90.8155
0.089404,90.8155
0.089408,90.8155
0.089412,90.8155
0.089416,90.741
0.08942,90.741
0.089424,90.8155
0.089428,90.741
0.089432,90.741
0.089436,90.741
0.08944,90.741
0.089444,90.8155
0.089448,90.8155
0.089452,90.741
0.089456,90.8155
0.08946,90.8155
0.089464,90.8155
0.089468,90.8155
0.089472,90.8155
0.089476,90.8155
0.08948,90.741
0.089484,90.8155
0.089488,90.8155
0.089492,90.8155
0.089496,90.8155
0.0895,90.741
0.089504,90.741
0.089508,90.741
0.089512,90.741
0.089516,90.741
0.08952,90.741
0.089524,90.8155
0.089528,90.8155
0.089532,90.741
0.089536,90.8155
0.08954,90.741
0.089544,90.741
0.089548,90.741
0.089552,90.8155
0.089556,90.741
0.08956,90.8155
0.089564,90.8155
0.089568,90.741
0.089572,90.741
0.089576,90.741
0.08958,90.741
0.089584,90.741
0.089588,90.8155
0.089592,90.741
0.089596,90.8155
0.0896,90.741
0.089604,90.741
0.089608,90.741
0.089612,90.741
0.089616,90.741
0.08962,90.8155
0.089624,90.8155
0.089628,90.741
0.089632,90.741
0.089636,90.741
0.08964,90.8155
0.089644,90.741
0.089648,90.741
0.089652,90.8155
0.089656,90.8155
0.08966,90.741
0.089664,90.741
0.089668,90.741
0.089672,90.741
0.089676,90.8155
0.08968,90.741
0.089684,90.741
0.089688,90.8155
0.089692,90.741
0.089696,90.741
0.0897,90.741
0.089704,90.741
0.089708,90.741
0.089712,90.741
0.089716,90.8155
0.08972,90.741
0.089724,90.741
0.089728,90.741
0.089732,90.741
0.089736,90.741
0.08974,90.741
0.089744,90.741
0.089748,90.741
0.089752,90.741
0.089756,90.741
0.08976,90.741
0.089764,90.741
0.089768,90.741
0.089772,90.741
0.089776,90.741
0.08978,90.741
0.089784,90.741
0.089788,90.741
0.089792,90.741
0.089796,90.8155
0.0898,90.741
0.089804,90.8155
0.089808,90.741
0.089812,90.741
0.089816,90.741
0.08982,90.741
0.089824,90.741
0.089828,90.741
0.089832,90.741
0.089836,90.741
0.08984,90.6665
0.089844,90.741
0.089848,90.741
0.089852,90.741
0.089856,90.741
0.08986,90.741
0.089864,90.741
0.089868,90.741
0.089872,90.741
0.089876,90.741
0.08988,90.741
0.089884,90.741
0.089888,90.741
0.089892,90.741
0.089896,90.741
0.0899,90.741
0.089904,90.741
0.089908,90.6665
0.089912,90.741
0.089916,90.741
0.08992,90.8155
0.089924,90.741
0.089928,90.741
0.089932,90.741
0.089936,90.6665
0.08994,90.741
0.089944,90.741
0.089948,90.741
0.089952,90.741
0.089956,90.741
0.08996,90.741
0.089964,90.6665
0.089968,90.741
0.089972,90.741
0.089976,90.741
0.08998,90.741
0.089984,90.741
0.089988,90.741
0.089992,90.741
0.089996,90.741
0.09,90.741
0.090004,90.741
0.090008,90.741
0.090012,90.6665
0.090016,90.741
0.09002,90.741
0.090024,90.6665
0.090028,90.741
0.090032,90.6665
0.090036,90.6665
0.09004,90.741
0.090044,90.741
0.090048,90.6665
0.090052,90.6665
0.090056,90.741
0.09006,90.741
0.090064,90.741
0.090068,90.741
0.090072,90.6665
0.090076,90.6665
0.09008,90.741
0.090084,90.741
0.090088,90.741
0.090092,90.741
0.090096,90.741
0.0901,90.6665
0.090104,90.741
0.090108,90.6665
0.090112,90.741
0.090116,90.6665
0.09012,90.741
0.090124,90.6665
0.090128,90.6665
0.090132,90.6665
0.090136,90.741
0.09014,90.6665
0.090144,90.741
0.090148,90.6665
0.090152,90.741
0.090156,90.741
0.09016,90.741
0.090164,90.6665
0.090168,90.6665
0.090172,90.6665
0.090176,90.6665
0.09018,90.6665
0.090184,90.6665
0.090188,90.6665
0.090192,90.6665
0.090196,90.6665
0.0902,90.741
0.090204,90.6665
0.090208,90.741
0.090212,90.6665
0.090216,90.741
0.09022,90.6665
0.090224,90.6665
0.090228,90.6665
0.090232,90.6665
0.090236,90.6665
0.09024,90.6665
0.090244,90.6665
0.090248,90.6665
0.090252,90.6665
0.090256,90.6665
0.09026,90.6665
0.090264,90.6665
0.090268,90.6665
0.090272,90.6665
0.090276,90.6665
0.09028,90.741
0.090284,90.6665
0.090288,90.6665
0.090292,90.6665
0.090296,90.6665
0.0903,90.6665
0.090304,90.6665
0.090308,90.6665
0.090312,90.6665
0.090316,90.6665
0.09032,90.6665
0.090324,90.6665
0.090328,90.6665
0.090332,90.6665
0.090336,90.592
0.09034,90.6665
0.090344,90.6665
0.090348,90.6665
0.090352,90.592
0.090356,90.6665
0.09036,90.6665
0.090364,90.6665
0.090368,90.6665
0.090372,90.6665
0.090376,90.592
0.09038,90.6665
0.090384,90.6665
0.090388,90.592
0.090392,90.592
0.090396,90.6665
0.0904,90.6665
0.090404,90.592
0.090408,90.6665
0.090412,90.6665
0.090416,90.592
0.09042,90.592
0.090424,90.592
0.090428,90.6665
0.090432,90.6665
0.090436,90.6665
0.09044,90.6665
0.090444,90.592
0.090448,90.6665
0.090452,90.6665
0.090456,90.592
0.09046,90.592
0.090464,90.592
0.090468,90.6665
0.090472,90.592
0.090476,90.592
0.09048,90.592
0.090484,90.592
0.090488,90.592
0.090492,90.592
0.090496,90.5175
0.0905,90.592
0.090504,90.592
0.090508,90.592
0.090512,90.592
0.090516,90.592
0.09052,90.6665
0.090524,90.592
0.090528,90.592
0.090532,90.592
0.090536,90.592
0.09054,90.6665
0.090544,90.592
0.090548,90.592
0.090552,90.592
0.090556,90.592
0.09056,90.6665
0.090564,90.592
0.090568,90.592
0.090572,90.5175
0.090576,90.5175
0.09058,90.592
0.090584,90.592
0.090588,90.5175
0.090592,90.592
0.090596,90.592
0.0906,90.592
0.090604,90.592
0.090608,90.5175
0.090612,90.5175
0.090616,90.5175
0.09062,90.5175
0.090624,90.5175
0.090628,90.592
0.090632,90.592
0.090636,90.592
0.09064,90.6665
0.090644,90.5175
0.090648,90.5175
0.090652,90.5175
0.090656,90.592
0.09066,90.5175
0.090664,90.5175
0.090668,90.592
0.090672,90.5175
0.090676,90.592
0.09068,90.5175
0.090684,90.5175
0.090688,90.5175
0.090692,90.5175
0.090696,90.5175
0.0907,90.5175
0.090704,90.5175
0.090708,90.5175
0.090712,90.5175
0.090716,90.5175
0.09072,90.592
0.090724,90.5175
0.090728,90.5175
0.090732,90.5175
0.090736,90.5175
0.09074,90.5175
0.090744,90.5175
0.090748,90.5175
0.090752,90.5175
0.090756,90.5175
0.09076,90.5175
0.090764,90.5175
0.090768,90.5175
0.090772,90.5175
0.090776,90.5175
0.09078,90.5175
0.090784,90.5175
0.090788,90.5175
0.090792,90.5175
0.090796,90.5175
0.0908,90.5175
0.090804,90.5175
0.090808,90.5175
0.090812,90.443
0.090816,90.592
0.09082,90.5175
0.090824,90.5175
0.090828,90.5175
0.090832,90.5175
0.090836,90.5175
0.09084,90.5175
0.090844,90.5175
0.090848,90.443
0.090852,90.443
0.090856,90.5175
0.09086,90.5175
0.090864,90.5175
0.090868,90.5175
0.090872,90.5175
0.090876,90.5175
0.09088,90.443
0.090884,90.5175
0.090888,90.5175
0.090892,90.5175
0.090896,90.443
0.0909,90.5175
0.090904,90.443
0.090908,90.443
0.090912,90.443
0.090916,90.5175
0.09092,90.443
0.090924,90.443
0.090928,90.5175
0.090932,90.443
0.090936,90.443
0.09094,90.443
0.090944,90.443
0.090948,90.443
0.090952,90.5175
0.090956,90.443
0.09096,90.443
0.090964,90.443
0.090968,90.443
0.090972,90.5175
0.090976,90.443
0.09098,90.443
0.090984,90.443
0.090988,90.5175
0.090992,90.5175
0.090996,90.443
0.091,90.5175
0.091004,90.443
0.091008,90.443
0.091012,90.5175
0.091016,90.443
0.09102,90.443
0.091024,90.443
0.091028,90.443
0.091032,90.443
0.091036,90.443
0.09104,90.443
0.091044,90.443
0.091048,90.5175
0.091052,90.443
0.091056,90.443
0.09106,90.443
0.091064,90.443
0.091068,90.443
0.091072,90.443
0.091076,90.443
0.09108,90.443
0.091084,90.443
0.091088,90.443
0.091092,90.443
0.091096,90.443
0.0911,90.443
0.091104,90.443
0.091108,90.443
0.091112,90.443
0.091116,90.443
0.09112,90.443
0.091124,90.443
0.091128,90.443
0.091132,90.443
0.091136,90.3685
0.09114,90.443
0.091144,90.443
0.091148,90.3685
0.091152,90.443
0.091156,90.443
0.09116,90.3685
0.091164,90.3685
0.091168,90.443
0.091172,90.443
0.091176,90.3685
0.09118,90.443
0.091184,90.3685
0.091188,90.443
0.091192,90.3685
0.091196,90.3685
0.0912,90.443
0.091204,90.3685
0.091208,90.3685
0.091212,90.3685
0.091216,90.443
0.09122,90.3685
0.091224,90.3685
0.091228,90.3685
0.091232,90.3685
0.091236,90.3685
0.09124,90.3685
0.091244,90.3685
0.091248,90.3685
0.091252,90.3685
0.091256,90.3685
0.09126,90.3685
0.091264,90.3685
0.091268,90.3685
0.091272,90.3685
0.091276,90.3685
0.09128,90.294
0.091284,90.3685
0.091288,90.3685
0.091292,90.3685
0.091296,90.3685
0.0913,90.3685
0.091304,90.3685
0.091308,90.3685
0.091312,90.3685
0.091316,90.3685
0.09132,90.294
0.091324,90.294
0.091328,90.3685
0.091332,90.3685
0.091336,90.294
0.09134,90.3685
0.091344,90.3685
0.091348,90.3685
0.091352,90.3685
0.091356,90.294
0.09136,90.294
0.091364,90.3685
0.091368,90.3685
0.091372,90.294
0.091376,90.3685
0.09138,90.294
0.091384,90.3685
0.091388,90.294
0.091392,90.3685
0.091396,90.294
0.0914,90.294
0.091404,90.294
0.091408,90.3685
0.091412,90.294
0.091416,90.294
0.09142,90.294
0.091424,90.2195
0.091428,90.294
0.091432,90.3685
0.091436,90.3685
0.09144,90.294
0.091444,90.3685
0.091448,90.3685
0.091452,90.3685
0.091456,90.294
0.09146,90.3685
0.091464,90.3685
0.091468,90.3685
0.091472,90.3685
0.091476,90.294
0.09148,90.3685
0.091484,90.294
0.091488,90.294
0.091492,90.294
0.091496,90.294
0.0915,90.294
0.091504,90.294
0.091508,90.294
0.091512,90.294
0.091516,90.294
0.09152,90.294
0.091524,90.294
0.091528,90.294
0.091532,90.294
0.091536,90.2195
0.09154,90.294
0.091544,90.294
0.091548,90.294
0.091552,90.294
0.091556,90.294
0.09156,90.294
0.091564,90.294
0.091568,90.294
0.091572,90.294
0.091576,90.2195
0.09158,90.294
0.091584,90.294
0.091588,90.2195
0.091592,90.2195
0.091596,90.294
0.0916,90.2195
0.091604,90.294
0.091608,90.2195
0.091612,90.294
0.091616,90.2195
0.09162,90.294
0.091624,90.2195
0.091628,90.2195
0.091632,90.294
0.091636,90.294
0.09164,90.2195
0.091644,90.2195
0.091648,90.294
0.091652,90.2195
0.091656,90.2195
0.09166,90.2195
0.091664,90.2195
0.091668,90.2195
0.091672,90.2195
0.091676,90.2195
0.09168,90.2195
0.091684,90.2195
0.091688,90.2195
0.091692,90.2195
0.091696,90.2195
0.0917,90.2195
0.091704,90.2195
0.091708,90.2195
0.091712,90.2195
0.091716,90.2195
0.09172,90.145
0.091724,90.2195
0.091728,90.2195
0.091732,90.2195
0.091736,90.145
0.09174,90.2195
0.091744,90.2195
0.091748,90.2195
0.091752,90.2195
0.091756,90.2195
0.09176,90.145
0.091764,90.145
0.091768,90.145
0.091772,90.145
0.091776,90.145
0.09178,90.145
0.091784,90.2195
0.091788,90.145
0.091792,90.145
0.091796,90.145
0.0918,90.145
0.091804,90.145
0.091808,90.145
0.091812,90.145
0.091816,90.145
0.09182,90.145
0.091824,90.145
0.091828,90.145
0.091832,90.145
0.091836,90.145
0.09184,90.145
0.091844,90.145
0.091848,90.0705
0.091852,90.145
0.091856,90.0705
0.09186,90.145
0.091864,90.145
0.091868,90.0705
0.091872,90.0705
0.091876,90.145
0.09188,90.145
0.091884,90.145
0.091888,90.145
0.091892,90.145
0.091896,90.145
0.0919,90.0705
0.091904,90.0705
0.091908,90.0705
0.091912,90.145
0.091916,90.145
0.09192,90.0705
0.091924,90.145
0.091928,90.0705
0.091932,90.145
0.091936,90.0705
0.09194,90.145
0.091944,90.0705
0.091948,90.0705
0.091952,90.0705
0.091956,90.0705
0.09196,90.0705
0.091964,90.0705
0.091968,90.0705
0.091972,90.0705
0.091976,90.0705
0.09198,90.0705
0.091984,90.0705
0.091988,90.0705
0.091992,90.0705
0.091996,90.0705
0.092,90.0705
0.092004,90.0705
0.092008,90.0705
0.092012,90.0705
0.092016,90.0705
0.09202,89.996
0.092024,90.0705
0.092028,90.0705
0.092032,90.0705
0.092036,90.0705
0.09204,90.0705
0.092044,90.0705
0.092048,90.0705
0.092052,90.0705
0.092056,90.0705
0.09206,89.996
0.092064,89.996
0.092068,90.0705
0.092072,89.996
0.092076,90.0705
0.09208,89.996
0.092084,90.0705
0.092088,89.996
0.092092,89.996
0.092096,89.996
0.0921,89.996
0.092104,90.0705
0.092108,89.996
0.092112,89.996
0.092116,89.996
0.09212,90.0705
0.092124,89.996
0.092128,89.9215
0.092132,89.996
0.092136,89.996
0.09214,89.996
0.092144,89.996
0.092148,89.9215
0.092152,89.996
0.092156,89.996
0.09216,89.996
0.092164,89.996
0.092168,89.9215
0.092172,89.996
0.092176,89.996
0.09218,89.9215
0.092184,89.996
0.092188,89.996
0.092192,89.996
0.092196,89.996
0.0922,89.996
0.092204,89.9215
0.092208,89.996
0.092212,89.996
0.092216,89.996
0.09222,89.9215
0.092224,89.9215
0.092228,89.9215
0.092232,89.9215
0.092236,89.996
0.09224,89.9215
0.092244,89.9215
0.092248,89.9215
0.092252,89.9215
0.092256,89.9215
0.09226,89.9215
0.092264,89.9215
0.092268,89.9215
0.092272,89.9215
0.092276,89.996
0.09228,89.9215
0.092284,89.9215
0.092288,89.9215
0.092292,89.9215
0.092296,89.9215
0.0923,89.9215
0.092304,89.9215
0.092308,89.9215
0.092312,89.9215
0.092316,89.9215
0.09232,89.9215
0.092324,89.9215
0.092328,89.9215
0.092332,89.9215
0.092336,89.9215
0.09234,89.9215
0.092344,89.9215
0.092348,89.847
0.092352,89.9215
0.092356,89.9215
0.09236,89.9215
0.092364,89.847
0.092368,89.847
0.092372,89.9215
0.092376,89.9215
0.09238,89.847
0.092384,89.847
0.092388,89.847
0.092392,89.847
0.092396,89.847
0.0924,89.847
0.092404,89.9215
0.092408,89.847
0.092412,89.9215
0.092416,89.847
0.09242,89.847
0.092424,89.847
0.092428,89.847
0.092432,89.847
0.092436,89.847
0.09244,89.847
0.092444,89.847
0.092448,89.847
0.092452,89.847
0.092456,89.847
0.09246,89.847
0.092464,89.847
0.092468,89.847
0.092472,89.847
0.092476,89.847
0.09248,89.7725
0.092484,89.847
0.092488,89.847
0.092492,89.847
0.092496,89.847
0.0925,89.847
0.092504,89.847
0.092508,89.7725
0.092512,89.847
0.092516,89.847
0.09252,89.847
0.092524,89.7725
0.092528,89.847
0.092532,89.847
0.092536,89.847
0.09254,89.7725
0.092544,89.847
0.092548,89.847
0.092552,89.847
0.092556,89.847
0.09256,89.7725
0.092564,89.7725
0.092568,89.847
0.092572,89.7725
0.092576,89.847
0.09258,89.7725
0.092584,89.7725
0.092588,89.847
0.092592,89.847
0.092596,89.7725
0.0926,89.7725
0.092604,89.7725
0.092608,89.7725
0.092612,89.7725
0.092616,89.7725
0.09262,89.7725
0.092624,89.7725
0.092628,89.847
0.092632,89.7725
0.092636,89.7725
0.09264,89.7725
0.092644,89.7725
0.092648,89.7725
0.092652,89.7725
0.092656,89.7725
0.09266,89.7725
0.092664,89.7725
0.092668,89.7725
0.092672,89.7725
0.092676,89.7725
0.09268,89.7725
0.092684,89.847
0.092688,89.7725
0.092692,89.7725
0.092696,89.7725
0.0927,89.7725
0.092704,89.7725
0.092708,89.698
0.092712,89.698
0.092716,89.7725
0.09272,89.7725
0.092724,89.698
0.092728,89.7725
0.092732,89.7725
0.092736,89.7725
0.09274,89.698
0.092744,89.698
0.092748,89.7725
0.092752,89.698
0.092756,89.7725
0.09276,89.698
0.092764,89.62349999999999
0.092768,89.698
0.092772,89.698
0.092776,89.698
0.09278,89.698
0.092784,89.7725
0.092788,89.698
0.092792,89.698
0.092796,89.698
0.0928,89.698
0.092804,89.698
0.092808,89.698
0.092812,89.698
0.092816,89.698
0.09282,89.698
0.092824,89.698
0.092828,89.62349999999999
0.092832,89.62349999999999
0.092836,89.62349999999999
0.09284,89.62349999999999
0.092844,89.698
0.092848,89.698
0.092852,89.62349999999999
0.092856,89.62349999999999
0.09286,89.62349999999999
0.092864,89.62349999999999
0.092868,89.62349999999999
0.092872,89.62349999999999
0.092876,89.62349999999999
0.09288,89.62349999999999
0.092884,89.62349999999999
0.092888,89.62349999999999
0.092892,89.62349999999999
0.092896,89.62349999999999
0.0929,89.62349999999999
0.092904,89.62349999999999
0.092908,89.62349999999999
0.092912,89.62349999999999
0.092916,89.698
0.09292,89.62349999999999
0.092924,89.62349999999999
0.092928,89.62349999999999
0.092932,89.62349999999999
0.092936,89.62349999999999
0.09294,89.62349999999999
0.092944,89.62349999999999
0.092948,89.62349999999999
0.092952,89.54899999999999
0.092956,89.62349999999999
0.09296,89.62349999999999
0.092964,89.62349999999999
0.092968,89.62349999999999
0.092972,89.62349999999999
0.092976,89.62349999999999
0.09298,89.54899999999999
0.092984,89.62349999999999
0.092988,89.62349999999999
0.092992,89.62349999999999
0.092996,89.62349999999999
0.093,89.62349999999999
0.093004,89.62349999999999
0.093008,89.62349999999999
0.093012,89.62349999999999
0.093016,89.54899999999999
0.09302,89.54899999999999
0.093024,89.62349999999999
0.093028,89.54899999999999
0.093032,89.62349999999999
0.093036,89.54899999999999
0.09304,89.62349999999999
0.093044,89.54899999999999
0.093048,89.54899999999999
0.093052,89.54899999999999
0.093056,89.54899999999999
0.09306,89.54899999999999
0.093064,89.54899999999999
0.093068,89.62349999999999
0.093072,89.54899999999999
0.093076,89.54899999999999
0.09308,89.54899999999999
0.093084,89.54899999999999
0.093088,89.54899999999999
0.093092,89.54899999999999
0.093096,89.54899999999999
0.0931,89.54899999999999
0.093104,89.47449999999999
0.093108,89.54899999999999
0.093112,89.47449999999999
0.093116,89.54899999999999
0.09312,89.54899999999999
0.093124,89.54899999999999
0.093128,89.54899999999999
0.093132,89.47449999999999
0.093136,89.54899999999999
0.09314,89.54899999999999
0.093144,89.54899999999999
0.093148,89.54899999999999
0.093152,89.54899999999999
0.093156,89.54899999999999
0.09316,89.54899999999999
0.093164,89.54899999999999
0.093168,89.54899999999999
0.093172,89.54899999999999
0.093176,89.47449999999999
0.09318,89.47449999999999
0.093184,89.47449999999999
0.093188,89.47449999999999
0.093192,89.54899999999999
0.093196,89.47449999999999
0.0932,89.47449999999999
0.093204,89.47449999999999
0.093208,89.54899999999999
0.093212,89.47449999999999
0.093216,89.47449999999999
0.09322,89.47449999999999
0.093224,89.47449999999999
0.093228,89.47449999999999
0.093232,89.47449999999999
0.093236,89.47449999999999
0.09324,89.47449999999999
0.093244,89.39999999999999
0.093248,89.47449999999999
0.093252,89.47449999999999
0.093256,89.47449999999999
0.09326,89.47449999999999
0.093264,89.47449999999999
0.093268,89.47449999999999
0.093272,89.47449999999999
0.093276,89.39999999999999
0.09328,89.39999999999999
0.093284,89.47449999999999
0.093288,89.39999999999999
0.093292,89.47449999999999
0.093296,89.47449999999999
0.0933,89.39999999999999
0.093304,89.39999999999999
0.093308,89.47449999999999
0.093312,89.39999999999999
0.093316,89.39999999999999
0.09332,89.39999999999999
0.093324,89.39999999999999
0.093328,89.47449999999999
0.093332,89.39999999999999
0.093336,89.39999999999999
0.09334,89.39999999999999
0.093344,89.39999999999999
0.093348,89.39999999999999
0.093352,89.32549999999999
0.093356,89.39999999999999
0.09336,89.39999999999999
0.093364,89.32549999999999
0.093368,89.39999999999999
0.093372,89.39999999999999
0.093376,89.39999999999999
0.09338,89.39999999999999
0.093384,89.39999999999999
0.093388,89.47449999999999
0.093392,89.39999999999999
0.093396,89.39999999999999
0.0934,89.39999999999999
0.093404,89.39999999999999
0.093408,89.32549999999999
0.093412,89.32549999999999
0.093416,89.32549999999999
0.09342,89.32549999999999
0.093424,89.32549999999999
0.093428,89.32549999999999
0.093432,89.39999999999999
0.093436,89.32549999999999
0.09344,89.32549999999999
0.093444,89.32549999999999
0.093448,89.32549999999999
0.093452,89.32549999999999
0.093456,89.32549999999999
0.09346,89.32549999999999
0.093464,89.25099999999999
0.093468,89.32549999999999
0.093472,89.32549999999999
0.093476,89.32549999999999
0.09348,89.32549999999999
0.093484,89.32549999999999
0.093488,89.32549999999999
0.093492,89.32549999999999
0.093496,89.32549999999999
0.0935,89.32549999999999
0.093504,89.32549999999999
0.093508,89.32549999999999
0.093512,89.32549999999999
0.093516,89.32549999999999
0.09352,89.32549999999999
0.093524,89.32549999999999
0.093528,89.25099999999999
0.093532,89.25099999999999
0.093536,89.32549999999999
0.09354,89.32549999999999
0.093544,89.25099999999999
0.093548,89.25099999999999
0.093552,89.25099999999999
0.093556,89.32549999999999
0.09356,89.25099999999999
0.093564,89.32549999999999
0.093568,89.25099999999999
0.093572,89.32549999999999
0.093576,89.32549999999999
0.09358,89.25099999999999
0.093584,89.25099999999999
0.093588,89.25099999999999
0.093592,89.25099999999999
0.093596,89.17649999999999
0.0936,89.32549999999999
0.093604,89.25099999999999
0.093608,89.25099999999999
0.093612,89.25099999999999
0.093616,89.25099999999999
0.09362,89.25099999999999
0.093624,89.25099999999999
0.093628,89.25099999999999
0.093632,89.25099999999999
0.093636,89.25099999999999
0.09364,89.25099999999999
0.093644,89.25099999999999
0.093648,89.32549999999999
0.093652,89.25099999999999
0.093656,89.25099999999999
0.09366,89.25099999999999
0.093664,89.25099999999999
0.093668,89.17649999999999
0.093672,89.25099999999999
0.093676,89.25099999999999
0.09368,89.25099999999999
0.093684,89.17649999999999
0.093688,89.25099999999999
0.093692,89.25099999999999
0.093696,89.17649999999999
0.0937,89.17649999999999
0.093704,89.17649999999999
0.093708,89.17649999999999
0.093712,89.25099999999999
0.093716,89.17649999999999
0.09372,89.17649999999999
0.093724,89.17649999999999
0.093728,89.25099999999999
0.093732,89.17649999999999
0.093736,89.17649999999999
0.09374,89.17649999999999
0.093744,89.17649999999999
0.093748,89.17649999999999
0.093752,89.17649999999999
0.093756,89.17649999999999
0.09376,89.17649999999999
0.093764,89.17649999999999
0.093768,89.17649999999999
0.093772,89.17649999999999
0.093776,89.17649999999999
0.09378,89.17649999999999
0.093784,89.10199999999999
0.093788,89.17649999999999
0.093792,89.10199999999999
0.093796,89.17649999999999
0.0938,89.17649999999999
0.093804,89.17649999999999
0.093808,89.17649999999999
0.093812,89.17649999999999
0.093816,89.10199999999999
0.09382,89.17649999999999
0.093824,89.10199999999999
0.093828,89.17649999999999
0.093832,89.17649999999999
0.093836,89.10199999999999
0.09384,89.17649999999999
0.093844,89.10199999999999
0.093848,89.10199999999999
0.093852,89.10199999999999
0.093856,89.10199999999999
0.09386,89.10199999999999
0.093864,89.02749999999999
0.093868,89.10199999999999
0.093872,89.10199999999999
0.093876,89.10199999999999
0.09388,89.10199999999999
0.093884,89.10199999999999
0.093888,89.10199999999999
0.093892,89.10199999999999
0.093896,89.10199999999999
0.0939,89.10199999999999
0.093904,89.10199999999999
0.093908,89.10199999999999
0.093912,89.02749999999999
0.093916,89.02749999999999
0.09392,89.02749999999999
0.093924,89.10199999999999
0.093928,89.10199999999999
0.093932,89.10199999999999
0.093936,89.10199999999999
0.09394,89.02749999999999
0.093944,89.02749999999999
0.093948,89.10199999999999
0.093952,89.02749999999999
0.093956,89.02749999999999
0.09396,89.02749999999999
0.093964,89.02749999999999
0.093968,89.02749999999999
0.093972,89.02749999999999
0.093976,89.02749999999999
0.09398,89.02749999999999
0.093984,89.02749999999999
0.093988,89.02749999999999
0.093992,89.02749999999999
0.093996,89.10199999999999
0.094,89.02749999999999
0.094004,89.02749999999999
0.094008,89.02749999999999
0.094012,89.02749999999999
0.094016,89.02749999999999
0.09402,89.02749999999999
0.094024,89.02749999999999
0.094028,89.02749999999999
0.094032,89.02749999999999
0.094036,89.02749999999999
0.09404,89.02749999999999
0.094044,89.02749999999999
0.094048,89.02749999999999
0.094052,89.02749999999999
0.094056,89.02749999999999
0.09406,89.02749999999999
0.094064,89.02749999999999
0.094068,89.02749999999999
0.094072,89.02749999999999
0.094076,89.02749999999999
0.09408,88.953
0.094084,89.02749999999999
0.094088,88.953
0.094092,89.02749999999999
0.094096,88.953
0.0941,88.953
0.094104,88.953
0.094108,89.02749999999999
0.094112,88.953
0.094116,88.953
0.09412,88.953
0.094124,88.953
0.094128,88.953
0.094132,88.953
0.094136,88.953
0.09414,88.953
0.094144,88.953
0.094148,88.953
0.094152,89.02749999999999
0.094156,88.953
0.09416,88.953
0.094164,88.953
0.094168,88.953
0.094172,88.953
0.094176,88.8785
0.09418,88.953
0.094184,88.953
0.094188,88.953
0.094192,88.953
0.094196,88.8785
0.0942,88.953
0.094204,88.8785
0.094208,88.8785
0.094212,88.953
0.094216,88.8785
0.09422,88.8785
0.094224,88.8785
0.094228,88.8785
0.094232,88.8785
0.094236,88.8785
0.09424,88.953
0.094244,88.8785
0.094248,88.8785
0.094252,88.8785
0.094256,88.8785
0.09426,88.8785
0.094264,88.8785
0.094268,88.8785
0.094272,88.8785
0.094276,88.8785
0.09428,88.8785
0.094284,88.8785
0.094288,88.8785
0.094292,88.8785
0.094296,88.8785
0.0943,88.8785
0.094304,88.804
0.094308,88.8785
0.094312,88.804
0.094316,88.804
0.09432,88.8785
0.094324,88.8785
0.094328,88.804
0.094332,88.804
0.094336,88.804
0.09434,88.8785
0.094344,88.804
0.094348,88.804
0.094352,88.804
0.094356,88.804
0.09436,88.804
0.094364,88.804
0.094368,88.804
0.094372,88.804
0.094376,88.804
0.09438,88.804
0.094384,88.804
0.094388,88.804
0.094392,88.804
0.094396,88.804
0.0944,88.804
0.094404,88.804
0.094408,88.7295
0.094412,88.7295
0.094416,88.7295
0.09442,88.804
0.094424,88.804
0.094428,88.7295
0.094432,88.7295
0.094436,88.7295
0.09444,88.7295
0.094444,88.7295
0.094448,88.7295
0.094452,88.7295
0.094456,88.7295
0.09446,88.7295
0.094464,88.804
0.094468,88.7295
0.094472,88.7295
0.094476,88.7295
0.09448,88.7295
0.094484,88.7295
0.094488,88.7295
0.094492,88.7295
0.094496,88.7295
0.0945,88.7295
0.094504,88.7295
0.094508,88.7295
0.094512,88.7295
0.094516,88.7295
0.09452,88.7295
0.094524,88.7295
0.094528,88.7295
0.094532,88.7295
0.094536,88.655
0.09454,88.655
0.094544,88.655
0.094548,88.655
0.094552,88.7295
0.094556,88.7295
0.09456,88.655
0.094564,88.655
0.094568,88.655
0.094572,88.655
0.094576,88.655
0.09458,88.655
0.094584,88.7295
0.094588,88.655
0.094592,88.655
0.094596,88.655
0.0946,88.7295
0.094604,88.655
0.094608,88.655
0.094612,88.655
0.094616,88.655
0.09462,88.655
0.094624,88.655
0.094628,88.655
0.094632,88.655
0.094636,88.655
0.09464,88.655
0.094644,88.655
0.094648,88.655
0.094652,88.655
0.094656,88.5805
0.09466,88.5805
0.094664,88.5805
0.094668,88.5805
0.094672,88.655
0.094676,88.5805
0.09468,88.5805
0.094684,88.655
0.094688,88.655
0.094692,88.5805
0.094696,88.5805
0.0947,88.5805
0.094704,88.5805
0.094708,88.5805
0.094712,88.655
0.094716,88.655
0.09472,88.5805
0.094724,88.5805
0.094728,88.5805
0.094732,88.5805
0.094736,88.5805
0.09474,88.5805
0.094744,88.5805
0.094748,88.5805
0.094752,88.5805
0.094756,88.5805
0.09476,88.5805
0.094764,88.506
0.094768,88.506
0.094772,88.5805
0.094776,88.5805
0.09478,88.506
0.094784,88.506
0.094788,88.506
0.094792,88.506
0.094796,88.506
0.0948,88.506
0.094804,88.5805
0.094808,88.506
0.094812,88.506
0.094816,88.506
0.09482,88.506
0.094824,88.506
0.094828,88.506
0.094832,88.506
0.094836,88.506
0.09484,88.506
0.094844,88.506
0.094848,88.506
0.094852,88.506
0.094856,88.4315
0.09486,88.506
0.094864,88.506
0.094868,88.506
0.094872,88.506
0.094876,88.506
0.09488,88.506
0.094884,88.4315
0.094888,88.4315
0.094892,88.506
0.094896,88.506
0.0949,88.4315
0.094904,88.506
0.094908,88.506
0.094912,88.506
0.094916,88.4315
0.09492,88.506
0.094924,88.4315
0.094928,88.4315
0.094932,88.4315
0.094936,88.4315
0.09494,88.4315
0.094944,88.357
0.094948,88.357
0.094952,88.4315
0.094956,88.357
0.09496,88.4315
0.094964,88.4315
0.094968,88.4315
0.094972,88.4315
0.094976,88.4315
0.09498,88.4315
0.094984,88.4315
0.094988,88.357
0.094992,88.357
0.094996,88.357
0.095,88.4315
0.095004,88.357
0.095008,88.357
0.095012,88.357
0.095016,88.4315
0.09502,88.4315
0.095024,88.357
0.095028,88.357
0.095032,88.357
0.095036,88.357
0.09504,88.357
0.095044,88.357
0.095048,88.357
0.095052,88.357
0.095056,88.357
0.09506,88.357
0.095064,88.357
0.095068,88.2825
0.095072,88.357
0.095076,88.357
0.09508,88.357
0.095084,88.357
0.095088,88.357
0.095092,88.357
0.095096,88.2825
0.0951,88.357
0.095104,88.357
0.095108,88.357
0.095112,88.2825
0.095116,88.357
0.09512,88.2825
0.095124,88.2825
0.095128,88.357
0.095132,88.2825
0.095136,88.2825
0.09514,88.2825
0.095144,88.2825
0.095148,88.2825
0.095152,88.2825
0.095156,88.2825
0.09516,88.2825
0.095164,88.2825
0.095168,88.2825
0.095172,88.2825
0.095176,88.2825
0.09518,88.208
0.095184,88.2825
0.095188,88.2825
0.095192,88.2825
0.095196,88.2825
0.0952,88.208
0.095204,88.2825
0.095208,88.2825
0.095212,88.208
0.095216,88.208
0.09522,88.208
0.095224,88.208
0.095228,88.208
0.095232,88.208
0.095236,88.208
0.09524,88.208
0.095244,88.208
0.095248,88.208
0.095252,88.208
0.095256,88.208
0.09526,88.208
0.095264,88.208
0.095268,88.208
0.095272,88.208
0.095276,88.1335
0.09528,88.208
0.095284,88.1335
0.095288,88.1335
0.095292,88.208
0.095296,88.1335
0.0953,88.1335
0.095304,88.1335
0.095308,88.1335
0.095312,88.1335
0.095316,88.1335
0.09532,88.1335
0.095324,88.1335
0.095328,88.1335
0.095332,88.1335
0.095336,88.1335
0.09534,88.1335
0.095344,88.1335
0.095348,88.1335
0.095352,88.1335
0.095356,88.1335
0.09536,88.1335
0.095364,88.1335
0.095368,88.1335
0.095372,88.059
0.095376,88.1335
0.09538,88.1335
0.095384,88.1335
0.095388,88.1335
0.095392,88.1335
0.095396,88.1335
0.0954,88.1335
0.095404,88.1335
0.095408,88.059
0.095412,88.1335
0.095416,88.1335
0.09542,88.059
0.095424,88.059
0.095428,88.059
0.095432,88.059
0.095436,88.059
0.09544,88.1335
0.095444,88.059
0.095448,88.059
0.095452,88.059
0.095456,88.059
0.09546,88.059
0.095464,88.059
0.095468,88.059
0.095472,88.059
0.095476,87.9845
0.09548,88.059
0.095484,87.9845
0.095488,88.059
0.095492,88.059
0.095496,88.059
0.0955,88.059
0.095504,88.059
0.095508,87.9845
0.095512,87.9845
0.095516,87.9845
0.09552,88.059
0.095524,88.059
0.095528,87.9845
0.095532,88.059
0.095536,88.059
0.09554,87.9845
0.095544,87.9845
0.095548,87.9845
0.095552,87.9845
0.095556,87.9845
0.09556,87.9845
0.095564,87.9845
0.095568,87.9845
0.095572,87.9845
0.095576,87.9845
0.09558,87.9845
0.095584,87.91
0.095588,87.9845
0.095592,87.9845
0.095596,87.9845
0.0956,87.9845
0.095604,87.9845
0.095608,87.9845
0.095612,87.9845
0.095616,87.91
0.09562,87.9845
0.095624,87.9845
0.095628,87.9845
0.095632,87.91
0.095636,87.9845
0.09564,87.91
0.095644,87.9845
0.095648,87.91
0.095652,87.91
0.095656,87.91
0.09566,87.91
0.095664,87.91
0.095668,87.91
0.095672,87.91
0.095676,87.91
0.09568,87.91
0.095684,87.91
0.095688,87.91
0.095692,87.91
0.095696,87.91
0.0957,87.91
0.095704,87.8355
0.095708,87.91
0.095712,87.8355
0.095716,87.8355
0.09572,87.8355
0.095724,87.8355
0.095728,87.8355
0.095732,87.8355
0.095736,87.8355
0.09574,87.8355
0.095744,87.8355
0.095748,87.8355
0.095752,87.8355
0.095756,87.8355
0.09576,87.8355
0.095764,87.8355
0.095768,87.761
0.095772,87.8355
0.095776,87.8355
0.09578,87.8355
0.095784,87.8355
0.095788,87.761
0.095792,87.8355
0.095796,87.8355
0.0958,87.761
0.095804,87.8355
0.095808,87.8355
0.095812,87.8355
0.095816,87.761
0.09582,87.8355
0.095824,87.761
0.095828,87.761
0.095832,87.761
0.095836,87.8355
0.09584,87.761
0.095844,87.761
0.095848,87.761
0.095852,87.761
0.095856,87.761
0.09586,87.761
0.095864,87.6865
0.095868,87.6865
0.095872,87.6865
0.095876,87.6865
0.09588,87.6865
0.095884,87.761
0.095888,87.761
0.095892,87.6865
0.095896,87.761
0.0959,87.761
0.095904,87.761
0.095908,87.761
0.095912,87.6865
0.095916,87.6865
0.09592,87.6865
0.095924,87.761
0.095928,87.6865
0.095932,87.6865
0.095936,87.6865
0.09594,87.6865
0.095944,87.761
0.095948,87.6865
0.095952,87.6865
0.095956,87.6865
0.09596,87.6865
0.095964,87.6865
0.095968,87.6865
0.095972,87.6865
0.095976,87.6865
0.09598,87.6865
0.095984,87.6865
0.095988,87.6865
0.095992,87.6865
0.095996,87.612
0.096,87.761
0.096004,87.6865
0.096008,87.612
0.096012,87.612
0.096016,87.6865
0.09602,87.612
0.096024,87.612
0.096028,87.6865
0.096032,87.612
0.096036,87.612
0.09604,87.6865
0.096044,87.612
0.096048,87.612
0.096052,87.612
0.096056,87.612
0.09606,87.612
0.096064,87.612
0.096068,87.612
0.096072,87.612
0.096076,87.612
0.09608,87.612
0.096084,87.5375
0.096088,87.612
0.096092,87.612
0.096096,87.5375
0.0961,87.5375
0.096104,87.5375
0.096108,87.612
0.096112,87.612
0.096116,87.612
0.09612,87.5375
0.096124,87.5375
0.096128,87.5375
0.096132,87.5375
0.096136,87.5375
0.09614,87.5375
0.096144,87.5375
0.096148,87.5375
0.096152,87.5375
0.096156,87.5375
0.09616,87.5375
0.096164,87.5375
0.096168,87.5375
0.096172,87.5375
0.096176,87.5375
0.09618,87.5375
0.096184,87.5375
0.096188,87.5375
0.096192,87.5375
0.096196,87.5375
0.0962,87.463
0.096204,87.5375
0.096208,87.5375
0.096212,87.463
0.096216,87.463
0.09622,87.463
0.096224,87.463
0.096228,87.463
0.096232,87.463
0.096236,87.463
0.09624,87.5375
0.096244,87.5375
0.096248,87.463
0.096252,87.463
0.096256,87.463
0.09626,87.463
0.096264,87.463
0.096268,87.3885
0.096272,87.463
0.096276,87.3885
0.09628,87.463
0.096284,87.463
0.096288,87.3885
0.096292,87.463
0.096296,87.3885
0.0963,87.5375
0.096304,87.463
0.096308,87.3885
0.096312,87.463
0.096316,87.3885
0.09632,87.463
0.096324,87.463
0.096328,87.3885
0.096332,87.3885
0.096336,87.3885
0.09634,87.3885
0.096344,87.3885
0.096348,87.3885
0.096352,87.3885
0.096356,87.3885
0.09636,87.3885
0.096364,87.314
0.096368,87.3885
0.096372,87.314
0.096376,87.3885
0.09638,87.3885
0.096384,87.3885
0.096388,87.314
0.096392,87.314
0.096396,87.314
0.0964,87.314
0.096404,87.314
0.096408,87.3885
0.096412,87.314
0.096416,87.314
0.09642,87.314
0.096424,87.3885
0.096428,87.314
0.096432,87.3885
0.096436,87.3885
0.09644,87.314
0.096444,87.314
0.096448,87.23949999999999
0.096452,87.314
0.096456,87.23949999999999
0.09646,87.314
0.096464,87.314
0.096468,87.23949999999999
0.096472,87.314
0.096476,87.314
0.09648,87.23949999999999
0.096484,87.314
0.096488,87.23949999999999
0.096492,87.314
0.096496,87.314
0.0965,87.314
0.096504,87.23949999999999
0.096508,87.23949999999999
0.096512,87.23949999999999
0.096516,87.23949999999999
0.09652,87.23949999999999
0.096524,87.23949999999999
0.096528,87.23949999999999
0.096532,87.23949999999999
0.096536,87.23949999999999
0.09654,87.23949999999999
0.096544,87.23949999999999
0.096548,87.23949999999999
0.096552,87.23949999999999
0.096556,87.23949999999999
0.09656,87.23949999999999
0.096564,87.16499999999999
0.096568,87.23949999999999
0.096572,87.23949999999999
0.096576,87.16499999999999
0.09658,87.23949999999999
0.096584,87.23949999999999
0.096588,87.23949999999999
0.096592,87.16499999999999
0.096596,87.23949999999999
0.0966,87.23949999999999
0.096604,87.16499999999999
0.096608,87.23949999999999
0.096612,87.23949999999999
0.096616,87.23949999999999
0.09662,87.16499999999999
0.096624,87.16499999999999
0.096628,87.16499999999999
0.096632,87.16499999999999
0.096636,87.16499999999999
0.09664,87.16499999999999
0.096644,87.16499999999999
0.096648,87.16499999999999
0.096652,87.16499999999999
0.096656,87.16499999999999
0.09666,87.09049999999999
0.096664,87.16499999999999
0.096668,87.16499999999999
0.096672,87.16499999999999
0.096676,87.16499999999999
0.09668,87.16499999999999
0.096684,87.23949999999999
0.096688,87.09049999999999
0.096692,87.16499999999999
0.096696,87.09049999999999
0.0967,87.16499999999999
0.096704,87.09049999999999
0.096708,87.09049999999999
0.096712,87.09049999999999
0.096716,87.09049999999999
0.09672,87.09049999999999
0.096724,87.09049999999999
0.096728,87.09049999999999
0.096732,87.01599999999999
0.096736,87.01599999999999
0.09674,87.09049999999999
0.096744,87.09049999999999
0.096748,87.09049999999999
0.096752,87.01599999999999
0.096756,87.01599999999999
0.09676,87.01599999999999
0.096764,87.09049999999999
0.096768,87.09049999999999
0.096772,87.01599999999999
0.096776,87.01599999999999
0.09678,87.09049999999999
0.096784,87.09049999999999
0.096788,87.01599999999999
0.096792,87.01599999999999
0.096796,87.01599999999999
0.0968,87.09049999999999
0.096804,87.09049999999999
0.096808,87.01599999999999
0.096812,87.01599999999999
0.096816,87.01599999999999
0.09682,87.01599999999999
0.096824,87.01599999999999
0.096828,87.01599999999999
0.096832,86.94149999999999
0.096836,87.01599999999999
0.09684,87.01599999999999
0.096844,87.01599999999999
0.096848,86.94149999999999
0.096852,87.01599999999999
0.096856,87.01599999999999
0.09686,86.94149999999999
0.096864,86.94149999999999
0.096868,86.94149999999999
0.096872,86.94149999999999
0.096876,87.01599999999999
0.09688,86.94149999999999
0.096884,86.94149999999999
0.096888,86.94149999999999
0.096892,86.94149999999999
0.096896,86.94149999999999
0.0969,86.94149999999999
0.096904,86.94149999999999
0.096908,86.94149999999999
0.096912,86.94149999999999
0.096916,86.94149999999999
0.09692,86.94149999999999
0.096924,86.94149999999999
0.096928,86.94149999999999
0.096932,86.94149999999999
0.096936,86.86699999999999
0.09694,86.94149999999999
0.096944,86.94149999999999
0.096948,86.86699999999999
0.096952,86.86699999999999
0.096956,86.94149999999999
0.09696,86.86699999999999
0.096964,86.94149999999999
0.096968,86.94149999999999
0.096972,86.86699999999999
0.096976,86.86699999999999
0.09698,86.86699999999999
0.096984,86.94149999999999
0.096988,86.86699999999999
0.096992,86.86699999999999
0.096996,86.86699999999999
0.097,86.86699999999999
0.097004,86.86699999999999
0.097008,86.86699999999999
0.097012,86.86699999999999
0.097016,86.86699999999999
0.09702,86.86699999999999
0.097024,86.86699999999999
0.097028,86.86699999999999
0.097032,86.86699999999999
0.097036,86.79249999999999
0.09704,86.86699999999999
0.097044,86.86699999999999
0.097048,86.86699999999999
0.097052,86.86699999999999
0.097056,86.79249999999999
0.09706,86.79249999999999
0.097064,86.86699999999999
0.097068,86.79249999999999
0.097072,86.79249999999999
0.097076,86.79249999999999
0.09708,86.79249999999999
0.097084,86.79249999999999
0.097088,86.79249999999999
0.097092,86.79249999999999
0.097096,86.79249999999999
0.0971,86.79249999999999
0.097104,86.79249999999999
0.097108,86.79249999999999
0.097112,86.79249999999999
0.097116,86.79249999999999
0.09712,86.79249999999999
0.097124,86.79249999999999
0.097128,86.79249999999999
0.097132,86.71799999999999
0.097136,86.79249999999999
0.09714,86.71799999999999
0.097144,86.79249999999999
0.097148,86.71799999999999
0.097152,86.71799999999999
0.097156,86.79249999999999
0.09716,86.79249999999999
0.097164,86.71799999999999
0.097168,86.71799999999999
0.097172,86.71799999999999
0.097176,86.6435
0.09718,86.79249999999999
0.097184,86.71799999999999
0.097188,86.71799999999999
0.097192,86.71799999999999
0.097196,86.71799999999999
0.0972,86.71799999999999
0.097204,86.71799999999999
0.097208,86.71799999999999
0.097212,86.71799999999999
0.097216,86.71799999999999
0.09722,86.71799999999999
0.097224,86.71799999999999
0.097228,86.71799999999999
0.097232,86.71799999999999
0.097236,86.71799999999999
0.09724,86.71799999999999
0.097244,86.71799999999999
0.097248,86.6435
0.097252,86.71799999999999
0.097256,86.6435
0.09726,86.6435
0.097264,86.6435
0.097268,86.71799999999999
0.097272,86.6435
0.097276,86.6435
0.09728,86.6435
0.097284,86.6435
0.097288,86.71799999999999
0.097292,86.6435
0.097296,86.6435
0.0973,86.6435
0.097304,86.569
0.097308,86.6435
0.097312,86.6435
0.097316,86.6435
0.09732,86.6435
0.097324,86.6435
0.097328,86.6435
0.097332,86.6435
0.097336,86.6435
0.09734,86.569
0.097344,86.569
0.097348,86.569
0.097352,86.6435
0.097356,86.569
0.09736,86.569
0.097364,86.569
0.097368,86.569
0.097372,86.569
0.097376,86.569
0.09738,86.6435
0.097384,86.569
0.097388,86.569
0.097392,86.569
0.097396,86.569
0.0974,86.569
0.097404,86.569
0.097408,86.569
0.097412,86.569
0.097416,86.569
0.09742,86.569
0.097424,86.569
0.097428,86.4945
0.097432,86.569
0.097436,86.569
0.09744,86.569
0.097444,86.569
0.097448,86.569
0.097452,86.4945
0.097456,86.4945
0.09746,86.4945
0.097464,86.4945
0.097468,86.569
0.097472,86.4945
0.097476,86.4945
0.09748,86.569
0.097484,86.4945
0.097488,86.4945
0.097492,86.569
0.097496,86.4945
0.0975,86.569
0.097504,86.4945
0.097508,86.4945
0.097512,86.4945
0.097516,86.4945
0.09752,86.4945
0.097524,86.42
0.097528,86.4945
0.097532,86.42
0.097536,86.4945
0.09754,86.4945
0.097544,86.4945
0.097548,86.4945
0.097552,86.4945
0.097556,86.4945
0.09756,86.4945
0.097564,86.42
0.097568,86.4945
0.097572,86.4945
0.097576,86.42
0.09758,86.4945
0.097584,86.4945
0.097588,86.42
0.097592,86.4945
0.097596,86.42
0.0976,86.42
0.097604,86.42
0.097608,86.42
0.097612,86.42
0.097616,86.3455
0.09762,86.42
0.097624,86.42
0.097628,86.42
0.097632,86.42
0.097636,86.42
0.09764,86.42
0.097644,86.42
0.097648,86.42
0.097652,86.42
0.097656,86.3455
0.09766,86.42
0.097664,86.3455
0.097668,86.42
0.097672,86.3455
0.097676,86.3455
0.09768,86.3455
0.097684,86.3455
0.097688,86.3455
0.097692,86.271
0.097696,86.3455
0.0977,86.3455
0.097704,86.42
0.097708,86.3455
0.097712,86.3455
0.097716,86.3455
0.09772,86.3455
0.097724,86.3455
0.097728,86.3455
0.097732,86.3455
0.097736,86.3455
0.09774,86.3455
0.097744,86.3455
0.097748,86.3455
0.097752,86.271
0.097756,86.3455
0.09776,86.3455
0.097764,86.3455
0.097768,86.3455
0.097772,86.271
0.097776,86.271
0.09778,86.271
0.097784,86.3455
0.097788,86.271
0.097792,86.271
0.097796,86.271
0.0978,86.271
0.097804,86.271
0.097808,86.271
0.097812,86.271
0.097816,86.271
0.09782,86.271
0.097824,86.271
0.097828,86.271
0.097832,86.271
0.097836,86.271
0.09784,86.271
0.097844,86.271
0.097848,86.271
0.097852,86.271
0.097856,86.1965
0.09786,86.271
0.097864,86.1965
0.097868,86.1965
0.097872,86.1965
0.097876,86.1965
0.09788,86.1965
0.097884,86.1965
0.097888,86.1965
0.097892,86.1965
0.097896,86.271
0.0979,86.1965
0.097904,86.1965
0.097908,86.1965
0.097912,86.1965
0.097916,86.1965
0.09792,86.1965
0.097924,86.1965
0.097928,86.122
0.097932,86.1965
0.097936,86.122
0.09794,86.1965
0.097944,86.1965
0.097948,86.122
0.097952,86.1965
0.097956,86.1965
0.09796,86.1965
0.097964,86.122
0.097968,86.122
0.097972,86.122
0.097976,86.1965
0.09798,86.1965
0.097984,86.122
0.097988,86.1965
0.097992,86.122
0.097996,86.1965
0.098,86.122
0.098004,86.122
0.098008,86.122
0.098012,86.122
0.098016,86.122
0.09802,86.122
0.098024,86.122
0.098028,86.0475
0.098032,86.122
0.098036,86.0475
0.09804,86.122
0.098044,86.122
0.098048,86.122
0.098052,86.122
0.098056,86.122
0.09806,86.122
0.098064,86.0475
0.098068,86.122
0.098072,86.122
0.098076,86.122
0.09808,85.973
0.098084,86.0475
0.098088,86.0475
0.098092,86.122
0.098096,86.0475
0.0981,86.0475
0.098104,86.0475
0.098108,86.0475
0.098112,86.0475
0.098116,86.0475
0.09812,86.0475
0.098124,86.0475
0.098128,86.0475
0.098132,86.0475
0.098136,86.0475
0.09814,86.0475
0.098144,86.0475
0.098148,86.0475
0.098152,86.0475
0.098156,86.0475
0.09816,85.973
0.098164,85.973
0.098168,86.0475
0.098172,86.0475
0.098176,85.973
0.09818,85.973
0.098184,86.0475
0.098188,85.973
0.098192,85.973
0.098196,85.973
0.0982,85.973
0.098204,85.973
0.098208,85.973
0.098212,85.973
0.098216,85.973
0.09822,85.8985
0.098224,85.973
0.098228,85.8985
0.098232,85.973
0.098236,85.973
0.09824,85.973
0.098244,85.8985
0.098248,85.8985
0.098252,85.973
0.098256,85.8985
0.09826,85.8985
0.098264,85.8985
0.098268,85.973
0.098272,85.8985
0.098276,85.973
0.09828,85.973
0.098284,85.973
0.098288,85.8985
0.098292,85.8985
0.098296,85.973
0.0983,85.8985
0.098304,85.8985
0.098308,85.8985
0.098312,85.8985
0.098316,85.8985
0.09832,85.8985
0.098324,85.8985
0.098328,85.8985
0.098332,85.8985
0.098336,85.8985
0.09834,85.8985
0.098344,85.824
0.098348,85.8985
0.098352,85.8985
0.098356,85.8985
0.09836,85.824
0.098364,85.824
0.098368,85.824
0.098372,85.824
0.098376,85.824
0.09838,85.8985
0.098384,85.824
0.098388,85.824
0.098392,85.824
0.098396,85.824
0.0984,85.824
0.098404,85.824
0.098408,85.824
0.098412,85.824
0.098416,85.824
0.09842,85.824
0.098424,85.824
0.098428,85.824
0.098432,85.824
0.098436,85.824
0.09844,85.7495
0.098444,85.824
0.098448,85.7495
0.098452,85.824
0.098456,85.7495
0.09846,85.7495
0.098464,85.7495
0.098468,85.7495
0.098472,85.824
0.098476,85.7495
0.09848,85.7495
0.098484,85.824
0.098488,85.7495
0.098492,85.7495
0.098496,85.7495
0.0985,85.7495
0.098504,85.7495
0.098508,85.7495
0.098512,85.7495
0.098516,85.7495
0.09852,85.7495
0.098524,85.7495
0.098528,85.7495
0.098532,85.7495
0.098536,85.7495
0.09854,85.675
0.098544,85.7495
0.098548,85.675
0.098552,85.675
0.098556,85.7495
0.09856,85.675
0.098564,85.7495
0.098568,85.7495
0.098572,85.675
0.098576,85.675
0.09858,85.7495
0.098584,85.675
0.098588,85.675
0.098592,85.675
0.098596,85.675
0.0986,85.675
0.098604,85.675
0.098608,85.675
0.098612,85.7495
0.098616,85.675
0.09862,85.675
0.098624,85.675
0.098628,85.675
0.098632,85.675
0.098636,85.675
0.09864,85.675
0.098644,85.675
0.098648,85.675
0.098652,85.675
0.098656,85.675
0.09866,85.6005
0.098664,85.675
0.098668,85.6005
0.098672,85.6005
0.098676,85.675
0.09868,85.6005
0.098684,85.6005
0.098688,85.6005
0.098692,85.6005
0.098696,85.6005
0.0987,85.6005
0.098704,85.6005
0.098708,85.6005
0.098712,85.6005
0.098716,85.6005
0.09872,85.6005
0.098724,85.6005
0.098728,85.6005
0.098732,85.6005
0.098736,85.6005
0.09874,85.526
0.098744,85.526
0.098748,85.6005
0.098752,85.6005
0.098756,85.6005
0.09876,85.526
0.098764,85.526
0.098768,85.526
0.098772,85.526
0.098776,85.526
0.09878,85.6005
0.098784,85.526
0.098788,85.526
0.098792,85.526
0.098796,85.526
0.0988,85.526
0.098804,85.526
0.098808,85.526
0.098812,85.4515
0.098816,85.526
0.09882,85.526
0.098824,85.526
0.098828,85.4515
0.098832,85.526
0.098836,85.526
0.09884,85.526
0.098844,85.4515
0.098848,85.4515
0.098852,85.526
0.098856,85.4515
0.09886,85.4515
0.098864,85.4515
0.098868,85.4515
0.098872,85.4515
0.098876,85.4515
0.09888,85.4515
0.098884,85.4515
0.098888,85.4515
0.098892,85.4515
0.098896,85.4515
0.0989,85.4515
0.098904,85.4515
0.098908,85.4515
0.098912,85.526
0.098916,85.4515
0.09892,85.4515
0.098924,85.4515
0.098928,85.4515
0.098932,85.377
0.098936,85.4515
0.09894,85.4515
0.098944,85.377
0.098948,85.377
0.098952,85.377
0.098956,85.4515
0.09896,85.4515
0.098964,85.377
0.098968,85.4515
0.098972,85.4515
0.098976,85.377
0.09898,85.377
0.098984,85.377
0.098988,85.377
0.098992,85.4515
0.098996,85.377
0.099,85.377
0.099004,85.377
0.099008,85.377
0.099012,85.377
0.099016,85.377
0.09902,85.3025
0.099024,85.3025
0.099028,85.377
0.099032,85.377
0.099036,85.377
0.09904,85.377
0.099044,85.3025
0.099048,85.377
0.099052,85.377
0.099056,85.3025
0.09906,85.377
0.099064,85.3025
0.099068,85.377
0.099072,85.3025
0.099076,85.377
0.09908,85.3025
0.099084,85.3025
0.099088,85.3025
0.099092,85.3025
0.099096,85.377
0.0991,85.3025
0.099104,85.3025
0.099108,85.3025
0.099112,85.3025
0.099116,85.3025
0.09912,85.3025
0.099124,85.228
0.099128,85.3025
0.099132,85.3025
0.099136,85.3025
0.09914,85.3025
0.099144,85.3025
0.099148,85.3025
0.099152,85.3025
0.099156,85.3025
0.09916,85.3025
0.099164,85.3025
0.099168,85.3025
0.099172,85.3025
0.099176,85.228
0.09918,85.228
0.099184,85.228
0.099188,85.3025
0.099192,85.3025
0.099196,85.228
0.0992,85.228
0.099204,85.228
0.099208,85.228
0.099212,85.228
0.099216,85.1535
0.09922,85.228
0.099224,85.228
0.099228,85.228
0.099232,85.228
0.099236,85.228
0.09924,85.1535
0.099244,85.228
0.099248,85.228
0.099252,85.1535
0.099256,85.1535
0.09926,85.1535
0.099264,85.1535
0.099268,85.1535
0.099272,85.1535
0.099276,85.1535
0.09928,85.1535
0.099284,85.1535
0.099288,85.1535
0.099292,85.1535
0.099296,85.1535
0.0993,85.1535
0.099304,85.1535
0.099308,85.1535
0.099312,85.079
0.099316,85.1535
0.09932,85.1535
0.099324,85.1535
0.099328,85.079
0.099332,85.079
0.099336,85.1535
0.09934,85.079
0.099344,85.079
0.099348,85.1535
0.099352,85.079
0.099356,85.079
0.09936,85.079
0.099364,85.079
0.099368,85.079
0.099372,85.079
0.099376,85.079
0.09938,85.0045
0.099384,85.079
0.099388,85.079
0.099392,85.079
0.099396,85.079
0.0994,85.079
0.099404,85.079
0.099408,85.079
0.099412,85.079
0.099416,85.079
0.09942,85.0045
0.099424,85.079
0.099428,85.079
0.099432,85.079
0.099436,85.079
0.09944,85.0045
0.099444,85.0045
0.099448,85.0045
0.099452,85.0045
0.099456,85.0045
0.09946,85.0045
0.099464,85.0045
0.099468,85.0045
0.099472,85.0045
0.099476,85.0045
0.09948,85.0045
0.099484,85.0045
0.099488,84.92999999999999
0.099492,85.0045
0.099496,85.0045
0.0995,85.0045
0.099504,85.0045
0.099508,85.0045
0.099512,85.0045
0.099516,84.92999999999999
0.09952,85.0045
0.099524,85.0045
0.099528,84.92999999999999
0.099532,84.92999999999999
0.099536,85.0045
0.09954,84.92999999999999
0.099544,84.92999999999999
0.099548,84.92999999999999
0.099552,84.92999999999999
0.099556,84.92999999999999
0.09956,84.92999999999999
0.099564,84.92999999999999
0.099568,84.85549999999999
0.099572,84.92999999999999
0.099576,84.92999999999999
0.09958,84.92999999999999
0.099584,84.85549999999999
0.099588,84.92999999999999
0.099592,84.85549999999999
0.099596,84.92999999999999
0.0996,84.92999999999999
0.099604,84.85549999999999
0.099608,84.92999999999999
0.099612,84.92999999999999
0.099616,84.85549999999999
0.09962,84.85549999999999
0.099624,84.85549999999999
0.099628,84.85549999999999
0.099632,84.85549999999999
0.099636,84.85549999999999
0.09964,84.85549999999999
0.099644,84.85549999999999
0.099648,84.92999999999999
0.099652,84.85549999999999
0.099656,84.85549999999999
0.09966,84.85549999999999
0.099664,84.85549999999999
0.099668,84.85549999999999
0.099672,84.85549999999999
0.099676,84.85549999999999
0.09968,84.85549999999999
0.099684,84.85549999999999
0.099688,84.85549999999999
0.099692,84.85549999999999
0.099696,84.78099999999999
0.0997,84.78099999999999
0.099704,84.85549999999999
0.099708,84.78099999999999
0.099712,84.78099999999999
0.099716,84.85549999999999
0.09972,84.78099999999999
0.099724,84.78099999999999
0.099728,84.78099999999999
0.099732,84.78099999999999
0.099736,84.78099999999999
0.09974,84.85549999999999
0.099744,84.78099999999999
0.099748,84.78099999999999
0.099752,84.78099999999999
0.099756,84.78099999999999
0.09976,84.78099999999999
0.099764,84.78099999999999
0.099768,84.78099999999999
0.099772,84.78099999999999
0.099776,84.78099999999999
0.09978,84.78099999999999
0.099784,84.78099999999999
0.099788,84.70649999999999
0.099792,84.70649999999999
0.099796,84.70649999999999
0.0998,84.70649999999999
0.099804,84.70649999999999
0.099808,84.70649999999999
0.099812,84.70649999999999
0.099816,84.70649999999999
0.09982,84.70649999999999
0.099824,84.70649999999999
0.099828,84.70649999999999
0.099832,84.63199999999999
0.099836,84.70649999999999
0.09984,84.70649999999999
0.099844,84.63199999999999
0.099848,84.63199999999999
0.099852,84.63199999999999
0.099856,84.63199999999999
0.09986,84.70649999999999
0.099864,84.63199999999999
0.099868,84.63199999999999
0.099872,84.63199999999999
0.099876,84.63199999999999
0.09988,84.63199999999999
0.099884,84.63199999999999
0.099888,84.63199999999999
0.099892,84.63199999999999
0.099896,84.63199999999999
0.0999,84.63199999999999
0.099904,84.63199999999999
0.099908,84.63199999999999
0.099912,84.63199999999999
0.099916,84.63199999999999
0.09992,84.63199999999999
0.099924,84.63199999999999
0.099928,84.55749999999999
0.099932,84.55749999999999
0.099936,84.55749999999999
0.09994,84.55749999999999
0.099944,84.63199999999999
0.099948,84.55749999999999
0.099952,84.55749999999999
0.099956,84.55749999999999
0.09996,84.55749999999999
0.099964,84.55749999999999
0.099968,84.55749999999999
0.099972,84.55749999999999
0.099976,84.55749999999999
0.09998,84.55749999999999
0.099984,84.55749999999999
0.099988,84.55749999999999
0.099992,84.55749999999999
0.099996,84.55749999999999
0.1,84.55749999999999
0.100004,84.55749999999999
0.100008,84.55749999999999
0.100012,84.55749999999999
0.100016,84.48299999999999
0.10002,84.55749999999999
0.100024,84.55749999999999
0.100028,84.48299999999999
0.100032,84.55749999999999
0.100036,84.48299999999999
0.10004,84.55749999999999
0.100044,84.55749999999999
0.100048,84.48299999999999
0.100052,84.48299999999999
0.100056,84.48299999999999
0.10006,84.48299999999999
0.100064,84.48299999999999
0.100068,84.48299999999999
0.100072,84.48299999999999
0.100076,84.48299999999999
0.10008,84.55749999999999
0.100084,84.48299999999999
0.100088,84.48299999999999
0.100092,84.48299999999999
0.100096,84.48299999999999
0.1001,84.48299999999999
0.100104,84.48299999999999
0.100108,84.40849999999999
0.100112,84.48299999999999
0.100116,84.40849999999999
0.10012,84.40849999999999
0.100124,84.40849999999999
0.100128,84.48299999999999
0.100132,84.40849999999999
0.100136,84.40849999999999
0.10014,84.40849999999999
0.100144,84.40849999999999
0.100148,84.40849999999999
0.100152,84.48299999999999
0.100156,84.40849999999999
0.10016,84.40849999999999
0.100164,84.40849999999999
0.100168,84.40849999999999
0.100172,84.40849999999999
0.100176,84.40849999999999
0.10018,84.40849999999999
0.100184,84.40849999999999
0.100188,84.40849999999999
0.100192,84.40849999999999
0.100196,84.40849999999999
0.1002,84.40849999999999
0.100204,84.334
0.100208,84.40849999999999
0.100212,84.334
0.100216,84.334
0.10022,84.334
0.100224,84.334
0.100228,84.334
0.100232,84.334
0.100236,84.334
0.10024,84.334
0.100244,84.334
0.100248,84.334
0.100252,84.2595
0.100256,84.334
0.10026,84.334
0.100264,84.334
0.100268,84.334
0.100272,84.334
0.100276,84.334
0.10028,84.334
0.100284,84.334
0.100288,84.2595
0.100292,84.334
0.100296,84.334
0.1003,84.334
0.100304,84.2595
0.100308,84.334
0.100312,84.2595
0.100316,84.2595
0.10032,84.2595
0.100324,84.334
0.100328,84.2595
0.100332,84.334
0.100336,84.2595
0.10034,84.2595
0.100344,84.2595
0.100348,84.2595
0.100352,84.2595
0.100356,84.185
0.10036,84.2595
0.100364,84.2595
0.100368,84.185
0.100372,84.2595
0.100376,84.185
0.10038,84.185
0.100384,84.2595
0.100388,84.2595
0.100392,84.2595
0.100396,84.185
0.1004,84.185
0.100404,84.185
0.100408,84.185
0.100412,84.185
0.100416,84.185
0.10042,84.185
0.100424,84.185
0.100428,84.185
0.100432,84.185
0.100436,84.185
0.10044,84.185
0.100444,84.185
0.100448,84.185
0.100452,84.185
0.100456,84.185
0.10046,84.185
0.100464,84.1105
0.100468,84.185
0.100472,84.1105
0.100476,84.185
0.10048,84.185
0.100484,84.1105
0.100488,84.1105
0.100492,84.185
0.100496,84.1105
0.1005,84.1105
0.100504,84.1105
0.100508,84.1105
0.100512,84.1105
0.100516,84.185
0.10052,84.1105
0.100524,84.1105
0.100528,84.1105
0.100532,84.1105
0.100536,84.1105
0.10054,84.1105
0.100544,84.1105
0.100548,84.1105
0.100552,84.036
0.100556,84.036
0.10056,84.036
0.100564,84.1105
0.100568,84.036
0.100572,84.036
0.100576,84.1105
0.10058,84.036
0.100584,84.036
0.100588,84.036
0.100592,84.1105
0.100596,84.036
0.1006,84.036
0.100604,84.1105
0.100608,84.036
0.100612,84.036
0.100616,84.036
0.10062,84.036
0.100624,84.036
0.100628,84.036
0.100632,84.036
0.100636,83.9615
0.10064,84.036
0.100644,84.036
0.100648,84.036
0.100652,83.9615
0.100656,83.9615
0.10066,83.9615
0.100664,83.9615
0.100668,83.9615
0.100672,83.9615
0.100676,83.9615
0.10068,83.9615
0.100684,83.9615
0.100688,83.9615
0.100692,83.9615
0.100696,83.9615
0.1007,83.9615
0.100704,83.9615
0.100708,83.9615
0.100712,83.9615
0.100716,83.887
0.10072,83.887
0.100724,83.9615
0.100728,83.9615
0.100732,83.887
0.100736,83.9615
0.10074,83.9615
0.100744,83.887
0.100748,83.887
0.100752,83.9615
0.100756,83.9615
0.10076,83.887
0.100764,83.887
0.100768,83.887
0.100772,83.887
0.100776,83.887
0.10078,83.887
0.100784,83.887
0.100788,83.887
0.100792,83.887
0.100796,83.8125
0.1008,83.887
0.100804,83.887
0.100808,83.887
0.100812,83.887
0.100816,83.887
0.10082,83.887
0.100824,83.8125
0.100828,83.8125
0.100832,83.887
0.100836,83.8125
0.10084,83.8125
0.100844,83.8125
0.100848,83.8125
0.100852,83.8125
0.100856,83.8125
0.10086,83.8125
0.100864,83.738
0.100868,83.8125
0.100872,83.8125
0.100876,83.8125
0.10088,83.738
0.100884,83.738
0.100888,83.8125
0.100892,83.738
0.100896,83.8125
0.1009,83.8125
0.100904,83.738
0.100908,83.738
0.100912,83.738
0.100916,83.738
0.10092,83.738
0.100924,83.738
0.100928,83.6635
0.100932,83.6635
0.100936,83.6635
0.10094,83.738
0.100944,83.738
0.100948,83.738
0.100952,83.738
0.100956,83.738
0.10096,83.6635
0.100964,83.738
0.100968,83.738
0.100972,83.6635
0.100976,83.738
0.10098,83.6635
0.100984,83.738
0.100988,83.6635
0.100992,83.6635
0.100996,83.6635
0.101,83.6635
0.101004,83.6635
0.101008,83.6635
0.101012,83.6635
0.101016,83.589
0.10102,83.589
0.101024,83.6635
0.101028,83.589
0.101032,83.589
0.101036,83.589
0.10104,83.589
0.101044,83.589
0.101048,83.589
0.101052,83.589
0.101056,83.589
0.10106,83.589
0.101064,83.589
0.101068,83.589
0.101072,83.589
0.101076,83.589
0.10108,83.589
0.101084,83.589
0.101088,83.589
0.101092,83.5145
0.101096,83.5145
0.1011,83.589
0.101104,83.589
0.101108,83.5145
0.101112,83.5145
0.101116,83.5145
0.10112,83.589
0.101124,83.5145
0.101128,83.589
0.101132,83.5145
0.101136,83.5145
0.10114,83.5145
0.101144,83.5145
0.101148,83.5145
0.101152,83.5145
0.101156,83.5145
0.10116,83.5145
0.101164,83.5145
0.101168,83.5145
0.101172,83.44
0.101176,83.5145
0.10118,83.44
0.101184,83.44
0.101188,83.44
0.101192,83.44
0.101196,83.44
0.1012,83.44
0.101204,83.44
0.101208,83.44
0.101212,83.44
0.101216,83.44
0.10122,83.44
0.101224,83.44
0.101228,83.44
0.101232,83.44
0.101236,83.44
0.10124,83.3655
0.101244,83.44
0.101248,83.44
0.101252,83.44
0.101256,83.3655
0.10126,83.44
0.101264,83.3655
0.101268,83.3655
0.101272,83.3655
0.101276,83.44
0.10128,83.3655
0.101284,83.3655
0.101288,83.44
0.101292,83.3655
0.101296,83.3655
0.1013,83.3655
0.101304,83.3655
0.101308,83.3655
0.101312,83.3655
0.101316,83.3655
0.10132,83.3655
0.101324,83.3655
0.101328,83.3655
0.101332,83.291
0.101336,83.3655
0.10134,83.3655
0.101344,83.291
0.101348,83.291
0.101352,83.3655
0.101356,83.291
0.10136,83.3655
0.101364,83.291
0.101368,83.291
0.101372,83.291
0.101376,83.291
0.10138,83.291
0.101384,83.291
0.101388,83.291
0.101392,83.2165
0.101396,83.291
0.1014,83.291
0.101404,83.291
0.101408,83.291
0.101412,83.2165
0.101416,83.2165
0.10142,83.2165
0.101424,83.291
0.101428,83.291
0.101432,83.2165
0.101436,83.2165
0.10144,83.291
0.101444,83.2165
0.101448,83.291
0.101452,83.2165
0.101456,83.2165
0.10146,83.2165
0.101464,83.2165
0.101468,83.2165
0.101472,83.2165
0.101476,83.2165
0.10148,83.2165
0.101484,83.2165
0.101488,83.2165
0.101492,83.142
0.101496,83.2165
0.1015,83.142
0.101504,83.2165
0.101508,83.142
0.101512,83.142
0.101516,83.142
0.10152,83.142
0.101524,83.142
0.101528,83.142
0.101532,83.142
0.101536,83.142
0.10154,83.142
0.101544,83.142
0.101548,83.142
0.101552,83.142
0.101556,83.142
0.10156,83.142
0.101564,83.142
0.101568,83.142
0.101572,83.0675
0.101576,83.142
0.10158,83.142
0.101584,83.0675
0.101588,83.0675
0.101592,83.142
0.101596,83.0675
0.1016,83.0675
0.101604,83.0675
0.101608,83.0675
0.101612,83.0675
0.101616,83.0675
0.10162,83.0675
0.101624,83.0675
0.101628,83.0675
0.101632,83.0675
0.101636,83.0675
0.10164,83.142
0.101644,83.0675
0.101648,83.0675
0.101652,82.993
0.101656,82.993
0.10166,83.0675
0.101664,83.0675
0.101668,82.993
0.101672,82.993
0.101676,82.993
0.10168,82.993
0.101684,82.993
0.101688,83.0675
0.101692,82.993
0.101696,82.993
0.1017,82.993
0.101704,82.993
0.101708,82.993
0.101712,82.9185
0.101716,82.993
0.10172,82.993
0.101724,82.993
0.101728,82.993
0.101732,82.9185
0.101736,82.993
0.10174,82.993
0.101744,82.993
0.101748,82.9185
0.101752,82.9185
0.101756,82.993
0.10176,82.9185
0.101764,82.9185
0.101768,82.993
0.101772,82.993
0.101776,82.9185
0.10178,82.993
0.101784,82.9185
0.101788,82.9185
0.101792,82.9185
0.101796,82.9185
0.1018,82.9185
0.101804,82.9185
0.101808,82.9185
0.101812,82.9185
0.101816,82.9185
0.10182,82.9185
0.101824,82.9185
0.101828,82.9185
0.101832,82.9185
0.101836,82.9185
0.10184,82.844
0.101844,82.9185
0.101848,82.9185
0.101852,82.9185
0.101856,82.844
0.10186,82.844
0.101864,82.844
0.101868,82.844
0.101872,82.844
0.101876,82.844
0.10188,82.7695
0.101884,82.844
0.101888,82.9185
0.101892,82.7695
0.101896,82.844
0.1019,82.844
0.101904,82.7695
0.101908,82.844
0.101912,82.844
0.101916,82.844
0.10192,82.7695
0.101924,82.844
0.101928,82.844
0.101932,82.844
0.101936,82.844
0.10194,82.7695
0.101944,82.844
0.101948,82.7695
0.101952,82.7695
0.101956,82.7695
0.10196,82.7695
0.101964,82.7695
0.101968,82.7695
0.101972,82.7695
0.101976,82.844
0.10198,82.7695
0.101984,82.7695
0.101988,82.7695
0.101992,82.7695
0.101996,82.7695
0.102,82.7695
0.102004,82.7695
0.102008,82.7695
0.102012,82.7695
0.102016,82.7695
0.10202,82.695
0.102024,82.695
0.102028,82.695
0.102032,82.695
0.102036,82.695
0.10204,82.695
0.102044,82.695
0.102048,82.7695
0.102052,82.695
0.102056,82.695
0.10206,82.695
0.102064,82.695
0.102068,82.62049999999999
0.102072,82.695
0.102076,82.695
0.10208,82.62049999999999
0.102084,82.695
0.102088,82.62049999999999
0.102092,82.62049999999999
0.102096,82.695
0.1021,82.695
0.102104,82.695
0.102108,82.695
0.102112,82.62049999999999
0.102116,82.62049999999999
0.10212,82.695
0.102124,82.62049999999999
0.102128,82.62049999999999
0.102132,82.62049999999999
0.102136,82.62049999999999
0.10214,82.62049999999999
0.102144,82.62049999999999
0.102148,82.62049999999999
0.102152,82.54599999999999
0.102156,82.62049999999999
0.10216,82.62049999999999
0.102164,82.62049999999999
0.102168,82.62049999999999
0.102172,82.54599999999999
0.102176,82.62049999999999
0.10218,82.54599999999999
0.102184,82.54599999999999
0.102188,82.62049999999999
0.102192,82.62049999999999
0.102196,82.62049999999999
0.1022,82.54599999999999
0.102204,82.54599999999999
0.102208,82.54599999999999
0.102212,82.54599999999999
0.102216,82.54599999999999
0.10222,82.54599999999999
0.102224,82.54599999999999
0.102228,82.54599999999999
0.102232,82.54599999999999
0.102236,82.54599999999999
0.10224,82.54599999999999
0.102244,82.54599999999999
0.102248,82.54599999999999
0.102252,82.54599999999999
0.102256,82.54599999999999
0.10226,82.47149999999999
0.102264,82.47149999999999
0.102268,82.47149999999999
0.102272,82.47149999999999
0.102276,82.47149999999999
0.10228,82.47149999999999
0.102284,82.47149999999999
0.102288,82.47149999999999
0.102292,82.47149999999999
0.102296,82.47149999999999
0.1023,82.47149999999999
0.102304,82.47149999999999
0.102308,82.47149999999999
0.102312,82.47149999999999
0.102316,82.39699999999999
0.10232,82.47149999999999
0.102324,82.47149999999999
0.102328,82.47149999999999
0.102332,82.47149999999999
0.102336,82.39699999999999
0.10234,82.47149999999999
0.102344,82.39699999999999
0.102348,82.39699999999999
0.102352,82.39699999999999
0.102356,82.39699999999999
0.10236,82.39699999999999
0.102364,82.39699999999999
0.102368,82.32249999999999
0.102372,82.32249999999999
0.102376,82.32249999999999
0.10238,82.39699999999999
0.102384,82.32249999999999
0.102388,82.39699999999999
0.102392,82.39699999999999
0.102396,82.39699999999999
0.1024,82.39699999999999
0.102404,82.32249999999999
0.102408,82.39699999999999
0.102412,82.32249999999999
0.102416,82.32249999999999
0.10242,82.24799999999999
0.102424,82.32249999999999
0.102428,82.32249999999999
0.102432,82.32249999999999
0.102436,82.32249999999999
0.10244,82.32249999999999
0.102444,82.32249999999999
0.102448,82.32249999999999
0.102452,82.32249999999999
0.102456,82.32249999999999
0.10246,82.32249999999999
0.102464,82.32249999999999
0.102468,82.32249999999999
0.102472,82.32249999999999
0.102476,82.32249999999999
0.10248,82.32249999999999
0.102484,82.32249999999999
0.102488,82.32249999999999
0.102492,82.24799999999999
0.102496,82.24799999999999
0.1025,82.24799999999999
0.102504,82.24799999999999
0.102508,82.24799999999999
0.102512,82.32249999999999
0.102516,82.24799999999999
0.10252,82.17349999999999
0.102524,82.17349999999999
0.102528,82.24799999999999
0.102532,82.24799999999999
0.102536,82.17349999999999
0.10254,82.24799999999999
0.102544,82.24799999999999
0.102548,82.24799999999999
0.102552,82.24799999999999
0.102556,82.24799999999999
0.10256,82.17349999999999
0.102564,82.17349999999999
0.102568,82.24799999999999
0.102572,82.24799999999999
0.102576,82.17349999999999
0.10258,82.17349999999999
0.102584,82.17349999999999
0.102588,82.17349999999999
0.102592,82.17349999999999
0.102596,82.17349999999999
0.1026,82.17349999999999
0.102604,82.17349999999999
0.102608,82.17349999999999
0.102612,82.17349999999999
0.102616,82.17349999999999
0.10262,82.17349999999999
0.102624,82.17349999999999
0.102628,82.17349999999999
0.102632,82.17349999999999
0.102636,82.17349999999999
0.10264,82.09899999999999
0.102644,82.17349999999999
0.102648,82.09899999999999
0.102652,82.09899999999999
0.102656,82.09899999999999
0.10266,82.09899999999999
0.102664,82.09899999999999
0.102668,82.09899999999999
0.102672,82.09899999999999
0.102676,82.09899999999999
0.10268,82.09899999999999
0.102684,82.09899999999999
0.102688,82.0245
0.102692,82.09899999999999
0.102696,82.09899999999999
0.1027,82.09899999999999
0.102704,82.09899999999999
0.102708,82.09899999999999
0.102712,82.0245
0.102716,82.0245
0.10272,82.0245
0.102724,82.0245
0.102728,82.0245
0.102732,82.0245
0.102736,82.0245
0.10274,82.09899999999999
0.102744,82.0245
0.102748,82.0245
0.102752,82.0245
0.102756,82.0245
0.10276,82.0245
0.102764,82.0245
0.102768,81.95
0.102772,82.0245
0.102776,81.95
0.10278,82.0245
0.102784,81.95
0.102788,82.0245
0.102792,81.95
0.102796,81.95
0.1028,81.95
0.102804,82.0245
0.102808,81.95
0.102812,81.95
0.102816,81.95
0.10282,81.95
0.102824,81.95
0.102828,81.95
0.102832,81.95
0.102836,81.95
0.10284,81.95
0.102844,81.8755
0.102848,81.8755
0.102852,81.95
0.102856,81.8755
0.10286,81.95
0.102864,81.95
0.102868,81.95
0.102872,81.8755
0.102876,81.8755
0.10288,81.8755
0.102884,81.8755
0.102888,81.8755
0.102892,81.95
0.102896,81.8755
0.1029,81.8755
0.102904,81.8755
0.102908,81.8755
0.102912,81.801
0.102916,81.8755
0.10292,81.8755
0.102924,81.8755
0.102928,81.8755
0.102932,81.801
0.102936,81.801
0.10294,81.801
0.102944,81.8755
0.102948,81.801
0.102952,81.801
0.102956,81.801
0.10296,81.8755
0.102964,81.801
0.102968,81.801
0.102972,81.801
0.102976,81.801
0.10298,81.801
0.102984,81.801
0.102988,81.801
0.102992,81.8755
0.102996,81.801
0.103,81.801
0.103004,81.801
0.103008,81.801
0.103012,81.801
0.103016,81.801
0.10302,81.7265
0.103024,81.7265
0.103028,81.7265
0.103032,81.7265
0.103036,81.7265
0.10304,81.7265
0.103044,81.7265
0.103048,81.7265
0.103052,81.7265
0.103056,81.7265
0.10306,81.7265
0.103064,81.7265
0.103068,81.7265
0.103072,81.7265
0.103076,81.7265
0.10308,81.7265
0.103084,81.7265
0.103088,81.7265
0.103092,81.7265
0.103096,81.7265
0.1031,81.7265
0.103104,81.652
0.103108,81.652
0.103112,81.652
0.103116,81.652
0.10312,81.652
0.103124,81.652
0.103128,81.652
0.103132,81.652
0.103136,81.652
0.10314,81.652
0.103144,81.652
0.103148,81.652
0.103152,81.652
0.103156,81.652
0.10316,81.652
0.103164,81.652
0.103168,81.652
0.103172,81.652
0.103176,81.652
0.10318,81.5775
0.103184,81.5775
0.103188,81.652
0.103192,81.652
0.103196,81.5775
0.1032,81.5775
0.103204,81.652
0.103208,81.5775
0.103212,81.5775
0.103216,81.5775
0.10322,81.5775
0.103224,81.5775
0.103228,81.5775
0.103232,81.5775
0.103236,81.5775
0.10324,81.5775
0.103244,81.5775
0.103248,81.5775
0.103252,81.5775
0.103256,81.5775
0.10326,81.5775
0.103264,81.5775
0.103268,81.5775
0.103272,81.503
0.103276,81.5775
0.10328,81.503
0.103284,81.503
0.103288,81.503
0.103292,81.503
0.103296,81.503
0.1033,81.503
0.103304,81.503
0.103308,81.503
0.103312,81.503
0.103316,81.503
0.10332,81.503
0.103324,81.503
0.103328,81.503
0.103332,81.503
0.103336,81.503
0.10334,81.503
0.103344,81.4285
0.103348,81.4285
0.103352,81.503
0.103356,81.503
0.10336,81.4285
0.103364,81.4285
0.103368,81.4285
0.103372,81.4285
0.103376,81.4285
0.10338,81.503
0.103384,81.4285
0.103388,81.4285
0.103392,81.4285
0.103396,81.4285
0.1034,81.4285
0.103404,81.4285
0.103408,81.4285
0.103412,81.354
0.103416,81.354
0.10342,81.4285
0.103424,81.354
0.103428,81.4285
0.103432,81.4285
0.103436,81.4285
0.10344,81.354
0.103444,81.354
0.103448,81.4285
0.103452,81.4285
0.103456,81.354
0.10346,81.354
0.103464,81.354
0.103468,81.354
0.103472,81.354
0.103476,81.354
0.10348,81.354
0.103484,81.354
0.103488,81.354
0.103492,81.354
0.103496,81.354
0.1035,81.2795
0.103504,81.354
0.103508,81.354
0.103512,81.2795
0.103516,81.354
0.10352,81.2795
0.103524,81.2795
0.103528,81.2795
0.103532,81.2795
0.103536,81.2795
0.10354,81.2795
0.103544,81.2795
0.103548,81.2795
0.103552,81.2795
0.103556,81.2795
0.10356,81.2795
0.103564,81.2795
0.103568,81.2795
0.103572,81.2795
0.103576,81.205
0.10358,81.205
0.103584,81.205
0.103588,81.205
0.103592,81.2795
0.103596,81.205
0.1036,81.205
0.103604,81.205
0.103608,81.205
0.103612,81.205
0.103616,81.205
0.10362,81.205
0.103624,81.205
0.103628,81.205
0.103632,81.205
0.103636,81.205
0.10364,81.205
0.103644,81.1305
0.103648,81.205
0.103652,81.1305
0.103656,81.1305
0.10366,81.205
0.103664,81.205
0.103668,81.1305
0.103672,81.205
0.103676,81.1305
0.10368,81.1305
0.103684,81.1305
0.103688,81.1305
0.103692,81.1305
0.103696,81.1305
0.1037,81.1305
0.103704,81.1305
0.103708,81.1305
0.103712,81.056
0.103716,81.1305
0.10372,81.1305
0.103724,81.056
0.103728,81.056
0.103732,81.1305
0.103736,81.056
0.10374,81.1305
0.103744,81.056
0.103748,81.056
0.103752,81.056
0.103756,81.056
0.10376,81.056
0.103764,81.056
0.103768,81.056
0.103772,80.9815
0.103776,81.056
0.10378,81.056
0.103784,81.056
0.103788,81.056
0.103792,80.9815
0.103796,80.9815
0.1038,81.056
0.103804,80.9815
0.103808,80.9815
0.103812,80.9815
0.103816,80.9815
0.10382,80.9815
0.103824,80.9815
0.103828,80.9815
0.103832,80.9815
0.103836,81.056
0.10384,80.9815
0.103844,80.9815
0.103848,80.9815
0.103852,80.9815
0.103856,80.9815
0.10386,80.9815
0.103864,80.907
0.103868,80.9815
0.103872,80.9815
0.103876,80.907
0.10388,80.907
0.103884,80.907
0.103888,80.907
0.103892,80.907
0.103896,80.907
0.1039,80.907
0.103904,80.9815
0.103908,80.9815
0.103912,80.907
0.103916,80.907
0.10392,80.907
0.103924,80.8325
0.103928,80.907
0.103932,80.907
0.103936,80.8325
0.10394,80.907
0.103944,80.8325
0.103948,80.907
0.103952,80.907
0.103956,80.907
0.10396,80.8325
0.103964,80.8325
0.103968,80.907
0.103972,80.8325
0.103976,80.8325
0.10398,80.758
0.103984,80.8325
0.103988,80.8325
0.103992,80.8325
0.103996,80.8325
0.104,80.8325
0.104004,80.8325
0.104008,80.8325
0.104012,80.8325
0.104016,80.758
0.10402,80.758
0.104024,80.758
0.104028,80.758
0.104032,80.8325
0.104036,80.758
0.10404,80.758
0.104044,80.758
0.104048,80.758
0.104052,80.758
0.104056,80.758
0.10406,80.758
0.104064,80.758
0.104068,80.758
0.104072,80.758
0.104076,80.758
0.10408,80.6835
0.104084,80.758
0.104088,80.758
0.104092,80.758
0.104096,80.758
0.1041,80.6835
0.104104,80.6835
0.104108,80.6835
0.104112,80.6835
0.104116,80.6835
0.10412,80.6835
0.104124,80.6835
0.104128,80.6835
0.104132,80.6835
0.104136,80.6835
0.10414,80.6835
0.104144,80.6835
0.104148,80.6835
0.104152,80.609
0.104156,80.6835
0.10416,80.609
0.104164,80.6835
0.104168,80.6835
0.104172,80.6835
0.104176,80.6835
0.10418,80.6835
0.104184,80.6835
0.104188,80.6835
0.104192,80.609
0.104196,80.609
0.1042,80.5345
0.104204,80.609
0.104208,80.609
0.104212,80.609
0.104216,80.609
0.10422,80.609
0.104224,80.609
0.104228,80.609
0.104232,80.609
0.104236,80.609
0.10424,80.609
0.104244,80.5345
0.104248,80.5345
0.104252,80.609
0.104256,80.609
0.10426,80.5345
0.104264,80.5345
0.104268,80.5345
0.104272,80.5345
0.104276,80.5345
0.10428,80.5345
0.104284,80.5345
0.104288,80.5345
0.104292,80.5345
0.104296,80.5345
0.1043,80.5345
0.104304,80.46
0.104308,80.5345
0.104312,80.5345
0.104316,80.5345
0.10432,80.5345
0.104324,80.5345
0.104328,80.5345
0.104332,80.5345
0.104336,80.5345
0.10434,80.5345
0.104344,80.46
0.104348,80.5345
0.104352,80.46
0.104356,80.46
0.10436,80.46
0.104364,80.46
0.104368,80.46
0.104372,80.5345
0.104376,80.46
0.10438,80.46
0.104384,80.3855
0.104388,80.46
0.104392,80.46
0.104396,80.46
0.1044,80.46
0.104404,80.3855
0.104408,80.46
0.104412,80.3855
0.104416,80.3855
0.10442,80.3855
0.104424,80.3855
0.104428,80.3855
0.104432,80.3855
0.104436,80.3855
0.10444,80.3855
0.104444,80.3855
0.104448,80.3855
0.104452,80.3855
0.104456,80.3855
0.10446,80.3855
0.104464,80.3855
0.104468,80.3855
0.104472,80.31099999999999
0.104476,80.3855
0.10448,80.3855
0.104484,80.3855
0.104488,80.3855
0.104492,80.3855
0.104496,80.31099999999999
0.1045,80.3855
0.104504,80.31099999999999
0.104508,80.3855
0.104512,80.31099999999999
0.104516,80.31099999999999
0.10452,80.3855
0.104524,80.3855
0.104528,80.31099999999999
0.104532,80.23649999999999
0.104536,80.31099999999999
0.10454,80.31099999999999
0.104544,80.31099999999999
0.104548,80.31099999999999
0.104552,80.23649999999999
0.104556,80.31099999999999
0.10456,80.31099999999999
0.104564,80.31099999999999
0.104568,80.31099999999999
0.104572,80.23649999999999
0.104576,80.23649999999999
0.10458,80.31099999999999
0.104584,80.31099999999999
0.104588,80.23649999999999
0.104592,80.23649999999999
0.104596,80.23649999999999
0.1046,80.31099999999999
0.104604,80.23649999999999
0.104608,80.31099999999999
0.104612,80.23649999999999
0.104616,80.23649999999999
0.10462,80.23649999999999
0.104624,80.23649999999999
0.104628,80.23649999999999
0.104632,80.23649999999999
0.104636,80.23649999999999
0.10464,80.23649999999999
0.104644,80.16199999999999
0.104648,80.23649999999999
0.104652,80.23649999999999
0.104656,80.23649999999999
0.10466,80.23649999999999
0.104664,80.16199999999999
0.104668,80.23649999999999
0.104672,80.23649999999999
0.104676,80.23649999999999
0.10468,80.23649999999999
0.104684,80.16199999999999
0.104688,80.16199999999999
0.104692,80.16199999999999
0.104696,80.16199999999999
0.1047,80.16199999999999
0.104704,80.16199999999999
0.104708,80.16199999999999
0.104712,80.16199999999999
0.104716,80.16199999999999
0.10472,80.16199999999999
0.104724,80.16199999999999
0.104728,80.16199999999999
0.104732,80.16199999999999
0.104736,80.16199999999999
0.10474,80.08749999999999
0.104744,80.08749999999999
0.104748,80.08749999999999
0.104752,80.16199999999999
0.104756,80.08749999999999
0.10476,80.08749999999999
0.104764,80.08749999999999
0.104768,80.08749999999999
0.104772,80.16199999999999
0.104776,80.08749999999999
0.10478,80.08749999999999
0.104784,80.08749999999999
0.104788,80.08749999999999
0.104792,80.08749999999999
0.104796,80.08749999999999
0.1048,80.08749999999999
0.104804,80.08749999999999
0.104808,80.08749999999999
0.104812,80.08749999999999
0.104816,80.08749999999999
0.10482,80.08749999999999
0.104824,80.08749999999999
0.104828,80.08749999999999
0.104832,80.08749999999999
0.104836,80.08749999999999
0.10484,80.01299999999999
0.104844,80.08749999999999
0.104848,80.08749999999999
0.104852,80.01299999999999
0.104856,80.01299999999999
0.10486,80.01299999999999
0.104864,79.93849999999999
0.104868,80.01299999999999
0.104872,80.01299999999999
0.104876,79.93849999999999
0.10488,80.01299999999999
0.104884,79.93849999999999
0.104888,80.01299999999999
0.104892,80.01299999999999
0.104896,80.01299999999999
0.1049,80.01299999999999
0.104904,80.01299999999999
0.104908,80.01299999999999
0.104912,80.01299999999999
0.104916,80.01299999999999
0.10492,80.01299999999999
0.104924,79.93849999999999
0.104928,79.93849999999999
0.104932,79.93849999999999
0.104936,79.93849999999999
0.10494,79.93849999999999
0.104944,79.93849999999999
0.104948,79.93849999999999
0.104952,79.93849999999999
0.104956,79.93849999999999
0.10496,79.93849999999999
0.104964,79.93849999999999
0.104968,79.93849999999999
0.104972,79.93849999999999
0.104976,79.93849999999999
0.10498,79.93849999999999
0.104984,79.86399999999999
0.104988,79.86399999999999
0.104992,79.93849999999999
0.104996,79.93849999999999
0.105,79.93849999999999
0.105004,79.86399999999999
0.105008,79.93849999999999
0.105012,79.86399999999999
0.105016,79.86399999999999
0.10502,79.86399999999999
0.105024,79.86399999999999
0.105028,79.86399999999999
0.105032,79.86399999999999
0.105036,79.86399999999999
0.10504,79.86399999999999
0.105044,79.86399999999999
0.105048,79.86399999999999
0.105052,79.86399999999999
0.105056,79.86399999999999
0.10506,79.86399999999999
0.105064,79.86399999999999
0.105068,79.86399999999999
0.105072,79.86399999999999
0.105076,79.86399999999999
0.10508,79.78949999999999
0.105084,79.78949999999999
0.105088,79.78949999999999
0.105092,79.86399999999999
0.105096,79.78949999999999
0.1051,79.78949999999999
0.105104,79.78949999999999
0.105108,79.86399999999999
0.105112,79.78949999999999
0.105116,79.78949999999999
0.10512,79.78949999999999
0.105124,79.78949999999999
0.105128,79.78949999999999
0.105132,79.78949999999999
0.105136,79.78949999999999
0.10514,79.78949999999999
0.105144,79.78949999999999
0.105148,79.715
0.105152,79.78949999999999
0.105156,79.715
0.10516,79.78949999999999
0.105164,79.715
0.105168,79.715
0.105172,79.78949999999999
0.105176,79.78949999999999
0.10518,79.715
0.105184,79.715
0.105188,79.715
0.105192,79.715
0.105196,79.715
0.1052,79.715
0.105204,79.715
0.105208,79.715
0.105212,79.715
0.105216,79.6405
0.10522,79.6405
0.105224,79.6405
0.105228,79.715
0.105232,79.715
0.105236,79.6405
0.10524,79.6405
0.105244,79.715
0.105248,79.6405
0.105252,79.6405
0.105256,79.715
0.10526,79.6405
0.105264,79.6405
0.105268,79.6405
0.105272,79.6405
0.105276,79.566
0.10528,79.6405
0.105284,79.6405
0.105288,79.566
0.105292,79.6405
0.105296,79.6405
0.1053,79.6405
0.105304,79.566
0.105308,79.566
0.105312,79.6405
0.105316,79.566
0.10532,79.566
0.105324,79.566
0.105328,79.566
0.105332,79.6405
0.105336,79.566
0.10534,79.566
0.105344,79.6405
0.105348,79.6405
0.105352,79.566
0.105356,79.566
0.10536,79.566
0.105364,79.566
0.105368,79.566
0.105372,79.566
0.105376,79.4915
0.10538,79.566
0.105384,79.566
0.105388,79.4915
0.105392,79.4915
0.105396,79.4915
0.1054,79.4915
0.105404,79.4915
0.105408,79.4915
0.105412,79.4915
0.105416,79.4915
0.10542,79.4915
0.105424,79.4915
0.105428,79.4915
0.105432,79.4915
0.105436,79.4915
0.10544,79.4915
0.105444,79.4915
0.105448,79.4915
0.105452,79.417
0.105456,79.4915
0.10546,79.4915
0.105464,79.4915
0.105468,79.417
0.105472,79.417
0.105476,79.4915
0.10548,79.417
0.105484,79.4915
0.105488,79.417
0.105492,79.4915
0.105496,79.417
0.1055,79.417
0.105504,79.4915
0.105508,79.417
0.105512,79.417
0.105516,79.417
0.10552,79.417
0.105524,79.417
0.105528,79.3425
0.105532,79.417
0.105536,79.417
0.10554,79.417
0.105544,79.3425
0.105548,79.3425
0.105552,79.417
0.105556,79.3425
0.10556,79.3425
0.105564,79.3425
0.105568,79.3425
0.105572,79.3425
0.105576,79.3425
0.10558,79.3425
0.105584,79.3425
0.105588,79.268
0.105592,79.3425
0.105596,79.3425
0.1056,79.3425
0.105604,79.3425
0.105608,79.3425
0.105612,79.3425
0.105616,79.3425
0.10562,79.268
0.105624,79.3425
0.105628,79.268
0.105632,79.3425
0.105636,79.3425
0.10564,79.268
0.105644,79.3425
0.105648,79.268
0.105652,79.268
0.105656,79.268
0.10566,79.268
0.105664,79.268
0.105668,79.268
0.105672,79.268
0.105676,79.268
0.10568,79.268
0.105684,79.1935
0.105688,79.268
0.105692,79.268
0.105696,79.268
0.1057,79.1935
0.105704,79.1935
0.105708,79.1935
0.105712,79.1935
0.105716,79.1935
0.10572,79.1935
0.105724,79.1935
0.105728,79.1935
0.105732,79.1935
0.105736,79.1935
0.10574,79.1935
0.105744,79.1935
0.105748,79.1935
0.105752,79.1935
0.105756,79.1935
0.10576,79.119
0.105764,79.1935
0.105768,79.119
0.105772,79.1935
0.105776,79.119
0.10578,79.119
0.105784,79.119
0.105788,79.119
0.105792,79.119
0.105796,79.119
0.1058,79.1935
0.105804,79.119
0.105808,79.0445
0.105812,79.119
0.105816,79.119
0.10582,79.119
0.105824,79.119
0.105828,79.119
0.105832,79.119
0.105836,79.119
0.10584,79.119
0.105844,79.119
0.105848,79.0445
0.105852,79.119
0.105856,79.119
0.10586,79.119
0.105864,79.119
0.105868,79.0445
0.105872,79.0445
0.105876,79.0445
0.10588,79.0445
0.105884,79.0445
0.105888,79.0445
0.105892,79.0445
0.105896,79.0445
0.1059,79.0445
0.105904,79.0445
0.105908,78.97
0.105912,79.0445
0.105916,79.0445
0.10592,78.97
0.105924,78.97
0.105928,79.0445
0.105932,78.97
0.105936,79.0445
0.10594,79.0445
0.105944,78.97
0.105948,78.97
0.105952,78.97
0.105956,78.97
0.10596,78.97
0.105964,78.97
0.105968,78.97
0.105972,78.97
0.105976,78.97
0.10598,78.97
0.105984,78.97
0.105988,78.97
0.105992,78.97
0.105996,78.8955
0.106,78.97
0.106004,78.8955
0.106008,78.8955
0.106012,78.97
0.106016,78.8955
0.10602,78.8955
0.106024,78.8955
0.106028,78.8955
0.106032,78.8955
0.106036,78.97
0.10604,78.8955
0.106044,78.8955
0.106048,78.8955
0.106052,78.821
0.106056,78.821
0.10606,78.821
0.106064,78.821
0.106068,78.821
0.106072,78.821
0.106076,78.821
0.10608,78.821
0.106084,78.821
0.106088,78.821
0.106092,78.821
0.106096,78.821
0.1061,78.821
0.106104,78.821
0.106108,78.821
0.106112,78.821
0.106116,78.7465
0.10612,78.821
0.106124,78.821
0.106128,78.7465
0.106132,78.7465
0.106136,78.821
0.10614,78.7465
0.106144,78.7465
0.106148,78.7465
0.106152,78.821
0.106156,78.7465
0.10616,78.7465
0.106164,78.7465
0.106168,78.7465
0.106172,78.7465
0.106176,78.7465
0.10618,78.7465
0.106184,78.7465
0.106188,78.7465
0.106192,78.7465
0.106196,78.7465
0.1062,78.672
0.106204,78.7465
0.106208,78.7465
0.106212,78.7465
0.106216,78.672
0.10622,78.672
0.106224,78.672
0.106228,78.672
0.106232,78.7465
0.106236,78.672
0.10624,78.672
0.106244,78.672
0.106248,78.672
0.106252,78.672
0.106256,78.672
0.10626,78.672
0.106264,78.672
0.106268,78.672
0.106272,78.672
0.106276,78.672
0.10628,78.672
0.106284,78.672
0.106288,78.5975
0.106292,78.5975
0.106296,78.672
0.1063,78.5975
0.106304,78.5975
0.106308,78.5975
0.106312,78.5975
0.106316,78.5975
0.10632,78.5975
0.106324,78.5975
0.106328,78.5975
0.106332,78.5975
0.106336,78.5975
0.10634,78.5975
0.106344,78.523
0.106348,78.5975
0.106352,78.5975
0.106356,78.5975
0.10636,78.5975
0.106364,78.5975
0.106368,78.523
0.106372,78.523
0.106376,78.5975
0.10638,78.5975
0.106384,78.523
0.106388,78.5975
0.106392,78.523
0.106396,78.523
0.1064,78.523
0.106404,78.523
0.106408,78.523
0.106412,78.5975
0.106416,78.523
0.10642,78.523
0.106424,78.523
0.106428,78.523
0.106432,78.523
0.106436,78.523
0.10644,78.523
0.106444,78.4485
0.106448,78.523
0.106452,78.523
0.106456,78.523
0.10646,78.4485
0.106464,78.4485
0.106468,78.4485
0.106472,78.4485
0.106476,78.4485
0.10648,78.4485
0.106484,78.4485
0.106488,78.523
0.106492,78.4485
0.106496,78.4485
0.1065,78.4485
0.106504,78.4485
0.106508,78.4485
0.106512,78.4485
0.106516,78.4485
0.10652,78.4485
0.106524,78.4485
0.106528,78.374
0.106532,78.4485
0.106536,78.4485
0.10654,78.374
0.106544,78.374
0.106548,78.374
0.106552,78.374
0.106556,78.374
0.10656,78.374
0.106564,78.374
0.106568,78.374
0.106572,78.374
0.106576,78.374
0.10658,78.374
0.106584,78.374
0.106588,78.374
0.106592,78.2995
0.106596,78.374
0.1066,78.374
0.106604,78.374
0.106608,78.374
0.106612,78.2995
0.106616,78.2995
0.10662,78.374
0.106624,78.374
0.106628,78.374
0.106632,78.374
0.106636,78.2995
0.10664,78.2995
0.106644,78.2995
0.106648,78.2995
0.106652,78.2995
0.106656,78.2995
0.10666,78.2995
0.106664,78.2995
0.106668,78.2995
0.106672,78.225
0.106676,78.2995
0.10668,78.2995
0.106684,78.2995
0.106688,78.2995
0.106692,78.2995
0.106696,78.2995
0.1067,78.2995
0.106704,78.225
0.106708,78.225
0.106712,78.225
0.106716,78.225
0.10672,78.225
0.106724,78.225
0.106728,78.225
0.106732,78.225
0.106736,78.225
0.10674,78.225
0.106744,78.225
0.106748,78.225
0.106752,78.225
0.106756,78.225
0.10676,78.225
0.106764,78.225
0.106768,78.225
0.106772,78.225
0.106776,78.1505
0.10678,78.1505
0.106784,78.225
0.106788,78.1505
0.106792,78.225
0.106796,78.1505
0.1068,78.225
0.106804,78.1505
0.106808,78.1505
0.106812,78.1505
0.106816,78.1505
0.10682,78.1505
0.106824,78.225
0.106828,78.1505
0.106832,78.1505
0.106836,78.1505
0.10684,78.1505
0.106844,78.076
0.106848,78.1505
0.106852,78.1505
0.106856,78.1505
0.10686,78.1505
0.106864,78.076
0.106868,78.076
0.106872,78.076
0.106876,78.076
0.10688,78.076
0.106884,78.076
0.106888,78.076
0.106892,78.076
0.106896,78.076
0.1069,78.076
0.106904,78.076
0.106908,78.076
0.106912,78.076
0.106916,78.076
0.10692,78.076
0.106924,78.076
0.106928,78.076
0.106932,78.0015
0.106936,78.0015
0.10694,78.0015
0.106944,78.0015
0.106948,78.0015
0.106952,78.076
0.106956,78.0015
0.10696,78.0015
0.106964,78.0015
0.106968,78.0015
0.106972,78.076
0.106976,78.0015
0.10698,78.0015
0.106984,78.0015
0.106988,78.0015
0.106992,78.0015
0.106996,78.0015
0.107,78.0015
0.107004,78.0015
0.107008,77.92699999999999
0.107012,78.0015
0.107016,78.0015
0.10702,78.0015
0.107024,77.92699999999999
0.107028,77.92699999999999
0.107032,77.92699999999999
0.107036,78.0015
0.10704,77.92699999999999
0.107044,77.92699999999999
0.107048,77.92699999999999
0.107052,77.92699999999999
0.107056,77.92699999999999
0.10706,77.92699999999999
0.107064,77.92699999999999
0.107068,77.92699999999999
0.107072,77.92699999999999
0.107076,77.85249999999999
0.10708,77.85249999999999
0.107084,77.92699999999999
0.107088,77.92699999999999
0.107092,77.92699999999999
0.107096,77.92699999999999
0.1071,77.92699999999999
0.107104,77.85249999999999
0.107108,77.85249999999999
0.107112,77.85249999999999
0.107116,77.85249999999999
0.10712,77.85249999999999
0.107124,77.85249999999999
0.107128,77.85249999999999
0.107132,77.85249999999999
0.107136,77.85249999999999
0.10714,77.92699999999999
0.107144,77.85249999999999
0.107148,77.85249999999999
0.107152,77.85249999999999
0.107156,77.85249999999999
0.10716,77.77799999999999
0.107164,77.85249999999999
0.107168,77.85249999999999
0.107172,77.85249999999999
0.107176,77.77799999999999
0.10718,77.85249999999999
0.107184,77.77799999999999
0.107188,77.77799999999999
0.107192,77.77799999999999
0.107196,77.85249999999999
0.1072,77.77799999999999
0.107204,77.77799999999999
0.107208,77.77799999999999
0.107212,77.77799999999999
0.107216,77.77799999999999
0.10722,77.77799999999999
0.107224,77.77799999999999
0.107228,77.77799999999999
0.107232,77.77799999999999
0.107236,77.77799999999999
0.10724,77.77799999999999
0.107244,77.70349999999999
0.107248,77.77799999999999
0.107252,77.77799999999999
0.107256,77.70349999999999
0.10726,77.70349999999999
0.107264,77.77799999999999
0.107268,77.77799999999999
0.107272,77.70349999999999
0.107276,77.70349999999999
0.10728,77.70349999999999
0.107284,77.70349999999999
0.107288,77.77799999999999
0.107292,77.70349999999999
0.107296,77.70349999999999
0.1073,77.70349999999999
0.107304,77.62899999999999
0.107308,77.70349999999999
0.107312,77.70349999999999
0.107316,77.70349999999999
0.10732,77.70349999999999
0.107324,77.62899999999999
0.107328,77.62899999999999
0.107332,77.62899999999999
0.107336,77.62899999999999
0.10734,77.70349999999999
0.107344,77.62899999999999
0.107348,77.70349999999999
0.107352,77.70349999999999
0.107356,77.62899999999999
0.10736,77.62899999999999
0.107364,77.62899999999999
0.107368,77.62899999999999
0.107372,77.62899999999999
0.107376,77.62899999999999
0.10738,77.62899999999999
0.107384,77.62899999999999
0.107388,77.62899999999999
0.107392,77.62899999999999
0.107396,77.55449999999999
0.1074,77.55449999999999
0.107404,77.55449999999999
0.107408,77.55449999999999
0.107412,77.62899999999999
0.107416,77.62899999999999
0.10742,77.55449999999999
0.107424,77.55449999999999
0.107428,77.55449999999999
0.107432,77.62899999999999
0.107436,77.55449999999999
0.10744,77.55449999999999
0.107444,77.55449999999999
0.107448,77.55449999999999
0.107452,77.55449999999999
0.107456,77.47999999999999
0.10746,77.55449999999999
0.107464,77.47999999999999
0.107468,77.47999999999999
0.107472,77.47999999999999
0.107476,77.47999999999999
0.10748,77.47999999999999
0.107484,77.55449999999999
0.107488,77.47999999999999
0.107492,77.47999999999999
0.107496,77.47999999999999
0.1075,77.47999999999999
0.107504,77.47999999999999
0.107508,77.47999999999999
0.107512,77.47999999999999
0.107516,77.47999999999999
0.10752,77.47999999999999
0.107524,77.47999999999999
0.107528,77.47999999999999
0.107532,77.47999999999999
0.107536,77.47999999999999
0.10754,77.4055
0.107544,77.4055
0.107548,77.4055
0.107552,77.4055
0.107556,77.4055
0.10756,77.4055
0.107564,77.4055
0.107568,77.4055
0.107572,77.4055
0.107576,77.4055
0.10758,77.4055
0.107584,77.331
0.107588,77.4055
0.107592,77.4055
0.107596,77.4055
0.1076,77.4055
0.107604,77.4055
0.107608,77.331
0.107612,77.4055
0.107616,77.331
0.10762,77.4055
0.107624,77.331
0.107628,77.331
0.107632,77.331
0.107636,77.331
0.10764,77.331
0.107644,77.331
0.107648,77.331
0.107652,77.331
0.107656,77.331
0.10766,77.331
0.107664,77.331
0.107668,77.331
0.107672,77.331
0.107676,77.331
0.10768,77.2565
0.107684,77.2565
0.107688,77.2565
0.107692,77.2565
0.107696,77.2565
0.1077,77.2565
0.107704,77.182
0.107708,77.2565
0.107712,77.182
0.107716,77.182
0.10772,77.2565
0.107724,77.182
0.107728,77.182
0.107732,77.182
0.107736,77.182
0.10774,77.182
0.107744,77.182
0.107748,77.182
0.107752,77.182
0.107756,77.182
0.10776,77.182
0.107764,77.1075
0.107768,77.1075
0.107772,77.1075
0.107776,77.182
0.10778,77.1075
0.107784,77.1075
0.107788,77.1075
0.107792,77.1075
0.107796,77.1075
0.1078,77.1075
0.107804,77.1075
0.107808,77.1075
0.107812,77.1075
0.107816,77.1075
0.10782,77.1075
0.107824,77.1075
0.107828,77.1075
0.107832,77.033
0.107836,77.033
0.10784,77.1075
0.107844,77.1075
0.107848,77.033
0.107852,77.033
0.107856,77.033
0.10786,76.9585
0.107864,77.033
0.107868,77.033
0.107872,77.033
0.107876,76.9585
0.10788,77.033
0.107884,76.9585
0.107888,76.9585
0.107892,77.033
0.107896,76.9585
0.1079,76.9585
0.107904,76.9585
0.107908,76.9585
0.107912,76.9585
0.107916,76.884
0.10792,76.9585
0.107924,76.9585
0.107928,76.884
0.107932,76.9585
0.107936,76.884
0.10794,76.884
0.107944,76.884
0.107948,76.884
0.107952,76.884
0.107956,76.884
0.10796,76.884
0.107964,76.884
0.107968,76.884
0.107972,76.8095
0.107976,76.884
0.10798,76.884
0.107984,76.8095
0.107988,76.884
0.107992,76.8095
0.107996,76.8095
0.108,76.884
0.108004,76.8095
0.108008,76.8095
0.108012,76.8095
0.108016,76.8095
0.10802,76.8095
0.108024,76.8095
0.108028,76.8095
0.108032,76.8095
0.108036,76.8095
0.10804,76.735
0.108044,76.735
0.108048,76.735
0.108052,76.735
0.108056,76.735
0.10806,76.735
0.108064,76.735
0.108068,76.735
0.108072,76.735
0.108076,76.735
0.10808,76.735
0.108084,76.6605
0.108088,76.735
0.108092,76.6605
0.108096,76.735
0.1081,76.735
0.108104,76.735
0.108108,76.6605
0.108112,76.735
0.108116,76.735
0.10812,76.6605
0.108124,76.6605
0.108128,76.6605
0.108132,76.6605
0.108136,76.6605
0.10814,76.6605
0.108144,76.6605
0.108148,76.6605
0.108152,76.586
0.108156,76.586
0.10816,76.586
0.108164,76.586
0.108168,76.586
0.108172,76.5115
0.108176,76.5115
0.10818,76.5115
0.108184,76.586
0.108188,76.5115
0.108192,76.5115
0.108196,76.5115
0.1082,76.5115
0.108204,76.5115
0.108208,76.5115
0.108212,76.5115
0.108216,76.437
0.10822,76.5115
0.108224,76.5115
0.108228,76.5115
0.108232,76.437
0.108236,76.437
0.10824,76.5115
0.108244,76.437
0.108248,76.437
0.108252,76.437
0.108256,76.3625
0.10826,76.3625
0.108264,76.3625
0.108268,76.3625
0.108272,76.3625
0.108276,76.3625
0.10828,76.3625
0.108284,76.3625
0.108288,76.3625
0.108292,76.3625
0.108296,76.3625
0.1083,76.3625
0.108304,76.3625
0.108308,76.288
0.108312,76.3625
0.108316,76.3625
0.10832,76.288
0.108324,76.3625
0.108328,76.288
0.108332,76.288
0.108336,76.288
0.10834,76.288
0.108344,76.288
0.108348,76.288
0.108352,76.288
0.108356,76.2135
0.10836,76.2135
0.108364,76.2135
0.108368,76.2135
0.108372,76.2135
0.108376,76.139
0.10838,76.2135
0.108384,76.139
0.108388,76.139
0.108392,76.2135
0.108396,76.139
0.1084,76.139
0.108404,76.139
0.108408,76.139
0.108412,76.139
0.108416,76.139
0.10842,76.139
0.108424,76.139
0.108428,76.0645
0.108432,76.0645
0.108436,76.0645
0.10844,76.0645
0.108444,76.0645
0.108448,76.0645
0.108452,76.0645
0.108456,76.0645
0.10846,75.99
0.108464,76.0645
0.108468,76.0645
0.108472,76.0645
0.108476,76.0645
0.10848,75.99
0.108484,75.9155
0.108488,75.99
0.108492,75.99
0.108496,75.99
0.1085,75.99
0.108504,75.99
0.108508,75.9155
0.108512,75.99
0.108516,75.9155
0.10852,75.9155
0.108524,75.9155
0.108528,75.841
0.108532,75.9155
0.108536,75.9155
0.10854,75.9155
0.108544,75.841
0.108548,75.9155
0.108552,75.841
0.108556,75.841
0.10856,75.841
0.108564,75.841
0.108568,75.841
0.108572,75.7665
0.108576,75.7665
0.10858,75.841
0.108584,75.7665
0.108588,75.7665
0.108592,75.7665
0.108596,75.7665
0.1086,75.7665
0.108604,75.7665
0.108608,75.692
0.108612,75.7665
0.108616,75.7665
0.10862,75.692
0.108624,75.7665
0.108628,75.692
0.108632,75.692
0.108636,75.692
0.10864,75.692
0.108644,75.692
0.108648,75.61749999999999
0.108652,75.692
0.108656,75.61749999999999
0.10866,75.61749999999999
0.108664,75.61749999999999
0.108668,75.61749999999999
0.108672,75.54299999999999
0.108676,75.61749999999999
0.10868,75.54299999999999
0.108684,75.61749999999999
0.108688,75.54299999999999
0.108692,75.54299999999999
0.108696,75.54299999999999
0.1087,75.54299999999999
0.108704,75.54299999999999
0.108708,75.54299999999999
0.108712,75.46849999999999
0.108716,75.54299999999999
0.10872,75.46849999999999
0.108724,75.46849999999999
0.108728,75.46849999999999
0.108732,75.46849999999999
0.108736,75.39399999999999
0.10874,75.39399999999999
0.108744,75.39399999999999
0.108748,75.46849999999999
0.108752,75.39399999999999
0.108756,75.39399999999999
0.10876,75.39399999999999
0.108764,75.39399999999999
0.108768,75.31949999999999
0.108772,75.31949999999999
0.108776,75.31949999999999
0.10878,75.31949999999999
0.108784,75.31949999999999
0.108788,75.31949999999999
0.108792,75.31949999999999
0.108796,75.24499999999999
0.1088,75.31949999999999
0.108804,75.24499999999999
0.108808,75.24499999999999
0.108812,75.24499999999999
0.108816,75.24499999999999
0.10882,75.24499999999999
0.108824,75.24499999999999
0.108828,75.24499999999999
0.108832,75.24499999999999
0.108836,75.17049999999999
0.10884,75.17049999999999
0.108844,75.17049999999999
0.108848,75.17049999999999
0.108852,75.17049999999999
0.108856,75.17049999999999
0.10886,75.096
0.108864,75.096
0.108868,75.17049999999999
0.108872,75.096
0.108876,75.17049999999999
0.10888,75.0215
0.108884,75.0215
0.108888,75.096
0.108892,75.096
0.108896,75.096
0.1089,75.0215
0.108904,75.0215
0.108908,75.0215
0.108912,75.0215
0.108916,75.0215
0.10892,75.0215
0.108924,75.0215
0.108928,74.947
0.108932,74.947
0.108936,74.947
0.10894,74.947
0.108944,74.947
0.108948,74.947
0.108952,74.8725
0.108956,74.8725
0.10896,74.8725
0.108964,74.8725
0.108968,74.8725
0.108972,74.798
0.108976,74.8725
0.10898,74.798
0.108984,74.798
0.108988,74.798
0.108992,74.798
0.108996,74.798
0.109,74.798
0.109004,74.7235
0.109008,74.7235
0.109012,74.7235
0.109016,74.7235
0.10902,74.7235
0.109024,74.7235
0.109028,74.7235
0.109032,74.649
0.109036,74.7235
0.10904,74.649
0.109044,74.649
0.109048,74.649
0.109052,74.649
0.109056,74.649
0.10906,74.5745
0.109064,74.5745
0.109068,74.5745
0.109072,74.5745
0.109076,74.5745
0.10908,74.5745
0.109084,74.5
0.109088,74.5745
0.109092,74.5
0.109096,74.5
0.1091,74.5
0.109104,74.4255
0.109108,74.5
0.109112,74.4255
0.109116,74.4255
0.10912,74.4255
0.109124,74.4255
0.109128,74.4255
0.109132,74.351
0.109136,74.4255
0.10914,74.351
0.109144,74.351
0.109148,74.351
0.109152,74.351
0.109156,74.351
0.10916,74.351
0.109164,74.351
0.109168,74.351
0.109172,74.2765
0.109176,74.2765
0.10918,74.2765
0.109184,74.2765
0.109188,74.2765
0.109192,74.202
0.109196,74.202
0.1092,74.1275
0.109204,74.202
0.109208,74.1275
0.109212,74.202
0.109216,74.1275
0.10922,74.1275
0.109224,74.053
0.109228,74.053
0.109232,74.053
0.109236,74.053
0.10924,74.053
0.109244,74.053
0.109248,74.053
0.109252,74.053
0.109256,73.9785
0.10926,73.9785
0.109264,73.904
0.109268,73.9785
0.109272,73.9785
0.109276,73.904
0.10928,73.904
0.109284,73.9785
0.109288,73.904
0.109292,73.8295
0.109296,73.8295
0.1093,73.8295
0.109304,73.8295
0.109308,73.8295
0.109312,73.8295
0.109316,73.755
0.10932,73.8295
0.109324,73.8295
0.109328,73.755
0.109332,73.755
0.109336,73.755
0.10934,73.755
0.109344,73.6805
0.109348,73.755
0.109352,73.6805
0.109356,73.6805
0.10936,73.6805
0.109364,73.606
0.109368,73.6805
0.109372,73.606
0.109376,73.606
0.10938,73.606
0.109384,73.5315
0.109388,73.5315
0.109392,73.5315
0.109396,73.457
0.1094,73.5315
0.109404,73.457
0.109408,73.5315
0.109412,73.457
0.109416,73.457
0.10942,73.457
0.109424,73.457
0.109428,73.457
0.109432,73.3825
0.109436,73.3825
0.10944,73.3825
0.109444,73.3825
0.109448,73.3825
0.109452,73.3825
0.109456,73.30799999999999
0.10946,73.30799999999999
0.109464,73.30799999999999
0.109468,73.30799999999999
0.109472,73.23349999999999
0.109476,73.23349999999999
0.10948,73.23349999999999
0.109484,73.23349999999999
0.109488,73.23349999999999
0.109492,73.15899999999999
0.109496,73.15899999999999
0.1095,73.15899999999999
0.109504,73.15899999999999
0.109508,73.15899999999999
0.109512,73.08449999999999
0.109516,73.08449999999999
0.10952,73.08449999999999
0.109524,73.15899999999999
0.109528,73.08449999999999
0.109532,73.08449999999999
0.109536,73.08449999999999
0.10954,73.08449999999999
0.109544,73.00999999999999
0.109548,73.00999999999999
0.109552,73.00999999999999
0.109556,72.93549999999999
0.10956,72.93549999999999
0.109564,72.93549999999999
0.109568,72.93549999999999
0.109572,72.93549999999999
0.109576,72.93549999999999
0.10958,72.93549999999999
0.109584,72.86099999999999
0.109588,72.86099999999999
0.109592,72.86099999999999
0.109596,72.86099999999999
0.1096,72.86099999999999
0.109604,72.86099999999999
0.109608,72.7865
0.109612,72.7865
0.109616,72.7865
0.10962,72.7865
0.109624,72.712
0.109628,72.7865
0.109632,72.712
0.109636,72.712
0.10964,72.712
0.109644,72.712
0.109648,72.712
0.109652,72.6375
0.109656,72.6375
0.10966,72.6375
0.109664,72.6375
0.109668,72.6375
0.109672,72.563
0.109676,72.6375
0.10968,72.563
0.109684,72.563
0.109688,72.563
0.109692,72.563
0.109696,72.563
0.1097,72.4885
0.109704,72.4885
0.109708,72.563
0.109712,72.4885
0.109716,72.4885
0.10972,72.4885
0.109724,72.4885
0.109728,72.414
0.109732,72.414
0.109736,72.414
0.10974,72.414
0.109744,72.3395
0.109748,72.414
0.109752,72.414
0.109756,72.3395
0.10976,72.3395
0.109764,72.3395
0.109768,72.3395
0.109772,72.265
0.109776,72.265
0.10978,72.265
0.109784,72.265
0.109788,72.265
0.109792,72.265
0.109796,72.265
0.1098,72.1905
0.109804,72.1905
0.109808,72.1905
0.109812,72.1905
0.109816,72.1905
0.10982,72.1905
0.109824,72.1905
0.109828,72.1905
0.109832,72.116
0.109836,72.116
0.10984,72.116
0.109844,72.116
0.109848,72.0415
0.109852,72.0415
0.109856,72.0415
0.10986,72.0415
0.109864,72.0415
0.109868,72.0415
0.109872,72.0415
0.109876,71.967
0.10988,71.967
0.109884,71.967
0.109888,72.0415
0.109892,71.967
0.109896,71.967
0.1099,71.967
0.109904,71.967
0.109908,71.967
0.109912,71.8925
0.109916,71.8925
0.10992,71.8925
0.109924,71.8925
0.109928,71.8925
0.109932,71.8925
0.109936,71.818
0.10994,71.8925
0.109944,71.818
0.109948,71.818
0.109952,71.818
0.109956,71.7435
0.10996,71.7435
0.109964,71.7435
0.109968,71.7435
0.109972,71.7435
0.109976,71.7435
0.10998,71.7435
0.109984,71.7435
0.109988,71.7435
0.109992,71.669
0.109996,71.669
0.11,71.7435
0.110004,71.669
0.110008,71.669
0.110012,71.669
0.110016,71.669
0.11002,71.5945
0.110024,71.5945
0.110028,71.5945
0.110032,71.5945
0.110036,71.5945
0.11004,71.5945
0.110044,71.5945
0.110048,71.5945
0.110052,71.52
0.110056,71.52
0.11006,71.52
0.110064,71.52
0.110068,71.52
0.110072,71.52
0.110076,71.4455
0.11008,71.52
0.110084,71.52
0.110088,71.4455
0.110092,71.4455
0.110096,71.4455
0.1101,71.4455
0.110104,71.371
0.110108,71.371
0.110112,71.371
0.110116,71.4455
0.11012,71.371
0.110124,71.371
0.110128,71.371
0.110132,71.371
0.110136,71.371
0.11014,71.2965
0.110144,71.371
0.110148,71.2965
0.110152,71.2965
0.110156,71.2965
0.11016,71.2965
0.110164,71.2965
0.110168,71.2965
0.110172,71.222
0.110176,71.222
0.11018,71.222
0.110184,71.222
0.110188,71.222
0.110192,71.222
0.110196,71.1475
0.1102,71.222
0.110204,71.222
0.110208,71.222
0.110212,71.1475
0.110216,71.222
0.11022,71.222
0.110224,71.222
0.110228,71.2965
0.110232,71.2965
0.110236,71.371
0.11024,71.371
0.110244,71.371
0.110248,71.371
0.110252,71.371
0.110256,71.371
0.11026,71.371
0.110264,71.2965
0.110268,71.371
0.110272,71.371
0.110276,71.2965
0.11028,71.2965
0.110284,71.222
0.110288,71.222
0.110292,71.1475
0.110296,71.1475
0.1103,71.073
0.110304,71.073
0.110308,71.073
0.110312,70.99849999999999
0.110316,70.99849999999999
0.11032,70.92399999999999
0.110324,70.92399999999999
0.110328,70.92399999999999
0.110332,70.77499999999999
0.110336,70.84949999999999
0.11034,70.77499999999999
0.110344,70.70049999999999
0.110348,70.70049999999999
0.110352,70.70049999999999
0.110356,70.62599999999999
0.11036,70.55149999999999
0.110364,70.55149999999999
0.110368,70.477
0.110372,70.4025
0.110376,70.328
0.11038,70.328
0.110384,70.2535
0.110388,70.179
0.110392,70.1045
0.110396,70.03
0.1104,69.9555
0.110404,69.9555
0.110408,69.9555
0.110412,69.8065
0.110416,69.8065
0.11042,69.732
0.110424,69.6575
0.110428,69.583
0.110432,69.5085
0.110436,69.434
0.11044,69.3595
0.110444,69.285
0.110448,69.2105
0.110452,69.136
0.110456,69.0615
0.11046,68.9125
0.110464,68.838
0.110468,68.838
0.110472,68.689
0.110476,68.61449999999999
0.11048,68.61449999999999
0.110484,68.46549999999999
0.110488,68.46549999999999
0.110492,68.31649999999999
0.110496,68.31649999999999
0.1105,68.24199999999999
0.110504,68.1675
0.110508,68.093
0.110512,68.0185
0.110516,67.944
0.11052,67.8695
0.110524,67.795
0.110528,67.7205
0.110532,67.7205
0.110536,67.5715
0.11054,67.5715
0.110544,67.497
0.110548,67.4225
0.110552,67.348
0.110556,67.348
0.11056,67.199
0.110564,67.199
0.110568,67.05
0.110572,66.9755
0.110576,66.9755
0.11058,66.901
0.110584,66.752
0.110588,66.752
0.110592,66.6775
0.110596,66.603
0.1106,66.5285
0.110604,66.3795
0.110608,66.3795
0.110612,66.30499999999999
0.110616,66.23049999999999
0.11062,66.15599999999999
0.110624,66.15599999999999
0.110628,66.08149999999999
0.110632,66.00699999999999
0.110636,66.00699999999999
0.11064,65.93249999999999
0.110644,65.858
0.110648,65.858
0.110652,65.7835
0.110656,65.7835
0.11066,65.7835
0.110664,65.709
0.110668,65.709
0.110672,65.6345
0.110676,65.6345
0.11068,65.56
0.110684,65.56
0.110688,65.56
0.110692,65.4855
0.110696,65.4855
0.1107,65.4855
0.110704,65.411
0.110708,65.411
0.110712,65.3365
0.110716,65.411
0.11072,65.3365
0.110724,65.262
0.110728,65.1875
0.110732,65.1875
0.110736,65.1875
0.11074,65.1875
0.110744,65.113
0.110748,65.113
0.110752,65.113
0.110756,65.113
0.11076,65.0385
0.110764,65.0385
0.110768,65.0385
0.110772,65.0385
0.110776,65.0385
0.11078,65.0385
0.110784,64.964
0.110788,65.0385
0.110792,64.964
0.110796,65.0385
0.1108,65.0385
0.110804,64.964
0.110808,64.964
0.110812,64.8895
0.110816,64.815
0.11082,64.815
0.110824,64.7405
0.110828,64.666
0.110832,64.5915
0.110836,64.517
0.11084,64.4425
0.110844,64.368
0.110848,64.2935
0.110852,64.219
0.110856,64.1445
0.11086,64.07
0.110864,64.07
0.110868,63.921
0.110872,63.921
0.110876,63.8465
0.11088,63.8465
0.110884,63.6975
0.110888,63.6975
0.110892,63.5485
0.110896,63.5485
0.1109,63.474
0.110904,63.324999999999996
0.110908,63.324999999999996
0.110912,63.250499999999995
0.110916,63.175999999999995
0.11092,63.101499999999994
0.110924,63.026999999999994
0.110928,62.9525
0.110932,62.878
0.110936,62.8035
0.11094,62.8035
0.110944,62.729
0.110948,62.6545
0.110952,62.58
0.110956,62.5055
0.11096,62.431
0.110964,62.3565
0.110968,62.282
0.110972,62.207499999999996
0.110976,62.207499999999996
0.11098,62.058499999999995
0.110984,62.058499999999995
0.110988,61.983999999999995
0.110992,61.909499999999994
0.110996,61.835
0.111,61.7605
0.111004,61.686
0.111008,61.6115
0.111012,61.537
0.111016,61.4625
0.11102,61.4625
0.111024,61.388
0.111028,61.3135
0.111032,61.239
0.111036,61.089999999999996
0.11104,61.089999999999996
0.111044,61.015499999999996
0.111048,61.015499999999996
0.111052,60.940999999999995
0.111056,60.791999999999994
0.11106,60.791999999999994
0.111064,60.717499999999994
0.111068,60.643
0.111072,60.5685
0.111076,60.494
0.11108,60.4195
0.111084,60.345
0.111088,60.2705
0.111092,60.2705
0.111096,60.196
0.1111,60.196
0.111104,60.047
0.111108,59.9725
0.111112,59.9725
0.111116,59.823499999999996
0.11112,59.823499999999996
0.111124,59.748999999999995
0.111128,59.674499999999995
0.111132,59.674499999999995
0.111136,59.5255
0.11114,59.5255
0.111144,59.451
0.111148,59.3765
0.111152,59.3765
0.111156,59.302
0.11116,59.2275
0.111164,59.2275
0.111168,59.153
0.111172,59.153
0.111176,59.0785
0.11118,59.0785
0.111184,59.004
0.111188,59.004
0.111192,58.9295
0.111196,58.855
0.1112,58.855
0.111204,58.855
0.111208,58.855
0.111212,58.780499999999996
0.111216,58.780499999999996
0.11122,58.780499999999996
0.111224,58.780499999999996
0.111228,58.855
0.111232,58.9295
0.111236,58.9295
0.11124,59.004
0.111244,59.004
0.111248,59.004
0.111252,59.004
0.111256,59.0785
0.11126,59.004
0.111264,59.004
0.111268,58.9295
0.111272,58.9295
0.111276,58.855
0.11128,58.780499999999996
0.111284,58.705999999999996
0.111288,58.631499999999996
0.111292,58.631499999999996
0.111296,58.631499999999996
0.1113,58.556999999999995
0.111304,58.482499999999995
0.111308,58.482499999999995
0.111312,58.407999999999994
0.111316,58.3335
0.11132,58.3335
0.111324,58.259
0.111328,58.1845
0.111332,58.11
0.111336,58.11
0.11134,58.0355
0.111344,57.961
0.111348,57.8865
0.111352,57.8865
0.111356,57.8865
0.11136,57.7375
0.111364,57.7375
0.111368,57.663
0.111372,57.513999999999996
0.111376,57.513999999999996
0.11138,57.513999999999996
0.111384,57.439499999999995
0.111388,57.364999999999995
0.111392,57.290499999999994
0.111396,57.290499999999994
0.1114,57.1415
0.111404,57.067
0.111408,56.9925
0.111412,56.9925
0.111416,56.918
0.11142,56.8435
0.111424,56.769
0.111428,56.6945
0.111432,56.62
0.111436,56.5455
0.11144,56.471
0.111444,56.396499999999996
0.111448,56.321999999999996
0.111452,56.321999999999996
0.111456,56.247499999999995
0.11146,56.172999999999995
0.111464,56.098499999999994
0.111468,55.9495
0.111472,55.9495
0.111476,55.875
0.11148,55.8005
0.111484,55.726
0.111488,55.6515
0.111492,55.577
0.111496,55.5025
0.1115,55.428
0.111504,55.3535
0.111508,55.278999999999996
0.111512,55.204499999999996
0.111516,55.129999999999995
0.11152,54.980999999999995
0.111524,54.980999999999995
0.111528,54.906499999999994
0.111532,54.7575
0.111536,54.7575
0.11154,54.6085
0.111544,54.6085
0.111548,54.534
0.111552,54.385
0.111556,54.3105
0.11156,54.236
0.111564,54.1615
0.111568,54.086999999999996
0.111572,54.086999999999996
0.111576,54.012499999999996
0.11158,53.937999999999995
0.111584,53.863499999999995
0.111588,53.788999999999994
0.111592,53.788999999999994
0.111596,53.7145
0.1116,53.64
0.111604,53.64
0.111608,53.5655
0.111612,53.491
0.111616,53.4165
0.11162,53.342
0.111624,53.342
0.111628,53.2675
0.111632,53.2675
0.111636,53.193
0.11164,53.193
0.111644,53.193
0.111648,53.1185
0.111652,53.044
0.111656,53.044
0.11166,53.044
0.111664,53.044
0.111668,53.044
0.111672,53.1185
0.111676,53.1185
0.11168,53.044
0.111684,53.044
0.111688,53.044
0.111692,52.9695
0.111696,52.9695
0.1117,52.9695
0.111704,52.9695
0.111708,52.894999999999996
0.111712,52.820499999999996
0.111716,52.745999999999995
0.11172,52.671499999999995
0.111724,52.596999999999994
0.111728,52.5225
0.111732,52.448
0.111736,52.3735
0.11174,52.299
0.111744,52.15
0.111748,52.15
0.111752,52.0755
0.111756,52.001
0.11176,51.9265
0.111764,51.9265
0.111768,51.852
0.111772,51.702999999999996
0.111776,51.702999999999996
0.11178,51.628499999999995
0.111784,51.553999999999995
0.111788,51.479499999999994
0.111792,51.479499999999994
0.111796,51.405
0.1118,51.256
0.111804,51.1815
0.111808,51.107
0.111812,51.107
0.111816,51.0325
0.11182,50.958
0.111824,50.8835
0.111828,50.809
0.111832,50.7345
0.111836,50.66
0.11184,50.66
0.111844,50.585499999999996
0.111848,50.436499999999995
0.111852,50.436499999999995
0.111856,50.436499999999995
0.11186,50.287499999999994
0.111864,50.287499999999994
0.111868,50.213
0.111872,50.1385
0.111876,50.1385
0.11188,50.064
0.111884,50.064
0.111888,49.9895
0.111892,49.8405
0.111896,49.8405
0.1119,49.8405
0.111904,49.766
0.111908,49.766
0.111912,49.8405
0.111916,49.6915
0.11192,49.617
0.111924,49.617
0.111928,49.5425
0.111932,49.5425
0.111936,49.5425
0.11194,49.393499999999996
0.111944,49.393499999999996
0.111948,49.244499999999995
0.111952,49.169999999999995
0.111956,49.169999999999995
0.11196,49.021
0.111964,48.9465
0.111968,48.872
0.111972,48.872
0.111976,48.7975
0.11198,48.723
0.111984,48.6485
0.111988,48.574
0.111992,48.425
0.111996,48.425
0.112,48.275999999999996
0.112004,48.275999999999996
0.112008,48.201499999999996
0.112012,48.126999999999995
0.112016,48.052499999999995
0.11202,47.9035
0.112024,47.829
0.112028,47.829
0.112032,47.68
0.112036,47.6055
0.11204,47.531
0.112044,47.4565
0.112048,47.382
0.112052,47.3075
0.112056,47.233
0.11206,47.083999999999996
0.112064,47.083999999999996
0.112068,46.934999999999995
0.112072,46.860499999999995
0.112076,46.786
0.11208,46.7115
0.112084,46.637
0.112088,46.5625
0.112092,46.488
0.112096,46.4135
0.1121,46.4135
0.112104,46.339
0.112108,46.2645
0.112112,46.2645
0.112116,46.19
0.11212,46.19
0.112124,46.19
0.112128,46.19
0.112132,46.1155
0.112136,46.1155
0.11214,46.041
0.112144,46.041
0.112148,45.966499999999996
0.112152,45.891999999999996
0.112156,45.891999999999996
0.11216,45.817499999999995
0.112164,45.742999999999995
0.112168,45.742999999999995
0.112172,45.668499999999995
0.112176,45.5195
0.11218,45.445
0.112184,45.445
0.112188,45.3705
0.112192,45.296
0.112196,45.2215
0.1122,45.147
0.112204,45.0725
0.112208,45.0725
0.112212,44.998
0.112216,44.9235
0.11222,44.774499999999996
0.112224,44.699999999999996
0.112228,44.625499999999995
0.112232,44.550999999999995
0.112236,44.4765
0.11224,44.4765
0.112244,44.402
0.112248,44.3275
0.112252,44.253
0.112256,44.253
0.11226,44.104
0.112264,44.104
0.112268,43.955
0.112272,43.8805
0.112276,43.806
0.11228,43.657
0.112284,43.582499999999996
0.112288,43.507999999999996
0.112292,43.433499999999995
0.112296,43.2845
0.1123,43.1355
0.112304,43.1355
0.112308,42.9865
0.112312,42.8375
0.112316,42.763
0.11232,42.6885
0.112324,42.464999999999996
0.112328,42.464999999999996
0.112332,42.390499999999996
0.112336,42.167
0.11234,42.167
0.112344,42.018
0.112348,41.9435
0.112352,41.7945
0.112356,41.72
0.11236,41.72
0.112364,41.6455
0.112368,41.571
0.112372,41.4965
0.112376,41.3475
0.11238,41.272999999999996
0.112384,41.198499999999996
0.112388,41.049499999999995
0.112392,41.049499999999995
0.112396,40.975
0.1124,40.826
0.112404,40.677
0.112408,40.6025
0.112412,40.528
0.112416,40.4535
0.11242,40.379
0.112424,40.155499999999996
0.112428,40.155499999999996
0.112432,40.006499999999996
0.112436,39.931999999999995
0.11244,39.783
0.112444,39.634
0.112448,39.5595
0.112452,39.4105
0.112456,39.2615
0.11246,39.187
0.112464,39.038
0.112468,38.963499999999996
0.112472,38.739999999999995
0.112476,38.6655
0.11248,38.5165
0.112484,38.3675
0.112488,38.293
0.112492,38.2185
0.112496,38.0695
0.1125,37.995
0.112504,37.846
0.112508,37.771499999999996
0.112512,37.622499999999995
0.112516,37.548
0.11252,37.399
0.112524,37.25
0.112528,37.1755
0.112532,37.101
0.112536,36.8775
0.11254,36.7285
0.112544,36.579499999999996
0.112548,36.430499999999995
0.112552,36.2815
0.112556,36.1325
0.11256,35.9835
0.112564,35.8345
0.112568,35.76
0.112572,35.611
0.112576,35.461999999999996
0.11258,35.312999999999995
0.112584,35.2385
0.112588,35.0895
0.112592,34.9405
0.112596,34.717
0.1126,34.6425
0.112604,34.419
0.112608,34.3445
0.112612,34.120999999999995
0.112616,33.972
0.11262,33.823
0.112624,33.674
0.112628,33.4505
0.112632,33.376
0.112636,33.152499999999996
0.11264,33.003499999999995
0.112644,32.8545
0.112648,32.7055
0.112652,32.482
0.112656,32.333
0.11266,32.1095
0.112664,31.9605
0.112668,31.8115
0.112672,31.587999999999997
0.112676,31.3645
0.11268,31.2155
0.112684,30.9175
0.112688,30.7685
0.112692,30.544999999999998
0.112696,30.395999999999997
0.1127,30.1725
0.112704,29.874499999999998
0.112708,29.7255
0.112712,29.502
0.112716,29.203999999999997
0.11272,29.055
0.112724,28.756999999999998
0.112728,28.5335
0.112732,28.31
0.112736,28.012
0.11274,27.863
0.112744,27.564999999999998
0.112748,27.267
0.112752,27.043499999999998
0.112756,26.82
0.11276,26.522
0.112764,26.298499999999997
0.112768,26.0005
0.112772,25.776999999999997
0.112776,25.4045
0.11278,25.180999999999997
0.112784,24.9575
0.112788,24.659499999999998
0.112792,24.3615
0.112796,24.063499999999998
0.1128,23.84
0.112804,23.541999999999998
0.112808,23.244
0.112812,22.945999999999998
0.112816,22.648
0.11282,22.4245
0.112824,22.1265
0.112828,21.8285
0.112832,21.5305
0.112836,21.157999999999998
0.11284,20.9345
0.112844,20.636499999999998
0.112848,20.413
0.112852,20.115
0.112856,19.817
0.11286,19.519
0.112864,19.221
0.112868,18.923
0.112872,18.625
0.112876,18.4015
0.11288,18.1035
0.112884,17.8055
0.112888,17.5075
0.112892,17.284
0.112896,16.986
0.1129,16.6135
0.112904,16.39
0.112908,16.092
0.112912,15.793999999999999
0.112916,15.495999999999999
0.11292,15.272499999999999
0.112924,14.974499999999999
0.112928,14.676499999999999
0.112932,14.453
0.112936,14.155
0.11294,13.9315
0.112944,13.6335
0.112948,13.41
0.112952,13.112
0.112956,12.888499999999999
0.11296,12.590499999999999
0.112964,12.366999999999999
0.112968,12.068999999999999
0.112972,11.8455
0.112976,11.622
0.11298,11.3985
0.112984,11.174999999999999
0.112988,10.9515
0.112992,10.728
0.112996,10.5045
0.113,10.280999999999999
0.113004,10.0575
0.113008,9.834
0.113012,9.6105
0.113016,9.387
0.11302,9.238
0.113024,9.0145
0.113028,8.791
0.113032,8.642
0.113036,8.4185
0.11304,8.344
0.113044,8.1205
0.113048,7.9715
0.113052,7.747999999999999
0.113056,7.598999999999999
0.11306,7.449999999999999
0.113064,7.300999999999999
0.113068,7.0775
0.113072,7.003
0.113076,6.854
0.11308,6.705
0.113084,6.556
0.113088,6.407
0.113092,6.258
0.113096,6.109
0.1131,6.0344999999999995
0.113104,5.8854999999999995
0.113108,5.811
0.113112,5.662
0.113116,5.513
0.11312,5.4384999999999994
0.113124,5.289499999999999
0.113128,5.215
0.113132,5.066
0.113136,4.991499999999999
0.11314,4.842499999999999
0.113144,4.768
0.113148,4.6935
0.113152,4.5445
0.113156,4.47
0.11316,4.3955
0.113164,4.321
0.113168,4.172
0.113172,4.0975
0.113176,4.023
0.11318,3.9484999999999997
0.113184,3.8739999999999997
0.113188,3.7994999999999997
0.113192,3.6504999999999996
0.113196,3.6504999999999996
0.1132,3.5015
0.113204,3.5015
0.113208,3.427
0.113212,3.3525
0.113216,3.278
0.11322,3.2035
0.113224,3.129
0.113228,3.0545
0.113232,2.98
0.113236,2.98
0.11324,2.9055
0.113244,2.831
0.113248,2.7565
0.113252,2.682
0.113256,2.682
0.11326,2.6075
0.113264,2.533
0.113268,2.4585
0.113272,2.4585
0.113276,2.384
0.11328,2.3095
0.113284,2.3095
0.113288,2.235
0.113292,2.235
0.113296,2.1605
0.1133,2.086
0.113304,2.086
0.113308,2.0115
0.113312,1.9369999999999998
0.113316,1.9369999999999998
0.11332,1.8624999999999998
0.113324,1.8624999999999998
0.113328,1.7879999999999998
0.113332,1.7879999999999998
0.113336,1.7135
0.11334,1.7135
0.113344,1.639
0.113348,1.639
0.113352,1.5645
0.113356,1.5645
0.11336,1.5645
0.113364,1.49
0.113368,1.49
0.113372,1.49
0.113376,1.4155
0.11338,1.341
0.113384,1.341
0.113388,1.341
0.113392,1.2665
0.113396,1.2665
0.1134,1.192
0.113404,1.192
0.113408,1.192
0.113412,1.192
0.113416,1.192
0.11342,1.1175
0.113424,1.1175
0.113428,1.043
0.113432,1.043
0.113436,1.043
0.11344,1.043
0.113444,1.043
0.113448,0.9684999999999999
0.113452,0.9684999999999999
0.113456,0.9684999999999999
0.11346,0.8939999999999999
0.113464,0.8939999999999999
0.113468,0.8939999999999999
0.113472,0.8939999999999999
0.113476,0.8195
0.11348,0.8195
0.113484,0.8939999999999999
0.113488,0.8195
0.113492,0.745
0.113496,0.8195
0.1135,0.8195
0.113504,0.745
0.113508,0.745
0.113512,0.6705
0.113516,0.6705
0.11352,0.6705
0.113524,0.6705
0.113528,0.6705
0.113532,0.6705
0.113536,0.596
0.11354,0.596
0.113544,0.596
0.113548,0.596
0.113552,0.596
0.113556,0.5215
0.11356,0.5215
0.113564,0.5215
0.113568,0.5215
0.113572,0.5215
0.113576,0.5215
0.11358,0.44699999999999995
0.113584,0.44699999999999995
0.113588,0.5215
0.113592,0.44699999999999995
0.113596,0.44699999999999995
0.1136,0.44699999999999995
0.113604,0.44699999999999995
0.113608,0.44699999999999995
0.113612,0.44699999999999995
0.113616,0.44699999999999995
0.11362,0.44699999999999995
0.113624,0.44699999999999995
0.113628,0.3725
0.113632,0.3725
0.113636,0.44699999999999995
0.11364,0.3725
0.113644,0.3725
0.113648,0.3725
0.113652,0.3725
0.113656,0.3725
0.11366,0.3725
0.113664,0.298
0.113668,0.298
0.113672,0.298
0.113676,0.3725
0.11368,0.298
0.113684,0.298
0.113688,0.298
0.113692,0.298
0.113696,0.298
0.1137,0.298
0.113704,0.298
0.113708,0.22349999999999998
0.113712,0.298
0.113716,0.22349999999999998
0.11372,0.22349999999999998
0.113724,0.298
0.113728,0.22349999999999998
0.113732,0.22349999999999998
0.113736,0.22349999999999998
0.11374,0.22349999999999998
0.113744,0.22349999999999998
0.113748,0.22349999999999998
0.113752,0.22349999999999998
0.113756,0.22349999999999998
0.11376,0.149
0.113764,0.22349999999999998
0.113768,0.149
0.113772,0.22349999999999998
0.113776,0.149
0.11378,0.149
0.113784,0.149
0.113788,0.149
0.113792,0.149
0.113796,0.149
0.1138,0.149
0.113804,0.149
0.113808,0.149
0.113812,0.149
0.113816,0.149
0.11382,0.149
0.113824,0.149
0.113828,0.0745
0.113832,0.149
0.113836,0.149
0.11384,0.149
0.113844,0.149
0.113848,0.0745
0.113852,0.0745
0.113856,0.0745
0.11386,0.0745
0.113864,0.0745
0.113868,0.0745
0.113872,0.0745
0.113876,0.149
0.11388,0.0745
0.113884,0.149
0.113888,0.0745
0.113892,0.0745
0.113896,0.0745
0.1139,0.0745
0.113904,0.0745
0.113908,0.0745
0.113912,0.0745
0.113916,0.0745
0.11392,0.0745
0.113924,0.0745
0.113928,0.0745
0.113932,0.0745
0.113936,0.0745
0.11394,0.0745
0.113944,0.0745
0.113948,0.0745
0.113952,0.0
0.113956,0.0745
0.11396,0.0
0.113964,0.0745
0.113968,0.0
0.113972,0.0
0.113976,0.0
0.11398,0.0745
0.113984,0.0745
0.113988,0.0745
0.113992,0.0
0.113996,0.0
0.114,0.0
0.114004,0.0745
0.114008,0.0745
0.114012,0.0
0.114016,0.0745
0.11402,0.0745
0.114024,0.0
0.114028,0.0
0.114032,0.0
0.114036,0.0
0.11404,0.0
0.114044,0.0
0.114048,0.0
0.114052,0.0
0.114056,0.0
0.11406,0.0
0.114064,0.0
0.114068,0.0
0.114072,0.0
0.114076,0.0
0.11408,0.0
0.114084,0.0
0.114088,0.0
0.114092,0.0
0.114096,0.0
0.1141,0.0
0.114104,0.0
0.114108,0.0
0.114112,0.0
0.114116,0.0
0.11412,0.0
0.114124,0.0
0.114128,0.0
0.114132,0.0
0.114136,0.0
0.11414,0.0
0.114144,-0.0745
0.114148,0.0
0.114152,0.0
0.114156,0.0
0.11416,0.0
0.114164,0.0
0.114168,0.0
0.114172,0.0
0.114176,0.0
0.11418,0.0
0.114184,0.0
0.114188,0.0
0.114192,-0.0745
0.114196,0.0
0.1142,0.0
0.114204,0.0
0.114208,0.0
0.114212,-0.0745
0.114216,0.0
0.11422,0.0
0.114224,0.0
0.114228,0.0
0.114232,0.0
0.114236,-0.0745
0.11424,0.0
0.114244,-0.0745
0.114248,0.0
0.114252,0.0
0.114256,-0.0745
0.11426,-0.0745
0.114264,0.0
0.114268,0.0
0.114272,0.0
0.114276,-0.0745
0.11428,0.0
0.114284,0.0
0.114288,0.0
0.114292,0.0
0.114296,0.0
0.1143,0.0
0.114304,-0.0745
0.114308,0.0
0.114312,0.0
0.114316,-0.0745
0.11432,0.0
0.114324,-0.0745
0.114328,0.0
0.114332,-0.0745
0.114336,-0.0745
0.11434,0.0
0.114344,0.0
0.114348,0.0
0.114352,0.0
0.114356,-0.0745
0.11436,0.0
0.114364,0.0
0.114368,0.0
0.114372,0.0
0.114376,0.0
0.11438,0.0
0.114384,-0.0745
0.114388,0.0
0.114392,-0.0745
0.114396,-0.0745
0.1144,0.0
0.114404,-0.0745
0.114408,0.0
0.114412,-0.0745
0.114416,0.0
0.11442,0.0
0.114424,-0.0745
0.114428,0.0
0.114432,-0.0745
0.114436,0.0
0.11444,0.0
0.114444,0.0
0.114448,0.0
0.114452,0.0
0.114456,-0.0745
0.11446,0.0
0.114464,0.0
0.114468,-0.0745
0.114472,0.0
0.114476,0.0
0.11448,-0.0745
0.114484,0.0
0.114488,-0.0745
0.114492,-0.0745
0.114496,0.0
0.1145,0.0
0.114504,-0.0745
0.114508,-0.0745
0.114512,0.0
0.114516,0.0
0.11452,0.0
0.114524,-0.0745
0.114528,0.0
0.114532,0.0
0.114536,-0.0745
0.11454,-0.0745
0.114544,0.0
0.114548,-0.0745
0.114552,-0.0745
0.114556,-0.0745
0.11456,0.0
0.114564,-0.0745
0.114568,-0.0745
0.114572,-0.0745
0.114576,-0.0745
0.11458,0.0
0.114584,-0.0745
0.114588,-0.0745
0.114592,0.0
0.114596,0.0
0.1146,0.0
0.114604,-0.0745
0.114608,0.0
0.114612,-0.0745
0.114616,-0.0745
0.11462,0.0
0.114624,0.0
0.114628,-0.0745
0.114632,-0.0745
0.114636,0.0
0.11464,-0.0745
0.114644,-0.0745
0.114648,0.0
0.114652,-0.0745
0.114656,-0.0745
0.11466,0.0
0.114664,0.0
0.114668,-0.0745
0.114672,-0.0745
0.114676,-0.0745
0.11468,-0.0745
0.114684,-0.0745
0.114688,0.0
0.114692,-0.0745
0.114696,-0.0745
0.1147,-0.0745
0.114704,-0.0745
0.114708,-0.149
0.114712,-0.0745
0.114716,-0.0745
0.11472,-0.0745
0.114724,-0.0745
0.114728,-0.0745
0.114732,-0.0745
0.114736,-0.0745
0.11474,-0.0745
0.114744,-0.0745
0.114748,-0.0745
0.114752,0.0
0.114756,-0.0745
0.11476,-0.0745
0.114764,-0.0745
0.114768,-0.0745
0.114772,-0.0745
0.114776,0.0
0.11478,-0.0745
0.114784,-0.0745
0.114788,-0.0745
0.114792,-0.0745
0.114796,-0.0745
0.1148,-0.0745
0.114804,-0.0745
0.114808,-0.0745
0.114812,-0.0745
0.114816,-0.0745
0.11482,-0.0745
0.114824,-0.0745
0.114828,-0.0745
0.114832,-0.0745
0.114836,-0.0745
0.11484,-0.0745
0.114844,-0.0745
0.114848,-0.0745
0.114852,0.0
0.114856,-0.0745
0.11486,-0.0745
0.114864,-0.0745
0.114868,-0.0745
0.114872,-0.0745
0.114876,-0.0745
0.11488,-0.0745
0.114884,-0.0745
0.114888,-0.0745
0.114892,0.0
0.114896,-0.0745
0.1149,-0.0745
0.114904,-0.0745
0.114908,-0.0745
0.114912,0.0
0.114916,-0.0745
0.11492,-0.0745
0.114924,-0.0745
0.114928,0.0
0.114932,-0.0745
0.114936,-0.0745
0.11494,-0.0745
0.114944,-0.0745
0.114948,-0.0745
0.114952,-0.0745
0.114956,-0.0745
0.11496,-0.0745
0.114964,-0.0745
0.114968,-0.0745
0.114972,-0.0745
0.114976,-0.0745
0.11498,-0.0745
0.114984,-0.149
0.114988,-0.0745
0.114992,-0.0745
0.114996,-0.0745
0.115,-0.0745
0.115004,-0.0745
0.115008,-0.0745
0.115012,-0.0745
0.115016,-0.0745
0.11502,-0.0745
0.115024,-0.0745
0.115028,-0.149
0.115032,-0.0745
0.115036,-0.0745
0.11504,-0.0745
0.115044,-0.0745
0.115048,-0.0745
0.115052,-0.0745
0.115056,-0.0745
0.11506,-0.0745
0.115064,-0.0745
0.115068,-0.0745
0.115072,-0.149
0.115076,-0.0745
0.11508,-0.0745
0.115084,-0.0745
0.115088,-0.0745
0.115092,-0.0745
0.115096,-0.149
0.1151,-0.149
0.115104,-0.0745
0.115108,-0.0745
0.115112,-0.0745
0.115116,-0.149
0.11512,-0.0745
0.115124,-0.0745
0.115128,-0.0745
0.115132,-0.149
0.115136,-0.0745
0.11514,-0.149
0.115144,-0.0745
0.115148,-0.149
0.115152,-0.0745
0.115156,-0.0745
0.11516,-0.0745
0.115164,-0.0745
0.115168,-0.0745
0.115172,0.0
0.115176,-0.0745
0.11518,-0.0745
0.115184,-0.149
0.115188,-0.0745
0.115192,-0.0745
0.115196,-0.0745
0.1152,-0.0745
0.115204,-0.0745
0.115208,-0.0745
0.115212,-0.0745
0.115216,-0.0745
0.11522,-0.0745
0.115224,-0.0745
0.115228,-0.0745
0.115232,-0.0745
0.115236,-0.0745
0.11524,-0.0745
0.115244,-0.0745
0.115248,-0.0745
0.115252,-0.149
0.115256,-0.149
0.11526,-0.0745
0.115264,-0.0745
0.115268,-0.0745
0.115272,-0.0745
0.115276,-0.0745
0.11528,-0.0745
0.115284,-0.0745
0.115288,-0.0745
0.115292,-0.0745
0.115296,-0.0745
0.1153,-0.0745
0.115304,-0.0745
0.115308,-0.0745
0.115312,-0.0745
0.115316,-0.0745
0.11532,-0.149
0.115324,-0.149
0.115328,-0.149
0.115332,-0.0745
0.115336,-0.0745
0.11534,-0.0745
0.115344,-0.0745
0.115348,0.0
0.115352,-0.0745
0.115356,-0.0745
0.11536,-0.0745
0.115364,-0.0745
0.115368,-0.0745
0.115372,-0.0745
0.115376,-0.0745
0.11538,-0.149
0.115384,-0.0745
0.115388,-0.0745
0.115392,-0.0745
0.115396,-0.0745
0.1154,-0.0745
0.115404,-0.0745
0.115408,-0.0745
0.115412,-0.0745
0.115416,-0.0745
0.11542,-0.0745
0.115424,-0.0745
0.115428,-0.0745
0.115432,-0.0745
0.115436,-0.0745
0.11544,-0.0745
0.115444,-0.0745
0.115448,-0.0745
0.115452,-0.0745
0.115456,-0.0745
0.11546,-0.0745
0.115464,-0.0745
0.115468,-0.0745
0.115472,-0.0745
0.115476,-0.0745
0.11548,-0.0745
0.115484,-0.0745
0.115488,-0.0745
0.115492,-0.0745
0.115496,-0.0745
0.1155,0.0
0.115504,-0.0745
0.115508,-0.0745
0.115512,-0.0745
0.115516,-0.0745
0.11552,-0.0745
0.115524,-0.0745
0.115528,-0.0745
0.115532,-0.0745
0.115536,-0.0745
0.11554,-0.0745
0.115544,-0.149
0.115548,-0.0745
0.115552,-0.0745
0.115556,-0.0745
0.11556,-0.0745
0.115564,-0.0745
0.115568,0.0
0.115572,-0.0745
0.115576,-0.0745
0.11558,-0.0745
0.115584,-0.0745
0.115588,-0.0745
0.115592,-0.0745
0.115596,-0.0745
0.1156,-0.0745
0.115604,-0.0745
0.115608,-0.0745
0.115612,-0.0745
0.115616,-0.0745
0.11562,0.0
0.115624,-0.0745
0.115628,-0.0745
0.115632,-0.0745
0.115636,-0.0745
0.11564,0.0
0.115644,-0.0745
0.115648,-0.0745
0.115652,-0.0745
0.115656,-0.0745
0.11566,-0.0745
0.115664,-0.0745
0.115668,-0.0745
0.115672,-0.0745
0.115676,-0.0745
0.11568,-0.0745
0.115684,0.0
0.115688,-0.0745
0.115692,-0.0745
0.115696,0.0
0.1157,-0.0745
0.115704,-0.0745
0.115708,-0.0745
0.115712,-0.0745
0.115716,-0.0745
0.11572,-0.0745
0.115724,-0.0745
0.115728,-0.149
0.115732,-0.0745
0.115736,-0.0745
0.11574,-0.0745
0.115744,-0.0745
0.115748,-0.0745
0.115752,-0.0745
0.115756,-0.0745
0.11576,-0.0745
0.115764,0.0
0.115768,-0.0745
0.115772,-0.0745
0.115776,-0.0745
0.11578,-0.0745
0.115784,-0.0745
0.115788,-0.0745
0.115792,0.0
0.115796,-0.0745
0.1158,-0.0745
0.115804,-0.0745
0.115808,-0.0745
0.115812,-0.0745
0.115816,-0.0745
0.11582,-0.0745
0.115824,-0.0745
0.115828,-0.0745
0.115832,-0.0745
0.115836,-0.0745
0.11584,-0.0745
0.115844,-0.0745
0.115848,-0.0745
0.115852,-0.0745
0.115856,-0.0745
0.11586,-0.0745
0.115864,-0.0745
0.115868,-0.0745
0.115872,-0.0745
0.115876,-0.0745
0.11588,-0.0745
0.115884,-0.0745
0.115888,-0.0745
0.115892,-0.0745
0.115896,-0.0745
0.1159,-0.0745
0.115904,0.0
0.115908,-0.0745
0.115912,-0.0745
0.115916,-0.0745
0.11592,-0.0745
0.115924,-0.0745
0.115928,-0.0745
0.115932,-0.0745
0.115936,-0.149
0.11594,-0.0745
0.115944,-0.0745
0.115948,-0.0745
0.115952,0.0
0.115956,-0.0745
0.11596,-0.0745
0.115964,-0.0745
0.115968,-0.0745
0.115972,-0.0745
0.115976,-0.0745
0.11598,-0.0745
0.115984,-0.0745
0.115988,-0.0745
0.115992,-0.0745
0.115996,-0.0745
0.116,-0.0745
0.116004,-0.0745
0.116008,-0.0745
0.116012,-0.0745
0.116016,-0.0745
0.11602,-0.0745
0.116024,-0.0745
0.116028,-0.0745
0.116032,-0.0745
0.116036,0.0
0.11604,-0.0745
0.116044,-0.0745
0.116048,-0.0745
0.116052,-0.0745
0.116056,-0.0745
0.11606,-0.0745
0.116064,-0.0745
0.116068,-0.0745
0.116072,-0.0745
0.116076,-0.0745
0.11608,-0.0745
0.116084,-0.0745
0.116088,-0.0745
0.116092,-0.0745
0.116096,-0.0745
0.1161,0.0
0.116104,-0.0745
0.116108,-0.0745
0.116112,-0.0745
0.116116,-0.0745
0.11612,-0.0745
0.116124,-0.0745
0.116128,-0.0745
0.116132,-0.0745
0.116136,-0.0745
0.11614,-0.0745
0.116144,-0.0745
0.116148,-0.0745
0.116152,-0.0745
0.116156,-0.0745
0.11616,-0.0745
0.116164,-0.0745
0.116168,-0.0745
0.116172,-0.0745
0.116176,-0.0745
0.11618,-0.0745
0.116184,-0.0745
0.116188,0.0
0.116192,-0.0745
0.116196,-0.0745
0.1162,-0.0745
0.116204,-0.0745
0.116208,-0.0745
0.116212,-0.0745
0.116216,0.0
0.11622,-0.0745
0.116224,-0.0745
0.116228,-0.0745
0.116232,-0.0745
0.116236,-0.0745
0.11624,0.0
0.116244,-0.0745
0.116248,-0.0745
0.116252,-0.0745
0.116256,-0.0745
0.11626,-0.0745
0.116264,-0.0745
0.116268,-0.0745
0.116272,-0.0745
0.116276,-0.0745
0.11628,-0.0745
0.116284,-0.0745
0.116288,-0.149
0.116292,-0.0745
0.116296,-0.0745
0.1163,-0.0745
0.116304,-0.0745
0.116308,-0.0745
0.116312,-0.0745
0.116316,-0.0745
0.11632,-0.0745
0.116324,-0.0745
0.116328,-0.0745
0.116332,-0.0745
0.116336,-0.0745
0.11634,-0.0745
0.116344,-0.0745
0.116348,-0.0745
0.116352,-0.0745
0.116356,-0.0745
0.11636,-0.0745
0.116364,-0.0745
0.116368,-0.0745
0.116372,-0.0745
0.116376,-0.0745
0.11638,-0.0745
0.116384,-0.0745
0.116388,-0.0745
0.116392,-0.0745
0.116396,-0.0745
0.1164,-0.149
0.116404,-0.0745
0.116408,-0.0745
0.116412,-0.0745
0.116416,-0.149
0.11642,-0.0745
0.116424,-0.149
0.116428,-0.0745
0.116432,-0.0745
0.116436,-0.149
0.11644,-0.0745
0.116444,-0.0745
0.116448,-0.0745
0.116452,-0.0745
0.116456,-0.0745
0.11646,-0.0745
0.116464,-0.0745
0.116468,-0.0745
0.116472,-0.0745
0.116476,-0.0745
0.11648,-0.149
0.116484,-0.0745
0.116488,-0.0745
0.116492,-0.0745
0.116496,-0.149
0.1165,-0.0745
0.116504,-0.149
0.116508,-0.149
0.116512,-0.0745
0.116516,-0.149
0.11652,-0.149
0.116524,-0.0745
0.116528,-0.0745
0.116532,-0.149
0.116536,-0.0745
0.11654,-0.0745
0.116544,0.0
0.116548,-0.0745
0.116552,-0.0745
0.116556,-0.0745
0.11656,-0.0745
0.116564,-0.0745
0.116568,-0.0745
0.116572,-0.0745
0.116576,-0.0745
0.11658,-0.149
0.116584,-0.0745
0.116588,-0.149
0.116592,-0.149
0.116596,-0.149
0.1166,-0.149
0.116604,-0.0745
0.116608,-0.0745
0.116612,-0.0745
0.116616,-0.0745
0.11662,-0.0745
0.116624,-0.0745
0.116628,-0.0745
0.116632,-0.0745
0.116636,-0.0745
0.11664,-0.149
0.116644,-0.0745
0.116648,-0.0745
0.116652,-0.0745
0.116656,0.0
0.11666,-0.0745
0.116664,-0.0745
0.116668,-0.149
0.116672,-0.0745
0.116676,-0.0745
0.11668,-0.0745
0.116684,-0.149
0.116688,-0.149
0.116692,-0.0745
0.116696,-0.0745
0.1167,-0.0745
0.116704,-0.0745
0.116708,-0.0745
0.116712,-0.0745
0.116716,-0.149
0.11672,-0.0745
0.116724,-0.0745
0.116728,-0.149
0.116732,-0.0745
0.116736,-0.0745
0.11674,-0.0745
0.116744,-0.0745
0.116748,-0.0745
0.116752,-0.0745
0.116756,-0.0745
0.11676,-0.0745
0.116764,-0.0745
0.116768,-0.0745
0.116772,-0.0745
0.116776,-0.0745
0.11678,-0.0745
0.116784,-0.0745
0.116788,-0.0745
0.116792,-0.0745
0.116796,-0.0745
0.1168,-0.0745
0.116804,-0.0745
0.116808,-0.0745
0.116812,-0.0745
0.116816,-0.0745
0.11682,-0.0745
0.116824,-0.0745
0.116828,-0.0745
0.116832,-0.149
0.116836,-0.0745
0.11684,-0.0745
0.116844,-0.0745
0.116848,-0.0745
0.116852,-0.0745
0.116856,-0.0745
0.11686,-0.0745
0.116864,-0.0745
0.116868,-0.0745
0.116872,-0.0745
0.116876,-0.0745
0.11688,-0.0745
0.116884,-0.0745
0.116888,-0.0745
0.116892,-0.0745
0.116896,-0.0745
0.1169,-0.0745
0.116904,-0.0745
0.116908,-0.0745
0.116912,-0.0745
0.116916,-0.0745
0.11692,-0.0745
0.116924,-0.0745
0.116928,-0.0745
0.116932,-0.0745
0.116936,-0.0745
0.11694,-0.0745
0.116944,-0.0745
0.116948,-0.0745
0.116952,-0.0745
0.116956,0.0
0.11696,-0.0745
0.116964,-0.0745
0.116968,-0.0745
0.116972,-0.0745
0.116976,-0.0745
0.11698,-0.0745
0.116984,0.0
0.116988,-0.0745
0.116992,-0.0745
0.116996,-0.0745
0.117,-0.0745
0.117004,-0.0745
0.117008,-0.0745
0.117012,-0.0745
0.117016,-0.0745
0.11702,-0.0745
0.117024,-0.0745
0.117028,0.0
0.117032,-0.0745
0.117036,-0.0745
0.11704,-0.0745
0.117044,-0.0745
0.117048,-0.0745
0.117052,-0.0745
0.117056,-0.0745
0.11706,-0.0745
0.117064,-0.0745
0.117068,0.0
0.117072,-0.0745
0.117076,-0.0745
0.11708,-0.0745
0.117084,-0.0745
0.117088,-0.0745
0.117092,-0.0745
0.117096,-0.0745
0.1171,-0.0745
0.117104,-0.0745
0.117108,-0.0745
0.117112,-0.0745
0.117116,-0.0745
0.11712,-0.0745
0.117124,-0.0745
0.117128,-0.0745
0.117132,0.0
0.117136,-0.0745
0.11714,-0.0745
0.117144,-0.0745
0.117148,-0.0745
0.117152,-0.0745
0.117156,-0.0745
0.11716,-0.0745
0.117164,-0.0745
0.117168,-0.0745
0.117172,-0.0745
0.117176,-0.0745
0.11718,-0.0745
0.117184,0.0
0.117188,-0.0745
0.117192,-0.0745
0.117196,-0.0745
0.1172,-0.0745
0.117204,0.0
0.117208,-0.0745
0.117212,-0.0745
0.117216,0.0
0.11722,0.0
0.117224,0.0
0.117228,-0.0745
0.117232,-0.0745
0.117236,-0.0745
0.11724,-0.0745
0.117244,-0.0745
0.117248,-0.0745
0.117252,-0.0745
0.117256,-0.0745
0.11726,-0.0745
0.117264,0.0
0.117268,-0.0745
0.117272,-0.0745
0.117276,-0.0745
0.11728,-0.0745
0.117284,-0.0745
0.117288,0.0
0.117292,-0.0745
0.117296,-0.0745
0.1173,-0.0745
0.117304,-0.0745
0.117308,-0.0745
0.117312,-0.0745
0.117316,-0.0745
0.11732,-0.0745
0.117324,-0.0745
0.117328,-0.0745
0.117332,-0.0745
0.117336,-0.0745
0.11734,-0.0745
0.117344,-0.0745
0.117348,-0.0745
0.117352,-0.0745
0.117356,0.0
0.11736,-0.0745
0.117364,-0.0745
0.117368,-0.0745
0.117372,-0.0745
0.117376,-0.0745
0.11738,0.0
0.117384,-0.0745
0.117388,0.0
0.117392,-0.0745
0.117396,-0.0745
0.1174,-0.0745
0.117404,-0.0745
0.117408,0.0
0.117412,-0.0745
0.117416,0.0
0.11742,-0.0745
0.117424,-0.0745
0.117428,0.0
0.117432,0.0
0.117436,-0.0745
0.11744,-0.0745
0.117444,0.0
0.117448,0.0
0.117452,0.0
0.117456,0.0
0.11746,-0.0745
0.117464,-0.0745
0.117468,-0.0745
0.117472,0.0
0.117476,-0.0745
0.11748,-0.0745
0.117484,-0.0745
0.117488,-0.0745
0.117492,-0.0745
0.117496,0.0
0.1175,-0.0745
0.117504,-0.0745
0.117508,-0.0745
0.117512,0.0
0.117516,0.0
0.11752,-0.0745
0.117524,-0.0745
0.117528,-0.0745
0.117532,-0.0745
0.117536,-0.0745
0.11754,-0.0745
0.117544,-0.0745
0.117548,0.0
0.117552,0.0
0.117556,-0.0745
0.11756,0.0
0.117564,-0.0745
0.117568,-0.0745
0.117572,-0.0745
0.117576,0.0
0.11758,-0.0745
0.117584,-0.0745
0.117588,-0.0745
0.117592,-0.0745
0.117596,-0.0745
0.1176,-0.0745
0.117604,-0.0745
0.117608,-0.0745
0.117612,-0.0745
0.117616,0.0
0.11762,0.0
0.117624,-0.0745
0.117628,0.0
0.117632,-0.0745
0.117636,0.0
0.11764,0.0
0.117644,0.0
0.117648,0.0
0.117652,-0.0745
0.117656,-0.0745
0.11766,-0.0745
0.117664,0.0
0.117668,-0.0745
0.117672,-0.0745
0.117676,0.0
0.11768,0.0
0.117684,0.0
0.117688,-0.0745
0.117692,0.0
0.117696,-0.0745
0.1177,-0.0745
0.117704,-0.0745
0.117708,0.0
0.117712,0.0
0.117716,0.0
0.11772,0.0
0.117724,0.0
0.117728,-0.0745
0.117732,-0.0745
0.117736,0.0
0.11774,-0.0745
0.117744,-0.0745
0.117748,-0.0745
0.117752,0.0
0.117756,-0.0745
0.11776,0.0
0.117764,-0.0745
0.117768,-0.0745
0.117772,-0.0745
0.117776,-0.0745
0.11778,0.0
0.117784,-0.0745
0.117788,0.0
0.117792,-0.0745
0.117796,-0.0745
0.1178,-0.0745
0.117804,-0.0745
0.117808,0.0
0.117812,-0.0745
0.117816,0.0
0.11782,0.0
0.117824,-0.0745
0.117828,-0.0745
0.117832,0.0
0.117836,-0.0745
0.11784,-0.0745
0.117844,0.0
0.117848,-0.0745
0.117852,0.0
0.117856,0.0
0.11786,-0.0745
0.117864,-0.0745
0.117868,-0.0745
0.117872,-0.0745
0.117876,0.0
0.11788,0.0
0.117884,0.0
0.117888,-0.0745
0.117892,-0.0745
0.117896,-0.0745
0.1179,-0.0745
0.117904,-0.0745
0.117908,-0.0745
0.117912,-0.0745
0.117916,0.0
0.11792,-0.0745
0.117924,0.0
0.117928,-0.0745
0.117932,-0.0745
0.117936,0.0
0.11794,0.0
0.117944,-0.0745
0.117948,0.0
0.117952,0.0
0.117956,-0.0745
0.11796,-0.0745
0.117964,-0.0745
0.117968,0.0
0.117972,0.0
0.117976,0.0
0.11798,0.0
0.117984,0.0
0.117988,-0.0745
0.117992,-0.0745
0.117996,-0.0745
0.118,-0.0745
0.118004,0.0
0.118008,-0.0745
0.118012,-0.0745
0.118016,0.0
0.11802,-0.0745
0.118024,-0.0745
0.118028,-0.0745
0.118032,-0.0745
0.118036,-0.0745
0.11804,-0.0745
0.118044,0.0
0.118048,0.0
0.118052,0.0
0.118056,0.0
0.11806,-0.0745
0.118064,-0.0745
0.118068,-0.0745
0.118072,-0.0745
0.118076,0.0
0.11808,-0.0745
0.118084,-0.0745
0.118088,-0.0745
0.118092,0.0
0.118096,-0.0745
0.1181,0.0
0.118104,-0.0745
0.118108,0.0
0.118112,0.0
0.118116,0.0
0.11812,-0.0745
0.118124,0.0
0.118128,-0.0745
0.118132,-0.0745
0.118136,0.0
0.11814,-0.0745
0.118144,-0.0745
0.118148,-0.0745
0.118152,0.0
0.118156,-0.0745
0.11816,-0.0745
0.118164,-0.0745
0.118168,-0.0745
0.118172,0.0
0.118176,-0.0745
0.11818,-0.0745
0.118184,-0.0745
0.118188,-0.0745
0.118192,0.0
0.118196,-0.0745
0.1182,0.0
0.118204,-0.0745
0.118208,0.0
0.118212,0.0
0.118216,0.0
0.11822,0.0
0.118224,-0.0745
0.118228,0.0
0.118232,0.0
0.118236,0.0
0.11824,-0.0745
0.118244,-0.0745
0.118248,0.0
0.118252,0.0
0.118256,-0.0745
0.11826,-0.0745
0.118264,-0.0745
0.118268,0.0
0.118272,-0.0745
0.118276,0.0
0.11828,-0.0745
0.118284,-0.0745
0.118288,0.0
0.118292,-0.0745
0.118296,-0.0745
0.1183,0.0
0.118304,-0.0745
0.118308,0.0
0.118312,-0.0745
0.118316,-0.0745
0.11832,-0.0745
0.118324,0.0
0.118328,0.0
0.118332,-0.0745
0.118336,-0.0745
0.11834,-0.0745
0.118344,-0.0745
0.118348,-0.0745
0.118352,-0.0745
0.118356,-0.0745
0.11836,0.0
0.118364,-0.0745
0.118368,-0.0745
0.118372,-0.0745
0.118376,-0.0745
0.11838,-0.0745
0.118384,-0.0745
0.118388,-0.0745
0.118392,-0.0745
0.118396,-0.0745
0.1184,-0.0745
0.118404,0.0
0.118408,0.0
0.118412,-0.0745
0.118416,-0.0745
0.11842,0.0
0.118424,0.0
0.118428,-0.0745
0.118432,0.0
0.118436,-0.0745
0.11844,-0.0745
0.118444,-0.0745
0.118448,-0.0745
0.118452,-0.0745
0.118456,0.0
0.11846,-0.0745
0.118464,0.0
0.118468,0.0
0.118472,-0.0745
0.118476,0.0
0.11848,0.0
0.118484,-0.0745
0.118488,-0.0745
0.118492,-0.0745
0.118496,-0.0745
0.1185,-0.0745
0.118504,-0.0745
0.118508,-0.0745
0.118512,0.0
0.118516,0.0
0.11852,-0.0745
0.118524,-0.0745
0.118528,-0.0745
0.118532,-0.0745
0.118536,0.0
0.11854,0.0
0.118544,0.0
0.118548,-0.0745
0.118552,-0.0745
0.118556,-0.0745
0.11856,0.0
0.118564,-0.0745
0.118568,-0.0745
0.118572,-0.0745
0.118576,0.0
0.11858,-0.0745
0.118584,-0.0745
0.118588,-0.0745
0.118592,-0.0745
0.118596,0.0
0.1186,-0.0745
0.118604,-0.0745
0.118608,-0.0745
0.118612,0.0
0.118616,-0.0745
0.11862,-0.0745
0.118624,-0.0745
0.118628,-0.0745
0.118632,-0.0745
0.118636,0.0
0.11864,-0.0745
0.118644,0.0
0.118648,-0.0745
0.118652,-0.0745
0.118656,0.0
0.11866,-0.0745
0.118664,0.0
0.118668,-0.0745
0.118672,-0.0745
0.118676,-0.0745
0.11868,-0.0745
0.118684,-0.0745
0.118688,-0.0745
0.118692,0.0
0.118696,-0.0745
0.1187,-0.0745
0.118704,0.0
0.118708,-0.0745
0.118712,-0.0745
0.118716,-0.0745
0.11872,-0.0745
0.118724,0.0
0.118728,-0.0745
0.118732,0.0
0.118736,-0.0745
0.11874,-0.0745
0.118744,0.0
0.118748,0.0
0.118752,-0.0745
0.118756,-0.0745
0.11876,0.0
0.118764,-0.0745
0.118768,-0.0745
0.118772,0.0
0.118776,-0.0745
0.11878,0.0
0.118784,-0.0745
0.118788,-0.0745
0.118792,-0.0745
0.118796,-0.0745
0.1188,-0.0745
0.118804,-0.0745
0.118808,0.0
0.118812,-0.0745
0.118816,-0.0745
0.11882,-0.0745
0.118824,-0.0745
0.118828,-0.0745
0.118832,-0.0745
0.118836,-0.0745
0.11884,-0.0745
0.118844,-0.0745
0.118848,-0.0745
0.118852,-0.0745
0.118856,-0.0745
0.11886,0.0
0.118864,-0.0745
0.118868,-0.0745
0.118872,-0.0745
0.118876,-0.0745
0.11888,-0.0745
0.118884,-0.0745
0.118888,-0.0745
0.118892,-0.0745
0.118896,-0.0745
0.1189,-0.0745
0.118904,-0.0745
0.118908,-0.0745
0.118912,-0.0745
0.118916,-0.0745
0.11892,-0.0745
0.118924,-0.0745
0.118928,-0.0745
0.118932,-0.0745
0.118936,-0.0745
0.11894,-0.0745
0.118944,-0.0745
0.118948,-0.0745
0.118952,-0.0745
0.118956,-0.0745
0.11896,-0.0745
0.118964,-0.0745
0.118968,-0.0745
0.118972,-0.0745
0.118976,-0.0745
0.11898,-0.0745
0.118984,-0.0745
0.118988,-0.0745
0.118992,-0.0745
0.118996,-0.0745
0.119,-0.0745
0.119004,-0.0745
0.119008,-0.0745
0.119012,-0.0745
0.119016,-0.0745
0.11902,-0.0745
0.119024,-0.0745
0.119028,-0.0745
0.119032,-0.0745
0.119036,-0.0745
0.11904,-0.0745
0.119044,-0.0745
0.119048,-0.0745
0.119052,-0.0745
0.119056,-0.0745
0.11906,-0.149
0.119064,-0.149
0.119068,-0.0745
0.119072,-0.0745
0.119076,-0.149
0.11908,-0.0745
0.119084,-0.0745
0.119088,-0.0745
0.119092,-0.149
0.119096,-0.0745
0.1191,-0.149
0.119104,-0.149
0.119108,-0.0745
0.119112,-0.0745
0.119116,-0.0745
0.11912,-0.0745
0.119124,-0.0745
0.119128,-0.0745
0.119132,-0.0745
0.119136,-0.0745
0.11914,-0.149
0.119144,-0.0745
0.119148,-0.0745
0.119152,-0.0745
0.119156,-0.0745
0.11916,-0.0745
0.119164,-0.149
0.119168,-0.0745
0.119172,-0.0745
0.119176,-0.0745
0.11918,-0.0745
0.119184,-0.149
0.119188,-0.0745
0.119192,-0.0745
0.119196,-0.0745
0.1192,-0.0745
0.119204,-0.0745
0.119208,-0.0745
0.119212,-0.0745
0.119216,-0.149
0.11922,-0.0745
0.119224,-0.0745
0.119228,-0.0745
0.119232,-0.0745
0.119236,-0.0745
0.11924,-0.0745
0.119244,-0.149
0.119248,-0.149
0.119252,-0.0745
0.119256,-0.0745
0.11926,-0.0745
0.119264,-0.0745
0.119268,-0.0745
0.119272,-0.0745
0.119276,-0.0745
0.11928,-0.149
0.119284,-0.0745
0.119288,-0.149
0.119292,-0.0745
0.119296,-0.0745
0.1193,-0.0745
0.119304,-0.0745
0.119308,-0.0745
0.119312,-0.0745
0.119316,-0.0745
0.11932,-0.0745
0.119324,-0.0745
0.119328,-0.149
0.119332,-0.0745
0.119336,-0.0745
0.11934,-0.0745
0.119344,-0.0745
0.119348,-0.0745
0.119352,-0.0745
0.119356,-0.0745
0.11936,-0.0745
0.119364,-0.0745
0.119368,-0.0745
0.119372,-0.0745
0.119376,-0.0745
0.11938,-0.0745
0.119384,-0.149
0.119388,-0.0745
0.119392,-0.0745
0.119396,-0.0745
0.1194,-0.0745
0.119404,-0.0745
0.119408,-0.0745
0.119412,-0.149
0.119416,-0.149
0.11942,-0.0745
0.119424,-0.149
0.119428,-0.149
0.119432,-0.149
0.119436,-0.0745
0.11944,-0.0745
0.119444,-0.149
0.119448,-0.0745
0.119452,-0.0745
0.119456,-0.149
0.11946,-0.0745
0.119464,-0.0745
0.119468,-0.149
0.119472,-0.0745
0.119476,-0.0745
0.11948,-0.0745
0.119484,-0.0745
0.119488,-0.0745
0.119492,-0.0745
0.119496,-0.149
0.1195,-0.0745
0.119504,-0.149
0.119508,-0.0745
0.119512,-0.149
0.119516,-0.0745
0.11952,-0.149
0.119524,-0.149
0.119528,-0.0745
0.119532,-0.149
0.119536,-0.0745
0.11954,-0.0745
0.119544,-0.149
0.119548,-0.0745
0.119552,-0.0745
0.119556,-0.149
0.11956,-0.149
0.119564,-0.0745
0.119568,-0.149
0.119572,-0.149
0.119576,-0.149
0.11958,-0.0745
0.119584,-0.149
0.119588,-0.149
0.119592,-0.0745
0.119596,-0.0745
0.1196,-0.149
0.119604,-0.149
0.119608,-0.0745
0.119612,-0.149
0.119616,-0.0745
0.11962,-0.0745
0.119624,-0.0745
0.119628,-0.0745
0.119632,-0.0745
0.119636,-0.149
0.11964,-0.0745
0.119644,-0.0745
0.119648,-0.0745
0.119652,-0.0745
0.119656,-0.0745
0.11966,-0.149
0.119664,-0.149
0.119668,-0.149
0.119672,-0.149
0.119676,-0.0745
0.11968,-0.149
0.119684,-0.149
0.119688,-0.149
0.119692,-0.0745
0.119696,-0.149
0.1197,-0.149
0.119704,-0.149
0.119708,-0.149
0.119712,-0.149
0.119716,-0.149
0.11972,-0.149
0.119724,-0.149
0.119728,-0.149
0.119732,-0.149
0.119736,-0.149
0.11974,-0.149
0.119744,-0.149
0.119748,-0.149
0.119752,-0.149
0.119756,-0.149
0.11976,-0.149
0.119764,-0.0745
0.119768,-0.0745
0.119772,-0.0745
0.119776,-0.149
0.11978,-0.149
0.119784,-0.0745
0.119788,-0.149
0.119792,-0.149
0.119796,-0.149
0.1198,-0.149
0.119804,-0.149
0.119808,-0.149
0.119812,-0.149
0.119816,-0.149
0.11982,-0.149
0.119824,-0.149
0.119828,-0.149
0.119832,-0.149
0.119836,-0.149
0.11984,-0.149
0.119844,-0.0745
0.119848,-0.149
0.119852,-0.149
0.119856,-0.149
0.11986,-0.149
0.119864,-0.0745
0.119868,-0.149
0.119872,-0.149
0.119876,-0.149
0.11988,-0.149
0.119884,-0.149
0.119888,-0.0745
0.119892,-0.149
0.119896,-0.149
0.1199,-0.149
0.119904,-0.0745
0.119908,-0.149
0.119912,-0.149
0.119916,-0.149
0.11992,-0.149
0.119924,-0.149
0.119928,-0.149
0.119932,-0.149
0.119936,-0.149
0.11994,-0.149
0.119944,-0.149
0.119948,-0.0745
0.119952,-0.149
0.119956,-0.149
0.11996,-0.0745
0.119964,-0.149
0.119968,-0.149
0.119972,-0.149
0.119976,-0.149
0.11998,-0.149
0.119984,-0.0745
0.119988,-0.149
0.119992,-0.149
0.119996,-0.0745
0.12,-0.149
0.120004,-0.149
0.120008,-0.149
0.120012,-0.149
0.120016,-0.0745
0.12002,-0.0745
0.120024,-0.149
0.120028,-0.149
0.120032,-0.149
0.120036,-0.149
0.12004,-0.0745
0.120044,-0.149
0.120048,-0.149
0.120052,-0.0745
0.120056,-0.149
0.12006,-0.149
0.120064,-0.0745
0.120068,-0.0745
0.120072,-0.0745
0.120076,-0.0745
0.12008,-0.149
0.120084,-0.149
0.120088,-0.149
0.120092,-0.149
0.120096,-0.0745
0.1201,-0.149
0.120104,-0.0745
0.120108,-0.149
0.120112,-0.0745
0.120116,-0.149
0.12012,-0.149
0.120124,-0.149
0.120128,-0.149
0.120132,-0.149
0.120136,-0.149
0.12014,-0.149
0.120144,-0.0745
0.120148,-0.149
0.120152,-0.0745
0.120156,-0.149
0.12016,-0.149
0.120164,-0.0745
0.120168,-0.149
0.120172,-0.149
0.120176,-0.149
0.12018,-0.149
0.120184,-0.149
0.120188,-0.149
0.120192,-0.149
0.120196,-0.149
0.1202,-0.0745
0.120204,-0.149
0.120208,-0.149
0.120212,-0.149
0.120216,-0.0745
0.12022,-0.149
0.120224,-0.149
0.120228,-0.149
0.120232,-0.149
0.120236,-0.149
0.12024,-0.149
0.120244,-0.149
0.120248,-0.149
0.120252,-0.149
0.120256,-0.149
0.12026,-0.149
0.120264,-0.149
0.120268,-0.149
0.120272,-0.149
0.120276,-0.149
0.12028,-0.149
0.120284,-0.149
0.120288,-0.149
0.120292,-0.149
0.120296,-0.149
0.1203,-0.149
0.120304,-0.149
0.120308,-0.149
0.120312,-0.149
0.120316,-0.149
0.12032,-0.149
0.120324,-0.149
0.120328,-0.149
0.120332,-0.149
0.120336,-0.149
0.12034,-0.149
0.120344,-0.149
0.120348,-0.149
0.120352,-0.149
0.120356,-0.149
0.12036,-0.149
0.120364,-0.0745
0.120368,-0.149
0.120372,-0.149
0.120376,-0.149
0.12038,-0.149
0.120384,-0.0745
0.120388,-0.149
0.120392,-0.149
0.120396,-0.0745
0.1204,-0.149
0.120404,-0.149
0.120408,-0.149
0.120412,-0.149
0.120416,-0.149
0.12042,-0.0745
0.120424,-0.149
0.120428,-0.149
0.120432,-0.149
0.120436,-0.149
0.12044,-0.149
0.120444,-0.149
0.120448,-0.149
0.120452,-0.149
0.120456,-0.149
0.12046,-0.149
0.120464,-0.0745
0.120468,-0.149
0.120472,-0.149
0.120476,-0.149
0.12048,-0.149
0.120484,-0.149
0.120488,-0.149
0.120492,-0.149
0.120496,-0.149
0.1205,-0.149
0.120504,-0.0745
0.120508,-0.149
0.120512,-0.149
0.120516,-0.0745
0.12052,-0.149
0.120524,-0.149
0.120528,-0.149
0.120532,-0.149
0.120536,-0.149
0.12054,-0.149
0.120544,-0.149
0.120548,-0.149
0.120552,-0.149
0.120556,-0.0745
0.12056,-0.149
0.120564,-0.0745
0.120568,-0.0745
0.120572,-0.149
0.120576,-0.149
0.12058,-0.149
0.120584,-0.149
0.120588,-0.149
0.120592,-0.149
0.120596,-0.149
0.1206,-0.149
0.120604,-0.149
0.120608,-0.149
0.120612,-0.149
0.120616,-0.149
0.12062,-0.149
0.120624,-0.0745
0.120628,-0.149
0.120632,-0.149
0.120636,-0.0745
0.12064,-0.0745
0.120644,-0.0745
0.120648,-0.149
0.120652,-0.149
0.120656,-0.149
0.12066,-0.149
0.120664,-0.149
0.120668,-0.149
0.120672,-0.149
0.120676,-0.0745
0.12068,-0.149
0.120684,-0.149
0.120688,-0.0745
0.120692,-0.149
0.120696,-0.0745
0.1207,-0.149
0.120704,-0.149
0.120708,-0.0745
0.120712,-0.149
0.120716,-0.149
0.12072,-0.149
0.120724,-0.149
0.120728,-0.0745
0.120732,-0.0745
0.120736,-0.149
0.12074,-0.0745
0.120744,-0.149
0.120748,-0.149
0.120752,-0.0745
0.120756,-0.0745
0.12076,-0.149
0.120764,-0.149
0.120768,-0.149
0.120772,-0.149
0.120776,-0.0745
0.12078,-0.0745
0.120784,-0.149
0.120788,-0.149
0.120792,-0.149
0.120796,-0.149
0.1208,-0.149
0.120804,-0.149
0.120808,-0.0745
0.120812,-0.149
0.120816,-0.149
0.12082,-0.149
0.120824,-0.149
0.120828,-0.149
0.120832,-0.149
0.120836,-0.0745
0.12084,-0.149
0.120844,-0.0745
0.120848,-0.0745
0.120852,-0.0745
0.120856,-0.0745
0.12086,-0.0745
0.120864,-0.149
0.120868,-0.149
0.120872,-0.149
0.120876,-0.149
0.12088,-0.149
0.120884,-0.149
0.120888,-0.149
0.120892,-0.149
0.120896,-0.149
0.1209,-0.149
0.120904,-0.0745
0.120908,-0.0745
0.120912,-0.149
0.120916,-0.0745
0.12092,-0.149
0.120924,-0.0745
0.120928,-0.149
0.120932,-0.149
0.120936,-0.149
0.12094,-0.149
0.120944,-0.149
0.120948,-0.149
0.120952,-0.0745
0.120956,-0.149
0.12096,-0.0745
0.120964,-0.0745
0.120968,-0.149
0.120972,-0.149
0.120976,-0.0745
0.12098,-0.149
0.120984,-0.149
0.120988,-0.149
0.120992,-0.149
0.120996,-0.149
0.121,-0.0745
0.121004,-0.149
0.121008,-0.0745
0.121012,-0.0745
0.121016,-0.149
0.12102,-0.0745
0.121024,-0.149
0.121028,-0.149
0.121032,-0.149
0.121036,-0.149
0.12104,-0.149
0.121044,-0.149
0.121048,-0.149
0.121052,-0.0745
0.121056,-0.0745
0.12106,-0.149
0.121064,-0.0745
0.121068,-0.149
0.121072,-0.149
0.121076,-0.0745
0.12108,-0.0745
0.121084,-0.149
0.121088,-0.149
0.121092,-0.149
0.121096,-0.0745
0.1211,-0.149
0.121104,-0.149
0.121108,-0.149
0.121112,-0.149
0.121116,-0.0745
0.12112,-0.149
0.121124,-0.149
0.121128,-0.0745
0.121132,-0.149
0.121136,-0.149
0.12114,-0.149
0.121144,-0.0745
0.121148,-0.149
0.121152,-0.149
0.121156,-0.0745
0.12116,-0.149
0.121164,-0.149
0.121168,-0.0745
0.121172,-0.0745
0.121176,-0.149
0.12118,-0.149
0.121184,-0.149
0.121188,-0.149
0.121192,-0.0745
0.121196,-0.0745
0.1212,-0.0745
0.121204,-0.149
0.121208,-0.149
0.121212,-0.0745
0.121216,-0.149
0.12122,-0.0745
0.121224,-0.0745
0.121228,-0.149
0.121232,-0.0745
0.121236,-0.0745
0.12124,-0.0745
0.121244,-0.0745
0.121248,-0.0745
0.121252,-0.149
0.121256,-0.0745
0.12126,-0.149
0.121264,-0.0745
0.121268,-0.0745
0.121272,-0.0745
0.121276,-0.149
0.12128,-0.0745
0.121284,-0.149
0.121288,-0.149
0.121292,-0.0745
0.121296,-0.149
0.1213,-0.0745
0.121304,-0.149
0.121308,-0.0745
0.121312,-0.149
0.121316,-0.149
0.12132,-0.149
0.121324,-0.149
0.121328,-0.0745
0.121332,-0.149
0.121336,-0.0745
0.12134,-0.0745
0.121344,-0.149
0.121348,-0.0745
0.121352,-0.0745
0.121356,-0.0745
0.12136,-0.149
0.121364,-0.0745
0.121368,-0.0745
0.121372,-0.0745
0.121376,-0.149
0.12138,-0.149
0.121384,-0.0745
0.121388,-0.149
0.121392,-0.149
0.121396,-0.0745
0.1214,-0.149
0.121404,-0.149
0.121408,-0.0745
0.121412,-0.0745
0.121416,-0.0745
0.12142,-0.149
0.121424,-0.149
0.121428,-0.149
0.121432,-0.0745
0.121436,-0.0745
0.12144,-0.149
0.121444,-0.0745
0.121448,-0.0745
0.121452,-0.0745
0.121456,-0.149
0.12146,-0.0745
0.121464,-0.0745
0.121468,-0.0745
0.121472,-0.0745
0.121476,-0.0745
0.12148,-0.0745
0.121484,-0.0745
0.121488,-0.149
0.121492,-0.0745
0.121496,-0.0745
0.1215,-0.0745
0.121504,-0.149
0.121508,-0.149
0.121512,-0.0745
0.121516,-0.0745
0.12152,-0.149
0.121524,-0.0745
0.121528,-0.0745
0.121532,-0.149
0.121536,-0.0745
0.12154,-0.149
0.121544,-0.0745
0.121548,-0.0745
0.121552,-0.149
0.121556,-0.0745
0.12156,-0.0745
0.121564,-0.149
0.121568,-0.0745
0.121572,-0.149
0.121576,-0.0745
0.12158,-0.149
0.121584,-0.149
0.121588,-0.149
0.121592,-0.0745
0.121596,-0.149
0.1216,-0.0745
0.121604,-0.0745
0.121608,-0.0745
0.121612,-0.0745
0.121616,-0.0745
0.12162,-0.149
0.121624,-0.0745
0.121628,-0.149
0.121632,-0.0745
0.121636,-0.149
0.12164,-0.0745
0.121644,-0.0745
0.121648,-0.0745
0.121652,-0.0745
0.121656,-0.0745
0.12166,-0.149
0.121664,-0.149
0.121668,-0.0745
0.121672,-0.0745
0.121676,-0.0745
0.12168,-0.149
0.121684,-0.0745
0.121688,-0.149
0.121692,-0.149
0.121696,-0.149
0.1217,-0.0745
0.121704,-0.0745
0.121708,-0.149
0.121712,-0.149
0.121716,-0.149
0.12172,-0.0745
0.121724,-0.0745
0.121728,-0.0745
0.121732,-0.0745
0.121736,-0.0745
0.12174,-0.0745
0.121744,-0.0745
0.121748,-0.0745
0.121752,-0.0745
0.121756,-0.0745
0.12176,-0.149
0.121764,-0.0745
0.121768,-0.0745
0.121772,-0.0745
0.121776,-0.149
0.12178,-0.149
0.121784,-0.0745
0.121788,-0.0745
0.121792,-0.0745
0.121796,-0.0745
0.1218,-0.0745
0.121804,-0.0745
0.121808,-0.149
0.121812,-0.149
0.121816,-0.0745
0.12182,-0.0745
0.121824,-0.0745
0.121828,-0.0745
0.121832,-0.0745
0.121836,-0.0745
0.12184,-0.149
0.121844,-0.0745
0.121848,-0.0745
0.121852,-0.0745
0.121856,-0.149
0.12186,-0.0745
0.121864,-0.149
0.121868,-0.149
0.121872,-0.149
0.121876,-0.0745
0.12188,-0.0745
0.121884,-0.0745
0.121888,-0.0745
0.121892,-0.0745
0.121896,-0.0745
0.1219,-0.149
0.121904,-0.149
0.121908,-0.0745
0.121912,0.0
0.121916,-0.0745
0.12192,-0.0745
0.121924,-0.0745
0.121928,-0.0745
0.121932,-0.149
0.121936,-0.0745
0.12194,-0.0745
0.121944,-0.0745
0.121948,-0.0745
0.121952,-0.0745
0.121956,-0.0745
0.12196,-0.0745
0.121964,-0.0745
0.121968,-0.0745
0.121972,-0.0745
0.121976,-0.0745
0.12198,-0.149
0.121984,-0.0745
0.121988,-0.149
0.121992,-0.149
0.121996,-0.0745
0.122,-0.0745
0.122004,-0.149
0.122008,-0.0745
0.122012,-0.149
0.122016,-0.0745
0.12202,-0.149
0.122024,-0.0745
0.122028,-0.149
0.122032,-0.149
0.122036,-0.0745
0.12204,-0.0745
0.122044,-0.149
0.122048,-0.0745
0.122052,-0.149
0.122056,-0.0745
0.12206,-0.149
0.122064,-0.0745
0.122068,-0.149
0.122072,-0.0745
0.122076,-0.0745
0.12208,-0.149
0.122084,-0.0745
0.122088,-0.0745
0.122092,-0.0745
0.122096,-0.0745
0.1221,-0.149
0.122104,-0.149
0.122108,-0.149
0.122112,-0.0745
0.122116,-0.0745
0.12212,-0.149
0.122124,-0.149
0.122128,-0.0745
0.122132,-0.0745
0.122136,-0.149
0.12214,-0.149
0.122144,-0.149
0.122148,-0.149
0.122152,-0.0745
0.122156,-0.0745
0.12216,-0.149
0.122164,-0.149
0.122168,-0.149
0.122172,-0.0745
0.122176,-0.0745
0.12218,-0.0745
0.122184,-0.0745
0.122188,-0.149
0.122192,-0.149
0.122196,-0.149
0.1222,-0.149
0.122204,-0.0745
0.122208,-0.0745
0.122212,-0.0745
0.122216,-0.149
0.12222,-0.149
0.122224,-0.0745
0.122228,-0.149
0.122232,-0.149
0.122236,-0.0745
0.12224,-0.149
0.122244,-0.149
0.122248,-0.0745
0.122252,-0.149
0.122256,-0.149
0.12226,-0.149
0.122264,-0.149
0.122268,-0.149
0.122272,-0.149
0.122276,-0.0745
0.12228,-0.149
0.122284,-0.0745
0.122288,-0.149
0.122292,-0.149
0.122296,-0.0745
0.1223,-0.0745
0.122304,-0.0745
0.122308,-0.149
0.122312,-0.149
0.122316,-0.149
0.12232,-0.149
0.122324,-0.0745
0.122328,-0.149
0.122332,-0.149
0.122336,-0.0745
0.12234,-0.149
0.122344,-0.149
0.122348,-0.149
0.122352,-0.0745
0.122356,-0.149
0.12236,-0.149
0.122364,-0.149
0.122368,-0.0745
0.122372,-0.0745
0.122376,-0.0745
0.12238,-0.149
0.122384,-0.0745
0.122388,-0.0745
0.122392,-0.149
0.122396,-0.149
0.1224,-0.149
0.122404,-0.149
0.122408,-0.149
0.122412,-0.149
0.122416,-0.149
0.12242,-0.149
0.122424,-0.149
0.122428,-0.149
0.122432,-0.149
0.122436,-0.149
0.12244,-0.149
0.122444,-0.149
0.122448,-0.0745
0.122452,-0.149
0.122456,-0.149
0.12246,-0.149
0.122464,-0.149
0.122468,-0.149
0.122472,-0.149
0.122476,-0.149
0.12248,-0.149
0.122484,-0.149
0.122488,-0.149
0.122492,-0.149
0.122496,-0.0745
0.1225,-0.149
0.122504,-0.0745
0.122508,-0.149
0.122512,-0.149
0.122516,-0.149
0.12252,-0.149
0.122524,-0.149
0.122528,-0.149
0.122532,-0.149
0.122536,-0.149
0.12254,-0.149
0.122544,-0.149
0.122548,-0.149
0.122552,-0.149
0.122556,-0.149
0.12256,-0.149
0.122564,-0.149
0.122568,-0.149
0.122572,-0.149
0.122576,-0.149
0.12258,-0.149
0.122584,-0.0745
0.122588,-0.149
0.122592,-0.22349999999999998
0.122596,-0.149
0.1226,-0.149
0.122604,-0.149
0.122608,-0.149
0.122612,-0.149
0.122616,-0.149
0.12262,-0.149
0.122624,-0.149
0.122628,-0.149
0.122632,-0.149
0.122636,-0.0745
0.12264,-0.149
0.122644,-0.149
0.122648,-0.149
0.122652,-0.149
0.122656,-0.149
0.12266,-0.149
0.122664,-0.149
0.122668,-0.149
0.122672,-0.149
0.122676,-0.149
0.12268,-0.149
0.122684,-0.149
0.122688,-0.149
0.122692,-0.149
0.122696,-0.149
0.1227,-0.149
0.122704,-0.0745
0.122708,-0.149
0.122712,-0.149
0.122716,-0.149
0.12272,-0.149
0.122724,-0.22349999999999998
0.122728,-0.22349999999999998
0.122732,-0.149
0.122736,-0.149
0.12274,-0.149
0.122744,-0.149
0.122748,-0.149
0.122752,-0.149
0.122756,-0.149
0.12276,-0.149
0.122764,-0.149
0.122768,-0.149
0.122772,-0.149
0.122776,-0.149
0.12278,-0.149
0.122784,-0.149
0.122788,-0.149
0.122792,-0.149
0.122796,-0.149
0.1228,-0.149
0.122804,-0.149
0.122808,-0.149
0.122812,-0.149
0.122816,-0.149
0.12282,-0.149
0.122824,-0.149
0.122828,-0.149
0.122832,-0.149
0.122836,-0.149
0.12284,-0.149
0.122844,-0.149
0.122848,-0.149
0.122852,-0.149
0.122856,-0.149
0.12286,-0.0745
0.122864,-0.149
0.122868,-0.149
0.122872,-0.22349999999999998
0.122876,-0.149
0.12288,-0.149
0.122884,-0.149
0.122888,-0.149
0.122892,-0.149
0.122896,-0.149
0.1229,-0.149
0.122904,-0.149
0.122908,-0.149
0.122912,-0.149
0.122916,-0.149
0.12292,-0.149
0.122924,-0.149
0.122928,-0.149
0.122932,-0.149
0.122936,-0.149
0.12294,-0.149
0.122944,-0.149
0.122948,-0.0745
0.122952,-0.149
0.122956,-0.149
0.12296,-0.0745
0.122964,-0.149
0.122968,-0.149
0.122972,-0.149
0.122976,-0.149
0.12298,-0.149
0.122984,-0.149
0.122988,-0.149
0.122992,-0.149
0.122996,-0.149
0.123,-0.149
0.123004,-0.149
0.123008,-0.149
0.123012,-0.149
0.123016,-0.149
0.12302,-0.149
0.123024,-0.149
0.123028,-0.22349999999999998
0.123032,-0.149
0.123036,-0.149
0.12304,-0.149
0.123044,-0.149
0.123048,-0.149
0.123052,-0.149
0.123056,-0.149
0.12306,-0.22349999999999998
0.123064,-0.149
0.123068,-0.149
0.123072,-0.149
0.123076,-0.149
0.12308,-0.149
0.123084,-0.149
0.123088,-0.149
0.123092,-0.22349999999999998
0.123096,-0.149
0.1231,-0.149
0.123104,-0.22349999999999998
0.123108,-0.149
0.123112,-0.149
0.123116,-0.149
0.12312,-0.149
0.123124,-0.149
0.123128,-0.149
0.123132,-0.149
0.123136,-0.149
0.12314,-0.149
0.123144,-0.149
0.123148,-0.149
0.123152,-0.22349999999999998
0.123156,-0.149
0.12316,-0.149
0.123164,-0.149
0.123168,-0.149
0.123172,-0.149
0.123176,-0.149
0.12318,-0.149
0.123184,-0.149
0.123188,-0.149
0.123192,-0.149
0.123196,-0.149
0.1232,-0.149
0.123204,-0.149
0.123208,-0.149
0.123212,-0.22349999999999998
0.123216,-0.149
0.12322,-0.0745
0.123224,-0.149
0.123228,-0.149
0.123232,-0.149
0.123236,-0.149
0.12324,-0.149
0.123244,-0.149
0.123248,-0.149
0.123252,-0.149
0.123256,-0.149
0.12326,-0.149
0.123264,-0.22349999999999998
0.123268,-0.149
0.123272,-0.149
0.123276,-0.149
0.12328,-0.149
0.123284,-0.149
0.123288,-0.149
0.123292,-0.149
0.123296,-0.149
0.1233,-0.149
0.123304,-0.149
0.123308,-0.149
0.123312,-0.149
0.123316,-0.149
0.12332,-0.149
0.123324,-0.149
0.123328,-0.149
0.123332,-0.149
0.123336,-0.149
0.12334,-0.149
0.123344,-0.149
0.123348,-0.149
0.123352,-0.149
0.123356,-0.149
0.12336,-0.149
0.123364,-0.149
0.123368,-0.149
0.123372,-0.149
0.123376,-0.149
0.12338,-0.149
0.123384,-0.149
0.123388,-0.149
0.123392,-0.149
0.123396,-0.149
0.1234,-0.149
0.123404,-0.149
0.123408,-0.149
0.123412,-0.149
0.123416,-0.149
0.12342,-0.149
0.123424,-0.149
0.123428,-0.149
0.123432,-0.149
0.123436,-0.149
0.12344,-0.149
0.123444,-0.149
0.123448,-0.149
0.123452,-0.0745
0.123456,-0.149
0.12346,-0.149
0.123464,-0.149
0.123468,-0.149
0.123472,-0.149
0.123476,-0.149
0.12348,-0.149
0.123484,-0.149
0.123488,-0.149
0.123492,-0.149
0.123496,-0.149
0.1235,-0.149
0.123504,-0.149
0.123508,-0.149
0.123512,-0.149
0.123516,-0.149
0.12352,-0.149
0.123524,-0.149
0.123528,-0.149
0.123532,-0.149
0.123536,-0.149
0.12354,-0.149
0.123544,-0.149
0.123548,-0.149
0.123552,-0.149
0.123556,-0.22349999999999998
0.12356,-0.149
0.123564,-0.149
0.123568,-0.149
0.123572,-0.0745
0.123576,-0.149
0.12358,-0.149
0.123584,-0.149
0.123588,-0.149
0.123592,-0.22349999999999998
0.123596,-0.149
0.1236,-0.0745
0.123604,-0.149
0.123608,-0.149
0.123612,-0.149
0.123616,-0.149
0.12362,-0.149
0.123624,-0.149
0.123628,-0.149
0.123632,-0.149
0.123636,-0.149
0.12364,-0.149
0.123644,-0.149
0.123648,-0.149
0.123652,-0.149
0.123656,-0.149
0.12366,-0.149
0.123664,-0.149
0.123668,-0.149
0.123672,-0.149
0.123676,-0.149
0.12368,-0.149
0.123684,-0.149
0.123688,-0.149
0.123692,-0.149
0.123696,-0.149
0.1237,-0.0745
0.123704,-0.149
0.123708,-0.149
0.123712,-0.149
0.123716,-0.149
0.12372,-0.0745
0.123724,-0.149
0.123728,-0.149
0.123732,-0.149
0.123736,-0.149
0.12374,-0.149
0.123744,-0.149
0.123748,-0.149
0.123752,-0.149
0.123756,-0.149
0.12376,-0.149
0.123764,-0.149
0.123768,-0.149
0.123772,-0.149
0.123776,-0.149
0.12378,-0.149
0.123784,-0.149
0.123788,-0.149
0.123792,-0.149
0.123796,-0.149
0.1238,-0.149
0.123804,-0.149
0.123808,-0.0745
0.123812,-0.149
0.123816,-0.149
0.12382,-0.149
0.123824,-0.149
0.123828,-0.149
0.123832,-0.149
0.123836,-0.149
0.12384,-0.149
0.123844,-0.149
0.123848,-0.149
0.123852,-0.0745
0.123856,-0.149
0.12386,-0.149
0.123864,-0.149
0.123868,-0.149
0.123872,-0.0745
0.123876,-0.149
0.12388,-0.149
0.123884,-0.149
0.123888,-0.149
0.123892,-0.149
0.123896,-0.149
0.1239,-0.149
0.123904,-0.149
0.123908,-0.0745
0.123912,-0.149
0.123916,-0.149
0.12392,-0.149
0.123924,-0.149
0.123928,-0.149
0.123932,-0.149
0.123936,-0.149
0.12394,-0.149
0.123944,-0.149
0.123948,-0.149
0.123952,-0.149
0.123956,-0.149
0.12396,-0.149
0.123964,-0.149
0.123968,-0.0745
0.123972,-0.149
0.123976,-0.149
0.12398,-0.149
0.123984,-0.149
0.123988,-0.149
0.123992,-0.149
0.123996,-0.149
0.124,-0.149
0.124004,-0.149
0.124008,-0.149
0.124012,-0.149
0.124016,-0.0745
0.12402,-0.0745
0.124024,-0.149
0.124028,-0.149
0.124032,-0.0745
0.124036,-0.0745
0.12404,-0.149
0.124044,-0.149
0.124048,-0.149
0.124052,-0.149
0.124056,-0.0745
0.12406,-0.149
0.124064,-0.149
0.124068,-0.0745
0.124072,-0.149
0.124076,-0.149
0.12408,-0.149
0.124084,-0.149
0.124088,-0.149
0.124092,-0.149
0.124096,-0.149
0.1241,-0.149
0.124104,-0.149
0.124108,-0.149
0.124112,-0.149
0.124116,-0.149
0.12412,-0.149
0.124124,-0.149
0.124128,-0.149
0.124132,-0.0745
0.124136,-0.149
0.12414,-0.149
0.124144,-0.149
0.124148,-0.0745
0.124152,-0.149
0.124156,-0.149
0.12416,-0.149
0.124164,-0.149
0.124168,-0.149
0.124172,-0.149
0.124176,-0.149
0.12418,-0.149
0.124184,-0.149
0.124188,-0.149
0.124192,-0.149
0.124196,-0.149
0.1242,-0.149
0.124204,-0.149
0.124208,-0.0745
0.124212,-0.0745
0.124216,-0.0745
0.12422,-0.149
0.124224,-0.149
0.124228,-0.149
0.124232,-0.149
0.124236,-0.149
0.12424,-0.149
0.124244,-0.0745
0.124248,-0.149
0.124252,-0.0745
0.124256,-0.149
0.12426,-0.149
0.124264,-0.149
0.124268,-0.149
0.124272,-0.149
0.124276,-0.149
0.12428,-0.149
0.124284,-0.149
0.124288,-0.0745
0.124292,-0.149
0.124296,-0.149
0.1243,-0.149
0.124304,-0.0745
0.124308,-0.149
0.124312,-0.149
0.124316,-0.149
0.12432,-0.0745
0.124324,-0.0745
0.124328,-0.0745
0.124332,-0.0745
0.124336,-0.149
0.12434,-0.149
0.124344,-0.0745
0.124348,-0.149
0.124352,-0.149
0.124356,-0.149
0.12436,-0.149
0.124364,-0.149
0.124368,-0.0745
0.124372,-0.149
0.124376,-0.149
0.12438,-0.149
0.124384,-0.0745
0.124388,-0.149
0.124392,-0.149
0.124396,-0.149
0.1244,-0.0745
0.124404,-0.0745
0.124408,-0.0745
0.124412,-0.0745
0.124416,-0.149
0.12442,-0.0745
0.124424,-0.149
0.124428,-0.149
0.124432,-0.149
0.124436,-0.149
0.12444,-0.0745
0.124444,-0.0745
0.124448,-0.149
0.124452,-0.0745
0.124456,-0.0745
0.12446,-0.0745
0.124464,-0.149
0.124468,-0.149
0.124472,-0.0745
0.124476,-0.149
0.12448,-0.149
0.124484,-0.0745
0.124488,-0.149
0.124492,-0.149
0.124496,-0.0745
0.1245,-0.149
0.124504,-0.149
0.124508,-0.149
0.124512,-0.149
0.124516,-0.149
0.12452,-0.149
0.124524,-0.0745
0.124528,-0.0745
0.124532,-0.149
0.124536,-0.149
0.12454,-0.0745
0.124544,-0.149
0.124548,-0.0745
0.124552,-0.0745
0.124556,-0.0745
0.12456,-0.0745
0.124564,-0.0745
0.124568,-0.0745
0.124572,-0.149
0.124576,-0.149
0.12458,-0.149
0.124584,-0.149
0.124588,-0.149
0.124592,-0.0745
0.124596,-0.149
0.1246,-0.0745
0.124604,-0.149
0.124608,-0.149
0.124612,-0.0745
0.124616,-0.0745
0.12462,-0.0745
0.124624,-0.149
0.124628,-0.149
0.124632,-0.149
0.124636,-0.149
0.12464,-0.149
0.124644,-0.0745
0.124648,-0.149
0.124652,-0.149
0.124656,-0.149
0.12466,-0.149
0.124664,-0.0745
0.124668,-0.149
0.124672,-0.0745
0.124676,-0.0745
0.12468,-0.0745
0.124684,-0.0745
0.124688,-0.149
0.124692,-0.0745
0.124696,-0.0745
0.1247,-0.149
0.124704,-0.0745
0.124708,-0.0745
0.124712,-0.149
0.124716,-0.0745
0.12472,-0.0745
0.124724,-0.0745
0.124728,-0.0745
0.124732,-0.0745
0.124736,-0.0745
0.12474,-0.0745
0.124744,-0.0745
0.124748,-0.149
0.124752,-0.149
0.124756,-0.149
0.12476,-0.0745
0.124764,-0.0745
0.124768,-0.0745
0.124772,-0.0745
0.124776,-0.0745
0.12478,0.0
0.124784,-0.0745
0.124788,-0.0745
0.124792,-0.0745
0.124796,-0.0745
0.1248,-0.0745
0.124804,-0.0745
0.124808,-0.0745
0.124812,-0.0745
0.124816,-0.0745
0.12482,-0.0745
0.124824,-0.149
0.124828,-0.0745
0.124832,-0.149
0.124836,-0.0745
0.12484,-0.0745
0.124844,-0.0745
0.124848,-0.0745
0.124852,-0.0745
0.124856,-0.0745
0.12486,-0.149
0.124864,-0.0745
0.124868,-0.149
0.124872,-0.0745
0.124876,-0.0745
0.12488,-0.0745
0.124884,0.0
0.124888,-0.0745
0.124892,-0.0745
0.124896,-0.0745
0.1249,-0.0745
0.124904,-0.0745
0.124908,-0.0745
0.124912,-0.0745
0.124916,-0.0745
0.12492,-0.0745
0.124924,-0.0745
0.124928,-0.0745
0.124932,-0.0745
0.124936,-0.149
0.12494,-0.0745
0.124944,-0.0745
0.124948,-0.0745
0.124952,-0.0745
0.124956,-0.0745
0.12496,-0.0745
0.124964,-0.0745
0.124968,-0.0745
0.124972,-0.0745
0.124976,-0.0745
0.12498,-0.0745
0.124984,0.0
0.124988,-0.0745
0.124992,-0.0745
0.124996,-0.0745
0.125,-0.0745
0.125004,-0.0745
0.125008,-0.0745
0.125012,-0.0745
0.125016,-0.0745
0.12502,-0.0745
0.125024,-0.0745
0.125028,-0.0745
0.125032,-0.149
0.125036,-0.149
0.12504,-0.0745
0.125044,-0.0745
0.125048,-0.0745
0.125052,-0.0745
0.125056,-0.0745
0.12506,-0.0745
0.125064,0.0
0.125068,-0.0745
0.125072,-0.0745
0.125076,-0.0745
0.12508,-0.0745
0.125084,-0.0745
0.125088,-0.0745
0.125092,-0.149
0.125096,-0.149
0.1251,-0.0745
0.125104,-0.0745
0.125108,-0.0745
0.125112,-0.0745
0.125116,-0.149
0.12512,-0.0745
0.125124,-0.0745
0.125128,-0.0745
0.125132,-0.0745
0.125136,-0.0745
0.12514,-0.0745
0.125144,-0.0745
0.125148,-0.0745
0.125152,-0.0745
0.125156,-0.0745
0.12516,-0.0745
0.125164,-0.0745
0.125168,-0.0745
0.125172,-0.0745
0.125176,-0.0745
0.12518,-0.0745
0.125184,-0.0745
0.125188,-0.0745
0.125192,-0.0745
0.125196,-0.149
0.1252,-0.0745
0.125204,0.0
0.125208,-0.0745
0.125212,-0.0745
0.125216,-0.0745
0.12522,-0.0745
0.125224,-0.0745
0.125228,-0.0745
0.125232,-0.0745
0.125236,-0.0745
0.12524,-0.0745
0.125244,-0.0745
0.125248,-0.149
0.125252,-0.0745
0.125256,-0.0745
0.12526,-0.0745
0.125264,-0.0745
0.125268,-0.0745
0.125272,-0.0745
0.125276,-0.0745
0.12528,-0.0745
0.125284,-0.0745
0.125288,-0.0745
0.125292,-0.0745
0.125296,-0.0745
0.1253,-0.0745
0.125304,-0.0745
0.125308,-0.0745
0.125312,0.0
0.125316,-0.0745
0.12532,-0.149
0.125324,-0.0745
0.125328,-0.0745
0.125332,-0.0745
0.125336,-0.0745
0.12534,-0.0745
0.125344,0.0
0.125348,-0.0745
0.125352,-0.0745
0.125356,-0.0745
0.12536,-0.0745
0.125364,-0.0745
0.125368,-0.0745
0.125372,-0.0745
0.125376,-0.0745
0.12538,-0.0745
0.125384,-0.0745
0.125388,-0.0745
0.125392,-0.0745
0.125396,-0.0745
0.1254,-0.0745
0.125404,-0.0745
0.125408,-0.0745
0.125412,-0.0745
0.125416,-0.0745
0.12542,-0.0745
0.125424,-0.0745
0.125428,-0.0745
0.125432,-0.0745
0.125436,-0.0745
0.12544,-0.0745
0.125444,-0.0745
0.125448,-0.0745
0.125452,-0.0745
0.125456,-0.0745
0.12546,-0.0745
0.125464,-0.0745
0.125468,-0.0745
0.125472,-0.0745
0.125476,-0.0745
0.12548,-0.0745
0.125484,-0.0745
0.125488,-0.0745
0.125492,-0.0745
0.125496,-0.0745
0.1255,-0.0745
0.125504,-0.0745
0.125508,-0.0745
0.125512,-0.0745
0.125516,-0.0745
0.12552,-0.0745
0.125524,-0.0745
0.125528,-0.0745
0.125532,-0.0745
0.125536,-0.0745
0.12554,-0.0745
0.125544,-0.0745
0.125548,-0.0745
0.125552,-0.0745
0.125556,-0.0745
0.12556,-0.0745
0.125564,-0.0745
0.125568,-0.0745
0.125572,-0.0745
0.125576,-0.0745
0.12558,-0.0745
0.125584,-0.0745
0.125588,-0.0745
0.125592,-0.0745
0.125596,-0.0745
0.1256,-0.0745
0.125604,-0.0745
0.125608,-0.0745
0.125612,-0.149
0.125616,-0.0745
0.12562,-0.0745
0.125624,-0.0745
0.125628,-0.0745
0.125632,-0.0745
0.125636,-0.0745
0.12564,-0.0745
0.125644,-0.0745
0.125648,-0.0745
0.125652,-0.0745
0.125656,-0.0745
0.12566,-0.0745
0.125664,-0.0745
0.125668,-0.0745
0.125672,-0.0745
0.125676,-0.0745
0.12568,-0.0745
0.125684,-0.0745
0.125688,-0.0745
0.125692,-0.0745
0.125696,-0.0745
0.1257,-0.0745
0.125704,-0.0745
0.125708,-0.0745
0.125712,-0.0745
0.125716,-0.0745
0.12572,-0.0745
0.125724,-0.0745
0.125728,-0.0745
0.125732,-0.0745
0.125736,-0.0745
0.12574,-0.0745
0.125744,-0.0745
0.125748,-0.0745
0.125752,-0.0745
0.125756,-0.0745
0.12576,-0.0745
0.125764,-0.0745
0.125768,-0.149
0.125772,-0.0745
0.125776,-0.0745
0.12578,-0.0745
0.125784,-0.0745
0.125788,-0.0745
0.125792,-0.0745
0.125796,-0.0745
0.1258,-0.0745
0.125804,-0.0745
0.125808,-0.0745
0.125812,-0.0745
0.125816,-0.0745
0.12582,-0.0745
0.125824,-0.0745
0.125828,-0.0745
0.125832,-0.0745
0.125836,0.0
0.12584,0.0
0.125844,-0.0745
0.125848,-0.0745
0.125852,-0.0745
0.125856,-0.0745
0.12586,-0.0745
0.125864,-0.0745
0.125868,-0.0745
0.125872,-0.0745
0.125876,-0.0745
0.12588,-0.0745
0.125884,-0.0745
0.125888,0.0
0.125892,-0.0745
0.125896,0.0
0.1259,-0.0745
0.125904,-0.0745
0.125908,-0.0745
0.125912,-0.0745
0.125916,-0.0745
0.12592,-0.0745
0.125924,-0.0745
0.125928,-0.0745
0.125932,-0.0745
0.125936,-0.0745
0.12594,-0.149
0.125944,-0.0745
0.125948,-0.0745
0.125952,-0.0745
0.125956,-0.0745
0.12596,-0.0745
0.125964,-0.0745
0.125968,-0.0745
0.125972,-0.0745
0.125976,-0.0745
0.12598,-0.0745
0.125984,-0.0745
0.125988,-0.0745
0.125992,-0.0745
0.125996,-0.0745
0.126,-0.0745
0.126004,-0.0745
0.126008,-0.0745
0.126012,-0.0745
0.126016,-0.0745
0.12602,-0.0745
0.126024,-0.0745
0.126028,-0.0745
0.126032,-0.0745
0.126036,-0.0745
0.12604,0.0
0.126044,-0.0745
0.126048,-0.0745
0.126052,-0.0745
0.126056,0.0
0.12606,0.0
0.126064,-0.0745
0.126068,-0.0745
0.126072,-0.149
0.126076,-0.0745
0.12608,0.0
0.126084,-0.0745
0.126088,-0.0745
0.126092,-0.0745
0.126096,-0.0745
0.1261,-0.0745
0.126104,-0.0745
0.126108,-0.0745
0.126112,-0.0745
0.126116,-0.0745
0.12612,0.0
0.126124,-0.0745
0.126128,-0.0745
0.126132,-0.0745
0.126136,-0.0745
0.12614,0.0
0.126144,-0.0745
0.126148,-0.0745
0.126152,-0.0745
0.126156,-0.0745
0.12616,0.0
0.126164,-0.0745
0.126168,-0.0745
0.126172,-0.0745
0.126176,-0.0745
0.12618,-0.0745
0.126184,-0.0745
0.126188,-0.0745
0.126192,-0.0745
0.126196,-0.0745
0.1262,-0.0745
0.126204,-0.0745
0.126208,-0.0745
0.126212,0.0
0.126216,0.0
0.12622,0.0
0.126224,0.0
0.126228,-0.0745
0.126232,-0.0745
0.126236,-0.0745
0.12624,-0.0745
0.126244,-0.0745
0.126248,-0.0745
0.126252,-0.0745
0.126256,-0.0745
0.12626,-0.0745
0.126264,-0.0745
0.126268,-0.0745
0.126272,-0.0745
0.126276,-0.0745
0.12628,-0.0745
0.126284,-0.0745
0.126288,-0.0745
0.126292,-0.0745
0.126296,-0.0745
0.1263,-0.0745
0.126304,0.0
0.126308,-0.0745
0.126312,-0.0745
0.126316,-0.0745
0.12632,-0.0745
0.126324,-0.0745
0.126328,-0.0745
0.126332,0.0
0.126336,-0.0745
0.12634,-0.0745
0.126344,-0.0745
0.126348,-0.0745
0.126352,-0.0745
0.126356,-0.0745
0.12636,0.0
0.126364,-0.0745
0.126368,-0.0745
0.126372,-0.0745
0.126376,-0.0745
0.12638,-0.0745
0.126384,-0.0745
0.126388,-0.0745
0.126392,-0.0745
0.126396,-0.0745
0.1264,-0.0745
0.126404,-0.0745
0.126408,-0.0745
0.126412,-0.0745
0.126416,-0.0745
0.12642,-0.149
0.126424,-0.0745
0.126428,-0.0745
0.126432,-0.0745
0.126436,-0.0745
0.12644,-0.0745
0.126444,-0.0745
0.126448,-0.0745
0.126452,-0.0745
0.126456,-0.0745
0.12646,-0.0745
0.126464,-0.0745
0.126468,-0.0745
0.126472,-0.0745
0.126476,-0.0745
0.12648,-0.0745
0.126484,-0.0745
0.126488,-0.0745
0.126492,-0.0745
0.126496,-0.0745
0.1265,-0.0745
0.126504,-0.0745
0.126508,-0.0745
0.126512,-0.0745
0.126516,-0.0745
0.12652,-0.0745
0.126524,-0.0745
0.126528,-0.0745
0.126532,-0.0745
0.126536,-0.0745
0.12654,-0.0745
0.126544,-0.0745
0.126548,-0.0745
0.126552,-0.0745
0.126556,-0.0745
0.12656,0.0
0.126564,0.0
0.126568,-0.0745
0.126572,-0.0745
0.126576,-0.0745
0.12658,-0.0745
0.126584,-0.0745
0.126588,-0.0745
0.126592,-0.0745
0.126596,-0.0745
0.1266,-0.0745
0.126604,-0.149
0.126608,-0.0745
0.126612,-0.0745
0.126616,-0.0745
0.12662,-0.0745
0.126624,-0.0745
0.126628,-0.0745
0.126632,-0.0745
0.126636,-0.0745
0.12664,-0.0745
0.126644,-0.0745
0.126648,-0.0745
0.126652,-0.0745
0.126656,-0.0745
0.12666,-0.0745
0.126664,-0.0745
0.126668,-0.0745
0.126672,-0.0745
0.126676,-0.0745
0.12668,-0.0745
0.126684,-0.0745
0.126688,0.0
0.126692,-0.0745
0.126696,-0.0745
0.1267,0.0
0.126704,-0.0745
0.126708,-0.0745
0.126712,-0.0745
0.126716,-0.0745
0.12672,-0.0745
0.126724,-0.0745
0.126728,-0.0745
0.126732,-0.0745
0.126736,-0.0745
0.12674,-0.0745
0.126744,-0.0745
0.126748,-0.0745
0.126752,-0.0745
0.126756,-0.0745
0.12676,-0.0745
0.126764,-0.0745
0.126768,-0.0745
0.126772,-0.0745
0.126776,-0.0745
0.12678,-0.0745
0.126784,-0.0745
0.126788,0.0
0.126792,-0.0745
0.126796,-0.0745
0.1268,-0.0745
0.126804,-0.0745
0.126808,-0.0745
0.126812,-0.0745
0.126816,-0.0745
0.12682,-0.0745
0.126824,-0.0745
0.126828,-0.0745
0.126832,-0.0745
0.126836,-0.0745
0.12684,-0.0745
0.126844,0.0
0.126848,-0.0745
0.126852,-0.0745
0.126856,-0.0745
0.12686,-0.0745
0.126864,-0.0745
0.126868,-0.0745
0.126872,-0.0745
0.126876,-0.0745
0.12688,0.0
0.126884,-0.0745
0.126888,-0.0745
0.126892,-0.0745
0.126896,0.0
0.1269,0.0
0.126904,-0.149
0.126908,-0.0745
0.126912,-0.0745
0.126916,0.0
0.12692,-0.0745
0.126924,-0.0745
0.126928,-0.0745
0.126932,-0.0745
0.126936,-0.0745
0.12694,-0.0745
0.126944,-0.0745
0.126948,-0.0745
0.126952,-0.0745
0.126956,-0.0745
0.12696,-0.0745
0.126964,-0.0745
0.126968,-0.0745
0.126972,-0.0745
0.126976,-0.0745
0.12698,-0.0745
0.126984,-0.0745
0.126988,-0.0745
0.126992,-0.0745
0.126996,-0.0745
0.127,-0.0745
0.127004,-0.0745
0.127008,-0.0745
0.127012,-0.0745
0.127016,-0.0745
0.12702,-0.0745
0.127024,-0.149
0.127028,-0.0745
0.127032,-0.0745
0.127036,-0.0745
0.12704,-0.0745
0.127044,-0.0745
0.127048,-0.0745
0.127052,-0.0745
0.127056,0.0
0.12706,-0.0745
0.127064,-0.0745
0.127068,-0.0745
0.127072,-0.0745
0.127076,0.0
0.12708,0.0
0.127084,-0.0745
0.127088,-0.0745
0.127092,0.0
0.127096,-0.0745
0.1271,-0.0745
0.127104,-0.0745
0.127108,-0.0745
0.127112,-0.0745
0.127116,-0.0745
0.12712,-0.0745
0.127124,-0.0745
0.127128,-0.0745
0.127132,-0.0745
0.127136,-0.0745
0.12714,-0.0745
0.127144,-0.0745
0.127148,-0.0745
0.127152,-0.0745
0.127156,-0.0745
0.12716,-0.0745
0.127164,-0.0745
0.127168,0.0
0.127172,-0.0745
0.127176,-0.0745
0.12718,-0.0745
0.127184,-0.0745
0.127188,0.0
0.127192,-0.0745
0.127196,-0.0745
0.1272,-0.0745
0.127204,-0.0745
0.127208,-0.0745
0.127212,-0.0745
0.127216,-0.0745
0.12722,-0.0745
0.127224,-0.0745
0.127228,-0.0745
0.127232,-0.0745
0.127236,-0.0745
0.12724,-0.0745
0.127244,-0.0745
0.127248,0.0
0.127252,-0.0745
0.127256,-0.0745
0.12726,0.0
0.127264,-0.0745
0.127268,-0.0745
0.127272,-0.149
0.127276,-0.0745
0.12728,-0.0745
0.127284,-0.0745
0.127288,-0.0745
0.127292,-0.0745
0.127296,-0.0745
0.1273,0.0
0.127304,-0.0745
0.127308,-0.0745
0.127312,-0.0745
0.127316,0.0
0.12732,-0.0745
0.127324,-0.0745
0.127328,-0.0745
0.127332,-0.0745
0.127336,-0.0745
0.12734,0.0
0.127344,-0.0745
0.127348,-0.0745
0.127352,-0.0745
0.127356,0.0
0.12736,0.0
0.127364,-0.0745
0.127368,0.0
0.127372,0.0
0.127376,-0.0745
0.12738,-0.0745
0.127384,-0.0745
0.127388,0.0
0.127392,-0.0745
0.127396,0.0
0.1274,-0.0745
0.127404,0.0
0.127408,-0.0745
0.127412,-0.0745
0.127416,-0.0745
0.12742,0.0
0.127424,-0.0745
0.127428,-0.0745
0.127432,-0.0745
0.127436,-0.0745
0.12744,-0.0745
0.127444,0.0
0.127448,-0.0745
0.127452,0.0
0.127456,-0.0745
0.12746,0.0
0.127464,-0.149
0.127468,-0.0745
0.127472,-0.0745
0.127476,0.0
0.12748,0.0
0.127484,-0.0745
0.127488,-0.0745
0.127492,-0.0745
0.127496,0.0
0.1275,-0.0745
0.127504,-0.0745
0.127508,-0.0745
0.127512,-0.0745
0.127516,-0.0745
0.12752,-0.0745
0.127524,-0.0745
0.127528,-0.0745
0.127532,-0.0745
0.127536,-0.0745
0.12754,-0.0745
0.127544,-0.0745
0.127548,-0.0745
0.127552,-0.0745
0.127556,-0.0745
0.12756,-0.0745
0.127564,-0.0745
0.127568,-0.0745
0.127572,-0.0745
0.127576,-0.0745
0.12758,0.0
0.127584,0.0
0.127588,-0.0745
0.127592,-0.0745
0.127596,-0.0745
0.1276,0.0
0.127604,-0.0745
0.127608,-0.0745
0.127612,-0.0745
0.127616,-0.0745
0.12762,-0.0745
0.127624,-0.0745
0.127628,-0.0745
0.127632,-0.0745
0.127636,-0.0745
0.12764,-0.0745
0.127644,-0.0745
0.127648,-0.0745
0.127652,-0.0745
0.127656,-0.0745
0.12766,-0.0745
0.127664,-0.0745
0.127668,-0.0745
0.127672,-0.0745
0.127676,-0.0745
0.12768,-0.0745
0.127684,-0.0745
0.127688,-0.0745
0.127692,-0.0745
0.127696,-0.0745
0.1277,-0.0745
0.127704,-0.0745
0.127708,-0.0745
0.127712,-0.0745
0.127716,-0.0745
0.12772,-0.0745
0.127724,-0.0745
0.127728,0.0
0.127732,-0.0745
0.127736,-0.0745
0.12774,-0.0745
0.127744,-0.0745
0.127748,-0.0745
0.127752,0.0
0.127756,-0.0745
0.12776,-0.0745
0.127764,-0.0745
0.127768,-0.0745
0.127772,-0.0745
0.127776,-0.0745
0.12778,-0.0745
0.127784,-0.0745
0.127788,-0.0745
0.127792,-0.0745
0.127796,-0.0745
0.1278,-0.0745
0.127804,-0.0745
0.127808,-0.0745
0.127812,-0.0745
0.127816,-0.0745
0.12782,-0.0745
0.127824,-0.0745
0.127828,0.0
0.127832,-0.0745
0.127836,-0.0745
0.12784,-0.0745
0.127844,-0.0745
0.127848,-0.0745
0.127852,-0.0745
0.127856,-0.0745
0.12786,-0.0745
0.127864,-0.0745
0.127868,-0.0745
0.127872,-0.0745
0.127876,-0.0745
0.12788,-0.0745
0.127884,-0.0745
0.127888,-0.0745
0.127892,-0.0745
0.127896,-0.0745
0.1279,0.0
0.127904,-0.0745
0.127908,0.0
0.127912,-0.0745
0.127916,-0.0745
0.12792,-0.149
0.127924,-0.0745
0.127928,-0.0745
0.127932,-0.0745
0.127936,-0.149
0.12794,-0.149
0.127944,-0.0745
0.127948,-0.149
0.127952,-0.0745
0.127956,-0.0745
0.12796,-0.0745
0.127964,-0.0745
0.127968,-0.0745
0.127972,0.0
0.127976,-0.0745
0.12798,0.0
0.127984,-0.0745
0.127988,-0.0745
0.127992,-0.0745
0.127996,-0.0745
0.128,-0.0745
0.128004,-0.0745
0.128008,-0.0745
0.128012,-0.0745
0.128016,-0.0745
0.12802,-0.0745
0.128024,-0.0745
0.128028,-0.0745
0.128032,-0.0745
0.128036,-0.0745
0.12804,-0.0745
0.128044,-0.0745
0.128048,-0.0745
0.128052,-0.0745
0.128056,-0.0745
0.12806,-0.0745
0.128064,-0.0745
0.128068,-0.0745
0.128072,-0.0745
0.128076,-0.0745
0.12808,-0.0745
0.128084,-0.0745
0.128088,-0.149
0.128092,-0.0745
0.128096,-0.0745
0.1281,-0.0745
0.128104,-0.149
0.128108,-0.0745
0.128112,-0.0745
0.128116,-0.0745
0.12812,-0.0745
0.128124,-0.0745
0.128128,-0.0745
0.128132,-0.0745
0.128136,-0.0745
0.12814,-0.0745
0.128144,-0.0745
0.128148,-0.0745
0.128152,-0.0745
0.128156,-0.0745
0.12816,-0.0745
0.128164,-0.0745
0.128168,-0.0745
0.128172,-0.0745
0.128176,-0.0745
0.12818,-0.0745
0.128184,-0.0745
0.128188,-0.0745
0.128192,-0.149
0.128196,-0.0745
0.1282,-0.0745
0.128204,-0.0745
0.128208,-0.0745
0.128212,-0.149
0.128216,-0.0745
0.12822,-0.0745
0.128224,-0.0745
0.128228,-0.0745
0.128232,-0.0745
0.128236,0.0
0.12824,-0.0745
0.128244,-0.0745
0.128248,-0.0745
0.128252,-0.149
0.128256,-0.0745
0.12826,-0.0745
0.128264,-0.0745
0.128268,-0.149
0.128272,-0.149
0.128276,-0.0745
0.12828,-0.0745
0.128284,-0.0745
0.128288,-0.149
0.128292,-0.0745
0.128296,-0.0745
0.1283,-0.149
0.128304,-0.149
0.128308,-0.149
0.128312,-0.0745
0.128316,-0.0745
0.12832,-0.0745
0.128324,-0.0745
0.128328,-0.0745
0.128332,-0.0745
0.128336,-0.0745
0.12834,-0.149
0.128344,-0.0745
0.128348,-0.0745
0.128352,-0.0745
0.128356,-0.0745
0.12836,-0.0745
0.128364,-0.149
0.128368,-0.0745
0.128372,-0.0745
0.128376,-0.0745
0.12838,-0.149
0.128384,-0.149
0.128388,-0.149
0.128392,-0.149
0.128396,-0.0745
0.1284,-0.0745
0.128404,-0.0745
0.128408,-0.0745
0.128412,-0.0745
0.128416,-0.0745
0.12842,-0.149
0.128424,-0.0745
0.128428,-0.149
0.128432,-0.0745
0.128436,-0.149
0.12844,-0.149
0.128444,-0.149
0.128448,-0.149
0.128452,-0.0745
0.128456,-0.0745
0.12846,-0.149
0.128464,-0.149
0.128468,-0.149
0.128472,-0.149
0.128476,-0.0745
0.12848,-0.149
0.128484,-0.149
0.128488,-0.0745
0.128492,-0.0745
0.128496,-0.149
0.1285,-0.0745
0.128504,-0.0745
0.128508,-0.0745
0.128512,-0.0745
0.128516,-0.0745
0.12852,-0.149
0.128524,-0.149
0.128528,-0.0745
0.128532,-0.149
0.128536,-0.0745
0.12854,-0.149
0.128544,-0.0745
0.128548,-0.0745
0.128552,-0.0745
0.128556,-0.149
0.12856,-0.149
0.128564,-0.0745
0.128568,-0.0745
0.128572,-0.149
0.128576,-0.149
0.12858,-0.0745
0.128584,-0.149
0.128588,-0.0745
0.128592,-0.0745
0.128596,-0.149
0.1286,-0.0745
0.128604,-0.0745
0.128608,-0.149
0.128612,-0.0745
0.128616,-0.149
0.12862,-0.149
0.128624,-0.0745
0.128628,-0.0745
0.128632,-0.149
0.128636,-0.0745
0.12864,-0.0745
0.128644,-0.0745
0.128648,-0.0745
0.128652,-0.149
0.128656,-0.149
0.12866,-0.0745
0.128664,-0.149
0.128668,-0.149
0.128672,-0.149
0.128676,-0.0745
0.12868,-0.0745
0.128684,-0.0745
0.128688,-0.0745
0.128692,-0.0745
0.128696,-0.0745
0.1287,-0.149
0.128704,-0.0745
0.128708,-0.0745
0.128712,-0.149
0.128716,-0.149
0.12872,-0.0745
0.128724,-0.149
0.128728,-0.0745
0.128732,-0.149
0.128736,-0.0745
0.12874,-0.149
0.128744,-0.149
0.128748,-0.0745
0.128752,-0.149
0.128756,-0.149
0.12876,-0.149
0.128764,-0.0745
0.128768,-0.0745
0.128772,-0.0745
0.128776,-0.0745
0.12878,-0.0745
0.128784,-0.149
0.128788,-0.149
0.128792,-0.149
0.128796,-0.0745
0.1288,-0.149
0.128804,-0.149
0.128808,-0.149
0.128812,-0.0745
0.128816,-0.0745
0.12882,-0.149
0.128824,-0.149
0.128828,-0.0745
0.128832,-0.0745
0.128836,-0.149
0.12884,-0.149
0.128844,-0.149
0.128848,-0.149
0.128852,-0.0745
0.128856,-0.149
0.12886,-0.0745
0.128864,-0.0745
0.128868,-0.0745
0.128872,-0.0745
0.128876,-0.149
0.12888,-0.0745
0.128884,-0.149
0.128888,-0.149
0.128892,-0.0745
0.128896,-0.0745
0.1289,-0.0745
0.128904,-0.0745
0.128908,-0.0745
0.128912,-0.0745
0.128916,-0.149
0.12892,-0.149
0.128924,-0.149
0.128928,-0.0745
0.128932,-0.0745
0.128936,-0.0745
0.12894,-0.0745
0.128944,-0.149
0.128948,-0.149
0.128952,-0.149
0.128956,-0.149
0.12896,-0.149
0.128964,-0.149
0.128968,-0.149
0.128972,-0.0745
0.128976,-0.0745
0.12898,-0.149
0.128984,-0.0745
0.128988,-0.149
0.128992,-0.0745
0.128996,-0.0745
0.129,-0.0745
0.129004,-0.149
0.129008,-0.0745
0.129012,-0.0745
0.129016,-0.149
0.12902,-0.149
0.129024,-0.149
0.129028,-0.149
0.129032,-0.0745
0.129036,-0.149
0.12904,-0.149
0.129044,-0.0745
0.129048,-0.149
0.129052,-0.0745
0.129056,-0.0745
0.12906,-0.0745
0.129064,-0.0745
0.129068,-0.149
0.129072,-0.0745
0.129076,-0.0745
0.12908,-0.0745
0.129084,-0.0745
0.129088,-0.0745
0.129092,-0.0745
0.129096,-0.0745
0.1291,-0.149
0.129104,-0.0745
0.129108,-0.0745
0.129112,-0.149
0.129116,-0.149
0.12912,-0.0745
0.129124,-0.0745
0.129128,-0.149
0.129132,-0.149
0.129136,-0.0745
0.12914,-0.149
0.129144,-0.149
0.129148,-0.149
0.129152,-0.149
0.129156,-0.149
0.12916,-0.0745
0.129164,-0.0745
0.129168,-0.149
0.129172,-0.0745
0.129176,-0.0745
0.12918,-0.0745
0.129184,-0.0745
0.129188,-0.149
0.129192,-0.0745
0.129196,-0.0745
0.1292,-0.149
0.129204,-0.0745
0.129208,-0.0745
0.129212,-0.0745
0.129216,-0.0745
0.12922,-0.0745
0.129224,-0.0745
0.129228,-0.0745
0.129232,-0.0745
0.129236,-0.149
0.12924,-0.0745
0.129244,-0.0745
0.129248,-0.0745
0.129252,-0.0745
0.129256,-0.0745
0.12926,-0.149
0.129264,-0.0745
0.129268,-0.149
0.129272,-0.0745
0.129276,-0.0745
0.12928,-0.0745
0.129284,-0.0745
0.129288,-0.149
0.129292,-0.0745
0.129296,-0.0745
0.1293,-0.0745
0.129304,-0.0745
0.129308,-0.0745
0.129312,-0.149
0.129316,-0.0745
0.12932,-0.0745
0.129324,-0.0745
0.129328,-0.0745
0.129332,-0.0745
0.129336,-0.0745
0.12934,-0.0745
0.129344,-0.0745
0.129348,-0.0745
0.129352,-0.0745
0.129356,-0.0745
0.12936,-0.0745
0.129364,-0.149
0.129368,-0.0745
0.129372,-0.0745
0.129376,-0.0745
0.12938,-0.0745
0.129384,-0.0745
0.129388,-0.0745
0.129392,-0.0745
0.129396,-0.0745
0.1294,-0.0745
0.129404,-0.0745
0.129408,-0.0745
0.129412,-0.149
0.129416,-0.0745
0.12942,-0.0745
0.129424,-0.0745
0.129428,-0.0745
0.129432,-0.0745
0.129436,-0.0745
0.12944,-0.149
0.129444,-0.0745
0.129448,-0.0745
0.129452,-0.149
0.129456,-0.0745
0.12946,-0.0745
0.129464,-0.0745
0.129468,-0.0745
0.129472,-0.149
0.129476,-0.0745
0.12948,-0.0745
0.129484,-0.0745
0.129488,-0.0745
0.129492,-0.0745
0.129496,-0.0745
0.1295,-0.0745
0.129504,-0.0745
0.129508,-0.0745
0.129512,-0.0745
0.129516,-0.0745
0.12952,-0.0745
0.129524,-0.0745
0.129528,-0.0745
0.129532,-0.0745
0.129536,-0.0745
0.12954,-0.149
0.129544,-0.0745
0.129548,-0.0745
0.129552,-0.0745
0.129556,-0.0745
0.12956,-0.0745
0.129564,0.0
0.129568,0.0
0.129572,-0.0745
0.129576,-0.0745
0.12958,-0.0745
0.129584,-0.0745
0.129588,-0.0745
0.129592,-0.0745
0.129596,-0.0745
0.1296,-0.0745
0.129604,-0.0745
0.129608,-0.0745
0.129612,-0.0745
0.129616,-0.0745
0.12962,-0.0745
0.129624,-0.0745
0.129628,-0.0745
0.129632,-0.149
0.129636,-0.149
0.12964,-0.0745
0.129644,-0.0745
0.129648,-0.0745
0.129652,-0.0745
0.129656,-0.0745
0.12966,-0.0745
0.129664,-0.0745
0.129668,-0.0745
0.129672,-0.0745
0.129676,-0.0745
0.12968,-0.0745
0.129684,-0.0745
0.129688,-0.0745
0.129692,-0.0745
0.129696,-0.0745
0.1297,-0.149
0.129704,-0.0745
0.129708,-0.0745
0.129712,-0.0745
0.129716,-0.0745
0.12972,-0.0745
0.129724,-0.0745
0.129728,-0.0745
0.129732,-0.0745
0.129736,-0.0745
0.12974,-0.0745
0.129744,-0.0745
0.129748,-0.0745
0.129752,-0.149
0.129756,-0.0745
0.12976,-0.0745
0.129764,-0.0745
0.129768,-0.0745
0.129772,-0.0745
0.129776,-0.0745
0.12978,-0.0745
0.129784,-0.0745
0.129788,-0.0745
0.129792,-0.0745
0.129796,-0.0745
0.1298,-0.0745
0.129804,-0.0745
0.129808,-0.0745
0.129812,-0.0745
0.129816,-0.0745
0.12982,-0.0745
0.129824,-0.0745
0.129828,-0.0745
0.129832,-0.0745
0.129836,-0.0745
0.12984,-0.0745
0.129844,-0.0745
0.129848,-0.0745
0.129852,-0.0745
0.129856,-0.0745
0.12986,-0.0745
0.129864,-0.0745
0.129868,-0.0745
0.129872,-0.0745
0.129876,-0.0745
0.12988,-0.0745
0.129884,-0.0745
0.129888,-0.0745
0.129892,-0.0745
0.129896,-0.0745
0.1299,-0.0745
0.129904,-0.0745
0.129908,-0.0745
0.129912,-0.0745
0.129916,-0.0745
0.12992,-0.0745
0.129924,-0.0745
0.129928,-0.0745
0.129932,-0.0745
0.129936,-0.0745
0.12994,-0.0745
0.129944,-0.0745
0.129948,-0.0745
0.129952,-0.149
0.129956,-0.0745
0.12996,-0.0745
0.129964,-0.0745
0.129968,-0.0745
0.129972,-0.0745
0.129976,-0.0745
0.12998,-0.0745
0.129984,0.0
0.129988,-0.0745
0.129992,-0.0745
0.129996,-0.0745
0.13,-0.0745
0.130004,-0.0745
0.130008,-0.0745
0.130012,-0.149
0.130016,-0.0745
0.13002,-0.0745
0.130024,-0.0745
0.130028,-0.0745
0.130032,-0.0745
0.130036,-0.149
0.13004,-0.149
0.130044,-0.0745
0.130048,-0.149
0.130052,-0.0745
0.130056,-0.0745
0.13006,-0.0745
0.130064,-0.0745
0.130068,-0.0745
0.130072,-0.0745
0.130076,-0.149
0.13008,-0.0745
0.130084,-0.0745
0.130088,-0.0745
0.130092,-0.0745
0.130096,-0.0745
0.1301,-0.0745
0.130104,-0.0745
0.130108,-0.0745
0.130112,-0.149
0.130116,-0.149
0.13012,-0.0745
0.130124,-0.149
0.130128,-0.149
0.130132,-0.0745
0.130136,-0.149
0.13014,-0.0745
0.130144,-0.0745
0.130148,-0.149
0.130152,-0.149
0.130156,-0.0745
0.13016,-0.0745
0.130164,-0.149
0.130168,-0.149
0.130172,-0.0745
0.130176,-0.0745
0.13018,-0.0745
0.130184,-0.0745
0.130188,-0.0745
0.130192,-0.149
0.130196,-0.149
0.1302,-0.0745
0.130204,-0.149
0.130208,-0.0745
0.130212,-0.149
0.130216,-0.149
0.13022,-0.149
0.130224,-0.149
0.130228,-0.0745
0.130232,-0.149
0.130236,-0.149
0.13024,-0.149
0.130244,-0.0745
0.130248,-0.149
0.130252,-0.149
0.130256,-0.149
0.13026,-0.0745
0.130264,-0.0745
0.130268,-0.149
0.130272,-0.149
0.130276,-0.149
0.13028,-0.149
0.130284,-0.149
0.130288,-0.149
0.130292,-0.149
0.130296,-0.149
0.1303,-0.0745
0.130304,-0.149
0.130308,-0.149
0.130312,-0.149
0.130316,-0.149
0.13032,-0.149
0.130324,-0.0745
0.130328,-0.0745
0.130332,-0.149
0.130336,-0.149
0.13034,-0.0745
0.130344,-0.0745
0.130348,-0.149
0.130352,-0.0745
0.130356,-0.0745
0.13036,-0.0745
0.130364,-0.0745
0.130368,-0.149
0.130372,-0.0745
0.130376,-0.0745
0.13038,-0.0745
0.130384,-0.0745
0.130388,-0.149
0.130392,-0.149
0.130396,-0.149
0.1304,-0.149
0.130404,-0.0745
0.130408,-0.0745
0.130412,-0.149
0.130416,-0.149
0.13042,-0.0745
0.130424,-0.149
0.130428,-0.149
0.130432,-0.149
0.130436,-0.149
0.13044,-0.149
0.130444,-0.0745
0.130448,-0.0745
0.130452,-0.0745
0.130456,-0.149
0.13046,-0.0745
0.130464,-0.149
0.130468,-0.149
0.130472,-0.149
0.130476,-0.149
0.13048,-0.149
0.130484,-0.149
0.130488,-0.0745
0.130492,-0.0745
0.130496,-0.149
0.1305,-0.0745
0.130504,-0.0745
0.130508,-0.0745
0.130512,-0.149
0.130516,-0.149
0.13052,-0.149
0.130524,-0.149
0.130528,-0.0745
0.130532,-0.149
0.130536,-0.149
0.13054,-0.149
0.130544,-0.149
0.130548,-0.149
0.130552,-0.149
0.130556,-0.0745
0.13056,-0.0745
0.130564,-0.0745
0.130568,-0.149
0.130572,-0.149
0.130576,-0.149
0.13058,-0.149
0.130584,-0.149
0.130588,-0.0745
0.130592,-0.149
0.130596,-0.149
0.1306,-0.149
0.130604,-0.149
0.130608,-0.149
0.130612,-0.149
0.130616,-0.149
0.13062,-0.149
0.130624,-0.149
0.130628,-0.149
0.130632,-0.149
0.130636,-0.149
0.13064,-0.149
0.130644,-0.149
0.130648,-0.149
0.130652,-0.149
0.130656,-0.149
0.13066,-0.149
0.130664,-0.149
0.130668,-0.22349999999999998
0.130672,-0.0745
0.130676,-0.149
0.13068,-0.149
0.130684,-0.0745
0.130688,-0.149
0.130692,-0.0745
0.130696,-0.149
0.1307,-0.149
0.130704,-0.149
0.130708,-0.149
0.130712,-0.149
0.130716,-0.149
0.13072,-0.149
0.130724,-0.149
0.130728,-0.149
0.130732,-0.149
0.130736,-0.149
0.13074,-0.149
0.130744,-0.149
0.130748,-0.149
0.130752,-0.0745
0.130756,-0.149
0.13076,-0.149
0.130764,-0.149
0.130768,-0.149
0.130772,-0.149
0.130776,-0.0745
0.13078,-0.149
0.130784,-0.149
0.130788,-0.149
0.130792,-0.149
0.130796,-0.149
0.1308,-0.149
0.130804,-0.149
0.130808,-0.149
0.130812,-0.149
0.130816,-0.149
0.13082,-0.149
0.130824,-0.149
0.130828,-0.149
0.130832,-0.149
0.130836,-0.149
0.13084,-0.149
0.130844,-0.149
0.130848,-0.0745
0.130852,-0.22349999999999998
0.130856,-0.0745
0.13086,-0.149
0.130864,-0.149
0.130868,-0.0745
0.130872,-0.149
0.130876,-0.0745
0.13088,-0.149
0.130884,-0.149
0.130888,-0.0745
0.130892,-0.149
0.130896,-0.149
0.1309,-0.149
0.130904,-0.149
0.130908,-0.149
0.130912,-0.149
0.130916,-0.149
0.13092,-0.149
0.130924,-0.149
0.130928,-0.149
0.130932,-0.149
0.130936,-0.149
0.13094,-0.149
0.130944,-0.149
0.130948,-0.149
0.130952,-0.149
0.130956,-0.149
0.13096,-0.149
0.130964,-0.149
0.130968,-0.149
0.130972,-0.149
0.130976,-0.149
0.13098,-0.22349999999999998
0.130984,-0.149
0.130988,-0.149
0.130992,-0.149
0.130996,-0.149
0.131,-0.149
0.131004,-0.149
0.131008,-0.149
0.131012,-0.149
0.131016,-0.149
0.13102,-0.149
0.131024,-0.149
0.131028,-0.149
0.131032,-0.149
0.131036,-0.149
0.13104,-0.149
0.131044,-0.149
0.131048,-0.149
0.131052,-0.149
0.131056,-0.149
0.13106,-0.149
0.131064,-0.149
0.131068,-0.149
0.131072,-0.149
0.131076,-0.149
0.13108,-0.149
0.131084,-0.149
0.131088,-0.22349999999999998
0.131092,-0.149
0.131096,-0.149
0.1311,-0.149
0.131104,-0.149
0.131108,-0.149
0.131112,-0.22349999999999998
0.131116,-0.149
0.13112,-0.149
0.131124,-0.149
0.131128,-0.22349999999999998
0.131132,-0.149
0.131136,-0.22349999999999998
0.13114,-0.149
0.131144,-0.149
0.131148,-0.149
0.131152,-0.149
0.131156,-0.149
0.13116,-0.22349999999999998
0.131164,-0.149
0.131168,-0.149
0.131172,-0.149
0.131176,-0.149
0.13118,-0.22349999999999998
0.131184,-0.149
0.131188,-0.149
0.131192,-0.149
0.131196,-0.149
0.1312,-0.149
0.131204,-0.149
0.131208,-0.149
0.131212,-0.149
0.131216,-0.149
0.13122,-0.149
0.131224,-0.149
0.131228,-0.149
0.131232,-0.149
0.131236,-0.149
0.13124,-0.149
0.131244,-0.149
0.131248,-0.149
0.131252,-0.149
0.131256,-0.149
0.13126,-0.149
0.131264,-0.149
0.131268,-0.149
0.131272,-0.149
0.131276,-0.149
0.13128,-0.149
0.131284,-0.149
0.131288,-0.149
0.131292,-0.149
0.131296,-0.149
0.1313,-0.22349999999999998
0.131304,-0.149
0.131308,-0.149
0.131312,-0.149
0.131316,-0.149
0.13132,-0.149
0.131324,-0.149
0.131328,-0.149
0.131332,-0.149
0.131336,-0.149
0.13134,-0.149
0.131344,-0.149
0.131348,-0.149
0.131352,-0.22349999999999998
0.131356,-0.149
0.13136,-0.149
0.131364,-0.22349999999999998
0.131368,-0.149
0.131372,-0.149
0.131376,-0.22349999999999998
0.13138,-0.149
0.131384,-0.149
0.131388,-0.149
0.131392,-0.149
0.131396,-0.149
0.1314,-0.149
0.131404,-0.149
0.131408,-0.149
0.131412,-0.149
0.131416,-0.149
0.13142,-0.22349999999999998
0.131424,-0.22349999999999998
0.131428,-0.149
0.131432,-0.149
0.131436,-0.149
0.13144,-0.149
0.131444,-0.22349999999999998
0.131448,-0.149
0.131452,-0.149
0.131456,-0.149
0.13146,-0.149
0.131464,-0.149
0.131468,-0.149
0.131472,-0.22349999999999998
0.131476,-0.149
0.13148,-0.149
0.131484,-0.149
0.131488,-0.149
0.131492,-0.149
0.131496,-0.149
0.1315,-0.149
0.131504,-0.149
0.131508,-0.149
0.131512,-0.22349999999999998
0.131516,-0.149
0.13152,-0.149
0.131524,-0.149
0.131528,-0.149
0.131532,-0.149
0.131536,-0.149
0.13154,-0.22349999999999998
0.131544,-0.149
0.131548,-0.149
0.131552,-0.22349999999999998
0.131556,-0.22349999999999998
0.13156,-0.22349999999999998
0.131564,-0.149
0.131568,-0.149
0.131572,-0.149
0.131576,-0.149
0.13158,-0.149
0.131584,-0.149
0.131588,-0.149
0.131592,-0.149
0.131596,-0.149
0.1316,-0.149
0.131604,-0.149
0.131608,-0.22349999999999998
0.131612,-0.149
0.131616,-0.149
0.13162,-0.149
0.131624,-0.149
0.131628,-0.149
0.131632,-0.149
0.131636,-0.22349999999999998
0.13164,-0.149
0.131644,-0.149
0.131648,-0.149
0.131652,-0.149
0.131656,-0.22349999999999998
0.13166,-0.149
0.131664,-0.22349999999999998
0.131668,-0.149
0.131672,-0.149
0.131676,-0.149
0.13168,-0.149
0.131684,-0.22349999999999998
0.131688,-0.22349999999999998
0.131692,-0.149
0.131696,-0.22349999999999998
0.1317,-0.22349999999999998
0.131704,-0.149
0.131708,-0.149
0.131712,-0.22349999999999998
0.131716,-0.149
0.13172,-0.149
0.131724,-0.149
0.131728,-0.149
0.131732,-0.149
0.131736,-0.149
0.13174,-0.149
0.131744,-0.149
0.131748,-0.149
0.131752,-0.149
0.131756,-0.149
0.13176,-0.149
0.131764,-0.149
0.131768,-0.149
0.131772,-0.149
0.131776,-0.22349999999999998
0.13178,-0.22349999999999998
0.131784,-0.149
0.131788,-0.149
0.131792,-0.149
0.131796,-0.149
0.1318,-0.149
0.131804,-0.22349999999999998
0.131808,-0.149
0.131812,-0.149
0.131816,-0.149
0.13182,-0.149
0.131824,-0.149
0.131828,-0.149
0.131832,-0.22349999999999998
0.131836,-0.149
0.13184,-0.149
0.131844,-0.149
0.131848,-0.149
0.131852,-0.149
0.131856,-0.149
0.13186,-0.149
0.131864,-0.22349999999999998
0.131868,-0.149
0.131872,-0.22349999999999998
0.131876,-0.149
0.13188,-0.22349999999999998
0.131884,-0.149
0.131888,-0.149
0.131892,-0.149
0.131896,-0.149
0.1319,-0.149
0.131904,-0.149
0.131908,-0.149
0.131912,-0.149
0.131916,-0.149
0.13192,-0.22349999999999998
0.131924,-0.22349999999999998
0.131928,-0.149
0.131932,-0.149
0.131936,-0.149
0.13194,-0.149
0.131944,-0.149
0.131948,-0.149
0.131952,-0.22349999999999998
0.131956,-0.22349999999999998
0.13196,-0.149
0.131964,-0.149
0.131968,-0.22349999999999998
0.131972,-0.22349999999999998
0.131976,-0.149
0.13198,-0.149
0.131984,-0.22349999999999998
0.131988,-0.149
0.131992,-0.22349999999999998
0.131996,-0.149
0.132,-0.149
0.132004,-0.149
0.132008,-0.22349999999999998
0.132012,-0.22349999999999998
0.132016,-0.149
0.13202,-0.22349999999999998
0.132024,-0.149
0.132028,-0.149
0.132032,-0.22349999999999998
0.132036,-0.22349999999999998
0.13204,-0.149
0.132044,-0.149
0.132048,-0.22349999999999998
0.132052,-0.149
0.132056,-0.149
0.13206,-0.22349999999999998
0.132064,-0.149
0.132068,-0.149
0.132072,-0.149
0.132076,-0.149
0.13208,-0.149
0.132084,-0.149
0.132088,-0.149
0.132092,-0.149
0.132096,-0.149
0.1321,-0.149
0.132104,-0.149
0.132108,-0.149
0.132112,-0.149
0.132116,-0.22349999999999998
0.13212,-0.149
0.132124,-0.149
0.132128,-0.149
0.132132,-0.22349999999999998
0.132136,-0.22349999999999998
0.13214,-0.22349999999999998
0.132144,-0.149
0.132148,-0.149
0.132152,-0.22349999999999998
0.132156,-0.149
0.13216,-0.149
0.132164,-0.149
0.132168,-0.22349999999999998
0.132172,-0.149
0.132176,-0.149
0.13218,-0.149
0.132184,-0.22349999999999998
0.132188,-0.149
0.132192,-0.149
0.132196,-0.149
0.1322,-0.149
0.132204,-0.149
0.132208,-0.149
0.132212,-0.149
0.132216,-0.22349999999999998
0.13222,-0.149
0.132224,-0.22349999999999998
0.132228,-0.22349999999999998
0.132232,-0.149
0.132236,-0.22349999999999998
0.13224,-0.149
0.132244,-0.149
0.132248,-0.149
0.132252,-0.22349999999999998
0.132256,-0.149
0.13226,-0.149
0.132264,-0.149
0.132268,-0.149
0.132272,-0.149
0.132276,-0.22349999999999998
0.13228,-0.149
0.132284,-0.149
0.132288,-0.149
0.132292,-0.22349999999999998
0.132296,-0.149
0.1323,-0.22349999999999998
0.132304,-0.149
0.132308,-0.149
0.132312,-0.149
0.132316,-0.149
0.13232,-0.22349999999999998
0.132324,-0.149
0.132328,-0.149
0.132332,-0.149
0.132336,-0.22349999999999998
0.13234,-0.149
0.132344,-0.149
0.132348,-0.149
0.132352,-0.149
0.132356,-0.149
0.13236,-0.149
0.132364,-0.22349999999999998
0.132368,-0.149
0.132372,-0.149
0.132376,-0.22349999999999998
0.13238,-0.149
0.132384,-0.149
0.132388,-0.149
0.132392,-0.22349999999999998
0.132396,-0.22349999999999998
0.1324,-0.149
0.132404,-0.149
0.132408,-0.149
0.132412,-0.149
0.132416,-0.149
0.13242,-0.22349999999999998
0.132424,-0.22349999999999998
0.132428,-0.149
0.132432,-0.149
0.132436,-0.22349999999999998
0.13244,-0.149
0.132444,-0.149
0.132448,-0.149
0.132452,-0.149
0.132456,-0.149
0.13246,-0.22349999999999998
0.132464,-0.22349999999999998
0.132468,-0.22349999999999998
0.132472,-0.22349999999999998
0.132476,-0.149
0.13248,-0.22349999999999998
0.132484,-0.149
0.132488,-0.149
0.132492,-0.149
0.132496,-0.149
0.1325,-0.149
0.132504,-0.149
0.132508,-0.149
0.132512,-0.22349999999999998
0.132516,-0.149
0.13252,-0.22349999999999998
0.132524,-0.149
0.132528,-0.149
0.132532,-0.22349999999999998
0.132536,-0.149
0.13254,-0.149
0.132544,-0.22349999999999998
0.132548,-0.149
0.132552,-0.22349999999999998
0.132556,-0.149
0.13256,-0.22349999999999998
0.132564,-0.22349999999999998
0.132568,-0.149
0.132572,-0.149
0.132576,-0.149
0.13258,-0.22349999999999998
0.132584,-0.149
0.132588,-0.149
0.132592,-0.22349999999999998
0.132596,-0.22349999999999998
0.1326,-0.149
0.132604,-0.22349999999999998
0.132608,-0.22349999999999998
0.132612,-0.149
0.132616,-0.149
0.13262,-0.149
0.132624,-0.149
0.132628,-0.22349999999999998
0.132632,-0.22349999999999998
0.132636,-0.22349999999999998
0.13264,-0.149
0.132644,-0.149
0.132648,-0.149
0.132652,-0.22349999999999998
0.132656,-0.22349999999999998
0.13266,-0.149
0.132664,-0.149
0.132668,-0.149
0.132672,-0.149
0.132676,-0.22349999999999998
0.13268,-0.149
0.132684,-0.22349999999999998
0.132688,-0.149
0.132692,-0.22349999999999998
0.132696,-0.22349999999999998
0.1327,-0.149
0.132704,-0.22349999999999998
0.132708,-0.149
0.132712,-0.22349999999999998
0.132716,-0.149
0.13272,-0.149
0.132724,-0.22349999999999998
0.132728,-0.22349999999999998
0.132732,-0.22349999999999998
0.132736,-0.149
0.13274,-0.149
0.132744,-0.149
0.132748,-0.149
0.132752,-0.149
0.132756,-0.149
0.13276,-0.149
0.132764,-0.22349999999999998
0.132768,-0.22349999999999998
0.132772,-0.149
0.132776,-0.22349999999999998
0.13278,-0.22349999999999998
0.132784,-0.22349999999999998
0.132788,-0.22349999999999998
0.132792,-0.149
0.132796,-0.22349999999999998
0.1328,-0.22349999999999998
0.132804,-0.22349999999999998
0.132808,-0.149
0.132812,-0.22349999999999998
0.132816,-0.22349999999999998
0.13282,-0.22349999999999998
0.132824,-0.22349999999999998
0.132828,-0.149
0.132832,-0.149
0.132836,-0.149
0.13284,-0.149
0.132844,-0.22349999999999998
0.132848,-0.149
0.132852,-0.22349999999999998
0.132856,-0.149
0.13286,-0.149
0.132864,-0.22349999999999998
0.132868,-0.22349999999999998
0.132872,-0.22349999999999998
0.132876,-0.22349999999999998
0.13288,-0.149
0.132884,-0.149
0.132888,-0.22349999999999998
0.132892,-0.149
0.132896,-0.22349999999999998
0.1329,-0.22349999999999998
0.132904,-0.22349999999999998
0.132908,-0.22349999999999998
0.132912,-0.149
0.132916,-0.149
0.13292,-0.22349999999999998
0.132924,-0.22349999999999998
0.132928,-0.22349999999999998
0.132932,-0.22349999999999998
0.132936,-0.22349999999999998
0.13294,-0.22349999999999998
0.132944,-0.22349999999999998
0.132948,-0.149
0.132952,-0.149
0.132956,-0.22349999999999998
0.13296,-0.149
0.132964,-0.22349999999999998
0.132968,-0.22349999999999998
0.132972,-0.149
0.132976,-0.149
0.13298,-0.22349999999999998
0.132984,-0.22349999999999998
0.132988,-0.149
0.132992,-0.22349999999999998
0.132996,-0.22349999999999998
0.133,-0.149
0.133004,-0.22349999999999998
0.133008,-0.22349999999999998
0.133012,-0.149
0.133016,-0.22349999999999998
0.13302,-0.22349999999999998
0.133024,-0.22349999999999998
0.133028,-0.22349999999999998
0.133032,-0.22349999999999998
0.133036,-0.22349999999999998
0.13304,-0.149
0.133044,-0.22349999999999998
0.133048,-0.22349999999999998
0.133052,-0.22349999999999998
0.133056,-0.149
0.13306,-0.22349999999999998
0.133064,-0.149
0.133068,-0.22349999999999998
0.133072,-0.22349999999999998
0.133076,-0.22349999999999998
0.13308,-0.149
0.133084,-0.149
0.133088,-0.22349999999999998
0.133092,-0.149
0.133096,-0.22349999999999998
0.1331,-0.149
0.133104,-0.22349999999999998
0.133108,-0.22349999999999998
0.133112,-0.22349999999999998
0.133116,-0.22349999999999998
0.13312,-0.149
0.133124,-0.22349999999999998
0.133128,-0.22349999999999998
0.133132,-0.22349999999999998
0.133136,-0.22349999999999998
0.13314,-0.22349999999999998
0.133144,-0.22349999999999998
0.133148,-0.22349999999999998
0.133152,-0.22349999999999998
0.133156,-0.22349999999999998
0.13316,-0.22349999999999998
0.133164,-0.22349999999999998
0.133168,-0.22349999999999998
0.133172,-0.22349999999999998
0.133176,-0.22349999999999998
0.13318,-0.22349999999999998
0.133184,-0.22349999999999998
0.133188,-0.298
0.133192,-0.22349999999999998
0.133196,-0.22349999999999998
0.1332,-0.22349999999999998
0.133204,-0.149
0.133208,-0.22349999999999998
0.133212,-0.22349999999999998
0.133216,-0.22349999999999998
0.13322,-0.22349999999999998
0.133224,-0.22349999999999998
0.133228,-0.22349999999999998
0.133232,-0.22349999999999998
0.133236,-0.22349999999999998
0.13324,-0.22349999999999998
0.133244,-0.22349999999999998
0.133248,-0.22349999999999998
0.133252,-0.149
0.133256,-0.22349999999999998
0.13326,-0.22349999999999998
0.133264,-0.22349999999999998
0.133268,-0.22349999999999998
0.133272,-0.22349999999999998
0.133276,-0.22349999999999998
0.13328,-0.22349999999999998
0.133284,-0.22349999999999998
0.133288,-0.298
0.133292,-0.298
0.133296,-0.22349999999999998
0.1333,-0.22349999999999998
0.133304,-0.22349999999999998
0.133308,-0.298
0.133312,-0.22349999999999998
0.133316,-0.22349999999999998
0.13332,-0.22349999999999998
0.133324,-0.22349999999999998
0.133328,-0.22349999999999998
0.133332,-0.22349999999999998
0.133336,-0.22349999999999998
0.13334,-0.22349999999999998
0.133344,-0.22349999999999998
0.133348,-0.22349999999999998
0.133352,-0.22349999999999998
0.133356,-0.22349999999999998
0.13336,-0.22349999999999998
0.133364,-0.22349999999999998
0.133368,-0.22349999999999998
0.133372,-0.22349999999999998
0.133376,-0.22349999999999998
0.13338,-0.149
0.133384,-0.22349999999999998
0.133388,-0.22349999999999998
0.133392,-0.22349999999999998
0.133396,-0.22349999999999998
0.1334,-0.22349999999999998
0.133404,-0.22349999999999998
0.133408,-0.22349999999999998
0.133412,-0.22349999999999998
0.133416,-0.22349999999999998
0.13342,-0.149
0.133424,-0.22349999999999998
0.133428,-0.22349999999999998
0.133432,-0.22349999999999998
0.133436,-0.22349999999999998
0.13344,-0.22349999999999998
0.133444,-0.22349999999999998
0.133448,-0.22349999999999998
0.133452,-0.22349999999999998
0.133456,-0.22349999999999998
0.13346,-0.22349999999999998
0.133464,-0.22349999999999998
0.133468,-0.22349999999999998
0.133472,-0.22349999999999998
0.133476,-0.22349999999999998
0.13348,-0.22349999999999998
0.133484,-0.22349999999999998
0.133488,-0.22349999999999998
0.133492,-0.22349999999999998
0.133496,-0.22349999999999998
0.1335,-0.22349999999999998
0.133504,-0.22349999999999998
0.133508,-0.22349999999999998
0.133512,-0.22349999999999998
0.133516,-0.22349999999999998
0.13352,-0.22349999999999998
0.133524,-0.22349999999999998
0.133528,-0.22349999999999998
0.133532,-0.22349999999999998
0.133536,-0.149
0.13354,-0.149
0.133544,-0.22349999999999998
0.133548,-0.22349999999999998
0.133552,-0.22349999999999998
0.133556,-0.22349999999999998
0.13356,-0.22349999999999998
0.133564,-0.22349999999999998
0.133568,-0.298
0.133572,-0.22349999999999998
0.133576,-0.149
0.13358,-0.22349999999999998
0.133584,-0.22349999999999998
0.133588,-0.22349999999999998
0.133592,-0.22349999999999998
0.133596,-0.22349999999999998
0.1336,-0.22349999999999998
0.133604,-0.22349999999999998
0.133608,-0.22349999999999998
0.133612,-0.149
0.133616,-0.22349999999999998
0.13362,-0.22349999999999998
0.133624,-0.22349999999999998
0.133628,-0.22349999999999998
0.133632,-0.22349999999999998
0.133636,-0.22349999999999998
0.13364,-0.22349999999999998
0.133644,-0.22349999999999998
0.133648,-0.22349999999999998
0.133652,-0.22349999999999998
0.133656,-0.149
0.13366,-0.22349999999999998
0.133664,-0.22349999999999998
0.133668,-0.22349999999999998
0.133672,-0.22349999999999998
0.133676,-0.22349999999999998
0.13368,-0.22349999999999998
0.133684,-0.149
0.133688,-0.149
0.133692,-0.22349999999999998
0.133696,-0.22349999999999998
0.1337,-0.22349999999999998
0.133704,-0.22349999999999998
0.133708,-0.22349999999999998
0.133712,-0.22349999999999998
0.133716,-0.22349999999999998
0.13372,-0.22349999999999998
0.133724,-0.149
0.133728,-0.22349999999999998
0.133732,-0.22349999999999998
0.133736,-0.22349999999999998
0.13374,-0.22349999999999998
0.133744,-0.22349999999999998
0.133748,-0.298
0.133752,-0.22349999999999998
0.133756,-0.22349999999999998
0.13376,-0.22349999999999998
0.133764,-0.22349999999999998
0.133768,-0.22349999999999998
0.133772,-0.22349999999999998
0.133776,-0.22349999999999998
0.13378,-0.22349999999999998
0.133784,-0.22349999999999998
0.133788,-0.22349999999999998
0.133792,-0.22349999999999998
0.133796,-0.22349999999999998
0.1338,-0.22349999999999998
0.133804,-0.22349999999999998
0.133808,-0.22349999999999998
0.133812,-0.22349999999999998
0.133816,-0.22349999999999998
0.13382,-0.22349999999999998
0.133824,-0.22349999999999998
0.133828,-0.22349999999999998
0.133832,-0.22349999999999998
0.133836,-0.22349999999999998
0.13384,-0.22349999999999998
0.133844,-0.149
0.133848,-0.22349999999999998
0.133852,-0.22349999999999998
0.133856,-0.22349999999999998
0.13386,-0.22349999999999998
0.133864,-0.22349999999999998
0.133868,-0.22349999999999998
0.133872,-0.22349999999999998
0.133876,-0.22349999999999998
0.13388,-0.22349999999999998
0.133884,-0.22349999999999998
0.133888,-0.298
0.133892,-0.22349999999999998
0.133896,-0.22349999999999998
0.1339,-0.22349999999999998
0.133904,-0.22349999999999998
0.133908,-0.22349999999999998
0.133912,-0.22349999999999998
0.133916,-0.22349999999999998
0.13392,-0.22349999999999998
0.133924,-0.22349999999999998
0.133928,-0.22349999999999998
0.133932,-0.22349999999999998
0.133936,-0.22349999999999998
0.13394,-0.22349999999999998
0.133944,-0.22349999999999998
0.133948,-0.22349999999999998
0.133952,-0.22349999999999998
0.133956,-0.22349999999999998
0.13396,-0.22349999999999998
0.133964,-0.22349999999999998
0.133968,-0.22349999999999998
0.133972,-0.22349999999999998
0.133976,-0.22349999999999998
0.13398,-0.22349999999999998
0.133984,-0.22349999999999998
0.133988,-0.22349999999999998
0.133992,-0.22349999999999998
0.133996,-0.22349999999999998
0.134,-0.298
0.134004,-0.22349999999999998
0.134008,-0.22349999999999998
0.134012,-0.22349999999999998
0.134016,-0.22349999999999998
0.13402,-0.22349999999999998
0.134024,-0.22349999999999998
0.134028,-0.22349999999999998
0.134032,-0.149
0.134036,-0.22349999999999998
0.13404,-0.22349999999999998
0.134044,-0.22349999999999998
0.134048,-0.22349999999999998
0.134052,-0.22349999999999998
0.134056,-0.22349999999999998
0.13406,-0.22349999999999998
0.134064,-0.22349999999999998
0.134068,-0.22349999999999998
0.134072,-0.149
0.134076,-0.22349999999999998
0.13408,-0.22349999999999998
0.134084,-0.22349999999999998
0.134088,-0.22349999999999998
0.134092,-0.22349999999999998
0.134096,-0.22349999999999998
0.1341,-0.22349999999999998
0.134104,-0.22349999999999998
0.134108,-0.22349999999999998
0.134112,-0.22349999999999998
0.134116,-0.22349999999999998
0.13412,-0.22349999999999998
0.134124,-0.22349999999999998
0.134128,-0.22349999999999998
0.134132,-0.22349999999999998
0.134136,-0.22349999999999998
0.13414,-0.22349999999999998
0.134144,-0.22349999999999998
0.134148,-0.22349999999999998
0.134152,-0.298
0.134156,-0.298
0.13416,-0.22349999999999998
0.134164,-0.22349999999999998
0.134168,-0.22349999999999998
0.134172,-0.22349999999999998
0.134176,-0.22349999999999998
0.13418,-0.22349999999999998
0.134184,-0.22349999999999998
0.134188,-0.22349999999999998
0.134192,-0.22349999999999998
0.134196,-0.22349999999999998
0.1342,-0.22349999999999998
0.134204,-0.22349999999999998
0.134208,-0.22349999999999998
0.134212,-0.22349999999999998
0.134216,-0.22349999999999998
0.13422,-0.22349999999999998
0.134224,-0.22349999999999998
0.134228,-0.22349999999999998
0.134232,-0.22349999999999998
0.134236,-0.22349999999999998
0.13424,-0.22349999999999998
0.134244,-0.22349999999999998
0.134248,-0.22349999999999998
0.134252,-0.22349999999999998
0.134256,-0.22349999999999998
0.13426,-0.22349999999999998
0.134264,-0.22349999999999998
0.134268,-0.22349999999999998
0.134272,-0.22349999999999998
0.134276,-0.298
0.13428,-0.22349999999999998
0.134284,-0.22349999999999998
0.134288,-0.22349999999999998
0.134292,-0.22349999999999998
0.134296,-0.22349999999999998
0.1343,-0.298
0.134304,-0.298
0.134308,-0.22349999999999998
0.134312,-0.22349999999999998
0.134316,-0.22349999999999998
0.13432,-0.22349999999999998
0.134324,-0.22349999999999998
0.134328,-0.22349999999999998
0.134332,-0.22349999999999998
0.134336,-0.298
0.13434,-0.22349999999999998
0.134344,-0.22349999999999998
0.134348,-0.22349999999999998
0.134352,-0.22349999999999998
0.134356,-0.22349999999999998
0.13436,-0.22349999999999998
0.134364,-0.22349999999999998
0.134368,-0.22349999999999998
0.134372,-0.22349999999999998
0.134376,-0.22349999999999998
0.13438,-0.22349999999999998
0.134384,-0.22349999999999998
0.134388,-0.298
0.134392,-0.22349999999999998
0.134396,-0.22349999999999998
0.1344,-0.22349999999999998
0.134404,-0.22349999999999998
0.134408,-0.298
0.134412,-0.298
0.134416,-0.22349999999999998
0.13442,-0.22349999999999998
0.134424,-0.22349999999999998
0.134428,-0.22349999999999998
0.134432,-0.22349999999999998
0.134436,-0.22349999999999998
0.13444,-0.298
0.134444,-0.298
0.134448,-0.22349999999999998
0.134452,-0.22349999999999998
0.134456,-0.22349999999999998
0.13446,-0.22349999999999998
0.134464,-0.298
0.134468,-0.22349999999999998
0.134472,-0.298
0.134476,-0.22349999999999998
0.13448,-0.22349999999999998
0.134484,-0.22349999999999998
0.134488,-0.22349999999999998
0.134492,-0.22349999999999998
0.134496,-0.22349999999999998
0.1345,-0.22349999999999998
0.134504,-0.298
0.134508,-0.22349999999999998
0.134512,-0.22349999999999998
0.134516,-0.22349999999999998
0.13452,-0.22349999999999998
0.134524,-0.22349999999999998
0.134528,-0.22349999999999998
0.134532,-0.22349999999999998
0.134536,-0.22349999999999998
0.13454,-0.22349999999999998
0.134544,-0.22349999999999998
0.134548,-0.22349999999999998
0.134552,-0.22349999999999998
0.134556,-0.22349999999999998
0.13456,-0.22349999999999998
0.134564,-0.22349999999999998
0.134568,-0.22349999999999998
0.134572,-0.22349999999999998
0.134576,-0.298
0.13458,-0.22349999999999998
0.134584,-0.22349999999999998
0.134588,-0.22349999999999998
0.134592,-0.22349999999999998
0.134596,-0.22349999999999998
0.1346,-0.22349999999999998
0.134604,-0.22349999999999998
0.134608,-0.22349999999999998
0.134612,-0.22349999999999998
0.134616,-0.22349999999999998
0.13462,-0.298
0.134624,-0.22349999999999998
0.134628,-0.22349999999999998
0.134632,-0.22349999999999998
0.134636,-0.298
0.13464,-0.22349999999999998
0.134644,-0.22349999999999998
0.134648,-0.22349999999999998
0.134652,-0.22349999999999998
0.134656,-0.298
0.13466,-0.22349999999999998
0.134664,-0.298
0.134668,-0.22349999999999998
0.134672,-0.22349999999999998
0.134676,-0.22349999999999998
0.13468,-0.22349999999999998
0.134684,-0.22349999999999998
0.134688,-0.22349999999999998
0.134692,-0.22349999999999998
0.134696,-0.22349999999999998
0.1347,-0.298
0.134704,-0.22349999999999998
0.134708,-0.22349999999999998
0.134712,-0.22349999999999998
0.134716,-0.22349999999999998
0.13472,-0.22349999999999998
0.134724,-0.22349999999999998
0.134728,-0.22349999999999998
0.134732,-0.22349999999999998
0.134736,-0.22349999999999998
0.13474,-0.22349999999999998
0.134744,-0.22349999999999998
0.134748,-0.22349999999999998
0.134752,-0.22349999999999998
0.134756,-0.22349999999999998
0.13476,-0.22349999999999998
0.134764,-0.298
0.134768,-0.22349999999999998
0.134772,-0.22349999999999998
0.134776,-0.22349999999999998
0.13478,-0.22349999999999998
0.134784,-0.22349999999999998
0.134788,-0.22349999999999998
0.134792,-0.22349999999999998
0.134796,-0.22349999999999998
0.1348,-0.22349999999999998
0.134804,-0.22349999999999998
0.134808,-0.298
0.134812,-0.298
0.134816,-0.22349999999999998
0.13482,-0.22349999999999998
0.134824,-0.22349999999999998
0.134828,-0.22349999999999998
0.134832,-0.22349999999999998
0.134836,-0.298
0.13484,-0.22349999999999998
0.134844,-0.22349999999999998
0.134848,-0.22349999999999998
0.134852,-0.298
0.134856,-0.22349999999999998
0.13486,-0.22349999999999998
0.134864,-0.22349999999999998
0.134868,-0.22349999999999998
0.134872,-0.22349999999999998
0.134876,-0.298
0.13488,-0.298
0.134884,-0.298
0.134888,-0.298
0.134892,-0.22349999999999998
0.134896,-0.22349999999999998
0.1349,-0.22349999999999998
0.134904,-0.298
0.134908,-0.22349999999999998
0.134912,-0.22349999999999998
0.134916,-0.22349999999999998
0.13492,-0.298
0.134924,-0.298
0.134928,-0.22349999999999998
0.134932,-0.298
0.134936,-0.298
0.13494,-0.298
0.134944,-0.22349999999999998
0.134948,-0.22349999999999998
0.134952,-0.22349999999999998
0.134956,-0.22349999999999998
0.13496,-0.22349999999999998
0.134964,-0.22349999999999998
0.134968,-0.22349999999999998
0.134972,-0.22349999999999998
0.134976,-0.22349999999999998
0.13498,-0.22349999999999998
0.134984,-0.298
0.134988,-0.22349999999999998
0.134992,-0.22349999999999998
0.134996,-0.298
0.135,-0.298
0.135004,-0.298
0.135008,-0.22349999999999998
0.135012,-0.22349999999999998
0.135016,-0.22349999999999998
0.13502,-0.22349999999999998
0.135024,-0.298
0.135028,-0.22349999999999998
0.135032,-0.22349999999999998
0.135036,-0.298
0.13504,-0.298
0.135044,-0.298
0.135048,-0.298
0.135052,-0.22349999999999998
0.135056,-0.22349999999999998
0.13506,-0.22349999999999998
0.135064,-0.298
0.135068,-0.298
0.135072,-0.22349999999999998
0.135076,-0.22349999999999998
0.13508,-0.298
0.135084,-0.22349999999999998
0.135088,-0.298
0.135092,-0.22349999999999998
0.135096,-0.22349999999999998
0.1351,-0.298
0.135104,-0.298
0.135108,-0.298
0.135112,-0.22349999999999998
0.135116,-0.22349999999999998
0.13512,-0.298
0.135124,-0.22349999999999998
0.135128,-0.298
0.135132,-0.22349999999999998
0.135136,-0.22349999999999998
0.13514,-0.22349999999999998
0.135144,-0.298
0.135148,-0.298
0.135152,-0.22349999999999998
0.135156,-0.22349999999999998
0.13516,-0.298
0.135164,-0.22349999999999998
0.135168,-0.298
0.135172,-0.298
0.135176,-0.22349999999999998
0.13518,-0.298
0.135184,-0.22349999999999998
0.135188,-0.22349999999999998
0.135192,-0.22349999999999998
0.135196,-0.22349999999999998
0.1352,-0.22349999999999998
0.135204,-0.22349999999999998
0.135208,-0.298
0.135212,-0.298
0.135216,-0.22349999999999998
0.13522,-0.298
0.135224,-0.298
0.135228,-0.22349999999999998
0.135232,-0.22349999999999998
0.135236,-0.298
0.13524,-0.22349999999999998
0.135244,-0.22349999999999998
0.135248,-0.298
0.135252,-0.22349999999999998
0.135256,-0.22349999999999998
0.13526,-0.298
0.135264,-0.298
0.135268,-0.22349999999999998
0.135272,-0.298
0.135276,-0.22349999999999998
0.13528,-0.298
0.135284,-0.22349999999999998
0.135288,-0.298
0.135292,-0.22349999999999998
0.135296,-0.298
0.1353,-0.22349999999999998
0.135304,-0.22349999999999998
0.135308,-0.298
0.135312,-0.298
0.135316,-0.298
0.13532,-0.298
0.135324,-0.22349999999999998
0.135328,-0.298
0.135332,-0.298
0.135336,-0.298
0.13534,-0.22349999999999998
0.135344,-0.22349999999999998
0.135348,-0.298
0.135352,-0.22349999999999998
0.135356,-0.22349999999999998
0.13536,-0.22349999999999998
0.135364,-0.22349999999999998
0.135368,-0.298
0.135372,-0.298
0.135376,-0.298
0.13538,-0.298
0.135384,-0.298
0.135388,-0.298
0.135392,-0.22349999999999998
0.135396,-0.22349999999999998
0.1354,-0.298
0.135404,-0.22349999999999998
0.135408,-0.22349999999999998
0.135412,-0.22349999999999998
0.135416,-0.22349999999999998
0.13542,-0.298
0.135424,-0.22349999999999998
0.135428,-0.22349999999999998
0.135432,-0.22349999999999998
0.135436,-0.22349999999999998
0.13544,-0.22349999999999998
0.135444,-0.22349999999999998
0.135448,-0.298
0.135452,-0.22349999999999998
0.135456,-0.298
0.13546,-0.22349999999999998
0.135464,-0.298
0.135468,-0.22349999999999998
0.135472,-0.298
0.135476,-0.22349999999999998
0.13548,-0.22349999999999998
0.135484,-0.298
0.135488,-0.298
0.135492,-0.298
0.135496,-0.22349999999999998
0.1355,-0.298
0.135504,-0.298
0.135508,-0.22349999999999998
0.135512,-0.298
0.135516,-0.298
0.13552,-0.22349999999999998
0.135524,-0.22349999999999998
0.135528,-0.22349999999999998
0.135532,-0.22349999999999998
0.135536,-0.22349999999999998
0.13554,-0.298
0.135544,-0.22349999999999998
0.135548,-0.22349999999999998
0.135552,-0.22349999999999998
0.135556,-0.298
0.13556,-0.298
0.135564,-0.298
0.135568,-0.298
0.135572,-0.22349999999999998
0.135576,-0.298
0.13558,-0.22349999999999998
0.135584,-0.22349999999999998
0.135588,-0.22349999999999998
0.135592,-0.22349999999999998
0.135596,-0.298
0.1356,-0.298
0.135604,-0.298
0.135608,-0.298
0.135612,-0.298
0.135616,-0.298
0.13562,-0.22349999999999998
0.135624,-0.22349999999999998
0.135628,-0.22349999999999998
0.135632,-0.298
0.135636,-0.22349999999999998
0.13564,-0.22349999999999998
0.135644,-0.298
0.135648,-0.298
0.135652,-0.298
0.135656,-0.298
0.13566,-0.298
0.135664,-0.298
0.135668,-0.298
0.135672,-0.298
0.135676,-0.298
0.13568,-0.298
0.135684,-0.298
0.135688,-0.22349999999999998
0.135692,-0.298
0.135696,-0.298
0.1357,-0.298
0.135704,-0.298
0.135708,-0.298
0.135712,-0.22349999999999998
0.135716,-0.298
0.13572,-0.298
0.135724,-0.298
0.135728,-0.298
0.135732,-0.298
0.135736,-0.298
0.13574,-0.298
0.135744,-0.298
0.135748,-0.298
0.135752,-0.298
0.135756,-0.298
0.13576,-0.298
0.135764,-0.298
0.135768,-0.298
0.135772,-0.298
0.135776,-0.22349999999999998
0.13578,-0.298
0.135784,-0.298
0.135788,-0.298
0.135792,-0.298
0.135796,-0.298
0.1358,-0.298
0.135804,-0.298
0.135808,-0.22349999999999998
0.135812,-0.298
0.135816,-0.298
0.13582,-0.298
0.135824,-0.298
0.135828,-0.22349999999999998
0.135832,-0.298
0.135836,-0.298
0.13584,-0.298
0.135844,-0.298
0.135848,-0.298
0.135852,-0.298
0.135856,-0.298
0.13586,-0.298
0.135864,-0.298
0.135868,-0.298
0.135872,-0.298
0.135876,-0.22349999999999998
0.13588,-0.3725
0.135884,-0.298
0.135888,-0.298
0.135892,-0.298
0.135896,-0.298
0.1359,-0.298
0.135904,-0.22349999999999998
0.135908,-0.298
0.135912,-0.298
0.135916,-0.298
0.13592,-0.298
0.135924,-0.22349999999999998
0.135928,-0.298
0.135932,-0.298
0.135936,-0.298
0.13594,-0.298
0.135944,-0.298
0.135948,-0.298
0.135952,-0.298
0.135956,-0.298
0.13596,-0.298
0.135964,-0.298
0.135968,-0.298
0.135972,-0.298
0.135976,-0.298
0.13598,-0.298
0.135984,-0.298
0.135988,-0.298
0.135992,-0.298
0.135996,-0.298
0.136,-0.298
0.136004,-0.298
0.136008,-0.298
0.136012,-0.298
0.136016,-0.298
0.13602,-0.22349999999999998
0.136024,-0.298
0.136028,-0.298
0.136032,-0.298
0.136036,-0.298
0.13604,-0.298
0.136044,-0.298
0.136048,-0.298
0.136052,-0.298
0.136056,-0.298
0.13606,-0.298
0.136064,-0.298
0.136068,-0.298
0.136072,-0.22349999999999998
0.136076,-0.298
0.13608,-0.298
0.136084,-0.298
0.136088,-0.298
0.136092,-0.298
0.136096,-0.298
0.1361,-0.298
0.136104,-0.298
0.136108,-0.298
0.136112,-0.298
0.136116,-0.298
0.13612,-0.298
0.136124,-0.298
0.136128,-0.298
0.136132,-0.298
0.136136,-0.298
0.13614,-0.298
0.136144,-0.298
0.136148,-0.298
0.136152,-0.298
0.136156,-0.298
0.13616,-0.298
0.136164,-0.298
0.136168,-0.298
0.136172,-0.298
0.136176,-0.298
0.13618,-0.298
0.136184,-0.298
0.136188,-0.298
0.136192,-0.298
0.136196,-0.298
0.1362,-0.298
0.136204,-0.298
0.136208,-0.298
0.136212,-0.298
0.136216,-0.298
0.13622,-0.298
0.136224,-0.298
0.136228,-0.298
0.136232,-0.298
0.136236,-0.298
0.13624,-0.298
0.136244,-0.298
0.136248,-0.298
0.136252,-0.298
0.136256,-0.298
0.13626,-0.298
0.136264,-0.298
0.136268,-0.22349999999999998
0.136272,-0.298
0.136276,-0.298
0.13628,-0.298
0.136284,-0.298
0.136288,-0.298
0.136292,-0.298
0.136296,-0.298
0.1363,-0.298
0.136304,-0.298
0.136308,-0.298
0.136312,-0.298
0.136316,-0.298
0.13632,-0.298
0.136324,-0.298
0.136328,-0.298
0.136332,-0.298
0.136336,-0.298
0.13634,-0.298
0.136344,-0.298
0.136348,-0.298
0.136352,-0.298
0.136356,-0.298
0.13636,-0.3725
0.136364,-0.298
0.136368,-0.298
0.136372,-0.298
0.136376,-0.298
0.13638,-0.298
0.136384,-0.298
0.136388,-0.298
0.136392,-0.298
0.136396,-0.298
0.1364,-0.298
0.136404,-0.298
0.136408,-0.298
0.136412,-0.3725
0.136416,-0.298
0.13642,-0.298
0.136424,-0.298
0.136428,-0.298
0.136432,-0.298
0.136436,-0.298
0.13644,-0.298
0.136444,-0.298
0.136448,-0.298
0.136452,-0.3725
0.136456,-0.3725
0.13646,-0.298
0.136464,-0.298
0.136468,-0.298
0.136472,-0.3725
0.136476,-0.298
0.13648,-0.298
0.136484,-0.298
0.136488,-0.298
0.136492,-0.298
0.136496,-0.298
0.1365,-0.298
0.136504,-0.298
0.136508,-0.298
0.136512,-0.298
0.136516,-0.298
0.13652,-0.298
0.136524,-0.3725
0.136528,-0.298
0.136532,-0.298
0.136536,-0.298
0.13654,-0.3725
0.136544,-0.298
0.136548,-0.298
0.136552,-0.298
0.136556,-0.298
0.13656,-0.298
0.136564,-0.298
0.136568,-0.298
0.136572,-0.298
0.136576,-0.298
0.13658,-0.298
0.136584,-0.298
0.136588,-0.298
0.136592,-0.298
0.136596,-0.298
0.1366,-0.298
0.136604,-0.298
0.136608,-0.298
0.136612,-0.298
0.136616,-0.298
0.13662,-0.298
0.136624,-0.3725
0.136628,-0.298
0.136632,-0.298
0.136636,-0.298
0.13664,-0.298
0.136644,-0.298
0.136648,-0.298
0.136652,-0.298
0.136656,-0.298
0.13666,-0.298
0.136664,-0.298
0.136668,-0.298
0.136672,-0.298
0.136676,-0.3725
0.13668,-0.298
0.136684,-0.298
0.136688,-0.298
0.136692,-0.298
0.136696,-0.3725
0.1367,-0.298
0.136704,-0.298
0.136708,-0.3725
0.136712,-0.298
0.136716,-0.298
0.13672,-0.298
0.136724,-0.3725
0.136728,-0.298
0.136732,-0.298
0.136736,-0.298
0.13674,-0.298
0.136744,-0.298
0.136748,-0.298
0.136752,-0.298
0.136756,-0.298
0.13676,-0.298
0.136764,-0.3725
0.136768,-0.298
0.136772,-0.298
0.136776,-0.298
0.13678,-0.298
0.136784,-0.298
0.136788,-0.298
0.136792,-0.298
0.136796,-0.3725
0.1368,-0.298
0.136804,-0.298
0.136808,-0.298
0.136812,-0.298
0.136816,-0.298
0.13682,-0.298
0.136824,-0.3725
0.136828,-0.298
0.136832,-0.298
0.136836,-0.298
0.13684,-0.298
0.136844,-0.3725
0.136848,-0.298
0.136852,-0.298
0.136856,-0.298
0.13686,-0.3725
0.136864,-0.298
0.136868,-0.298
0.136872,-0.298
0.136876,-0.298
0.13688,-0.298
0.136884,-0.3725
0.136888,-0.298
0.136892,-0.3725
0.136896,-0.298
0.1369,-0.298
0.136904,-0.298
0.136908,-0.298
0.136912,-0.298
0.136916,-0.298
0.13692,-0.298
0.136924,-0.298
0.136928,-0.298
0.136932,-0.298
0.136936,-0.298
0.13694,-0.298
0.136944,-0.298
0.136948,-0.298
0.136952,-0.298
0.136956,-0.298
0.13696,-0.298
0.136964,-0.298
0.136968,-0.3725
0.136972,-0.298
0.136976,-0.298
0.13698,-0.298
0.136984,-0.3725
0.136988,-0.298
0.136992,-0.298
0.136996,-0.298
0.137,-0.298
0.137004,-0.298
0.137008,-0.298
0.137012,-0.298
0.137016,-0.298
0.13702,-0.3725
0.137024,-0.3725
0.137028,-0.3725
0.137032,-0.298
0.137036,-0.298
0.13704,-0.298
0.137044,-0.298
0.137048,-0.298
0.137052,-0.298
0.137056,-0.298
0.13706,-0.298
0.137064,-0.298
0.137068,-0.298
0.137072,-0.298
0.137076,-0.298
0.13708,-0.3725
0.137084,-0.298
0.137088,-0.298
0.137092,-0.298
0.137096,-0.298
0.1371,-0.298
0.137104,-0.298
0.137108,-0.298
0.137112,-0.298
0.137116,-0.3725
0.13712,-0.298
0.137124,-0.298
0.137128,-0.3725
0.137132,-0.3725
0.137136,-0.298
0.13714,-0.3725
0.137144,-0.298
0.137148,-0.298
0.137152,-0.298
0.137156,-0.298
0.13716,-0.298
0.137164,-0.298
0.137168,-0.298
0.137172,-0.298
0.137176,-0.3725
0.13718,-0.298
0.137184,-0.298
0.137188,-0.298
0.137192,-0.298
0.137196,-0.298
0.1372,-0.298
0.137204,-0.298
0.137208,-0.298
0.137212,-0.3725
0.137216,-0.298
0.13722,-0.298
0.137224,-0.298
0.137228,-0.298
0.137232,-0.298
0.137236,-0.3725
0.13724,-0.298
0.137244,-0.298
0.137248,-0.298
0.137252,-0.298
0.137256,-0.298
0.13726,-0.298
0.137264,-0.298
0.137268,-0.298
0.137272,-0.298
0.137276,-0.298
0.13728,-0.3725
0.137284,-0.298
0.137288,-0.298
0.137292,-0.298
0.137296,-0.298
0.1373,-0.298
0.137304,-0.298
0.137308,-0.3725
0.137312,-0.298
0.137316,-0.298
0.13732,-0.298
0.137324,-0.298
0.137328,-0.22349999999999998
0.137332,-0.298
0.137336,-0.298
0.13734,-0.298
0.137344,-0.3725
0.137348,-0.298
0.137352,-0.298
0.137356,-0.298
0.13736,-0.298
0.137364,-0.298
0.137368,-0.298
0.137372,-0.298
0.137376,-0.298
0.13738,-0.298
0.137384,-0.298
0.137388,-0.298
0.137392,-0.298
0.137396,-0.298
0.1374,-0.298
0.137404,-0.298
0.137408,-0.298
0.137412,-0.298
0.137416,-0.298
0.13742,-0.298
0.137424,-0.3725
0.137428,-0.298
0.137432,-0.3725
0.137436,-0.3725
0.13744,-0.298
0.137444,-0.298
0.137448,-0.298
0.137452,-0.298
0.137456,-0.298
0.13746,-0.298
0.137464,-0.298
0.137468,-0.298
0.137472,-0.298
0.137476,-0.298
0.13748,-0.298
0.137484,-0.298
0.137488,-0.298
0.137492,-0.298
0.137496,-0.298
0.1375,-0.298
0.137504,-0.298
0.137508,-0.3725
0.137512,-0.298
0.137516,-0.298
0.13752,-0.298
0.137524,-0.298
0.137528,-0.298
0.137532,-0.298
0.137536,-0.3725
0.13754,-0.298
0.137544,-0.298
0.137548,-0.298
0.137552,-0.298
0.137556,-0.298
0.13756,-0.298
0.137564,-0.298
0.137568,-0.298
0.137572,-0.298
0.137576,-0.298
0.13758,-0.298
0.137584,-0.298
0.137588,-0.3725
0.137592,-0.298
0.137596,-0.3725
0.1376,-0.298
0.137604,-0.298
0.137608,-0.298
0.137612,-0.298
0.137616,-0.3725
0.13762,-0.298
0.137624,-0.298
0.137628,-0.298
0.137632,-0.298
0.137636,-0.3725
0.13764,-0.298
0.137644,-0.298
0.137648,-0.3725
0.137652,-0.298
0.137656,-0.298
0.13766,-0.298
0.137664,-0.298
0.137668,-0.3725
0.137672,-0.298
0.137676,-0.3725
0.13768,-0.298
0.137684,-0.3725
0.137688,-0.298
0.137692,-0.298
0.137696,-0.3725
0.1377,-0.298
0.137704,-0.298
0.137708,-0.298
0.137712,-0.298
0.137716,-0.298
0.13772,-0.298
0.137724,-0.298
0.137728,-0.298
0.137732,-0.298
0.137736,-0.298
0.13774,-0.298
0.137744,-0.298
0.137748,-0.298
0.137752,-0.298
0.137756,-0.298
0.13776,-0.298
0.137764,-0.298
0.137768,-0.3725
0.137772,-0.298
0.137776,-0.3725
0.13778,-0.298
0.137784,-0.3725
0.137788,-0.3725
0.137792,-0.298
0.137796,-0.3725
0.1378,-0.3725
0.137804,-0.298
0.137808,-0.298
0.137812,-0.3725
0.137816,-0.298
0.13782,-0.298
0.137824,-0.298
0.137828,-0.3725
0.137832,-0.3725
0.137836,-0.3725
0.13784,-0.298
0.137844,-0.298
0.137848,-0.3725
0.137852,-0.298
0.137856,-0.3725
0.13786,-0.298
0.137864,-0.298
0.137868,-0.3725
0.137872,-0.298
0.137876,-0.298
0.13788,-0.298
0.137884,-0.3725
0.137888,-0.3725
0.137892,-0.298
0.137896,-0.298
0.1379,-0.3725
0.137904,-0.298
0.137908,-0.298
0.137912,-0.3725
0.137916,-0.298
0.13792,-0.298
0.137924,-0.298
0.137928,-0.3725
0.137932,-0.298
0.137936,-0.3725
0.13794,-0.298
0.137944,-0.298
0.137948,-0.298
0.137952,-0.298
0.137956,-0.298
0.13796,-0.298
0.137964,-0.298
0.137968,-0.298
0.137972,-0.3725
0.137976,-0.3725
0.13798,-0.298
0.137984,-0.298
0.137988,-0.3725
0.137992,-0.298
0.137996,-0.298
0.138,-0.3725
0.138004,-0.298
0.138008,-0.3725
0.138012,-0.298
0.138016,-0.298
0.13802,-0.298
0.138024,-0.3725
0.138028,-0.298
0.138032,-0.298
0.138036,-0.298
0.13804,-0.298
0.138044,-0.298
0.138048,-0.3725
0.138052,-0.298
0.138056,-0.298
0.13806,-0.298
0.138064,-0.298
0.138068,-0.298
0.138072,-0.298
0.138076,-0.298
0.13808,-0.298
0.138084,-0.298
0.138088,-0.298
0.138092,-0.298
0.138096,-0.298
0.1381,-0.298
0.138104,-0.298
0.138108,-0.298
0.138112,-0.3725
0.138116,-0.298
0.13812,-0.298
0.138124,-0.298
0.138128,-0.298
0.138132,-0.3725
0.138136,-0.298
0.13814,-0.298
0.138144,-0.298
0.138148,-0.298
0.138152,-0.298
0.138156,-0.3725
0.13816,-0.298
0.138164,-0.298
0.138168,-0.298
0.138172,-0.298
0.138176,-0.298
0.13818,-0.298
0.138184,-0.298
0.138188,-0.298
0.138192,-0.298
0.138196,-0.298
0.1382,-0.298
0.138204,-0.298
0.138208,-0.298
0.138212,-0.298
0.138216,-0.298
0.13822,-0.298
0.138224,-0.298
0.138228,-0.3725
0.138232,-0.298
0.138236,-0.298
0.13824,-0.298
0.138244,-0.298
0.138248,-0.3725
0.138252,-0.298
0.138256,-0.298
0.13826,-0.298
0.138264,-0.298
0.138268,-0.298
0.138272,-0.3725
0.138276,-0.298
0.13828,-0.3725
0.138284,-0.298
0.138288,-0.298
0.138292,-0.298
0.138296,-0.298
0.1383,-0.298
0.138304,-0.298
0.138308,-0.298
0.138312,-0.3725
0.138316,-0.3725
0.13832,-0.298
0.138324,-0.298
0.138328,-0.298
0.138332,-0.298
0.138336,-0.298
0.13834,-0.298
0.138344,-0.298
0.138348,-0.298
0.138352,-0.298
0.138356,-0.298
0.13836,-0.298
0.138364,-0.298
0.138368,-0.298
0.138372,-0.298
0.138376,-0.298
0.13838,-0.3725
0.138384,-0.298
0.138388,-0.298
0.138392,-0.298
0.138396,-0.298
0.1384,-0.298
0.138404,-0.298
0.138408,-0.298
0.138412,-0.298
0.138416,-0.298
0.13842,-0.298
0.138424,-0.298
0.138428,-0.298
0.138432,-0.298
0.138436,-0.298
0.13844,-0.298
0.138444,-0.298
0.138448,-0.298
0.138452,-0.298
0.138456,-0.298
0.13846,-0.298
0.138464,-0.298
0.138468,-0.298
0.138472,-0.3725
0.138476,-0.298
0.13848,-0.298
0.138484,-0.298
0.138488,-0.298
0.138492,-0.298
0.138496,-0.298
0.1385,-0.298
0.138504,-0.298
0.138508,-0.298
0.138512,-0.298
0.138516,-0.298
0.13852,-0.298
0.138524,-0.22349999999999998
0.138528,-0.298
0.138532,-0.298
0.138536,-0.3725
0.13854,-0.298
0.138544,-0.298
0.138548,-0.298
0.138552,-0.298
0.138556,-0.298
0.13856,-0.298
0.138564,-0.298
0.138568,-0.298
0.138572,-0.298
0.138576,-0.298
0.13858,-0.298
0.138584,-0.298
0.138588,-0.298
0.138592,-0.298
0.138596,-0.298
0.1386,-0.298
0.138604,-0.298
0.138608,-0.298
0.138612,-0.298
0.138616,-0.298
0.13862,-0.298
0.138624,-0.298
0.138628,-0.298
0.138632,-0.298
0.138636,-0.298
0.13864,-0.298
0.138644,-0.3725
0.138648,-0.298
0.138652,-0.298
0.138656,-0.298
0.13866,-0.298
0.138664,-0.22349999999999998
0.138668,-0.298
0.138672,-0.298
0.138676,-0.298
0.13868,-0.298
0.138684,-0.298
0.138688,-0.298
0.138692,-0.298
0.138696,-0.298
0.1387,-0.298
0.138704,-0.298
0.138708,-0.298
0.138712,-0.298
0.138716,-0.298
0.13872,-0.3725
0.138724,-0.298
0.138728,-0.298
0.138732,-0.298
0.138736,-0.298
0.13874,-0.3725
0.138744,-0.298
0.138748,-0.298
0.138752,-0.298
0.138756,-0.298
0.13876,-0.298
0.138764,-0.298
0.138768,-0.298
0.138772,-0.3725
0.138776,-0.298
0.13878,-0.298
0.138784,-0.298
0.138788,-0.3725
0.138792,-0.298
0.138796,-0.298
0.1388,-0.298
0.138804,-0.298
0.138808,-0.298
0.138812,-0.298
0.138816,-0.298
0.13882,-0.298
0.138824,-0.298
0.138828,-0.298
0.138832,-0.298
0.138836,-0.298
0.13884,-0.298
0.138844,-0.298
0.138848,-0.298
0.138852,-0.298
0.138856,-0.298
0.13886,-0.3725
0.138864,-0.3725
0.138868,-0.298
0.138872,-0.298
0.138876,-0.3725
0.13888,-0.298
0.138884,-0.298
0.138888,-0.298
0.138892,-0.298
0.138896,-0.298
0.1389,-0.3725
0.138904,-0.298
0.138908,-0.298
0.138912,-0.298
0.138916,-0.298
0.13892,-0.298
0.138924,-0.298
0.138928,-0.298
0.138932,-0.3725
0.138936,-0.298
0.13894,-0.298
0.138944,-0.298
0.138948,-0.298
0.138952,-0.298
0.138956,-0.298
0.13896,-0.298
0.138964,-0.298
0.138968,-0.298
0.138972,-0.298
0.138976,-0.298
0.13898,-0.298
0.138984,-0.298
0.138988,-0.298
0.138992,-0.3725
0.138996,-0.298
0.139,-0.298
0.139004,-0.298
0.139008,-0.298
0.139012,-0.298
0.139016,-0.298
0.13902,-0.298
0.139024,-0.298
0.139028,-0.298
0.139032,-0.298
0.139036,-0.22349999999999998
0.13904,-0.298
0.139044,-0.298
0.139048,-0.298
0.139052,-0.298
0.139056,-0.298
0.13906,-0.298
0.139064,-0.298
0.139068,-0.298
0.139072,-0.298
0.139076,-0.298
0.13908,-0.298
0.139084,-0.298
0.139088,-0.298
0.139092,-0.298
0.139096,-0.3725
0.1391,-0.3725
0.139104,-0.298
0.139108,-0.298
0.139112,-0.298
0.139116,-0.298
0.13912,-0.298
0.139124,-0.298
0.139128,-0.298
0.139132,-0.298
0.139136,-0.298
0.13914,-0.298
0.139144,-0.298
0.139148,-0.298
0.139152,-0.3725
0.139156,-0.298
0.13916,-0.298
0.139164,-0.298
0.139168,-0.298
0.139172,-0.298
0.139176,-0.3725
0.13918,-0.298
0.139184,-0.298
0.139188,-0.298
0.139192,-0.298
0.139196,-0.298
0.1392,-0.298
0.139204,-0.3725
0.139208,-0.298
0.139212,-0.3725
0.139216,-0.298
0.13922,-0.298
0.139224,-0.298
0.139228,-0.298
0.139232,-0.298
0.139236,-0.298
0.13924,-0.298
0.139244,-0.298
0.139248,-0.298
0.139252,-0.298
0.139256,-0.298
0.13926,-0.298
0.139264,-0.298
0.139268,-0.298
0.139272,-0.298
0.139276,-0.298
0.13928,-0.3725
0.139284,-0.298
0.139288,-0.298
0.139292,-0.298
0.139296,-0.298
0.1393,-0.298
0.139304,-0.298
0.139308,-0.298
0.139312,-0.298
0.139316,-0.298
0.13932,-0.298
0.139324,-0.298
0.139328,-0.298
0.139332,-0.298
0.139336,-0.3725
0.13934,-0.298
0.139344,-0.298
0.139348,-0.298
0.139352,-0.298
0.139356,-0.298
0.13936,-0.298
0.139364,-0.298
0.139368,-0.298
0.139372,-0.298
0.139376,-0.298
0.13938,-0.298
0.139384,-0.3725
0.139388,-0.298
0.139392,-0.298
0.139396,-0.298
0.1394,-0.298
0.139404,-0.298
0.139408,-0.298
0.139412,-0.3725
0.139416,-0.298
0.13942,-0.298
0.139424,-0.298
0.139428,-0.298
0.139432,-0.298
0.139436,-0.298
0.13944,-0.3725
0.139444,-0.3725
0.139448,-0.298
0.139452,-0.298
0.139456,-0.298
0.13946,-0.3725
0.139464,-0.298
0.139468,-0.298
0.139472,-0.298
0.139476,-0.298
0.13948,-0.298
0.139484,-0.3725
0.139488,-0.298
0.139492,-0.298
0.139496,-0.298
0.1395,-0.298
0.139504,-0.3725
0.139508,-0.298
0.139512,-0.298
0.139516,-0.298
0.13952,-0.298
0.139524,-0.3725
0.139528,-0.3725
0.139532,-0.298
0.139536,-0.3725
0.13954,-0.298
0.139544,-0.298
0.139548,-0.298
0.139552,-0.298
0.139556,-0.3725
0.13956,-0.3725
0.139564,-0.298
0.139568,-0.298
0.139572,-0.298
0.139576,-0.3725
0.13958,-0.3725
0.139584,-0.298
0.139588,-0.298
0.139592,-0.298
0.139596,-0.3725
0.1396,-0.3725
0.139604,-0.298
0.139608,-0.298
0.139612,-0.298
0.139616,-0.298
0.13962,-0.298
0.139624,-0.298
0.139628,-0.298
0.139632,-0.298
0.139636,-0.298
0.13964,-0.298
0.139644,-0.298
0.139648,-0.298
0.139652,-0.298
0.139656,-0.3725
0.13966,-0.298
0.139664,-0.298
0.139668,-0.298
0.139672,-0.298
0.139676,-0.298
0.13968,-0.298
0.139684,-0.298
0.139688,-0.298
0.139692,-0.298
0.139696,-0.298
0.1397,-0.298
0.139704,-0.298
0.139708,-0.298
0.139712,-0.3725
0.139716,-0.298
0.13972,-0.3725
0.139724,-0.298
0.139728,-0.3725
0.139732,-0.298
0.139736,-0.3725
0.13974,-0.298
0.139744,-0.298
0.139748,-0.298
0.139752,-0.298
0.139756,-0.298
0.13976,-0.298
0.139764,-0.298
0.139768,-0.298
0.139772,-0.298
0.139776,-0.298
0.13978,-0.298
0.139784,-0.298
0.139788,-0.3725
0.139792,-0.298
0.139796,-0.298
0.1398,-0.298
0.139804,-0.298
0.139808,-0.298
0.139812,-0.298
0.139816,-0.3725
0.13982,-0.3725
0.139824,-0.298
0.139828,-0.298
0.139832,-0.3725
0.139836,-0.298
0.13984,-0.298
0.139844,-0.298
0.139848,-0.298
0.139852,-0.298
0.139856,-0.298
0.13986,-0.298
0.139864,-0.298
0.139868,-0.298
0.139872,-0.298
0.139876,-0.298
0.13988,-0.298
0.139884,-0.298
0.139888,-0.298
0.139892,-0.298
0.139896,-0.298
0.1399,-0.298
0.139904,-0.298
0.139908,-0.298
0.139912,-0.298
0.139916,-0.298
0.13992,-0.298
0.139924,-0.298
0.139928,-0.298
0.139932,-0.298
0.139936,-0.298
0.13994,-0.298
0.139944,-0.298
0.139948,-0.298
0.139952,-0.298
0.139956,-0.298
0.13996,-0.298
0.139964,-0.298
0.139968,-0.298
0.139972,-0.298
0.139976,-0.298
0.13998,-0.298
0.139984,-0.298
0.139988,-0.3725
0.139992,-0.298
0.139996,-0.298
0.14,-0.298
0.140004,-0.298
0.140008,-0.298
0.140012,-0.298
0.140016,-0.298
0.14002,-0.298
0.140024,-0.298
0.140028,-0.298
0.140032,-0.22349999999999998
0.140036,-0.298
0.14004,-0.298
0.140044,-0.298
0.140048,-0.298
0.140052,-0.298
0.140056,-0.298
0.14006,-0.3725
0.140064,-0.22349999999999998
0.140068,-0.298
0.140072,-0.298
0.140076,-0.298
0.14008,-0.298
0.140084,-0.298
0.140088,-0.298
0.140092,-0.298
0.140096,-0.298
0.1401,-0.298
0.140104,-0.298
0.140108,-0.298
0.140112,-0.298
0.140116,-0.298
0.14012,-0.298
0.140124,-0.298
0.140128,-0.298
0.140132,-0.298
0.140136,-0.298
0.14014,-0.298
0.140144,-0.298
0.140148,-0.298
0.140152,-0.298
0.140156,-0.298
0.14016,-0.298
0.140164,-0.298
0.140168,-0.298
0.140172,-0.298
0.140176,-0.298
0.14018,-0.298
0.140184,-0.298
0.140188,-0.298
0.140192,-0.22349999999999998
0.140196,-0.298
0.1402,-0.298
0.140204,-0.298
0.140208,-0.298
0.140212,-0.298
0.140216,-0.298
0.14022,-0.298
0.140224,-0.298
0.140228,-0.298
0.140232,-0.298
0.140236,-0.298
0.14024,-0.298
0.140244,-0.298
0.140248,-0.298
0.140252,-0.298
0.140256,-0.298
0.14026,-0.298
0.140264,-0.298
0.140268,-0.298
0.140272,-0.298
0.140276,-0.298
0.14028,-0.298
0.140284,-0.298
0.140288,-0.298
0.140292,-0.3725
0.140296,-0.298
0.1403,-0.298
0.140304,-0.298
0.140308,-0.298
0.140312,-0.298
0.140316,-0.3725
0.14032,-0.298
0.140324,-0.298
0.140328,-0.298
0.140332,-0.298
0.140336,-0.298
0.14034,-0.298
0.140344,-0.298
0.140348,-0.298
0.140352,-0.298
0.140356,-0.298
0.14036,-0.298
0.140364,-0.298
0.140368,-0.298
0.140372,-0.298
0.140376,-0.3725
0.14038,-0.298
0.140384,-0.298
0.140388,-0.298
0.140392,-0.3725
0.140396,-0.3725
0.1404,-0.298
0.140404,-0.298
0.140408,-0.298
0.140412,-0.298
0.140416,-0.298
0.14042,-0.22349999999999998
0.140424,-0.298
0.140428,-0.298
0.140432,-0.3725
0.140436,-0.298
0.14044,-0.298
0.140444,-0.298
0.140448,-0.298
0.140452,-0.298
0.140456,-0.298
0.14046,-0.298
0.140464,-0.298
0.140468,-0.298
0.140472,-0.298
0.140476,-0.298
0.14048,-0.298
0.140484,-0.298
0.140488,-0.298
0.140492,-0.298
0.140496,-0.298
0.1405,-0.298
0.140504,-0.298
0.140508,-0.298
0.140512,-0.298
0.140516,-0.298
0.14052,-0.298
0.140524,-0.298
0.140528,-0.298
0.140532,-0.3725
0.140536,-0.298
0.14054,-0.298
0.140544,-0.298
0.140548,-0.298
0.140552,-0.298
0.140556,-0.3725
0.14056,-0.298
0.140564,-0.298
0.140568,-0.3725
0.140572,-0.298
0.140576,-0.298
0.14058,-0.298
0.140584,-0.298
0.140588,-0.298
0.140592,-0.298
0.140596,-0.298
0.1406,-0.3725
0.140604,-0.298
0.140608,-0.298
0.140612,-0.298
0.140616,-0.298
0.14062,-0.298
0.140624,-0.298
0.140628,-0.298
0.140632,-0.298
0.140636,-0.298
0.14064,-0.298
0.140644,-0.298
0.140648,-0.298
0.140652,-0.298
0.140656,-0.298
0.14066,-0.298
0.140664,-0.298
0.140668,-0.3725
0.140672,-0.298
0.140676,-0.298
0.14068,-0.298
0.140684,-0.298
0.140688,-0.298
0.140692,-0.298
0.140696,-0.298
0.1407,-0.298
0.140704,-0.298
0.140708,-0.3725
0.140712,-0.298
0.140716,-0.298
0.14072,-0.298
0.140724,-0.298
0.140728,-0.3725
0.140732,-0.298
0.140736,-0.298
0.14074,-0.3725
0.140744,-0.3725
0.140748,-0.298
0.140752,-0.298
0.140756,-0.298
0.14076,-0.298
0.140764,-0.298
0.140768,-0.298
0.140772,-0.3725
0.140776,-0.298
0.14078,-0.298
0.140784,-0.298
0.140788,-0.298
0.140792,-0.298
0.140796,-0.3725
0.1408,-0.298
0.140804,-0.298
0.140808,-0.3725
0.140812,-0.3725
0.140816,-0.298
0.14082,-0.298
0.140824,-0.298
0.140828,-0.3725
0.140832,-0.298
0.140836,-0.298
0.14084,-0.298
0.140844,-0.298
0.140848,-0.298
0.140852,-0.298
0.140856,-0.298
0.14086,-0.298
0.140864,-0.298
0.140868,-0.298
0.140872,-0.298
0.140876,-0.298
0.14088,-0.298
0.140884,-0.298
0.140888,-0.298
0.140892,-0.298
0.140896,-0.298
0.1409,-0.298
0.140904,-0.298
0.140908,-0.298
0.140912,-0.3725
0.140916,-0.3725
0.14092,-0.298
0.140924,-0.298
0.140928,-0.298
0.140932,-0.298
0.140936,-0.298
0.14094,-0.298
0.140944,-0.298
0.140948,-0.298
0.140952,-0.298
0.140956,-0.298
0.14096,-0.298
0.140964,-0.298
0.140968,-0.298
0.140972,-0.298
0.140976,-0.298
0.14098,-0.3725
0.140984,-0.298
0.140988,-0.3725
0.140992,-0.298
0.140996,-0.298
0.141,-0.3725
0.141004,-0.298
0.141008,-0.298
0.141012,-0.298
0.141016,-0.298
0.14102,-0.298
0.141024,-0.298
0.141028,-0.3725
0.141032,-0.298
0.141036,-0.298
0.14104,-0.3725
0.141044,-0.298
0.141048,-0.298
0.141052,-0.298
0.141056,-0.298
0.14106,-0.3725
0.141064,-0.298
0.141068,-0.298
0.141072,-0.298
0.141076,-0.298
0.14108,-0.298
0.141084,-0.298
0.141088,-0.298
0.141092,-0.3725
0.141096,-0.298
0.1411,-0.3725
0.141104,-0.298
0.141108,-0.298
0.141112,-0.298
0.141116,-0.298
0.14112,-0.298
0.141124,-0.298
0.141128,-0.298
0.141132,-0.298
0.141136,-0.298
0.14114,-0.3725
0.141144,-0.298
0.141148,-0.298
0.141152,-0.3725
0.141156,-0.298
0.14116,-0.3725
0.141164,-0.298
0.141168,-0.3725
0.141172,-0.298
0.141176,-0.298
0.14118,-0.298
0.141184,-0.298
0.141188,-0.298
0.141192,-0.298
0.141196,-0.3725
0.1412,-0.298
0.141204,-0.298
0.141208,-0.298
0.141212,-0.298
0.141216,-0.298
0.14122,-0.298
0.141224,-0.298
0.141228,-0.298
0.141232,-0.298
0.141236,-0.298
0.14124,-0.298
0.141244,-0.298
0.141248,-0.298
0.141252,-0.298
0.141256,-0.298
0.14126,-0.298
0.141264,-0.298
0.141268,-0.298
0.141272,-0.298
0.141276,-0.298
0.14128,-0.298
0.141284,-0.298
0.141288,-0.298
0.141292,-0.3725
0.141296,-0.298
0.1413,-0.298
0.141304,-0.298
0.141308,-0.298
0.141312,-0.3725
0.141316,-0.3725
0.14132,-0.298
0.141324,-0.298
0.141328,-0.298
0.141332,-0.298
0.141336,-0.298
0.14134,-0.298
0.141344,-0.298
0.141348,-0.298
0.141352,-0.298
0.141356,-0.298
0.14136,-0.3725
0.141364,-0.298
0.141368,-0.298
0.141372,-0.298
0.141376,-0.298
0.14138,-0.298
0.141384,-0.298
0.141388,-0.298
0.141392,-0.298
0.141396,-0.298
0.1414,-0.298
0.141404,-0.298
0.141408,-0.298
0.141412,-0.3725
0.141416,-0.3725
0.14142,-0.298
0.141424,-0.22349999999999998
0.141428,-0.298
0.141432,-0.298
0.141436,-0.22349999999999998
0.14144,-0.298
0.141444,-0.298
0.141448,-0.298
0.141452,-0.298
0.141456,-0.298
0.14146,-0.298
0.141464,-0.298
0.141468,-0.298
0.141472,-0.298
0.141476,-0.298
0.14148,-0.298
0.141484,-0.298
0.141488,-0.298
0.141492,-0.298
0.141496,-0.298
0.1415,-0.298
0.141504,-0.298
0.141508,-0.298
0.141512,-0.298
0.141516,-0.298
0.14152,-0.298
0.141524,-0.298
0.141528,-0.298
0.141532,-0.298
0.141536,-0.22349999999999998
0.14154,-0.298
0.141544,-0.298
0.141548,-0.298
0.141552,-0.298
0.141556,-0.298
0.14156,-0.298
0.141564,-0.298
0.141568,-0.3725
0.141572,-0.298
0.141576,-0.298
0.14158,-0.298
0.141584,-0.298
0.141588,-0.298
0.141592,-0.298
0.141596,-0.298
0.1416,-0.298
0.141604,-0.298
0.141608,-0.298
0.141612,-0.298
0.141616,-0.298
0.14162,-0.298
0.141624,-0.298
0.141628,-0.298
0.141632,-0.298
0.141636,-0.298
0.14164,-0.298
0.141644,-0.298
0.141648,-0.298
0.141652,-0.298
0.141656,-0.298
0.14166,-0.298
0.141664,-0.298
0.141668,-0.298
0.141672,-0.298
0.141676,-0.298
0.14168,-0.298
0.141684,-0.298
0.141688,-0.298
0.141692,-0.298
0.141696,-0.298
0.1417,-0.298
0.141704,-0.298
0.141708,-0.298
0.141712,-0.298
0.141716,-0.298
0.14172,-0.298
0.141724,-0.298
0.141728,-0.298
0.141732,-0.298
0.141736,-0.22349999999999998
0.14174,-0.298
0.141744,-0.298
0.141748,-0.298
0.141752,-0.298
0.141756,-0.298
0.14176,-0.298
0.141764,-0.298
0.141768,-0.298
0.141772,-0.298
0.141776,-0.298
0.14178,-0.298
0.141784,-0.298
0.141788,-0.298
0.141792,-0.298
0.141796,-0.3725
0.1418,-0.298
0.141804,-0.3725
0.141808,-0.298
0.141812,-0.298
0.141816,-0.298
0.14182,-0.298
0.141824,-0.298
0.141828,-0.298
0.141832,-0.298
0.141836,-0.298
0.14184,-0.298
0.141844,-0.298
0.141848,-0.298
0.141852,-0.298
0.141856,-0.298
0.14186,-0.298
0.141864,-0.298
0.141868,-0.298
0.141872,-0.298
0.141876,-0.298
0.14188,-0.3725
0.141884,-0.298
0.141888,-0.298
0.141892,-0.298
0.141896,-0.298
0.1419,-0.298
0.141904,-0.298
0.141908,-0.298
0.141912,-0.298
0.141916,-0.298
0.14192,-0.3725
0.141924,-0.298
0.141928,-0.298
0.141932,-0.3725
0.141936,-0.298
0.14194,-0.298
0.141944,-0.298
0.141948,-0.298
0.141952,-0.298
0.141956,-0.298
0.14196,-0.298
0.141964,-0.298
0.141968,-0.298
0.141972,-0.298
0.141976,-0.298
0.14198,-0.298
0.141984,-0.3725
0.141988,-0.298
0.141992,-0.298
0.141996,-0.298
0.142,-0.22349999999999998
0.142004,-0.298
0.142008,-0.298
0.142012,-0.298
0.142016,-0.298
0.14202,-0.3725
0.142024,-0.298
0.142028,-0.298
0.142032,-0.298
0.142036,-0.298
0.14204,-0.298
0.142044,-0.298
0.142048,-0.298
0.142052,-0.298
0.142056,-0.3725
0.14206,-0.298
0.142064,-0.298
0.142068,-0.298
0.142072,-0.298
0.142076,-0.298
0.14208,-0.298
0.142084,-0.22349999999999998
0.142088,-0.298
0.142092,-0.298
0.142096,-0.3725
0.1421,-0.298
0.142104,-0.298
0.142108,-0.22349999999999998
0.142112,-0.298
0.142116,-0.298
0.14212,-0.298
0.142124,-0.298
0.142128,-0.298
0.142132,-0.298
0.142136,-0.298
0.14214,-0.298
0.142144,-0.298
0.142148,-0.298
0.142152,-0.298
0.142156,-0.298
0.14216,-0.298
0.142164,-0.298
0.142168,-0.298
0.142172,-0.298
0.142176,-0.298
0.14218,-0.298
0.142184,-0.298
0.142188,-0.298
0.142192,-0.3725
0.142196,-0.298
0.1422,-0.298
0.142204,-0.298
0.142208,-0.298
0.142212,-0.3725
0.142216,-0.298
0.14222,-0.298
0.142224,-0.298
0.142228,-0.298
0.142232,-0.3725
0.142236,-0.298
0.14224,-0.3725
0.142244,-0.298
0.142248,-0.298
0.142252,-0.298
0.142256,-0.3725
0.14226,-0.3725
0.142264,-0.298
0.142268,-0.298
0.142272,-0.298
0.142276,-0.298
0.14228,-0.298
0.142284,-0.298
0.142288,-0.3725
0.142292,-0.298
0.142296,-0.298
0.1423,-0.298
0.142304,-0.298
0.142308,-0.298
0.142312,-0.298
0.142316,-0.298
0.14232,-0.298
0.142324,-0.298
0.142328,-0.298
0.142332,-0.3725
0.142336,-0.298
0.14234,-0.298
0.142344,-0.298
0.142348,-0.298
0.142352,-0.298
0.142356,-0.298
0.14236,-0.298
0.142364,-0.298
0.142368,-0.298
0.142372,-0.298
0.142376,-0.298
0.14238,-0.298
0.142384,-0.298
0.142388,-0.298
0.142392,-0.298
0.142396,-0.298
0.1424,-0.298
0.142404,-0.298
0.142408,-0.298
0.142412,-0.3725
0.142416,-0.298
0.14242,-0.298
0.142424,-0.298
0.142428,-0.298
0.142432,-0.298
0.142436,-0.298
0.14244,-0.298
0.142444,-0.298
0.142448,-0.3725
0.142452,-0.298
0.142456,-0.298
0.14246,-0.298
0.142464,-0.298
0.142468,-0.298
0.142472,-0.298
0.142476,-0.298
0.14248,-0.298
0.142484,-0.298
0.142488,-0.298
0.142492,-0.298
0.142496,-0.298
0.1425,-0.298
0.142504,-0.298
0.142508,-0.298
0.142512,-0.298
0.142516,-0.298
0.14252,-0.298
0.142524,-0.298
0.142528,-0.298
0.142532,-0.298
0.142536,-0.298
0.14254,-0.298
0.142544,-0.298
0.142548,-0.298
0.142552,-0.298
0.142556,-0.298
0.14256,-0.298
0.142564,-0.298
0.142568,-0.298
0.142572,-0.298
0.142576,-0.298
0.14258,-0.3725
0.142584,-0.298
0.142588,-0.298
0.142592,-0.298
0.142596,-0.298
0.1426,-0.298
0.142604,-0.298
0.142608,-0.298
0.142612,-0.298
0.142616,-0.298
0.14262,-0.298
0.142624,-0.298
0.142628,-0.298
0.142632,-0.3725
0.142636,-0.22349999999999998
0.14264,-0.298
0.142644,-0.298
0.142648,-0.298
0.142652,-0.298
0.142656,-0.298
0.14266,-0.298
0.142664,-0.298
0.142668,-0.298
0.142672,-0.298
0.142676,-0.298
0.14268,-0.3725
0.142684,-0.298
0.142688,-0.298
0.142692,-0.22349999999999998
0.142696,-0.298
0.1427,-0.298
0.142704,-0.298
0.142708,-0.298
0.142712,-0.298
0.142716,-0.298
0.14272,-0.298
0.142724,-0.298
0.142728,-0.298
0.142732,-0.298
0.142736,-0.298
0.14274,-0.298
0.142744,-0.298
0.142748,-0.298
0.142752,-0.298
0.142756,-0.298
0.14276,-0.298
0.142764,-0.298
0.142768,-0.298
0.142772,-0.298
0.142776,-0.298
0.14278,-0.298
0.142784,-0.298
0.142788,-0.298
0.142792,-0.298
0.142796,-0.298
0.1428,-0.298
0.142804,-0.298
0.142808,-0.298
0.142812,-0.298
0.142816,-0.298
0.14282,-0.298
0.142824,-0.298
0.142828,-0.298
0.142832,-0.298
0.142836,-0.298
0.14284,-0.298
0.142844,-0.298
0.142848,-0.298
0.142852,-0.298
0.142856,-0.298
0.14286,-0.298
0.142864,-0.3725
0.142868,-0.298
0.142872,-0.298
0.142876,-0.298
0.14288,-0.298
0.142884,-0.298
0.142888,-0.298
0.142892,-0.298
0.142896,-0.298
0.1429,-0.298
0.142904,-0.298
0.142908,-0.298
0.142912,-0.298
0.142916,-0.298
0.14292,-0.298
0.142924,-0.298
0.142928,-0.298
0.142932,-0.3725
0.142936,-0.298
0.14294,-0.298
0.142944,-0.298
0.142948,-0.298
0.142952,-0.298
0.142956,-0.298
0.14296,-0.298
0.142964,-0.298
0.142968,-0.298
0.142972,-0.298
0.142976,-0.298
0.14298,-0.298
0.142984,-0.298
0.142988,-0.298
0.142992,-0.298
0.142996,-0.298
0.143,-0.298
0.143004,-0.298
0.143008,-0.298
0.143012,-0.298
0.143016,-0.298
0.14302,-0.298
0.143024,-0.298
0.143028,-0.298
0.143032,-0.298
0.143036,-0.298
0.14304,-0.298
0.143044,-0.298
0.143048,-0.22349999999999998
0.143052,-0.298
0.143056,-0.298
0.14306,-0.298
0.143064,-0.298
0.143068,-0.298
0.143072,-0.298
0.143076,-0.298
0.14308,-0.298
0.143084,-0.298
0.143088,-0.298
0.143092,-0.3725
0.143096,-0.22349999999999998
0.1431,-0.298
0.143104,-0.298
0.143108,-0.298
0.143112,-0.298
0.143116,-0.298
0.14312,-0.3725
0.143124,-0.298
0.143128,-0.3725
0.143132,-0.298
0.143136,-0.298
0.14314,-0.298
0.143144,-0.3725
0.143148,-0.3725
0.143152,-0.298
0.143156,-0.298
0.14316,-0.298
0.143164,-0.298
0.143168,-0.298
0.143172,-0.298
0.143176,-0.298
0.14318,-0.298
0.143184,-0.298
0.143188,-0.298
0.143192,-0.298
0.143196,-0.298
0.1432,-0.298
0.143204,-0.298
0.143208,-0.298
0.143212,-0.298
0.143216,-0.3725
0.14322,-0.298
0.143224,-0.298
0.143228,-0.298
0.143232,-0.298
0.143236,-0.298
0.14324,-0.298
0.143244,-0.298
0.143248,-0.298
0.143252,-0.298
0.143256,-0.298
0.14326,-0.298
0.143264,-0.298
0.143268,-0.298
0.143272,-0.298
0.143276,-0.298
0.14328,-0.298
0.143284,-0.298
0.143288,-0.298
0.143292,-0.298
0.143296,-0.298
0.1433,-0.298
0.143304,-0.3725
0.143308,-0.298
0.143312,-0.298
0.143316,-0.298
0.14332,-0.298
0.143324,-0.298
0.143328,-0.298
0.143332,-0.298
0.143336,-0.298
0.14334,-0.298
0.143344,-0.298
0.143348,-0.298
0.143352,-0.298
0.143356,-0.298
0.14336,-0.298
0.143364,-0.298
0.143368,-0.298
0.143372,-0.3725
0.143376,-0.298
0.14338,-0.298
0.143384,-0.298
0.143388,-0.298
0.143392,-0.298
0.143396,-0.298
0.1434,-0.3725
0.143404,-0.298
0.143408,-0.298
0.143412,-0.298
0.143416,-0.298
0.14342,-0.3725
0.143424,-0.298
0.143428,-0.298
0.143432,-0.298
0.143436,-0.298
0.14344,-0.298
0.143444,-0.298
0.143448,-0.298
0.143452,-0.298
0.143456,-0.22349999999999998
0.14346,-0.298
0.143464,-0.298
0.143468,-0.298
0.143472,-0.298
0.143476,-0.298
0.14348,-0.298
0.143484,-0.298
0.143488,-0.298
0.143492,-0.298
0.143496,-0.298
0.1435,-0.298
0.143504,-0.298
0.143508,-0.298
0.143512,-0.298
0.143516,-0.298
0.14352,-0.298
0.143524,-0.298
0.143528,-0.298
0.143532,-0.298
0.143536,-0.298
0.14354,-0.298
0.143544,-0.298
0.143548,-0.298
0.143552,-0.298
0.143556,-0.298
0.14356,-0.298
0.143564,-0.298
0.143568,-0.298
0.143572,-0.298
0.143576,-0.298
0.14358,-0.298
0.143584,-0.298
0.143588,-0.298
0.143592,-0.298
0.143596,-0.298
0.1436,-0.298
0.143604,-0.298
0.143608,-0.298
0.143612,-0.298
0.143616,-0.298
0.14362,-0.298
0.143624,-0.298
0.143628,-0.3725
0.143632,-0.298
0.143636,-0.298
0.14364,-0.298
0.143644,-0.298
0.143648,-0.298
0.143652,-0.298
0.143656,-0.298
0.14366,-0.298
0.143664,-0.298
0.143668,-0.298
0.143672,-0.298
0.143676,-0.298
0.14368,-0.298
0.143684,-0.298
0.143688,-0.298
0.143692,-0.298
0.143696,-0.298
0.1437,-0.298
0.143704,-0.298
0.143708,-0.298
0.143712,-0.298
0.143716,-0.298
0.14372,-0.298
0.143724,-0.298
0.143728,-0.298
0.143732,-0.298
0.143736,-0.298
0.14374,-0.298
0.143744,-0.298
0.143748,-0.298
0.143752,-0.298
0.143756,-0.298
0.14376,-0.298
0.143764,-0.298
0.143768,-0.298
0.143772,-0.298
0.143776,-0.298
0.14378,-0.298
0.143784,-0.298
0.143788,-0.298
0.143792,-0.298
0.143796,-0.298
0.1438,-0.298
0.143804,-0.298
0.143808,-0.298
0.143812,-0.298
0.143816,-0.298
0.14382,-0.298
0.143824,-0.298
0.143828,-0.298
0.143832,-0.298
0.143836,-0.298
0.14384,-0.298
0.143844,-0.298
0.143848,-0.298
0.143852,-0.298
0.143856,-0.22349999999999998
0.14386,-0.298
0.143864,-0.298
0.143868,-0.298
0.143872,-0.298
0.143876,-0.22349999999999998
0.14388,-0.298
0.143884,-0.298
0.143888,-0.298
0.143892,-0.298
0.143896,-0.22349999999999998
0.1439,-0.298
0.143904,-0.298
0.143908,-0.298
0.143912,-0.298
0.143916,-0.22349999999999998
0.14392,-0.298
0.143924,-0.298
0.143928,-0.298
0.143932,-0.298
0.143936,-0.298
0.14394,-0.298
0.143944,-0.298
0.143948,-0.298
0.143952,-0.298
0.143956,-0.298
0.14396,-0.298
0.143964,-0.298
0.143968,-0.298
0.143972,-0.22349999999999998
0.143976,-0.298
0.14398,-0.298
0.143984,-0.298
0.143988,-0.298
0.143992,-0.298
0.143996,-0.298
0.144,-0.298
0.144004,-0.298
0.144008,-0.22349999999999998
0.144012,-0.298
0.144016,-0.298
0.14402,-0.22349999999999998
0.144024,-0.298
0.144028,-0.298
0.144032,-0.298
0.144036,-0.22349999999999998
0.14404,-0.22349999999999998
0.144044,-0.298
0.144048,-0.298
0.144052,-0.22349999999999998
0.144056,-0.22349999999999998
0.14406,-0.298
0.144064,-0.298
0.144068,-0.22349999999999998
0.144072,-0.298
0.144076,-0.22349999999999998
0.14408,-0.298
0.144084,-0.298
0.144088,-0.298
0.144092,-0.298
0.144096,-0.22349999999999998
0.1441,-0.298
0.144104,-0.22349999999999998
0.144108,-0.22349999999999998
0.144112,-0.22349999999999998
0.144116,-0.22349999999999998
0.14412,-0.22349999999999998
0.144124,-0.298
0.144128,-0.298
0.144132,-0.298
0.144136,-0.22349999999999998
0.14414,-0.298
0.144144,-0.298
0.144148,-0.22349999999999998
0.144152,-0.298
0.144156,-0.22349999999999998
0.14416,-0.298
0.144164,-0.298
0.144168,-0.298
0.144172,-0.298
0.144176,-0.298
0.14418,-0.298
0.144184,-0.298
0.144188,-0.298
0.144192,-0.298
0.144196,-0.298
0.1442,-0.298
0.144204,-0.298
0.144208,-0.298
0.144212,-0.298
0.144216,-0.22349999999999998
0.14422,-0.298
0.144224,-0.22349999999999998
0.144228,-0.298
0.144232,-0.22349999999999998
0.144236,-0.298
0.14424,-0.298
0.144244,-0.298
0.144248,-0.298
0.144252,-0.298
0.144256,-0.22349999999999998
0.14426,-0.298
0.144264,-0.298
0.144268,-0.298
0.144272,-0.22349999999999998
0.144276,-0.298
0.14428,-0.298
0.144284,-0.298
0.144288,-0.298
0.144292,-0.22349999999999998
0.144296,-0.298
0.1443,-0.22349999999999998
0.144304,-0.298
0.144308,-0.298
0.144312,-0.298
0.144316,-0.298
0.14432,-0.298
0.144324,-0.298
0.144328,-0.22349999999999998
0.144332,-0.298
0.144336,-0.298
0.14434,-0.298
0.144344,-0.298
0.144348,-0.298
0.144352,-0.298
0.144356,-0.22349999999999998
0.14436,-0.298
0.144364,-0.298
0.144368,-0.298
0.144372,-0.298
0.144376,-0.298
0.14438,-0.22349999999999998
0.144384,-0.22349999999999998
0.144388,-0.298
0.144392,-0.22349999999999998
0.144396,-0.298
0.1444,-0.298
0.144404,-0.298
0.144408,-0.298
0.144412,-0.298
0.144416,-0.298
0.14442,-0.298
0.144424,-0.298
0.144428,-0.298
0.144432,-0.298
0.144436,-0.298
0.14444,-0.298
0.144444,-0.298
0.144448,-0.298
0.144452,-0.22349999999999998
0.144456,-0.298
0.14446,-0.298
0.144464,-0.298
0.144468,-0.298
0.144472,-0.298
0.144476,-0.298
0.14448,-0.22349999999999998
0.144484,-0.298
0.144488,-0.298
0.144492,-0.22349999999999998
0.144496,-0.298
0.1445,-0.298
0.144504,-0.298
0.144508,-0.298
0.144512,-0.22349999999999998
0.144516,-0.298
0.14452,-0.22349999999999998
0.144524,-0.298
0.144528,-0.298
0.144532,-0.298
0.144536,-0.298
0.14454,-0.298
0.144544,-0.298
0.144548,-0.298
0.144552,-0.298
0.144556,-0.298
0.14456,-0.298
0.144564,-0.298
0.144568,-0.298
0.144572,-0.298
0.144576,-0.298
0.14458,-0.22349999999999998
0.144584,-0.298
0.144588,-0.298
0.144592,-0.298
0.144596,-0.298
0.1446,-0.298
0.144604,-0.298
0.144608,-0.22349999999999998
0.144612,-0.298
0.144616,-0.298
0.14462,-0.298
0.144624,-0.298
0.144628,-0.298
0.144632,-0.298
0.144636,-0.298
0.14464,-0.298
0.144644,-0.298
0.144648,-0.3725
0.144652,-0.298
0.144656,-0.298
0.14466,-0.298
0.144664,-0.298
0.144668,-0.298
0.144672,-0.298
0.144676,-0.298
0.14468,-0.298
0.144684,-0.22349999999999998
0.144688,-0.298
0.144692,-0.298
0.144696,-0.298
0.1447,-0.298
0.144704,-0.298
0.144708,-0.298
0.144712,-0.298
0.144716,-0.298
0.14472,-0.22349999999999998
0.144724,-0.298
0.144728,-0.298
0.144732,-0.298
0.144736,-0.22349999999999998
0.14474,-0.298
0.144744,-0.298
0.144748,-0.298
0.144752,-0.298
0.144756,-0.298
0.14476,-0.298
0.144764,-0.22349999999999998
0.144768,-0.298
0.144772,-0.298
0.144776,-0.298
0.14478,-0.298
0.144784,-0.298
0.144788,-0.298
0.144792,-0.298
0.144796,-0.298
0.1448,-0.298
0.144804,-0.298
0.144808,-0.298
0.144812,-0.298
0.144816,-0.298
0.14482,-0.298
0.144824,-0.298
0.144828,-0.298
0.144832,-0.298
0.144836,-0.298
0.14484,-0.298
0.144844,-0.298
0.144848,-0.298
0.144852,-0.298
0.144856,-0.298
0.14486,-0.298
0.144864,-0.298
0.144868,-0.298
0.144872,-0.298
0.144876,-0.298
0.14488,-0.298
0.144884,-0.298
0.144888,-0.298
0.144892,-0.298
0.144896,-0.298
0.1449,-0.298
0.144904,-0.22349999999999998
0.144908,-0.298
0.144912,-0.298
0.144916,-0.298
0.14492,-0.298
0.144924,-0.298
0.144928,-0.298
0.144932,-0.298
0.144936,-0.298
0.14494,-0.298
0.144944,-0.298
0.144948,-0.22349999999999998
0.144952,-0.298
0.144956,-0.298
0.14496,-0.298
0.144964,-0.298
0.144968,-0.298
0.144972,-0.298
0.144976,-0.298
0.14498,-0.298
0.144984,-0.298
0.144988,-0.22349999999999998
0.144992,-0.298
0.144996,-0.298
0.145,-0.298
0.145004,-0.298
0.145008,-0.22349999999999998
0.145012,-0.298
0.145016,-0.298
0.14502,-0.298
0.145024,-0.298
0.145028,-0.298
0.145032,-0.298
0.145036,-0.298
0.14504,-0.298
0.145044,-0.298
0.145048,-0.298
0.145052,-0.298
0.145056,-0.298
0.14506,-0.298
0.145064,-0.298
0.145068,-0.22349999999999998
0.145072,-0.298
0.145076,-0.298
0.14508,-0.298
0.145084,-0.22349999999999998
0.145088,-0.298
0.145092,-0.298
0.145096,-0.298
0.1451,-0.298
0.145104,-0.298
0.145108,-0.22349999999999998
0.145112,-0.298
0.145116,-0.298
0.14512,-0.298
0.145124,-0.298
0.145128,-0.298
0.145132,-0.298
0.145136,-0.298
0.14514,-0.298
0.145144,-0.298
0.145148,-0.298
0.145152,-0.298
0.145156,-0.298
0.14516,-0.298
0.145164,-0.298
0.145168,-0.298
0.145172,-0.298
0.145176,-0.298
0.14518,-0.298
0.145184,-0.298
0.145188,-0.298
0.145192,-0.298
0.145196,-0.298
0.1452,-0.298
0.145204,-0.298
0.145208,-0.22349999999999998
0.145212,-0.298
0.145216,-0.22349999999999998
0.14522,-0.298
0.145224,-0.298
0.145228,-0.298
0.145232,-0.298
0.145236,-0.298
0.14524,-0.298
0.145244,-0.298
0.145248,-0.22349999999999998
0.145252,-0.298
0.145256,-0.298
0.14526,-0.298
0.145264,-0.298
0.145268,-0.298
0.145272,-0.298
0.145276,-0.298
0.14528,-0.298
0.145284,-0.298
0.145288,-0.298
0.145292,-0.22349999999999998
0.145296,-0.298
0.1453,-0.298
0.145304,-0.298
0.145308,-0.298
0.145312,-0.298
0.145316,-0.298
0.14532,-0.298
0.145324,-0.298
0.145328,-0.298
0.145332,-0.298
0.145336,-0.298
0.14534,-0.298
0.145344,-0.298
0.145348,-0.298
0.145352,-0.298
0.145356,-0.298
0.14536,-0.298
0.145364,-0.298
0.145368,-0.298
0.145372,-0.298
0.145376,-0.298
0.14538,-0.298
0.145384,-0.298
0.145388,-0.298
0.145392,-0.298
0.145396,-0.298
0.1454,-0.298
0.145404,-0.298
0.145408,-0.298
0.145412,-0.298
0.145416,-0.298
0.14542,-0.298
0.145424,-0.298
0.145428,-0.298
0.145432,-0.298
0.145436,-0.298
0.14544,-0.298
0.145444,-0.298
0.145448,-0.298
0.145452,-0.298
0.145456,-0.298
0.14546,-0.298
0.145464,-0.298
0.145468,-0.298
0.145472,-0.298
0.145476,-0.298
0.14548,-0.298
0.145484,-0.298
0.145488,-0.298
0.145492,-0.298
0.145496,-0.298
0.1455,-0.298
0.145504,-0.298
0.145508,-0.298
0.145512,-0.298
0.145516,-0.298
0.14552,-0.298
0.145524,-0.298
0.145528,-0.298
0.145532,-0.298
0.145536,-0.298
0.14554,-0.298
0.145544,-0.298
0.145548,-0.298
0.145552,-0.298
0.145556,-0.298
0.14556,-0.298
0.145564,-0.298
0.145568,-0.298
0.145572,-0.298
0.145576,-0.298
0.14558,-0.298
0.145584,-0.298
0.145588,-0.298
0.145592,-0.298
0.145596,-0.298
0.1456,-0.298
0.145604,-0.298
0.145608,-0.298
0.145612,-0.298
0.145616,-0.298
0.14562,-0.298
0.145624,-0.298
0.145628,-0.298
0.145632,-0.298
0.145636,-0.298
0.14564,-0.298
0.145644,-0.298
0.145648,-0.298
0.145652,-0.298
0.145656,-0.298
0.14566,-0.298
0.145664,-0.298
0.145668,-0.298
0.145672,-0.298
0.145676,-0.298
0.14568,-0.298
0.145684,-0.298
0.145688,-0.298
0.145692,-0.298
0.145696,-0.298
0.1457,-0.298
0.145704,-0.298
0.145708,-0.298
0.145712,-0.298
0.145716,-0.298
0.14572,-0.3725
0.145724,-0.298
0.145728,-0.298
0.145732,-0.298
0.145736,-0.298
0.14574,-0.22349999999999998
0.145744,-0.298
0.145748,-0.298
0.145752,-0.298
0.145756,-0.298
0.14576,-0.298
0.145764,-0.298
0.145768,-0.298
0.145772,-0.298
0.145776,-0.298
0.14578,-0.298
0.145784,-0.298
0.145788,-0.298
0.145792,-0.298
0.145796,-0.298
0.1458,-0.298
0.145804,-0.298
0.145808,-0.298
0.145812,-0.298
0.145816,-0.298
0.14582,-0.298
0.145824,-0.298
0.145828,-0.298
0.145832,-0.298
0.145836,-0.298
0.14584,-0.298
0.145844,-0.298
0.145848,-0.298
0.145852,-0.298
0.145856,-0.298
0.14586,-0.22349999999999998
0.145864,-0.298
0.145868,-0.298
0.145872,-0.298
0.145876,-0.298
0.14588,-0.298
0.145884,-0.298
0.145888,-0.298
0.145892,-0.298
0.145896,-0.298
0.1459,-0.298
0.145904,-0.298
0.145908,-0.298
0.145912,-0.298
0.145916,-0.298
0.14592,-0.298
0.145924,-0.298
0.145928,-0.298
0.145932,-0.298
0.145936,-0.298
0.14594,-0.298
0.145944,-0.298
0.145948,-0.298
0.145952,-0.298
0.145956,-0.298
0.14596,-0.298
0.145964,-0.298
0.145968,-0.298
0.145972,-0.298
0.145976,-0.22349999999999998
0.14598,-0.298
0.145984,-0.298
0.145988,-0.298
0.145992,-0.298
0.145996,-0.298
0.146,-0.298
0.146004,-0.298
0.146008,-0.298
0.146012,-0.3725
0.146016,-0.298
0.14602,-0.298
0.146024,-0.298
0.146028,-0.298
0.146032,-0.298
0.146036,-0.298
0.14604,-0.298
0.146044,-0.298
0.146048,-0.298
0.146052,-0.298
0.146056,-0.298
0.14606,-0.298
0.146064,-0.298
0.146068,-0.298
0.146072,-0.298
0.146076,-0.298
0.14608,-0.298
0.146084,-0.298
0.146088,-0.298
0.146092,-0.298
0.146096,-0.3725
0.1461,-0.298
0.146104,-0.22349999999999998
0.146108,-0.298
0.146112,-0.298
0.146116,-0.298
0.14612,-0.298
0.146124,-0.298
0.146128,-0.298
0.146132,-0.298
0.146136,-0.298
0.14614,-0.298
0.146144,-0.298
0.146148,-0.298
0.146152,-0.298
0.146156,-0.298
0.14616,-0.298
0.146164,-0.298
0.146168,-0.298
0.146172,-0.298
0.146176,-0.298
0.14618,-0.298
0.146184,-0.298
0.146188,-0.298
0.146192,-0.298
0.146196,-0.298
0.1462,-0.298
0.146204,-0.298
0.146208,-0.298
0.146212,-0.298
0.146216,-0.298
0.14622,-0.298
0.146224,-0.298
0.146228,-0.298
0.146232,-0.298
0.146236,-0.298
0.14624,-0.298
0.146244,-0.298
0.146248,-0.298
0.146252,-0.298
0.146256,-0.22349999999999998
0.14626,-0.298
0.146264,-0.298
0.146268,-0.298
0.146272,-0.298
0.146276,-0.298
0.14628,-0.298
0.146284,-0.298
0.146288,-0.298
0.146292,-0.298
0.146296,-0.298
0.1463,-0.298
0.146304,-0.298
0.146308,-0.298
0.146312,-0.298
0.146316,-0.298
0.14632,-0.298
0.146324,-0.298
0.146328,-0.298
0.146332,-0.298
0.146336,-0.298
0.14634,-0.298
0.146344,-0.298
0.146348,-0.298
0.146352,-0.298
0.146356,-0.298
0.14636,-0.298
0.146364,-0.298
0.146368,-0.298
0.146372,-0.298
0.146376,-0.298
0.14638,-0.298
0.146384,-0.298
0.146388,-0.298
0.146392,-0.298
0.146396,-0.298
0.1464,-0.298
0.146404,-0.298
0.146408,-0.298
0.146412,-0.298
0.146416,-0.298
0.14642,-0.3725
0.146424,-0.22349999999999998
0.146428,-0.298
0.146432,-0.298
0.146436,-0.298
0.14644,-0.298
0.146444,-0.298
0.146448,-0.298
0.146452,-0.298
0.146456,-0.298
0.14646,-0.298
0.146464,-0.298
0.146468,-0.298
0.146472,-0.298
0.146476,-0.298
0.14648,-0.298
0.146484,-0.298
0.146488,-0.298
0.146492,-0.298
0.146496,-0.298
0.1465,-0.298
0.146504,-0.298
0.146508,-0.298
0.146512,-0.298
0.146516,-0.298
0.14652,-0.298
0.146524,-0.298
0.146528,-0.298
0.146532,-0.3725
0.146536,-0.298
0.14654,-0.3725
0.146544,-0.298
0.146548,-0.298
0.146552,-0.22349999999999998
0.146556,-0.298
0.14656,-0.298
0.146564,-0.298
0.146568,-0.298
0.146572,-0.298
0.146576,-0.298
0.14658,-0.298
0.146584,-0.298
0.146588,-0.298
0.146592,-0.298
0.146596,-0.298
0.1466,-0.298
0.146604,-0.298
0.146608,-0.298
0.146612,-0.298
0.146616,-0.298
0.14662,-0.298
0.146624,-0.298
0.146628,-0.298
0.146632,-0.298
0.146636,-0.298
0.14664,-0.298
0.146644,-0.3725
0.146648,-0.298
0.146652,-0.298
0.146656,-0.298
0.14666,-0.298
0.146664,-0.298
0.146668,-0.298
0.146672,-0.298
0.146676,-0.298
0.14668,-0.298
0.146684,-0.298
0.146688,-0.298
0.146692,-0.298
0.146696,-0.298
0.1467,-0.298
0.146704,-0.298
0.146708,-0.298
0.146712,-0.298
0.146716,-0.298
0.14672,-0.3725
0.146724,-0.3725
0.146728,-0.298
0.146732,-0.298
0.146736,-0.298
0.14674,-0.298
0.146744,-0.3725
0.146748,-0.298
0.146752,-0.298
0.146756,-0.298
0.14676,-0.298
0.146764,-0.3725
0.146768,-0.298
0.146772,-0.298
0.146776,-0.298
0.14678,-0.298
0.146784,-0.298
0.146788,-0.298
0.146792,-0.298
0.146796,-0.298
0.1468,-0.298
0.146804,-0.3725
0.146808,-0.298
0.146812,-0.298
0.146816,-0.298
0.14682,-0.298
0.146824,-0.298
0.146828,-0.298
0.146832,-0.298
0.146836,-0.298
0.14684,-0.298
0.146844,-0.298
0.146848,-0.298
0.146852,-0.3725
0.146856,-0.3725
0.14686,-0.298
0.146864,-0.298
0.146868,-0.298
0.146872,-0.298
0.146876,-0.298
0.14688,-0.298
0.146884,-0.298
0.146888,-0.3725
0.146892,-0.298
0.146896,-0.298
0.1469,-0.298
0.146904,-0.298
0.146908,-0.298
0.146912,-0.298
0.146916,-0.298
0.14692,-0.298
0.146924,-0.3725
0.146928,-0.298
0.146932,-0.3725
0.146936,-0.298
0.14694,-0.298
0.146944,-0.298
0.146948,-0.298
0.146952,-0.298
0.146956,-0.298
0.14696,-0.298
0.146964,-0.298
0.146968,-0.298
0.146972,-0.298
0.146976,-0.298
0.14698,-0.298
0.146984,-0.298
0.146988,-0.298
0.146992,-0.298
0.146996,-0.298
0.147,-0.298
0.147004,-0.298
0.147008,-0.298
0.147012,-0.298
0.147016,-0.298
0.14702,-0.298
0.147024,-0.298
0.147028,-0.298
0.147032,-0.298
0.147036,-0.298
0.14704,-0.298
0.147044,-0.298
0.147048,-0.298
0.147052,-0.298
0.147056,-0.298
0.14706,-0.298
0.147064,-0.298
0.147068,-0.298
0.147072,-0.298
0.147076,-0.298
0.14708,-0.3725
0.147084,-0.298
0.147088,-0.298
0.147092,-0.3725
0.147096,-0.298
0.1471,-0.298
0.147104,-0.298
0.147108,-0.298
0.147112,-0.298
0.147116,-0.298
0.14712,-0.3725
0.147124,-0.298
0.147128,-0.298
0.147132,-0.3725
0.147136,-0.298
0.14714,-0.298
0.147144,-0.298
0.147148,-0.3725
0.147152,-0.3725
0.147156,-0.298
0.14716,-0.298
0.147164,-0.298
0.147168,-0.298
0.147172,-0.298
0.147176,-0.298
0.14718,-0.298
0.147184,-0.3725
0.147188,-0.298
0.147192,-0.298
0.147196,-0.298
0.1472,-0.298
0.147204,-0.298
0.147208,-0.298
0.147212,-0.298
0.147216,-0.298
0.14722,-0.3725
0.147224,-0.298
0.147228,-0.298
0.147232,-0.298
0.147236,-0.298
0.14724,-0.298
0.147244,-0.298
0.147248,-0.298
0.147252,-0.298
0.147256,-0.298
0.14726,-0.298
0.147264,-0.298
0.147268,-0.298
0.147272,-0.298
0.147276,-0.298
0.14728,-0.298
0.147284,-0.298
0.147288,-0.298
0.147292,-0.298
0.147296,-0.298
0.1473,-0.298
0.147304,-0.298
0.147308,-0.298
0.147312,-0.298
0.147316,-0.298
0.14732,-0.298
0.147324,-0.298
0.147328,-0.298
0.147332,-0.298
0.147336,-0.298
0.14734,-0.298
0.147344,-0.298
0.147348,-0.298
0.147352,-0.298
0.147356,-0.298
0.14736,-0.298
0.147364,-0.298
0.147368,-0.298
0.147372,-0.298
0.147376,-0.298
0.14738,-0.298
0.147384,-0.298
0.147388,-0.298
0.147392,-0.22349999999999998
0.147396,-0.298
0.1474,-0.298
0.147404,-0.298
0.147408,-0.298
0.147412,-0.298
0.147416,-0.298
0.14742,-0.298
0.147424,-0.298
0.147428,-0.298
0.147432,-0.3725
0.147436,-0.298
0.14744,-0.298
0.147444,-0.298
0.147448,-0.298
0.147452,-0.298
0.147456,-0.298
0.14746,-0.298
0.147464,-0.298
0.147468,-0.298
0.147472,-0.3725
0.147476,-0.298
0.14748,-0.298
0.147484,-0.298
0.147488,-0.298
0.147492,-0.298
0.147496,-0.298
0.1475,-0.298
0.147504,-0.3725
0.147508,-0.298
0.147512,-0.298
0.147516,-0.3725
0.14752,-0.298
0.147524,-0.298
0.147528,-0.298
0.147532,-0.298
0.147536,-0.298
0.14754,-0.298
0.147544,-0.3725
0.147548,-0.3725
0.147552,-0.298
0.147556,-0.298
0.14756,-0.298
0.147564,-0.298
0.147568,-0.298
0.147572,-0.298
0.147576,-0.298
0.14758,-0.298
0.147584,-0.298
0.147588,-0.298
0.147592,-0.298
0.147596,-0.298
0.1476,-0.298
0.147604,-0.298
0.147608,-0.3725
0.147612,-0.298
0.147616,-0.298
0.14762,-0.298
0.147624,-0.298
0.147628,-0.298
0.147632,-0.298
0.147636,-0.298
0.14764,-0.298
0.147644,-0.298
0.147648,-0.298
0.147652,-0.298
0.147656,-0.298
0.14766,-0.298
0.147664,-0.298
0.147668,-0.298
0.147672,-0.298
0.147676,-0.298
0.14768,-0.298
0.147684,-0.298
0.147688,-0.298
0.147692,-0.298
0.147696,-0.298
0.1477,-0.298
0.147704,-0.298
0.147708,-0.298
0.147712,-0.298
0.147716,-0.298
0.14772,-0.298
0.147724,-0.298
0.147728,-0.3725
0.147732,-0.298
0.147736,-0.298
0.14774,-0.298
0.147744,-0.298
0.147748,-0.298
0.147752,-0.298
0.147756,-0.298
0.14776,-0.298
0.147764,-0.298
0.147768,-0.298
0.147772,-0.298
0.147776,-0.298
0.14778,-0.298
0.147784,-0.298
0.147788,-0.298
0.147792,-0.298
0.147796,-0.298
0.1478,-0.298
0.147804,-0.298
0.147808,-0.298
0.147812,-0.298
0.147816,-0.298
0.14782,-0.298
0.147824,-0.298
0.147828,-0.22349999999999998
0.147832,-0.298
0.147836,-0.298
0.14784,-0.298
0.147844,-0.3725
0.147848,-0.298
0.147852,-0.298
0.147856,-0.298
0.14786,-0.298
0.147864,-0.298
0.147868,-0.298
0.147872,-0.298
0.147876,-0.298
0.14788,-0.298
0.147884,-0.298
0.147888,-0.298
0.147892,-0.298
0.147896,-0.298
0.1479,-0.298
0.147904,-0.298
0.147908,-0.298
0.147912,-0.298
0.147916,-0.298
0.14792,-0.298
0.147924,-0.298
0.147928,-0.298
0.147932,-0.298
0.147936,-0.298
0.14794,-0.298
0.147944,-0.298
0.147948,-0.298
0.147952,-0.298
0.147956,-0.3725
0.14796,-0.298
0.147964,-0.298
0.147968,-0.298
0.147972,-0.298
0.147976,-0.298
0.14798,-0.298
0.147984,-0.298
0.147988,-0.298
0.147992,-0.298
0.147996,-0.298
0.148,-0.3725
0.148004,-0.298
0.148008,-0.298
0.148012,-0.298
0.148016,-0.298
0.14802,-0.298
0.148024,-0.298
0.148028,-0.298
0.148032,-0.298
0.148036,-0.298
0.14804,-0.298
0.148044,-0.298
0.148048,-0.298
0.148052,-0.298
0.148056,-0.298
0.14806,-0.298
0.148064,-0.298
0.148068,-0.298
0.148072,-0.298
0.148076,-0.298
0.14808,-0.298
0.148084,-0.298
0.148088,-0.298
0.148092,-0.298
0.148096,-0.298
0.1481,-0.22349999999999998
0.148104,-0.298
0.148108,-0.298
0.148112,-0.298
0.148116,-0.298
0.14812,-0.298
0.148124,-0.298
0.148128,-0.298
0.148132,-0.298
0.148136,-0.298
0.14814,-0.298
0.148144,-0.298
0.148148,-0.298
0.148152,-0.298
0.148156,-0.298
0.14816,-0.298
0.148164,-0.298
0.148168,-0.298
0.148172,-0.298
0.148176,-0.298
0.14818,-0.298
0.148184,-0.298
0.148188,-0.298
0.148192,-0.298
0.148196,-0.298
0.1482,-0.298
0.148204,-0.298
0.148208,-0.298
0.148212,-0.298
0.148216,-0.298
0.14822,-0.3725
0.148224,-0.298
0.148228,-0.298
0.148232,-0.298
0.148236,-0.298
0.14824,-0.298
0.148244,-0.298
0.148248,-0.298
0.148252,-0.298
0.148256,-0.3725
0.14826,-0.298
0.148264,-0.298
0.148268,-0.298
0.148272,-0.298
0.148276,-0.298
0.14828,-0.298
0.148284,-0.298
0.148288,-0.298
0.148292,-0.298
0.148296,-0.298
0.1483,-0.298
0.148304,-0.298
0.148308,-0.298
0.148312,-0.298
0.148316,-0.298
0.14832,-0.298
0.148324,-0.298
0.148328,-0.298
0.148332,-0.298
0.148336,-0.298
0.14834,-0.298
0.148344,-0.298
0.148348,-0.3725
0.148352,-0.298
0.148356,-0.298
0.14836,-0.298
0.148364,-0.298
0.148368,-0.298
0.148372,-0.298
0.148376,-0.298
0.14838,-0.298
0.148384,-0.298
0.148388,-0.298
0.148392,-0.298
0.148396,-0.298
0.1484,-0.298
0.148404,-0.298
0.148408,-0.298
0.148412,-0.298
0.148416,-0.298
0.14842,-0.298
0.148424,-0.298
0.148428,-0.298
0.148432,-0.298
0.148436,-0.298
0.14844,-0.3725
0.148444,-0.298
0.148448,-0.298
0.148452,-0.298
0.148456,-0.298
0.14846,-0.298
0.148464,-0.298
0.148468,-0.298
0.148472,-0.298
0.148476,-0.298
0.14848,-0.298
0.148484,-0.298
0.148488,-0.298
0.148492,-0.298
0.148496,-0.298
0.1485,-0.298
0.148504,-0.298
0.148508,-0.298
0.148512,-0.298
0.148516,-0.298
0.14852,-0.298
0.148524,-0.298
0.148528,-0.298
0.148532,-0.298
0.148536,-0.298
0.14854,-0.298
0.148544,-0.298
0.148548,-0.3725
0.148552,-0.298
0.148556,-0.298
0.14856,-0.298
0.148564,-0.298
0.148568,-0.298
0.148572,-0.298
0.148576,-0.298
0.14858,-0.298
0.148584,-0.298
0.148588,-0.298
0.148592,-0.298
0.148596,-0.298
0.1486,-0.298
0.148604,-0.3725
0.148608,-0.298
0.148612,-0.298
0.148616,-0.298
0.14862,-0.298
0.148624,-0.298
0.148628,-0.298
0.148632,-0.298
0.148636,-0.298
0.14864,-0.298
0.148644,-0.298
0.148648,-0.298
0.148652,-0.298
0.148656,-0.298
0.14866,-0.298
0.148664,-0.298
0.148668,-0.298
0.148672,-0.298
0.148676,-0.298
0.14868,-0.298
0.148684,-0.298
0.148688,-0.298
0.148692,-0.298
0.148696,-0.298
0.1487,-0.298
0.148704,-0.298
0.148708,-0.298
0.148712,-0.298
0.148716,-0.298
0.14872,-0.298
0.148724,-0.298
0.148728,-0.298
0.148732,-0.298
0.148736,-0.298
0.14874,-0.298
0.148744,-0.298
0.148748,-0.298
0.148752,-0.298
0.148756,-0.298
0.14876,-0.298
0.148764,-0.298
0.148768,-0.298
0.148772,-0.298
0.148776,-0.298
0.14878,-0.298
0.148784,-0.298
0.148788,-0.298
0.148792,-0.298
0.148796,-0.298
0.1488,-0.298
0.148804,-0.298
0.148808,-0.298
0.148812,-0.298
0.148816,-0.298
0.14882,-0.298
0.148824,-0.298
0.148828,-0.298
0.148832,-0.298
0.148836,-0.298
0.14884,-0.298
0.148844,-0.3725
0.148848,-0.298
0.148852,-0.3725
0.148856,-0.298
0.14886,-0.22349999999999998
0.148864,-0.298
0.148868,-0.298
0.148872,-0.298
0.148876,-0.298
0.14888,-0.22349999999999998
0.148884,-0.298
0.148888,-0.298
0.148892,-0.298
0.148896,-0.298
0.1489,-0.3725
0.148904,-0.298
0.148908,-0.298
0.148912,-0.298
0.148916,-0.298
0.14892,-0.298
0.148924,-0.298
0.148928,-0.298
0.148932,-0.298
0.148936,-0.298
0.14894,-0.298
0.148944,-0.298
0.148948,-0.22349999999999998
0.148952,-0.298
0.148956,-0.298
0.14896,-0.298
0.148964,-0.298
0.148968,-0.298
0.148972,-0.298
0.148976,-0.298
0.14898,-0.298
0.148984,-0.298
0.148988,-0.298
0.148992,-0.298
0.148996,-0.298
0.149,-0.298
0.149004,-0.298
0.149008,-0.3725
0.149012,-0.298
0.149016,-0.298
0.14902,-0.298
0.149024,-0.298
0.149028,-0.298
0.149032,-0.298
0.149036,-0.3725
0.14904,-0.298
0.149044,-0.298
0.149048,-0.298
0.149052,-0.22349999999999998
0.149056,-0.298
0.14906,-0.298
0.149064,-0.298
0.149068,-0.298
0.149072,-0.22349999999999998
0.149076,-0.298
0.14908,-0.298
0.149084,-0.298
0.149088,-0.298
0.149092,-0.298
0.149096,-0.298
0.1491,-0.298
0.149104,-0.298
0.149108,-0.298
0.149112,-0.298
0.149116,-0.298
0.14912,-0.298
0.149124,-0.298
0.149128,-0.298
0.149132,-0.298
0.149136,-0.298
0.14914,-0.298
0.149144,-0.298
0.149148,-0.298
0.149152,-0.298
0.149156,-0.298
0.14916,-0.298
0.149164,-0.298
0.149168,-0.298
0.149172,-0.298
0.149176,-0.298
0.14918,-0.298
0.149184,-0.298
0.149188,-0.298
0.149192,-0.298
0.149196,-0.298
0.1492,-0.298
0.149204,-0.298
0.149208,-0.298
0.149212,-0.298
0.149216,-0.298
0.14922,-0.298
0.149224,-0.298
0.149228,-0.298
0.149232,-0.298
0.149236,-0.298
0.14924,-0.298
0.149244,-0.298
0.149248,-0.298
0.149252,-0.298
0.149256,-0.298
0.14926,-0.298
0.149264,-0.298
0.149268,-0.298
0.149272,-0.298
0.149276,-0.22349999999999998
0.14928,-0.298
0.149284,-0.298
0.149288,-0.298
0.149292,-0.298
0.149296,-0.298
0.1493,-0.298
0.149304,-0.298
0.149308,-0.298
0.149312,-0.298
0.149316,-0.298
0.14932,-0.298
0.149324,-0.298
0.149328,-0.3725
0.149332,-0.298
0.149336,-0.22349999999999998
0.14934,-0.298
0.149344,-0.298
0.149348,-0.298
0.149352,-0.298
0.149356,-0.298
0.14936,-0.298
0.149364,-0.298
0.149368,-0.298
0.149372,-0.298
0.149376,-0.22349999999999998
0.14938,-0.298
0.149384,-0.298
0.149388,-0.298
0.149392,-0.298
0.149396,-0.298
0.1494,-0.298
0.149404,-0.298
0.149408,-0.298
0.149412,-0.298
0.149416,-0.298
0.14942,-0.298
0.149424,-0.298
0.149428,-0.298
0.149432,-0.298
0.149436,-0.298
0.14944,-0.298
0.149444,-0.298
0.149448,-0.298
0.149452,-0.22349999999999998
0.149456,-0.298
0.14946,-0.22349999999999998
0.149464,-0.298
0.149468,-0.298
0.149472,-0.298
0.149476,-0.22349999999999998
0.14948,-0.22349999999999998
0.149484,-0.22349999999999998
0.149488,-0.298
0.149492,-0.298
0.149496,-0.298
0.1495,-0.298
0.149504,-0.298
0.149508,-0.298
0.149512,-0.298
0.149516,-0.298
0.14952,-0.298
0.149524,-0.298
0.149528,-0.298
0.149532,-0.298
0.149536,-0.298
0.14954,-0.298
0.149544,-0.298
0.149548,-0.298
0.149552,-0.298
0.149556,-0.298
0.14956,-0.22349999999999998
0.149564,-0.298
0.149568,-0.298
0.149572,-0.22349999999999998
0.149576,-0.298
0.14958,-0.298
0.149584,-0.298
0.149588,-0.298
0.149592,-0.298
0.149596,-0.298
0.1496,-0.22349999999999998
0.149604,-0.298
0.149608,-0.22349999999999998
0.149612,-0.22349999999999998
0.149616,-0.298
0.14962,-0.298
0.149624,-0.298
0.149628,-0.298
0.149632,-0.298
0.149636,-0.298
0.14964,-0.298
0.149644,-0.298
0.149648,-0.298
0.149652,-0.298
0.149656,-0.298
0.14966,-0.298
0.149664,-0.298
0.149668,-0.298
0.149672,-0.22349999999999998
0.149676,-0.298
0.14968,-0.298
0.149684,-0.298
0.149688,-0.22349999999999998
0.149692,-0.298
0.149696,-0.22349999999999998
0.1497,-0.298
0.149704,-0.298
0.149708,-0.298
0.149712,-0.22349999999999998
0.149716,-0.298
0.14972,-0.298
0.149724,-0.22349999999999998
0.149728,-0.298
0.149732,-0.298
0.149736,-0.298
0.14974,-0.298
0.149744,-0.298
0.149748,-0.22349999999999998
0.149752,-0.22349999999999998
0.149756,-0.298
0.14976,-0.298
0.149764,-0.298
0.149768,-0.298
0.149772,-0.298
0.149776,-0.22349999999999998
0.14978,-0.298
0.149784,-0.298
0.149788,-0.298
0.149792,-0.298
0.149796,-0.298
0.1498,-0.298
0.149804,-0.298
0.149808,-0.298
0.149812,-0.22349999999999998
0.149816,-0.298
0.14982,-0.298
0.149824,-0.298
0.149828,-0.298
0.149832,-0.298
0.149836,-0.298
0.14984,-0.298
0.149844,-0.298
0.149848,-0.298
0.149852,-0.298
0.149856,-0.298
0.14986,-0.298
0.149864,-0.298
0.149868,-0.298
0.149872,-0.298
0.149876,-0.298
0.14988,-0.298
0.149884,-0.298
0.149888,-0.298
0.149892,-0.298
0.149896,-0.298
0.1499,-0.298
0.149904,-0.298
0.149908,-0.298
0.149912,-0.3725
0.149916,-0.298
0.14992,-0.298
0.149924,-0.298
0.149928,-0.298
0.149932,-0.298
0.149936,-0.298
0.14994,-0.298
0.149944,-0.298
0.149948,-0.298
0.149952,-0.298
0.149956,-0.298
0.14996,-0.298
0.149964,-0.298
0.149968,-0.298
0.149972,-0.298
0.149976,-0.298
0.14998,-0.298
0.149984,-0.298
0.149988,-0.298
0.149992,-0.298
0.149996,-0.298
0.15,-0.298
0.150004,-0.298
0.150008,-0.298
0.150012,-0.3725
0.150016,-0.298
0.15002,-0.298
0.150024,-0.298
0.150028,-0.298
0.150032,-0.298
0.150036,-0.298
0.15004,-0.298
0.150044,-0.298
0.150048,-0.298
0.150052,-0.298
0.150056,-0.298
0.15006,-0.298
0.150064,-0.298
0.150068,-0.298
0.150072,-0.298
0.150076,-0.298
0.15008,-0.298
0.150084,-0.298
0.150088,-0.298
0.150092,-0.298
0.150096,-0.298
0.1501,-0.298
0.150104,-0.298
0.150108,-0.298
0.150112,-0.298
0.150116,-0.298
0.15012,-0.298
0.150124,-0.298
0.150128,-0.298
0.150132,-0.298
0.150136,-0.298
0.15014,-0.298
0.150144,-0.298
0.150148,-0.298
0.150152,-0.298
0.150156,-0.298
0.15016,-0.298
0.150164,-0.298
0.150168,-0.298
0.150172,-0.298
0.150176,-0.298
0.15018,-0.298
0.150184,-0.298
0.150188,-0.298
0.150192,-0.298
0.150196,-0.298
0.1502,-0.298
0.150204,-0.298
0.150208,-0.298
0.150212,-0.298
0.150216,-0.298
0.15022,-0.298
0.150224,-0.298
0.150228,-0.298
0.150232,-0.298
0.150236,-0.298
0.15024,-0.298
0.150244,-0.298
0.150248,-0.298
0.150252,-0.298
0.150256,-0.298
0.15026,-0.298
0.150264,-0.298
0.150268,-0.298
0.150272,-0.298
0.150276,-0.298
0.15028,-0.22349999999999998
0.150284,-0.298
0.150288,-0.298
0.150292,-0.298
0.150296,-0.298
0.1503,-0.298
0.150304,-0.298
0.150308,-0.298
0.150312,-0.298
0.150316,-0.298
0.15032,-0.298
0.150324,-0.3725
0.150328,-0.298
0.150332,-0.298
0.150336,-0.298
0.15034,-0.298
0.150344,-0.298
0.150348,-0.298
0.150352,-0.298
0.150356,-0.298
0.15036,-0.22349999999999998
0.150364,-0.298
0.150368,-0.298
0.150372,-0.298
0.150376,-0.298
0.15038,-0.298
0.150384,-0.298
0.150388,-0.298
0.150392,-0.298
0.150396,-0.298
0.1504,-0.298
0.150404,-0.22349999999999998
0.150408,-0.298
0.150412,-0.298
0.150416,-0.22349999999999998
0.15042,-0.298
0.150424,-0.298
0.150428,-0.298
0.150432,-0.298
0.150436,-0.22349999999999998
0.15044,-0.298
0.150444,-0.298
0.150448,-0.298
0.150452,-0.298
0.150456,-0.298
0.15046,-0.22349999999999998
0.150464,-0.298
0.150468,-0.298
0.150472,-0.298
0.150476,-0.22349999999999998
0.15048,-0.298
0.150484,-0.298
0.150488,-0.298
0.150492,-0.298
0.150496,-0.298
0.1505,-0.298
0.150504,-0.298
0.150508,-0.298
0.150512,-0.298
0.150516,-0.22349999999999998
0.15052,-0.298
0.150524,-0.298
0.150528,-0.298
0.150532,-0.298
0.150536,-0.298
0.15054,-0.298
0.150544,-0.298
0.150548,-0.298
0.150552,-0.298
0.150556,-0.298
0.15056,-0.298
0.150564,-0.298
0.150568,-0.298
0.150572,-0.298
0.150576,-0.298
0.15058,-0.3725
0.150584,-0.298
0.150588,-0.298
0.150592,-0.298
0.150596,-0.298
0.1506,-0.298
0.150604,-0.298
0.150608,-0.298
0.150612,-0.298
0.150616,-0.298
0.15062,-0.22349999999999998
0.150624,-0.298
0.150628,-0.298
0.150632,-0.22349999999999998
0.150636,-0.298
0.15064,-0.298
0.150644,-0.298
0.150648,-0.298
0.150652,-0.298
0.150656,-0.298
0.15066,-0.298
0.150664,-0.298
0.150668,-0.298
0.150672,-0.298
0.150676,-0.298
0.15068,-0.298
0.150684,-0.298
0.150688,-0.298
0.150692,-0.298
0.150696,-0.298
0.1507,-0.298
0.150704,-0.298
0.150708,-0.298
0.150712,-0.298
0.150716,-0.298
0.15072,-0.298
0.150724,-0.298
0.150728,-0.298
0.150732,-0.22349999999999998
0.150736,-0.298
0.15074,-0.22349999999999998
0.150744,-0.298
0.150748,-0.298
0.150752,-0.298
0.150756,-0.298
0.15076,-0.298
0.150764,-0.298
0.150768,-0.22349999999999998
0.150772,-0.22349999999999998
0.150776,-0.298
0.15078,-0.298
0.150784,-0.298
0.150788,-0.298
0.150792,-0.298
0.150796,-0.22349999999999998
0.1508,-0.298
0.150804,-0.298
0.150808,-0.298
0.150812,-0.298
0.150816,-0.298
0.15082,-0.298
0.150824,-0.22349999999999998
0.150828,-0.298
0.150832,-0.298
0.150836,-0.298
0.15084,-0.298
0.150844,-0.298
0.150848,-0.298
0.150852,-0.22349999999999998
0.150856,-0.298
0.15086,-0.298
0.150864,-0.298
0.150868,-0.298
0.150872,-0.298
0.150876,-0.22349999999999998
0.15088,-0.22349999999999998
0.150884,-0.298
0.150888,-0.298
0.150892,-0.22349999999999998
0.150896,-0.298
0.1509,-0.22349999999999998
0.150904,-0.298
0.150908,-0.22349999999999998
0.150912,-0.22349999999999998
0.150916,-0.298
0.15092,-0.298
0.150924,-0.298
0.150928,-0.298
0.150932,-0.298
0.150936,-0.298
0.15094,-0.298
0.150944,-0.298
0.150948,-0.298
0.150952,-0.298
0.150956,-0.22349999999999998
0.15096,-0.298
0.150964,-0.298
0.150968,-0.298
0.150972,-0.298
0.150976,-0.298
0.15098,-0.298
0.150984,-0.298
0.150988,-0.298
0.150992,-0.22349999999999998
0.150996,-0.298
0.151,-0.298
0.151004,-0.298
0.151008,-0.298
0.151012,-0.298
0.151016,-0.298
0.15102,-0.22349999999999998
0.151024,-0.298
0.151028,-0.298
0.151032,-0.298
0.151036,-0.22349999999999998
0.15104,-0.298
0.151044,-0.298
0.151048,-0.298
0.151052,-0.298
0.151056,-0.298
0.15106,-0.298
0.151064,-0.298
0.151068,-0.298
0.151072,-0.22349999999999998
0.151076,-0.298
0.15108,-0.298
0.151084,-0.298
0.151088,-0.298
0.151092,-0.298
0.151096,-0.22349999999999998
0.1511,-0.298
0.151104,-0.298
0.151108,-0.298
0.151112,-0.298
0.151116,-0.298
0.15112,-0.298
0.151124,-0.298
0.151128,-0.298
0.151132,-0.298
0.151136,-0.22349999999999998
0.15114,-0.298
0.151144,-0.298
0.151148,-0.298
0.151152,-0.22349999999999998
0.151156,-0.298
0.15116,-0.3725
0.151164,-0.298
0.151168,-0.298
0.151172,-0.298
0.151176,-0.298
0.15118,-0.298
0.151184,-0.22349999999999998
0.151188,-0.298
0.151192,-0.298
0.151196,-0.298
0.1512,-0.298
0.151204,-0.298
0.151208,-0.298
0.151212,-0.298
0.151216,-0.298
0.15122,-0.298
0.151224,-0.298
0.151228,-0.298
0.151232,-0.298
0.151236,-0.298
0.15124,-0.298
0.151244,-0.298
0.151248,-0.298
0.151252,-0.298
0.151256,-0.298
0.15126,-0.298
0.151264,-0.298
0.151268,-0.298
0.151272,-0.298
0.151276,-0.298
0.15128,-0.298
0.151284,-0.298
0.151288,-0.298
0.151292,-0.298
0.151296,-0.22349999999999998
0.1513,-0.298
0.151304,-0.298
0.151308,-0.22349999999999998
0.151312,-0.298
0.151316,-0.298
0.15132,-0.298
0.151324,-0.22349999999999998
0.151328,-0.298
0.151332,-0.298
0.151336,-0.298
0.15134,-0.298
0.151344,-0.298
0.151348,-0.298
0.151352,-0.298
0.151356,-0.298
0.15136,-0.298
0.151364,-0.22349999999999998
0.151368,-0.298
0.151372,-0.298
0.151376,-0.22349999999999998
0.15138,-0.298
0.151384,-0.298
0.151388,-0.298
0.151392,-0.298
0.151396,-0.22349999999999998
0.1514,-0.298
0.151404,-0.298
0.151408,-0.298
0.151412,-0.298
0.151416,-0.298
0.15142,-0.22349999999999998
0.151424,-0.22349999999999998
0.151428,-0.298
0.151432,-0.298
0.151436,-0.298
0.15144,-0.298
0.151444,-0.298
0.151448,-0.298
0.151452,-0.298
0.151456,-0.298
0.15146,-0.22349999999999998
0.151464,-0.298
0.151468,-0.298
0.151472,-0.298
0.151476,-0.298
0.15148,-0.298
0.151484,-0.298
0.151488,-0.298
0.151492,-0.298
0.151496,-0.298
0.1515,-0.298
0.151504,-0.298
0.151508,-0.298
0.151512,-0.298
0.151516,-0.298
0.15152,-0.298
0.151524,-0.298
0.151528,-0.298
0.151532,-0.298
0.151536,-0.22349999999999998
0.15154,-0.298
0.151544,-0.298
0.151548,-0.298
0.151552,-0.298
0.151556,-0.298
0.15156,-0.298
0.151564,-0.298
0.151568,-0.298
0.151572,-0.298
0.151576,-0.298
0.15158,-0.298
0.151584,-0.298
0.151588,-0.298
0.151592,-0.298
0.151596,-0.22349999999999998
0.1516,-0.298
0.151604,-0.298
0.151608,-0.298
0.151612,-0.298
0.151616,-0.298
0.15162,-0.22349999999999998
0.151624,-0.22349999999999998
0.151628,-0.298
0.151632,-0.298
0.151636,-0.298
0.15164,-0.298
0.151644,-0.298
0.151648,-0.298
0.151652,-0.298
0.151656,-0.298
0.15166,-0.298
0.151664,-0.298
0.151668,-0.298
0.151672,-0.298
0.151676,-0.298
0.15168,-0.298
0.151684,-0.298
0.151688,-0.298
0.151692,-0.298
0.151696,-0.298
0.1517,-0.22349999999999998
0.151704,-0.298
0.151708,-0.298
0.151712,-0.298
0.151716,-0.298
0.15172,-0.298
0.151724,-0.298
0.151728,-0.22349999999999998
0.151732,-0.298
0.151736,-0.298
0.15174,-0.298
0.151744,-0.298
0.151748,-0.298
0.151752,-0.298
0.151756,-0.298
0.15176,-0.298
0.151764,-0.298
0.151768,-0.298
0.151772,-0.298
0.151776,-0.22349999999999998
0.15178,-0.298
0.151784,-0.298
0.151788,-0.22349999999999998
0.151792,-0.22349999999999998
0.151796,-0.22349999999999998
0.1518,-0.298
0.151804,-0.298
0.151808,-0.298
0.151812,-0.298
0.151816,-0.298
0.15182,-0.298
0.151824,-0.298
0.151828,-0.298
0.151832,-0.298
0.151836,-0.298
0.15184,-0.298
0.151844,-0.298
0.151848,-0.298
0.151852,-0.298
0.151856,-0.298
0.15186,-0.298
0.151864,-0.298
0.151868,-0.298
0.151872,-0.22349999999999998
0.151876,-0.298
0.15188,-0.298
0.151884,-0.298
0.151888,-0.298
0.151892,-0.298
0.151896,-0.298
0.1519,-0.22349999999999998
0.151904,-0.298
0.151908,-0.298
0.151912,-0.298
0.151916,-0.298
0.15192,-0.298
0.151924,-0.298
0.151928,-0.22349999999999998
0.151932,-0.298
0.151936,-0.298
0.15194,-0.298
0.151944,-0.298
0.151948,-0.298
0.151952,-0.298
0.151956,-0.298
0.15196,-0.22349999999999998
0.151964,-0.298
0.151968,-0.22349999999999998
0.151972,-0.298
0.151976,-0.298
0.15198,-0.298
0.151984,-0.298
0.151988,-0.22349999999999998
0.151992,-0.298
0.151996,-0.298
0.152,-0.298
0.152004,-0.298
0.152008,-0.298
0.152012,-0.298
0.152016,-0.298
0.15202,-0.298
0.152024,-0.298
0.152028,-0.298
0.152032,-0.22349999999999998
0.152036,-0.298
0.15204,-0.298
0.152044,-0.298
0.152048,-0.298
0.152052,-0.298
0.152056,-0.298
0.15206,-0.298
0.152064,-0.298
0.152068,-0.22349999999999998
0.152072,-0.298
0.152076,-0.298
0.15208,-0.298
0.152084,-0.298
0.152088,-0.298
0.152092,-0.298
0.152096,-0.298
0.1521,-0.298
0.152104,-0.298
0.152108,-0.298
0.152112,-0.298
0.152116,-0.298
0.15212,-0.298
0.152124,-0.22349999999999998
0.152128,-0.298
0.152132,-0.298
0.152136,-0.298
0.15214,-0.298
0.152144,-0.22349999999999998
0.152148,-0.298
0.152152,-0.298
0.152156,-0.298
0.15216,-0.298
0.152164,-0.22349999999999998
0.152168,-0.298
0.152172,-0.298
0.152176,-0.298
0.15218,-0.298
0.152184,-0.298
0.152188,-0.298
0.152192,-0.22349999999999998
0.152196,-0.298
0.1522,-0.298
0.152204,-0.298
0.152208,-0.298
0.152212,-0.22349999999999998
0.152216,-0.22349999999999998
0.15222,-0.298
0.152224,-0.298
0.152228,-0.298
0.152232,-0.298
0.152236,-0.22349999999999998
0.15224,-0.298
0.152244,-0.298
0.152248,-0.298
0.152252,-0.298
0.152256,-0.298
0.15226,-0.298
0.152264,-0.298
0.152268,-0.298
0.152272,-0.298
0.152276,-0.298
0.15228,-0.298
0.152284,-0.298
0.152288,-0.298
0.152292,-0.22349999999999998
0.152296,-0.298
0.1523,-0.298
0.152304,-0.298
0.152308,-0.298
0.152312,-0.298
0.152316,-0.298
0.15232,-0.298
0.152324,-0.298
0.152328,-0.298
0.152332,-0.298
0.152336,-0.298
0.15234,-0.298
0.152344,-0.298
0.152348,-0.298
0.152352,-0.22349999999999998
0.152356,-0.22349999999999998
0.15236,-0.298
0.152364,-0.298
0.152368,-0.298
0.152372,-0.298
0.152376,-0.298
0.15238,-0.298
0.152384,-0.298
0.152388,-0.298
0.152392,-0.22349999999999998
0.152396,-0.298
0.1524,-0.3725
0.152404,-0.298
0.152408,-0.298
0.152412,-0.298
0.152416,-0.298
0.15242,-0.298
0.152424,-0.298
0.152428,-0.298
0.152432,-0.298
0.152436,-0.298
0.15244,-0.298
0.152444,-0.298
0.152448,-0.298
0.152452,-0.3725
0.152456,-0.298
0.15246,-0.22349999999999998
0.152464,-0.298
0.152468,-0.298
0.152472,-0.22349999999999998
0.152476,-0.298
0.15248,-0.22349999999999998
0.152484,-0.298
0.152488,-0.298
0.152492,-0.22349999999999998
0.152496,-0.298
0.1525,-0.298
0.152504,-0.298
0.152508,-0.298
0.152512,-0.298
0.152516,-0.298
0.15252,-0.298
0.152524,-0.298
0.152528,-0.298
0.152532,-0.298
0.152536,-0.298
0.15254,-0.298
0.152544,-0.298
0.152548,-0.298
0.152552,-0.298
0.152556,-0.298
0.15256,-0.298
0.152564,-0.298
0.152568,-0.298
0.152572,-0.298
0.152576,-0.298
0.15258,-0.22349999999999998
0.152584,-0.298
0.152588,-0.298
0.152592,-0.298
0.152596,-0.298
0.1526,-0.22349999999999998
0.152604,-0.298
0.152608,-0.298
0.152612,-0.298
0.152616,-0.298
0.15262,-0.298
0.152624,-0.298
0.152628,-0.298
0.152632,-0.298
0.152636,-0.298
0.15264,-0.298
0.152644,-0.298
0.152648,-0.298
0.152652,-0.298
0.152656,-0.298
0.15266,-0.298
0.152664,-0.298
0.152668,-0.298
0.152672,-0.298
0.152676,-0.298
0.15268,-0.298
0.152684,-0.298
0.152688,-0.298
0.152692,-0.298
0.152696,-0.298
0.1527,-0.298
0.152704,-0.298
0.152708,-0.298
0.152712,-0.298
0.152716,-0.298
0.15272,-0.298
0.152724,-0.298
0.152728,-0.3725
0.152732,-0.298
0.152736,-0.298
0.15274,-0.298
0.152744,-0.298
0.152748,-0.298
0.152752,-0.298
0.152756,-0.298
0.15276,-0.298
0.152764,-0.298
0.152768,-0.298
0.152772,-0.298
0.152776,-0.298
0.15278,-0.3725
0.152784,-0.298
0.152788,-0.298
0.152792,-0.298
0.152796,-0.298
0.1528,-0.298
0.152804,-0.298
0.152808,-0.298
0.152812,-0.22349999999999998
0.152816,-0.22349999999999998
0.15282,-0.298
0.152824,-0.298
0.152828,-0.298
0.152832,-0.298
0.152836,-0.298
0.15284,-0.298
0.152844,-0.298
0.152848,-0.298
0.152852,-0.298
0.152856,-0.298
0.15286,-0.3725
0.152864,-0.298
0.152868,-0.298
0.152872,-0.3725
0.152876,-0.298
0.15288,-0.298
0.152884,-0.298
0.152888,-0.298
0.152892,-0.298
0.152896,-0.298
0.1529,-0.298
0.152904,-0.298
0.152908,-0.298
0.152912,-0.298
0.152916,-0.298
0.15292,-0.298
0.152924,-0.298
0.152928,-0.298
0.152932,-0.298
0.152936,-0.298
0.15294,-0.298
0.152944,-0.298
0.152948,-0.3725
0.152952,-0.298
0.152956,-0.298
0.15296,-0.3725
0.152964,-0.298
0.152968,-0.298
0.152972,-0.298
0.152976,-0.298
0.15298,-0.3725
0.152984,-0.298
0.152988,-0.3725
0.152992,-0.298
0.152996,-0.298
0.153,-0.298
0.153004,-0.298
0.153008,-0.3725
0.153012,-0.3725
0.153016,-0.298
0.15302,-0.298
0.153024,-0.298
0.153028,-0.298
0.153032,-0.298
0.153036,-0.298
0.15304,-0.298
0.153044,-0.298
0.153048,-0.298
0.153052,-0.3725
0.153056,-0.298
0.15306,-0.22349999999999998
0.153064,-0.298
0.153068,-0.298
0.153072,-0.298
0.153076,-0.298
0.15308,-0.298
0.153084,-0.3725
0.153088,-0.298
0.153092,-0.298
0.153096,-0.298
0.1531,-0.298
0.153104,-0.298
0.153108,-0.298
0.153112,-0.3725
0.153116,-0.298
0.15312,-0.298
0.153124,-0.3725
0.153128,-0.298
0.153132,-0.3725
0.153136,-0.298
0.15314,-0.298
0.153144,-0.298
0.153148,-0.298
0.153152,-0.298
0.153156,-0.298
0.15316,-0.298
0.153164,-0.298
0.153168,-0.298
0.153172,-0.3725
0.153176,-0.298
0.15318,-0.3725
0.153184,-0.298
0.153188,-0.298
0.153192,-0.298
0.153196,-0.298
0.1532,-0.298
0.153204,-0.298
0.153208,-0.298
0.153212,-0.298
0.153216,-0.3725
0.15322,-0.298
0.153224,-0.298
0.153228,-0.298
0.153232,-0.298
0.153236,-0.298
0.15324,-0.298
0.153244,-0.298
0.153248,-0.298
0.153252,-0.3725
0.153256,-0.298
0.15326,-0.3725
0.153264,-0.298
0.153268,-0.298
0.153272,-0.3725
0.153276,-0.298
0.15328,-0.298
0.153284,-0.298
0.153288,-0.298
0.153292,-0.298
0.153296,-0.298
0.1533,-0.298
0.153304,-0.298
0.153308,-0.298
0.153312,-0.298
0.153316,-0.298
0.15332,-0.3725
0.153324,-0.298
0.153328,-0.298
0.153332,-0.298
0.153336,-0.298
0.15334,-0.298
0.153344,-0.298
0.153348,-0.298
0.153352,-0.298
0.153356,-0.298
0.15336,-0.298
0.153364,-0.298
0.153368,-0.298
0.153372,-0.298
0.153376,-0.298
0.15338,-0.298
0.153384,-0.298
0.153388,-0.298
0.153392,-0.298
0.153396,-0.298
0.1534,-0.298
0.153404,-0.298
0.153408,-0.298
0.153412,-0.298
0.153416,-0.298
0.15342,-0.298
0.153424,-0.298
0.153428,-0.3725
0.153432,-0.298
0.153436,-0.298
0.15344,-0.298
0.153444,-0.298
0.153448,-0.298
0.153452,-0.3725
0.153456,-0.298
0.15346,-0.298
0.153464,-0.3725
0.153468,-0.298
0.153472,-0.298
0.153476,-0.298
0.15348,-0.298
0.153484,-0.298
0.153488,-0.3725
0.153492,-0.298
0.153496,-0.3725
0.1535,-0.298
0.153504,-0.3725
0.153508,-0.298
0.153512,-0.298
0.153516,-0.3725
0.15352,-0.3725
0.153524,-0.3725
0.153528,-0.3725
0.153532,-0.298
0.153536,-0.3725
0.15354,-0.298
0.153544,-0.298
0.153548,-0.298
0.153552,-0.3725
0.153556,-0.298
0.15356,-0.298
0.153564,-0.298
0.153568,-0.298
0.153572,-0.298
0.153576,-0.3725
0.15358,-0.298
0.153584,-0.298
0.153588,-0.3725
0.153592,-0.3725
0.153596,-0.298
0.1536,-0.298
0.153604,-0.3725
0.153608,-0.3725
0.153612,-0.298
0.153616,-0.298
0.15362,-0.3725
0.153624,-0.298
0.153628,-0.298
0.153632,-0.298
0.153636,-0.298
0.15364,-0.298
0.153644,-0.298
0.153648,-0.3725
0.153652,-0.298
0.153656,-0.3725
0.15366,-0.3725
0.153664,-0.298
0.153668,-0.298
0.153672,-0.3725
0.153676,-0.3725
0.15368,-0.298
0.153684,-0.3725
0.153688,-0.298
0.153692,-0.298
0.153696,-0.298
0.1537,-0.298
0.153704,-0.298
0.153708,-0.298
0.153712,-0.298
0.153716,-0.298
0.15372,-0.298
0.153724,-0.298
0.153728,-0.3725
0.153732,-0.298
0.153736,-0.3725
0.15374,-0.298
0.153744,-0.3725
0.153748,-0.298
0.153752,-0.298
0.153756,-0.3725
0.15376,-0.3725
0.153764,-0.298
0.153768,-0.298
0.153772,-0.298
0.153776,-0.3725
0.15378,-0.3725
0.153784,-0.3725
0.153788,-0.3725
0.153792,-0.298
0.153796,-0.298
0.1538,-0.298
0.153804,-0.298
0.153808,-0.298
0.153812,-0.3725
0.153816,-0.298
0.15382,-0.298
0.153824,-0.298
0.153828,-0.3725
0.153832,-0.3725
0.153836,-0.298
0.15384,-0.298
0.153844,-0.3725
0.153848,-0.298
0.153852,-0.3725
0.153856,-0.298
0.15386,-0.3725
0.153864,-0.298
0.153868,-0.3725
0.153872,-0.298
0.153876,-0.3725
0.15388,-0.3725
0.153884,-0.298
0.153888,-0.3725
0.153892,-0.3725
0.153896,-0.3725
0.1539,-0.298
0.153904,-0.298
0.153908,-0.3725
0.153912,-0.298
0.153916,-0.3725
0.15392,-0.298
0.153924,-0.298
0.153928,-0.298
0.153932,-0.298
0.153936,-0.3725
0.15394,-0.3725
0.153944,-0.298
0.153948,-0.3725
0.153952,-0.298
0.153956,-0.298
0.15396,-0.298
0.153964,-0.3725
0.153968,-0.298
0.153972,-0.298
0.153976,-0.298
0.15398,-0.3725
0.153984,-0.298
0.153988,-0.3725
0.153992,-0.298
0.153996,-0.3725
0.154,-0.298
0.154004,-0.3725
0.154008,-0.3725
0.154012,-0.298
0.154016,-0.3725
0.15402,-0.298
0.154024,-0.298
0.154028,-0.3725
0.154032,-0.298
0.154036,-0.298
0.15404,-0.298
0.154044,-0.298
0.154048,-0.3725
0.154052,-0.298
0.154056,-0.3725
0.15406,-0.298
0.154064,-0.3725
0.154068,-0.298
0.154072,-0.3725
0.154076,-0.3725
0.15408,-0.3725
0.154084,-0.3725
0.154088,-0.298
0.154092,-0.298
0.154096,-0.3725
0.1541,-0.298
0.154104,-0.3725
0.154108,-0.3725
0.154112,-0.3725
0.154116,-0.298
0.15412,-0.298
0.154124,-0.3725
0.154128,-0.3725
0.154132,-0.3725
0.154136,-0.3725
0.15414,-0.3725
0.154144,-0.3725
0.154148,-0.3725
0.154152,-0.3725
0.154156,-0.3725
0.15416,-0.3725
0.154164,-0.298
0.154168,-0.3725
0.154172,-0.298
0.154176,-0.298
0.15418,-0.3725
0.154184,-0.3725
0.154188,-0.298
0.154192,-0.3725
0.154196,-0.298
0.1542,-0.3725
0.154204,-0.3725
0.154208,-0.3725
0.154212,-0.298
0.154216,-0.3725
0.15422,-0.298
0.154224,-0.3725
0.154228,-0.298
0.154232,-0.298
0.154236,-0.3725
0.15424,-0.3725
0.154244,-0.3725
0.154248,-0.3725
0.154252,-0.298
0.154256,-0.298
0.15426,-0.298
0.154264,-0.3725
0.154268,-0.298
0.154272,-0.3725
0.154276,-0.298
0.15428,-0.3725
0.154284,-0.3725
0.154288,-0.3725
0.154292,-0.298
0.154296,-0.298
0.1543,-0.3725
0.154304,-0.3725
0.154308,-0.3725
0.154312,-0.298
0.154316,-0.298
0.15432,-0.3725
0.154324,-0.298
0.154328,-0.3725
0.154332,-0.298
0.154336,-0.3725
0.15434,-0.3725
0.154344,-0.3725
0.154348,-0.3725
0.154352,-0.3725
0.154356,-0.3725
0.15436,-0.3725
0.154364,-0.3725
0.154368,-0.3725
0.154372,-0.3725
0.154376,-0.3725
0.15438,-0.3725
0.154384,-0.3725
0.154388,-0.3725
0.154392,-0.298
0.154396,-0.298
0.1544,-0.3725
0.154404,-0.3725
0.154408,-0.3725
0.154412,-0.3725
0.154416,-0.3725
0.15442,-0.3725
0.154424,-0.3725
0.154428,-0.3725
0.154432,-0.3725
0.154436,-0.298
0.15444,-0.3725
0.154444,-0.3725
0.154448,-0.298
0.154452,-0.3725
0.154456,-0.3725
0.15446,-0.3725
0.154464,-0.298
0.154468,-0.298
0.154472,-0.298
0.154476,-0.3725
0.15448,-0.298
0.154484,-0.298
0.154488,-0.298
0.154492,-0.3725
0.154496,-0.3725
0.1545,-0.3725
0.154504,-0.3725
0.154508,-0.3725
0.154512,-0.298
0.154516,-0.3725
0.15452,-0.3725
0.154524,-0.3725
0.154528,-0.3725
0.154532,-0.44699999999999995
0.154536,-0.3725
0.15454,-0.3725
0.154544,-0.298
0.154548,-0.3725
0.154552,-0.3725
0.154556,-0.3725
0.15456,-0.3725
0.154564,-0.298
0.154568,-0.3725
0.154572,-0.3725
0.154576,-0.298
0.15458,-0.3725
0.154584,-0.3725
0.154588,-0.3725
0.154592,-0.3725
0.154596,-0.298
0.1546,-0.3725
0.154604,-0.3725
0.154608,-0.3725
0.154612,-0.3725
0.154616,-0.298
0.15462,-0.3725
0.154624,-0.298
0.154628,-0.3725
0.154632,-0.3725
0.154636,-0.3725
0.15464,-0.3725
0.154644,-0.3725
0.154648,-0.3725
0.154652,-0.298
0.154656,-0.3725
0.15466,-0.3725
0.154664,-0.3725
0.154668,-0.3725
0.154672,-0.298
0.154676,-0.3725
0.15468,-0.3725
0.154684,-0.3725
0.154688,-0.3725
0.154692,-0.3725
0.154696,-0.3725
0.1547,-0.3725
0.154704,-0.3725
0.154708,-0.298
0.154712,-0.3725
0.154716,-0.3725
0.15472,-0.3725
0.154724,-0.3725
0.154728,-0.3725
0.154732,-0.3725
0.154736,-0.3725
0.15474,-0.3725
0.154744,-0.298
0.154748,-0.3725
0.154752,-0.298
0.154756,-0.3725
0.15476,-0.3725
0.154764,-0.3725
0.154768,-0.3725
0.154772,-0.298
0.154776,-0.3725
0.15478,-0.3725
0.154784,-0.3725
0.154788,-0.3725
0.154792,-0.3725
0.154796,-0.3725
0.1548,-0.3725
0.154804,-0.3725
0.154808,-0.3725
0.154812,-0.3725
0.154816,-0.3725
0.15482,-0.3725
0.154824,-0.3725
0.154828,-0.3725
0.154832,-0.3725
0.154836,-0.3725
0.15484,-0.3725
0.154844,-0.3725
0.154848,-0.3725
0.154852,-0.3725
0.154856,-0.3725
0.15486,-0.3725
0.154864,-0.3725
0.154868,-0.3725
0.154872,-0.3725
0.154876,-0.3725
0.15488,-0.3725
0.154884,-0.3725
0.154888,-0.3725
0.154892,-0.3725
0.154896,-0.3725
0.1549,-0.3725
0.154904,-0.3725
0.154908,-0.3725
0.154912,-0.3725
0.154916,-0.3725
0.15492,-0.3725
0.154924,-0.3725
0.154928,-0.3725
0.154932,-0.3725
0.154936,-0.3725
0.15494,-0.3725
0.154944,-0.3725
0.154948,-0.298
0.154952,-0.3725
0.154956,-0.298
0.15496,-0.3725
0.154964,-0.3725
0.154968,-0.3725
0.154972,-0.3725
0.154976,-0.298
0.15498,-0.3725
0.154984,-0.3725
0.154988,-0.3725
0.154992,-0.298
0.154996,-0.3725
0.155,-0.3725
0.155004,-0.298
0.155008,-0.3725
0.155012,-0.3725
0.155016,-0.3725
0.15502,-0.3725
0.155024,-0.44699999999999995
0.155028,-0.3725
0.155032,-0.3725
0.155036,-0.3725
0.15504,-0.3725
0.155044,-0.3725
0.155048,-0.3725
0.155052,-0.3725
0.155056,-0.3725
0.15506,-0.3725
0.155064,-0.3725
0.155068,-0.298
0.155072,-0.3725
0.155076,-0.3725
0.15508,-0.3725
0.155084,-0.3725
0.155088,-0.3725
0.155092,-0.3725
0.155096,-0.3725
0.1551,-0.3725
0.155104,-0.3725
0.155108,-0.3725
0.155112,-0.3725
0.155116,-0.3725
0.15512,-0.3725
0.155124,-0.3725
0.155128,-0.3725
0.155132,-0.3725
0.155136,-0.44699999999999995
0.15514,-0.3725
0.155144,-0.3725
0.155148,-0.3725
0.155152,-0.3725
0.155156,-0.3725
0.15516,-0.3725
0.155164,-0.3725
0.155168,-0.3725
0.155172,-0.3725
0.155176,-0.3725
0.15518,-0.3725
0.155184,-0.3725
0.155188,-0.3725
0.155192,-0.298
0.155196,-0.3725
0.1552,-0.3725
0.155204,-0.3725
0.155208,-0.3725
0.155212,-0.3725
0.155216,-0.3725
0.15522,-0.3725
0.155224,-0.3725
0.155228,-0.3725
0.155232,-0.3725
0.155236,-0.3725
0.15524,-0.3725
0.155244,-0.3725
0.155248,-0.3725
0.155252,-0.3725
0.155256,-0.3725
0.15526,-0.3725
0.155264,-0.3725
0.155268,-0.3725
0.155272,-0.3725
0.155276,-0.3725
0.15528,-0.3725
0.155284,-0.3725
0.155288,-0.3725
0.155292,-0.3725
0.155296,-0.3725
0.1553,-0.3725
0.155304,-0.3725
0.155308,-0.3725
0.155312,-0.3725
0.155316,-0.3725
0.15532,-0.3725
0.155324,-0.3725
0.155328,-0.3725
0.155332,-0.3725
0.155336,-0.3725
0.15534,-0.3725
0.155344,-0.3725
0.155348,-0.3725
0.155352,-0.3725
0.155356,-0.3725
0.15536,-0.3725
0.155364,-0.3725
0.155368,-0.3725
0.155372,-0.3725
0.155376,-0.3725
0.15538,-0.3725
0.155384,-0.3725
0.155388,-0.3725
0.155392,-0.3725
0.155396,-0.3725
0.1554,-0.3725
0.155404,-0.3725
0.155408,-0.3725
0.155412,-0.3725
0.155416,-0.3725
0.15542,-0.3725
0.155424,-0.3725
0.155428,-0.3725
0.155432,-0.3725
0.155436,-0.3725
0.15544,-0.298
0.155444,-0.3725
0.155448,-0.3725
0.155452,-0.3725
0.155456,-0.3725
0.15546,-0.3725
0.155464,-0.3725
0.155468,-0.3725
0.155472,-0.3725
0.155476,-0.3725
0.15548,-0.3725
0.155484,-0.3725
0.155488,-0.3725
0.155492,-0.3725
0.155496,-0.3725
0.1555,-0.3725
0.155504,-0.3725
0.155508,-0.3725
0.155512,-0.3725
0.155516,-0.3725
0.15552,-0.3725
0.155524,-0.44699999999999995
0.155528,-0.3725
0.155532,-0.3725
0.155536,-0.3725
0.15554,-0.3725
0.155544,-0.3725
0.155548,-0.3725
0.155552,-0.3725
0.155556,-0.3725
0.15556,-0.3725
0.155564,-0.3725
0.155568,-0.3725
0.155572,-0.3725
0.155576,-0.3725
0.15558,-0.44699999999999995
0.155584,-0.3725
0.155588,-0.3725
0.155592,-0.3725
0.155596,-0.3725
0.1556,-0.3725
0.155604,-0.3725
0.155608,-0.3725
0.155612,-0.3725
0.155616,-0.3725
0.15562,-0.3725
0.155624,-0.3725
0.155628,-0.3725
0.155632,-0.3725
0.155636,-0.3725
0.15564,-0.3725
0.155644,-0.3725
0.155648,-0.3725
0.155652,-0.44699999999999995
0.155656,-0.3725
0.15566,-0.44699999999999995
0.155664,-0.3725
0.155668,-0.44699999999999995
0.155672,-0.3725
0.155676,-0.3725
0.15568,-0.44699999999999995
0.155684,-0.3725
0.155688,-0.3725
0.155692,-0.3725
0.155696,-0.3725
0.1557,-0.3725
0.155704,-0.3725
0.155708,-0.3725
0.155712,-0.3725
0.155716,-0.3725
0.15572,-0.3725
0.155724,-0.3725
0.155728,-0.3725
0.155732,-0.3725
0.155736,-0.3725
0.15574,-0.3725
0.155744,-0.3725
0.155748,-0.3725
0.155752,-0.3725
0.155756,-0.3725
0.15576,-0.3725
0.155764,-0.3725
0.155768,-0.3725
0.155772,-0.3725
0.155776,-0.3725
0.15578,-0.44699999999999995
0.155784,-0.3725
0.155788,-0.3725
0.155792,-0.3725
0.155796,-0.3725
0.1558,-0.3725
0.155804,-0.3725
0.155808,-0.3725
0.155812,-0.3725
0.155816,-0.44699999999999995
0.15582,-0.44699999999999995
0.155824,-0.44699999999999995
0.155828,-0.44699999999999995
0.155832,-0.44699999999999995
0.155836,-0.3725
0.15584,-0.3725
0.155844,-0.3725
0.155848,-0.3725
0.155852,-0.44699999999999995
0.155856,-0.3725
0.15586,-0.3725
0.155864,-0.3725
0.155868,-0.44699999999999995
0.155872,-0.44699999999999995
0.155876,-0.3725
0.15588,-0.44699999999999995
0.155884,-0.44699999999999995
0.155888,-0.3725
0.155892,-0.44699999999999995
0.155896,-0.3725
0.1559,-0.3725
0.155904,-0.3725
0.155908,-0.44699999999999995
0.155912,-0.3725
0.155916,-0.3725
0.15592,-0.3725
0.155924,-0.3725
0.155928,-0.3725
0.155932,-0.3725
0.155936,-0.3725
0.15594,-0.3725
0.155944,-0.3725
0.155948,-0.3725
0.155952,-0.44699999999999995
0.155956,-0.44699999999999995
0.15596,-0.3725
0.155964,-0.3725
0.155968,-0.3725
0.155972,-0.3725
0.155976,-0.3725
0.15598,-0.3725
0.155984,-0.44699999999999995
0.155988,-0.44699999999999995
0.155992,-0.3725
0.155996,-0.3725
0.156,-0.3725
0.156004,-0.44699999999999995
0.156008,-0.3725
0.156012,-0.3725
0.156016,-0.44699999999999995
0.15602,-0.3725
0.156024,-0.3725
0.156028,-0.3725
0.156032,-0.3725
0.156036,-0.44699999999999995
0.15604,-0.3725
0.156044,-0.3725
0.156048,-0.44699999999999995
0.156052,-0.3725
0.156056,-0.44699999999999995
0.15606,-0.3725
0.156064,-0.3725
0.156068,-0.44699999999999995
0.156072,-0.44699999999999995
0.156076,-0.3725
0.15608,-0.3725
0.156084,-0.3725
0.156088,-0.3725
0.156092,-0.3725
0.156096,-0.44699999999999995
0.1561,-0.3725
0.156104,-0.3725
0.156108,-0.3725
0.156112,-0.3725
0.156116,-0.44699999999999995
0.15612,-0.3725
0.156124,-0.44699999999999995
0.156128,-0.3725
0.156132,-0.44699999999999995
0.156136,-0.44699999999999995
0.15614,-0.3725
0.156144,-0.44699999999999995
0.156148,-0.44699999999999995
0.156152,-0.44699999999999995
0.156156,-0.3725
0.15616,-0.3725
0.156164,-0.3725
0.156168,-0.3725
0.156172,-0.3725
0.156176,-0.3725
0.15618,-0.44699999999999995
0.156184,-0.3725
0.156188,-0.44699999999999995
0.156192,-0.44699999999999995
0.156196,-0.44699999999999995
0.1562,-0.3725
0.156204,-0.3725
0.156208,-0.3725
0.156212,-0.44699999999999995
0.156216,-0.3725
0.15622,-0.3725
0.156224,-0.44699999999999995
0.156228,-0.44699999999999995
0.156232,-0.44699999999999995
0.156236,-0.44699999999999995
0.15624,-0.3725
0.156244,-0.3725
0.156248,-0.3725
0.156252,-0.44699999999999995
0.156256,-0.3725
0.15626,-0.3725
0.156264,-0.3725
0.156268,-0.3725
0.156272,-0.3725
0.156276,-0.3725
0.15628,-0.3725
0.156284,-0.44699999999999995
0.156288,-0.3725
0.156292,-0.3725
0.156296,-0.3725
0.1563,-0.3725
0.156304,-0.3725
0.156308,-0.44699999999999995
0.156312,-0.44699999999999995
0.156316,-0.3725
0.15632,-0.3725
0.156324,-0.3725
0.156328,-0.44699999999999995
0.156332,-0.3725
0.156336,-0.3725
0.15634,-0.44699999999999995
0.156344,-0.44699999999999995
0.156348,-0.44699999999999995
0.156352,-0.3725
0.156356,-0.3725
0.15636,-0.3725
0.156364,-0.44699999999999995
0.156368,-0.44699999999999995
0.156372,-0.3725
0.156376,-0.3725
0.15638,-0.3725
0.156384,-0.44699999999999995
0.156388,-0.44699999999999995
0.156392,-0.3725
0.156396,-0.44699999999999995
0.1564,-0.3725
0.156404,-0.44699999999999995
0.156408,-0.3725
0.156412,-0.44699999999999995
0.156416,-0.3725
0.15642,-0.3725
0.156424,-0.44699999999999995
0.156428,-0.44699999999999995
0.156432,-0.3725
0.156436,-0.3725
0.15644,-0.44699999999999995
0.156444,-0.44699999999999995
0.156448,-0.44699999999999995
0.156452,-0.44699999999999995
0.156456,-0.3725
0.15646,-0.44699999999999995
0.156464,-0.3725
0.156468,-0.44699999999999995
0.156472,-0.3725
0.156476,-0.3725
0.15648,-0.44699999999999995
0.156484,-0.3725
0.156488,-0.44699999999999995
0.156492,-0.3725
0.156496,-0.3725
0.1565,-0.3725
0.156504,-0.3725
0.156508,-0.3725
0.156512,-0.3725
0.156516,-0.3725
0.15652,-0.44699999999999995
0.156524,-0.3725
0.156528,-0.44699999999999995
0.156532,-0.44699999999999995
0.156536,-0.3725
0.15654,-0.44699999999999995
0.156544,-0.3725
0.156548,-0.3725
0.156552,-0.3725
0.156556,-0.3725
0.15656,-0.3725
0.156564,-0.3725
0.156568,-0.44699999999999995
0.156572,-0.3725
0.156576,-0.3725
0.15658,-0.3725
0.156584,-0.3725
0.156588,-0.3725
0.156592,-0.3725
0.156596,-0.3725
0.1566,-0.3725
0.156604,-0.44699999999999995
0.156608,-0.3725
0.156612,-0.3725
0.156616,-0.3725
0.15662,-0.44699999999999995
0.156624,-0.3725
0.156628,-0.3725
0.156632,-0.3725
0.156636,-0.44699999999999995
0.15664,-0.3725
0.156644,-0.3725
0.156648,-0.3725
0.156652,-0.3725
0.156656,-0.44699999999999995
0.15666,-0.3725
0.156664,-0.44699999999999995
0.156668,-0.3725
0.156672,-0.3725
0.156676,-0.44699999999999995
0.15668,-0.44699999999999995
0.156684,-0.44699999999999995
0.156688,-0.44699999999999995
0.156692,-0.3725
0.156696,-0.44699999999999995
0.1567,-0.3725
0.156704,-0.3725
0.156708,-0.3725
0.156712,-0.3725
0.156716,-0.3725
0.15672,-0.3725
0.156724,-0.3725
0.156728,-0.3725
0.156732,-0.3725
0.156736,-0.44699999999999995
0.15674,-0.44699999999999995
0.156744,-0.3725
0.156748,-0.44699999999999995
0.156752,-0.44699999999999995
0.156756,-0.3725
0.15676,-0.44699999999999995
0.156764,-0.3725
0.156768,-0.44699999999999995
0.156772,-0.3725
0.156776,-0.44699999999999995
0.15678,-0.3725
0.156784,-0.3725
0.156788,-0.3725
0.156792,-0.44699999999999995
0.156796,-0.3725
0.1568,-0.3725
0.156804,-0.3725
0.156808,-0.44699999999999995
0.156812,-0.3725
0.156816,-0.3725
0.15682,-0.44699999999999995
0.156824,-0.3725
0.156828,-0.44699999999999995
0.156832,-0.44699999999999995
0.156836,-0.3725
0.15684,-0.3725
0.156844,-0.3725
0.156848,-0.3725
0.156852,-0.3725
0.156856,-0.3725
0.15686,-0.44699999999999995
0.156864,-0.3725
0.156868,-0.3725
0.156872,-0.3725
0.156876,-0.44699999999999995
0.15688,-0.3725
0.156884,-0.3725
0.156888,-0.44699999999999995
0.156892,-0.44699999999999995
0.156896,-0.44699999999999995
0.1569,-0.44699999999999995
0.156904,-0.3725
0.156908,-0.44699999999999995
0.156912,-0.44699999999999995
0.156916,-0.3725
0.15692,-0.3725
0.156924,-0.44699999999999995
0.156928,-0.3725
0.156932,-0.44699999999999995
0.156936,-0.3725
0.15694,-0.3725
0.156944,-0.3725
0.156948,-0.3725
0.156952,-0.3725
0.156956,-0.3725
0.15696,-0.3725
0.156964,-0.44699999999999995
0.156968,-0.3725
0.156972,-0.3725
0.156976,-0.3725
0.15698,-0.3725
0.156984,-0.3725
0.156988,-0.44699999999999995
0.156992,-0.3725
0.156996,-0.3725
0.157,-0.3725
0.157004,-0.3725
0.157008,-0.3725
0.157012,-0.3725
0.157016,-0.3725
0.15702,-0.44699999999999995
0.157024,-0.44699999999999995
0.157028,-0.44699999999999995
0.157032,-0.3725
0.157036,-0.3725
0.15704,-0.3725
0.157044,-0.3725
0.157048,-0.44699999999999995
0.157052,-0.44699999999999995
0.157056,-0.3725
0.15706,-0.3725
0.157064,-0.44699999999999995
0.157068,-0.44699999999999995
0.157072,-0.44699999999999995
0.157076,-0.3725
0.15708,-0.44699999999999995
0.157084,-0.44699999999999995
0.157088,-0.44699999999999995
0.157092,-0.3725
0.157096,-0.3725
0.1571,-0.3725
0.157104,-0.44699999999999995
0.157108,-0.44699999999999995
0.157112,-0.3725
0.157116,-0.3725
0.15712,-0.3725
0.157124,-0.44699999999999995
0.157128,-0.44699999999999995
0.157132,-0.44699999999999995
0.157136,-0.3725
0.15714,-0.3725
0.157144,-0.44699999999999995
0.157148,-0.3725
0.157152,-0.3725
0.157156,-0.3725
0.15716,-0.44699999999999995
0.157164,-0.44699999999999995
0.157168,-0.3725
0.157172,-0.44699999999999995
0.157176,-0.44699999999999995
0.15718,-0.44699999999999995
0.157184,-0.3725
0.157188,-0.3725
0.157192,-0.3725
0.157196,-0.3725
0.1572,-0.3725
0.157204,-0.44699999999999995
0.157208,-0.44699999999999995
0.157212,-0.44699999999999995
0.157216,-0.44699999999999995
0.15722,-0.3725
0.157224,-0.3725
0.157228,-0.44699999999999995
0.157232,-0.44699999999999995
0.157236,-0.3725
0.15724,-0.3725
0.157244,-0.44699999999999995
0.157248,-0.44699999999999995
0.157252,-0.44699999999999995
0.157256,-0.44699999999999995
0.15726,-0.3725
0.157264,-0.3725
0.157268,-0.3725
0.157272,-0.3725
0.157276,-0.3725
0.15728,-0.44699999999999995
0.157284,-0.44699999999999995
0.157288,-0.44699999999999995
0.157292,-0.44699999999999995
0.157296,-0.3725
0.1573,-0.3725
0.157304,-0.44699999999999995
0.157308,-0.3725
0.157312,-0.3725
0.157316,-0.3725
0.15732,-0.44699999999999995
0.157324,-0.44699999999999995
0.157328,-0.44699999999999995
0.157332,-0.3725
0.157336,-0.44699999999999995
0.15734,-0.3725
0.157344,-0.44699999999999995
0.157348,-0.44699999999999995
0.157352,-0.44699999999999995
0.157356,-0.44699999999999995
0.15736,-0.44699999999999995
0.157364,-0.44699999999999995
0.157368,-0.44699999999999995
0.157372,-0.44699999999999995
0.157376,-0.3725
0.15738,-0.44699999999999995
0.157384,-0.3725
0.157388,-0.3725
0.157392,-0.44699999999999995
0.157396,-0.3725
0.1574,-0.3725
0.157404,-0.3725
0.157408,-0.44699999999999995
0.157412,-0.44699999999999995
0.157416,-0.3725
0.15742,-0.3725
0.157424,-0.44699999999999995
0.157428,-0.3725
0.157432,-0.44699999999999995
0.157436,-0.3725
0.15744,-0.3725
0.157444,-0.3725
0.157448,-0.44699999999999995
0.157452,-0.44699999999999995
0.157456,-0.3725
0.15746,-0.44699999999999995
0.157464,-0.44699999999999995
0.157468,-0.44699999999999995
0.157472,-0.44699999999999995
0.157476,-0.3725
0.15748,-0.3725
0.157484,-0.44699999999999995
0.157488,-0.44699999999999995
0.157492,-0.3725
0.157496,-0.3725
0.1575,-0.3725
0.157504,-0.3725
0.157508,-0.3725
0.157512,-0.3725
0.157516,-0.3725
0.15752,-0.44699999999999995
0.157524,-0.44699999999999995
0.157528,-0.44699999999999995
0.157532,-0.44699999999999995
0.157536,-0.3725
0.15754,-0.3725
0.157544,-0.44699999999999995
0.157548,-0.44699999999999995
0.157552,-0.3725
0.157556,-0.3725
0.15756,-0.44699999999999995
0.157564,-0.44699999999999995
0.157568,-0.3725
0.157572,-0.3725
0.157576,-0.3725
0.15758,-0.44699999999999995
0.157584,-0.3725
0.157588,-0.3725
0.157592,-0.44699999999999995
0.157596,-0.3725
0.1576,-0.44699999999999995
0.157604,-0.44699999999999995
0.157608,-0.3725
0.157612,-0.3725
0.157616,-0.3725
0.15762,-0.44699999999999995
0.157624,-0.44699999999999995
0.157628,-0.44699999999999995
0.157632,-0.3725
0.157636,-0.44699999999999995
0.15764,-0.44699999999999995
0.157644,-0.44699999999999995
0.157648,-0.3725
0.157652,-0.3725
0.157656,-0.3725
0.15766,-0.44699999999999995
0.157664,-0.3725
0.157668,-0.44699999999999995
0.157672,-0.44699999999999995
0.157676,-0.3725
0.15768,-0.44699999999999995
0.157684,-0.44699999999999995
0.157688,-0.44699999999999995
0.157692,-0.3725
0.157696,-0.44699999999999995
0.1577,-0.44699999999999995
0.157704,-0.3725
0.157708,-0.44699999999999995
0.157712,-0.44699999999999995
0.157716,-0.44699999999999995
0.15772,-0.44699999999999995
0.157724,-0.44699999999999995
0.157728,-0.3725
0.157732,-0.3725
0.157736,-0.44699999999999995
0.15774,-0.44699999999999995
0.157744,-0.44699999999999995
0.157748,-0.44699999999999995
0.157752,-0.3725
0.157756,-0.44699999999999995
0.15776,-0.3725
0.157764,-0.44699999999999995
0.157768,-0.44699999999999995
0.157772,-0.44699999999999995
0.157776,-0.44699999999999995
0.15778,-0.44699999999999995
0.157784,-0.44699999999999995
0.157788,-0.44699999999999995
0.157792,-0.44699999999999995
0.157796,-0.44699999999999995
0.1578,-0.44699999999999995
0.157804,-0.44699999999999995
0.157808,-0.3725
0.157812,-0.3725
0.157816,-0.44699999999999995
0.15782,-0.44699999999999995
0.157824,-0.3725
0.157828,-0.44699999999999995
0.157832,-0.3725
0.157836,-0.44699999999999995
0.15784,-0.44699999999999995
0.157844,-0.3725
0.157848,-0.44699999999999995
0.157852,-0.3725
0.157856,-0.44699999999999995
0.15786,-0.3725
0.157864,-0.44699999999999995
0.157868,-0.3725
0.157872,-0.44699999999999995
0.157876,-0.3725
0.15788,-0.44699999999999995
0.157884,-0.3725
0.157888,-0.44699999999999995
0.157892,-0.44699999999999995
0.157896,-0.44699999999999995
0.1579,-0.3725
0.157904,-0.44699999999999995
0.157908,-0.3725
0.157912,-0.44699999999999995
0.157916,-0.44699999999999995
0.15792,-0.44699999999999995
0.157924,-0.3725
0.157928,-0.44699999999999995
0.157932,-0.3725
0.157936,-0.3725
0.15794,-0.3725
0.157944,-0.3725
0.157948,-0.3725
0.157952,-0.3725
0.157956,-0.44699999999999995
0.15796,-0.3725
0.157964,-0.3725
0.157968,-0.44699999999999995
0.157972,-0.3725
0.157976,-0.44699999999999995
0.15798,-0.3725
0.157984,-0.3725
0.157988,-0.44699999999999995
0.157992,-0.3725
0.157996,-0.3725
0.158,-0.44699999999999995
0.158004,-0.44699999999999995
0.158008,-0.44699999999999995
0.158012,-0.44699999999999995
0.158016,-0.44699999999999995
0.15802,-0.44699999999999995
0.158024,-0.44699999999999995
0.158028,-0.3725
0.158032,-0.44699999999999995
0.158036,-0.44699999999999995
0.15804,-0.44699999999999995
0.158044,-0.3725
0.158048,-0.3725
0.158052,-0.44699999999999995
0.158056,-0.3725
0.15806,-0.3725
0.158064,-0.44699999999999995
0.158068,-0.44699999999999995
0.158072,-0.44699999999999995
0.158076,-0.44699999999999995
0.15808,-0.3725
0.158084,-0.3725
0.158088,-0.3725
0.158092,-0.3725
0.158096,-0.3725
0.1581,-0.44699999999999995
0.158104,-0.3725
0.158108,-0.3725
0.158112,-0.3725
0.158116,-0.3725
0.15812,-0.3725
0.158124,-0.3725
0.158128,-0.3725
0.158132,-0.3725
0.158136,-0.3725
0.15814,-0.3725
0.158144,-0.3725
0.158148,-0.3725
0.158152,-0.44699999999999995
0.158156,-0.44699999999999995
0.15816,-0.44699999999999995
0.158164,-0.3725
0.158168,-0.44699999999999995
0.158172,-0.44699999999999995
0.158176,-0.44699999999999995
0.15818,-0.44699999999999995
0.158184,-0.3725
0.158188,-0.3725
0.158192,-0.44699999999999995
0.158196,-0.3725
0.1582,-0.3725
0.158204,-0.3725
0.158208,-0.3725
0.158212,-0.3725
0.158216,-0.44699999999999995
0.15822,-0.3725
0.158224,-0.3725
0.158228,-0.3725
0.158232,-0.44699999999999995
0.158236,-0.44699999999999995
0.15824,-0.3725
0.158244,-0.44699999999999995
0.158248,-0.44699999999999995
0.158252,-0.3725
0.158256,-0.44699999999999995
0.15826,-0.3725
0.158264,-0.3725
0.158268,-0.44699999999999995
0.158272,-0.3725
0.158276,-0.44699999999999995
0.15828,-0.3725
0.158284,-0.3725
0.158288,-0.3725
0.158292,-0.44699999999999995
0.158296,-0.44699999999999995
0.1583,-0.3725
0.158304,-0.3725
0.158308,-0.3725
0.158312,-0.3725
0.158316,-0.44699999999999995
0.15832,-0.44699999999999995
0.158324,-0.3725
0.158328,-0.44699999999999995
0.158332,-0.44699999999999995
0.158336,-0.44699999999999995
0.15834,-0.3725
0.158344,-0.44699999999999995
0.158348,-0.3725
0.158352,-0.44699999999999995
0.158356,-0.44699999999999995
0.15836,-0.44699999999999995
0.158364,-0.3725
0.158368,-0.44699999999999995
0.158372,-0.44699999999999995
0.158376,-0.44699999999999995
0.15838,-0.3725
0.158384,-0.44699999999999995
0.158388,-0.3725
0.158392,-0.44699999999999995
0.158396,-0.44699999999999995
0.1584,-0.44699999999999995
0.158404,-0.3725
0.158408,-0.44699999999999995
0.158412,-0.3725
0.158416,-0.44699999999999995
0.15842,-0.44699999999999995
0.158424,-0.44699999999999995
0.158428,-0.3725
0.158432,-0.44699999999999995
0.158436,-0.44699999999999995
0.15844,-0.44699999999999995
0.158444,-0.44699999999999995
0.158448,-0.3725
0.158452,-0.44699999999999995
0.158456,-0.44699999999999995
0.15846,-0.44699999999999995
0.158464,-0.3725
0.158468,-0.44699999999999995
0.158472,-0.44699999999999995
0.158476,-0.44699999999999995
0.15848,-0.3725
0.158484,-0.3725
0.158488,-0.44699999999999995
0.158492,-0.44699999999999995
0.158496,-0.44699999999999995
0.1585,-0.44699999999999995
0.158504,-0.44699999999999995
0.158508,-0.44699999999999995
0.158512,-0.44699999999999995
0.158516,-0.44699999999999995
0.15852,-0.3725
0.158524,-0.44699999999999995
0.158528,-0.44699999999999995
0.158532,-0.44699999999999995
0.158536,-0.44699999999999995
0.15854,-0.44699999999999995
0.158544,-0.44699999999999995
0.158548,-0.44699999999999995
0.158552,-0.44699999999999995
0.158556,-0.44699999999999995
0.15856,-0.44699999999999995
0.158564,-0.3725
0.158568,-0.44699999999999995
0.158572,-0.44699999999999995
0.158576,-0.44699999999999995
0.15858,-0.44699999999999995
0.158584,-0.44699999999999995
0.158588,-0.3725
0.158592,-0.44699999999999995
0.158596,-0.44699999999999995
0.1586,-0.44699999999999995
0.158604,-0.44699999999999995
0.158608,-0.3725
0.158612,-0.44699999999999995
0.158616,-0.44699999999999995
0.15862,-0.44699999999999995
0.158624,-0.44699999999999995
0.158628,-0.44699999999999995
0.158632,-0.44699999999999995
0.158636,-0.44699999999999995
0.15864,-0.44699999999999995
0.158644,-0.44699999999999995
0.158648,-0.44699999999999995
0.158652,-0.44699999999999995
0.158656,-0.44699999999999995
0.15866,-0.44699999999999995
0.158664,-0.44699999999999995
0.158668,-0.44699999999999995
0.158672,-0.3725
0.158676,-0.3725
0.15868,-0.44699999999999995
0.158684,-0.3725
0.158688,-0.44699999999999995
0.158692,-0.44699999999999995
0.158696,-0.44699999999999995
0.1587,-0.44699999999999995
0.158704,-0.44699999999999995
0.158708,-0.44699999999999995
0.158712,-0.44699999999999995
0.158716,-0.44699999999999995
0.15872,-0.44699999999999995
0.158724,-0.44699999999999995
0.158728,-0.44699999999999995
0.158732,-0.44699999999999995
0.158736,-0.44699999999999995
0.15874,-0.44699999999999995
0.158744,-0.3725
0.158748,-0.44699999999999995
0.158752,-0.44699999999999995
0.158756,-0.44699999999999995
0.15876,-0.44699999999999995
0.158764,-0.44699999999999995
0.158768,-0.44699999999999995
0.158772,-0.44699999999999995
0.158776,-0.44699999999999995
0.15878,-0.44699999999999995
0.158784,-0.44699999999999995
0.158788,-0.44699999999999995
0.158792,-0.44699999999999995
0.158796,-0.44699999999999995
0.1588,-0.5215
0.158804,-0.44699999999999995
0.158808,-0.44699999999999995
0.158812,-0.44699999999999995
0.158816,-0.44699999999999995
0.15882,-0.44699999999999995
0.158824,-0.44699999999999995
0.158828,-0.44699999999999995
0.158832,-0.44699999999999995
0.158836,-0.44699999999999995
0.15884,-0.44699999999999995
0.158844,-0.44699999999999995
0.158848,-0.44699999999999995
0.158852,-0.44699999999999995
0.158856,-0.5215
0.15886,-0.3725
0.158864,-0.44699999999999995
0.158868,-0.44699999999999995
0.158872,-0.44699999999999995
0.158876,-0.44699999999999995
0.15888,-0.44699999999999995
0.158884,-0.44699999999999995
0.158888,-0.44699999999999995
0.158892,-0.44699999999999995
0.158896,-0.44699999999999995
0.1589,-0.5215
0.158904,-0.44699999999999995
0.158908,-0.5215
0.158912,-0.44699999999999995
0.158916,-0.44699999999999995
0.15892,-0.44699999999999995
0.158924,-0.44699999999999995
0.158928,-0.44699999999999995
0.158932,-0.3725
0.158936,-0.44699999999999995
0.15894,-0.44699999999999995
0.158944,-0.44699999999999995
0.158948,-0.44699999999999995
0.158952,-0.44699999999999995
0.158956,-0.44699999999999995
0.15896,-0.44699999999999995
0.158964,-0.5215
0.158968,-0.44699999999999995
0.158972,-0.44699999999999995
0.158976,-0.44699999999999995
0.15898,-0.44699999999999995
0.158984,-0.44699999999999995
0.158988,-0.44699999999999995
0.158992,-0.44699999999999995
0.158996,-0.44699999999999995
0.159,-0.44699999999999995
0.159004,-0.5215
0.159008,-0.5215
0.159012,-0.44699999999999995
0.159016,-0.44699999999999995
0.15902,-0.44699999999999995
0.159024,-0.44699999999999995
0.159028,-0.44699999999999995
0.159032,-0.44699999999999995
0.159036,-0.3725
0.15904,-0.44699999999999995
0.159044,-0.44699999999999995
0.159048,-0.44699999999999995
0.159052,-0.44699999999999995
0.159056,-0.44699999999999995
0.15906,-0.44699999999999995
0.159064,-0.44699999999999995
0.159068,-0.44699999999999995
0.159072,-0.44699999999999995
0.159076,-0.44699999999999995
0.15908,-0.44699999999999995
0.159084,-0.44699999999999995
0.159088,-0.44699999999999995
0.159092,-0.44699999999999995
0.159096,-0.44699999999999995
0.1591,-0.44699999999999995
0.159104,-0.44699999999999995
0.159108,-0.44699999999999995
0.159112,-0.44699999999999995
0.159116,-0.44699999999999995
0.15912,-0.44699999999999995
0.159124,-0.44699999999999995
0.159128,-0.44699999999999995
0.159132,-0.44699999999999995
0.159136,-0.44699999999999995
0.15914,-0.44699999999999995
0.159144,-0.44699999999999995
0.159148,-0.44699999999999995
0.159152,-0.44699999999999995
0.159156,-0.44699999999999995
0.15916,-0.44699999999999995
0.159164,-0.44699999999999995
0.159168,-0.44699999999999995
0.159172,-0.44699999999999995
0.159176,-0.44699999999999995
0.15918,-0.5215
0.159184,-0.44699999999999995
0.159188,-0.44699999999999995
0.159192,-0.44699999999999995
0.159196,-0.44699999999999995
0.1592,-0.44699999999999995
0.159204,-0.44699999999999995
0.159208,-0.44699999999999995
0.159212,-0.44699999999999995
0.159216,-0.44699999999999995
0.15922,-0.44699999999999995
0.159224,-0.44699999999999995
0.159228,-0.44699999999999995
0.159232,-0.44699999999999995
0.159236,-0.44699999999999995
0.15924,-0.44699999999999995
0.159244,-0.44699999999999995
0.159248,-0.44699999999999995
0.159252,-0.44699999999999995
0.159256,-0.44699999999999995
0.15926,-0.44699999999999995
0.159264,-0.44699999999999995
0.159268,-0.44699999999999995
0.159272,-0.44699999999999995
0.159276,-0.44699999999999995
0.15928,-0.44699999999999995
0.159284,-0.44699999999999995
0.159288,-0.44699999999999995
0.159292,-0.44699999999999995
0.159296,-0.44699999999999995
0.1593,-0.44699999999999995
0.159304,-0.44699999999999995
0.159308,-0.44699999999999995
0.159312,-0.44699999999999995
0.159316,-0.3725
0.15932,-0.44699999999999995
0.159324,-0.5215
0.159328,-0.5215
0.159332,-0.44699999999999995
0.159336,-0.44699999999999995
0.15934,-0.44699999999999995
0.159344,-0.44699999999999995
0.159348,-0.44699999999999995
0.159352,-0.44699999999999995
0.159356,-0.44699999999999995
0.15936,-0.5215
0.159364,-0.44699999999999995
0.159368,-0.44699999999999995
0.159372,-0.44699999999999995
0.159376,-0.44699999999999995
0.15938,-0.44699999999999995
0.159384,-0.44699999999999995
0.159388,-0.44699999999999995
0.159392,-0.5215
0.159396,-0.5215
0.1594,-0.44699999999999995
0.159404,-0.44699999999999995
0.159408,-0.44699999999999995
0.159412,-0.44699999999999995
0.159416,-0.5215
0.15942,-0.44699999999999995
0.159424,-0.44699999999999995
0.159428,-0.44699999999999995
0.159432,-0.44699999999999995
0.159436,-0.44699999999999995
0.15944,-0.44699999999999995
0.159444,-0.44699999999999995
0.159448,-0.44699999999999995
0.159452,-0.44699999999999995
0.159456,-0.44699999999999995
0.15946,-0.44699999999999995
0.159464,-0.44699999999999995
0.159468,-0.5215
0.159472,-0.44699999999999995
0.159476,-0.44699999999999995
0.15948,-0.5215
0.159484,-0.5215
0.159488,-0.5215
0.159492,-0.44699999999999995
0.159496,-0.44699999999999995
0.1595,-0.44699999999999995
0.159504,-0.44699999999999995
0.159508,-0.44699999999999995
0.159512,-0.44699999999999995
0.159516,-0.44699999999999995
0.15952,-0.44699999999999995
0.159524,-0.44699999999999995
0.159528,-0.44699999999999995
0.159532,-0.44699999999999995
0.159536,-0.44699999999999995
0.15954,-0.44699999999999995
0.159544,-0.44699999999999995
0.159548,-0.5215
0.159552,-0.5215
0.159556,-0.44699999999999995
0.15956,-0.44699999999999995
0.159564,-0.44699999999999995
0.159568,-0.44699999999999995
0.159572,-0.44699999999999995
0.159576,-0.44699999999999995
0.15958,-0.3725
0.159584,-0.44699999999999995
0.159588,-0.44699999999999995
0.159592,-0.5215
0.159596,-0.5215
0.1596,-0.44699999999999995
0.159604,-0.5215
0.159608,-0.44699999999999995
0.159612,-0.5215
0.159616,-0.44699999999999995
0.15962,-0.44699999999999995
0.159624,-0.44699999999999995
0.159628,-0.5215
0.159632,-0.44699999999999995
0.159636,-0.5215
0.15964,-0.5215
0.159644,-0.44699999999999995
0.159648,-0.44699999999999995
0.159652,-0.44699999999999995
0.159656,-0.44699999999999995
0.15966,-0.5215
0.159664,-0.5215
0.159668,-0.44699999999999995
0.159672,-0.44699999999999995
0.159676,-0.44699999999999995
0.15968,-0.44699999999999995
0.159684,-0.44699999999999995
0.159688,-0.5215
0.159692,-0.5215
0.159696,-0.44699999999999995
0.1597,-0.44699999999999995
0.159704,-0.44699999999999995
0.159708,-0.5215
0.159712,-0.44699999999999995
0.159716,-0.5215
0.15972,-0.5215
0.159724,-0.5215
0.159728,-0.5215
0.159732,-0.44699999999999995
0.159736,-0.5215
0.15974,-0.44699999999999995
0.159744,-0.44699999999999995
0.159748,-0.5215
0.159752,-0.5215
0.159756,-0.44699999999999995
0.15976,-0.44699999999999995
0.159764,-0.5215
0.159768,-0.44699999999999995
0.159772,-0.5215
0.159776,-0.44699999999999995
0.15978,-0.44699999999999995
0.159784,-0.44699999999999995
0.159788,-0.5215
0.159792,-0.5215
0.159796,-0.44699999999999995
0.1598,-0.5215
0.159804,-0.44699999999999995
0.159808,-0.5215
0.159812,-0.44699999999999995
0.159816,-0.44699999999999995
0.15982,-0.44699999999999995
0.159824,-0.5215
0.159828,-0.44699999999999995
0.159832,-0.44699999999999995
0.159836,-0.44699999999999995
0.15984,-0.44699999999999995
0.159844,-0.44699999999999995
0.159848,-0.44699999999999995
0.159852,-0.5215
0.159856,-0.44699999999999995
0.15986,-0.44699999999999995
0.159864,-0.5215
0.159868,-0.5215
0.159872,-0.5215
0.159876,-0.5215
0.15988,-0.44699999999999995
0.159884,-0.5215
0.159888,-0.5215
0.159892,-0.5215
0.159896,-0.5215
0.1599,-0.5215
0.159904,-0.44699999999999995
0.159908,-0.5215
0.159912,-0.44699999999999995
0.159916,-0.5215
0.15992,-0.5215
0.159924,-0.44699999999999995
0.159928,-0.5215
0.159932,-0.5215
0.159936,-0.5215
0.15994,-0.5215
0.159944,-0.5215
0.159948,-0.44699999999999995
0.159952,-0.5215
0.159956,-0.5215
0.15996,-0.44699999999999995
0.159964,-0.5215
0.159968,-0.5215
0.159972,-0.5215
0.159976,-0.44699999999999995
0.15998,-0.44699999999999995
0.159984,-0.44699999999999995
0.159988,-0.44699999999999995
0.159992,-0.44699999999999995
0.159996,-0.44699999999999995
0.16,-0.5215
0.160004,-0.5215
0.160008,-0.44699999999999995
0.160012,-0.5215
0.160016,-0.5215
0.16002,-0.5215
0.160024,-0.5215
0.160028,-0.44699999999999995
0.160032,-0.44699999999999995
0.160036,-0.5215
0.16004,-0.44699999999999995
0.160044,-0.5215
0.160048,-0.5215
0.160052,-0.5215
0.160056,-0.44699999999999995
0.16006,-0.44699999999999995
0.160064,-0.5215
0.160068,-0.5215
0.160072,-0.5215
0.160076,-0.5215
0.16008,-0.5215
0.160084,-0.5215
0.160088,-0.5215
0.160092,-0.5215
0.160096,-0.5215
0.1601,-0.5215
0.160104,-0.44699999999999995
0.160108,-0.5215
0.160112,-0.44699999999999995
0.160116,-0.44699999999999995
0.16012,-0.44699999999999995
0.160124,-0.44699999999999995
0.160128,-0.5215
0.160132,-0.44699999999999995
0.160136,-0.44699999999999995
0.16014,-0.44699999999999995
0.160144,-0.44699999999999995
0.160148,-0.5215
0.160152,-0.5215
0.160156,-0.5215
0.16016,-0.44699999999999995
0.160164,-0.5215
0.160168,-0.5215
0.160172,-0.44699999999999995
0.160176,-0.5215
0.16018,-0.5215
0.160184,-0.5215
0.160188,-0.5215
0.160192,-0.5215
0.160196,-0.5215
0.1602,-0.5215
0.160204,-0.44699999999999995
0.160208,-0.5215
0.160212,-0.5215
0.160216,-0.44699999999999995
0.16022,-0.44699999999999995
0.160224,-0.44699999999999995
0.160228,-0.5215
0.160232,-0.44699999999999995
0.160236,-0.44699999999999995
0.16024,-0.5215
0.160244,-0.44699999999999995
0.160248,-0.44699999999999995
0.160252,-0.5215
0.160256,-0.44699999999999995
0.16026,-0.44699999999999995
0.160264,-0.5215
0.160268,-0.5215
0.160272,-0.5215
0.160276,-0.44699999999999995
0.16028,-0.44699999999999995
0.160284,-0.44699999999999995
0.160288,-0.5215
0.160292,-0.44699999999999995
0.160296,-0.44699999999999995
0.1603,-0.5215
0.160304,-0.5215
0.160308,-0.44699999999999995
0.160312,-0.44699999999999995
0.160316,-0.5215
0.16032,-0.5215
0.160324,-0.5215
0.160328,-0.5215
0.160332,-0.44699999999999995
0.160336,-0.44699999999999995
0.16034,-0.5215
0.160344,-0.44699999999999995
0.160348,-0.5215
0.160352,-0.5215
0.160356,-0.5215
0.16036,-0.5215
0.160364,-0.5215
0.160368,-0.5215
0.160372,-0.44699999999999995
0.160376,-0.44699999999999995
0.16038,-0.5215
0.160384,-0.5215
0.160388,-0.44699999999999995
0.160392,-0.44699999999999995
0.160396,-0.44699999999999995
0.1604,-0.5215
0.160404,-0.5215
0.160408,-0.5215
0.160412,-0.5215
0.160416,-0.5215
0.16042,-0.5215
0.160424,-0.44699999999999995
0.160428,-0.5215
0.160432,-0.5215
0.160436,-0.5215
0.16044,-0.5215
0.160444,-0.5215
0.160448,-0.44699999999999995
0.160452,-0.5215
0.160456,-0.5215
0.16046,-0.44699999999999995
0.160464,-0.5215
0.160468,-0.5215
0.160472,-0.5215
0.160476,-0.5215
0.16048,-0.5215
0.160484,-0.5215
0.160488,-0.5215
0.160492,-0.5215
0.160496,-0.5215
0.1605,-0.44699999999999995
0.160504,-0.44699999999999995
0.160508,-0.44699999999999995
0.160512,-0.5215
0.160516,-0.5215
0.16052,-0.5215
0.160524,-0.44699999999999995
0.160528,-0.5215
0.160532,-0.5215
0.160536,-0.5215
0.16054,-0.5215
0.160544,-0.44699999999999995
0.160548,-0.5215
0.160552,-0.44699999999999995
0.160556,-0.5215
0.16056,-0.5215
0.160564,-0.5215
0.160568,-0.44699999999999995
0.160572,-0.5215
0.160576,-0.5215
0.16058,-0.5215
0.160584,-0.5215
0.160588,-0.5215
0.160592,-0.5215
0.160596,-0.5215
0.1606,-0.5215
0.160604,-0.44699999999999995
0.160608,-0.5215
0.160612,-0.5215
0.160616,-0.44699999999999995
0.16062,-0.5215
0.160624,-0.44699999999999995
0.160628,-0.5215
0.160632,-0.5215
0.160636,-0.5215
0.16064,-0.44699999999999995
0.160644,-0.5215
0.160648,-0.5215
0.160652,-0.44699999999999995
0.160656,-0.5215
0.16066,-0.44699999999999995
0.160664,-0.44699999999999995
0.160668,-0.44699999999999995
0.160672,-0.5215
0.160676,-0.44699999999999995
0.16068,-0.5215
0.160684,-0.44699999999999995
0.160688,-0.44699999999999995
0.160692,-0.44699999999999995
0.160696,-0.44699999999999995
0.1607,-0.5215
0.160704,-0.44699999999999995
0.160708,-0.5215
0.160712,-0.5215
0.160716,-0.44699999999999995
0.16072,-0.44699999999999995
0.160724,-0.44699999999999995
0.160728,-0.44699999999999995
0.160732,-0.5215
0.160736,-0.5215
0.16074,-0.44699999999999995
0.160744,-0.5215
0.160748,-0.5215
0.160752,-0.44699999999999995
0.160756,-0.44699999999999995
0.16076,-0.5215
0.160764,-0.5215
0.160768,-0.44699999999999995
0.160772,-0.44699999999999995
0.160776,-0.44699999999999995
0.16078,-0.5215
0.160784,-0.44699999999999995
0.160788,-0.5215
0.160792,-0.5215
0.160796,-0.5215
0.1608,-0.44699999999999995
0.160804,-0.44699999999999995
0.160808,-0.44699999999999995
0.160812,-0.44699999999999995
0.160816,-0.44699999999999995
0.16082,-0.44699999999999995
0.160824,-0.44699999999999995
0.160828,-0.5215
0.160832,-0.5215
0.160836,-0.44699999999999995
0.16084,-0.5215
0.160844,-0.44699999999999995
0.160848,-0.5215
0.160852,-0.5215
0.160856,-0.5215
0.16086,-0.5215
0.160864,-0.5215
0.160868,-0.5215
0.160872,-0.5215
0.160876,-0.5215
0.16088,-0.5215
0.160884,-0.44699999999999995
0.160888,-0.5215
0.160892,-0.5215
0.160896,-0.44699999999999995
0.1609,-0.44699999999999995
0.160904,-0.44699999999999995
0.160908,-0.5215
0.160912,-0.44699999999999995
0.160916,-0.44699999999999995
0.16092,-0.5215
0.160924,-0.44699999999999995
0.160928,-0.5215
0.160932,-0.44699999999999995
0.160936,-0.5215
0.16094,-0.5215
0.160944,-0.5215
0.160948,-0.44699999999999995
0.160952,-0.5215
0.160956,-0.5215
0.16096,-0.5215
0.160964,-0.44699999999999995
0.160968,-0.5215
0.160972,-0.5215
0.160976,-0.44699999999999995
0.16098,-0.44699999999999995
0.160984,-0.44699999999999995
0.160988,-0.44699999999999995
0.160992,-0.5215
0.160996,-0.5215
0.161,-0.5215
0.161004,-0.5215
0.161008,-0.5215
0.161012,-0.5215
0.161016,-0.5215
0.16102,-0.5215
0.161024,-0.44699999999999995
0.161028,-0.5215
0.161032,-0.5215
0.161036,-0.44699999999999995
0.16104,-0.5215
0.161044,-0.5215
0.161048,-0.44699999999999995
0.161052,-0.5215
0.161056,-0.5215
0.16106,-0.5215
0.161064,-0.5215
0.161068,-0.44699999999999995
0.161072,-0.44699999999999995
0.161076,-0.5215
0.16108,-0.5215
0.161084,-0.5215
0.161088,-0.44699999999999995
0.161092,-0.5215
0.161096,-0.44699999999999995
0.1611,-0.5215
0.161104,-0.5215
0.161108,-0.5215
0.161112,-0.5215
0.161116,-0.5215
0.16112,-0.5215
0.161124,-0.5215
0.161128,-0.5215
0.161132,-0.5215
0.161136,-0.5215
0.16114,-0.5215
0.161144,-0.5215
0.161148,-0.5215
0.161152,-0.44699999999999995
0.161156,-0.5215
0.16116,-0.5215
0.161164,-0.5215
0.161168,-0.5215
0.161172,-0.5215
0.161176,-0.44699999999999995
0.16118,-0.5215
0.161184,-0.5215
0.161188,-0.44699999999999995
0.161192,-0.44699999999999995
0.161196,-0.5215
0.1612,-0.5215
0.161204,-0.5215
0.161208,-0.44699999999999995
0.161212,-0.44699999999999995
0.161216,-0.5215
0.16122,-0.44699999999999995
0.161224,-0.5215
0.161228,-0.5215
0.161232,-0.5215
0.161236,-0.5215
0.16124,-0.5215
0.161244,-0.5215
0.161248,-0.44699999999999995
0.161252,-0.5215
0.161256,-0.5215
0.16126,-0.5215
0.161264,-0.5215
0.161268,-0.5215
0.161272,-0.44699999999999995
0.161276,-0.5215
0.16128,-0.5215
0.161284,-0.5215
0.161288,-0.5215
0.161292,-0.5215
0.161296,-0.5215
0.1613,-0.44699999999999995
0.161304,-0.5215
0.161308,-0.5215
0.161312,-0.5215
0.161316,-0.5215
0.16132,-0.5215
0.161324,-0.5215
0.161328,-0.5215
0.161332,-0.5215
0.161336,-0.5215
0.16134,-0.5215
0.161344,-0.5215
0.161348,-0.5215
0.161352,-0.44699999999999995
0.161356,-0.5215
0.16136,-0.5215
0.161364,-0.5215
0.161368,-0.5215
0.161372,-0.44699999999999995
0.161376,-0.44699999999999995
0.16138,-0.44699999999999995
0.161384,-0.5215
0.161388,-0.5215
0.161392,-0.44699999999999995
0.161396,-0.5215
0.1614,-0.5215
0.161404,-0.44699999999999995
0.161408,-0.5215
0.161412,-0.5215
0.161416,-0.5215
0.16142,-0.5215
0.161424,-0.5215
0.161428,-0.44699999999999995
0.161432,-0.5215
0.161436,-0.5215
0.16144,-0.5215
0.161444,-0.5215
0.161448,-0.5215
0.161452,-0.5215
0.161456,-0.5215
0.16146,-0.5215
0.161464,-0.5215
0.161468,-0.5215
0.161472,-0.5215
0.161476,-0.5215
0.16148,-0.5215
0.161484,-0.5215
0.161488,-0.5215
0.161492,-0.5215
0.161496,-0.5215
0.1615,-0.5215
0.161504,-0.5215
0.161508,-0.5215
0.161512,-0.44699999999999995
0.161516,-0.5215
0.16152,-0.5215
0.161524,-0.5215
0.161528,-0.5215
0.161532,-0.5215
0.161536,-0.5215
0.16154,-0.44699999999999995
0.161544,-0.5215
0.161548,-0.5215
0.161552,-0.5215
0.161556,-0.5215
0.16156,-0.5215
0.161564,-0.5215
0.161568,-0.5215
0.161572,-0.44699999999999995
0.161576,-0.44699999999999995
0.16158,-0.5215
0.161584,-0.5215
0.161588,-0.5215
0.161592,-0.5215
0.161596,-0.5215
0.1616,-0.44699999999999995
0.161604,-0.5215
0.161608,-0.5215
0.161612,-0.5215
0.161616,-0.5215
0.16162,-0.5215
0.161624,-0.44699999999999995
0.161628,-0.5215
0.161632,-0.44699999999999995
0.161636,-0.5215
0.16164,-0.44699999999999995
0.161644,-0.5215
0.161648,-0.5215
0.161652,-0.5215
0.161656,-0.5215
0.16166,-0.5215
0.161664,-0.5215
0.161668,-0.5215
0.161672,-0.5215
0.161676,-0.5215
0.16168,-0.5215
0.161684,-0.5215
0.161688,-0.5215
0.161692,-0.5215
0.161696,-0.44699999999999995
0.1617,-0.5215
0.161704,-0.5215
0.161708,-0.5215
0.161712,-0.5215
0.161716,-0.44699999999999995
0.16172,-0.5215
0.161724,-0.5215
0.161728,-0.5215
0.161732,-0.5215
0.161736,-0.5215
0.16174,-0.5215
0.161744,-0.5215
0.161748,-0.5215
0.161752,-0.5215
0.161756,-0.5215
0.16176,-0.5215
0.161764,-0.5215
0.161768,-0.5215
0.161772,-0.5215
0.161776,-0.5215
0.16178,-0.5215
0.161784,-0.5215
0.161788,-0.5215
0.161792,-0.5215
0.161796,-0.44699999999999995
0.1618,-0.5215
0.161804,-0.5215
0.161808,-0.5215
0.161812,-0.5215
0.161816,-0.44699999999999995
0.16182,-0.5215
0.161824,-0.44699999999999995
0.161828,-0.5215
0.161832,-0.5215
0.161836,-0.5215
0.16184,-0.5215
0.161844,-0.44699999999999995
0.161848,-0.5215
0.161852,-0.44699999999999995
0.161856,-0.5215
0.16186,-0.5215
0.161864,-0.5215
0.161868,-0.5215
0.161872,-0.5215
0.161876,-0.5215
0.16188,-0.5215
0.161884,-0.5215
0.161888,-0.5215
0.161892,-0.44699999999999995
0.161896,-0.5215
0.1619,-0.5215
0.161904,-0.5215
0.161908,-0.5215
0.161912,-0.5215
0.161916,-0.5215
0.16192,-0.5215
0.161924,-0.5215
0.161928,-0.5215
0.161932,-0.5215
0.161936,-0.5215
0.16194,-0.5215
0.161944,-0.44699999999999995
0.161948,-0.44699999999999995
0.161952,-0.5215
0.161956,-0.5215
0.16196,-0.5215
0.161964,-0.5215
0.161968,-0.5215
0.161972,-0.5215
0.161976,-0.5215
0.16198,-0.5215
0.161984,-0.44699999999999995
0.161988,-0.5215
0.161992,-0.5215
0.161996,-0.5215
0.162,-0.5215
0.162004,-0.5215
0.162008,-0.5215
0.162012,-0.5215
0.162016,-0.5215
0.16202,-0.5215
0.162024,-0.5215
0.162028,-0.5215
0.162032,-0.5215
0.162036,-0.5215
0.16204,-0.44699999999999995
0.162044,-0.5215
0.162048,-0.5215
0.162052,-0.5215
0.162056,-0.5215
0.16206,-0.5215
0.162064,-0.5215
0.162068,-0.5215
0.162072,-0.5215
0.162076,-0.5215
0.16208,-0.5215
0.162084,-0.44699999999999995
0.162088,-0.5215
0.162092,-0.5215
0.162096,-0.5215
0.1621,-0.596
0.162104,-0.5215
0.162108,-0.5215
0.162112,-0.5215
0.162116,-0.5215
0.16212,-0.5215
0.162124,-0.5215
0.162128,-0.5215
0.162132,-0.5215
0.162136,-0.5215
0.16214,-0.5215
0.162144,-0.5215
0.162148,-0.5215
0.162152,-0.5215
0.162156,-0.5215
0.16216,-0.5215
0.162164,-0.44699999999999995
0.162168,-0.5215
0.162172,-0.5215
0.162176,-0.5215
0.16218,-0.44699999999999995
0.162184,-0.5215
0.162188,-0.5215
0.162192,-0.5215
0.162196,-0.44699999999999995
0.1622,-0.5215
0.162204,-0.5215
0.162208,-0.5215
0.162212,-0.5215
0.162216,-0.5215
0.16222,-0.5215
0.162224,-0.5215
0.162228,-0.44699999999999995
0.162232,-0.44699999999999995
0.162236,-0.5215
0.16224,-0.5215
0.162244,-0.5215
0.162248,-0.5215
0.162252,-0.5215
0.162256,-0.5215
0.16226,-0.5215
0.162264,-0.5215
0.162268,-0.5215
0.162272,-0.5215
0.162276,-0.5215
0.16228,-0.5215
0.162284,-0.5215
0.162288,-0.5215
0.162292,-0.5215
0.162296,-0.5215
0.1623,-0.5215
0.162304,-0.44699999999999995
0.162308,-0.44699999999999995
0.162312,-0.5215
0.162316,-0.5215
0.16232,-0.5215
0.162324,-0.5215
0.162328,-0.5215
0.162332,-0.5215
0.162336,-0.5215
0.16234,-0.5215
0.162344,-0.5215
0.162348,-0.5215
0.162352,-0.5215
0.162356,-0.5215
0.16236,-0.5215
0.162364,-0.5215
0.162368,-0.44699999999999995
0.162372,-0.5215
0.162376,-0.5215
0.16238,-0.5215
0.162384,-0.5215
0.162388,-0.44699999999999995
0.162392,-0.5215
0.162396,-0.5215
0.1624,-0.5215
0.162404,-0.5215
0.162408,-0.5215
0.162412,-0.5215
0.162416,-0.5215
0.16242,-0.5215
0.162424,-0.5215
0.162428,-0.5215
0.162432,-0.5215
0.162436,-0.5215
0.16244,-0.5215
0.162444,-0.5215
0.162448,-0.5215
0.162452,-0.5215
0.162456,-0.5215
0.16246,-0.5215
0.162464,-0.5215
0.162468,-0.5215
0.162472,-0.44699999999999995
0.162476,-0.5215
0.16248,-0.5215
0.162484,-0.5215
0.162488,-0.44699999999999995
0.162492,-0.5215
0.162496,-0.44699999999999995
0.1625,-0.5215
0.162504,-0.44699999999999995
0.162508,-0.5215
0.162512,-0.5215
0.162516,-0.44699999999999995
0.16252,-0.44699999999999995
0.162524,-0.5215
0.162528,-0.5215
0.162532,-0.5215
0.162536,-0.5215
0.16254,-0.5215
0.162544,-0.5215
0.162548,-0.5215
0.162552,-0.5215
0.162556,-0.44699999999999995
0.16256,-0.44699999999999995
0.162564,-0.5215
0.162568,-0.5215
0.162572,-0.5215
0.162576,-0.44699999999999995
0.16258,-0.44699999999999995
0.162584,-0.5215
0.162588,-0.5215
0.162592,-0.5215
0.162596,-0.5215
0.1626,-0.5215
0.162604,-0.5215
0.162608,-0.5215
0.162612,-0.5215
0.162616,-0.5215
0.16262,-0.5215
0.162624,-0.5215
0.162628,-0.5215
0.162632,-0.5215
0.162636,-0.5215
0.16264,-0.5215
0.162644,-0.5215
0.162648,-0.5215
0.162652,-0.44699999999999995
0.162656,-0.5215
0.16266,-0.5215
0.162664,-0.5215
0.162668,-0.44699999999999995
0.162672,-0.5215
0.162676,-0.5215
0.16268,-0.5215
0.162684,-0.5215
0.162688,-0.5215
0.162692,-0.5215
0.162696,-0.5215
0.1627,-0.5215
0.162704,-0.5215
0.162708,-0.5215
0.162712,-0.5215
0.162716,-0.596
0.16272,-0.5215
0.162724,-0.5215
0.162728,-0.44699999999999995
0.162732,-0.5215
0.162736,-0.44699999999999995
0.16274,-0.5215
0.162744,-0.5215
0.162748,-0.5215
0.162752,-0.5215
0.162756,-0.5215
0.16276,-0.5215
0.162764,-0.5215
0.162768,-0.5215
0.162772,-0.5215
0.162776,-0.5215
0.16278,-0.5215
0.162784,-0.5215
0.162788,-0.5215
0.162792,-0.5215
0.162796,-0.5215
0.1628,-0.5215
0.162804,-0.5215
0.162808,-0.5215
0.162812,-0.5215
0.162816,-0.5215
0.16282,-0.5215
0.162824,-0.5215
0.162828,-0.5215
0.162832,-0.44699999999999995
0.162836,-0.5215
0.16284,-0.44699999999999995
0.162844,-0.5215
0.162848,-0.5215
0.162852,-0.5215
0.162856,-0.5215
0.16286,-0.5215
0.162864,-0.5215
0.162868,-0.5215
0.162872,-0.5215
0.162876,-0.5215
0.16288,-0.5215
0.162884,-0.5215
0.162888,-0.5215
0.162892,-0.44699999999999995
0.162896,-0.5215
0.1629,-0.5215
0.162904,-0.5215
0.162908,-0.5215
0.162912,-0.44699999999999995
0.162916,-0.5215
0.16292,-0.44699999999999995
0.162924,-0.5215
0.162928,-0.5215
0.162932,-0.5215
0.162936,-0.5215
0.16294,-0.44699999999999995
0.162944,-0.5215
0.162948,-0.5215
0.162952,-0.5215
0.162956,-0.5215
0.16296,-0.5215
0.162964,-0.5215
0.162968,-0.5215
0.162972,-0.5215
0.162976,-0.5215
0.16298,-0.5215
0.162984,-0.5215
0.162988,-0.5215
0.162992,-0.44699999999999995
0.162996,-0.5215
0.163,-0.44699999999999995
0.163004,-0.44699999999999995
0.163008,-0.5215
0.163012,-0.5215
0.163016,-0.44699999999999995
0.16302,-0.44699999999999995
0.163024,-0.5215
0.163028,-0.5215
0.163032,-0.5215
0.163036,-0.5215
0.16304,-0.5215
0.163044,-0.5215
0.163048,-0.5215
0.163052,-0.5215
0.163056,-0.5215
0.16306,-0.44699999999999995
0.163064,-0.5215
0.163068,-0.5215
0.163072,-0.5215
0.163076,-0.5215
0.16308,-0.5215
0.163084,-0.5215
0.163088,-0.5215
0.163092,-0.5215
0.163096,-0.5215
0.1631,-0.5215
0.163104,-0.5215
0.163108,-0.5215
0.163112,-0.44699999999999995
0.163116,-0.5215
0.16312,-0.5215
0.163124,-0.5215
0.163128,-0.44699999999999995
0.163132,-0.5215
0.163136,-0.5215
0.16314,-0.44699999999999995
0.163144,-0.5215
0.163148,-0.5215
0.163152,-0.44699999999999995
0.163156,-0.5215
0.16316,-0.5215
0.163164,-0.44699999999999995
0.163168,-0.5215
0.163172,-0.44699999999999995
0.163176,-0.5215
0.16318,-0.5215
0.163184,-0.5215
0.163188,-0.44699999999999995
0.163192,-0.5215
0.163196,-0.5215
0.1632,-0.5215
0.163204,-0.5215
0.163208,-0.5215
0.163212,-0.5215
0.163216,-0.5215
0.16322,-0.5215
0.163224,-0.44699999999999995
0.163228,-0.5215
0.163232,-0.44699999999999995
0.163236,-0.5215
0.16324,-0.44699999999999995
0.163244,-0.44699999999999995
0.163248,-0.5215
0.163252,-0.5215
0.163256,-0.5215
0.16326,-0.44699999999999995
0.163264,-0.44699999999999995
0.163268,-0.5215
0.163272,-0.5215
0.163276,-0.5215
0.16328,-0.5215
0.163284,-0.5215
0.163288,-0.5215
0.163292,-0.5215
0.163296,-0.44699999999999995
0.1633,-0.5215
0.163304,-0.5215
0.163308,-0.44699999999999995
0.163312,-0.5215
0.163316,-0.44699999999999995
0.16332,-0.5215
0.163324,-0.44699999999999995
0.163328,-0.5215
0.163332,-0.5215
0.163336,-0.5215
0.16334,-0.5215
0.163344,-0.5215
0.163348,-0.5215
0.163352,-0.5215
0.163356,-0.5215
0.16336,-0.5215
0.163364,-0.5215
0.163368,-0.5215
0.163372,-0.5215
0.163376,-0.5215
0.16338,-0.5215
0.163384,-0.5215
0.163388,-0.5215
0.163392,-0.5215
0.163396,-0.5215
0.1634,-0.5215
0.163404,-0.5215
0.163408,-0.5215
0.163412,-0.5215
0.163416,-0.5215
0.16342,-0.5215
0.163424,-0.5215
0.163428,-0.5215
0.163432,-0.5215
0.163436,-0.5215
0.16344,-0.5215
0.163444,-0.5215
0.163448,-0.5215
0.163452,-0.5215
0.163456,-0.5215
0.16346,-0.5215
0.163464,-0.5215
0.163468,-0.5215
0.163472,-0.5215
0.163476,-0.5215
0.16348,-0.5215
0.163484,-0.5215
0.163488,-0.5215
0.163492,-0.5215
0.163496,-0.5215
0.1635,-0.5215
0.163504,-0.5215
0.163508,-0.5215
0.163512,-0.5215
0.163516,-0.44699999999999995
0.16352,-0.5215
0.163524,-0.5215
0.163528,-0.5215
0.163532,-0.5215
0.163536,-0.5215
0.16354,-0.5215
0.163544,-0.5215
0.163548,-0.5215
0.163552,-0.5215
0.163556,-0.5215
0.16356,-0.5215
0.163564,-0.5215
0.163568,-0.5215
0.163572,-0.5215
0.163576,-0.5215
0.16358,-0.5215
0.163584,-0.5215
0.163588,-0.5215
0.163592,-0.5215
0.163596,-0.5215
0.1636,-0.5215
0.163604,-0.5215
0.163608,-0.5215
0.163612,-0.5215
0.163616,-0.5215
0.16362,-0.596
0.163624,-0.5215
0.163628,-0.5215
0.163632,-0.5215
0.163636,-0.5215
0.16364,-0.5215
0.163644,-0.5215
0.163648,-0.5215
0.163652,-0.5215
0.163656,-0.5215
0.16366,-0.5215
0.163664,-0.5215
0.163668,-0.5215
0.163672,-0.5215
0.163676,-0.5215
0.16368,-0.5215
0.163684,-0.5215
0.163688,-0.5215
0.163692,-0.5215
0.163696,-0.5215
0.1637,-0.5215
0.163704,-0.5215
0.163708,-0.596
0.163712,-0.5215
0.163716,-0.44699999999999995
0.16372,-0.5215
0.163724,-0.5215
0.163728,-0.5215
0.163732,-0.5215
0.163736,-0.5215
0.16374,-0.5215
0.163744,-0.5215
0.163748,-0.5215
0.163752,-0.5215
0.163756,-0.5215
0.16376,-0.5215
0.163764,-0.5215
0.163768,-0.5215
0.163772,-0.5215
0.163776,-0.5215
0.16378,-0.5215
0.163784,-0.5215
0.163788,-0.5215
0.163792,-0.5215
0.163796,-0.5215
0.1638,-0.5215
0.163804,-0.5215
0.163808,-0.5215
0.163812,-0.5215
0.163816,-0.5215
0.16382,-0.5215
0.163824,-0.5215
0.163828,-0.5215
0.163832,-0.5215
0.163836,-0.5215
0.16384,-0.5215
0.163844,-0.5215
0.163848,-0.5215
0.163852,-0.5215
0.163856,-0.5215
0.16386,-0.5215
0.163864,-0.5215
0.163868,-0.5215
0.163872,-0.5215
0.163876,-0.5215
0.16388,-0.5215
0.163884,-0.5215
0.163888,-0.5215
0.163892,-0.5215
0.163896,-0.5215
0.1639,-0.5215
0.163904,-0.5215
0.163908,-0.5215
0.163912,-0.5215
0.163916,-0.5215
0.16392,-0.5215
0.163924,-0.5215
0.163928,-0.5215
0.163932,-0.5215
0.163936,-0.5215
0.16394,-0.5215
0.163944,-0.5215
0.163948,-0.5215
0.163952,-0.5215
0.163956,-0.5215
0.16396,-0.5215
0.163964,-0.5215
0.163968,-0.5215
0.163972,-0.5215
0.163976,-0.5215
0.16398,-0.5215
0.163984,-0.5215
0.163988,-0.5215
0.163992,-0.5215
0.163996,-0.5215
0.164,-0.596
0.164004,-0.5215
0.164008,-0.44699999999999995
0.164012,-0.5215
0.164016,-0.596
0.16402,-0.5215
0.164024,-0.5215
0.164028,-0.5215
0.164032,-0.596
0.164036,-0.5215
0.16404,-0.5215
0.164044,-0.5215
0.164048,-0.5215
0.164052,-0.5215
0.164056,-0.5215
0.16406,-0.5215
0.164064,-0.5215
0.164068,-0.5215
0.164072,-0.596
0.164076,-0.596
0.16408,-0.5215
0.164084,-0.5215
0.164088,-0.5215
0.164092,-0.5215
0.164096,-0.5215
0.1641,-0.5215
0.164104,-0.5215
0.164108,-0.5215
0.164112,-0.5215
0.164116,-0.5215
0.16412,-0.5215
0.164124,-0.596
0.164128,-0.5215
0.164132,-0.5215
0.164136,-0.5215
0.16414,-0.5215
0.164144,-0.5215
0.164148,-0.5215
0.164152,-0.5215
0.164156,-0.5215
0.16416,-0.5215
0.164164,-0.5215
0.164168,-0.5215
0.164172,-0.5215
0.164176,-0.5215
0.16418,-0.5215
0.164184,-0.5215
0.164188,-0.5215
0.164192,-0.5215
0.164196,-0.596
0.1642,-0.596
0.164204,-0.5215
0.164208,-0.596
0.164212,-0.5215
0.164216,-0.5215
0.16422,-0.5215
0.164224,-0.5215
0.164228,-0.5215
0.164232,-0.5215
0.164236,-0.5215
0.16424,-0.5215
0.164244,-0.5215
0.164248,-0.5215
0.164252,-0.5215
0.164256,-0.5215
0.16426,-0.5215
0.164264,-0.5215
0.164268,-0.5215
0.164272,-0.5215
0.164276,-0.5215
0.16428,-0.5215
0.164284,-0.596
0.164288,-0.5215
0.164292,-0.5215
0.164296,-0.5215
0.1643,-0.5215
0.164304,-0.596
0.164308,-0.5215
0.164312,-0.5215
0.164316,-0.5215
0.16432,-0.5215
0.164324,-0.5215
0.164328,-0.44699999999999995
0.164332,-0.5215
0.164336,-0.5215
0.16434,-0.5215
0.164344,-0.596
0.164348,-0.5215
0.164352,-0.5215
0.164356,-0.5215
0.16436,-0.5215
0.164364,-0.5215
0.164368,-0.5215
0.164372,-0.5215
0.164376,-0.5215
0.16438,-0.596
0.164384,-0.5215
0.164388,-0.596
0.164392,-0.5215
0.164396,-0.5215
0.1644,-0.5215
0.164404,-0.5215
0.164408,-0.5215
0.164412,-0.5215
0.164416,-0.5215
0.16442,-0.5215
0.164424,-0.5215
0.164428,-0.5215
0.164432,-0.5215
0.164436,-0.5215
0.16444,-0.5215
0.164444,-0.5215
0.164448,-0.5215
0.164452,-0.5215
0.164456,-0.5215
0.16446,-0.5215
0.164464,-0.5215
0.164468,-0.5215
0.164472,-0.5215
0.164476,-0.5215
0.16448,-0.5215
0.164484,-0.5215
0.164488,-0.5215
0.164492,-0.5215
0.164496,-0.5215
0.1645,-0.5215
0.164504,-0.5215
0.164508,-0.5215
0.164512,-0.5215
0.164516,-0.5215
0.16452,-0.5215
0.164524,-0.5215
0.164528,-0.5215
0.164532,-0.5215
0.164536,-0.5215
0.16454,-0.5215
0.164544,-0.5215
0.164548,-0.5215
0.164552,-0.5215
0.164556,-0.5215
0.16456,-0.5215
0.164564,-0.5215
0.164568,-0.5215
0.164572,-0.5215
0.164576,-0.5215
0.16458,-0.5215
0.164584,-0.5215
0.164588,-0.5215
0.164592,-0.5215
0.164596,-0.5215
0.1646,-0.5215
0.164604,-0.5215
0.164608,-0.5215
0.164612,-0.596
0.164616,-0.5215
0.16462,-0.5215
0.164624,-0.5215
0.164628,-0.5215
0.164632,-0.596
0.164636,-0.5215
0.16464,-0.5215
0.164644,-0.5215
0.164648,-0.5215
0.164652,-0.5215
0.164656,-0.5215
0.16466,-0.5215
0.164664,-0.596
0.164668,-0.5215
0.164672,-0.5215
0.164676,-0.5215
0.16468,-0.5215
0.164684,-0.5215
0.164688,-0.5215
0.164692,-0.5215
0.164696,-0.596
0.1647,-0.5215
0.164704,-0.5215
0.164708,-0.5215
0.164712,-0.5215
0.164716,-0.5215
0.16472,-0.5215
0.164724,-0.5215
0.164728,-0.5215
0.164732,-0.5215
0.164736,-0.596
0.16474,-0.5215
0.164744,-0.5215
0.164748,-0.5215
0.164752,-0.5215
0.164756,-0.5215
0.16476,-0.5215
0.164764,-0.5215
0.164768,-0.5215
0.164772,-0.5215
0.164776,-0.5215
0.16478,-0.5215
0.164784,-0.596
0.164788,-0.5215
0.164792,-0.5215
0.164796,-0.5215
0.1648,-0.5215
0.164804,-0.5215
0.164808,-0.5215
0.164812,-0.5215
0.164816,-0.5215
0.16482,-0.5215
0.164824,-0.44699999999999995
0.164828,-0.5215
0.164832,-0.44699999999999995
0.164836,-0.44699999999999995
0.16484,-0.5215
0.164844,-0.5215
0.164848,-0.5215
0.164852,-0.5215
0.164856,-0.5215
0.16486,-0.5215
0.164864,-0.596
0.164868,-0.5215
0.164872,-0.5215
0.164876,-0.5215
0.16488,-0.596
0.164884,-0.5215
0.164888,-0.5215
0.164892,-0.5215
0.164896,-0.596
0.1649,-0.5215
0.164904,-0.5215
0.164908,-0.5215
0.164912,-0.5215
0.164916,-0.5215
0.16492,-0.5215
0.164924,-0.5215
0.164928,-0.5215
0.164932,-0.5215
0.164936,-0.5215
0.16494,-0.5215
0.164944,-0.5215
0.164948,-0.5215
0.164952,-0.5215
0.164956,-0.5215
0.16496,-0.5215
0.164964,-0.5215
0.164968,-0.5215
0.164972,-0.5215
0.164976,-0.5215
0.16498,-0.5215
0.164984,-0.5215
0.164988,-0.5215
0.164992,-0.5215
0.164996,-0.5215
0.165,-0.5215
0.165004,-0.5215
0.165008,-0.5215
0.165012,-0.5215
0.165016,-0.5215
0.16502,-0.5215
0.165024,-0.5215
0.165028,-0.5215
0.165032,-0.5215
0.165036,-0.5215
0.16504,-0.5215
0.165044,-0.5215
0.165048,-0.5215
0.165052,-0.5215
0.165056,-0.5215
0.16506,-0.5215
0.165064,-0.44699999999999995
0.165068,-0.5215
0.165072,-0.5215
0.165076,-0.5215
0.16508,-0.44699999999999995
0.165084,-0.5215
0.165088,-0.5215
0.165092,-0.5215
0.165096,-0.5215
0.1651,-0.5215
0.165104,-0.5215
0.165108,-0.5215
0.165112,-0.5215
0.165116,-0.5215
0.16512,-0.5215
0.165124,-0.5215
0.165128,-0.596
0.165132,-0.5215
0.165136,-0.5215
0.16514,-0.5215
0.165144,-0.5215
0.165148,-0.596
0.165152,-0.5215
0.165156,-0.5215
0.16516,-0.5215
0.165164,-0.5215
0.165168,-0.5215
0.165172,-0.5215
0.165176,-0.5215
0.16518,-0.5215
0.165184,-0.44699999999999995
0.165188,-0.5215
0.165192,-0.5215
0.165196,-0.5215
0.1652,-0.5215
0.165204,-0.5215
0.165208,-0.5215
0.165212,-0.5215
0.165216,-0.5215
0.16522,-0.5215
0.165224,-0.5215
0.165228,-0.5215
0.165232,-0.5215
0.165236,-0.5215
0.16524,-0.5215
0.165244,-0.5215
0.165248,-0.5215
0.165252,-0.44699999999999995
0.165256,-0.5215
0.16526,-0.5215
0.165264,-0.5215
0.165268,-0.5215
0.165272,-0.5215
0.165276,-0.5215
0.16528,-0.5215
0.165284,-0.5215
0.165288,-0.5215
0.165292,-0.5215
0.165296,-0.5215
0.1653,-0.5215
0.165304,-0.5215
0.165308,-0.5215
0.165312,-0.5215
0.165316,-0.5215
0.16532,-0.5215
0.165324,-0.5215
0.165328,-0.5215
0.165332,-0.5215
0.165336,-0.5215
0.16534,-0.5215
0.165344,-0.5215
0.165348,-0.5215
0.165352,-0.5215
0.165356,-0.5215
0.16536,-0.5215
0.165364,-0.5215
0.165368,-0.5215
0.165372,-0.5215
0.165376,-0.5215
0.16538,-0.5215
0.165384,-0.5215
0.165388,-0.5215
0.165392,-0.5215
0.165396,-0.44699999999999995
0.1654,-0.5215
0.165404,-0.5215
0.165408,-0.5215
0.165412,-0.5215
0.165416,-0.5215
0.16542,-0.5215
0.165424,-0.5215
0.165428,-0.5215
0.165432,-0.44699999999999995
0.165436,-0.5215
0.16544,-0.5215
0.165444,-0.5215
0.165448,-0.5215
0.165452,-0.44699999999999995
0.165456,-0.5215
0.16546,-0.5215
0.165464,-0.5215
0.165468,-0.5215
0.165472,-0.5215
0.165476,-0.5215
0.16548,-0.5215
0.165484,-0.5215
0.165488,-0.5215
0.165492,-0.44699999999999995
0.165496,-0.5215
0.1655,-0.5215
0.165504,-0.5215
0.165508,-0.5215
0.165512,-0.44699999999999995
0.165516,-0.5215
0.16552,-0.5215
0.165524,-0.5215
0.165528,-0.5215
0.165532,-0.5215
0.165536,-0.5215
0.16554,-0.5215
0.165544,-0.5215
0.165548,-0.5215
0.165552,-0.5215
0.165556,-0.5215
0.16556,-0.5215
0.165564,-0.5215
0.165568,-0.44699999999999995
0.165572,-0.5215
0.165576,-0.5215
0.16558,-0.44699999999999995
0.165584,-0.5215
0.165588,-0.5215
0.165592,-0.5215
0.165596,-0.44699999999999995
0.1656,-0.5215
0.165604,-0.44699999999999995
0.165608,-0.44699999999999995
0.165612,-0.5215
0.165616,-0.44699999999999995
0.16562,-0.5215
0.165624,-0.5215
0.165628,-0.44699999999999995
0.165632,-0.44699999999999995
0.165636,-0.5215
0.16564,-0.5215
0.165644,-0.5215
0.165648,-0.5215
0.165652,-0.5215
0.165656,-0.5215
0.16566,-0.44699999999999995
0.165664,-0.5215
0.165668,-0.5215
0.165672,-0.5215
0.165676,-0.5215
0.16568,-0.5215
0.165684,-0.5215
0.165688,-0.5215
0.165692,-0.5215
0.165696,-0.5215
0.1657,-0.5215
0.165704,-0.5215
0.165708,-0.5215
0.165712,-0.44699999999999995
0.165716,-0.5215
0.16572,-0.44699999999999995
0.165724,-0.5215
0.165728,-0.5215
0.165732,-0.5215
0.165736,-0.5215
0.16574,-0.5215
0.165744,-0.5215
0.165748,-0.5215
0.165752,-0.5215
0.165756,-0.44699999999999995
0.16576,-0.5215
0.165764,-0.5215
0.165768,-0.5215
0.165772,-0.5215
0.165776,-0.5215
0.16578,-0.5215
0.165784,-0.5215
0.165788,-0.44699999999999995
0.165792,-0.44699999999999995
0.165796,-0.5215
0.1658,-0.5215
0.165804,-0.5215
0.165808,-0.5215
0.165812,-0.5215
0.165816,-0.5215
0.16582,-0.5215
0.165824,-0.5215
0.165828,-0.5215
0.165832,-0.5215
0.165836,-0.5215
0.16584,-0.5215
0.165844,-0.5215
0.165848,-0.5215
0.165852,-0.5215
0.165856,-0.5215
0.16586,-0.5215
0.165864,-0.5215
0.165868,-0.44699999999999995
0.165872,-0.5215
0.165876,-0.5215
0.16588,-0.44699999999999995
0.165884,-0.44699999999999995
0.165888,-0.5215
0.165892,-0.5215
0.165896,-0.44699999999999995
0.1659,-0.5215
0.165904,-0.5215
0.165908,-0.5215
0.165912,-0.5215
0.165916,-0.44699999999999995
0.16592,-0.5215
0.165924,-0.44699999999999995
0.165928,-0.44699999999999995
0.165932,-0.44699999999999995
0.165936,-0.5215
0.16594,-0.44699999999999995
0.165944,-0.5215
0.165948,-0.44699999999999995
0.165952,-0.44699999999999995
0.165956,-0.44699999999999995
0.16596,-0.44699999999999995
0.165964,-0.5215
0.165968,-0.5215
0.165972,-0.5215
0.165976,-0.5215
0.16598,-0.5215
0.165984,-0.44699999999999995
0.165988,-0.44699999999999995
0.165992,-0.5215
0.165996,-0.5215
0.166,-0.44699999999999995
0.166004,-0.5215
0.166008,-0.5215
0.166012,-0.44699999999999995
0.166016,-0.5215
0.16602,-0.44699999999999995
0.166024,-0.44699999999999995
0.166028,-0.44699999999999995
0.166032,-0.44699999999999995
0.166036,-0.5215
0.16604,-0.44699999999999995
0.166044,-0.5215
0.166048,-0.5215
0.166052,-0.5215
0.166056,-0.5215
0.16606,-0.5215
0.166064,-0.5215
0.166068,-0.5215
0.166072,-0.5215
0.166076,-0.44699999999999995
0.16608,-0.5215
0.166084,-0.5215
0.166088,-0.44699999999999995
0.166092,-0.44699999999999995
0.166096,-0.5215
0.1661,-0.44699999999999995
0.166104,-0.5215
0.166108,-0.5215
0.166112,-0.44699999999999995
0.166116,-0.5215
0.16612,-0.5215
0.166124,-0.44699999999999995
0.166128,-0.5215
0.166132,-0.5215
0.166136,-0.5215
0.16614,-0.5215
0.166144,-0.44699999999999995
0.166148,-0.5215
0.166152,-0.5215
0.166156,-0.44699999999999995
0.16616,-0.5215
0.166164,-0.44699999999999995
0.166168,-0.5215
0.166172,-0.5215
0.166176,-0.5215
0.16618,-0.5215
0.166184,-0.44699999999999995
0.166188,-0.44699999999999995
0.166192,-0.44699999999999995
0.166196,-0.5215
0.1662,-0.44699999999999995
0.166204,-0.44699999999999995
0.166208,-0.5215
0.166212,-0.5215
0.166216,-0.44699999999999995
0.16622,-0.5215
0.166224,-0.5215
0.166228,-0.5215
0.166232,-0.5215
0.166236,-0.5215
0.16624,-0.5215
0.166244,-0.5215
0.166248,-0.5215
0.166252,-0.44699999999999995
0.166256,-0.44699999999999995
0.16626,-0.5215
0.166264,-0.44699999999999995
0.166268,-0.5215
0.166272,-0.5215
0.166276,-0.5215
0.16628,-0.44699999999999995
0.166284,-0.44699999999999995
0.166288,-0.5215
0.166292,-0.44699999999999995
0.166296,-0.44699999999999995
0.1663,-0.5215
0.166304,-0.5215
0.166308,-0.5215
0.166312,-0.5215
0.166316,-0.5215
0.16632,-0.44699999999999995
0.166324,-0.5215
0.166328,-0.44699999999999995
0.166332,-0.5215
0.166336,-0.5215
0.16634,-0.5215
0.166344,-0.5215
0.166348,-0.44699999999999995
0.166352,-0.44699999999999995
0.166356,-0.44699999999999995
0.16636,-0.5215
0.166364,-0.5215
0.166368,-0.5215
0.166372,-0.5215
0.166376,-0.44699999999999995
0.16638,-0.5215
0.166384,-0.5215
0.166388,-0.44699999999999995
0.166392,-0.44699999999999995
0.166396,-0.5215
0.1664,-0.5215
0.166404,-0.5215
0.166408,-0.44699999999999995
0.166412,-0.5215
0.166416,-0.5215
0.16642,-0.5215
0.166424,-0.5215
0.166428,-0.44699999999999995
0.166432,-0.5215
0.166436,-0.5215
0.16644,-0.44699999999999995
0.166444,-0.5215
0.166448,-0.44699999999999995
0.166452,-0.5215
0.166456,-0.44699999999999995
0.16646,-0.5215
0.166464,-0.5215
0.166468,-0.44699999999999995
0.166472,-0.5215
0.166476,-0.5215
0.16648,-0.5215
0.166484,-0.5215
0.166488,-0.44699999999999995
0.166492,-0.44699999999999995
0.166496,-0.5215
0.1665,-0.5215
0.166504,-0.5215
0.166508,-0.5215
0.166512,-0.5215
0.166516,-0.5215
0.16652,-0.5215
0.166524,-0.5215
0.166528,-0.5215
0.166532,-0.5215
0.166536,-0.5215
0.16654,-0.5215
0.166544,-0.44699999999999995
0.166548,-0.5215
0.166552,-0.5215
0.166556,-0.5215
0.16656,-0.5215
0.166564,-0.5215
0.166568,-0.5215
0.166572,-0.5215
0.166576,-0.5215
0.16658,-0.5215
0.166584,-0.5215
0.166588,-0.44699999999999995
0.166592,-0.5215
0.166596,-0.5215
0.1666,-0.5215
0.166604,-0.5215
0.166608,-0.5215
0.166612,-0.5215
0.166616,-0.5215
0.16662,-0.44699999999999995
0.166624,-0.5215
0.166628,-0.5215
0.166632,-0.5215
0.166636,-0.5215
0.16664,-0.5215
0.166644,-0.5215
0.166648,-0.44699999999999995
0.166652,-0.5215
0.166656,-0.44699999999999995
0.16666,-0.44699999999999995
0.166664,-0.5215
0.166668,-0.5215
0.166672,-0.44699999999999995
0.166676,-0.5215
0.16668,-0.5215
0.166684,-0.5215
0.166688,-0.44699999999999995
0.166692,-0.5215
0.166696,-0.5215
0.1667,-0.5215
0.166704,-0.5215
0.166708,-0.5215
0.166712,-0.5215
0.166716,-0.5215
0.16672,-0.5215
0.166724,-0.5215
0.166728,-0.44699999999999995
0.166732,-0.5215
0.166736,-0.5215
0.16674,-0.44699999999999995
0.166744,-0.5215
0.166748,-0.44699999999999995
0.166752,-0.5215
0.166756,-0.44699999999999995
0.16676,-0.44699999999999995
0.166764,-0.44699999999999995
0.166768,-0.5215
0.166772,-0.44699999999999995
0.166776,-0.5215
0.16678,-0.44699999999999995
0.166784,-0.44699999999999995
0.166788,-0.5215
0.166792,-0.5215
0.166796,-0.44699999999999995
0.1668,-0.44699999999999995
0.166804,-0.5215
0.166808,-0.5215
0.166812,-0.44699999999999995
0.166816,-0.5215
0.16682,-0.5215
0.166824,-0.5215
0.166828,-0.5215
0.166832,-0.5215
0.166836,-0.5215
0.16684,-0.5215
0.166844,-0.5215
0.166848,-0.44699999999999995
0.166852,-0.5215
0.166856,-0.44699999999999995
0.16686,-0.44699999999999995
0.166864,-0.5215
0.166868,-0.44699999999999995
0.166872,-0.5215
0.166876,-0.5215
0.16688,-0.5215
0.166884,-0.5215
0.166888,-0.5215
0.166892,-0.5215
0.166896,-0.5215
0.1669,-0.5215
0.166904,-0.5215
0.166908,-0.5215
0.166912,-0.5215
0.166916,-0.44699999999999995
0.16692,-0.5215
0.166924,-0.5215
0.166928,-0.5215
0.166932,-0.44699999999999995
0.166936,-0.5215
0.16694,-0.5215
0.166944,-0.5215
0.166948,-0.5215
0.166952,-0.5215
0.166956,-0.5215
0.16696,-0.5215
0.166964,-0.44699999999999995
0.166968,-0.5215
0.166972,-0.5215
0.166976,-0.5215
0.16698,-0.5215
0.166984,-0.5215
0.166988,-0.5215
0.166992,-0.5215
0.166996,-0.5215
0.167,-0.5215
0.167004,-0.5215
0.167008,-0.44699999999999995
0.167012,-0.44699999999999995
0.167016,-0.5215
0.16702,-0.5215
0.167024,-0.5215
0.167028,-0.44699999999999995
0.167032,-0.5215
0.167036,-0.5215
0.16704,-0.5215
0.167044,-0.5215
0.167048,-0.44699999999999995
0.167052,-0.5215
0.167056,-0.5215
0.16706,-0.5215
0.167064,-0.5215
0.167068,-0.5215
0.167072,-0.5215
0.167076,-0.5215
0.16708,-0.5215
0.167084,-0.44699999999999995
0.167088,-0.44699999999999995
0.167092,-0.5215
0.167096,-0.44699999999999995
0.1671,-0.5215
0.167104,-0.5215
0.167108,-0.44699999999999995
0.167112,-0.5215
0.167116,-0.5215
0.16712,-0.5215
0.167124,-0.44699999999999995
0.167128,-0.5215
0.167132,-0.5215
0.167136,-0.5215
0.16714,-0.5215
0.167144,-0.5215
0.167148,-0.5215
0.167152,-0.5215
0.167156,-0.5215
0.16716,-0.44699999999999995
0.167164,-0.5215
0.167168,-0.44699999999999995
0.167172,-0.5215
0.167176,-0.5215
0.16718,-0.5215
0.167184,-0.44699999999999995
0.167188,-0.5215
0.167192,-0.44699999999999995
0.167196,-0.5215
0.1672,-0.5215
0.167204,-0.5215
0.167208,-0.5215
0.167212,-0.44699999999999995
0.167216,-0.5215
0.16722,-0.5215
0.167224,-0.44699999999999995
0.167228,-0.5215
0.167232,-0.5215
0.167236,-0.5215
0.16724,-0.5215
0.167244,-0.5215
0.167248,-0.5215
0.167252,-0.5215
0.167256,-0.5215
0.16726,-0.44699999999999995
0.167264,-0.44699999999999995
0.167268,-0.5215
0.167272,-0.44699999999999995
0.167276,-0.5215
0.16728,-0.44699999999999995
0.167284,-0.5215
0.167288,-0.5215
0.167292,-0.5215
0.167296,-0.5215
0.1673,-0.44699999999999995
0.167304,-0.44699999999999995
0.167308,-0.5215
0.167312,-0.5215
0.167316,-0.5215
0.16732,-0.5215
0.167324,-0.5215
0.167328,-0.5215
0.167332,-0.5215
0.167336,-0.5215
0.16734,-0.5215
0.167344,-0.5215
0.167348,-0.5215
0.167352,-0.5215
0.167356,-0.44699999999999995
0.16736,-0.5215
0.167364,-0.5215
0.167368,-0.5215
0.167372,-0.5215
0.167376,-0.5215
0.16738,-0.5215
0.167384,-0.5215
0.167388,-0.5215
0.167392,-0.44699999999999995
0.167396,-0.5215
0.1674,-0.5215
0.167404,-0.5215
0.167408,-0.44699999999999995
0.167412,-0.5215
0.167416,-0.5215
0.16742,-0.44699999999999995
0.167424,-0.44699999999999995
0.167428,-0.5215
0.167432,-0.5215
0.167436,-0.44699999999999995
0.16744,-0.5215
0.167444,-0.5215
0.167448,-0.5215
0.167452,-0.5215
0.167456,-0.5215
0.16746,-0.5215
0.167464,-0.5215
0.167468,-0.5215
0.167472,-0.5215
0.167476,-0.5215
0.16748,-0.5215
0.167484,-0.5215
0.167488,-0.44699999999999995
0.167492,-0.5215
0.167496,-0.5215
0.1675,-0.5215
0.167504,-0.5215
0.167508,-0.5215
0.167512,-0.5215
0.167516,-0.5215
0.16752,-0.5215
0.167524,-0.5215
0.167528,-0.5215
0.167532,-0.5215
0.167536,-0.5215
0.16754,-0.44699999999999995
0.167544,-0.5215
0.167548,-0.5215
0.167552,-0.5215
0.167556,-0.44699999999999995
0.16756,-0.5215
0.167564,-0.5215
0.167568,-0.5215
0.167572,-0.5215
0.167576,-0.5215
0.16758,-0.5215
0.167584,-0.5215
0.167588,-0.5215
0.167592,-0.5215
0.167596,-0.5215
0.1676,-0.5215
0.167604,-0.5215
0.167608,-0.5215
0.167612,-0.44699999999999995
0.167616,-0.5215
0.16762,-0.5215
0.167624,-0.5215
0.167628,-0.5215
0.167632,-0.5215
0.167636,-0.5215
0.16764,-0.44699999999999995
0.167644,-0.5215
0.167648,-0.5215
0.167652,-0.5215
0.167656,-0.5215
0.16766,-0.44699999999999995
0.167664,-0.44699999999999995
0.167668,-0.5215
0.167672,-0.5215
0.167676,-0.5215
0.16768,-0.5215
0.167684,-0.5215
0.167688,-0.44699999999999995
0.167692,-0.5215
0.167696,-0.5215
0.1677,-0.5215
0.167704,-0.5215
0.167708,-0.5215
0.167712,-0.5215
0.167716,-0.44699999999999995
0.16772,-0.44699999999999995
0.167724,-0.5215
0.167728,-0.5215
0.167732,-0.5215
0.167736,-0.5215
0.16774,-0.5215
0.167744,-0.5215
0.167748,-0.5215
0.167752,-0.5215
0.167756,-0.5215
0.16776,-0.5215
0.167764,-0.5215
0.167768,-0.5215
0.167772,-0.5215
0.167776,-0.5215
0.16778,-0.44699999999999995
0.167784,-0.5215
0.167788,-0.5215
0.167792,-0.5215
0.167796,-0.5215
0.1678,-0.5215
0.167804,-0.5215
0.167808,-0.5215
0.167812,-0.5215
0.167816,-0.5215
0.16782,-0.44699999999999995
0.167824,-0.5215
0.167828,-0.5215
0.167832,-0.5215
0.167836,-0.5215
0.16784,-0.5215
0.167844,-0.5215
0.167848,-0.5215
0.167852,-0.5215
0.167856,-0.5215
0.16786,-0.5215
0.167864,-0.5215
0.167868,-0.5215
0.167872,-0.5215
0.167876,-0.5215
0.16788,-0.5215
0.167884,-0.44699999999999995
0.167888,-0.5215
0.167892,-0.5215
0.167896,-0.5215
0.1679,-0.5215
0.167904,-0.5215
0.167908,-0.5215
0.167912,-0.5215
0.167916,-0.5215
0.16792,-0.5215
0.167924,-0.5215
0.167928,-0.5215
0.167932,-0.5215
0.167936,-0.5215
0.16794,-0.5215
0.167944,-0.5215
0.167948,-0.44699999999999995
0.167952,-0.5215
0.167956,-0.5215
0.16796,-0.5215
0.167964,-0.5215
0.167968,-0.5215
0.167972,-0.5215
0.167976,-0.5215
0.16798,-0.5215
0.167984,-0.5215
0.167988,-0.5215
0.167992,-0.5215
0.167996,-0.5215
0.168,-0.5215
0.168004,-0.5215
0.168008,-0.5215
0.168012,-0.5215
0.168016,-0.5215
0.16802,-0.5215
0.168024,-0.5215
0.168028,-0.5215
0.168032,-0.5215
0.168036,-0.5215
0.16804,-0.5215
0.168044,-0.5215
0.168048,-0.5215
0.168052,-0.5215
0.168056,-0.5215
0.16806,-0.5215
0.168064,-0.44699999999999995
0.168068,-0.5215
0.168072,-0.5215
0.168076,-0.5215
0.16808,-0.5215
0.168084,-0.5215
0.168088,-0.5215
0.168092,-0.5215
0.168096,-0.5215
0.1681,-0.5215
0.168104,-0.5215
0.168108,-0.5215
0.168112,-0.5215
0.168116,-0.5215
0.16812,-0.5215
0.168124,-0.5215
0.168128,-0.5215
0.168132,-0.5215
0.168136,-0.5215
0.16814,-0.5215
0.168144,-0.5215
0.168148,-0.596
0.168152,-0.5215
0.168156,-0.5215
0.16816,-0.5215
0.168164,-0.5215
0.168168,-0.5215
0.168172,-0.44699999999999995
0.168176,-0.5215
0.16818,-0.44699999999999995
0.168184,-0.5215
0.168188,-0.5215
0.168192,-0.5215
0.168196,-0.5215
0.1682,-0.5215
0.168204,-0.5215
0.168208,-0.5215
0.168212,-0.5215
0.168216,-0.5215
0.16822,-0.5215
0.168224,-0.5215
0.168228,-0.5215
0.168232,-0.5215
0.168236,-0.5215
0.16824,-0.44699999999999995
0.168244,-0.5215
0.168248,-0.5215
0.168252,-0.5215
0.168256,-0.5215
0.16826,-0.5215
0.168264,-0.5215
0.168268,-0.5215
0.168272,-0.5215
0.168276,-0.5215
0.16828,-0.5215
0.168284,-0.5215
0.168288,-0.5215
0.168292,-0.5215
0.168296,-0.5215
0.1683,-0.5215
0.168304,-0.5215
0.168308,-0.5215
0.168312,-0.5215
0.168316,-0.5215
0.16832,-0.5215
0.168324,-0.5215
0.168328,-0.5215
0.168332,-0.5215
0.168336,-0.5215
0.16834,-0.5215
0.168344,-0.5215
0.168348,-0.5215
0.168352,-0.5215
0.168356,-0.5215
0.16836,-0.596
0.168364,-0.5215
0.168368,-0.5215
0.168372,-0.5215
0.168376,-0.5215
0.16838,-0.5215
0.168384,-0.5215
0.168388,-0.5215
0.168392,-0.5215
0.168396,-0.5215
0.1684,-0.5215
0.168404,-0.5215
0.168408,-0.5215
0.168412,-0.5215
0.168416,-0.5215
0.16842,-0.5215
0.168424,-0.5215
0.168428,-0.5215
0.168432,-0.5215
0.168436,-0.5215
0.16844,-0.5215
0.168444,-0.5215
0.168448,-0.5215
0.168452,-0.5215
0.168456,-0.5215
0.16846,-0.5215
0.168464,-0.5215
0.168468,-0.5215
0.168472,-0.5215
0.168476,-0.5215
0.16848,-0.5215
0.168484,-0.5215
0.168488,-0.5215
0.168492,-0.5215
0.168496,-0.5215
0.1685,-0.5215
0.168504,-0.5215
0.168508,-0.5215
0.168512,-0.5215
0.168516,-0.5215
0.16852,-0.5215
0.168524,-0.5215
0.168528,-0.5215
0.168532,-0.5215
0.168536,-0.5215
0.16854,-0.5215
0.168544,-0.5215
0.168548,-0.5215
0.168552,-0.5215
0.168556,-0.5215
0.16856,-0.5215
0.168564,-0.5215
0.168568,-0.5215
0.168572,-0.5215
0.168576,-0.5215
0.16858,-0.5215
0.168584,-0.5215
0.168588,-0.5215
0.168592,-0.5215
0.168596,-0.5215
0.1686,-0.5215
0.168604,-0.44699999999999995
0.168608,-0.5215
0.168612,-0.5215
0.168616,-0.5215
0.16862,-0.5215
0.168624,-0.5215
0.168628,-0.5215
0.168632,-0.5215
0.168636,-0.44699999999999995
0.16864,-0.5215
0.168644,-0.5215
0.168648,-0.44699999999999995
0.168652,-0.5215
0.168656,-0.44699999999999995
0.16866,-0.5215
0.168664,-0.5215
0.168668,-0.5215
0.168672,-0.5215
0.168676,-0.5215
0.16868,-0.5215
0.168684,-0.5215
0.168688,-0.5215
0.168692,-0.5215
0.168696,-0.5215
0.1687,-0.5215
0.168704,-0.5215
0.168708,-0.5215
0.168712,-0.5215
0.168716,-0.5215
0.16872,-0.5215
0.168724,-0.5215
0.168728,-0.5215
0.168732,-0.5215
0.168736,-0.5215
0.16874,-0.5215
0.168744,-0.5215
0.168748,-0.5215
0.168752,-0.5215
0.168756,-0.5215
0.16876,-0.5215
0.168764,-0.5215
0.168768,-0.5215
0.168772,-0.5215
0.168776,-0.5215
0.16878,-0.5215
0.168784,-0.5215
0.168788,-0.44699999999999995
0.168792,-0.5215
0.168796,-0.5215
0.1688,-0.5215
0.168804,-0.5215
0.168808,-0.5215
0.168812,-0.5215
0.168816,-0.5215
0.16882,-0.5215
0.168824,-0.5215
0.168828,-0.5215
0.168832,-0.5215
0.168836,-0.5215
0.16884,-0.5215
0.168844,-0.5215
0.168848,-0.5215
0.168852,-0.5215
0.168856,-0.5215
0.16886,-0.5215
0.168864,-0.5215
0.168868,-0.5215
0.168872,-0.5215
0.168876,-0.596
0.16888,-0.5215
0.168884,-0.5215
0.168888,-0.5215
0.168892,-0.5215
0.168896,-0.5215
0.1689,-0.44699999999999995
0.168904,-0.5215
0.168908,-0.5215
0.168912,-0.44699999999999995
0.168916,-0.44699999999999995
0.16892,-0.5215
0.168924,-0.5215
0.168928,-0.5215
0.168932,-0.5215
0.168936,-0.5215
0.16894,-0.5215
0.168944,-0.5215
0.168948,-0.5215
0.168952,-0.5215
0.168956,-0.5215
0.16896,-0.5215
0.168964,-0.44699999999999995
0.168968,-0.5215
0.168972,-0.5215
0.168976,-0.5215
0.16898,-0.5215
0.168984,-0.5215
0.168988,-0.5215
0.168992,-0.5215
0.168996,-0.5215
0.169,-0.5215
0.169004,-0.5215
0.169008,-0.5215
0.169012,-0.5215
0.169016,-0.5215
0.16902,-0.5215
0.169024,-0.5215
0.169028,-0.5215
0.169032,-0.5215
0.169036,-0.596
0.16904,-0.5215
0.169044,-0.5215
0.169048,-0.5215
0.169052,-0.5215
0.169056,-0.5215
0.16906,-0.5215
0.169064,-0.5215
0.169068,-0.5215
0.169072,-0.5215
0.169076,-0.5215
0.16908,-0.5215
0.169084,-0.5215
0.169088,-0.5215
0.169092,-0.5215
0.169096,-0.5215
0.1691,-0.5215
0.169104,-0.5215
0.169108,-0.5215
0.169112,-0.5215
0.169116,-0.5215
0.16912,-0.5215
0.169124,-0.5215
0.169128,-0.5215
0.169132,-0.44699999999999995
0.169136,-0.5215
0.16914,-0.5215
0.169144,-0.5215
0.169148,-0.5215
0.169152,-0.5215
0.169156,-0.5215
0.16916,-0.5215
0.169164,-0.5215
0.169168,-0.5215
0.169172,-0.5215
0.169176,-0.596
0.16918,-0.5215
0.169184,-0.5215
0.169188,-0.5215
0.169192,-0.5215
0.169196,-0.5215
0.1692,-0.5215
0.169204,-0.5215
0.169208,-0.5215
0.169212,-0.5215
0.169216,-0.5215
0.16922,-0.5215
0.169224,-0.5215
0.169228,-0.5215
0.169232,-0.5215
0.169236,-0.5215
0.16924,-0.44699999999999995
0.169244,-0.5215
0.169248,-0.5215
0.169252,-0.44699999999999995
0.169256,-0.5215
0.16926,-0.5215
0.169264,-0.5215
0.169268,-0.5215
0.169272,-0.5215
0.169276,-0.5215
0.16928,-0.5215
0.169284,-0.5215
0.169288,-0.5215
0.169292,-0.5215
0.169296,-0.5215
0.1693,-0.5215
0.169304,-0.5215
0.169308,-0.5215
0.169312,-0.5215
0.169316,-0.5215
0.16932,-0.5215
0.169324,-0.5215
0.169328,-0.5215
0.169332,-0.5215
0.169336,-0.5215
0.16934,-0.5215
0.169344,-0.596
0.169348,-0.5215
0.169352,-0.5215
0.169356,-0.5215
0.16936,-0.5215
0.169364,-0.5215
0.169368,-0.5215
0.169372,-0.5215
0.169376,-0.5215
0.16938,-0.5215
0.169384,-0.5215
0.169388,-0.5215
0.169392,-0.5215
0.169396,-0.5215
0.1694,-0.5215
0.169404,-0.5215
0.169408,-0.5215
0.169412,-0.5215
0.169416,-0.5215
0.16942,-0.5215
0.169424,-0.5215
0.169428,-0.5215
0.169432,-0.5215
0.169436,-0.5215
0.16944,-0.5215
0.169444,-0.5215
0.169448,-0.5215
0.169452,-0.5215
0.169456,-0.5215
0.16946,-0.5215
0.169464,-0.5215
0.169468,-0.5215
0.169472,-0.5215
0.169476,-0.5215
0.16948,-0.5215
0.169484,-0.5215
0.169488,-0.5215
0.169492,-0.5215
0.169496,-0.5215
0.1695,-0.5215
0.169504,-0.5215
0.169508,-0.596
0.169512,-0.5215
0.169516,-0.5215
0.16952,-0.5215
0.169524,-0.5215
0.169528,-0.5215
0.169532,-0.5215
0.169536,-0.5215
0.16954,-0.5215
0.169544,-0.5215
0.169548,-0.596
0.169552,-0.5215
0.169556,-0.5215
0.16956,-0.5215
0.169564,-0.596
0.169568,-0.5215
0.169572,-0.5215
0.169576,-0.5215
0.16958,-0.5215
0.169584,-0.44699999999999995
0.169588,-0.5215
0.169592,-0.5215
0.169596,-0.5215
0.1696,-0.5215
0.169604,-0.5215
0.169608,-0.5215
0.169612,-0.5215
0.169616,-0.5215
0.16962,-0.5215
0.169624,-0.5215
0.169628,-0.5215
0.169632,-0.5215
0.169636,-0.5215
0.16964,-0.5215
0.169644,-0.5215
0.169648,-0.5215
0.169652,-0.5215
0.169656,-0.596
0.16966,-0.596
0.169664,-0.5215
0.169668,-0.5215
0.169672,-0.5215
0.169676,-0.596
0.16968,-0.5215
0.169684,-0.5215
0.169688,-0.5215
0.169692,-0.5215
0.169696,-0.5215
0.1697,-0.596
0.169704,-0.5215
0.169708,-0.5215
0.169712,-0.5215
0.169716,-0.5215
0.16972,-0.5215
0.169724,-0.5215
0.169728,-0.5215
0.169732,-0.5215
0.169736,-0.5215
0.16974,-0.5215
0.169744,-0.5215
0.169748,-0.5215
0.169752,-0.5215
0.169756,-0.5215
0.16976,-0.5215
0.169764,-0.5215
0.169768,-0.5215
0.169772,-0.5215
0.169776,-0.5215
0.16978,-0.5215
0.169784,-0.5215
0.169788,-0.5215
0.169792,-0.5215
0.169796,-0.5215
0.1698,-0.44699999999999995
0.169804,-0.5215
0.169808,-0.5215
0.169812,-0.596
0.169816,-0.596
0.16982,-0.5215
0.169824,-0.5215
0.169828,-0.5215
0.169832,-0.5215
0.169836,-0.5215
0.16984,-0.5215
0.169844,-0.5215
0.169848,-0.44699999999999995
0.169852,-0.5215
0.169856,-0.5215
0.16986,-0.5215
0.169864,-0.5215
0.169868,-0.5215
0.169872,-0.596
0.169876,-0.596
0.16988,-0.596
0.169884,-0.5215
0.169888,-0.596
0.169892,-0.5215
0.169896,-0.5215
0.1699,-0.5215
0.169904,-0.5215
0.169908,-0.5215
0.169912,-0.5215
0.169916,-0.5215
0.16992,-0.5215
0.169924,-0.5215
0.169928,-0.5215
0.169932,-0.596
0.169936,-0.5215
0.16994,-0.5215
0.169944,-0.5215
0.169948,-0.5215
0.169952,-0.5215
0.169956,-0.5215
0.16996,-0.44699999999999995
0.169964,-0.5215
0.169968,-0.5215
0.169972,-0.5215
0.169976,-0.5215
0.16998,-0.5215
0.169984,-0.5215
0.169988,-0.5215
0.169992,-0.5215
0.169996,-0.5215
0.17,-0.5215
0.170004,-0.5215
0.170008,-0.5215
0.170012,-0.5215
0.170016,-0.5215
0.17002,-0.5215
0.170024,-0.596
0.170028,-0.5215
0.170032,-0.596
0.170036,-0.5215
0.17004,-0.5215
0.170044,-0.5215
0.170048,-0.5215
0.170052,-0.5215
0.170056,-0.5215
0.17006,-0.5215
0.170064,-0.5215
0.170068,-0.5215
0.170072,-0.5215
0.170076,-0.5215
0.17008,-0.5215
0.170084,-0.5215
0.170088,-0.5215
0.170092,-0.5215
0.170096,-0.5215
0.1701,-0.5215
0.170104,-0.5215
0.170108,-0.5215
0.170112,-0.5215
0.170116,-0.5215
0.17012,-0.5215
0.170124,-0.5215
0.170128,-0.5215
0.170132,-0.5215
0.170136,-0.5215
0.17014,-0.5215
0.170144,-0.5215
0.170148,-0.5215
0.170152,-0.5215
0.170156,-0.5215
0.17016,-0.5215
0.170164,-0.5215
0.170168,-0.5215
0.170172,-0.5215
0.170176,-0.5215
0.17018,-0.5215
0.170184,-0.5215
0.170188,-0.5215
0.170192,-0.5215
0.170196,-0.5215
0.1702,-0.5215
0.170204,-0.5215
0.170208,-0.5215
0.170212,-0.5215
0.170216,-0.596
0.17022,-0.5215
0.170224,-0.5215
0.170228,-0.5215
0.170232,-0.5215
0.170236,-0.5215
0.17024,-0.5215
0.170244,-0.5215
0.170248,-0.5215
0.170252,-0.5215
0.170256,-0.5215
0.17026,-0.5215
0.170264,-0.5215
0.170268,-0.5215
0.170272,-0.5215
0.170276,-0.5215
0.17028,-0.5215
0.170284,-0.5215
0.170288,-0.5215
0.170292,-0.5215
0.170296,-0.5215
0.1703,-0.5215
0.170304,-0.5215
0.170308,-0.5215
0.170312,-0.596
0.170316,-0.5215
0.17032,-0.5215
0.170324,-0.5215
0.170328,-0.596
0.170332,-0.5215
0.170336,-0.5215
0.17034,-0.596
0.170344,-0.5215
0.170348,-0.5215
0.170352,-0.5215
0.170356,-0.5215
0.17036,-0.5215
0.170364,-0.5215
0.170368,-0.5215
0.170372,-0.5215
0.170376,-0.5215
0.17038,-0.596
0.170384,-0.5215
0.170388,-0.5215
0.170392,-0.5215
0.170396,-0.5215
0.1704,-0.5215
0.170404,-0.5215
0.170408,-0.596
0.170412,-0.5215
0.170416,-0.5215
0.17042,-0.5215
0.170424,-0.5215
0.170428,-0.5215
0.170432,-0.5215
0.170436,-0.596
0.17044,-0.5215
0.170444,-0.5215
0.170448,-0.596
0.170452,-0.5215
0.170456,-0.5215
0.17046,-0.5215
0.170464,-0.5215
0.170468,-0.596
0.170472,-0.5215
0.170476,-0.5215
0.17048,-0.5215
0.170484,-0.5215
0.170488,-0.5215
0.170492,-0.5215
0.170496,-0.5215
0.1705,-0.5215
0.170504,-0.5215
0.170508,-0.596
0.170512,-0.5215
0.170516,-0.5215
0.17052,-0.5215
0.170524,-0.596
0.170528,-0.596
0.170532,-0.5215
0.170536,-0.5215
0.17054,-0.5215
0.170544,-0.596
0.170548,-0.5215
0.170552,-0.5215
0.170556,-0.5215
0.17056,-0.5215
0.170564,-0.5215
0.170568,-0.596
0.170572,-0.596
0.170576,-0.5215
0.17058,-0.596
0.170584,-0.5215
0.170588,-0.5215
0.170592,-0.5215
0.170596,-0.5215
0.1706,-0.596
0.170604,-0.5215
0.170608,-0.5215
0.170612,-0.5215
0.170616,-0.5215
0.17062,-0.5215
0.170624,-0.596
0.170628,-0.5215
0.170632,-0.5215
0.170636,-0.596
0.17064,-0.5215
0.170644,-0.5215
0.170648,-0.5215
0.170652,-0.5215
0.170656,-0.5215
0.17066,-0.5215
0.170664,-0.596
0.170668,-0.5215
0.170672,-0.5215
0.170676,-0.5215
0.17068,-0.5215
0.170684,-0.5215
0.170688,-0.596
0.170692,-0.5215
0.170696,-0.5215
0.1707,-0.5215
0.170704,-0.5215
0.170708,-0.5215
0.170712,-0.5215
0.170716,-0.5215
0.17072,-0.5215
0.170724,-0.5215
0.170728,-0.5215
0.170732,-0.5215
0.170736,-0.5215
0.17074,-0.5215
0.170744,-0.5215
0.170748,-0.5215
0.170752,-0.5215
0.170756,-0.5215
0.17076,-0.5215
0.170764,-0.5215
0.170768,-0.5215
0.170772,-0.596
0.170776,-0.5215
0.17078,-0.5215
0.170784,-0.5215
0.170788,-0.5215
0.170792,-0.596
0.170796,-0.5215
0.1708,-0.5215
0.170804,-0.5215
0.170808,-0.596
0.170812,-0.5215
0.170816,-0.5215
0.17082,-0.5215
0.170824,-0.5215
0.170828,-0.5215
0.170832,-0.596
0.170836,-0.5215
0.17084,-0.5215
0.170844,-0.5215
0.170848,-0.5215
0.170852,-0.5215
0.170856,-0.5215
0.17086,-0.5215
0.170864,-0.5215
0.170868,-0.5215
0.170872,-0.5215
0.170876,-0.596
0.17088,-0.5215
0.170884,-0.5215
0.170888,-0.5215
0.170892,-0.5215
0.170896,-0.596
0.1709,-0.5215
0.170904,-0.596
0.170908,-0.5215
0.170912,-0.5215
0.170916,-0.5215
0.17092,-0.5215
0.170924,-0.5215
0.170928,-0.5215
0.170932,-0.5215
0.170936,-0.5215
0.17094,-0.596
0.170944,-0.596
0.170948,-0.5215
0.170952,-0.5215
0.170956,-0.5215
0.17096,-0.5215
0.170964,-0.5215
0.170968,-0.5215
0.170972,-0.5215
0.170976,-0.5215
0.17098,-0.5215
0.170984,-0.5215
0.170988,-0.5215
0.170992,-0.5215
0.170996,-0.5215
0.171,-0.596
0.171004,-0.5215
0.171008,-0.5215
0.171012,-0.596
0.171016,-0.5215
0.17102,-0.5215
0.171024,-0.5215
0.171028,-0.596
0.171032,-0.5215
0.171036,-0.5215
0.17104,-0.5215
0.171044,-0.596
0.171048,-0.596
0.171052,-0.5215
0.171056,-0.5215
0.17106,-0.596
0.171064,-0.5215
0.171068,-0.5215
0.171072,-0.5215
0.171076,-0.5215
0.17108,-0.5215
0.171084,-0.5215
0.171088,-0.5215
0.171092,-0.5215
0.171096,-0.5215
0.1711,-0.5215
0.171104,-0.5215
0.171108,-0.5215
0.171112,-0.5215
0.171116,-0.5215
0.17112,-0.5215
0.171124,-0.5215
0.171128,-0.5215
0.171132,-0.5215
0.171136,-0.5215
0.17114,-0.5215
0.171144,-0.5215
0.171148,-0.5215
0.171152,-0.5215
0.171156,-0.5215
0.17116,-0.5215
0.171164,-0.5215
0.171168,-0.5215
0.171172,-0.5215
0.171176,-0.5215
0.17118,-0.596
0.171184,-0.5215
0.171188,-0.5215
0.171192,-0.5215
0.171196,-0.596
0.1712,-0.5215
0.171204,-0.596
0.171208,-0.5215
0.171212,-0.5215
0.171216,-0.5215
0.17122,-0.596
0.171224,-0.5215
0.171228,-0.5215
0.171232,-0.5215
0.171236,-0.5215
0.17124,-0.596
0.171244,-0.5215
0.171248,-0.5215
0.171252,-0.5215
0.171256,-0.5215
0.17126,-0.5215
0.171264,-0.596
0.171268,-0.596
0.171272,-0.5215
0.171276,-0.5215
0.17128,-0.596
0.171284,-0.5215
0.171288,-0.5215
0.171292,-0.5215
0.171296,-0.5215
0.1713,-0.5215
0.171304,-0.596
0.171308,-0.596
0.171312,-0.5215
0.171316,-0.5215
0.17132,-0.5215
0.171324,-0.5215
0.171328,-0.596
0.171332,-0.5215
0.171336,-0.5215
0.17134,-0.5215
0.171344,-0.5215
0.171348,-0.5215
0.171352,-0.5215
0.171356,-0.596
0.17136,-0.5215
0.171364,-0.596
0.171368,-0.5215
0.171372,-0.5215
0.171376,-0.5215
0.17138,-0.596
0.171384,-0.5215
0.171388,-0.5215
0.171392,-0.5215
0.171396,-0.5215
0.1714,-0.5215
0.171404,-0.596
0.171408,-0.596
0.171412,-0.5215
0.171416,-0.5215
0.17142,-0.5215
0.171424,-0.5215
0.171428,-0.596
0.171432,-0.596
0.171436,-0.596
0.17144,-0.596
0.171444,-0.5215
0.171448,-0.5215
0.171452,-0.596
0.171456,-0.596
0.17146,-0.5215
0.171464,-0.5215
0.171468,-0.5215
0.171472,-0.5215
0.171476,-0.5215
0.17148,-0.596
0.171484,-0.596
0.171488,-0.5215
0.171492,-0.5215
0.171496,-0.596
0.1715,-0.5215
0.171504,-0.5215
0.171508,-0.596
0.171512,-0.596
0.171516,-0.5215
0.17152,-0.5215
0.171524,-0.5215
0.171528,-0.596
0.171532,-0.596
0.171536,-0.5215
0.17154,-0.5215
0.171544,-0.5215
0.171548,-0.596
0.171552,-0.5215
0.171556,-0.5215
0.17156,-0.5215
0.171564,-0.5215
0.171568,-0.5215
0.171572,-0.596
0.171576,-0.596
0.17158,-0.5215
0.171584,-0.5215
0.171588,-0.5215
0.171592,-0.596
0.171596,-0.5215
0.1716,-0.5215
0.171604,-0.5215
0.171608,-0.5215
0.171612,-0.5215
0.171616,-0.596
0.17162,-0.5215
0.171624,-0.5215
0.171628,-0.5215
0.171632,-0.5215
0.171636,-0.5215
0.17164,-0.5215
0.171644,-0.5215
0.171648,-0.5215
0.171652,-0.596
0.171656,-0.5215
0.17166,-0.5215
0.171664,-0.5215
0.171668,-0.5215
0.171672,-0.5215
0.171676,-0.5215
0.17168,-0.596
0.171684,-0.596
0.171688,-0.5215
0.171692,-0.596
0.171696,-0.596
0.1717,-0.596
0.171704,-0.596
0.171708,-0.5215
0.171712,-0.5215
0.171716,-0.5215
0.17172,-0.5215
0.171724,-0.5215
0.171728,-0.5215
0.171732,-0.5215
0.171736,-0.5215
0.17174,-0.5215
0.171744,-0.5215
0.171748,-0.5215
0.171752,-0.5215
0.171756,-0.596
0.17176,-0.5215
0.171764,-0.5215
0.171768,-0.5215
0.171772,-0.5215
0.171776,-0.5215
0.17178,-0.596
0.171784,-0.5215
0.171788,-0.5215
0.171792,-0.596
0.171796,-0.5215
0.1718,-0.5215
0.171804,-0.5215
0.171808,-0.5215
0.171812,-0.5215
0.171816,-0.5215
0.17182,-0.5215
0.171824,-0.5215
0.171828,-0.5215
0.171832,-0.596
0.171836,-0.596
0.17184,-0.5215
0.171844,-0.5215
0.171848,-0.5215
0.171852,-0.596
0.171856,-0.596
0.17186,-0.596
0.171864,-0.596
0.171868,-0.596
0.171872,-0.596
0.171876,-0.596
0.17188,-0.596
0.171884,-0.596
0.171888,-0.5215
0.171892,-0.5215
0.171896,-0.596
0.1719,-0.596
0.171904,-0.5215
0.171908,-0.5215
0.171912,-0.596
0.171916,-0.5215
0.17192,-0.596
0.171924,-0.5215
0.171928,-0.596
0.171932,-0.5215
0.171936,-0.596
0.17194,-0.5215
0.171944,-0.596
0.171948,-0.5215
0.171952,-0.5215
0.171956,-0.5215
0.17196,-0.596
0.171964,-0.5215
0.171968,-0.596
0.171972,-0.596
0.171976,-0.596
0.17198,-0.596
0.171984,-0.596
0.171988,-0.5215
0.171992,-0.5215
0.171996,-0.5215
0.172,-0.596
0.172004,-0.5215
0.172008,-0.5215
0.172012,-0.596
0.172016,-0.596
0.17202,-0.5215
0.172024,-0.596
0.172028,-0.596
0.172032,-0.596
0.172036,-0.5215
0.17204,-0.5215
0.172044,-0.596
0.172048,-0.596
0.172052,-0.596
0.172056,-0.596
0.17206,-0.5215
0.172064,-0.596
0.172068,-0.596
0.172072,-0.5215
0.172076,-0.596
0.17208,-0.596
0.172084,-0.596
0.172088,-0.596
0.172092,-0.596
0.172096,-0.5215
0.1721,-0.596
0.172104,-0.5215
0.172108,-0.5215
0.172112,-0.596
0.172116,-0.596
0.17212,-0.596
0.172124,-0.5215
0.172128,-0.596
0.172132,-0.596
0.172136,-0.596
0.17214,-0.596
0.172144,-0.596
0.172148,-0.596
0.172152,-0.596
0.172156,-0.596
0.17216,-0.5215
0.172164,-0.596
0.172168,-0.5215
0.172172,-0.596
0.172176,-0.596
0.17218,-0.596
0.172184,-0.596
0.172188,-0.596
0.172192,-0.596
0.172196,-0.596
0.1722,-0.6705
0.172204,-0.596
0.172208,-0.596
0.172212,-0.596
0.172216,-0.596
0.17222,-0.596
0.172224,-0.596
0.172228,-0.596
0.172232,-0.5215
0.172236,-0.596
0.17224,-0.596
0.172244,-0.596
0.172248,-0.596
0.172252,-0.596
0.172256,-0.5215
0.17226,-0.596
0.172264,-0.596
0.172268,-0.596
0.172272,-0.596
0.172276,-0.596
0.17228,-0.596
0.172284,-0.596
0.172288,-0.596
0.172292,-0.596
0.172296,-0.596
0.1723,-0.596
0.172304,-0.596
0.172308,-0.5215
0.172312,-0.596
0.172316,-0.596
0.17232,-0.596
0.172324,-0.596
0.172328,-0.596
0.172332,-0.596
0.172336,-0.596
0.17234,-0.5215
0.172344,-0.5215
0.172348,-0.596
0.172352,-0.596
0.172356,-0.5215
0.17236,-0.596
0.172364,-0.596
0.172368,-0.5215
0.172372,-0.6705
0.172376,-0.596
0.17238,-0.596
0.172384,-0.596
0.172388,-0.596
0.172392,-0.596
0.172396,-0.596
0.1724,-0.596
0.172404,-0.596
0.172408,-0.596
0.172412,-0.596
0.172416,-0.596
0.17242,-0.5215
0.172424,-0.5215
0.172428,-0.596
0.172432,-0.596
0.172436,-0.596
0.17244,-0.596
0.172444,-0.596
0.172448,-0.596
0.172452,-0.596
0.172456,-0.5215
0.17246,-0.596
0.172464,-0.596
0.172468,-0.596
0.172472,-0.596
0.172476,-0.596
0.17248,-0.596
0.172484,-0.5215
0.172488,-0.596
0.172492,-0.596
0.172496,-0.596
0.1725,-0.596
0.172504,-0.596
0.172508,-0.596
0.172512,-0.5215
0.172516,-0.5215
0.17252,-0.596
0.172524,-0.596
0.172528,-0.596
0.172532,-0.596
0.172536,-0.596
0.17254,-0.596
0.172544,-0.596
0.172548,-0.596
0.172552,-0.596
0.172556,-0.596
0.17256,-0.596
0.172564,-0.596
0.172568,-0.596
0.172572,-0.596
0.172576,-0.596
0.17258,-0.596
0.172584,-0.596
0.172588,-0.596
0.172592,-0.596
0.172596,-0.596
0.1726,-0.596
0.172604,-0.5215
0.172608,-0.596
0.172612,-0.596
0.172616,-0.596
0.17262,-0.596
0.172624,-0.596
0.172628,-0.5215
0.172632,-0.596
0.172636,-0.596
0.17264,-0.596
0.172644,-0.596
0.172648,-0.596
0.172652,-0.596
0.172656,-0.596
0.17266,-0.596
0.172664,-0.596
0.172668,-0.596
0.172672,-0.596
0.172676,-0.596
0.17268,-0.596
0.172684,-0.596
0.172688,-0.596
0.172692,-0.596
0.172696,-0.596
0.1727,-0.596
0.172704,-0.596
0.172708,-0.596
0.172712,-0.596
0.172716,-0.596
0.17272,-0.596
0.172724,-0.596
0.172728,-0.596
0.172732,-0.596
0.172736,-0.596
0.17274,-0.596
0.172744,-0.596
0.172748,-0.596
0.172752,-0.596
0.172756,-0.596
0.17276,-0.596
0.172764,-0.596
0.172768,-0.596
0.172772,-0.596
0.172776,-0.6705
0.17278,-0.596
0.172784,-0.596
0.172788,-0.5215
0.172792,-0.596
0.172796,-0.6705
0.1728,-0.596
0.172804,-0.596
0.172808,-0.596
0.172812,-0.596
0.172816,-0.596
0.17282,-0.596
0.172824,-0.596
0.172828,-0.596
0.172832,-0.596
0.172836,-0.596
0.17284,-0.596
0.172844,-0.596
0.172848,-0.596
0.172852,-0.596
0.172856,-0.596
0.17286,-0.596
0.172864,-0.596
0.172868,-0.596
0.172872,-0.596
0.172876,-0.596
0.17288,-0.596
0.172884,-0.596
0.172888,-0.596
0.172892,-0.596
0.172896,-0.596
0.1729,-0.596
0.172904,-0.596
0.172908,-0.6705
0.172912,-0.596
0.172916,-0.596
0.17292,-0.596
0.172924,-0.596
0.172928,-0.596
0.172932,-0.596
0.172936,-0.596
0.17294,-0.596
0.172944,-0.596
0.172948,-0.596
0.172952,-0.596
0.172956,-0.596
0.17296,-0.596
0.172964,-0.596
0.172968,-0.596
0.172972,-0.596
0.172976,-0.596
0.17298,-0.596
0.172984,-0.596
0.172988,-0.596
0.172992,-0.596
0.172996,-0.5215
0.173,-0.596
0.173004,-0.596
0.173008,-0.596
0.173012,-0.596
0.173016,-0.596
0.17302,-0.6705
0.173024,-0.6705
0.173028,-0.596
0.173032,-0.596
0.173036,-0.6705
0.17304,-0.596
0.173044,-0.596
0.173048,-0.596
0.173052,-0.596
0.173056,-0.596
0.17306,-0.596
0.173064,-0.596
0.173068,-0.596
0.173072,-0.596
0.173076,-0.596
0.17308,-0.5215
0.173084,-0.596
0.173088,-0.596
0.173092,-0.596
0.173096,-0.596
0.1731,-0.596
0.173104,-0.5215
0.173108,-0.596
0.173112,-0.596
0.173116,-0.6705
0.17312,-0.596
0.173124,-0.596
0.173128,-0.596
0.173132,-0.596
0.173136,-0.596
0.17314,-0.596
0.173144,-0.596
0.173148,-0.6705
0.173152,-0.596
0.173156,-0.596
0.17316,-0.596
0.173164,-0.596
0.173168,-0.596
0.173172,-0.596
0.173176,-0.596
0.17318,-0.596
0.173184,-0.596
0.173188,-0.596
0.173192,-0.596
0.173196,-0.6705
0.1732,-0.596
0.173204,-0.596
0.173208,-0.596
0.173212,-0.596
0.173216,-0.596
0.17322,-0.596
0.173224,-0.596
0.173228,-0.596
0.173232,-0.596
0.173236,-0.596
0.17324,-0.596
0.173244,-0.596
0.173248,-0.596
0.173252,-0.596
0.173256,-0.5215
0.17326,-0.596
0.173264,-0.596
0.173268,-0.596
0.173272,-0.596
0.173276,-0.596
0.17328,-0.596
0.173284,-0.596
0.173288,-0.596
0.173292,-0.596
0.173296,-0.596
0.1733,-0.596
0.173304,-0.596
0.173308,-0.596
0.173312,-0.596
0.173316,-0.6705
0.17332,-0.596
0.173324,-0.596
0.173328,-0.596
0.173332,-0.596
0.173336,-0.596
0.17334,-0.6705
0.173344,-0.596
0.173348,-0.596
0.173352,-0.596
0.173356,-0.596
0.17336,-0.596
0.173364,-0.596
0.173368,-0.6705
0.173372,-0.6705
0.173376,-0.596
0.17338,-0.596
0.173384,-0.596
0.173388,-0.596
0.173392,-0.596
0.173396,-0.596
0.1734,-0.596
0.173404,-0.596
0.173408,-0.596
0.173412,-0.596
0.173416,-0.596
0.17342,-0.596
0.173424,-0.596
0.173428,-0.596
0.173432,-0.596
0.173436,-0.596
0.17344,-0.596
0.173444,-0.596
0.173448,-0.6705
0.173452,-0.596
0.173456,-0.596
0.17346,-0.596
0.173464,-0.596
0.173468,-0.596
0.173472,-0.596
0.173476,-0.596
0.17348,-0.596
0.173484,-0.596
0.173488,-0.596
0.173492,-0.596
0.173496,-0.596
0.1735,-0.596
0.173504,-0.596
0.173508,-0.596
0.173512,-0.596
0.173516,-0.6705
0.17352,-0.596
0.173524,-0.596
0.173528,-0.596
0.173532,-0.596
0.173536,-0.596
0.17354,-0.596
0.173544,-0.596
0.173548,-0.596
0.173552,-0.596
0.173556,-0.596
0.17356,-0.596
0.173564,-0.596
0.173568,-0.596
0.173572,-0.596
0.173576,-0.596
0.17358,-0.596
0.173584,-0.596
0.173588,-0.596
0.173592,-0.596
0.173596,-0.6705
0.1736,-0.596
0.173604,-0.596
0.173608,-0.596
0.173612,-0.596
0.173616,-0.596
0.17362,-0.596
0.173624,-0.596
0.173628,-0.596
0.173632,-0.596
0.173636,-0.596
0.17364,-0.596
0.173644,-0.596
0.173648,-0.6705
0.173652,-0.596
0.173656,-0.596
0.17366,-0.596
0.173664,-0.6705
0.173668,-0.596
0.173672,-0.596
0.173676,-0.5215
0.17368,-0.596
0.173684,-0.596
0.173688,-0.596
0.173692,-0.596
0.173696,-0.596
0.1737,-0.596
0.173704,-0.596
0.173708,-0.596
0.173712,-0.596
0.173716,-0.596
0.17372,-0.6705
0.173724,-0.596
0.173728,-0.596
0.173732,-0.596
0.173736,-0.596
0.17374,-0.596
0.173744,-0.596
0.173748,-0.6705
0.173752,-0.596
0.173756,-0.596
0.17376,-0.596
0.173764,-0.596
0.173768,-0.596
0.173772,-0.596
0.173776,-0.596
0.17378,-0.596
0.173784,-0.596
0.173788,-0.596
0.173792,-0.596
0.173796,-0.596
0.1738,-0.596
0.173804,-0.6705
0.173808,-0.596
0.173812,-0.596
0.173816,-0.596
0.17382,-0.596
0.173824,-0.596
0.173828,-0.596
0.173832,-0.596
0.173836,-0.5215
0.17384,-0.596
0.173844,-0.596
0.173848,-0.596
0.173852,-0.596
0.173856,-0.596
0.17386,-0.596
0.173864,-0.596
0.173868,-0.596
0.173872,-0.596
0.173876,-0.596
0.17388,-0.596
0.173884,-0.596
0.173888,-0.6705
0.173892,-0.596
0.173896,-0.596
0.1739,-0.6705
0.173904,-0.6705
0.173908,-0.596
0.173912,-0.6705
0.173916,-0.596
0.17392,-0.596
0.173924,-0.596
0.173928,-0.596
0.173932,-0.596
0.173936,-0.596
0.17394,-0.596
0.173944,-0.596
0.173948,-0.596
0.173952,-0.596
0.173956,-0.596
0.17396,-0.596
0.173964,-0.596
0.173968,-0.596
0.173972,-0.596
0.173976,-0.596
0.17398,-0.6705
0.173984,-0.6705
0.173988,-0.596
0.173992,-0.596
0.173996,-0.596
0.174,-0.596
0.174004,-0.596
0.174008,-0.596
0.174012,-0.596
0.174016,-0.596
0.17402,-0.596
0.174024,-0.596
0.174028,-0.596
0.174032,-0.596
0.174036,-0.596
0.17404,-0.6705
0.174044,-0.6705
0.174048,-0.6705
0.174052,-0.596
0.174056,-0.596
0.17406,-0.596
0.174064,-0.596
0.174068,-0.596
0.174072,-0.596
0.174076,-0.596
0.17408,-0.596
0.174084,-0.596
0.174088,-0.596
0.174092,-0.5215
0.174096,-0.596
0.1741,-0.596
0.174104,-0.596
0.174108,-0.596
0.174112,-0.596
0.174116,-0.596
0.17412,-0.596
0.174124,-0.596
0.174128,-0.596
0.174132,-0.596
0.174136,-0.596
0.17414,-0.596
0.174144,-0.596
0.174148,-0.596
0.174152,-0.596
0.174156,-0.596
0.17416,-0.596
0.174164,-0.596
0.174168,-0.596
0.174172,-0.596
0.174176,-0.596
0.17418,-0.596
0.174184,-0.596
0.174188,-0.596
0.174192,-0.596
0.174196,-0.596
0.1742,-0.596
0.174204,-0.596
0.174208,-0.596
0.174212,-0.596
0.174216,-0.596
0.17422,-0.596
0.174224,-0.6705
0.174228,-0.596
0.174232,-0.6705
0.174236,-0.596
0.17424,-0.6705
0.174244,-0.596
0.174248,-0.596
0.174252,-0.596
0.174256,-0.596
0.17426,-0.596
0.174264,-0.596
0.174268,-0.596
0.174272,-0.596
0.174276,-0.596
0.17428,-0.596
0.174284,-0.596
0.174288,-0.596
0.174292,-0.596
0.174296,-0.6705
0.1743,-0.596
0.174304,-0.596
0.174308,-0.596
0.174312,-0.596
0.174316,-0.596
0.17432,-0.596
0.174324,-0.596
0.174328,-0.596
0.174332,-0.596
0.174336,-0.596
0.17434,-0.596
0.174344,-0.596
0.174348,-0.596
0.174352,-0.596
0.174356,-0.596
0.17436,-0.6705
0.174364,-0.596
0.174368,-0.596
0.174372,-0.6705
0.174376,-0.6705
0.17438,-0.596
0.174384,-0.596
0.174388,-0.596
0.174392,-0.6705
0.174396,-0.596
0.1744,-0.596
0.174404,-0.596
0.174408,-0.596
0.174412,-0.6705
0.174416,-0.596
0.17442,-0.596
0.174424,-0.596
0.174428,-0.596
0.174432,-0.6705
0.174436,-0.596
0.17444,-0.596
0.174444,-0.596
0.174448,-0.596
0.174452,-0.596
0.174456,-0.6705
0.17446,-0.596
0.174464,-0.596
0.174468,-0.596
0.174472,-0.596
0.174476,-0.596
0.17448,-0.596
0.174484,-0.596
0.174488,-0.596
0.174492,-0.596
0.174496,-0.596
0.1745,-0.596
0.174504,-0.596
0.174508,-0.596
0.174512,-0.596
0.174516,-0.6705
0.17452,-0.596
0.174524,-0.596
0.174528,-0.6705
0.174532,-0.596
0.174536,-0.596
0.17454,-0.596
0.174544,-0.596
0.174548,-0.596
0.174552,-0.596
0.174556,-0.596
0.17456,-0.596
0.174564,-0.6705
0.174568,-0.596
0.174572,-0.596
0.174576,-0.596
0.17458,-0.6705
0.174584,-0.596
0.174588,-0.596
0.174592,-0.596
0.174596,-0.596
0.1746,-0.596
0.174604,-0.596
0.174608,-0.596
0.174612,-0.596
0.174616,-0.596
0.17462,-0.596
0.174624,-0.596
0.174628,-0.596
0.174632,-0.596
0.174636,-0.6705
0.17464,-0.596
0.174644,-0.596
0.174648,-0.596
0.174652,-0.596
0.174656,-0.596
0.17466,-0.596
0.174664,-0.596
0.174668,-0.596
0.174672,-0.596
0.174676,-0.596
0.17468,-0.596
0.174684,-0.596
0.174688,-0.596
0.174692,-0.596
0.174696,-0.596
0.1747,-0.6705
0.174704,-0.6705
0.174708,-0.596
0.174712,-0.596
0.174716,-0.596
0.17472,-0.596
0.174724,-0.596
0.174728,-0.596
0.174732,-0.6705
0.174736,-0.596
0.17474,-0.596
0.174744,-0.596
0.174748,-0.596
0.174752,-0.596
0.174756,-0.596
0.17476,-0.596
0.174764,-0.596
0.174768,-0.596
0.174772,-0.596
0.174776,-0.596
0.17478,-0.596
0.174784,-0.596
0.174788,-0.596
0.174792,-0.596
0.174796,-0.596
0.1748,-0.596
0.174804,-0.596
0.174808,-0.596
0.174812,-0.596
0.174816,-0.596
0.17482,-0.596
0.174824,-0.596
0.174828,-0.596
0.174832,-0.596
0.174836,-0.6705
0.17484,-0.6705
0.174844,-0.596
0.174848,-0.596
0.174852,-0.596
0.174856,-0.596
0.17486,-0.596
0.174864,-0.596
0.174868,-0.596
0.174872,-0.6705
0.174876,-0.596
0.17488,-0.6705
0.174884,-0.596
0.174888,-0.596
0.174892,-0.596
0.174896,-0.596
0.1749,-0.6705
0.174904,-0.596
0.174908,-0.596
0.174912,-0.6705
0.174916,-0.6705
0.17492,-0.596
0.174924,-0.6705
0.174928,-0.6705
0.174932,-0.596
0.174936,-0.6705
0.17494,-0.6705
0.174944,-0.596
0.174948,-0.596
0.174952,-0.596
0.174956,-0.596
0.17496,-0.596
0.174964,-0.596
0.174968,-0.596
0.174972,-0.6705
0.174976,-0.596
0.17498,-0.596
0.174984,-0.6705
0.174988,-0.596
0.174992,-0.6705
0.174996,-0.596
0.175,-0.596
0.175004,-0.6705
0.175008,-0.596
0.175012,-0.6705
0.175016,-0.596
0.17502,-0.6705
0.175024,-0.596
0.175028,-0.596
0.175032,-0.6705
0.175036,-0.596
0.17504,-0.6705
0.175044,-0.6705
0.175048,-0.596
0.175052,-0.596
0.175056,-0.6705
0.17506,-0.6705
0.175064,-0.6705
0.175068,-0.596
0.175072,-0.6705
0.175076,-0.6705
0.17508,-0.6705
0.175084,-0.6705
0.175088,-0.596
0.175092,-0.6705
0.175096,-0.596
0.1751,-0.6705
0.175104,-0.596
0.175108,-0.596
0.175112,-0.6705
0.175116,-0.6705
0.17512,-0.6705
0.175124,-0.596
0.175128,-0.596
0.175132,-0.596
0.175136,-0.596
0.17514,-0.596
0.175144,-0.6705
0.175148,-0.596
0.175152,-0.6705
0.175156,-0.596
0.17516,-0.596
0.175164,-0.6705
0.175168,-0.596
0.175172,-0.596
0.175176,-0.596
0.17518,-0.596
0.175184,-0.6705
0.175188,-0.596
0.175192,-0.6705
0.175196,-0.596
0.1752,-0.596
0.175204,-0.6705
0.175208,-0.596
0.175212,-0.596
0.175216,-0.6705
0.17522,-0.596
0.175224,-0.596
0.175228,-0.6705
0.175232,-0.596
0.175236,-0.596
0.17524,-0.596
0.175244,-0.6705
0.175248,-0.6705
0.175252,-0.596
0.175256,-0.6705
0.17526,-0.596
0.175264,-0.6705
0.175268,-0.596
0.175272,-0.6705
0.175276,-0.596
0.17528,-0.6705
0.175284,-0.6705
0.175288,-0.6705
0.175292,-0.6705
0.175296,-0.6705
0.1753,-0.6705
0.175304,-0.6705
0.175308,-0.6705
0.175312,-0.6705
0.175316,-0.596
0.17532,-0.6705
0.175324,-0.596
0.175328,-0.6705
0.175332,-0.596
0.175336,-0.596
0.17534,-0.596
0.175344,-0.596
0.175348,-0.596
0.175352,-0.6705
0.175356,-0.596
0.17536,-0.596
0.175364,-0.6705
0.175368,-0.6705
0.175372,-0.6705
0.175376,-0.596
0.17538,-0.6705
0.175384,-0.6705
0.175388,-0.6705
0.175392,-0.6705
0.175396,-0.6705
0.1754,-0.6705
0.175404,-0.6705
0.175408,-0.596
0.175412,-0.6705
0.175416,-0.596
0.17542,-0.596
0.175424,-0.6705
0.175428,-0.6705
0.175432,-0.596
0.175436,-0.6705
0.17544,-0.596
0.175444,-0.596
0.175448,-0.6705
0.175452,-0.6705
0.175456,-0.6705
0.17546,-0.6705
0.175464,-0.6705
0.175468,-0.6705
0.175472,-0.6705
0.175476,-0.596
0.17548,-0.6705
0.175484,-0.596
0.175488,-0.6705
0.175492,-0.6705
0.175496,-0.596
0.1755,-0.6705
0.175504,-0.6705
0.175508,-0.596
0.175512,-0.6705
0.175516,-0.6705
0.17552,-0.596
0.175524,-0.6705
0.175528,-0.596
0.175532,-0.596
0.175536,-0.6705
0.17554,-0.6705
0.175544,-0.596
0.175548,-0.596
0.175552,-0.6705
0.175556,-0.6705
0.17556,-0.6705
0.175564,-0.6705
0.175568,-0.6705
0.175572,-0.6705
0.175576,-0.6705
0.17558,-0.596
0.175584,-0.6705
0.175588,-0.6705
0.175592,-0.596
0.175596,-0.6705
0.1756,-0.596
0.175604,-0.6705
0.175608,-0.596
0.175612,-0.6705
0.175616,-0.6705
0.17562,-0.596
0.175624,-0.596
0.175628,-0.596
0.175632,-0.6705
0.175636,-0.596
0.17564,-0.6705
0.175644,-0.6705
0.175648,-0.6705
0.175652,-0.6705
0.175656,-0.6705
0.17566,-0.596
0.175664,-0.6705
0.175668,-0.6705
0.175672,-0.6705
0.175676,-0.6705
0.17568,-0.6705
0.175684,-0.596
0.175688,-0.6705
0.175692,-0.596
0.175696,-0.596
0.1757,-0.6705
0.175704,-0.596
0.175708,-0.6705
0.175712,-0.6705
0.175716,-0.596
0.17572,-0.6705
0.175724,-0.6705
0.175728,-0.6705
0.175732,-0.596
0.175736,-0.6705
0.17574,-0.6705
0.175744,-0.596
0.175748,-0.6705
0.175752,-0.6705
0.175756,-0.6705
0.17576,-0.6705
0.175764,-0.6705
0.175768,-0.6705
0.175772,-0.596
0.175776,-0.6705
0.17578,-0.6705
0.175784,-0.6705
0.175788,-0.596
0.175792,-0.596
0.175796,-0.596
0.1758,-0.596
0.175804,-0.596
0.175808,-0.6705
0.175812,-0.6705
0.175816,-0.596
0.17582,-0.6705
0.175824,-0.596
0.175828,-0.6705
0.175832,-0.6705
0.175836,-0.6705
0.17584,-0.596
0.175844,-0.6705
0.175848,-0.6705
0.175852,-0.6705
0.175856,-0.6705
0.17586,-0.6705
0.175864,-0.596
0.175868,-0.6705
0.175872,-0.596
0.175876,-0.596
0.17588,-0.6705
0.175884,-0.596
0.175888,-0.6705
0.175892,-0.6705
0.175896,-0.6705
0.1759,-0.596
0.175904,-0.6705
0.175908,-0.6705
0.175912,-0.596
0.175916,-0.6705
0.17592,-0.596
0.175924,-0.6705
0.175928,-0.6705
0.175932,-0.596
0.175936,-0.6705
0.17594,-0.6705
0.175944,-0.6705
0.175948,-0.6705
0.175952,-0.6705
0.175956,-0.6705
0.17596,-0.596
0.175964,-0.6705
0.175968,-0.6705
0.175972,-0.6705
0.175976,-0.6705
0.17598,-0.596
0.175984,-0.6705
0.175988,-0.6705
0.175992,-0.6705
0.175996,-0.6705
0.176,-0.6705
0.176004,-0.6705
0.176008,-0.6705
0.176012,-0.6705
0.176016,-0.6705
0.17602,-0.6705
0.176024,-0.6705
0.176028,-0.6705
0.176032,-0.6705
0.176036,-0.6705
0.17604,-0.6705
0.176044,-0.6705
0.176048,-0.6705
0.176052,-0.6705
0.176056,-0.596
0.17606,-0.6705
0.176064,-0.6705
0.176068,-0.6705
0.176072,-0.6705
0.176076,-0.6705
0.17608,-0.596
0.176084,-0.6705
0.176088,-0.6705
0.176092,-0.6705
0.176096,-0.6705
0.1761,-0.6705
0.176104,-0.6705
0.176108,-0.6705
0.176112,-0.596
0.176116,-0.6705
0.17612,-0.596
0.176124,-0.6705
0.176128,-0.6705
0.176132,-0.6705
0.176136,-0.6705
0.17614,-0.596
0.176144,-0.6705
0.176148,-0.6705
0.176152,-0.596
0.176156,-0.6705
0.17616,-0.6705
0.176164,-0.6705
0.176168,-0.6705
0.176172,-0.6705
0.176176,-0.6705
0.17618,-0.6705
0.176184,-0.6705
0.176188,-0.6705
0.176192,-0.6705
0.176196,-0.6705
0.1762,-0.6705
0.176204,-0.6705
0.176208,-0.6705
0.176212,-0.6705
0.176216,-0.6705
0.17622,-0.6705
0.176224,-0.6705
0.176228,-0.6705
0.176232,-0.6705
0.176236,-0.596
0.17624,-0.6705
0.176244,-0.6705
0.176248,-0.6705
0.176252,-0.596
0.176256,-0.6705
0.17626,-0.6705
0.176264,-0.6705
0.176268,-0.6705
0.176272,-0.6705
0.176276,-0.6705
0.17628,-0.6705
0.176284,-0.6705
0.176288,-0.6705
0.176292,-0.6705
0.176296,-0.6705
0.1763,-0.6705
0.176304,-0.6705
0.176308,-0.6705
0.176312,-0.6705
0.176316,-0.6705
0.17632,-0.6705
0.176324,-0.6705
0.176328,-0.6705
0.176332,-0.6705
0.176336,-0.6705
0.17634,-0.6705
0.176344,-0.6705
0.176348,-0.6705
0.176352,-0.6705
0.176356,-0.6705
0.17636,-0.596
0.176364,-0.6705
0.176368,-0.6705
0.176372,-0.6705
0.176376,-0.6705
0.17638,-0.6705
0.176384,-0.596
0.176388,-0.6705
0.176392,-0.6705
0.176396,-0.6705
0.1764,-0.6705
0.176404,-0.6705
0.176408,-0.6705
0.176412,-0.6705
0.176416,-0.6705
0.17642,-0.6705
0.176424,-0.6705
0.176428,-0.6705
0.176432,-0.6705
0.176436,-0.6705
0.17644,-0.6705
0.176444,-0.6705
0.176448,-0.6705
0.176452,-0.6705
0.176456,-0.6705
0.17646,-0.6705
0.176464,-0.6705
0.176468,-0.596
0.176472,-0.6705
0.176476,-0.6705
0.17648,-0.6705
0.176484,-0.6705
0.176488,-0.6705
0.176492,-0.6705
0.176496,-0.6705
0.1765,-0.6705
0.176504,-0.596
0.176508,-0.6705
0.176512,-0.6705
0.176516,-0.6705
0.17652,-0.6705
0.176524,-0.6705
0.176528,-0.6705
0.176532,-0.6705
0.176536,-0.6705
0.17654,-0.6705
0.176544,-0.6705
0.176548,-0.6705
0.176552,-0.6705
0.176556,-0.6705
0.17656,-0.6705
0.176564,-0.6705
0.176568,-0.6705
0.176572,-0.6705
0.176576,-0.6705
0.17658,-0.6705
0.176584,-0.6705
0.176588,-0.596
0.176592,-0.6705
0.176596,-0.6705
0.1766,-0.6705
0.176604,-0.6705
0.176608,-0.6705
0.176612,-0.6705
0.176616,-0.6705
0.17662,-0.6705
0.176624,-0.6705
0.176628,-0.6705
0.176632,-0.6705
0.176636,-0.6705
0.17664,-0.6705
0.176644,-0.6705
0.176648,-0.6705
0.176652,-0.6705
0.176656,-0.6705
0.17666,-0.6705
0.176664,-0.6705
0.176668,-0.6705
0.176672,-0.6705
0.176676,-0.6705
0.17668,-0.6705
0.176684,-0.6705
0.176688,-0.6705
0.176692,-0.6705
0.176696,-0.6705
0.1767,-0.6705
0.176704,-0.6705
0.176708,-0.6705
0.176712,-0.6705
0.176716,-0.6705
0.17672,-0.6705
0.176724,-0.6705
0.176728,-0.6705
0.176732,-0.6705
0.176736,-0.6705
0.17674,-0.6705
0.176744,-0.6705
0.176748,-0.6705
0.176752,-0.745
0.176756,-0.6705
0.17676,-0.6705
0.176764,-0.6705
0.176768,-0.6705
0.176772,-0.6705
0.176776,-0.745
0.17678,-0.6705
0.176784,-0.6705
0.176788,-0.6705
0.176792,-0.6705
0.176796,-0.6705
0.1768,-0.596
0.176804,-0.6705
0.176808,-0.6705
0.176812,-0.6705
0.176816,-0.6705
0.17682,-0.6705
0.176824,-0.596
0.176828,-0.6705
0.176832,-0.6705
0.176836,-0.6705
0.17684,-0.6705
0.176844,-0.6705
0.176848,-0.6705
0.176852,-0.6705
0.176856,-0.596
0.17686,-0.6705
0.176864,-0.6705
0.176868,-0.6705
0.176872,-0.6705
0.176876,-0.6705
0.17688,-0.6705
0.176884,-0.6705
0.176888,-0.6705
0.176892,-0.6705
0.176896,-0.6705
0.1769,-0.6705
0.176904,-0.6705
0.176908,-0.6705
0.176912,-0.6705
0.176916,-0.6705
0.17692,-0.6705
0.176924,-0.6705
0.176928,-0.6705
0.176932,-0.6705
0.176936,-0.6705
0.17694,-0.6705
0.176944,-0.6705
0.176948,-0.6705
0.176952,-0.6705
0.176956,-0.6705
0.17696,-0.596
0.176964,-0.6705
0.176968,-0.596
0.176972,-0.596
0.176976,-0.6705
0.17698,-0.6705
0.176984,-0.6705
0.176988,-0.6705
0.176992,-0.6705
0.176996,-0.6705
0.177,-0.6705
0.177004,-0.6705
0.177008,-0.6705
0.177012,-0.6705
0.177016,-0.6705
0.17702,-0.6705
0.177024,-0.6705
0.177028,-0.6705
0.177032,-0.6705
0.177036,-0.6705
0.17704,-0.6705
0.177044,-0.6705
0.177048,-0.6705
0.177052,-0.6705
0.177056,-0.6705
0.17706,-0.6705
0.177064,-0.6705
0.177068,-0.6705
0.177072,-0.6705
0.177076,-0.6705
0.17708,-0.6705
0.177084,-0.6705
0.177088,-0.6705
0.177092,-0.6705
0.177096,-0.6705
0.1771,-0.596
0.177104,-0.6705
0.177108,-0.6705
0.177112,-0.6705
0.177116,-0.6705
0.17712,-0.6705
0.177124,-0.6705
0.177128,-0.6705
0.177132,-0.6705
0.177136,-0.6705
0.17714,-0.6705
0.177144,-0.6705
0.177148,-0.6705
0.177152,-0.6705
0.177156,-0.6705
0.17716,-0.6705
0.177164,-0.6705
0.177168,-0.6705
0.177172,-0.596
0.177176,-0.6705
0.17718,-0.6705
0.177184,-0.6705
0.177188,-0.6705
0.177192,-0.6705
0.177196,-0.6705
0.1772,-0.596
0.177204,-0.6705
0.177208,-0.6705
0.177212,-0.6705
0.177216,-0.6705
0.17722,-0.6705
0.177224,-0.6705
0.177228,-0.6705
0.177232,-0.6705
0.177236,-0.6705
0.17724,-0.6705
0.177244,-0.6705
0.177248,-0.6705
0.177252,-0.6705
0.177256,-0.6705
0.17726,-0.6705
0.177264,-0.6705
0.177268,-0.6705
0.177272,-0.6705
0.177276,-0.6705
0.17728,-0.6705
0.177284,-0.6705
0.177288,-0.6705
0.177292,-0.6705
0.177296,-0.596
0.1773,-0.6705
0.177304,-0.6705
0.177308,-0.6705
0.177312,-0.6705
0.177316,-0.596
0.17732,-0.596
0.177324,-0.6705
0.177328,-0.596
0.177332,-0.6705
0.177336,-0.596
0.17734,-0.6705
0.177344,-0.6705
0.177348,-0.6705
0.177352,-0.6705
0.177356,-0.596
0.17736,-0.596
0.177364,-0.6705
0.177368,-0.6705
0.177372,-0.6705
0.177376,-0.6705
0.17738,-0.596
0.177384,-0.6705
0.177388,-0.6705
0.177392,-0.6705
0.177396,-0.745
0.1774,-0.6705
0.177404,-0.6705
0.177408,-0.6705
0.177412,-0.596
0.177416,-0.6705
0.17742,-0.6705
0.177424,-0.6705
0.177428,-0.6705
0.177432,-0.6705
0.177436,-0.6705
0.17744,-0.6705
0.177444,-0.6705
0.177448,-0.6705
0.177452,-0.6705
0.177456,-0.6705
0.17746,-0.596
0.177464,-0.6705
0.177468,-0.6705
0.177472,-0.596
0.177476,-0.6705
0.17748,-0.6705
0.177484,-0.6705
0.177488,-0.6705
0.177492,-0.6705
0.177496,-0.6705
0.1775,-0.596
0.177504,-0.6705
0.177508,-0.6705
0.177512,-0.6705
0.177516,-0.6705
0.17752,-0.6705
0.177524,-0.6705
0.177528,-0.6705
0.177532,-0.6705
0.177536,-0.6705
0.17754,-0.6705
0.177544,-0.6705
0.177548,-0.6705
0.177552,-0.6705
0.177556,-0.6705
0.17756,-0.596
0.177564,-0.6705
0.177568,-0.6705
0.177572,-0.6705
0.177576,-0.6705
0.17758,-0.6705
0.177584,-0.6705
0.177588,-0.6705
0.177592,-0.6705
0.177596,-0.596
0.1776,-0.6705
0.177604,-0.6705
0.177608,-0.6705
0.177612,-0.6705
0.177616,-0.6705
0.17762,-0.6705
0.177624,-0.6705
0.177628,-0.6705
0.177632,-0.6705
0.177636,-0.6705
0.17764,-0.6705
0.177644,-0.6705
0.177648,-0.6705
0.177652,-0.6705
0.177656,-0.6705
0.17766,-0.6705
0.177664,-0.6705
0.177668,-0.6705
0.177672,-0.6705
0.177676,-0.6705
0.17768,-0.6705
0.177684,-0.6705
0.177688,-0.6705
0.177692,-0.6705
0.177696,-0.6705
0.1777,-0.6705
0.177704,-0.6705
0.177708,-0.6705
0.177712,-0.6705
0.177716,-0.6705
0.17772,-0.6705
0.177724,-0.6705
0.177728,-0.6705
0.177732,-0.6705
0.177736,-0.6705
0.17774,-0.6705
0.177744,-0.6705
0.177748,-0.6705
0.177752,-0.6705
0.177756,-0.6705
0.17776,-0.6705
0.177764,-0.6705
0.177768,-0.6705
0.177772,-0.6705
0.177776,-0.6705
0.17778,-0.6705
0.177784,-0.6705
0.177788,-0.6705
0.177792,-0.6705
0.177796,-0.6705
0.1778,-0.6705
0.177804,-0.6705
0.177808,-0.6705
0.177812,-0.6705
0.177816,-0.6705
0.17782,-0.6705
0.177824,-0.6705
0.177828,-0.6705
0.177832,-0.6705
0.177836,-0.6705
0.17784,-0.6705
0.177844,-0.6705
0.177848,-0.6705
0.177852,-0.6705
0.177856,-0.6705
0.17786,-0.6705
0.177864,-0.6705
0.177868,-0.6705
0.177872,-0.6705
0.177876,-0.6705
0.17788,-0.6705
0.177884,-0.6705
0.177888,-0.6705
0.177892,-0.6705
0.177896,-0.6705
0.1779,-0.6705
0.177904,-0.6705
0.177908,-0.6705
0.177912,-0.6705
0.177916,-0.6705
0.17792,-0.6705
0.177924,-0.6705
0.177928,-0.6705
0.177932,-0.6705
0.177936,-0.6705
0.17794,-0.6705
0.177944,-0.596
0.177948,-0.6705
0.177952,-0.6705
0.177956,-0.6705
0.17796,-0.6705
0.177964,-0.6705
0.177968,-0.6705
0.177972,-0.6705
0.177976,-0.6705
0.17798,-0.6705
0.177984,-0.596
0.177988,-0.6705
0.177992,-0.6705
0.177996,-0.6705
0.178,-0.6705
0.178004,-0.6705
0.178008,-0.6705
0.178012,-0.6705
0.178016,-0.6705
0.17802,-0.6705
0.178024,-0.6705
0.178028,-0.6705
0.178032,-0.6705
0.178036,-0.6705
0.17804,-0.596
0.178044,-0.596
0.178048,-0.6705
0.178052,-0.6705
0.178056,-0.6705
0.17806,-0.6705
0.178064,-0.6705
0.178068,-0.6705
0.178072,-0.6705
0.178076,-0.6705
0.17808,-0.6705
0.178084,-0.6705
0.178088,-0.6705
0.178092,-0.745
0.178096,-0.6705
0.1781,-0.6705
0.178104,-0.6705
0.178108,-0.6705
0.178112,-0.6705
0.178116,-0.6705
0.17812,-0.6705
0.178124,-0.6705
0.178128,-0.745
0.178132,-0.6705
0.178136,-0.6705
0.17814,-0.6705
0.178144,-0.6705
0.178148,-0.6705
0.178152,-0.6705
0.178156,-0.6705
0.17816,-0.6705
0.178164,-0.745
0.178168,-0.6705
0.178172,-0.6705
0.178176,-0.6705
0.17818,-0.6705
0.178184,-0.6705
0.178188,-0.6705
0.178192,-0.596
0.178196,-0.6705
0.1782,-0.6705
0.178204,-0.6705
0.178208,-0.6705
0.178212,-0.6705
0.178216,-0.596
0.17822,-0.6705
0.178224,-0.6705
0.178228,-0.6705
0.178232,-0.6705
0.178236,-0.6705
0.17824,-0.6705
0.178244,-0.6705
0.178248,-0.6705
0.178252,-0.6705
0.178256,-0.6705
0.17826,-0.6705
0.178264,-0.6705
0.178268,-0.6705
0.178272,-0.6705
0.178276,-0.6705
0.17828,-0.6705
0.178284,-0.6705
0.178288,-0.6705
0.178292,-0.6705
0.178296,-0.596
0.1783,-0.6705
0.178304,-0.6705
0.178308,-0.6705
0.178312,-0.745
0.178316,-0.6705
0.17832,-0.6705
0.178324,-0.6705
0.178328,-0.6705
0.178332,-0.6705
0.178336,-0.6705
0.17834,-0.6705
0.178344,-0.596
0.178348,-0.6705
0.178352,-0.6705
0.178356,-0.6705
0.17836,-0.6705
0.178364,-0.6705
0.178368,-0.6705
0.178372,-0.6705
0.178376,-0.6705
0.17838,-0.6705
0.178384,-0.6705
0.178388,-0.6705
0.178392,-0.6705
0.178396,-0.6705
0.1784,-0.745
0.178404,-0.6705
0.178408,-0.6705
0.178412,-0.6705
0.178416,-0.6705
0.17842,-0.6705
0.178424,-0.6705
0.178428,-0.6705
0.178432,-0.6705
0.178436,-0.6705
0.17844,-0.6705
0.178444,-0.6705
0.178448,-0.6705
0.178452,-0.6705
0.178456,-0.6705
0.17846,-0.6705
0.178464,-0.6705
0.178468,-0.6705
0.178472,-0.6705
0.178476,-0.6705
0.17848,-0.596
0.178484,-0.6705
0.178488,-0.6705
0.178492,-0.6705
0.178496,-0.6705
0.1785,-0.6705
0.178504,-0.6705
0.178508,-0.6705
0.178512,-0.6705
0.178516,-0.6705
0.17852,-0.6705
0.178524,-0.6705
0.178528,-0.6705
0.178532,-0.6705
0.178536,-0.6705
0.17854,-0.6705
0.178544,-0.6705
0.178548,-0.6705
0.178552,-0.6705
0.178556,-0.6705
0.17856,-0.6705
0.178564,-0.6705
0.178568,-0.6705
0.178572,-0.6705
0.178576,-0.6705
0.17858,-0.6705
0.178584,-0.745
0.178588,-0.745
0.178592,-0.6705
0.178596,-0.6705
0.1786,-0.6705
0.178604,-0.6705
0.178608,-0.6705
0.178612,-0.6705
0.178616,-0.6705
0.17862,-0.6705
0.178624,-0.6705
0.178628,-0.6705
0.178632,-0.745
0.178636,-0.6705
0.17864,-0.6705
0.178644,-0.6705
0.178648,-0.6705
0.178652,-0.6705
0.178656,-0.6705
0.17866,-0.6705
0.178664,-0.745
0.178668,-0.6705
0.178672,-0.6705
0.178676,-0.6705
0.17868,-0.6705
0.178684,-0.745
0.178688,-0.6705
0.178692,-0.6705
0.178696,-0.6705
0.1787,-0.6705
0.178704,-0.6705
0.178708,-0.6705
0.178712,-0.6705
0.178716,-0.6705
0.17872,-0.6705
0.178724,-0.6705
0.178728,-0.6705
0.178732,-0.6705
0.178736,-0.6705
0.17874,-0.6705
0.178744,-0.6705
0.178748,-0.6705
0.178752,-0.6705
0.178756,-0.6705
0.17876,-0.6705
0.178764,-0.6705
0.178768,-0.6705
0.178772,-0.6705
0.178776,-0.6705
0.17878,-0.6705
0.178784,-0.6705
0.178788,-0.6705
0.178792,-0.6705
0.178796,-0.6705
0.1788,-0.6705
0.178804,-0.6705
0.178808,-0.6705
0.178812,-0.6705
0.178816,-0.6705
0.17882,-0.6705
0.178824,-0.6705
0.178828,-0.6705
0.178832,-0.6705
0.178836,-0.6705
0.17884,-0.6705
0.178844,-0.6705
0.178848,-0.6705
0.178852,-0.6705
0.178856,-0.6705
0.17886,-0.6705
0.178864,-0.6705
0.178868,-0.6705
0.178872,-0.6705
0.178876,-0.6705
0.17888,-0.6705
0.178884,-0.6705
0.178888,-0.6705
0.178892,-0.6705
0.178896,-0.6705
0.1789,-0.6705
0.178904,-0.6705
0.178908,-0.6705
0.178912,-0.596
0.178916,-0.6705
0.17892,-0.6705
0.178924,-0.6705
0.178928,-0.6705
0.178932,-0.6705
0.178936,-0.6705
0.17894,-0.6705
0.178944,-0.6705
0.178948,-0.6705
0.178952,-0.6705
0.178956,-0.6705
0.17896,-0.6705
0.178964,-0.6705
0.178968,-0.6705
0.178972,-0.6705
0.178976,-0.745
0.17898,-0.6705
0.178984,-0.6705
0.178988,-0.6705
0.178992,-0.6705
0.178996,-0.6705
0.179,-0.6705
0.179004,-0.6705
0.179008,-0.6705
0.179012,-0.6705
0.179016,-0.6705
0.17902,-0.6705
0.179024,-0.6705
0.179028,-0.6705
0.179032,-0.6705
0.179036,-0.6705
0.17904,-0.6705
0.179044,-0.6705
0.179048,-0.6705
0.179052,-0.596
0.179056,-0.6705
0.17906,-0.6705
0.179064,-0.6705
0.179068,-0.6705
0.179072,-0.6705
0.179076,-0.6705
0.17908,-0.6705
0.179084,-0.6705
0.179088,-0.6705
0.179092,-0.6705
0.179096,-0.6705
0.1791,-0.6705
0.179104,-0.6705
0.179108,-0.6705
0.179112,-0.6705
0.179116,-0.6705
0.17912,-0.6705
0.179124,-0.6705
0.179128,-0.6705
0.179132,-0.6705
0.179136,-0.6705
0.17914,-0.6705
0.179144,-0.6705
0.179148,-0.6705
0.179152,-0.6705
0.179156,-0.596
0.17916,-0.6705
0.179164,-0.6705
0.179168,-0.6705
0.179172,-0.6705
0.179176,-0.6705
0.17918,-0.6705
0.179184,-0.6705
0.179188,-0.6705
0.179192,-0.6705
0.179196,-0.6705
0.1792,-0.6705
0.179204,-0.6705
0.179208,-0.6705
0.179212,-0.6705
0.179216,-0.6705
0.17922,-0.6705
0.179224,-0.6705
0.179228,-0.6705
0.179232,-0.6705
0.179236,-0.6705
0.17924,-0.6705
0.179244,-0.6705
0.179248,-0.6705
0.179252,-0.6705
0.179256,-0.6705
0.17926,-0.6705
0.179264,-0.6705
0.179268,-0.6705
0.179272,-0.6705
0.179276,-0.6705
0.17928,-0.6705
0.179284,-0.6705
0.179288,-0.6705
0.179292,-0.596
0.179296,-0.6705
0.1793,-0.6705
0.179304,-0.6705
0.179308,-0.6705
0.179312,-0.6705
0.179316,-0.596
0.17932,-0.6705
0.179324,-0.6705
0.179328,-0.6705
0.179332,-0.6705
0.179336,-0.6705
0.17934,-0.6705
0.179344,-0.6705
0.179348,-0.6705
0.179352,-0.6705
0.179356,-0.6705
0.17936,-0.6705
0.179364,-0.6705
0.179368,-0.6705
0.179372,-0.6705
0.179376,-0.6705
0.17938,-0.596
0.179384,-0.6705
0.179388,-0.6705
0.179392,-0.6705
0.179396,-0.6705
0.1794,-0.6705
0.179404,-0.6705
0.179408,-0.6705
0.179412,-0.6705
0.179416,-0.6705
0.17942,-0.6705
0.179424,-0.6705
0.179428,-0.6705
0.179432,-0.6705
0.179436,-0.6705
0.17944,-0.6705
0.179444,-0.6705
0.179448,-0.6705
0.179452,-0.6705
0.179456,-0.6705
0.17946,-0.6705
0.179464,-0.6705
0.179468,-0.6705
0.179472,-0.6705
0.179476,-0.6705
0.17948,-0.6705
0.179484,-0.6705
0.179488,-0.6705
0.179492,-0.6705
0.179496,-0.6705
0.1795,-0.6705
0.179504,-0.6705
0.179508,-0.6705
0.179512,-0.6705
0.179516,-0.6705
0.17952,-0.596
0.179524,-0.6705
0.179528,-0.6705
0.179532,-0.6705
0.179536,-0.6705
0.17954,-0.6705
0.179544,-0.6705
0.179548,-0.6705
0.179552,-0.6705
0.179556,-0.6705
0.17956,-0.6705
0.179564,-0.6705
0.179568,-0.6705
0.179572,-0.6705
0.179576,-0.6705
0.17958,-0.6705
0.179584,-0.6705
0.179588,-0.596
0.179592,-0.6705
0.179596,-0.596
0.1796,-0.6705
0.179604,-0.6705
0.179608,-0.6705
0.179612,-0.6705
0.179616,-0.596
0.17962,-0.6705
0.179624,-0.6705
0.179628,-0.6705
0.179632,-0.6705
0.179636,-0.6705
0.17964,-0.6705
0.179644,-0.6705
0.179648,-0.6705
0.179652,-0.6705
0.179656,-0.6705
0.17966,-0.6705
0.179664,-0.6705
0.179668,-0.6705
0.179672,-0.6705
0.179676,-0.6705
0.17968,-0.6705
0.179684,-0.6705
0.179688,-0.6705
0.179692,-0.6705
0.179696,-0.6705
0.1797,-0.6705
0.179704,-0.6705
0.179708,-0.596
0.179712,-0.6705
0.179716,-0.6705
0.17972,-0.6705
0.179724,-0.6705
0.179728,-0.6705
0.179732,-0.6705
0.179736,-0.6705
0.17974,-0.6705
0.179744,-0.6705
0.179748,-0.6705
0.179752,-0.6705
0.179756,-0.6705
0.17976,-0.6705
0.179764,-0.6705
0.179768,-0.6705
0.179772,-0.6705
0.179776,-0.6705
0.17978,-0.6705
0.179784,-0.6705
0.179788,-0.6705
0.179792,-0.6705
0.179796,-0.6705
0.1798,-0.6705
0.179804,-0.6705
0.179808,-0.6705
0.179812,-0.6705
0.179816,-0.6705
0.17982,-0.6705
0.179824,-0.6705
0.179828,-0.6705
0.179832,-0.6705
0.179836,-0.6705
0.17984,-0.6705
0.179844,-0.6705
0.179848,-0.6705
0.179852,-0.6705
0.179856,-0.6705
0.17986,-0.6705
0.179864,-0.6705
0.179868,-0.6705
0.179872,-0.6705
0.179876,-0.6705
0.17988,-0.6705
0.179884,-0.6705
0.179888,-0.6705
0.179892,-0.6705
0.179896,-0.6705
0.1799,-0.6705
0.179904,-0.6705
0.179908,-0.6705
0.179912,-0.6705
0.179916,-0.6705
0.17992,-0.6705
0.179924,-0.6705
0.179928,-0.6705
0.179932,-0.6705
0.179936,-0.6705
0.17994,-0.6705
0.179944,-0.6705
0.179948,-0.6705
0.179952,-0.6705
0.179956,-0.6705
0.17996,-0.6705
0.179964,-0.6705
0.179968,-0.6705
0.179972,-0.6705
0.179976,-0.596
0.17998,-0.6705
0.179984,-0.6705
0.179988,-0.6705
0.179992,-0.6705
0.179996,-0.6705
