time,signal
0.0,32.9728
4e-06,-32.9567
8e-06,-0.0161
1.2e-05,-0.0161
1.6e-05,-0.0322
2e-05,-0.0161
2.4e-05,-0.0322
2.8e-05,-0.0322
3.2e-05,-0.0161
3.6e-05,-0.0161
4e-05,-0.0161
4.4e-05,-0.0322
4.8e-05,-0.0161
5.2e-05,-0.0161
5.6e-05,-0.0322
6e-05,-0.0161
6.4e-05,-0.0322
6.8e-05,-0.048299999999999996
7.2e-05,-0.0161
7.6e-05,-0.0161
8e-05,-0.0322
8.4e-05,-0.0161
8.8e-05,-0.0161
9.2e-05,-0.0322
9.6e-05,-0.0322
0.0001,-0.0161
0.000104,-0.0161
0.000108,-0.0161
0.000112,-0.0322
0.000116,-0.0161
0.00012,-0.0322
0.000124,-0.0161
0.000128,-0.0161
0.000132,-0.0322
0.000136,-0.0322
0.00014,-0.0161
0.000144,-0.0161
0.000148,-0.0161
0.000152,-0.0161
0.000156,-0.0161
0.00016,-0.0322
0.000164,-0.0
0.000168,-0.0322
0.000172,-0.0322
0.000176,-0.0322
0.00018,-0.0161
0.000184,-0.0161
0.000188,-0.0322
0.000192,-0.0161
0.000196,-0.0161
0.0002,-0.0161
0.000204,-0.0322
0.000208,-0.0322
0.000212,-0.0322
0.000216,-0.0161
0.00022,-0.0161
0.000224,-0.0322
0.000228,-0.0322
0.000232,-0.0322
0.000236,-0.0161
0.00024,-0.0161
0.000244,-0.0161
0.000248,-0.0161
0.000252,-0.0322
0.000256,-0.0161
0.00026,-0.0322
0.000264,-0.0322
0.000268,-0.0161
0.000272,-0.0161
0.000276,-0.0161
0.00028,-0.0322
0.000284,-0.0161
0.000288,-0.0161
0.000292,-0.0161
0.000296,-0.0322
0.0003,-0.0322
0.000304,-0.0161
0.000308,-0.0161
0.000312,-0.0161
0.000316,-0.0322
0.00032,-0.0322
0.000324,-0.0161
0.000328,-0.0161
0.000332,-0.0161
0.000336,-0.0322
0.00034,-0.0322
0.000344,-0.0161
0.000348,-0.0161
0.000352,-0.0161
0.000356,-0.0161
0.00036,-7.9695
0.000364,-11.2861
0.000368,-23.8602
0.000372,-10.915799999999999
0.000376,-10.3845
0.00038,-17.6134
0.000384,-15.7297
0.000388,-17.7583
0.000392,-9.3219
0.000396,-14.168
0.0004,-20.8495
0.000404,-12.622399999999999
0.000408,-13.411299999999999
0.000412,-13.5723
0.000416,-17.3075
0.00042,-17.532899999999998
0.000424,-10.143
0.000428,-15.0696
0.000432,-17.5168
0.000436,-15.1501
0.00044,-13.9909
0.000444,-12.364799999999999
0.000448,-17.7422
0.000452,-16.422
0.000456,-12.2843
0.00046,-14.6188
0.000464,-15.7941
0.000468,-16.6957
0.000472,-13.8138
0.000476,-12.8478
0.00048,-16.9855
0.000484,-15.8424
0.000488,-14.0714
0.000492,-13.8782
0.000496,-15.295
0.0005,-16.9211
0.000504,-13.9748
0.000508,-13.668899999999999
0.000512,-15.8263
0.000516,-15.8746
0.00052,-14.972999999999999
0.000524,-13.5884
0.000528,-15.2628
0.000532,-16.422
0.000536,-14.5222
0.00054,-14.184099999999999
0.000544,-15.0052
0.000548,-15.9873
0.000552,-15.2145
0.000556,-13.8299
0.00056,-15.134
0.000564,-15.8585
0.000568,-15.101799999999999
0.000572,-14.3773
0.000576,-14.6832
0.00058,-15.9229
0.000584,-15.230599999999999
0.000588,-14.312899999999999
0.000592,-14.9086
0.000596,-15.5365
0.0006,-15.4399
0.000604,-14.49
0.000608,-14.6993
0.000612,-15.6492
0.000616,-15.295
0.00062,-14.6993
0.000624,-14.7315
0.000628,-15.3916
0.000632,-15.504299999999999
0.000636,-14.6832
0.00064,-14.7476
0.000644,-15.3755
0.000648,-15.3755
0.000652,-14.9086
0.000656,-14.6993
0.00066,-15.295
0.000664,-15.4399
0.000668,-14.8925
0.000672,-14.812
0.000676,-15.1823
0.00068,-15.4077
0.000684,-15.0374
0.000688,-14.7798
0.000692,-15.1984
0.000696,-15.359399999999999
0.0007,-15.0857
0.000704,-14.844199999999999
0.000708,-15.101799999999999
0.000712,-15.3755
0.000716,-15.101799999999999
0.00072,-14.8764
0.000724,-15.101799999999999
0.000728,-15.3111
0.000732,-15.1662
0.000736,-14.9086
0.00074,-15.0696
0.000744,-15.295
0.000748,-15.1662
0.000752,-14.972999999999999
0.000756,-15.0374
0.00076,-15.2789
0.000764,-15.2145
0.000768,-15.0052
0.000772,-15.0535
0.000776,-15.230599999999999
0.00078,-15.230599999999999
0.000784,-15.0374
0.000788,-15.0374
0.000792,-15.230599999999999
0.000796,-15.2145
0.0008,-15.0374
0.000804,-15.0696
0.000808,-15.1984
0.000812,-15.230599999999999
0.000816,-15.0696
0.00082,-15.0535
0.000824,-15.1823
0.000828,-15.2145
0.000832,-15.1179
0.000836,-15.0696
0.00084,-15.1662
0.000844,-15.230599999999999
0.000848,-15.1179
0.000852,-15.0857
0.000856,-15.1662
0.00086,-15.1984
0.000864,-15.1501
0.000868,-15.0857
0.000872,-15.1501
0.000876,-15.2145
0.00088,-15.1501
0.000884,-15.101799999999999
0.000888,-15.1662
0.000892,-15.1984
0.000896,-15.1662
0.0009,-15.1179
0.000904,-15.1501
0.000908,-15.1984
0.000912,-15.1662
0.000916,-15.1179
0.00092,-15.1501
0.000924,-15.1984
0.000928,-15.1823
0.000932,-15.134
0.000936,-15.1501
0.00094,-15.1823
0.000944,-15.1823
0.000948,-15.1501
0.000952,-15.1501
0.000956,-15.1823
0.00096,-15.1823
0.000964,-15.1662
0.000968,-15.1501
0.000972,-15.1662
0.000976,-15.1823
0.00098,-15.1662
0.000984,-15.1501
0.000988,-15.1823
0.000992,-15.1984
0.000996,-15.1662
0.001,-15.1501
0.001004,-15.1823
0.001008,-15.1984
0.001012,-15.1662
0.001016,-15.1662
0.00102,-15.1662
0.001024,-15.1823
0.001028,-15.1823
0.001032,-15.1501
0.001036,-15.1662
0.00104,-15.1984
0.001044,-15.1823
0.001048,-15.1501
0.001052,-15.1823
0.001056,-15.1984
0.00106,-15.1823
0.001064,-15.1662
0.001068,-15.1823
0.001072,-15.1823
0.001076,-15.1823
0.00108,-15.1662
0.001084,-15.1823
0.001088,-15.1984
0.001092,-15.1823
0.001096,-15.1662
0.0011,-15.1662
0.001104,-15.1823
0.001108,-15.1823
0.001112,-15.1823
0.001116,-15.1823
0.00112,-15.1984
0.001124,-15.1984
0.001128,-15.1823
0.001132,-15.1823
0.001136,-15.1823
0.00114,-15.1823
0.001144,-15.1823
0.001148,-15.1823
0.001152,-15.1984
0.001156,-15.1984
0.00116,-15.1823
0.001164,-15.1984
0.001168,-15.1984
0.001172,-15.1823
0.001176,-15.1823
0.00118,-15.1823
0.001184,-15.1984
0.001188,-15.1984
0.001192,-15.1984
0.001196,-15.1823
0.0012,-15.1823
0.001204,-15.1984
0.001208,-15.1823
0.001212,-15.1823
0.001216,-15.1984
0.00122,-15.1984
0.001224,-15.1823
0.001228,-15.1823
0.001232,-15.1823
0.001236,-15.1823
0.00124,-15.1984
0.001244,-15.1984
0.001248,-15.1984
0.001252,-15.1823
0.001256,-15.1984
0.00126,-15.1984
0.001264,-15.1823
0.001268,-15.1823
0.001272,-15.1823
0.001276,-15.1823
0.00128,-15.1984
0.001284,-15.1984
0.001288,-15.1984
0.001292,-15.1984
0.001296,-15.1984
0.0013,-15.1984
0.001304,-15.1984
0.001308,-15.1823
0.001312,-15.1984
0.001316,-15.1984
0.00132,-15.1984
0.001324,-15.1984
0.001328,-15.1984
0.001332,-15.1984
0.001336,-15.1984
0.00134,-15.1823
0.001344,-15.1984
0.001348,-15.1823
0.001352,-15.1984
0.001356,-15.1823
0.00136,-15.1984
0.001364,-15.1984
0.001368,-15.1984
0.001372,-15.1823
0.001376,-15.1823
0.00138,-15.1984
0.001384,-15.1984
0.001388,-15.230599999999999
0.001392,-15.1501
0.001396,-15.230599999999999
0.0014,-15.1823
0.001404,-15.1984
0.001408,-15.1823
0.001412,-15.1823
0.001416,-15.1823
0.00142,-15.1984
0.001424,-15.1823
0.001428,-15.1984
0.001432,-15.1823
0.001436,-15.1984
0.00144,-15.1823
0.001444,-15.1984
0.001448,-15.1984
0.001452,-15.1984
0.001456,-15.1823
0.00146,-15.2145
0.001464,-15.1823
0.001468,-15.1984
0.001472,-15.1823
0.001476,-15.1984
0.00148,-15.1823
0.001484,-15.1984
0.001488,-15.1984
0.001492,-15.1984
0.001496,-15.1823
0.0015,-15.1823
0.001504,-15.1984
0.001508,-15.1984
0.001512,-15.1823
0.001516,-15.1823
0.00152,-15.1984
0.001524,-15.1984
0.001528,-15.1823
0.001532,-15.1662
0.001536,-15.1823
0.00154,-15.1823
0.001544,-15.1823
0.001548,-15.1823
0.001552,-15.1823
0.001556,-15.1984
0.00156,-15.1823
0.001564,-15.1823
0.001568,-15.1823
0.001572,-15.1984
0.001576,-15.1823
0.00158,-15.1823
0.001584,-15.1823
0.001588,-15.1823
0.001592,-15.1823
0.001596,-15.1823
0.0016,-15.1823
0.001604,-15.1823
0.001608,-15.1662
0.001612,-15.1823
0.001616,-15.1823
0.00162,-15.1823
0.001624,-15.1662
0.001628,-15.1662
0.001632,-15.1984
0.001636,-15.1823
0.00164,-15.1984
0.001644,-15.1823
0.001648,-15.1662
0.001652,-15.1823
0.001656,-15.1823
0.00166,-15.1823
0.001664,-15.1823
0.001668,-15.1662
0.001672,-15.1823
0.001676,-15.1823
0.00168,-15.1823
0.001684,-15.1823
0.001688,-15.1662
0.001692,-15.1823
0.001696,-15.1662
0.0017,-15.1662
0.001704,-15.1823
0.001708,-15.1662
0.001712,-15.1662
0.001716,-15.1984
0.00172,-15.1823
0.001724,-15.1662
0.001728,-15.1662
0.001732,-15.1823
0.001736,-15.1823
0.00174,-15.1823
0.001744,-15.1662
0.001748,-15.1662
0.001752,-15.1662
0.001756,-15.1823
0.00176,-15.1823
0.001764,-15.1662
0.001768,-15.1823
0.001772,-15.1823
0.001776,-15.1662
0.00178,-15.1662
0.001784,-15.1662
0.001788,-15.1662
0.001792,-15.1823
0.001796,-15.1662
0.0018,-15.1662
0.001804,-15.1662
0.001808,-15.1662
0.001812,-15.1662
0.001816,-15.1662
0.00182,-15.1662
0.001824,-15.1662
0.001828,-15.1662
0.001832,-15.1823
0.001836,-15.1662
0.00184,-15.1823
0.001844,-15.1662
0.001848,-15.1501
0.001852,-15.1662
0.001856,-15.1662
0.00186,-15.134
0.001864,-15.1823
0.001868,-15.1662
0.001872,-15.1501
0.001876,-15.1823
0.00188,-15.1501
0.001884,-15.1501
0.001888,-15.1662
0.001892,-15.1501
0.001896,-15.1662
0.0019,-15.1501
0.001904,-15.1501
0.001908,-15.1662
0.001912,-15.134
0.001916,-15.1662
0.00192,-15.1662
0.001924,-15.1501
0.001928,-15.1662
0.001932,-15.1501
0.001936,-15.1501
0.00194,-15.1501
0.001944,-15.1501
0.001948,-15.1662
0.001952,-15.1501
0.001956,-15.1501
0.00196,-15.1662
0.001964,-15.1501
0.001968,-15.134
0.001972,-15.1501
0.001976,-15.1501
0.00198,-15.134
0.001984,-15.1501
0.001988,-15.1501
0.001992,-15.1501
0.001996,-15.134
0.002,-15.134
0.002004,-15.134
0.002008,-15.134
0.002012,-15.1501
0.002016,-15.134
0.00202,-15.134
0.002024,-15.1501
0.002028,-15.1501
0.002032,-15.134
0.002036,-15.134
0.00204,-15.134
0.002044,-15.134
0.002048,-15.134
0.002052,-15.134
0.002056,-15.134
0.00206,-15.134
0.002064,-15.134
0.002068,-15.134
0.002072,-15.134
0.002076,-15.1179
0.00208,-15.134
0.002084,-15.134
0.002088,-15.1179
0.002092,-15.134
0.002096,-15.1179
0.0021,-15.1501
0.002104,-15.134
0.002108,-15.1179
0.002112,-15.101799999999999
0.002116,-15.134
0.00212,-15.1179
0.002124,-15.134
0.002128,-15.134
0.002132,-15.1179
0.002136,-15.134
0.00214,-15.1179
0.002144,-15.1179
0.002148,-15.1179
0.002152,-15.1179
0.002156,-15.1179
0.00216,-15.1179
0.002164,-15.1179
0.002168,-15.101799999999999
0.002172,-15.101799999999999
0.002176,-15.1179
0.00218,-15.1179
0.002184,-15.1179
0.002188,-15.101799999999999
0.002192,-15.1179
0.002196,-15.1179
0.0022,-15.101799999999999
0.002204,-15.1179
0.002208,-15.101799999999999
0.002212,-15.101799999999999
0.002216,-15.1179
0.00222,-15.1179
0.002224,-15.1179
0.002228,-15.1179
0.002232,-15.101799999999999
0.002236,-15.101799999999999
0.00224,-15.1179
0.002244,-15.101799999999999
0.002248,-15.101799999999999
0.002252,-15.101799999999999
0.002256,-15.1179
0.00226,-15.101799999999999
0.002264,-15.1179
0.002268,-15.101799999999999
0.002272,-15.101799999999999
0.002276,-15.101799999999999
0.00228,-15.101799999999999
0.002284,-15.101799999999999
0.002288,-15.101799999999999
0.002292,-15.101799999999999
0.002296,-15.101799999999999
0.0023,-15.0857
0.002304,-15.101799999999999
0.002308,-15.1179
0.002312,-15.101799999999999
0.002316,-15.0857
0.00232,-15.0857
0.002324,-15.101799999999999
0.002328,-15.0857
0.002332,-15.101799999999999
0.002336,-15.0857
0.00234,-15.0857
0.002344,-15.101799999999999
0.002348,-15.0696
0.002352,-15.0857
0.002356,-15.0857
0.00236,-15.0696
0.002364,-15.0696
0.002368,-15.0857
0.002372,-15.0696
0.002376,-15.0857
0.00238,-15.0696
0.002384,-15.0857
0.002388,-15.0696
0.002392,-15.0857
0.002396,-15.0857
0.0024,-15.0696
0.002404,-15.0696
0.002408,-15.0857
0.002412,-15.0696
0.002416,-15.0696
0.00242,-15.0857
0.002424,-15.0696
0.002428,-15.0857
0.002432,-15.0696
0.002436,-15.0696
0.00244,-15.0696
0.002444,-15.0696
0.002448,-15.0696
0.002452,-15.0696
0.002456,-15.0696
0.00246,-15.0696
0.002464,-15.0696
0.002468,-15.0696
0.002472,-15.0535
0.002476,-15.0374
0.00248,-15.0696
0.002484,-15.0696
0.002488,-15.0535
0.002492,-15.0696
0.002496,-15.0535
0.0025,-15.0696
0.002504,-15.0374
0.002508,-15.0535
0.002512,-15.0696
0.002516,-15.0535
0.00252,-15.0374
0.002524,-15.0535
0.002528,-15.0535
0.002532,-15.0535
0.002536,-15.0535
0.00254,-15.0535
0.002544,-15.0374
0.002548,-15.0696
0.002552,-15.0535
0.002556,-15.0535
0.00256,-15.0535
0.002564,-15.0374
0.002568,-15.0696
0.002572,-15.0374
0.002576,-15.0374
0.00258,-15.0374
0.002584,-15.0374
0.002588,-15.0535
0.002592,-15.0535
0.002596,-15.0374
0.0026,-15.0535
0.002604,-15.0374
0.002608,-15.0213
0.002612,-15.0374
0.002616,-15.0374
0.00262,-15.0374
0.002624,-15.0374
0.002628,-15.0374
0.002632,-15.0374
0.002636,-15.0374
0.00264,-15.0374
0.002644,-15.0374
0.002648,-15.0374
0.002652,-15.0374
0.002656,-15.0374
0.00266,-15.0213
0.002664,-15.0374
0.002668,-15.0213
0.002672,-15.0374
0.002676,-15.0213
0.00268,-15.0052
0.002684,-15.0213
0.002688,-15.0213
0.002692,-15.0213
0.002696,-15.0213
0.0027,-15.0052
0.002704,-15.0213
0.002708,-15.0213
0.002712,-14.9891
0.002716,-15.0213
0.00272,-15.0052
0.002724,-15.0052
0.002728,-15.0374
0.002732,-15.0052
0.002736,-15.0213
0.00274,-15.0052
0.002744,-15.0052
0.002748,-15.0374
0.002752,-14.9891
0.002756,-15.0052
0.00276,-15.0052
0.002764,-15.0052
0.002768,-15.0052
0.002772,-14.9891
0.002776,-15.0052
0.00278,-15.0052
0.002784,-15.0052
0.002788,-14.9891
0.002792,-15.0052
0.002796,-14.9891
0.0028,-15.0213
0.002804,-14.9891
0.002808,-14.972999999999999
0.002812,-15.0213
0.002816,-14.9891
0.00282,-14.9891
0.002824,-15.0052
0.002828,-14.9891
0.002832,-14.972999999999999
0.002836,-14.9891
0.00284,-14.9891
0.002844,-14.9891
0.002848,-14.9891
0.002852,-14.9891
0.002856,-14.9891
0.00286,-14.972999999999999
0.002864,-14.9891
0.002868,-14.9891
0.002872,-14.972999999999999
0.002876,-14.9891
0.00288,-14.972999999999999
0.002884,-14.972999999999999
0.002888,-14.972999999999999
0.002892,-14.972999999999999
0.002896,-14.9569
0.0029,-14.972999999999999
0.002904,-14.9891
0.002908,-14.972999999999999
0.002912,-14.972999999999999
0.002916,-14.972999999999999
0.00292,-14.972999999999999
0.002924,-14.972999999999999
0.002928,-14.972999999999999
0.002932,-14.9569
0.002936,-14.972999999999999
0.00294,-14.972999999999999
0.002944,-14.9569
0.002948,-14.9569
0.002952,-14.9569
0.002956,-14.972999999999999
0.00296,-14.9569
0.002964,-14.972999999999999
0.002968,-14.9569
0.002972,-14.9569
0.002976,-14.9569
0.00298,-14.9569
0.002984,-14.9408
0.002988,-14.9569
0.002992,-14.972999999999999
0.002996,-14.9569
0.003,-14.9569
0.003004,-14.9569
0.003008,-14.9408
0.003012,-14.9569
0.003016,-14.9408
0.00302,-14.9408
0.003024,-14.9408
0.003028,-14.9408
0.003032,-14.9569
0.003036,-14.9408
0.00304,-14.9408
0.003044,-14.9408
0.003048,-14.9408
0.003052,-14.9569
0.003056,-14.9408
0.00306,-14.9408
0.003064,-14.9408
0.003068,-14.9247
0.003072,-14.9569
0.003076,-14.9247
0.00308,-14.9247
0.003084,-14.9247
0.003088,-14.9408
0.003092,-14.9408
0.003096,-14.9247
0.0031,-14.9247
0.003104,-14.9086
0.003108,-14.9247
0.003112,-14.9247
0.003116,-14.9247
0.00312,-14.9247
0.003124,-14.9086
0.003128,-14.9247
0.003132,-14.9086
0.003136,-14.9086
0.00314,-14.9247
0.003144,-14.9086
0.003148,-14.9247
0.003152,-14.9247
0.003156,-14.9086
0.00316,-14.9086
0.003164,-14.9086
0.003168,-14.9247
0.003172,-14.9086
0.003176,-14.9086
0.00318,-14.9247
0.003184,-14.8925
0.003188,-14.9086
0.003192,-14.9086
0.003196,-14.9086
0.0032,-14.9247
0.003204,-14.8925
0.003208,-14.9086
0.003212,-14.8925
0.003216,-14.8925
0.00322,-14.8925
0.003224,-14.9086
0.003228,-14.8925
0.003232,-14.8764
0.003236,-14.9086
0.00324,-14.9086
0.003244,-14.8925
0.003248,-14.9086
0.003252,-14.8764
0.003256,-14.8925
0.00326,-14.8925
0.003264,-14.8603
0.003268,-14.9086
0.003272,-14.8764
0.003276,-14.8764
0.00328,-14.8764
0.003284,-14.8925
0.003288,-14.8925
0.003292,-14.8925
0.003296,-14.8764
0.0033,-14.8925
0.003304,-14.8764
0.003308,-14.8925
0.003312,-14.8764
0.003316,-14.8603
0.00332,-14.8925
0.003324,-14.8764
0.003328,-14.8764
0.003332,-14.8764
0.003336,-14.8603
0.00334,-14.8764
0.003344,-14.8764
0.003348,-14.8603
0.003352,-14.8603
0.003356,-14.8603
0.00336,-14.8603
0.003364,-14.8764
0.003368,-14.8603
0.003372,-14.8603
0.003376,-14.8603
0.00338,-14.8603
0.003384,-14.8603
0.003388,-14.8603
0.003392,-14.8603
0.003396,-14.8603
0.0034,-14.844199999999999
0.003404,-14.8281
0.003408,-14.8603
0.003412,-14.8603
0.003416,-14.844199999999999
0.00342,-14.844199999999999
0.003424,-14.8281
0.003428,-14.8603
0.003432,-14.844199999999999
0.003436,-14.8281
0.00344,-14.844199999999999
0.003444,-14.8281
0.003448,-14.844199999999999
0.003452,-14.844199999999999
0.003456,-14.844199999999999
0.00346,-14.844199999999999
0.003464,-14.844199999999999
0.003468,-14.844199999999999
0.003472,-14.8281
0.003476,-14.8281
0.00348,-14.8281
0.003484,-14.8281
0.003488,-14.8281
0.003492,-14.8281
0.003496,-14.8281
0.0035,-14.812
0.003504,-14.8281
0.003508,-14.812
0.003512,-14.812
0.003516,-14.812
0.00352,-14.8281
0.003524,-14.8281
0.003528,-14.812
0.003532,-14.812
0.003536,-14.8281
0.00354,-14.8281
0.003544,-14.812
0.003548,-14.812
0.003552,-14.812
0.003556,-14.812
0.00356,-14.7959
0.003564,-14.8281
0.003568,-14.812
0.003572,-14.8281
0.003576,-14.812
0.00358,-14.812
0.003584,-14.7959
0.003588,-14.7959
0.003592,-14.7959
0.003596,-14.812
0.0036,-14.812
0.003604,-14.7959
0.003608,-14.7798
0.003612,-14.7959
0.003616,-14.7959
0.00362,-14.7959
0.003624,-14.7798
0.003628,-14.7798
0.003632,-14.7959
0.003636,-14.7959
0.00364,-14.7798
0.003644,-14.7959
0.003648,-14.7798
0.003652,-14.7798
0.003656,-14.7798
0.00366,-14.7798
0.003664,-14.7959
0.003668,-14.7959
0.003672,-14.7798
0.003676,-14.7798
0.00368,-14.7637
0.003684,-14.7798
0.003688,-14.7798
0.003692,-14.7798
0.003696,-14.7798
0.0037,-14.7798
0.003704,-14.7637
0.003708,-14.7637
0.003712,-14.7798
0.003716,-14.7637
0.00372,-14.7637
0.003724,-14.7637
0.003728,-14.7637
0.003732,-14.7637
0.003736,-14.7798
0.00374,-14.7637
0.003744,-14.7476
0.003748,-14.7637
0.003752,-14.7476
0.003756,-14.7476
0.00376,-14.7637
0.003764,-14.7637
0.003768,-14.7476
0.003772,-14.7637
0.003776,-14.7476
0.00378,-14.7476
0.003784,-14.7315
0.003788,-14.7637
0.003792,-14.7476
0.003796,-14.7315
0.0038,-14.7476
0.003804,-14.7476
0.003808,-14.7476
0.003812,-14.7476
0.003816,-14.7476
0.00382,-14.7315
0.003824,-14.7476
0.003828,-14.7476
0.003832,-14.7315
0.003836,-14.7476
0.00384,-14.7315
0.003844,-14.7315
0.003848,-14.7476
0.003852,-14.7315
0.003856,-14.7315
0.00386,-14.7315
0.003864,-14.715399999999999
0.003868,-14.7315
0.003872,-14.7315
0.003876,-14.715399999999999
0.00388,-14.7315
0.003884,-14.715399999999999
0.003888,-14.7315
0.003892,-14.715399999999999
0.003896,-14.715399999999999
0.0039,-14.7315
0.003904,-14.6993
0.003908,-14.7315
0.003912,-14.715399999999999
0.003916,-14.715399999999999
0.00392,-14.6993
0.003924,-14.6993
0.003928,-14.715399999999999
0.003932,-14.6993
0.003936,-14.715399999999999
0.00394,-14.715399999999999
0.003944,-14.6993
0.003948,-14.715399999999999
0.003952,-14.6832
0.003956,-14.6993
0.00396,-14.6993
0.003964,-14.6993
0.003968,-14.6993
0.003972,-14.6993
0.003976,-14.6993
0.00398,-14.6993
0.003984,-14.6993
0.003988,-14.6993
0.003992,-14.6832
0.003996,-14.6993
0.004,-14.6832
0.004004,-14.6993
0.004008,-14.6993
0.004012,-14.6832
0.004016,-14.6832
0.00402,-14.6832
0.004024,-14.6832
0.004028,-14.6832
0.004032,-14.6832
0.004036,-14.6832
0.00404,-14.6832
0.004044,-14.6832
0.004048,-14.6832
0.004052,-14.6671
0.004056,-14.6671
0.00406,-14.6671
0.004064,-14.6832
0.004068,-14.6671
0.004072,-14.6832
0.004076,-14.6671
0.00408,-14.6671
0.004084,-14.651
0.004088,-14.6671
0.004092,-14.6671
0.004096,-14.6671
0.0041,-14.6671
0.004104,-14.651
0.004108,-14.6671
0.004112,-14.651
0.004116,-14.651
0.00412,-14.6671
0.004124,-14.651
0.004128,-14.6671
0.004132,-14.651
0.004136,-14.651
0.00414,-14.651
0.004144,-14.651
0.004148,-14.651
0.004152,-14.651
0.004156,-14.651
0.00416,-14.651
0.004164,-14.651
0.004168,-14.6349
0.004172,-14.651
0.004176,-14.651
0.00418,-14.6349
0.004184,-14.6349
0.004188,-14.6349
0.004192,-14.6349
0.004196,-14.651
0.0042,-14.6188
0.004204,-14.6349
0.004208,-14.6349
0.004212,-14.6188
0.004216,-14.6349
0.00422,-14.6188
0.004224,-14.6188
0.004228,-14.6188
0.004232,-14.6188
0.004236,-14.6349
0.00424,-14.6188
0.004244,-14.6188
0.004248,-14.6188
0.004252,-14.6027
0.004256,-14.6188
0.00426,-14.6027
0.004264,-14.6188
0.004268,-14.6027
0.004272,-14.6027
0.004276,-14.586599999999999
0.00428,-14.6027
0.004284,-14.6027
0.004288,-14.6027
0.004292,-14.6027
0.004296,-14.586599999999999
0.0043,-14.6188
0.004304,-14.6027
0.004308,-14.586599999999999
0.004312,-14.6027
0.004316,-14.6027
0.00432,-14.6027
0.004324,-14.586599999999999
0.004328,-14.586599999999999
0.004332,-14.6027
0.004336,-14.6027
0.00434,-14.586599999999999
0.004344,-14.6027
0.004348,-14.586599999999999
0.004352,-14.586599999999999
0.004356,-14.586599999999999
0.00436,-14.586599999999999
0.004364,-14.586599999999999
0.004368,-14.5705
0.004372,-14.586599999999999
0.004376,-14.586599999999999
0.00438,-14.5705
0.004384,-14.586599999999999
0.004388,-14.5705
0.004392,-14.5705
0.004396,-14.5705
0.0044,-14.5705
0.004404,-14.586599999999999
0.004408,-14.5705
0.004412,-14.5705
0.004416,-14.5544
0.00442,-14.5705
0.004424,-14.5705
0.004428,-14.5544
0.004432,-14.5705
0.004436,-14.5705
0.00444,-14.5705
0.004444,-14.5705
0.004448,-14.5383
0.004452,-14.5383
0.004456,-14.5544
0.00446,-14.5544
0.004464,-14.5544
0.004468,-14.5544
0.004472,-14.5544
0.004476,-14.5383
0.00448,-14.5705
0.004484,-14.5383
0.004488,-14.5705
0.004492,-14.5061
0.004496,-14.586599999999999
0.0045,-14.5061
0.004504,-14.586599999999999
0.004508,-14.5222
0.004512,-14.5222
0.004516,-14.5383
0.00452,-14.5383
0.004524,-14.5222
0.004528,-14.5544
0.004532,-14.49
0.004536,-14.5705
0.00454,-14.5061
0.004544,-14.5222
0.004548,-14.5383
0.004552,-14.5222
0.004556,-14.5383
0.00456,-14.5061
0.004564,-14.5061
0.004568,-14.5383
0.004572,-14.5061
0.004576,-14.5222
0.00458,-14.5061
0.004584,-14.5061
0.004588,-14.5222
0.004592,-14.49
0.004596,-14.5222
0.0046,-14.5061
0.004604,-14.49
0.004608,-14.5383
0.004612,-14.49
0.004616,-14.5061
0.00462,-14.5061
0.004624,-14.49
0.004628,-14.5061
0.004632,-14.49
0.004636,-14.5222
0.00464,-14.5061
0.004644,-14.4739
0.004648,-14.49
0.004652,-14.49
0.004656,-14.49
0.00466,-14.49
0.004664,-14.49
0.004668,-14.49
0.004672,-14.49
0.004676,-14.49
0.00468,-14.4739
0.004684,-14.49
0.004688,-14.49
0.004692,-14.457799999999999
0.004696,-14.4739
0.0047,-14.4739
0.004704,-14.457799999999999
0.004708,-14.4739
0.004712,-14.4739
0.004716,-14.4739
0.00472,-14.457799999999999
0.004724,-14.4739
0.004728,-14.4739
0.004732,-14.457799999999999
0.004736,-14.4739
0.00474,-14.4739
0.004744,-14.457799999999999
0.004748,-14.4739
0.004752,-14.457799999999999
0.004756,-14.457799999999999
0.00476,-14.457799999999999
0.004764,-14.457799999999999
0.004768,-14.457799999999999
0.004772,-14.457799999999999
0.004776,-14.457799999999999
0.00478,-14.457799999999999
0.004784,-14.441699999999999
0.004788,-14.441699999999999
0.004792,-14.441699999999999
0.004796,-14.441699999999999
0.0048,-14.457799999999999
0.004804,-14.457799999999999
0.004808,-14.441699999999999
0.004812,-14.4256
0.004816,-14.441699999999999
0.00482,-14.4256
0.004824,-14.441699999999999
0.004828,-14.4256
0.004832,-14.4256
0.004836,-14.441699999999999
0.00484,-14.4095
0.004844,-14.441699999999999
0.004848,-14.4256
0.004852,-14.4095
0.004856,-14.4256
0.00486,-14.4095
0.004864,-14.4095
0.004868,-14.4095
0.004872,-14.4095
0.004876,-14.4095
0.00488,-14.4256
0.004884,-14.4256
0.004888,-14.4095
0.004892,-14.4095
0.004896,-14.4095
0.0049,-14.4095
0.004904,-14.4095
0.004908,-14.3934
0.004912,-14.4095
0.004916,-14.3934
0.00492,-14.3934
0.004924,-14.4095
0.004928,-14.3934
0.004932,-14.4095
0.004936,-14.3934
0.00494,-14.4095
0.004944,-14.3934
0.004948,-14.3773
0.004952,-14.3773
0.004956,-14.3934
0.00496,-14.3934
0.004964,-14.3773
0.004968,-14.3934
0.004972,-14.3773
0.004976,-14.3773
0.00498,-14.3612
0.004984,-14.3773
0.004988,-14.3773
0.004992,-14.3773
0.004996,-14.3773
0.005,-14.3612
0.005004,-14.3773
0.005008,-14.3773
0.005012,-14.3773
0.005016,-14.3612
0.00502,-14.3773
0.005024,-14.3773
0.005028,-14.3612
0.005032,-14.3773
0.005036,-14.3612
0.00504,-14.3612
0.005044,-14.3612
0.005048,-14.3612
0.005052,-14.3773
0.005056,-14.3451
0.00506,-14.3612
0.005064,-14.3612
0.005068,-14.3451
0.005072,-14.3773
0.005076,-14.3451
0.00508,-14.3612
0.005084,-14.3612
0.005088,-14.3451
0.005092,-14.3451
0.005096,-14.3451
0.0051,-14.3451
0.005104,-14.3451
0.005108,-14.329
0.005112,-14.329
0.005116,-14.3451
0.00512,-14.329
0.005124,-14.329
0.005128,-14.329
0.005132,-14.3451
0.005136,-14.329
0.00514,-14.329
0.005144,-14.329
0.005148,-14.329
0.005152,-14.329
0.005156,-14.312899999999999
0.00516,-14.312899999999999
0.005164,-14.329
0.005168,-14.329
0.005172,-14.312899999999999
0.005176,-14.312899999999999
0.00518,-14.312899999999999
0.005184,-14.329
0.005188,-14.312899999999999
0.005192,-14.2968
0.005196,-14.312899999999999
0.0052,-14.312899999999999
0.005204,-14.312899999999999
0.005208,-14.312899999999999
0.005212,-14.2968
0.005216,-14.312899999999999
0.00522,-14.2968
0.005224,-14.2968
0.005228,-14.2968
0.005232,-14.2968
0.005236,-14.312899999999999
0.00524,-14.2807
0.005244,-14.2968
0.005248,-14.2968
0.005252,-14.2807
0.005256,-14.2968
0.00526,-14.2968
0.005264,-14.2968
0.005268,-14.2807
0.005272,-14.2807
0.005276,-14.2968
0.00528,-14.2807
0.005284,-14.2807
0.005288,-14.2646
0.005292,-14.2807
0.005296,-14.2807
0.0053,-14.2807
0.005304,-14.2646
0.005308,-14.2646
0.005312,-14.2807
0.005316,-14.2646
0.00532,-14.2646
0.005324,-14.2646
0.005328,-14.2485
0.005332,-14.2807
0.005336,-14.2646
0.00534,-14.2807
0.005344,-14.2485
0.005348,-14.2646
0.005352,-14.2485
0.005356,-14.2646
0.00536,-14.2485
0.005364,-14.2485
0.005368,-14.2485
0.005372,-14.2485
0.005376,-14.2485
0.00538,-14.2485
0.005384,-14.2485
0.005388,-14.2485
0.005392,-14.2324
0.005396,-14.2646
0.0054,-14.2485
0.005404,-14.2324
0.005408,-14.2485
0.005412,-14.2324
0.005416,-14.2324
0.00542,-14.2324
0.005424,-14.2324
0.005428,-14.2485
0.005432,-14.2163
0.005436,-14.2324
0.00544,-14.2163
0.005444,-14.2324
0.005448,-14.2324
0.005452,-14.2163
0.005456,-14.2163
0.00546,-14.2324
0.005464,-14.2002
0.005468,-14.2324
0.005472,-14.2163
0.005476,-14.2163
0.00548,-14.2163
0.005484,-14.2163
0.005488,-14.2002
0.005492,-14.2163
0.005496,-14.2002
0.0055,-14.2163
0.005504,-14.2163
0.005508,-14.2002
0.005512,-14.2002
0.005516,-14.2002
0.00552,-14.2002
0.005524,-14.2002
0.005528,-14.2002
0.005532,-14.2002
0.005536,-14.2002
0.00554,-14.2002
0.005544,-14.2002
0.005548,-14.2002
0.005552,-14.2002
0.005556,-14.2002
0.00556,-14.184099999999999
0.005564,-14.2002
0.005568,-14.184099999999999
0.005572,-14.184099999999999
0.005576,-14.184099999999999
0.00558,-14.184099999999999
0.005584,-14.168
0.005588,-14.184099999999999
0.005592,-14.168
0.005596,-14.184099999999999
0.0056,-14.184099999999999
0.005604,-14.168
0.005608,-14.168
0.005612,-14.168
0.005616,-14.168
0.00562,-14.168
0.005624,-14.1519
0.005628,-14.168
0.005632,-14.1519
0.005636,-14.1519
0.00564,-14.168
0.005644,-14.168
0.005648,-14.1519
0.005652,-14.168
0.005656,-14.1519
0.00566,-14.1358
0.005664,-14.1519
0.005668,-14.1519
0.005672,-14.1519
0.005676,-14.1519
0.00568,-14.1519
0.005684,-14.1358
0.005688,-14.1519
0.005692,-14.1358
0.005696,-14.1358
0.0057,-14.1358
0.005704,-14.1519
0.005708,-14.1358
0.005712,-14.1358
0.005716,-14.1358
0.00572,-14.1358
0.005724,-14.1358
0.005728,-14.1197
0.005732,-14.1197
0.005736,-14.1358
0.00574,-14.1197
0.005744,-14.1358
0.005748,-14.1358
0.005752,-14.1358
0.005756,-14.1036
0.00576,-14.1197
0.005764,-14.1197
0.005768,-14.1197
0.005772,-14.1197
0.005776,-14.1036
0.00578,-14.1036
0.005784,-14.1036
0.005788,-14.1036
0.005792,-14.1036
0.005796,-14.1036
0.0058,-14.1036
0.005804,-14.1036
0.005808,-14.1036
0.005812,-14.1036
0.005816,-14.0875
0.00582,-14.1036
0.005824,-14.1036
0.005828,-14.0875
0.005832,-14.1036
0.005836,-14.0875
0.00584,-14.1036
0.005844,-14.0875
0.005848,-14.0875
0.005852,-14.0714
0.005856,-14.0714
0.00586,-14.1036
0.005864,-14.0875
0.005868,-14.0875
0.005872,-14.055299999999999
0.005876,-14.0714
0.00588,-14.0875
0.005884,-14.0875
0.005888,-14.0714
0.005892,-14.055299999999999
0.005896,-14.0875
0.0059,-14.0875
0.005904,-14.0714
0.005908,-14.0714
0.005912,-14.0714
0.005916,-14.055299999999999
0.00592,-14.0714
0.005924,-14.055299999999999
0.005928,-14.055299999999999
0.005932,-14.0392
0.005936,-14.055299999999999
0.00594,-14.055299999999999
0.005944,-14.055299999999999
0.005948,-14.0392
0.005952,-14.055299999999999
0.005956,-14.0392
0.00596,-14.055299999999999
0.005964,-14.055299999999999
0.005968,-14.055299999999999
0.005972,-14.0392
0.005976,-14.055299999999999
0.00598,-14.0392
0.005984,-14.0231
0.005988,-14.0392
0.005992,-14.0392
0.005996,-14.0231
0.006,-14.0392
0.006004,-14.0231
0.006008,-14.0392
0.006012,-14.0392
0.006016,-14.0231
0.00602,-14.0231
0.006024,-14.0231
0.006028,-14.0231
0.006032,-14.007
0.006036,-14.0231
0.00604,-14.007
0.006044,-14.007
0.006048,-14.0231
0.006052,-14.007
0.006056,-14.007
0.00606,-14.007
0.006064,-14.0231
0.006068,-14.007
0.006072,-13.9909
0.006076,-14.0231
0.00608,-14.007
0.006084,-14.007
0.006088,-13.9909
0.006092,-13.9909
0.006096,-14.0231
0.0061,-13.9909
0.006104,-14.007
0.006108,-13.9909
0.006112,-13.9909
0.006116,-14.007
0.00612,-13.9909
0.006124,-13.9748
0.006128,-13.9909
0.006132,-13.9748
0.006136,-13.9909
0.00614,-13.9909
0.006144,-13.9748
0.006148,-13.9748
0.006152,-13.9748
0.006156,-13.9748
0.00616,-13.9748
0.006164,-13.9909
0.006168,-13.9587
0.006172,-13.9909
0.006176,-13.9587
0.00618,-13.9587
0.006184,-13.9748
0.006188,-13.9587
0.006192,-13.9748
0.006196,-13.9587
0.0062,-13.9587
0.006204,-13.9587
0.006208,-13.9587
0.006212,-13.9748
0.006216,-13.9587
0.00622,-13.9426
0.006224,-13.9587
0.006228,-13.9426
0.006232,-13.9587
0.006236,-13.9587
0.00624,-13.9426
0.006244,-13.9426
0.006248,-13.9426
0.006252,-13.9587
0.006256,-13.9426
0.00626,-13.926499999999999
0.006264,-13.9426
0.006268,-13.9587
0.006272,-13.9426
0.006276,-13.926499999999999
0.00628,-13.926499999999999
0.006284,-13.9426
0.006288,-13.9426
0.006292,-13.926499999999999
0.006296,-13.9104
0.0063,-13.9426
0.006304,-13.926499999999999
0.006308,-13.926499999999999
0.006312,-13.926499999999999
0.006316,-13.9104
0.00632,-13.926499999999999
0.006324,-13.9104
0.006328,-13.9104
0.006332,-13.8943
0.006336,-13.9104
0.00634,-13.9104
0.006344,-13.9104
0.006348,-13.9104
0.006352,-13.9104
0.006356,-13.8943
0.00636,-13.8943
0.006364,-13.9104
0.006368,-13.8943
0.006372,-13.8943
0.006376,-13.8943
0.00638,-13.8943
0.006384,-13.9104
0.006388,-13.8943
0.006392,-13.8943
0.006396,-13.8943
0.0064,-13.8782
0.006404,-13.8943
0.006408,-13.8782
0.006412,-13.8782
0.006416,-13.8782
0.00642,-13.8782
0.006424,-13.8782
0.006428,-13.8782
0.006432,-13.8782
0.006436,-13.8782
0.00644,-13.8782
0.006444,-13.8621
0.006448,-13.8782
0.006452,-13.846
0.006456,-13.846
0.00646,-13.8621
0.006464,-13.8621
0.006468,-13.8621
0.006472,-13.8621
0.006476,-13.846
0.00648,-13.8621
0.006484,-13.846
0.006488,-13.8621
0.006492,-13.846
0.006496,-13.846
0.0065,-13.8621
0.006504,-13.846
0.006508,-13.846
0.006512,-13.846
0.006516,-13.846
0.00652,-13.846
0.006524,-13.8299
0.006528,-13.846
0.006532,-13.8299
0.006536,-13.846
0.00654,-13.846
0.006544,-13.8299
0.006548,-13.8299
0.006552,-13.8299
0.006556,-13.8299
0.00656,-13.8299
0.006564,-13.8299
0.006568,-13.8138
0.006572,-13.8299
0.006576,-13.8299
0.00658,-13.8299
0.006584,-13.8299
0.006588,-13.8138
0.006592,-13.8138
0.006596,-13.8299
0.0066,-13.8138
0.006604,-13.8138
0.006608,-13.797699999999999
0.006612,-13.8138
0.006616,-13.797699999999999
0.00662,-13.797699999999999
0.006624,-13.8138
0.006628,-13.797699999999999
0.006632,-13.797699999999999
0.006636,-13.797699999999999
0.00664,-13.797699999999999
0.006644,-13.797699999999999
0.006648,-13.797699999999999
0.006652,-13.7816
0.006656,-13.797699999999999
0.00666,-13.7816
0.006664,-13.797699999999999
0.006668,-13.7816
0.006672,-13.7816
0.006676,-13.797699999999999
0.00668,-13.7816
0.006684,-13.7816
0.006688,-13.7655
0.006692,-13.7816
0.006696,-13.7816
0.0067,-13.7816
0.006704,-13.7655
0.006708,-13.7816
0.006712,-13.7655
0.006716,-13.7655
0.00672,-13.7655
0.006724,-13.7655
0.006728,-13.7655
0.006732,-13.7494
0.006736,-13.7655
0.00674,-13.7494
0.006744,-13.7655
0.006748,-13.7655
0.006752,-13.7494
0.006756,-13.7494
0.00676,-13.7333
0.006764,-13.7655
0.006768,-13.7494
0.006772,-13.7655
0.006776,-13.7333
0.00678,-13.7333
0.006784,-13.7494
0.006788,-13.7333
0.006792,-13.7494
0.006796,-13.7333
0.0068,-13.7494
0.006804,-13.7333
0.006808,-13.7172
0.006812,-13.7494
0.006816,-13.7172
0.00682,-13.7333
0.006824,-13.7333
0.006828,-13.7172
0.006832,-13.7333
0.006836,-13.7172
0.00684,-13.7494
0.006844,-13.7172
0.006848,-13.7172
0.006852,-13.7172
0.006856,-13.7011
0.00686,-13.7172
0.006864,-13.7172
0.006868,-13.7011
0.006872,-13.7172
0.006876,-13.7011
0.00688,-13.7172
0.006884,-13.7172
0.006888,-13.7011
0.006892,-13.7011
0.006896,-13.7011
0.0069,-13.7011
0.006904,-13.7011
0.006908,-13.7011
0.006912,-13.7011
0.006916,-13.7011
0.00692,-13.685
0.006924,-13.685
0.006928,-13.685
0.006932,-13.685
0.006936,-13.7011
0.00694,-13.685
0.006944,-13.685
0.006948,-13.685
0.006952,-13.685
0.006956,-13.668899999999999
0.00696,-13.685
0.006964,-13.668899999999999
0.006968,-13.668899999999999
0.006972,-13.668899999999999
0.006976,-13.668899999999999
0.00698,-13.668899999999999
0.006984,-13.6528
0.006988,-13.685
0.006992,-13.6528
0.006996,-13.6367
0.007,-13.668899999999999
0.007004,-13.6528
0.007008,-13.668899999999999
0.007012,-13.668899999999999
0.007016,-13.6367
0.00702,-13.668899999999999
0.007024,-13.6367
0.007028,-13.6528
0.007032,-13.668899999999999
0.007036,-13.6367
0.00704,-13.6528
0.007044,-13.6367
0.007048,-13.6528
0.007052,-13.6367
0.007056,-13.6367
0.00706,-13.6206
0.007064,-13.6528
0.007068,-13.6367
0.007072,-13.6528
0.007076,-13.6045
0.00708,-13.6367
0.007084,-13.6206
0.007088,-13.6367
0.007092,-13.6206
0.007096,-13.6206
0.0071,-13.6206
0.007104,-13.6206
0.007108,-13.6045
0.007112,-13.6206
0.007116,-13.6045
0.00712,-13.6206
0.007124,-13.5884
0.007128,-13.6206
0.007132,-13.6045
0.007136,-13.6045
0.00714,-13.6206
0.007144,-13.6045
0.007148,-13.5884
0.007152,-13.6045
0.007156,-13.6045
0.00716,-13.6045
0.007164,-13.5884
0.007168,-13.5884
0.007172,-13.6045
0.007176,-13.5723
0.00718,-13.5884
0.007184,-13.5884
0.007188,-13.5723
0.007192,-13.5884
0.007196,-13.5723
0.0072,-13.5723
0.007204,-13.5723
0.007208,-13.5723
0.007212,-13.5723
0.007216,-13.5723
0.00722,-13.5723
0.007224,-13.5562
0.007228,-13.5723
0.007232,-13.5884
0.007236,-13.5723
0.00724,-13.5562
0.007244,-13.540099999999999
0.007248,-13.5723
0.007252,-13.5723
0.007256,-13.5562
0.00726,-13.540099999999999
0.007264,-13.5562
0.007268,-13.5562
0.007272,-13.5723
0.007276,-13.5562
0.00728,-13.540099999999999
0.007284,-13.540099999999999
0.007288,-13.540099999999999
0.007292,-13.540099999999999
0.007296,-13.540099999999999
0.0073,-13.540099999999999
0.007304,-13.524
0.007308,-13.5562
0.007312,-13.540099999999999
0.007316,-13.524
0.00732,-13.540099999999999
0.007324,-13.524
0.007328,-13.524
0.007332,-13.540099999999999
0.007336,-13.524
0.00734,-13.524
0.007344,-13.524
0.007348,-13.5079
0.007352,-13.524
0.007356,-13.5079
0.00736,-13.5079
0.007364,-13.524
0.007368,-13.4918
0.007372,-13.5079
0.007376,-13.5079
0.00738,-13.5079
0.007384,-13.5079
0.007388,-13.4918
0.007392,-13.5079
0.007396,-13.5079
0.0074,-13.4918
0.007404,-13.524
0.007408,-13.4918
0.007412,-13.4918
0.007416,-13.4918
0.00742,-13.4918
0.007424,-13.4757
0.007428,-13.4918
0.007432,-13.4757
0.007436,-13.4918
0.00744,-13.4757
0.007444,-13.4918
0.007448,-13.4918
0.007452,-13.4596
0.007456,-13.4918
0.00746,-13.4757
0.007464,-13.4757
0.007468,-13.4757
0.007472,-13.4596
0.007476,-13.4757
0.00748,-13.4757
0.007484,-13.4596
0.007488,-13.4757
0.007492,-13.4435
0.007496,-13.4596
0.0075,-13.4757
0.007504,-13.4596
0.007508,-13.4435
0.007512,-13.4596
0.007516,-13.4596
0.00752,-13.4435
0.007524,-13.4435
0.007528,-13.4435
0.007532,-13.4435
0.007536,-13.4596
0.00754,-13.4435
0.007544,-13.4274
0.007548,-13.4274
0.007552,-13.4435
0.007556,-13.4435
0.00756,-13.4274
0.007564,-13.4274
0.007568,-13.411299999999999
0.007572,-13.4274
0.007576,-13.4274
0.00758,-13.4274
0.007584,-13.4274
0.007588,-13.411299999999999
0.007592,-13.4274
0.007596,-13.411299999999999
0.0076,-13.411299999999999
0.007604,-13.411299999999999
0.007608,-13.411299999999999
0.007612,-13.411299999999999
0.007616,-13.411299999999999
0.00762,-13.411299999999999
0.007624,-13.411299999999999
0.007628,-13.411299999999999
0.007632,-13.395199999999999
0.007636,-13.411299999999999
0.00764,-13.395199999999999
0.007644,-13.395199999999999
0.007648,-13.411299999999999
0.007652,-13.395199999999999
0.007656,-13.3791
0.00766,-13.3791
0.007664,-13.3791
0.007668,-13.3791
0.007672,-13.3791
0.007676,-13.3791
0.00768,-13.3791
0.007684,-13.363
0.007688,-13.395199999999999
0.007692,-13.3791
0.007696,-13.3791
0.0077,-13.363
0.007704,-13.3791
0.007708,-13.363
0.007712,-13.3791
0.007716,-13.3791
0.00772,-13.363
0.007724,-13.363
0.007728,-13.363
0.007732,-13.363
0.007736,-13.3469
0.00774,-13.363
0.007744,-13.3469
0.007748,-13.3469
0.007752,-13.363
0.007756,-13.3469
0.00776,-13.3469
0.007764,-13.3469
0.007768,-13.3469
0.007772,-13.3469
0.007776,-13.363
0.00778,-13.3308
0.007784,-13.3469
0.007788,-13.3469
0.007792,-13.3308
0.007796,-13.3308
0.0078,-13.3469
0.007804,-13.3308
0.007808,-13.3308
0.007812,-13.3308
0.007816,-13.3308
0.00782,-13.3308
0.007824,-13.3308
0.007828,-13.3308
0.007832,-13.3147
0.007836,-13.3147
0.00784,-13.3308
0.007844,-13.3147
0.007848,-13.2986
0.007852,-13.3308
0.007856,-13.3147
0.00786,-13.3147
0.007864,-13.3147
0.007868,-13.2986
0.007872,-13.3147
0.007876,-13.3147
0.00788,-13.2986
0.007884,-13.2986
0.007888,-13.2825
0.007892,-13.2986
0.007896,-13.2986
0.0079,-13.2986
0.007904,-13.2986
0.007908,-13.2825
0.007912,-13.2825
0.007916,-13.2986
0.00792,-13.2825
0.007924,-13.2825
0.007928,-13.2825
0.007932,-13.266399999999999
0.007936,-13.266399999999999
0.00794,-13.2825
0.007944,-13.2825
0.007948,-13.2825
0.007952,-13.266399999999999
0.007956,-13.2503
0.00796,-13.266399999999999
0.007964,-13.2825
0.007968,-13.266399999999999
0.007972,-13.2503
0.007976,-13.2503
0.00798,-13.266399999999999
0.007984,-13.2503
0.007988,-13.2503
0.007992,-13.2503
0.007996,-13.2503
0.008,-13.2503
0.008004,-13.2503
0.008008,-13.2503
0.008012,-13.2503
0.008016,-13.2503
0.00802,-13.2503
0.008024,-13.2503
0.008028,-13.2342
0.008032,-13.2181
0.008036,-13.2342
0.00804,-13.2342
0.008044,-13.2342
0.008048,-13.2342
0.008052,-13.2181
0.008056,-13.2181
0.00806,-13.2342
0.008064,-13.2342
0.008068,-13.2181
0.008072,-13.2181
0.008076,-13.2342
0.00808,-13.2181
0.008084,-13.2181
0.008088,-13.202
0.008092,-13.202
0.008096,-13.2181
0.0081,-13.2181
0.008104,-13.2181
0.008108,-13.202
0.008112,-13.202
0.008116,-13.2181
0.00812,-13.1859
0.008124,-13.202
0.008128,-13.1859
0.008132,-13.202
0.008136,-13.202
0.00814,-13.1859
0.008144,-13.1859
0.008148,-13.1859
0.008152,-13.202
0.008156,-13.1698
0.00816,-13.202
0.008164,-13.1859
0.008168,-13.1859
0.008172,-13.202
0.008176,-13.1698
0.00818,-13.1698
0.008184,-13.1698
0.008188,-13.1698
0.008192,-13.1859
0.008196,-13.1698
0.0082,-13.1698
0.008204,-13.1698
0.008208,-13.1537
0.008212,-13.1698
0.008216,-13.1537
0.00822,-13.1537
0.008224,-13.1698
0.008228,-13.1537
0.008232,-13.1537
0.008236,-13.1698
0.00824,-13.1537
0.008244,-13.137599999999999
0.008248,-13.1537
0.008252,-13.1537
0.008256,-13.137599999999999
0.00826,-13.137599999999999
0.008264,-13.1537
0.008268,-13.137599999999999
0.008272,-13.137599999999999
0.008276,-13.137599999999999
0.00828,-13.137599999999999
0.008284,-13.137599999999999
0.008288,-13.137599999999999
0.008292,-13.1215
0.008296,-13.1215
0.0083,-13.1215
0.008304,-13.1215
0.008308,-13.1215
0.008312,-13.1215
0.008316,-13.1054
0.00832,-13.137599999999999
0.008324,-13.1054
0.008328,-13.1054
0.008332,-13.1215
0.008336,-13.1054
0.00834,-13.1054
0.008344,-13.0893
0.008348,-13.1215
0.008352,-13.1054
0.008356,-13.0732
0.00836,-13.1054
0.008364,-13.0893
0.008368,-13.0893
0.008372,-13.1054
0.008376,-13.0893
0.00838,-13.0893
0.008384,-13.0893
0.008388,-13.0893
0.008392,-13.0893
0.008396,-13.0732
0.0084,-13.0893
0.008404,-13.0732
0.008408,-13.0893
0.008412,-13.0732
0.008416,-13.0571
0.00842,-13.0732
0.008424,-13.0732
0.008428,-13.0732
0.008432,-13.0571
0.008436,-13.0732
0.00844,-13.0732
0.008444,-13.0571
0.008448,-13.0732
0.008452,-13.0571
0.008456,-13.0571
0.00846,-13.0571
0.008464,-13.0571
0.008468,-13.041
0.008472,-13.041
0.008476,-13.041
0.00848,-13.0571
0.008484,-13.041
0.008488,-13.041
0.008492,-13.041
0.008496,-13.0571
0.0085,-13.041
0.008504,-13.0249
0.008508,-13.041
0.008512,-13.0249
0.008516,-13.041
0.00852,-13.041
0.008524,-13.0249
0.008528,-13.0249
0.008532,-13.0249
0.008536,-13.041
0.00854,-13.0249
0.008544,-13.0249
0.008548,-13.008799999999999
0.008552,-13.008799999999999
0.008556,-13.0249
0.00856,-13.008799999999999
0.008564,-13.0249
0.008568,-13.008799999999999
0.008572,-13.008799999999999
0.008576,-13.008799999999999
0.00858,-12.9927
0.008584,-13.008799999999999
0.008588,-12.9927
0.008592,-13.008799999999999
0.008596,-13.008799999999999
0.0086,-12.9927
0.008604,-12.9927
0.008608,-12.9927
0.008612,-12.9766
0.008616,-12.9927
0.00862,-12.9766
0.008624,-12.9927
0.008628,-12.9766
0.008632,-12.9605
0.008636,-12.9927
0.00864,-12.9605
0.008644,-12.9766
0.008648,-12.9605
0.008652,-12.9766
0.008656,-12.9766
0.00866,-12.9605
0.008664,-12.9605
0.008668,-12.9605
0.008672,-12.9605
0.008676,-12.9605
0.00868,-12.9605
0.008684,-12.9605
0.008688,-12.9605
0.008692,-12.9444
0.008696,-12.9444
0.0087,-12.9605
0.008704,-12.9444
0.008708,-12.9283
0.008712,-12.9605
0.008716,-12.9444
0.00872,-12.9122
0.008724,-12.9444
0.008728,-12.9283
0.008732,-12.9444
0.008736,-12.9283
0.00874,-12.9283
0.008744,-12.9283
0.008748,-12.9122
0.008752,-12.9283
0.008756,-12.9283
0.00876,-12.9122
0.008764,-12.9283
0.008768,-12.9122
0.008772,-12.9122
0.008776,-12.9122
0.00878,-12.9122
0.008784,-12.9122
0.008788,-12.9122
0.008792,-12.879999999999999
0.008796,-12.9122
0.0088,-12.9122
0.008804,-12.8961
0.008808,-12.9122
0.008812,-12.879999999999999
0.008816,-12.879999999999999
0.00882,-12.8961
0.008824,-12.879999999999999
0.008828,-12.8961
0.008832,-12.8961
0.008836,-12.8961
0.00884,-12.879999999999999
0.008844,-12.879999999999999
0.008848,-12.8961
0.008852,-12.8639
0.008856,-12.8639
0.00886,-12.8961
0.008864,-12.879999999999999
0.008868,-12.8639
0.008872,-12.8639
0.008876,-12.8639
0.00888,-12.879999999999999
0.008884,-12.8639
0.008888,-12.8639
0.008892,-12.8639
0.008896,-12.8478
0.0089,-12.8639
0.008904,-12.8478
0.008908,-12.8478
0.008912,-12.8478
0.008916,-12.8478
0.00892,-12.8478
0.008924,-12.8478
0.008928,-12.8317
0.008932,-12.8317
0.008936,-12.8478
0.00894,-12.8156
0.008944,-12.8317
0.008948,-12.8317
0.008952,-12.8317
0.008956,-12.8317
0.00896,-12.8317
0.008964,-12.8317
0.008968,-12.8156
0.008972,-12.8156
0.008976,-12.8317
0.00898,-12.8156
0.008984,-12.8317
0.008988,-12.7995
0.008992,-12.8156
0.008996,-12.8156
0.009,-12.8156
0.009004,-12.7995
0.009008,-12.7834
0.009012,-12.8156
0.009016,-12.8156
0.00902,-12.7995
0.009024,-12.7834
0.009028,-12.7995
0.009032,-12.8156
0.009036,-12.7995
0.00904,-12.7834
0.009044,-12.7995
0.009048,-12.7834
0.009052,-12.7834
0.009056,-12.7834
0.00906,-12.7834
0.009064,-12.7995
0.009068,-12.7834
0.009072,-12.7673
0.009076,-12.7834
0.00908,-12.7673
0.009084,-12.7673
0.009088,-12.7834
0.009092,-12.7673
0.009096,-12.7673
0.0091,-12.751199999999999
0.009104,-12.7673
0.009108,-12.7673
0.009112,-12.751199999999999
0.009116,-12.751199999999999
0.00912,-12.751199999999999
0.009124,-12.751199999999999
0.009128,-12.751199999999999
0.009132,-12.751199999999999
0.009136,-12.7351
0.00914,-12.751199999999999
0.009144,-12.7351
0.009148,-12.7351
0.009152,-12.7351
0.009156,-12.719
0.00916,-12.751199999999999
0.009164,-12.7351
0.009168,-12.719
0.009172,-12.7351
0.009176,-12.719
0.00918,-12.719
0.009184,-12.719
0.009188,-12.719
0.009192,-12.719
0.009196,-12.7351
0.0092,-12.7351
0.009204,-12.719
0.009208,-12.719
0.009212,-12.7029
0.009216,-12.7029
0.00922,-12.7029
0.009224,-12.719
0.009228,-12.7029
0.009232,-12.7029
0.009236,-12.6868
0.00924,-12.6868
0.009244,-12.7029
0.009248,-12.7029
0.009252,-12.6868
0.009256,-12.6868
0.00926,-12.6868
0.009264,-12.6868
0.009268,-12.6868
0.009272,-12.6868
0.009276,-12.6868
0.00928,-12.6707
0.009284,-12.6707
0.009288,-12.6868
0.009292,-12.6707
0.009296,-12.6546
0.0093,-12.6707
0.009304,-12.6707
0.009308,-12.6707
0.009312,-12.6707
0.009316,-12.6707
0.00932,-12.6707
0.009324,-12.6546
0.009328,-12.6546
0.009332,-12.6546
0.009336,-12.6546
0.00934,-12.6546
0.009344,-12.6546
0.009348,-12.6385
0.009352,-12.6546
0.009356,-12.6385
0.00936,-12.6385
0.009364,-12.6385
0.009368,-12.6546
0.009372,-12.6385
0.009376,-12.6385
0.00938,-12.622399999999999
0.009384,-12.622399999999999
0.009388,-12.622399999999999
0.009392,-12.622399999999999
0.009396,-12.622399999999999
0.0094,-12.622399999999999
0.009404,-12.622399999999999
0.009408,-12.622399999999999
0.009412,-12.622399999999999
0.009416,-12.622399999999999
0.00942,-12.622399999999999
0.009424,-12.622399999999999
0.009428,-12.6063
0.009432,-12.622399999999999
0.009436,-12.6063
0.00944,-12.6063
0.009444,-12.6063
0.009448,-12.5902
0.009452,-12.5902
0.009456,-12.6063
0.00946,-12.5902
0.009464,-12.5741
0.009468,-12.5902
0.009472,-12.5902
0.009476,-12.6063
0.00948,-12.5741
0.009484,-12.5741
0.009488,-12.5741
0.009492,-12.5741
0.009496,-12.5902
0.0095,-12.5902
0.009504,-12.5741
0.009508,-12.5741
0.009512,-12.5741
0.009516,-12.5741
0.00952,-12.5741
0.009524,-12.558
0.009528,-12.558
0.009532,-12.558
0.009536,-12.558
0.00954,-12.558
0.009544,-12.558
0.009548,-12.558
0.009552,-12.558
0.009556,-12.5419
0.00956,-12.5419
0.009564,-12.5419
0.009568,-12.5419
0.009572,-12.558
0.009576,-12.5419
0.00958,-12.5258
0.009584,-12.5419
0.009588,-12.5258
0.009592,-12.5258
0.009596,-12.5258
0.0096,-12.5258
0.009604,-12.5258
0.009608,-12.5258
0.009612,-12.5258
0.009616,-12.5258
0.00962,-12.5258
0.009624,-12.5097
0.009628,-12.5097
0.009632,-12.5097
0.009636,-12.5258
0.00964,-12.5097
0.009644,-12.493599999999999
0.009648,-12.5097
0.009652,-12.5097
0.009656,-12.493599999999999
0.00966,-12.493599999999999
0.009664,-12.493599999999999
0.009668,-12.493599999999999
0.009672,-12.5097
0.009676,-12.4775
0.00968,-12.493599999999999
0.009684,-12.493599999999999
0.009688,-12.4775
0.009692,-12.493599999999999
0.009696,-12.493599999999999
0.0097,-12.493599999999999
0.009704,-12.493599999999999
0.009708,-12.4775
0.009712,-12.4775
0.009716,-12.4775
0.00972,-12.4614
0.009724,-12.4775
0.009728,-12.4614
0.009732,-12.4775
0.009736,-12.4614
0.00974,-12.4775
0.009744,-12.4453
0.009748,-12.4614
0.009752,-12.4453
0.009756,-12.4614
0.00976,-12.4453
0.009764,-12.4614
0.009768,-12.4453
0.009772,-12.4453
0.009776,-12.4292
0.00978,-12.4453
0.009784,-12.4292
0.009788,-12.4453
0.009792,-12.4131
0.009796,-12.4453
0.0098,-12.4292
0.009804,-12.4292
0.009808,-12.4292
0.009812,-12.4131
0.009816,-12.4292
0.00982,-12.4292
0.009824,-12.4131
0.009828,-12.4453
0.009832,-12.4131
0.009836,-12.4131
0.00984,-12.4131
0.009844,-12.397
0.009848,-12.4292
0.009852,-12.4131
0.009856,-12.3809
0.00986,-12.4292
0.009864,-12.397
0.009868,-12.4131
0.009872,-12.4131
0.009876,-12.3809
0.00988,-12.397
0.009884,-12.397
0.009888,-12.397
0.009892,-12.397
0.009896,-12.3809
0.0099,-12.397
0.009904,-12.364799999999999
0.009908,-12.397
0.009912,-12.3809
0.009916,-12.3809
0.00992,-12.3809
0.009924,-12.3487
0.009928,-12.3809
0.009932,-12.364799999999999
0.009936,-12.3809
0.00994,-12.3809
0.009944,-12.3487
0.009948,-12.364799999999999
0.009952,-12.364799999999999
0.009956,-12.3487
0.00996,-12.3487
0.009964,-12.3326
0.009968,-12.3487
0.009972,-12.3487
0.009976,-12.3487
0.00998,-12.3487
0.009984,-12.3326
0.009988,-12.3487
0.009992,-12.3326
0.009996,-12.3326
0.01,-12.3487
0.010004,-12.3326
0.010008,-12.3326
0.010012,-12.3487
0.010016,-12.3326
0.01002,-12.3165
0.010024,-12.3165
0.010028,-12.3165
0.010032,-12.3326
0.010036,-12.3165
0.01004,-12.3004
0.010044,-12.3165
0.010048,-12.3165
0.010052,-12.3165
0.010056,-12.3004
0.01006,-12.3004
0.010064,-12.3165
0.010068,-12.3004
0.010072,-12.3004
0.010076,-12.3004
0.01008,-12.2843
0.010084,-12.3004
0.010088,-12.3165
0.010092,-12.3004
0.010096,-12.3004
0.0101,-12.2843
0.010104,-12.2843
0.010108,-12.2843
0.010112,-12.2843
0.010116,-12.2843
0.01012,-12.2682
0.010124,-12.2682
0.010128,-12.2682
0.010132,-12.2682
0.010136,-12.2682
0.01014,-12.2843
0.010144,-12.2682
0.010148,-12.2682
0.010152,-12.2682
0.010156,-12.236
0.01016,-12.2682
0.010164,-12.2521
0.010168,-12.2521
0.010172,-12.2682
0.010176,-12.236
0.01018,-12.2521
0.010184,-12.2521
0.010188,-12.236
0.010192,-12.2521
0.010196,-12.236
0.0102,-12.236
0.010204,-12.2521
0.010208,-12.219899999999999
0.010212,-12.236
0.010216,-12.219899999999999
0.01022,-12.219899999999999
0.010224,-12.219899999999999
0.010228,-12.219899999999999
0.010232,-12.219899999999999
0.010236,-12.219899999999999
0.01024,-12.219899999999999
0.010244,-12.2038
0.010248,-12.219899999999999
0.010252,-12.2038
0.010256,-12.2038
0.01026,-12.2038
0.010264,-12.2038
0.010268,-12.2038
0.010272,-12.2038
0.010276,-12.2038
0.01028,-12.2038
0.010284,-12.1877
0.010288,-12.1877
0.010292,-12.2038
0.010296,-12.1877
0.0103,-12.1716
0.010304,-12.1877
0.010308,-12.1716
0.010312,-12.1877
0.010316,-12.1716
0.01032,-12.1716
0.010324,-12.1716
0.010328,-12.1716
0.010332,-12.1716
0.010336,-12.1716
0.01034,-12.1716
0.010344,-12.1716
0.010348,-12.1555
0.010352,-12.1555
0.010356,-12.1555
0.01036,-12.1555
0.010364,-12.1716
0.010368,-12.1394
0.010372,-12.1555
0.010376,-12.1555
0.01038,-12.1555
0.010384,-12.1394
0.010388,-12.1394
0.010392,-12.1555
0.010396,-12.1394
0.0104,-12.1555
0.010404,-12.1394
0.010408,-12.1394
0.010412,-12.1394
0.010416,-12.1394
0.01042,-12.1233
0.010424,-12.1072
0.010428,-12.1072
0.010432,-12.1233
0.010436,-12.1233
0.01044,-12.1233
0.010444,-12.1072
0.010448,-12.1072
0.010452,-12.1233
0.010456,-12.1233
0.01046,-12.1072
0.010464,-12.1072
0.010468,-12.1072
0.010472,-12.091099999999999
0.010476,-12.1072
0.01048,-12.091099999999999
0.010484,-12.091099999999999
0.010488,-12.075
0.010492,-12.091099999999999
0.010496,-12.091099999999999
0.0105,-12.091099999999999
0.010504,-12.091099999999999
0.010508,-12.091099999999999
0.010512,-12.075
0.010516,-12.075
0.01052,-12.075
0.010524,-12.075
0.010528,-12.075
0.010532,-12.075
0.010536,-12.075
0.01054,-12.075
0.010544,-12.0589
0.010548,-12.0589
0.010552,-12.0589
0.010556,-12.0589
0.01056,-12.0428
0.010564,-12.0428
0.010568,-12.0589
0.010572,-12.0428
0.010576,-12.0428
0.01058,-12.0428
0.010584,-12.0428
0.010588,-12.0428
0.010592,-12.0589
0.010596,-12.0267
0.0106,-12.0267
0.010604,-12.0428
0.010608,-12.0267
0.010612,-12.0267
0.010616,-12.0267
0.01062,-12.0267
0.010624,-12.0267
0.010628,-12.0267
0.010632,-12.0267
0.010636,-12.0267
0.01064,-12.0106
0.010644,-12.0106
0.010648,-12.0106
0.010652,-12.0106
0.010656,-12.0106
0.01066,-12.0106
0.010664,-11.9945
0.010668,-12.0106
0.010672,-11.9784
0.010676,-12.0106
0.01068,-11.9945
0.010684,-11.9945
0.010688,-11.9945
0.010692,-11.9945
0.010696,-11.9784
0.0107,-11.9945
0.010704,-11.9784
0.010708,-11.962299999999999
0.010712,-11.9784
0.010716,-11.9784
0.01072,-11.9945
0.010724,-11.9462
0.010728,-11.9784
0.010732,-11.9784
0.010736,-11.962299999999999
0.01074,-11.962299999999999
0.010744,-11.962299999999999
0.010748,-11.962299999999999
0.010752,-11.9462
0.010756,-11.9462
0.01076,-11.9462
0.010764,-11.9462
0.010768,-11.9462
0.010772,-11.9462
0.010776,-11.9462
0.01078,-11.9462
0.010784,-11.9301
0.010788,-11.9462
0.010792,-11.9462
0.010796,-11.9462
0.0108,-11.9301
0.010804,-11.914
0.010808,-11.9462
0.010812,-11.9301
0.010816,-11.9301
0.01082,-11.914
0.010824,-11.914
0.010828,-11.914
0.010832,-11.914
0.010836,-11.9301
0.01084,-11.8979
0.010844,-11.8979
0.010848,-11.914
0.010852,-11.8979
0.010856,-11.914
0.01086,-11.8979
0.010864,-11.914
0.010868,-11.8979
0.010872,-11.8979
0.010876,-11.8818
0.01088,-11.8818
0.010884,-11.8979
0.010888,-11.8818
0.010892,-11.8818
0.010896,-11.8818
0.0109,-11.8657
0.010904,-11.8979
0.010908,-11.8657
0.010912,-11.8818
0.010916,-11.8657
0.01092,-11.8657
0.010924,-11.8818
0.010928,-11.8657
0.010932,-11.8657
0.010936,-11.8818
0.01094,-11.8496
0.010944,-11.8657
0.010948,-11.8496
0.010952,-11.8496
0.010956,-11.8496
0.01096,-11.8496
0.010964,-11.8657
0.010968,-11.833499999999999
0.010972,-11.8496
0.010976,-11.833499999999999
0.01098,-11.833499999999999
0.010984,-11.833499999999999
0.010988,-11.833499999999999
0.010992,-11.833499999999999
0.010996,-11.8174
0.011,-11.833499999999999
0.011004,-11.8174
0.011008,-11.8174
0.011012,-11.8174
0.011016,-11.8013
0.01102,-11.8174
0.011024,-11.8013
0.011028,-11.8013
0.011032,-11.833499999999999
0.011036,-11.8013
0.01104,-11.8013
0.011044,-11.8013
0.011048,-11.7852
0.011052,-11.8013
0.011056,-11.7852
0.01106,-11.8013
0.011064,-11.7852
0.011068,-11.7852
0.011072,-11.8013
0.011076,-11.7852
0.01108,-11.7852
0.011084,-11.7852
0.011088,-11.7691
0.011092,-11.7691
0.011096,-11.7691
0.0111,-11.7852
0.011104,-11.7691
0.011108,-11.753
0.011112,-11.7691
0.011116,-11.7691
0.01112,-11.753
0.011124,-11.753
0.011128,-11.7691
0.011132,-11.753
0.011136,-11.7691
0.01114,-11.753
0.011144,-11.753
0.011148,-11.753
0.011152,-11.7369
0.011156,-11.753
0.01116,-11.7369
0.011164,-11.7369
0.011168,-11.753
0.011172,-11.7369
0.011176,-11.7369
0.01118,-11.753
0.011184,-11.7369
0.011188,-11.7369
0.011192,-11.7369
0.011196,-11.7208
0.0112,-11.704699999999999
0.011204,-11.7208
0.011208,-11.7369
0.011212,-11.704699999999999
0.011216,-11.7208
0.01122,-11.7208
0.011224,-11.704699999999999
0.011228,-11.704699999999999
0.011232,-11.704699999999999
0.011236,-11.7208
0.01124,-11.6886
0.011244,-11.704699999999999
0.011248,-11.6886
0.011252,-11.6886
0.011256,-11.6886
0.01126,-11.6886
0.011264,-11.6886
0.011268,-11.6725
0.011272,-11.6886
0.011276,-11.6725
0.01128,-11.6725
0.011284,-11.6886
0.011288,-11.6725
0.011292,-11.6725
0.011296,-11.6725
0.0113,-11.6725
0.011304,-11.6725
0.011308,-11.6725
0.011312,-11.6725
0.011316,-11.6564
0.01132,-11.6564
0.011324,-11.6564
0.011328,-11.6564
0.011332,-11.6564
0.011336,-11.6564
0.01134,-11.6564
0.011344,-11.6403
0.011348,-11.6403
0.011352,-11.6403
0.011356,-11.6403
0.01136,-11.6403
0.011364,-11.6403
0.011368,-11.6403
0.011372,-11.6242
0.011376,-11.6403
0.01138,-11.6242
0.011384,-11.6403
0.011388,-11.6403
0.011392,-11.592
0.011396,-11.6242
0.0114,-11.6242
0.011404,-11.6242
0.011408,-11.6081
0.011412,-11.6081
0.011416,-11.6081
0.01142,-11.6081
0.011424,-11.6081
0.011428,-11.6081
0.011432,-11.592
0.011436,-11.6081
0.01144,-11.592
0.011444,-11.592
0.011448,-11.592
0.011452,-11.575899999999999
0.011456,-11.592
0.01146,-11.575899999999999
0.011464,-11.575899999999999
0.011468,-11.575899999999999
0.011472,-11.592
0.011476,-11.575899999999999
0.01148,-11.575899999999999
0.011484,-11.575899999999999
0.011488,-11.5598
0.011492,-11.5598
0.011496,-11.575899999999999
0.0115,-11.5598
0.011504,-11.575899999999999
0.011508,-11.5598
0.011512,-11.5598
0.011516,-11.5598
0.01152,-11.5598
0.011524,-11.5437
0.011528,-11.5437
0.011532,-11.5437
0.011536,-11.5437
0.01154,-11.5598
0.011544,-11.5437
0.011548,-11.5115
0.011552,-11.5437
0.011556,-11.5276
0.01156,-11.5276
0.011564,-11.5276
0.011568,-11.5115
0.011572,-11.5276
0.011576,-11.5115
0.01158,-11.5115
0.011584,-11.5276
0.011588,-11.5115
0.011592,-11.5276
0.011596,-11.5115
0.0116,-11.5115
0.011604,-11.5115
0.011608,-11.5115
0.011612,-11.5115
0.011616,-11.5115
0.01162,-11.5115
0.011624,-11.4954
0.011628,-11.4954
0.011632,-11.4954
0.011636,-11.4954
0.01164,-11.4954
0.011644,-11.5115
0.011648,-11.4954
0.011652,-11.4793
0.011656,-11.4793
0.01166,-11.4793
0.011664,-11.4793
0.011668,-11.4793
0.011672,-11.4954
0.011676,-11.4632
0.01168,-11.4793
0.011684,-11.4632
0.011688,-11.4632
0.011692,-11.4632
0.011696,-11.4632
0.0117,-11.4632
0.011704,-11.447099999999999
0.011708,-11.4632
0.011712,-11.447099999999999
0.011716,-11.447099999999999
0.01172,-11.447099999999999
0.011724,-11.447099999999999
0.011728,-11.447099999999999
0.011732,-11.447099999999999
0.011736,-11.447099999999999
0.01174,-11.431
0.011744,-11.447099999999999
0.011748,-11.447099999999999
0.011752,-11.4149
0.011756,-11.431
0.01176,-11.431
0.011764,-11.431
0.011768,-11.431
0.011772,-11.3988
0.011776,-11.431
0.01178,-11.431
0.011784,-11.4149
0.011788,-11.4149
0.011792,-11.3988
0.011796,-11.4149
0.0118,-11.3988
0.011804,-11.3827
0.011808,-11.3988
0.011812,-11.3988
0.011816,-11.3988
0.01182,-11.3988
0.011824,-11.3827
0.011828,-11.3666
0.011832,-11.3827
0.011836,-11.3988
0.01184,-11.3827
0.011844,-11.3827
0.011848,-11.3666
0.011852,-11.3827
0.011856,-11.3827
0.01186,-11.3666
0.011864,-11.3666
0.011868,-11.3666
0.011872,-11.3827
0.011876,-11.3666
0.01188,-11.3666
0.011884,-11.3505
0.011888,-11.3344
0.011892,-11.3666
0.011896,-11.3505
0.0119,-11.3505
0.011904,-11.3505
0.011908,-11.3344
0.011912,-11.3505
0.011916,-11.3505
0.01192,-11.3183
0.011924,-11.3505
0.011928,-11.3344
0.011932,-11.3344
0.011936,-11.3344
0.01194,-11.3183
0.011944,-11.3183
0.011948,-11.3183
0.011952,-11.3183
0.011956,-11.3183
0.01196,-11.3022
0.011964,-11.3183
0.011968,-11.3022
0.011972,-11.3022
0.011976,-11.3183
0.01198,-11.3022
0.011984,-11.2861
0.011988,-11.3022
0.011992,-11.3022
0.011996,-11.2861
0.012,-11.3022
0.012004,-11.2861
0.012008,-11.2861
0.012012,-11.2861
0.012016,-11.2861
0.01202,-11.2861
0.012024,-11.27
0.012028,-11.27
0.012032,-11.27
0.012036,-11.2861
0.01204,-11.27
0.012044,-11.27
0.012048,-11.27
0.012052,-11.2539
0.012056,-11.27
0.01206,-11.27
0.012064,-11.27
0.012068,-11.2539
0.012072,-11.2539
0.012076,-11.2539
0.01208,-11.2539
0.012084,-11.2539
0.012088,-11.2378
0.012092,-11.2539
0.012096,-11.2378
0.0121,-11.2539
0.012104,-11.2217
0.012108,-11.2378
0.012112,-11.2378
0.012116,-11.2217
0.01212,-11.2217
0.012124,-11.2378
0.012128,-11.2217
0.012132,-11.2217
0.012136,-11.2056
0.01214,-11.2217
0.012144,-11.2217
0.012148,-11.2217
0.012152,-11.2056
0.012156,-11.2056
0.01216,-11.2056
0.012164,-11.2056
0.012168,-11.2056
0.012172,-11.1895
0.012176,-11.2056
0.01218,-11.1895
0.012184,-11.1895
0.012188,-11.2056
0.012192,-11.1895
0.012196,-11.173399999999999
0.0122,-11.173399999999999
0.012204,-11.173399999999999
0.012208,-11.1895
0.012212,-11.173399999999999
0.012216,-11.173399999999999
0.01222,-11.1895
0.012224,-11.173399999999999
0.012228,-11.173399999999999
0.012232,-11.173399999999999
0.012236,-11.173399999999999
0.01224,-11.1573
0.012244,-11.173399999999999
0.012248,-11.1573
0.012252,-11.1573
0.012256,-11.1573
0.01226,-11.1573
0.012264,-11.1412
0.012268,-11.1412
0.012272,-11.1412
0.012276,-11.1412
0.01228,-11.1412
0.012284,-11.1412
0.012288,-11.1412
0.012292,-11.1412
0.012296,-11.1412
0.0123,-11.109
0.012304,-11.1251
0.012308,-11.1251
0.012312,-11.1251
0.012316,-11.1251
0.01232,-11.109
0.012324,-11.1251
0.012328,-11.109
0.012332,-11.109
0.012336,-11.109
0.01234,-11.109
0.012344,-11.109
0.012348,-11.109
0.012352,-11.109
0.012356,-11.0929
0.01236,-11.0929
0.012364,-11.0929
0.012368,-11.109
0.012372,-11.0768
0.012376,-11.0929
0.01238,-11.0929
0.012384,-11.0929
0.012388,-11.0768
0.012392,-11.0768
0.012396,-11.0768
0.0124,-11.0768
0.012404,-11.0768
0.012408,-11.0768
0.012412,-11.0607
0.012416,-11.0607
0.01242,-11.0607
0.012424,-11.0607
0.012428,-11.0607
0.012432,-11.0768
0.012436,-11.0607
0.01244,-11.044599999999999
0.012444,-11.0607
0.012448,-11.044599999999999
0.012452,-11.044599999999999
0.012456,-11.044599999999999
0.01246,-11.044599999999999
0.012464,-11.044599999999999
0.012468,-11.0285
0.012472,-11.0285
0.012476,-11.044599999999999
0.01248,-11.0285
0.012484,-11.0285
0.012488,-11.0285
0.012492,-11.0285
0.012496,-11.0285
0.0125,-11.0124
0.012504,-11.0124
0.012508,-11.0124
0.012512,-11.0124
0.012516,-10.9963
0.01252,-11.0124
0.012524,-11.0124
0.012528,-10.9802
0.012532,-10.9963
0.012536,-10.9963
0.01254,-10.9963
0.012544,-10.9802
0.012548,-10.9963
0.012552,-10.9963
0.012556,-10.9802
0.01256,-10.9963
0.012564,-10.9802
0.012568,-10.9802
0.012572,-10.9963
0.012576,-10.9641
0.01258,-10.9802
0.012584,-10.9641
0.012588,-10.9641
0.012592,-10.9641
0.012596,-10.948
0.0126,-10.9641
0.012604,-10.9802
0.012608,-10.9641
0.012612,-10.948
0.012616,-10.9641
0.01262,-10.948
0.012624,-10.9641
0.012628,-10.948
0.012632,-10.948
0.012636,-10.948
0.01264,-10.9319
0.012644,-10.948
0.012648,-10.948
0.012652,-10.9319
0.012656,-10.9319
0.01266,-10.9319
0.012664,-10.9319
0.012668,-10.915799999999999
0.012672,-10.9319
0.012676,-10.9319
0.01268,-10.915799999999999
0.012684,-10.915799999999999
0.012688,-10.8997
0.012692,-10.8997
0.012696,-10.915799999999999
0.0127,-10.8997
0.012704,-10.8997
0.012708,-10.8997
0.012712,-10.915799999999999
0.012716,-10.8997
0.01272,-10.8836
0.012724,-10.8836
0.012728,-10.8836
0.012732,-10.8997
0.012736,-10.8836
0.01274,-10.8675
0.012744,-10.8675
0.012748,-10.8836
0.012752,-10.8836
0.012756,-10.8675
0.01276,-10.8514
0.012764,-10.8675
0.012768,-10.8675
0.012772,-10.8675
0.012776,-10.8353
0.01278,-10.8675
0.012784,-10.8353
0.012788,-10.915799999999999
0.012792,-10.8031
0.012796,-10.8675
0.0128,-10.8192
0.012804,-10.8514
0.012808,-10.8514
0.012812,-10.8192
0.012816,-10.8353
0.01282,-10.8353
0.012824,-10.8192
0.012828,-10.8353
0.012832,-10.8192
0.012836,-10.8353
0.01284,-10.8353
0.012844,-10.8192
0.012848,-10.8353
0.012852,-10.8192
0.012856,-10.8031
0.01286,-10.8192
0.012864,-10.8031
0.012868,-10.8192
0.012872,-10.8192
0.012876,-10.786999999999999
0.01288,-10.8192
0.012884,-10.8031
0.012888,-10.786999999999999
0.012892,-10.786999999999999
0.012896,-10.8031
0.0129,-10.786999999999999
0.012904,-10.786999999999999
0.012908,-10.786999999999999
0.012912,-10.786999999999999
0.012916,-10.7709
0.01292,-10.786999999999999
0.012924,-10.7548
0.012928,-10.7709
0.012932,-10.786999999999999
0.012936,-10.7709
0.01294,-10.7709
0.012944,-10.7548
0.012948,-10.7548
0.012952,-10.7548
0.012956,-10.7709
0.01296,-10.7548
0.012964,-10.7548
0.012968,-10.7548
0.012972,-10.7548
0.012976,-10.7548
0.01298,-10.7548
0.012984,-10.7387
0.012988,-10.7548
0.012992,-10.7387
0.012996,-10.7387
0.013,-10.7226
0.013004,-10.7387
0.013008,-10.7387
0.013012,-10.7226
0.013016,-10.7226
0.01302,-10.7226
0.013024,-10.7226
0.013028,-10.7226
0.013032,-10.7226
0.013036,-10.7226
0.01304,-10.7226
0.013044,-10.7065
0.013048,-10.7226
0.013052,-10.7065
0.013056,-10.7065
0.01306,-10.7065
0.013064,-10.6904
0.013068,-10.7065
0.013072,-10.6904
0.013076,-10.6904
0.01308,-10.6904
0.013084,-10.6904
0.013088,-10.6904
0.013092,-10.6743
0.013096,-10.6743
0.0131,-10.6743
0.013104,-10.6743
0.013108,-10.6743
0.013112,-10.6743
0.013116,-10.6743
0.01312,-10.658199999999999
0.013124,-10.658199999999999
0.013128,-10.658199999999999
0.013132,-10.658199999999999
0.013136,-10.658199999999999
0.01314,-10.6421
0.013144,-10.658199999999999
0.013148,-10.6421
0.013152,-10.658199999999999
0.013156,-10.6421
0.01316,-10.626
0.013164,-10.6421
0.013168,-10.6421
0.013172,-10.626
0.013176,-10.6421
0.01318,-10.626
0.013184,-10.626
0.013188,-10.626
0.013192,-10.6099
0.013196,-10.6421
0.0132,-10.6099
0.013204,-10.6099
0.013208,-10.626
0.013212,-10.6099
0.013216,-10.626
0.01322,-10.6099
0.013224,-10.6099
0.013228,-10.6099
0.013232,-10.6099
0.013236,-10.6099
0.01324,-10.5938
0.013244,-10.5938
0.013248,-10.5938
0.013252,-10.5938
0.013256,-10.5938
0.01326,-10.5777
0.013264,-10.5777
0.013268,-10.5777
0.013272,-10.5777
0.013276,-10.5777
0.01328,-10.5777
0.013284,-10.5777
0.013288,-10.5616
0.013292,-10.5777
0.013296,-10.5455
0.0133,-10.5455
0.013304,-10.5777
0.013308,-10.5616
0.013312,-10.5455
0.013316,-10.5455
0.01332,-10.5616
0.013324,-10.5455
0.013328,-10.5455
0.013332,-10.5455
0.013336,-10.529399999999999
0.01334,-10.5455
0.013344,-10.5616
0.013348,-10.5455
0.013352,-10.529399999999999
0.013356,-10.5455
0.01336,-10.529399999999999
0.013364,-10.5133
0.013368,-10.529399999999999
0.013372,-10.5133
0.013376,-10.5133
0.01338,-10.529399999999999
0.013384,-10.5133
0.013388,-10.4972
0.013392,-10.5133
0.013396,-10.4972
0.0134,-10.4972
0.013404,-10.5133
0.013408,-10.5133
0.013412,-10.4972
0.013416,-10.5133
0.01342,-10.4811
0.013424,-10.4972
0.013428,-10.4972
0.013432,-10.4811
0.013436,-10.4811
0.01344,-10.4811
0.013444,-10.4811
0.013448,-10.4811
0.013452,-10.4811
0.013456,-10.465
0.01346,-10.465
0.013464,-10.4811
0.013468,-10.465
0.013472,-10.4489
0.013476,-10.4811
0.01348,-10.465
0.013484,-10.4489
0.013488,-10.4489
0.013492,-10.4489
0.013496,-10.4489
0.0135,-10.4489
0.013504,-10.4328
0.013508,-10.4489
0.013512,-10.4489
0.013516,-10.4328
0.01352,-10.4489
0.013524,-10.4328
0.013528,-10.4328
0.013532,-10.4328
0.013536,-10.4328
0.01354,-10.4328
0.013544,-10.4167
0.013548,-10.400599999999999
0.013552,-10.4328
0.013556,-10.4167
0.01356,-10.400599999999999
0.013564,-10.400599999999999
0.013568,-10.400599999999999
0.013572,-10.4167
0.013576,-10.3845
0.01358,-10.4167
0.013584,-10.3845
0.013588,-10.400599999999999
0.013592,-10.400599999999999
0.013596,-10.3845
0.0136,-10.3845
0.013604,-10.3684
0.013608,-10.3845
0.013612,-10.3684
0.013616,-10.3845
0.01362,-10.3684
0.013624,-10.3684
0.013628,-10.3684
0.013632,-10.3523
0.013636,-10.3845
0.01364,-10.3523
0.013644,-10.3523
0.013648,-10.3684
0.013652,-10.3523
0.013656,-10.3684
0.01366,-10.3523
0.013664,-10.3523
0.013668,-10.3684
0.013672,-10.3362
0.013676,-10.3684
0.01368,-10.3523
0.013684,-10.3362
0.013688,-10.3523
0.013692,-10.3523
0.013696,-10.3362
0.0137,-10.3362
0.013704,-10.3201
0.013708,-10.3362
0.013712,-10.3362
0.013716,-10.3201
0.01372,-10.3362
0.013724,-10.3201
0.013728,-10.3362
0.013732,-10.3201
0.013736,-10.3201
0.01374,-10.3201
0.013744,-10.304
0.013748,-10.304
0.013752,-10.3201
0.013756,-10.304
0.01376,-10.2879
0.013764,-10.304
0.013768,-10.2879
0.013772,-10.2879
0.013776,-10.2879
0.01378,-10.2879
0.013784,-10.2879
0.013788,-10.2879
0.013792,-10.2879
0.013796,-10.2718
0.0138,-10.2718
0.013804,-10.2718
0.013808,-10.2557
0.013812,-10.2718
0.013816,-10.2718
0.01382,-10.2557
0.013824,-10.2718
0.013828,-10.2718
0.013832,-10.2557
0.013836,-10.2396
0.01384,-10.2235
0.013844,-10.2557
0.013848,-10.2557
0.013852,-10.2396
0.013856,-10.2557
0.01386,-10.2396
0.013864,-10.2396
0.013868,-10.2557
0.013872,-10.2396
0.013876,-10.2396
0.01388,-10.2396
0.013884,-10.2235
0.013888,-10.2235
0.013892,-10.2235
0.013896,-10.2074
0.0139,-10.2235
0.013904,-10.2235
0.013908,-10.2074
0.013912,-10.1913
0.013916,-10.1913
0.01392,-10.2074
0.013924,-10.1913
0.013928,-10.1752
0.013932,-10.1752
0.013936,-10.1913
0.01394,-10.2074
0.013944,-10.2074
0.013948,-10.1752
0.013952,-10.1591
0.013956,-10.1591
0.01396,-10.1752
0.013964,-10.1591
0.013968,-10.1752
0.013972,-10.1591
0.013976,-10.143
0.01398,-10.1591
0.013984,-10.143
0.013988,-10.143
0.013992,-10.1591
0.013996,-10.1591
0.014,-10.1269
0.014004,-10.1108
0.014008,-10.1269
0.014012,-10.1269
0.014016,-10.143
0.01402,-10.1591
0.014024,-10.1269
0.014028,-10.1269
0.014032,-10.1108
0.014036,-10.1108
0.01404,-10.1108
0.014044,-10.0786
0.014048,-10.1108
0.014052,-10.0786
0.014056,-10.0947
0.01406,-10.0947
0.014064,-10.0464
0.014068,-10.0947
0.014072,-10.0786
0.014076,-10.0947
0.01408,-10.1108
0.014084,-10.1269
0.014088,-10.0786
0.014092,-10.0625
0.014096,-10.0142
0.0141,-10.0142
0.014104,-10.0464
0.014108,-10.0625
0.014112,-10.0303
0.014116,-9.998099999999999
0.01412,-10.0303
0.014124,-10.0464
0.014128,-10.0464
0.014132,-10.0303
0.014136,-10.0303
0.01414,-10.0303
0.014144,-9.998099999999999
0.014148,-9.9659
0.014152,-9.9498
0.014156,-9.998099999999999
0.01416,-9.998099999999999
0.014164,-9.9337
0.014168,-9.9659
0.014172,-9.998099999999999
0.014176,-9.982
0.01418,-9.869299999999999
0.014184,-9.8532
0.014188,-9.869299999999999
0.014192,-9.9015
0.014196,-9.9498
0.0142,-9.9337
0.014204,-9.9337
0.014208,-9.8854
0.014212,-9.9498
0.014216,-9.9176
0.01422,-9.8854
0.014224,-9.8371
0.014228,-9.8371
0.014232,-9.7888
0.014236,-9.821
0.01424,-9.869299999999999
0.014244,-9.869299999999999
0.014248,-9.8371
0.014252,-9.7888
0.014256,-9.8049
0.01426,-9.7566
0.014264,-9.7727
0.014268,-9.8049
0.014272,-9.7244
0.014276,-9.7083
0.01428,-9.7244
0.014284,-9.6439
0.014288,-9.6922
0.014292,-9.7244
0.014296,-9.66
0.0143,-9.5956
0.014304,-9.611699999999999
0.014308,-9.5634
0.014312,-9.5795
0.014316,-9.5795
0.01432,-9.5795
0.014324,-9.5956
0.014328,-9.5151
0.014332,-9.4668
0.014336,-9.5634
0.01434,-9.482899999999999
0.014344,-9.5473
0.014348,-9.499
0.014352,-9.4185
0.014356,-9.4185
0.01436,-9.3702
0.014364,-9.354099999999999
0.014368,-9.338
0.014372,-9.3219
0.014376,-9.4185
0.01438,-9.3219
0.014384,-9.354099999999999
0.014388,-9.3702
0.014392,-9.3058
0.014396,-9.354099999999999
0.0144,-9.2897
0.014404,-9.2736
0.014408,-9.3863
0.014412,-9.3702
0.014416,-9.2897
0.01442,-9.2414
0.014424,-9.3702
0.014428,-9.2897
0.014432,-9.2253
0.014436,-9.2575
0.01444,-9.2897
0.014444,-9.2575
0.014448,-9.3058
0.014452,-9.2253
0.014456,-9.1609
0.01446,-9.2575
0.014464,-9.3219
0.014468,-9.3058
0.014472,-9.2253
0.014476,-9.3219
0.01448,-9.3219
0.014484,-9.338
0.014488,-9.4024
0.014492,-9.2897
0.014496,-9.3058
0.0145,-9.3058
0.014504,-9.4346
0.014508,-9.3219
0.014512,-9.4024
0.014516,-9.4024
0.01452,-9.3702
0.014524,-9.4346
0.014528,-9.4185
0.014532,-9.4024
0.014536,-9.5473
0.01454,-9.4346
0.014544,-9.4346
0.014548,-9.66
0.014552,-9.5795
0.014556,-9.5634
0.01456,-9.4346
0.014564,-9.4024
0.014568,-9.5634
0.014572,-9.4024
0.014576,-9.4507
0.01458,-9.5151
0.014584,-9.4024
0.014588,-9.5795
0.014592,-9.4024
0.014596,-9.338
0.0146,-9.5634
0.014604,-9.3219
0.014608,-9.338
0.014612,-9.4185
0.014616,-9.4507
0.01462,-9.482899999999999
0.014624,-9.4185
0.014628,-9.7727
0.014632,-9.354099999999999
0.014636,-9.4024
0.01464,-9.4668
0.014644,-9.499
0.014648,-9.5151
0.014652,-9.5151
0.014656,-9.3863
0.01466,-9.4185
0.014664,-9.5473
0.014668,-9.499
0.014672,-9.5473
0.014676,-9.4668
0.01468,-9.4507
0.014684,-9.4668
0.014688,-9.354099999999999
0.014692,-9.338
0.014696,-9.2575
0.0147,-9.3219
0.014704,-9.4024
0.014708,-9.338
0.014712,-9.1931
0.014716,-9.2092
0.01472,-9.2897
0.014724,-9.3863
0.014728,-9.2897
0.014732,-9.2092
0.014736,-9.2575
0.01474,-9.2253
0.014744,-9.338
0.014748,-9.3058
0.014752,-9.3219
0.014756,-9.338
0.01476,-9.4024
0.014764,-9.338
0.014768,-9.1609
0.014772,-9.2092
0.014776,-9.2897
0.01478,-9.3219
0.014784,-9.4024
0.014788,-9.2414
0.014792,-9.2414
0.014796,-9.2897
0.0148,-9.2575
0.014804,-9.338
0.014808,-9.3058
0.014812,-9.3702
0.014816,-9.338
0.01482,-9.2575
0.014824,-9.2414
0.014828,-9.3702
0.014832,-9.4346
0.014836,-9.3863
0.01484,-9.4346
0.014844,-9.5151
0.014848,-9.499
0.014852,-9.3863
0.014856,-9.4024
0.01486,-9.5151
0.014864,-9.482899999999999
0.014868,-9.5151
0.014872,-9.5634
0.014876,-9.4507
0.01488,-9.499
0.014884,-9.4024
0.014888,-9.482899999999999
0.014892,-9.482899999999999
0.014896,-9.499
0.0149,-9.499
0.014904,-9.482899999999999
0.014908,-9.3702
0.014912,-9.5634
0.014916,-9.354099999999999
0.01492,-9.4185
0.014924,-9.4346
0.014928,-9.499
0.014932,-9.5312
0.014936,-9.499
0.01494,-9.3702
0.014944,-9.338
0.014948,-9.3702
0.014952,-9.3863
0.014956,-9.3058
0.01496,-9.5151
0.014964,-9.4507
0.014968,-9.4668
0.014972,-9.3863
0.014976,-9.3702
0.01498,-9.4024
0.014984,-9.3702
0.014988,-9.4668
0.014992,-9.4024
0.014996,-9.4346
0.015,-9.4185
0.015004,-9.3219
0.015008,-9.4346
0.015012,-9.354099999999999
0.015016,-9.2897
0.01502,-9.3702
0.015024,-9.3219
0.015028,-9.338
0.015032,-9.3219
0.015036,-9.2253
0.01504,-9.2897
0.015044,-9.4668
0.015048,-9.5312
0.015052,-9.4185
0.015056,-9.3863
0.01506,-9.4024
0.015064,-9.499
0.015068,-9.4507
0.015072,-9.338
0.015076,-9.5151
0.01508,-9.3702
0.015084,-9.4507
0.015088,-9.2897
0.015092,-9.3863
0.015096,-9.4024
0.0151,-9.3702
0.015104,-9.4668
0.015108,-9.4024
0.015112,-9.338
0.015116,-9.4024
0.01512,-9.4346
0.015124,-9.3702
0.015128,-9.3702
0.015132,-9.4024
0.015136,-9.3863
0.01514,-9.3863
0.015144,-9.3702
0.015148,-9.3702
0.015152,-9.3863
0.015156,-9.2897
0.01516,-9.2575
0.015164,-9.4024
0.015168,-9.4024
0.015172,-9.3219
0.015176,-9.4185
0.01518,-9.2736
0.015184,-9.3863
0.015188,-9.4346
0.015192,-9.354099999999999
0.015196,-9.354099999999999
0.0152,-9.3219
0.015204,-9.4668
0.015208,-9.3702
0.015212,-9.2736
0.015216,-9.2414
0.01522,-9.338
0.015224,-9.354099999999999
0.015228,-9.338
0.015232,-9.2736
0.015236,-9.2736
0.01524,-9.2575
0.015244,-9.338
0.015248,-9.4024
0.015252,-9.3702
0.015256,-9.2897
0.01526,-9.2253
0.015264,-9.2736
0.015268,-9.2736
0.015272,-9.3219
0.015276,-9.2897
0.01528,-9.3219
0.015284,-9.2414
0.015288,-9.2897
0.015292,-9.2736
0.015296,-9.2575
0.0153,-9.2575
0.015304,-9.2414
0.015308,-9.3058
0.015312,-9.2897
0.015316,-9.4024
0.01532,-9.338
0.015324,-9.3863
0.015328,-9.3702
0.015332,-9.3058
0.015336,-9.338
0.01534,-9.2736
0.015344,-9.2575
0.015348,-9.3702
0.015352,-9.2092
0.015356,-9.2575
0.01536,-9.2092
0.015364,-9.2575
0.015368,-9.1931
0.015372,-9.1931
0.015376,-9.2253
0.01538,-9.1609
0.015384,-9.1609
0.015388,-9.1931
0.015392,-9.2253
0.015396,-9.354099999999999
0.0154,-9.338
0.015404,-9.3863
0.015408,-9.4346
0.015412,-9.354099999999999
0.015416,-9.2575
0.01542,-9.2253
0.015424,-9.1609
0.015428,-9.2253
0.015432,-9.2414
0.015436,-9.2253
0.01544,-9.1448
0.015444,-9.1448
0.015448,-9.1287
0.015452,-9.0965
0.015456,-9.0643
0.01546,-9.1448
0.015464,-9.177
0.015468,-9.1931
0.015472,-9.2092
0.015476,-9.2575
0.01548,-9.3219
0.015484,-9.3058
0.015488,-9.338
0.015492,-9.4185
0.015496,-9.3219
0.0155,-9.1931
0.015504,-9.2575
0.015508,-9.2575
0.015512,-9.1931
0.015516,-9.1609
0.01552,-9.1126
0.015524,-9.1126
0.015528,-9.1126
0.015532,-9.1287
0.015536,-9.0482
0.01554,-9.0804
0.015544,-9.1931
0.015548,-9.1931
0.015552,-9.1287
0.015556,-9.1126
0.01556,-9.1126
0.015564,-9.2092
0.015568,-9.1287
0.015572,-9.1287
0.015576,-9.2253
0.01558,-9.1931
0.015584,-9.2253
0.015588,-9.2253
0.015592,-9.177
0.015596,-9.354099999999999
0.0156,-9.3702
0.015604,-9.4668
0.015608,-9.3219
0.015612,-9.3863
0.015616,-9.2736
0.01562,-9.1287
0.015624,-9.1448
0.015628,-8.9033
0.015632,-9.0643
0.015636,-9.0965
0.01564,-9.1287
0.015644,-9.016
0.015648,-9.016
0.015652,-9.1448
0.015656,-9.0804
0.01566,-8.9999
0.015664,-8.9838
0.015668,-8.9355
0.015672,-8.9999
0.015676,-9.0321
0.01568,-9.0321
0.015684,-9.0321
0.015688,-8.9999
0.015692,-9.0321
0.015696,-9.1609
0.0157,-9.0804
0.015704,-9.177
0.015708,-9.0965
0.015712,-9.1931
0.015716,-9.2092
0.01572,-9.3702
0.015724,-9.3219
0.015728,-9.3058
0.015732,-9.3863
0.015736,-9.3863
0.01574,-9.2736
0.015744,-9.1126
0.015748,-9.1448
0.015752,-8.9838
0.015756,-9.0965
0.01576,-9.016
0.015764,-8.9355
0.015768,-9.016
0.015772,-9.0643
0.015776,-9.016
0.01578,-8.9838
0.015784,-8.9999
0.015788,-8.9838
0.015792,-8.9838
0.015796,-8.9999
0.0158,-9.0482
0.015804,-8.9999
0.015808,-9.016
0.015812,-9.0321
0.015816,-9.0321
0.01582,-9.1287
0.015824,-9.1287
0.015828,-9.1448
0.015832,-9.1609
0.015836,-9.1931
0.01584,-9.1287
0.015844,-9.0965
0.015848,-9.1126
0.015852,-9.1126
0.015856,-9.0804
0.01586,-9.0482
0.015864,-8.9999
0.015868,-8.9677
0.015872,-8.9999
0.015876,-8.9999
0.01588,-8.9838
0.015884,-8.9194
0.015888,-8.9516
0.015892,-8.855
0.015896,-8.7906
0.0159,-8.7745
0.015904,-8.7906
0.015908,-8.8711
0.015912,-8.8711
0.015916,-8.8872
0.01592,-8.855
0.015924,-8.9194
0.015928,-8.9999
0.015932,-9.016
0.015936,-8.9194
0.01594,-8.9838
0.015944,-9.0321
0.015948,-9.0321
0.015952,-9.0643
0.015956,-9.0804
0.01596,-9.0804
0.015964,-9.177
0.015968,-9.0965
0.015972,-9.1931
0.015976,-9.1609
0.01598,-9.1931
0.015984,-9.2253
0.015988,-9.2414
0.015992,-9.1287
0.015996,-9.0321
0.016,-8.9999
0.016004,-8.9033
0.016008,-8.8872
0.016012,-8.9516
0.016016,-8.9999
0.01602,-8.9355
0.016024,-8.8872
0.016028,-8.9516
0.016032,-8.8711
0.016036,-8.8389
0.01604,-8.855
0.016044,-8.8872
0.016048,-8.9194
0.016052,-8.8711
0.016056,-8.9194
0.01606,-8.9516
0.016064,-8.9677
0.016068,-8.9838
0.016072,-9.016
0.016076,-8.9194
0.01608,-8.9999
0.016084,-9.0482
0.016088,-9.016
0.016092,-8.9838
0.016096,-8.8389
0.0161,-8.9033
0.016104,-8.9516
0.016108,-8.9677
0.016112,-8.9516
0.016116,-8.855
0.01612,-8.9033
0.016124,-8.9033
0.016128,-8.9677
0.016132,-8.822799999999999
0.016136,-8.7584
0.01614,-8.7584
0.016144,-8.822799999999999
0.016148,-8.855
0.016152,-8.8067
0.016156,-8.7584
0.01616,-8.822799999999999
0.016164,-8.8872
0.016168,-8.7584
0.016172,-8.8067
0.016176,-8.8067
0.01618,-8.9194
0.016184,-8.8711
0.016188,-8.822799999999999
0.016192,-8.822799999999999
0.016196,-8.9999
0.0162,-8.9838
0.016204,-8.855
0.016208,-8.822799999999999
0.016212,-8.8389
0.016216,-8.9194
0.01622,-8.9355
0.016224,-8.855
0.016228,-8.8067
0.016232,-8.8711
0.016236,-8.9194
0.01624,-8.8872
0.016244,-8.7101
0.016248,-8.7262
0.016252,-8.822799999999999
0.016256,-8.822799999999999
0.01626,-8.7906
0.016264,-8.8067
0.016268,-8.8389
0.016272,-8.7906
0.016276,-8.8067
0.01628,-8.855
0.016284,-8.7906
0.016288,-8.7584
0.016292,-8.822799999999999
0.016296,-8.7584
0.0163,-8.8067
0.016304,-8.7745
0.016308,-8.7745
0.016312,-8.7745
0.016316,-8.7584
0.01632,-8.855
0.016324,-8.8067
0.016328,-8.7262
0.016332,-8.7101
0.016336,-8.7745
0.01634,-8.855
0.016344,-8.7584
0.016348,-8.7584
0.016352,-8.7262
0.016356,-8.7745
0.01636,-8.8389
0.016364,-8.7101
0.016368,-8.6135
0.016372,-8.7262
0.016376,-8.8067
0.01638,-8.7745
0.016384,-8.7262
0.016388,-8.7423
0.016392,-8.7262
0.016396,-8.8389
0.0164,-8.7584
0.016404,-8.693999999999999
0.016408,-8.6779
0.016412,-8.7745
0.016416,-8.822799999999999
0.01642,-8.7262
0.016424,-8.6779
0.016428,-8.7584
0.016432,-8.7101
0.016436,-8.6457
0.01644,-8.693999999999999
0.016444,-8.7262
0.016448,-8.8389
0.016452,-8.7906
0.016456,-8.6779
0.01646,-8.5813
0.016464,-8.6779
0.016468,-8.7101
0.016472,-8.7423
0.016476,-8.7262
0.01648,-8.7423
0.016484,-8.6457
0.016488,-8.6135
0.016492,-8.6135
0.016496,-8.7745
0.0165,-8.693999999999999
0.016504,-8.6457
0.016508,-8.7745
0.016512,-8.693999999999999
0.016516,-8.6618
0.01652,-8.5974
0.016524,-8.6457
0.016528,-8.6296
0.016532,-8.6618
0.016536,-8.7262
0.01654,-8.6618
0.016544,-8.6135
0.016548,-8.6296
0.016552,-8.7101
0.016556,-8.5813
0.01656,-8.565199999999999
0.016564,-8.7262
0.016568,-8.7101
0.016572,-8.6779
0.016576,-8.533
0.01658,-8.5813
0.016584,-8.6296
0.016588,-8.6779
0.016592,-8.7101
0.016596,-8.6135
0.0166,-8.5491
0.016604,-8.6779
0.016608,-8.5813
0.016612,-8.5974
0.016616,-8.5813
0.01662,-8.693999999999999
0.016624,-8.7423
0.016628,-8.565199999999999
0.016632,-8.565199999999999
0.016636,-8.5974
0.01664,-8.533
0.016644,-8.565199999999999
0.016648,-8.6296
0.016652,-8.6296
0.016656,-8.565199999999999
0.01666,-8.5813
0.016664,-8.4847
0.016668,-8.693999999999999
0.016672,-8.6779
0.016676,-8.5974
0.01668,-8.533
0.016684,-8.5169
0.016688,-8.6135
0.016692,-8.5169
0.016696,-8.565199999999999
0.0167,-8.5491
0.016704,-8.6618
0.016708,-8.565199999999999
0.016712,-8.533
0.016716,-8.4525
0.01672,-8.5169
0.016724,-8.6296
0.016728,-8.5974
0.016732,-8.5169
0.016736,-8.533
0.01674,-8.4686
0.016744,-8.5169
0.016748,-8.5813
0.016752,-8.6296
0.016756,-8.4847
0.01676,-8.4525
0.016764,-8.565199999999999
0.016768,-8.5974
0.016772,-8.5813
0.016776,-8.5491
0.01678,-8.4686
0.016784,-8.5491
0.016788,-8.5169
0.016792,-8.533
0.016796,-8.4686
0.0168,-8.5491
0.016804,-8.4686
0.016808,-8.4525
0.016812,-8.4203
0.016816,-8.4525
0.01682,-8.5169
0.016824,-8.533
0.016828,-8.4847
0.016832,-8.5008
0.016836,-8.3881
0.01684,-8.4686
0.016844,-8.4525
0.016848,-8.5008
0.016852,-8.5491
0.016856,-8.5169
0.01686,-8.5491
0.016864,-8.5169
0.016868,-8.3881
0.016872,-8.372
0.016876,-8.3398
0.01688,-8.4686
0.016884,-8.5008
0.016888,-8.5491
0.016892,-8.533
0.016896,-8.5169
0.0169,-8.4203
0.016904,-8.4525
0.016908,-8.4525
0.016912,-8.372
0.016916,-8.436399999999999
0.01692,-8.436399999999999
0.016924,-8.4525
0.016928,-8.5169
0.016932,-8.3881
0.016936,-8.372
0.01694,-8.307599999999999
0.016944,-8.372
0.016948,-8.436399999999999
0.016952,-8.372
0.016956,-8.436399999999999
0.01696,-8.4042
0.016964,-8.4042
0.016968,-8.3881
0.016972,-8.3881
0.016976,-8.4042
0.01698,-8.4203
0.016984,-8.4042
0.016988,-8.3237
0.016992,-8.4203
0.016996,-8.4525
0.017,-8.4686
0.017004,-8.307599999999999
0.017008,-8.3559
0.017012,-8.4525
0.017016,-8.4686
0.01702,-8.4525
0.017024,-8.372
0.017028,-8.3237
0.017032,-8.3237
0.017036,-8.3398
0.01704,-8.3237
0.017044,-8.4686
0.017048,-8.3881
0.017052,-8.2593
0.017056,-8.2593
0.01706,-8.2593
0.017064,-8.3398
0.017068,-8.3237
0.017072,-8.372
0.017076,-8.4525
0.01708,-8.4847
0.017084,-8.3559
0.017088,-8.2915
0.017092,-8.211
0.017096,-8.3398
0.0171,-8.307599999999999
0.017104,-8.372
0.017108,-8.2915
0.017112,-8.3559
0.017116,-8.372
0.01712,-8.372
0.017124,-8.3398
0.017128,-8.2754
0.017132,-8.2271
0.017136,-8.307599999999999
0.01714,-8.3881
0.017144,-8.3559
0.017148,-8.2754
0.017152,-8.1788
0.017156,-8.4042
0.01716,-8.4042
0.017164,-8.1627
0.017168,-8.2593
0.017172,-8.2593
0.017176,-8.3237
0.01718,-8.2754
0.017184,-8.1788
0.017188,-8.2432
0.017192,-8.307599999999999
0.017196,-8.3881
0.0172,-8.307599999999999
0.017204,-8.1949
0.017208,-8.2915
0.017212,-8.2754
0.017216,-8.2754
0.01722,-8.211
0.017224,-8.1949
0.017228,-8.1627
0.017232,-8.1949
0.017236,-8.3559
0.01724,-8.436399999999999
0.017244,-8.372
0.017248,-8.2754
0.017252,-8.1788
0.017256,-8.1788
0.01726,-8.1949
0.017264,-8.1949
0.017268,-8.1627
0.017272,-8.1144
0.017276,-8.3237
0.01728,-8.3237
0.017284,-8.307599999999999
0.017288,-8.1949
0.017292,-8.1466
0.017296,-8.1627
0.0173,-8.1949
0.017304,-8.2271
0.017308,-8.0983
0.017312,-8.1305
0.017316,-8.1788
0.01732,-8.2432
0.017324,-8.2432
0.017328,-8.211
0.017332,-8.1627
0.017336,-8.211
0.01734,-8.1305
0.017344,-8.1305
0.017348,-8.1305
0.017352,-8.1788
0.017356,-8.1305
0.01736,-8.0983
0.017364,-8.211
0.017368,-8.2593
0.017372,-8.2915
0.017376,-8.1949
0.01738,-8.1627
0.017384,-8.1627
0.017388,-8.1949
0.017392,-8.1788
0.017396,-8.1305
0.0174,-8.1466
0.017404,-8.1949
0.017408,-8.1305
0.017412,-8.0983
0.017416,-7.9856
0.01742,-8.0661
0.017424,-8.1144
0.017428,-8.211
0.017432,-8.3237
0.017436,-8.1627
0.01744,-8.0983
0.017444,-8.0822
0.017448,-8.1305
0.017452,-8.0983
0.017456,-8.0661
0.01746,-8.0822
0.017464,-8.0983
0.017468,-8.1466
0.017472,-8.1788
0.017476,-8.0983
0.01748,-8.0983
0.017484,-8.0661
0.017488,-8.1144
0.017492,-8.0339
0.017496,-8.05
0.0175,-8.0178
0.017504,-8.0339
0.017508,-8.1466
0.017512,-8.1788
0.017516,-8.0983
0.01752,-8.0983
0.017524,-8.0178
0.017528,-8.0178
0.017532,-8.0822
0.017536,-8.05
0.01754,-8.0661
0.017544,-8.0017
0.017548,-7.9534
0.017552,-8.05
0.017556,-8.1144
0.01756,-8.1788
0.017564,-8.0983
0.017568,-8.0661
0.017572,-8.1305
0.017576,-8.0178
0.01758,-8.05
0.017584,-8.0017
0.017588,-7.9373
0.017592,-8.0661
0.017596,-8.05
0.0176,-8.0661
0.017604,-8.0339
0.017608,-8.0178
0.017612,-8.0983
0.017616,-8.0661
0.01762,-7.9373
0.017624,-7.9695
0.017628,-7.9856
0.017632,-7.9534
0.017636,-7.9534
0.01764,-7.8729
0.017644,-7.9373
0.017648,-7.9695
0.017652,-8.1627
0.017656,-8.0822
0.01766,-8.0178
0.017664,-7.9051
0.017668,-7.9212
0.017672,-7.9695
0.017676,-8.0178
0.01768,-7.889
0.017684,-7.9534
0.017688,-7.8729
0.017692,-8.0661
0.017696,-8.1305
0.0177,-7.9373
0.017704,-7.9695
0.017708,-7.9212
0.017712,-7.9695
0.017716,-7.9695
0.01772,-7.9051
0.017724,-7.9695
0.017728,-7.9373
0.017732,-7.9051
0.017736,-7.9051
0.01774,-7.8407
0.017744,-7.9695
0.017748,-7.8568
0.017752,-7.7924
0.017756,-7.8246
0.01776,-7.7602
0.017764,-7.8568
0.017768,-7.7602
0.017772,-8.1627
0.017776,-8.307599999999999
0.01778,-8.0822
0.017784,-7.9534
0.017788,-7.9534
0.017792,-7.9212
0.017796,-7.9695
0.0178,-7.9051
0.017804,-7.8407
0.017808,-7.889
0.017812,-7.8084999999999996
0.017816,-7.8568
0.01782,-7.8246
0.017824,-7.8407
0.017828,-8.0017
0.017832,-7.8084999999999996
0.017836,-7.8729
0.01784,-7.9051
0.017844,-7.889
0.017848,-7.9534
0.017852,-7.8568
0.017856,-7.8407
0.01786,-7.9212
0.017864,-7.8729
0.017868,-7.7924
0.017872,-7.8246
0.017876,-7.8084999999999996
0.01788,-7.889
0.017884,-7.7763
0.017888,-7.7763
0.017892,-7.7119
0.017896,-7.7602
0.0179,-7.6475
0.017904,-7.6796999999999995
0.017908,-7.8084999999999996
0.017912,-8.1627
0.017916,-8.0983
0.01792,-7.8568
0.017924,-7.8246
0.017928,-7.8246
0.017932,-7.8568
0.017936,-7.8568
0.01794,-7.7602
0.017944,-7.7924
0.017948,-7.8084999999999996
0.017952,-7.8246
0.017956,-7.8568
0.01796,-7.8407
0.017964,-7.8568
0.017968,-7.7602
0.017972,-7.7602
0.017976,-7.7602
0.01798,-7.7924
0.017984,-7.8568
0.017988,-7.7924
0.017992,-7.7924
0.017996,-7.8407
0.018,-7.7440999999999995
0.018004,-7.7924
0.018008,-7.7602
0.018012,-7.7602
0.018016,-7.6796999999999995
0.01802,-7.728
0.018024,-7.7924
0.018028,-7.7119
0.018032,-7.6796999999999995
0.018036,-7.7602
0.01804,-7.6636
0.018044,-7.6152999999999995
0.018048,-7.6958
0.018052,-7.7119
0.018056,-7.7440999999999995
0.01806,-7.6475
0.018064,-7.6475
0.018068,-7.5992
0.018072,-7.6314
0.018076,-7.6636
0.01808,-7.6152999999999995
0.018084,-7.6152999999999995
0.018088,-7.5508999999999995
0.018092,-7.6475
0.018096,-7.6636
0.0181,-7.6796999999999995
0.018104,-7.9695
0.018108,-8.05
0.018112,-7.7763
0.018116,-7.6958
0.01812,-7.6796999999999995
0.018124,-7.728
0.018128,-7.7119
0.018132,-7.8084999999999996
0.018136,-7.6475
0.01814,-7.5992
0.018144,-7.6796999999999995
0.018148,-7.7602
0.018152,-7.6636
0.018156,-7.6475
0.01816,-7.6636
0.018164,-7.6796999999999995
0.018168,-7.6958
0.018172,-7.6796999999999995
0.018176,-7.7440999999999995
0.01818,-7.6314
0.018184,-7.7440999999999995
0.018188,-7.6958
0.018192,-7.6796999999999995
0.018196,-7.7119
0.0182,-7.6475
0.018204,-7.6636
0.018208,-7.6152999999999995
0.018212,-7.5992
0.018216,-7.5831
0.01822,-7.5992
0.018224,-7.5508999999999995
0.018228,-7.567
0.018232,-7.6152999999999995
0.018236,-7.6796999999999995
0.01824,-7.6314
0.018244,-7.5831
0.018248,-7.5348
0.018252,-7.6314
0.018256,-7.5992
0.01826,-7.6475
0.018264,-7.567
0.018268,-7.5831
0.018272,-7.5992
0.018276,-7.5187
0.01828,-7.5026
0.018284,-7.5187
0.018288,-7.5831
0.018292,-7.5831
0.018296,-7.4864999999999995
0.0183,-7.5026
0.018304,-7.6314
0.018308,-7.5992
0.018312,-7.4864999999999995
0.018316,-7.4864999999999995
0.01832,-7.6475
0.018324,-7.5831
0.018328,-7.5508999999999995
0.018332,-7.4864999999999995
0.018336,-7.5992
0.01834,-7.567
0.018344,-7.4704
0.018348,-7.4543
0.018352,-7.3899
0.018356,-7.4543
0.01836,-7.567
0.018364,-7.3899
0.018368,-7.406
0.018372,-7.4220999999999995
0.018376,-7.4543
0.01838,-7.4543
0.018384,-7.4220999999999995
0.018388,-7.4704
0.018392,-7.4543
0.018396,-7.406
0.0184,-7.5831
0.018404,-7.9051
0.018408,-7.8246
0.018412,-7.6475
0.018416,-7.4864999999999995
0.01842,-7.6796999999999995
0.018424,-7.5831
0.018428,-7.5026
0.018432,-7.3738
0.018436,-7.3738
0.01844,-7.4382
0.018444,-7.5831
0.018448,-7.5026
0.018452,-7.3576999999999995
0.018456,-7.3576999999999995
0.01846,-7.4704
0.018464,-7.5348
0.018468,-7.4704
0.018472,-7.4220999999999995
0.018476,-7.4704
0.01848,-7.4543
0.018484,-7.4864999999999995
0.018488,-7.4382
0.018492,-7.4864999999999995
0.018496,-7.4382
0.0185,-7.406
0.018504,-7.4382
0.018508,-7.3738
0.018512,-7.4864999999999995
0.018516,-7.3094
0.01852,-7.3899
0.018524,-7.4382
0.018528,-7.406
0.018532,-7.4220999999999995
0.018536,-7.3738
0.01854,-7.5187
0.018544,-7.4543
0.018548,-7.4220999999999995
0.018552,-7.4382
0.018556,-7.3576999999999995
0.01856,-7.3738
0.018564,-7.4382
0.018568,-7.4543
0.018572,-7.4864999999999995
0.018576,-7.4382
0.01858,-7.4382
0.018584,-7.3255
0.018588,-7.406
0.018592,-7.3899
0.018596,-7.3416
0.0186,-7.3255
0.018604,-7.3255
0.018608,-7.406
0.018612,-7.3576999999999995
0.018616,-7.3094
0.01862,-7.3255
0.018624,-7.3738
0.018628,-7.3576999999999995
0.018632,-7.3416
0.018636,-7.3416
0.01864,-7.3899
0.018644,-7.3416
0.018648,-7.3899
0.018652,-7.3094
0.018656,-7.3416
0.01866,-7.3576999999999995
0.018664,-7.3576999999999995
0.018668,-7.245
0.018672,-7.245
0.018676,-7.3094
0.01868,-7.3576999999999995
0.018684,-7.3416
0.018688,-7.3738
0.018692,-7.406
0.018696,-7.3416
0.0187,-7.2772
0.018704,-7.3255
0.018708,-7.3738
0.018712,-7.2932999999999995
0.018716,-7.3255
0.01872,-7.2128
0.018724,-7.2772
0.018728,-7.2932999999999995
0.018732,-7.3094
0.018736,-7.3576999999999995
0.01874,-7.2932999999999995
0.018744,-7.2611
0.018748,-7.2611
0.018752,-7.2611
0.018756,-7.2128
0.01876,-7.1323
0.018764,-7.3094
0.018768,-7.3255
0.018772,-7.3255
0.018776,-7.245
0.01878,-7.2611
0.018784,-7.2932999999999995
0.018788,-7.2611
0.018792,-7.2772
0.018796,-7.245
0.0188,-7.1806
0.018804,-7.1645
0.018808,-7.2772
0.018812,-7.2772
0.018816,-7.228899999999999
0.01882,-7.245
0.018824,-7.228899999999999
0.018828,-7.2932999999999995
0.018832,-7.1806
0.018836,-7.245
0.01884,-7.1806
0.018844,-7.1967
0.018848,-7.245
0.018852,-7.2611
0.018856,-7.245
0.01886,-7.1484
0.018864,-7.1001
0.018868,-7.1967
0.018872,-7.2611
0.018876,-7.1967
0.01888,-7.1967
0.018884,-7.1967
0.018888,-7.245
0.018892,-7.1645
0.018896,-7.2611
0.0189,-7.1645
0.018904,-7.1967
0.018908,-7.1806
0.018912,-7.1967
0.018916,-7.1162
0.01892,-7.084
0.018924,-7.1162
0.018928,-7.228899999999999
0.018932,-7.1323
0.018936,-7.1645
0.01894,-7.1001
0.018944,-7.1806
0.018948,-7.1323
0.018952,-7.1484
0.018956,-7.084
0.01896,-7.1001
0.018964,-7.084
0.018968,-7.1484
0.018972,-7.0679
0.018976,-7.084
0.01898,-7.1323
0.018984,-7.1001
0.018988,-7.0679
0.018992,-7.0518
0.018996,-7.084
0.019,-7.1162
0.019004,-7.0035
0.019008,-7.084
0.019012,-7.1806
0.019016,-7.1001
0.01902,-7.0679
0.019024,-6.9552
0.019028,-7.1323
0.019032,-7.1645
0.019036,-7.084
0.01904,-7.0357
0.019044,-7.1001
0.019048,-7.1323
0.019052,-7.1001
0.019056,-7.0679
0.01906,-7.1001
0.019064,-7.1001
0.019068,-7.0518
0.019072,-6.9874
0.019076,-7.0518
0.01908,-6.9874
0.019084,-7.1162
0.019088,-7.0679
0.019092,-6.9713
0.019096,-7.084
0.0191,-7.084
0.019104,-7.0196
0.019108,-7.084
0.019112,-7.084
0.019116,-7.0679
0.01912,-7.0035
0.019124,-7.0357
0.019128,-7.0357
0.019132,-7.0035
0.019136,-7.0518
0.01914,-6.9874
0.019144,-7.0035
0.019148,-7.0196
0.019152,-6.923
0.019156,-7.0357
0.01916,-7.0196
0.019164,-6.9874
0.019168,-6.9874
0.019172,-7.0679
0.019176,-7.0035
0.01918,-6.9552
0.019184,-7.0196
0.019188,-7.0357
0.019192,-6.9391
0.019196,-7.0357
0.0192,-6.9552
0.019204,-6.9069
0.019208,-6.9552
0.019212,-7.0196
0.019216,-6.9713
0.01922,-6.9391
0.019224,-6.8908
0.019228,-6.9874
0.019232,-6.9713
0.019236,-6.8425
0.01924,-6.923
0.019244,-6.9069
0.019248,-6.923
0.019252,-7.0035
0.019256,-6.8908
0.01926,-6.923
0.019264,-6.8586
0.019268,-7.0518
0.019272,-6.9552
0.019276,-6.8908
0.01928,-6.8747
0.019284,-6.9552
0.019288,-6.8586
0.019292,-6.9391
0.019296,-6.8908
0.0193,-6.8747
0.019304,-6.8908
0.019308,-6.9069
0.019312,-6.9069
0.019316,-6.9069
0.01932,-6.8264
0.019324,-6.9874
0.019328,-6.8908
0.019332,-6.8747
0.019336,-6.8425
0.01934,-6.9069
0.019344,-6.9069
0.019348,-6.8425
0.019352,-6.8908
0.019356,-6.7781
0.01936,-6.8586
0.019364,-6.8908
0.019368,-6.8425
0.019372,-6.8425
0.019376,-6.8425
0.01938,-6.8264
0.019384,-6.9069
0.019388,-6.9391
0.019392,-7.0035
0.019396,-6.8586
0.0194,-6.7781
0.019404,-6.8264
0.019408,-6.8264
0.019412,-6.9552
0.019416,-6.9069
0.01942,-6.7781
0.019424,-6.8747
0.019428,-6.8425
0.019432,-6.8425
0.019436,-6.7942
0.01944,-6.7137
0.019444,-6.8425
0.019448,-6.8425
0.019452,-6.8103
0.019456,-6.762
0.01946,-6.7942
0.019464,-6.8264
0.019468,-6.7781
0.019472,-6.8586
0.019476,-6.7942
0.01948,-6.8103
0.019484,-6.7781
0.019488,-6.8425
0.019492,-6.7298
0.019496,-6.6815
0.0195,-6.6815
0.019504,-6.8103
0.019508,-6.762
0.019512,-6.7459
0.019516,-6.6975999999999996
0.01952,-6.762
0.019524,-6.7781
0.019528,-6.7942
0.019532,-6.8908
0.019536,-6.7781
0.01954,-6.8103
0.019544,-6.6654
0.019548,-6.762
0.019552,-6.7459
0.019556,-6.8264
0.01956,-6.7298
0.019564,-6.6975999999999996
0.019568,-6.6815
0.019572,-6.7459
0.019576,-6.6975999999999996
0.01958,-6.7298
0.019584,-6.6493
0.019588,-6.7137
0.019592,-6.6975999999999996
0.019596,-6.7137
0.0196,-6.762
0.019604,-6.762
0.019608,-6.6654
0.019612,-6.6493
0.019616,-6.601
0.01962,-6.6654
0.019624,-6.7298
0.019628,-6.7298
0.019632,-6.6493
0.019636,-6.7137
0.01964,-6.601
0.019644,-6.6975999999999996
0.019648,-6.6331999999999995
0.019652,-6.7137
0.019656,-6.762
0.01966,-6.6493
0.019664,-6.6171
0.019668,-6.6331999999999995
0.019672,-6.6493
0.019676,-6.6975999999999996
0.01968,-6.6493
0.019684,-6.6171
0.019688,-6.6815
0.019692,-6.6493
0.019696,-6.5849
0.0197,-6.5043999999999995
0.019704,-6.601
0.019708,-6.6171
0.019712,-6.6654
0.019716,-6.7137
0.01972,-6.5366
0.019724,-6.601
0.019728,-6.6493
0.019732,-6.6331999999999995
0.019736,-6.6331999999999995
0.01974,-6.601
0.019744,-6.5366
0.019748,-6.5849
0.019752,-6.6815
0.019756,-6.601
0.01976,-6.6331999999999995
0.019764,-6.5687999999999995
0.019768,-6.5687999999999995
0.019772,-6.6493
0.019776,-6.5849
0.01978,-6.5849
0.019784,-6.5849
0.019788,-6.5687999999999995
0.019792,-6.4883
0.019796,-6.5205
0.0198,-6.5849
0.019804,-6.6493
0.019808,-6.6171
0.019812,-6.5687999999999995
0.019816,-6.5205
0.01982,-6.5366
0.019824,-6.5205
0.019828,-6.5687999999999995
0.019832,-6.5527
0.019836,-6.5366
0.01984,-6.5205
0.019844,-6.4399999999999995
0.019848,-6.4722
0.019852,-6.5527
0.019856,-6.5849
0.01986,-6.5687999999999995
0.019864,-6.4883
0.019868,-6.4883
0.019872,-6.5043999999999995
0.019876,-6.4722
0.01988,-6.4561
0.019884,-6.5849
0.019888,-6.4078
0.019892,-6.5043999999999995
0.019896,-6.4722
0.0199,-6.5205
0.019904,-6.5849
0.019908,-6.4399999999999995
0.019912,-6.4561
0.019916,-6.5205
0.01992,-6.4561
0.019924,-6.5366
0.019928,-6.4078
0.019932,-6.5527
0.019936,-6.5687999999999995
0.01994,-6.4722
0.019944,-6.4078
0.019948,-6.5043999999999995
0.019952,-6.4722
0.019956,-6.4883
0.01996,-6.4561
0.019964,-6.4561
0.019968,-6.2951
0.019972,-6.5527
0.019976,-6.5527
0.01998,-6.4078
0.019984,-6.4399999999999995
0.019988,-6.4239
0.019992,-6.3755999999999995
0.019996,-6.4078
0.02,-6.4399999999999995
0.020004,-6.3595
0.020008,-6.4239
0.020012,-6.4078
0.020016,-6.4883
0.02002,-6.4239
0.020024,-6.3595
0.020028,-6.4239
0.020032,-6.5205
0.020036,-6.3917
0.02004,-6.3755999999999995
0.020044,-6.4722
0.020048,-6.4399999999999995
0.020052,-6.3755999999999995
0.020056,-6.2951
0.02006,-6.3434
0.020064,-6.3595
0.020068,-6.4399999999999995
0.020072,-6.3595
0.020076,-6.4239
0.02008,-6.3755999999999995
0.020084,-6.4239
0.020088,-6.2951
0.020092,-6.3273
0.020096,-6.3111999999999995
0.0201,-6.4078
0.020104,-6.3434
0.020108,-6.2629
0.020112,-6.3755999999999995
0.020116,-6.279
0.02012,-6.3917
0.020124,-6.3595
0.020128,-6.3595
0.020132,-6.3111999999999995
0.020136,-6.3434
0.02014,-6.2629
0.020144,-6.3111999999999995
0.020148,-6.2467999999999995
0.020152,-6.3595
0.020156,-6.2951
0.02016,-6.4239
0.020164,-6.3434
0.020168,-6.279
0.020172,-6.2629
0.020176,-6.3755999999999995
0.02018,-6.2951
0.020184,-6.3111999999999995
0.020188,-6.3273
0.020192,-6.2467999999999995
0.020196,-6.3111999999999995
0.0202,-6.2467999999999995
0.020204,-6.2951
0.020208,-6.3755999999999995
0.020212,-6.3273
0.020216,-6.1823999999999995
0.02022,-6.279
0.020224,-6.2951
0.020228,-6.2629
0.020232,-6.3273
0.020236,-6.1663
0.02024,-6.2307
0.020244,-6.1502
0.020248,-6.3111999999999995
0.020252,-6.2467999999999995
0.020256,-6.2307
0.02026,-6.279
0.020264,-6.2467999999999995
0.020268,-6.1823999999999995
0.020272,-6.1985
0.020276,-6.2629
0.02028,-6.2307
0.020284,-6.1663
0.020288,-6.2307
0.020292,-6.3434
0.020296,-6.2467999999999995
0.0203,-6.1663
0.020304,-6.2307
0.020308,-6.3917
0.020312,-6.2146
0.020316,-6.1985
0.02032,-6.1019
0.020324,-6.1823999999999995
0.020328,-6.118
0.020332,-6.2307
0.020336,-6.1663
0.02034,-6.1985
0.020344,-6.1663
0.020348,-6.1663
0.020352,-6.0536
0.020356,-6.1019
0.02036,-6.2146
0.020364,-6.1663
0.020368,-6.2307
0.020372,-6.1341
0.020376,-6.1502
0.02038,-6.1341
0.020384,-6.0858
0.020388,-6.1502
0.020392,-6.1341
0.020396,-6.1341
0.0204,-6.118
0.020404,-6.1663
0.020408,-6.118
0.020412,-6.1019
0.020416,-6.1502
0.02042,-6.1663
0.020424,-6.118
0.020428,-6.118
0.020432,-6.0536
0.020436,-6.1663
0.02044,-6.118
0.020444,-6.1663
0.020448,-6.0214
0.020452,-6.118
0.020456,-6.0858
0.02046,-6.1341
0.020464,-6.1019
0.020468,-6.1663
0.020472,-6.0053
0.020476,-6.1341
0.02048,-6.1341
0.020484,-6.1341
0.020488,-6.0697
0.020492,-6.118
0.020496,-5.9892
0.0205,-6.0536
0.020504,-6.0053
0.020508,-6.0053
0.020512,-6.0375
0.020516,-6.0858
0.02052,-6.0697
0.020524,-6.0697
0.020528,-6.0375
0.020532,-5.9248
0.020536,-6.0375
0.02054,-6.0536
0.020544,-6.1019
0.020548,-6.0858
0.020552,-6.0536
0.020556,-5.9892
0.02056,-5.9409
0.020564,-6.0214
0.020568,-5.9892
0.020572,-6.0697
0.020576,-5.9731
0.02058,-5.9892
0.020584,-6.0375
0.020588,-6.0375
0.020592,-5.9087
0.020596,-6.0375
0.0206,-6.0053
0.020604,-6.0858
0.020608,-6.0053
0.020612,-5.9409
0.020616,-5.9892
0.02062,-5.9731
0.020624,-6.0214
0.020628,-6.0375
0.020632,-6.0053
0.020636,-5.9892
0.02064,-6.0214
0.020644,-5.8765
0.020648,-5.9248
0.020652,-5.9087
0.020656,-6.0214
0.02066,-5.9087
0.020664,-6.0053
0.020668,-5.9248
0.020672,-5.9892
0.020676,-5.8765
0.02068,-5.9087
0.020684,-5.8926
0.020688,-5.9409
0.020692,-5.9409
0.020696,-5.9248
0.0207,-5.9409
0.020704,-5.9248
0.020708,-5.9409
0.020712,-5.9731
0.020716,-5.9892
0.02072,-5.957
0.020724,-6.0375
0.020728,-6.0858
0.020732,-6.0375
0.020736,-5.957
0.02074,-5.9409
0.020744,-5.9087
0.020748,-5.9248
0.020752,-5.9087
0.020756,-5.8282
0.02076,-5.8765
0.020764,-5.8926
0.020768,-5.9087
0.020772,-5.9409
0.020776,-5.8926
0.02078,-5.8443
0.020784,-5.8443
0.020788,-5.9087
0.020792,-5.8765
0.020796,-5.9248
0.0208,-5.8282
0.020804,-5.8443
0.020808,-5.9087
0.020812,-5.9087
0.020816,-5.8926
0.02082,-5.9087
0.020824,-5.7638
0.020828,-5.8443
0.020832,-5.8443
0.020836,-5.8443
0.02084,-5.8926
0.020844,-5.8765
0.020848,-5.9248
0.020852,-5.9248
0.020856,-5.8282
0.02086,-5.8282
0.020864,-5.8282
0.020868,-5.8604
0.020872,-5.796
0.020876,-5.8604
0.02088,-5.7638
0.020884,-5.7799
0.020888,-5.796
0.020892,-5.8121
0.020896,-5.7799
0.0209,-5.6994
0.020904,-5.7477
0.020908,-5.7316
0.020912,-5.7638
0.020916,-5.8121
0.02092,-5.8121
0.020924,-5.7155
0.020928,-5.6994
0.020932,-5.7316
0.020936,-5.8282
0.02094,-5.7638
0.020944,-5.7799
0.020948,-5.7638
0.020952,-5.8443
0.020956,-5.8282
0.02096,-5.7638
0.020964,-5.8121
0.020968,-5.6994
0.020972,-5.7799
0.020976,-5.7799
0.02098,-5.635
0.020984,-5.6994
0.020988,-5.6511
0.020992,-5.7477
0.020996,-5.7477
0.021,-5.7799
0.021004,-5.6833
0.021008,-5.7155
0.021012,-5.7316
0.021016,-5.7316
0.02102,-5.7638
0.021024,-5.7799
0.021028,-5.7638
0.021032,-5.7155
0.021036,-5.6672
0.02104,-5.6833
0.021044,-5.6994
0.021048,-5.6994
0.021052,-5.7155
0.021056,-5.6833
0.02106,-5.6833
0.021064,-5.635
0.021068,-5.7477
0.021072,-5.6672
0.021076,-5.6994
0.02108,-5.7155
0.021084,-5.6511
0.021088,-5.6672
0.021092,-5.6189
0.021096,-5.6994
0.0211,-5.7316
0.021104,-5.6672
0.021108,-5.635
0.021112,-5.6189
0.021116,-5.6511
0.02112,-5.6511
0.021124,-5.6511
0.021128,-5.5706
0.021132,-5.635
0.021136,-5.6511
0.02114,-5.5866999999999996
0.021144,-5.6511
0.021148,-5.6189
0.021152,-5.5706
0.021156,-5.6994
0.02116,-5.6511
0.021164,-5.6189
0.021168,-5.6511
0.021172,-5.5866999999999996
0.021176,-5.635
0.02118,-5.5222999999999995
0.021184,-5.6028
0.021188,-5.7155
0.021192,-5.6028
0.021196,-5.5545
0.0212,-5.5545
0.021204,-5.5222999999999995
0.021208,-5.5545
0.021212,-5.5384
0.021216,-5.5706
0.02122,-5.5545
0.021224,-5.5706
0.021228,-5.5866999999999996
0.021232,-5.5545
0.021236,-5.5866999999999996
0.02124,-5.5222999999999995
0.021244,-5.4901
0.021248,-5.5384
0.021252,-5.4418
0.021256,-5.5706
0.02126,-5.5866999999999996
0.021264,-5.5706
0.021268,-5.5222999999999995
0.021272,-5.4901
0.021276,-5.5706
0.02128,-5.5545
0.021284,-5.5706
0.021288,-5.5545
0.021292,-5.5062
0.021296,-5.474
0.0213,-5.4901
0.021304,-5.5384
0.021308,-5.4418
0.021312,-5.4096
0.021316,-5.4096
0.02132,-5.5706
0.021324,-5.5384
0.021328,-5.4578999999999995
0.021332,-5.4096
0.021336,-5.474
0.02134,-5.5062
0.021344,-5.5384
0.021348,-5.5062
0.021352,-5.4901
0.021356,-5.4257
0.02136,-5.4901
0.021364,-5.4578999999999995
0.021368,-5.4901
0.021372,-5.4096
0.021376,-5.474
0.02138,-5.4418
0.021384,-5.4901
0.021388,-5.4257
0.021392,-5.4096
0.021396,-5.4418
0.0214,-5.5222999999999995
0.021404,-5.5062
0.021408,-5.4901
0.021412,-5.3934999999999995
0.021416,-5.474
0.02142,-5.5222999999999995
0.021424,-5.4418
0.021428,-5.4096
0.021432,-5.3613
0.021436,-5.3452
0.02144,-5.3774
0.021444,-5.3774
0.021448,-5.4901
0.021452,-5.474
0.021456,-5.3934999999999995
0.02146,-5.4578999999999995
0.021464,-5.4257
0.021468,-5.4257
0.021472,-5.3613
0.021476,-5.3452
0.02148,-5.3452
0.021484,-5.3774
0.021488,-5.4418
0.021492,-5.3613
0.021496,-5.2808
0.0215,-5.313
0.021504,-5.3774
0.021508,-5.3613
0.021512,-5.3452
0.021516,-5.3290999999999995
0.02152,-5.3290999999999995
0.021524,-5.313
0.021528,-5.3452
0.021532,-5.3452
0.021536,-5.4096
0.02154,-5.3934999999999995
0.021544,-5.3613
0.021548,-5.3290999999999995
0.021552,-5.3774
0.021556,-5.3290999999999995
0.02156,-5.3290999999999995
0.021564,-5.2646999999999995
0.021568,-5.2325
0.021572,-5.3452
0.021576,-5.2808
0.02158,-5.2808
0.021584,-5.3290999999999995
0.021588,-5.3613
0.021592,-5.313
0.021596,-5.2969
0.0216,-5.2808
0.021604,-5.2646999999999995
0.021608,-5.3613
0.021612,-5.3774
0.021616,-5.313
0.02162,-5.2969
0.021624,-5.3290999999999995
0.021628,-5.2646999999999995
0.021632,-5.2646999999999995
0.021636,-5.2164
0.02164,-5.2808
0.021644,-5.2486
0.021648,-5.2002999999999995
0.021652,-5.2002999999999995
0.021656,-5.2808
0.02166,-5.2325
0.021664,-5.2646999999999995
0.021668,-5.2646999999999995
0.021672,-5.2325
0.021676,-5.2808
0.02168,-5.2486
0.021684,-5.313
0.021688,-5.3774
0.021692,-5.2486
0.021696,-5.2646999999999995
0.0217,-5.313
0.021704,-5.2646999999999995
0.021708,-5.2646999999999995
0.021712,-5.2164
0.021716,-5.2646999999999995
0.02172,-5.2325
0.021724,-5.2002999999999995
0.021728,-5.2325
0.021732,-5.2646999999999995
0.021736,-5.2002999999999995
0.02174,-5.1681
0.021744,-5.152
0.021748,-5.1681
0.021752,-5.2486
0.021756,-5.2325
0.02176,-5.1842
0.021764,-5.1198
0.021768,-5.1359
0.021772,-5.1681
0.021776,-5.1842
0.02178,-5.1681
0.021784,-5.1681
0.021788,-5.1359
0.021792,-5.1681
0.021796,-5.1842
0.0218,-5.1198
0.021804,-5.1681
0.021808,-5.2002999999999995
0.021812,-5.2002999999999995
0.021816,-5.1681
0.02182,-5.1037
0.021824,-5.0876
0.021828,-5.0715
0.021832,-5.1681
0.021836,-5.1681
0.02184,-5.1842
0.021844,-5.1681
0.021848,-5.1037
0.021852,-5.1198
0.021856,-5.1359
0.02186,-5.0715
0.021864,-5.1359
0.021868,-5.0554
0.021872,-5.1198
0.021876,-5.0876
0.02188,-5.0876
0.021884,-5.1359
0.021888,-5.1359
0.021892,-5.1842
0.021896,-5.1359
0.0219,-5.0071
0.021904,-5.0071
0.021908,-5.0876
0.021912,-5.1198
0.021916,-5.1037
0.02192,-5.0232
0.021924,-5.0232
0.021928,-5.0554
0.021932,-4.991
0.021936,-5.0232
0.02194,-5.0232
0.021944,-5.0071
0.021948,-5.0554
0.021952,-5.0393
0.021956,-5.0393
0.02196,-5.0393
0.021964,-5.0393
0.021968,-5.0232
0.021972,-5.0554
0.021976,-5.0876
0.02198,-5.0554
0.021984,-5.0554
0.021988,-5.0071
0.021992,-5.0071
0.021996,-5.0393
0.022,-5.0393
0.022004,-5.0554
0.022008,-4.991
0.022012,-5.0232
0.022016,-5.0715
0.02202,-5.0393
0.022024,-5.0232
0.022028,-4.991
0.022032,-4.9105
0.022036,-4.9266
0.02204,-5.0071
0.022044,-5.0393
0.022048,-5.0232
0.022052,-5.0232
0.022056,-4.991
0.02206,-4.9266
0.022064,-4.9266
0.022068,-4.9427
0.022072,-4.9427
0.022076,-4.991
0.02208,-4.991
0.022084,-4.991
0.022088,-5.0071
0.022092,-4.9427
0.022096,-4.9427
0.0221,-4.9105
0.022104,-4.8944
0.022108,-4.9105
0.022112,-4.9105
0.022116,-4.9105
0.02212,-4.9588
0.022124,-4.8944
0.022128,-4.991
0.022132,-4.9427
0.022136,-4.9105
0.02214,-4.9266
0.022144,-4.9266
0.022148,-4.8622
0.022152,-4.8139
0.022156,-4.8622
0.02216,-4.9427
0.022164,-4.9588
0.022168,-4.9266
0.022172,-4.9266
0.022176,-4.8461
0.02218,-4.8461
0.022184,-4.8622
0.022188,-4.8622
0.022192,-4.8783
0.022196,-4.9105
0.0222,-4.9588
0.022204,-4.9105
0.022208,-4.8622
0.022212,-4.8622
0.022216,-4.83
0.02222,-4.83
0.022224,-4.8783
0.022228,-4.7978
0.022232,-4.7978
0.022236,-4.83
0.02224,-4.8944
0.022244,-4.8944
0.022248,-4.8944
0.022252,-4.8622
0.022256,-4.83
0.02226,-4.7978
0.022264,-4.8139
0.022268,-4.8139
0.022272,-4.7656
0.022276,-4.7495
0.02228,-4.8139
0.022284,-4.8461
0.022288,-4.8783
0.022292,-4.7978
0.022296,-4.7656
0.0223,-4.7978
0.022304,-4.7978
0.022308,-4.8461
0.022312,-4.7495
0.022316,-4.7495
0.02232,-4.7817
0.022324,-4.7978
0.022328,-4.7173
0.022332,-4.7334
0.022336,-4.7495
0.02234,-4.7978
0.022344,-4.7495
0.022348,-4.7656
0.022352,-4.7495
0.022356,-4.7334
0.02236,-4.7817
0.022364,-4.7495
0.022368,-4.7495
0.022372,-4.7495
0.022376,-4.8139
0.02238,-4.7334
0.022384,-4.7173
0.022388,-4.7173
0.022392,-4.7656
0.022396,-4.7656
0.0224,-4.7334
0.022404,-4.7173
0.022408,-4.7656
0.022412,-4.6851
0.022416,-4.7173
0.02242,-4.669
0.022424,-4.669
0.022428,-4.669
0.022432,-4.7173
0.022436,-4.7012
0.02244,-4.6851
0.022444,-4.6046
0.022448,-4.6851
0.022452,-4.6851
0.022456,-4.669
0.02246,-4.6851
0.022464,-4.6529
0.022468,-4.669
0.022472,-4.6207
0.022476,-4.6368
0.02248,-4.6529
0.022484,-4.6851
0.022488,-4.7012
0.022492,-4.7173
0.022496,-4.6851
0.0225,-4.6529
0.022504,-4.7012
0.022508,-4.6529
0.022512,-4.6207
0.022516,-4.6046
0.02252,-4.6207
0.022524,-4.6529
0.022528,-4.6207
0.022532,-4.6368
0.022536,-4.6207
0.02254,-4.6046
0.022544,-4.6529
0.022548,-4.6529
0.022552,-4.6207
0.022556,-4.6207
0.02256,-4.6046
0.022564,-4.5402
0.022568,-4.5724
0.022572,-4.6207
0.022576,-4.6046
0.02258,-4.6207
0.022584,-4.6046
0.022588,-4.5885
0.022592,-4.6368
0.022596,-4.6529
0.0226,-4.5885
0.022604,-4.5724
0.022608,-4.5724
0.022612,-4.5563
0.022616,-4.5885
0.02262,-4.5563
0.022624,-4.5724
0.022628,-4.5724
0.022632,-4.5402
0.022636,-4.5563
0.02264,-4.5241
0.022644,-4.508
0.022648,-4.508
0.022652,-4.5402
0.022656,-4.5402
0.02266,-4.5241
0.022664,-4.5402
0.022668,-4.508
0.022672,-4.4919
0.022676,-4.508
0.02268,-4.508
0.022684,-4.5241
0.022688,-4.5563
0.022692,-4.5241
0.022696,-4.508
0.0227,-4.4758
0.022704,-4.4758
0.022708,-4.4758
0.022712,-4.4919
0.022716,-4.4597
0.02272,-4.5402
0.022724,-4.5241
0.022728,-4.4919
0.022732,-4.5563
0.022736,-4.5402
0.02274,-4.5402
0.022744,-4.4436
0.022748,-4.4436
0.022752,-4.4113999999999995
0.022756,-4.3792
0.02276,-4.4436
0.022764,-4.4597
0.022768,-4.508
0.022772,-4.508
0.022776,-4.4758
0.02278,-4.4436
0.022784,-4.4597
0.022788,-4.4758
0.022792,-4.4597
0.022796,-4.4275
0.0228,-4.4597
0.022804,-4.4275
0.022808,-4.4275
0.022812,-4.4597
0.022816,-4.4113999999999995
0.02282,-4.4275
0.022824,-4.4597
0.022828,-4.4436
0.022832,-4.4275
0.022836,-4.4275
0.02284,-4.3953
0.022844,-4.4275
0.022848,-4.3148
0.022852,-4.3953
0.022856,-4.4113999999999995
0.02286,-4.3953
0.022864,-4.4113999999999995
0.022868,-4.3469999999999995
0.022872,-4.3631
0.022876,-4.3631
0.02288,-4.3792
0.022884,-4.3631
0.022888,-4.3792
0.022892,-4.3792
0.022896,-4.3953
0.0229,-4.3631
0.022904,-4.3792
0.022908,-4.3309
0.022912,-4.3309
0.022916,-4.3148
0.02292,-4.3469999999999995
0.022924,-4.3148
0.022928,-4.3469999999999995
0.022932,-4.3953
0.022936,-4.3792
0.02294,-4.3469999999999995
0.022944,-4.3469999999999995
0.022948,-4.3309
0.022952,-4.2665
0.022956,-4.2987
0.02296,-4.3148
0.022964,-4.3631
0.022968,-4.3792
0.022972,-4.3469999999999995
0.022976,-4.2987
0.02298,-4.2825999999999995
0.022984,-4.3148
0.022988,-4.3469999999999995
0.022992,-4.3148
0.022996,-4.3309
0.023,-4.2825999999999995
0.023004,-4.2504
0.023008,-4.2987
0.023012,-4.2665
0.023016,-4.2665
0.02302,-4.2987
0.023024,-4.2665
0.023028,-4.2504
0.023032,-4.2504
0.023036,-4.3148
0.02304,-4.2665
0.023044,-4.2504
0.023048,-4.2665
0.023052,-4.2665
0.023056,-4.2343
0.02306,-4.2665
0.023064,-4.2021
0.023068,-4.2343
0.023072,-4.2825999999999995
0.023076,-4.2665
0.02308,-4.2343
0.023084,-4.2021
0.023088,-4.2504
0.023092,-4.2181999999999995
0.023096,-4.1699
0.0231,-4.2021
0.023104,-4.2181999999999995
0.023108,-4.2665
0.023112,-4.2987
0.023116,-4.2504
0.02312,-4.2343
0.023124,-4.2021
0.023128,-4.186
0.023132,-4.186
0.023136,-4.1699
0.02314,-4.2181999999999995
0.023144,-4.1699
0.023148,-4.1537999999999995
0.023152,-4.1699
0.023156,-4.1699
0.02316,-4.1699
0.023164,-4.1699
0.023168,-4.1699
0.023172,-4.2181999999999995
0.023176,-4.2021
0.02318,-4.186
0.023184,-4.1699
0.023188,-4.1699
0.023192,-4.1699
0.023196,-4.2021
0.0232,-4.1537999999999995
0.023204,-4.1055
0.023208,-4.1216
0.023212,-4.1216
0.023216,-4.1699
0.02322,-4.1216
0.023224,-4.1377
0.023228,-4.1216
0.023232,-4.1216
0.023236,-4.1377
0.02324,-4.1377
0.023244,-4.1055
0.023248,-4.1216
0.023252,-4.1216
0.023256,-4.1216
0.02326,-4.1055
0.023264,-4.0894
0.023268,-4.1055
0.023272,-4.0572
0.023276,-4.0733
0.02328,-4.1216
0.023284,-4.1377
0.023288,-4.1377
0.023292,-4.1055
0.023296,-4.0894
0.0233,-4.0894
0.023304,-4.0733
0.023308,-4.0089
0.023312,-4.0411
0.023316,-4.0411
0.02332,-4.0411
0.023324,-4.0894
0.023328,-4.0733
0.023332,-4.0894
0.023336,-4.0572
0.02334,-4.0894
0.023344,-4.025
0.023348,-4.025
0.023352,-4.0733
0.023356,-4.0572
0.02336,-4.0089
0.023364,-4.0411
0.023368,-3.9928
0.023372,-3.9928
0.023376,-4.0411
0.02338,-4.0089
0.023384,-4.0089
0.023388,-4.0089
0.023392,-4.025
0.023396,-4.025
0.0234,-4.0411
0.023404,-4.025
0.023408,-4.025
0.023412,-3.9928
0.023416,-4.0089
0.02342,-3.9606
0.023424,-3.9445
0.023428,-3.9606
0.023432,-3.9767
0.023436,-4.0089
0.02344,-4.025
0.023444,-3.9928
0.023448,-3.9606
0.023452,-3.9928
0.023456,-3.9767
0.02346,-3.9767
0.023464,-3.9606
0.023468,-3.9284
0.023472,-3.9767
0.023476,-3.9284
0.02348,-3.9445
0.023484,-3.9123
0.023488,-3.9284
0.023492,-3.9767
0.023496,-3.9606
0.0235,-3.9445
0.023504,-3.9606
0.023508,-3.9767
0.023512,-3.9445
0.023516,-3.9123
0.02352,-3.864
0.023524,-3.8962
0.023528,-3.8801
0.023532,-3.8962
0.023536,-3.9284
0.02354,-3.9445
0.023544,-3.9445
0.023548,-3.9284
0.023552,-3.9606
0.023556,-3.864
0.02356,-3.8962
0.023564,-3.9123
0.023568,-3.8801
0.023572,-3.8479
0.023576,-3.8962
0.02358,-3.8801
0.023584,-3.864
0.023588,-3.8801
0.023592,-3.8801
0.023596,-3.864
0.0236,-3.8318
0.023604,-3.864
0.023608,-3.8801
0.023612,-3.864
0.023616,-3.8479
0.02362,-3.8318
0.023624,-3.8801
0.023628,-3.8962
0.023632,-3.864
0.023636,-3.8479
0.02364,-3.8318
0.023644,-3.864
0.023648,-3.864
0.023652,-3.8318
0.023656,-3.8318
0.02366,-3.7996
0.023664,-3.8157
0.023668,-3.8157
0.023672,-3.8318
0.023676,-3.8801
0.02368,-3.7996
0.023684,-3.8157
0.023688,-3.7674
0.023692,-3.7835
0.023696,-3.7835
0.0237,-3.7674
0.023704,-3.7996
0.023708,-3.7996
0.023712,-3.7996
0.023716,-3.8479
0.02372,-3.7513
0.023724,-3.7513
0.023728,-3.7352
0.023732,-3.7513
0.023736,-3.7996
0.02374,-3.8318
0.023744,-3.7996
0.023748,-3.7674
0.023752,-3.703
0.023756,-3.7352
0.02376,-3.7191
0.023764,-3.7835
0.023768,-3.7352
0.023772,-3.7352
0.023776,-3.7352
0.02378,-3.7191
0.023784,-3.7513
0.023788,-3.7513
0.023792,-3.7352
0.023796,-3.7352
0.0238,-3.6869
0.023804,-3.7513
0.023808,-3.7352
0.023812,-3.703
0.023816,-3.703
0.02382,-3.703
0.023824,-3.7513
0.023828,-3.703
0.023832,-3.6869
0.023836,-3.6708
0.02384,-3.6869
0.023844,-3.7191
0.023848,-3.6869
0.023852,-3.6547
0.023856,-3.6708
0.02386,-3.6708
0.023864,-3.6547
0.023868,-3.6869
0.023872,-3.6708
0.023876,-3.6869
0.02388,-3.6708
0.023884,-3.6869
0.023888,-3.7191
0.023892,-3.6708
0.023896,-3.6708
0.0239,-3.6386
0.023904,-3.6064
0.023908,-3.6547
0.023912,-3.6386
0.023916,-3.5903
0.02392,-3.6225
0.023924,-3.6064
0.023928,-3.6225
0.023932,-3.6547
0.023936,-3.6547
0.02394,-3.6386
0.023944,-3.6064
0.023948,-3.6225
0.023952,-3.6547
0.023956,-3.6064
0.02396,-3.6064
0.023964,-3.5903
0.023968,-3.5742
0.023972,-3.6064
0.023976,-3.5742
0.02398,-3.5742
0.023984,-3.5742
0.023988,-3.6064
0.023992,-3.6064
0.023996,-3.6064
0.024,-3.5903
0.024004,-3.5742
0.024008,-3.5742
0.024012,-3.5742
0.024016,-3.5581
0.02402,-3.5742
0.024024,-3.5742
0.024028,-3.542
0.024032,-3.542
0.024036,-3.5259
0.02404,-3.5259
0.024044,-3.542
0.024048,-3.542
0.024052,-3.542
0.024056,-3.5098
0.02406,-3.5098
0.024064,-3.5259
0.024068,-3.5259
0.024072,-3.5742
0.024076,-3.542
0.02408,-3.4937
0.024084,-3.5259
0.024088,-3.5259
0.024092,-3.5259
0.024096,-3.5259
0.0241,-3.5098
0.024104,-3.4937
0.024108,-3.4937
0.024112,-3.4776
0.024116,-3.5259
0.02412,-3.4937
0.024124,-3.4937
0.024128,-3.5098
0.024132,-3.4776
0.024136,-3.5259
0.02414,-3.4776
0.024144,-3.4615
0.024148,-3.4454
0.024152,-3.4615
0.024156,-3.4776
0.02416,-3.4454
0.024164,-3.4615
0.024168,-3.4615
0.024172,-3.4615
0.024176,-3.4615
0.02418,-3.4293
0.024184,-3.4293
0.024188,-3.4615
0.024192,-3.4293
0.024196,-3.4293
0.0242,-3.4132
0.024204,-3.4454
0.024208,-3.4132
0.024212,-3.4293
0.024216,-3.4293
0.02422,-3.4132
0.024224,-3.4454
0.024228,-3.4132
0.024232,-3.3971
0.024236,-3.3971
0.02424,-3.4132
0.024244,-3.4132
0.024248,-3.4132
0.024252,-3.4293
0.024256,-3.4293
0.02426,-3.3971
0.024264,-3.381
0.024268,-3.381
0.024272,-3.3487999999999998
0.024276,-3.3649
0.02428,-3.381
0.024284,-3.381
0.024288,-3.4132
0.024292,-3.3971
0.024296,-3.3327
0.0243,-3.3487999999999998
0.024304,-3.381
0.024308,-3.3487999999999998
0.024312,-3.3487999999999998
0.024316,-3.3649
0.02432,-3.3487999999999998
0.024324,-3.3327
0.024328,-3.3165999999999998
0.024332,-3.3487999999999998
0.024336,-3.3327
0.02434,-3.3487999999999998
0.024344,-3.3327
0.024348,-3.3165999999999998
0.024352,-3.381
0.024356,-3.3487999999999998
0.02436,-3.3487999999999998
0.024364,-3.3327
0.024368,-3.3005
0.024372,-3.3165999999999998
0.024376,-3.2843999999999998
0.02438,-3.3005
0.024384,-3.2843999999999998
0.024388,-3.3005
0.024392,-3.3165999999999998
0.024396,-3.3165999999999998
0.0244,-3.2843999999999998
0.024404,-3.2843999999999998
0.024408,-3.3005
0.024412,-3.3005
0.024416,-3.2683
0.02442,-3.2843999999999998
0.024424,-3.2683
0.024428,-3.2843999999999998
0.024432,-3.2521999999999998
0.024436,-3.2199999999999998
0.02444,-3.2361
0.024444,-3.2521999999999998
0.024448,-3.2843999999999998
0.024452,-3.2683
0.024456,-3.2521999999999998
0.02446,-3.2361
0.024464,-3.2521999999999998
0.024468,-3.2521999999999998
0.024472,-3.2521999999999998
0.024476,-3.2521999999999998
0.02448,-3.2521999999999998
0.024484,-3.2521999999999998
0.024488,-3.2521999999999998
0.024492,-3.2521999999999998
0.024496,-3.2361
0.0245,-3.2199999999999998
0.024504,-3.1877999999999997
0.024508,-3.2039
0.024512,-3.1877999999999997
0.024516,-3.2199999999999998
0.02452,-3.2361
0.024524,-3.2199999999999998
0.024528,-3.2199999999999998
0.024532,-3.2039
0.024536,-3.1877999999999997
0.02454,-3.1877999999999997
0.024544,-3.1717
0.024548,-3.1877999999999997
0.024552,-3.1877999999999997
0.024556,-3.1877999999999997
0.02456,-3.1877999999999997
0.024564,-3.1877999999999997
0.024568,-3.1877999999999997
0.024572,-3.1717
0.024576,-3.1717
0.02458,-3.1555999999999997
0.024584,-3.1395
0.024588,-3.1717
0.024592,-3.1717
0.024596,-3.1717
0.0246,-3.1395
0.024604,-3.1233999999999997
0.024608,-3.1395
0.024612,-3.1395
0.024616,-3.1073
0.02462,-3.1395
0.024624,-3.1555999999999997
0.024628,-3.1395
0.024632,-3.1233999999999997
0.024636,-3.1073
0.02464,-3.1233999999999997
0.024644,-3.1395
0.024648,-3.1073
0.024652,-3.1073
0.024656,-3.1073
0.02466,-3.0911999999999997
0.024664,-3.1233999999999997
0.024668,-3.1073
0.024672,-3.1073
0.024676,-3.0911999999999997
0.02468,-3.0751
0.024684,-3.0911999999999997
0.024688,-3.0911999999999997
0.024692,-3.0911999999999997
0.024696,-3.0751
0.0247,-3.1073
0.024704,-3.0911999999999997
0.024708,-3.0751
0.024712,-3.059
0.024716,-3.0751
0.02472,-3.059
0.024724,-3.059
0.024728,-3.059
0.024732,-3.059
0.024736,-3.0429
0.02474,-3.0268
0.024744,-3.0429
0.024748,-3.0268
0.024752,-3.059
0.024756,-3.0751
0.02476,-3.0429
0.024764,-3.0268
0.024768,-3.0268
0.024772,-3.0268
0.024776,-3.0268
0.02478,-2.9946
0.024784,-3.0268
0.024788,-3.0107
0.024792,-3.0107
0.024796,-3.0107
0.0248,-2.9946
0.024804,-3.0107
0.024808,-2.9946
0.024812,-3.0107
0.024816,-3.0268
0.02482,-3.0107
0.024824,-2.9946
0.024828,-2.9946
0.024832,-2.9946
0.024836,-2.9946
0.02484,-2.9624
0.024844,-2.9785
0.024848,-2.9946
0.024852,-2.9785
0.024856,-2.9463
0.02486,-2.9624
0.024864,-2.9785
0.024868,-2.9624
0.024872,-2.9624
0.024876,-2.9463
0.02488,-2.9463
0.024884,-2.9624
0.024888,-2.9302
0.024892,-2.9624
0.024896,-2.9463
0.0249,-2.9302
0.024904,-2.9302
0.024908,-2.9141
0.024912,-2.898
0.024916,-2.9302
0.02492,-2.9302
0.024924,-2.9302
0.024928,-2.898
0.024932,-2.898
0.024936,-2.9141
0.02494,-2.9141
0.024944,-2.9302
0.024948,-2.9141
0.024952,-2.9141
0.024956,-2.9141
0.02496,-2.8819
0.024964,-2.8819
0.024968,-2.898
0.024972,-2.898
0.024976,-2.8819
0.02498,-2.8819
0.024984,-2.8658
0.024988,-2.8658
0.024992,-2.8658
0.024996,-2.8819
0.025,-2.898
0.025004,-2.8819
0.025008,-2.8658
0.025012,-2.8497
0.025016,-2.8497
0.02502,-2.8497
0.025024,-2.8336
0.025028,-2.8658
0.025032,-2.8658
0.025036,-2.8497
0.02504,-2.8175
0.025044,-2.8336
0.025048,-2.8497
0.025052,-2.8336
0.025056,-2.8336
0.02506,-2.8175
0.025064,-2.7853
0.025068,-2.8175
0.025072,-2.8175
0.025076,-2.8175
0.02508,-2.8014
0.025084,-2.8175
0.025088,-2.8175
0.025092,-2.8014
0.025096,-2.8175
0.0251,-2.8014
0.025104,-2.7692
0.025108,-2.7853
0.025112,-2.7692
0.025116,-2.7853
0.02512,-2.7853
0.025124,-2.8014
0.025128,-2.7853
0.025132,-2.7692
0.025136,-2.7853
0.02514,-2.7531
0.025144,-2.7531
0.025148,-2.7531
0.025152,-2.7531
0.025156,-2.7531
0.02516,-2.7531
0.025164,-2.7531
0.025168,-2.7531
0.025172,-2.737
0.025176,-2.737
0.02518,-2.737
0.025184,-2.737
0.025188,-2.7531
0.025192,-2.737
0.025196,-2.7209
0.0252,-2.7209
0.025204,-2.737
0.025208,-2.7048
0.025212,-2.7209
0.025216,-2.7048
0.02522,-2.7048
0.025224,-2.7209
0.025228,-2.7048
0.025232,-2.6887
0.025236,-2.7048
0.02524,-2.6887
0.025244,-2.7209
0.025248,-2.6887
0.025252,-2.7048
0.025256,-2.7048
0.02526,-2.6887
0.025264,-2.6726
0.025268,-2.6887
0.025272,-2.6726
0.025276,-2.6565
0.02528,-2.6565
0.025284,-2.6565
0.025288,-2.6565
0.025292,-2.6565
0.025296,-2.6404
0.0253,-2.6404
0.025304,-2.6565
0.025308,-2.6565
0.025312,-2.6565
0.025316,-2.6404
0.02532,-2.6404
0.025324,-2.6243
0.025328,-2.6243
0.025332,-2.6243
0.025336,-2.6243
0.02534,-2.6404
0.025344,-2.6082
0.025348,-2.6082
0.025352,-2.6404
0.025356,-2.6082
0.02536,-2.6082
0.025364,-2.6082
0.025368,-2.5921
0.025372,-2.576
0.025376,-2.6082
0.02538,-2.5921
0.025384,-2.5921
0.025388,-2.5921
0.025392,-2.5599
0.025396,-2.5921
0.0254,-2.576
0.025404,-2.576
0.025408,-2.576
0.025412,-2.576
0.025416,-2.5599
0.02542,-2.576
0.025424,-2.576
0.025428,-2.576
0.025432,-2.5599
0.025436,-2.5599
0.02544,-2.5277
0.025444,-2.5438
0.025448,-2.5438
0.025452,-2.5438
0.025456,-2.5438
0.02546,-2.5277
0.025464,-2.5277
0.025468,-2.5438
0.025472,-2.5277
0.025476,-2.5277
0.02548,-2.5277
0.025484,-2.5116
0.025488,-2.5277
0.025492,-2.4955
0.025496,-2.5116
0.0255,-2.4955
0.025504,-2.5116
0.025508,-2.4955
0.025512,-2.4955
0.025516,-2.4955
0.02552,-2.4955
0.025524,-2.4794
0.025528,-2.5116
0.025532,-2.4955
0.025536,-2.4794
0.02554,-2.4794
0.025544,-2.4633
0.025548,-2.4794
0.025552,-2.4794
0.025556,-2.4633
0.02556,-2.4633
0.025564,-2.4794
0.025568,-2.4794
0.025572,-2.4633
0.025576,-2.4633
0.02558,-2.4311
0.025584,-2.4472
0.025588,-2.4472
0.025592,-2.4472
0.025596,-2.4472
0.0256,-2.4311
0.025604,-2.4311
0.025608,-2.4311
0.025612,-2.4311
0.025616,-2.4311
0.02562,-2.415
0.025624,-2.4311
0.025628,-2.415
0.025632,-2.4472
0.025636,-2.415
0.02564,-2.3989
0.025644,-2.3989
0.025648,-2.3989
0.025652,-2.3989
0.025656,-2.3989
0.02566,-2.415
0.025664,-2.3989
0.025668,-2.3989
0.025672,-2.3989
0.025676,-2.3828
0.02568,-2.3667
0.025684,-2.3828
0.025688,-2.3667
0.025692,-2.3667
0.025696,-2.3667
0.0257,-2.3667
0.025704,-2.3667
0.025708,-2.3667
0.025712,-2.3828
0.025716,-2.3667
0.02572,-2.3506
0.025724,-2.3506
0.025728,-2.3506
0.025732,-2.3506
0.025736,-2.3345
0.02574,-2.3506
0.025744,-2.3345
0.025748,-2.3345
0.025752,-2.3506
0.025756,-2.3184
0.02576,-2.3184
0.025764,-2.3345
0.025768,-2.3184
0.025772,-2.3184
0.025776,-2.3184
0.02578,-2.3184
0.025784,-2.3184
0.025788,-2.3023
0.025792,-2.2862
0.025796,-2.2862
0.0258,-2.3023
0.025804,-2.2862
0.025808,-2.2862
0.025812,-2.3023
0.025816,-2.2701
0.02582,-2.2862
0.025824,-2.2862
0.025828,-2.2862
0.025832,-2.2862
0.025836,-2.2701
0.02584,-2.2701
0.025844,-2.254
0.025848,-2.2701
0.025852,-2.2701
0.025856,-2.254
0.02586,-2.2701
0.025864,-2.254
0.025868,-2.254
0.025872,-2.2379
0.025876,-2.2379
0.02588,-2.254
0.025884,-2.2379
0.025888,-2.2379
0.025892,-2.2218
0.025896,-2.2218
0.0259,-2.2379
0.025904,-2.2218
0.025908,-2.2218
0.025912,-2.2056999999999998
0.025916,-2.2218
0.02592,-2.2056999999999998
0.025924,-2.2056999999999998
0.025928,-2.2218
0.025932,-2.2056999999999998
0.025936,-2.2056999999999998
0.02594,-2.1734999999999998
0.025944,-2.1896
0.025948,-2.2056999999999998
0.025952,-2.2056999999999998
0.025956,-2.1896
0.02596,-2.1896
0.025964,-2.1734999999999998
0.025968,-2.1896
0.025972,-2.1574
0.025976,-2.1574
0.02598,-2.1574
0.025984,-2.1734999999999998
0.025988,-2.1896
0.025992,-2.1734999999999998
0.025996,-2.1412999999999998
0.026,-2.1734999999999998
0.026004,-2.1574
0.026008,-2.1412999999999998
0.026012,-2.1412999999999998
0.026016,-2.1412999999999998
0.02602,-2.1412999999999998
0.026024,-2.1252
0.026028,-2.1574
0.026032,-2.1412999999999998
0.026036,-2.1412999999999998
0.02604,-2.1252
0.026044,-2.1090999999999998
0.026048,-2.1090999999999998
0.026052,-2.1252
0.026056,-2.1252
0.02606,-2.1090999999999998
0.026064,-2.1090999999999998
0.026068,-2.093
0.026072,-2.093
0.026076,-2.1090999999999998
0.02608,-2.093
0.026084,-2.1090999999999998
0.026088,-2.093
0.026092,-2.0768999999999997
0.026096,-2.093
0.0261,-2.093
0.026104,-2.093
0.026108,-2.0768999999999997
0.026112,-2.0608
0.026116,-2.0768999999999997
0.02612,-2.0608
0.026124,-2.0768999999999997
0.026128,-2.0608
0.026132,-2.0608
0.026136,-2.0447
0.02614,-2.0447
0.026144,-2.0447
0.026148,-2.0608
0.026152,-2.0447
0.026156,-2.0286
0.02616,-2.0286
0.026164,-2.0286
0.026168,-2.0286
0.026172,-2.0286
0.026176,-2.0286
0.02618,-2.0286
0.026184,-2.0286
0.026188,-2.0125
0.026192,-2.0125
0.026196,-2.0125
0.0262,-2.0125
0.026204,-2.0125
0.026208,-2.0125
0.026212,-2.0125
0.026216,-1.9964
0.02622,-1.9964
0.026224,-1.9803
0.026228,-1.9964
0.026232,-1.9964
0.026236,-1.9803
0.02624,-1.9803
0.026244,-1.9642
0.026248,-1.9803
0.026252,-1.9803
0.026256,-1.9642
0.02626,-1.9803
0.026264,-1.9642
0.026268,-1.9642
0.026272,-1.9481
0.026276,-1.9481
0.02628,-1.9642
0.026284,-1.9481
0.026288,-1.9481
0.026292,-1.9481
0.026296,-1.932
0.0263,-1.9642
0.026304,-1.932
0.026308,-1.932
0.026312,-1.932
0.026316,-1.932
0.02632,-1.932
0.026324,-1.9159
0.026328,-1.9159
0.026332,-1.932
0.026336,-1.9159
0.02634,-1.8998
0.026344,-1.8998
0.026348,-1.8998
0.026352,-1.9159
0.026356,-1.8998
0.02636,-1.8998
0.026364,-1.8837
0.026368,-1.8837
0.026372,-1.8998
0.026376,-1.8998
0.02638,-1.8998
0.026384,-1.8676
0.026388,-1.8837
0.026392,-1.8676
0.026396,-1.8676
0.0264,-1.8676
0.026404,-1.8676
0.026408,-1.8676
0.026412,-1.8515
0.026416,-1.8676
0.02642,-1.8515
0.026424,-1.8676
0.026428,-1.8515
0.026432,-1.8676
0.026436,-1.8354
0.02644,-1.8515
0.026444,-1.8354
0.026448,-1.8354
0.026452,-1.8354
0.026456,-1.8354
0.02646,-1.8354
0.026464,-1.8354
0.026468,-1.8032
0.026472,-1.8354
0.026476,-1.8193
0.02648,-1.8193
0.026484,-1.8032
0.026488,-1.8032
0.026492,-1.8032
0.026496,-1.8193
0.0265,-1.8032
0.026504,-1.771
0.026508,-1.7871
0.026512,-1.7871
0.026516,-1.7871
0.02652,-1.771
0.026524,-1.771
0.026528,-1.7871
0.026532,-1.771
0.026536,-1.771
0.02654,-1.771
0.026544,-1.7549
0.026548,-1.771
0.026552,-1.771
0.026556,-1.7549
0.02656,-1.7549
0.026564,-1.771
0.026568,-1.7549
0.026572,-1.7549
0.026576,-1.7388
0.02658,-1.7227
0.026584,-1.7549
0.026588,-1.7388
0.026592,-1.7388
0.026596,-1.7549
0.0266,-1.7227
0.026604,-1.7388
0.026608,-1.7227
0.026612,-1.7227
0.026616,-1.7066
0.02662,-1.7066
0.026624,-1.7227
0.026628,-1.7066
0.026632,-1.7066
0.026636,-1.7066
0.02664,-1.7066
0.026644,-1.7066
0.026648,-1.6905
0.026652,-1.7066
0.026656,-1.6905
0.02666,-1.6905
0.026664,-1.6905
0.026668,-1.6743999999999999
0.026672,-1.6743999999999999
0.026676,-1.6743999999999999
0.02668,-1.6743999999999999
0.026684,-1.6743999999999999
0.026688,-1.6582999999999999
0.026692,-1.6743999999999999
0.026696,-1.6743999999999999
0.0267,-1.6582999999999999
0.026704,-1.6582999999999999
0.026708,-1.6421999999999999
0.026712,-1.6582999999999999
0.026716,-1.6421999999999999
0.02672,-1.6260999999999999
0.026724,-1.6582999999999999
0.026728,-1.6421999999999999
0.026732,-1.6421999999999999
0.026736,-1.6260999999999999
0.02674,-1.6421999999999999
0.026744,-1.6421999999999999
0.026748,-1.6260999999999999
0.026752,-1.6260999999999999
0.026756,-1.6099999999999999
0.02676,-1.6260999999999999
0.026764,-1.6260999999999999
0.026768,-1.6099999999999999
0.026772,-1.6099999999999999
0.026776,-1.5938999999999999
0.02678,-1.6099999999999999
0.026784,-1.6099999999999999
0.026788,-1.5938999999999999
0.026792,-1.5777999999999999
0.026796,-1.5777999999999999
0.0268,-1.5938999999999999
0.026804,-1.5777999999999999
0.026808,-1.5777999999999999
0.026812,-1.5777999999999999
0.026816,-1.5777999999999999
0.02682,-1.5777999999999999
0.026824,-1.5616999999999999
0.026828,-1.5616999999999999
0.026832,-1.5777999999999999
0.026836,-1.5455999999999999
0.02684,-1.5616999999999999
0.026844,-1.5455999999999999
0.026848,-1.5455999999999999
0.026852,-1.5616999999999999
0.026856,-1.5455999999999999
0.02686,-1.5455999999999999
0.026864,-1.5455999999999999
0.026868,-1.5455999999999999
0.026872,-1.5455999999999999
0.026876,-1.5295
0.02688,-1.5455999999999999
0.026884,-1.5295
0.026888,-1.5134
0.026892,-1.5134
0.026896,-1.5134
0.0269,-1.5295
0.026904,-1.5134
0.026908,-1.5134
0.026912,-1.4973
0.026916,-1.4973
0.02692,-1.4973
0.026924,-1.4973
0.026928,-1.4973
0.026932,-1.4973
0.026936,-1.4812
0.02694,-1.4812
0.026944,-1.4812
0.026948,-1.4812
0.026952,-1.4812
0.026956,-1.4973
0.02696,-1.4812
0.026964,-1.4651
0.026968,-1.4651
0.026972,-1.4651
0.026976,-1.4651
0.02698,-1.4651
0.026984,-1.449
0.026988,-1.449
0.026992,-1.449
0.026996,-1.449
0.027,-1.4329
0.027004,-1.4329
0.027008,-1.4329
0.027012,-1.4329
0.027016,-1.4329
0.02702,-1.4329
0.027024,-1.4329
0.027028,-1.4329
0.027032,-1.4329
0.027036,-1.4168
0.02704,-1.4007
0.027044,-1.4168
0.027048,-1.4329
0.027052,-1.4168
0.027056,-1.4168
0.02706,-1.4007
0.027064,-1.4007
0.027068,-1.4007
0.027072,-1.3846
0.027076,-1.3846
0.02708,-1.3846
0.027084,-1.3846
0.027088,-1.4007
0.027092,-1.3846
0.027096,-1.3846
0.0271,-1.3685
0.027104,-1.3846
0.027108,-1.3685
0.027112,-1.3685
0.027116,-1.3524
0.02712,-1.3685
0.027124,-1.3685
0.027128,-1.3524
0.027132,-1.3524
0.027136,-1.3363
0.02714,-1.3524
0.027144,-1.3363
0.027148,-1.3524
0.027152,-1.3363
0.027156,-1.3202
0.02716,-1.3524
0.027164,-1.3363
0.027168,-1.3202
0.027172,-1.3363
0.027176,-1.3041
0.02718,-1.3202
0.027184,-1.3041
0.027188,-1.3041
0.027192,-1.3202
0.027196,-1.3041
0.0272,-1.3041
0.027204,-1.3041
0.027208,-1.288
0.027212,-1.3041
0.027216,-1.3202
0.02722,-1.288
0.027224,-1.288
0.027228,-1.288
0.027232,-1.288
0.027236,-1.288
0.02724,-1.2719
0.027244,-1.2719
0.027248,-1.2719
0.027252,-1.2719
0.027256,-1.2558
0.02726,-1.2719
0.027264,-1.2397
0.027268,-1.2558
0.027272,-1.2558
0.027276,-1.2397
0.02728,-1.2558
0.027284,-1.2397
0.027288,-1.2397
0.027292,-1.2397
0.027296,-1.2397
0.0273,-1.2397
0.027304,-1.2236
0.027308,-1.2236
0.027312,-1.2236
0.027316,-1.2236
0.02732,-1.2075
0.027324,-1.2236
0.027328,-1.2075
0.027332,-1.2075
0.027336,-1.2075
0.02734,-1.2075
0.027344,-1.1914
0.027348,-1.2075
0.027352,-1.1914
0.027356,-1.2075
0.02736,-1.1914
0.027364,-1.1753
0.027368,-1.1914
0.027372,-1.1753
0.027376,-1.1914
0.02738,-1.1753
0.027384,-1.1753
0.027388,-1.1753
0.027392,-1.1592
0.027396,-1.1592
0.0274,-1.1592
0.027404,-1.127
0.027408,-1.1431
0.027412,-1.1431
0.027416,-1.1431
0.02742,-1.127
0.027424,-1.127
0.027428,-1.1431
0.027432,-1.1109
0.027436,-1.0787
0.02744,-1.0626
0.027444,-1.0465
0.027448,-1.0787
0.027452,-1.0626
0.027456,-1.0465
0.02746,-1.0465
0.027464,-1.0465
0.027468,-1.0304
0.027472,-1.0143
0.027476,-1.0304
0.02748,-1.0304
0.027484,-1.0143
0.027488,-1.0143
0.027492,-1.0143
0.027496,-1.0143
0.0275,-0.9982
0.027504,-0.9982
0.027508,-0.9982
0.027512,-0.9982
0.027516,-0.9982
0.02752,-0.9821
0.027524,-0.9982
0.027528,-0.9982
0.027532,-0.9982
0.027536,-0.9821
0.02754,-0.9821
0.027544,-0.9821
0.027548,-0.9821
0.027552,-0.966
0.027556,-0.9821
0.02756,-0.9821
0.027564,-0.9499
0.027568,-0.9821
0.027572,-0.9499
0.027576,-0.966
0.02758,-0.966
0.027584,-0.9499
0.027588,-0.9499
0.027592,-0.9499
0.027596,-0.9499
0.0276,-0.9338
0.027604,-0.9338
0.027608,-0.9338
0.027612,-0.9338
0.027616,-0.9338
0.02762,-0.9177
0.027624,-0.9338
0.027628,-0.9338
0.027632,-0.9177
0.027636,-0.9016
0.02764,-0.9016
0.027644,-0.9016
0.027648,-0.9016
0.027652,-0.9016
0.027656,-0.9016
0.02766,-0.9016
0.027664,-0.8855
0.027668,-0.8855
0.027672,-0.8855
0.027676,-0.8855
0.02768,-0.8855
0.027684,-0.8855
0.027688,-0.8694
0.027692,-0.8694
0.027696,-0.8694
0.0277,-0.8694
0.027704,-0.8533
0.027708,-0.8694
0.027712,-0.8533
0.027716,-0.8533
0.02772,-0.8533
0.027724,-0.8533
0.027728,-0.8371999999999999
0.027732,-0.8533
0.027736,-0.8371999999999999
0.02774,-0.8533
0.027744,-0.8533
0.027748,-0.8210999999999999
0.027752,-0.8210999999999999
0.027756,-0.8210999999999999
0.02776,-0.8371999999999999
0.027764,-0.8210999999999999
0.027768,-0.8049999999999999
0.027772,-0.8049999999999999
0.027776,-0.8049999999999999
0.02778,-0.8049999999999999
0.027784,-0.8049999999999999
0.027788,-0.8049999999999999
0.027792,-0.7888999999999999
0.027796,-0.8210999999999999
0.0278,-0.7727999999999999
0.027804,-0.7888999999999999
0.027808,-0.7888999999999999
0.027812,-0.7727999999999999
0.027816,-0.7888999999999999
0.02782,-0.7727999999999999
0.027824,-0.7727999999999999
0.027828,-0.7727999999999999
0.027832,-0.7727999999999999
0.027836,-0.7727999999999999
0.02784,-0.7727999999999999
0.027844,-0.7567
0.027848,-0.7567
0.027852,-0.7567
0.027856,-0.7567
0.02786,-0.7567
0.027864,-0.7406
0.027868,-0.7406
0.027872,-0.7567
0.027876,-0.7245
0.02788,-0.7406
0.027884,-0.7245
0.027888,-0.7245
0.027892,-0.7245
0.027896,-0.7406
0.0279,-0.7245
0.027904,-0.7084
0.027908,-0.7084
0.027912,-0.7245
0.027916,-0.7084
0.02792,-0.6923
0.027924,-0.7084
0.027928,-0.6923
0.027932,-0.6923
0.027936,-0.7084
0.02794,-0.6923
0.027944,-0.6923
0.027948,-0.6762
0.027952,-0.6923
0.027956,-0.6923
0.02796,-0.6762
0.027964,-0.6762
0.027968,-0.6601
0.027972,-0.6762
0.027976,-0.6762
0.02798,-0.6601
0.027984,-0.6601
0.027988,-0.6601
0.027992,-0.644
0.027996,-0.6601
0.028,-0.644
0.028004,-0.644
0.028008,-0.6601
0.028012,-0.6279
0.028016,-0.6279
0.02802,-0.644
0.028024,-0.644
0.028028,-0.6118
0.028032,-0.6279
0.028036,-0.6118
0.02804,-0.6118
0.028044,-0.6118
0.028048,-0.6118
0.028052,-0.6279
0.028056,-0.6118
0.02806,-0.6118
0.028064,-0.5957
0.028068,-0.6118
0.028072,-0.6118
0.028076,-0.5796
0.02808,-0.5796
0.028084,-0.5796
0.028088,-0.5957
0.028092,-0.5796
0.028096,-0.5796
0.0281,-0.5796
0.028104,-0.5635
0.028108,-0.5635
0.028112,-0.5796
0.028116,-0.5474
0.02812,-0.5635
0.028124,-0.5474
0.028128,-0.5474
0.028132,-0.5474
0.028136,-0.5474
0.02814,-0.5474
0.028144,-0.5313
0.028148,-0.5474
0.028152,-0.5474
0.028156,-0.5313
0.02816,-0.5313
0.028164,-0.5152
0.028168,-0.5313
0.028172,-0.5313
0.028176,-0.5152
0.02818,-0.5152
0.028184,-0.4991
0.028188,-0.5152
0.028192,-0.4991
0.028196,-0.4991
0.0282,-0.4991
0.028204,-0.483
0.028208,-0.4991
0.028212,-0.483
0.028216,-0.483
0.02822,-0.483
0.028224,-0.4669
0.028228,-0.483
0.028232,-0.483
0.028236,-0.4669
0.02824,-0.4669
0.028244,-0.4508
0.028248,-0.4669
0.028252,-0.4669
0.028256,-0.4508
0.02826,-0.4508
0.028264,-0.4508
0.028268,-0.4508
0.028272,-0.4347
0.028276,-0.4508
0.02828,-0.4347
0.028284,-0.4347
0.028288,-0.4347
0.028292,-0.41859999999999997
0.028296,-0.41859999999999997
0.0283,-0.41859999999999997
0.028304,-0.4347
0.028308,-0.41859999999999997
0.028312,-0.41859999999999997
0.028316,-0.41859999999999997
0.02832,-0.40249999999999997
0.028324,-0.40249999999999997
0.028328,-0.41859999999999997
0.028332,-0.40249999999999997
0.028336,-0.40249999999999997
0.02834,-0.38639999999999997
0.028344,-0.40249999999999997
0.028348,-0.40249999999999997
0.028352,-0.38639999999999997
0.028356,-0.38639999999999997
0.02836,-0.3703
0.028364,-0.38639999999999997
0.028368,-0.38639999999999997
0.028372,-0.3703
0.028376,-0.3703
0.02838,-0.3703
0.028384,-0.3542
0.028388,-0.3542
0.028392,-0.3542
0.028396,-0.3703
0.0284,-0.3381
0.028404,-0.3381
0.028408,-0.3542
0.028412,-0.3381
0.028416,-0.3381
0.02842,-0.3542
0.028424,-0.3381
0.028428,-0.322
0.028432,-0.3381
0.028436,-0.322
0.02844,-0.3059
0.028444,-0.322
0.028448,-0.3059
0.028452,-0.322
0.028456,-0.322
0.02846,-0.3059
0.028464,-0.322
0.028468,-0.2898
0.028472,-0.3059
0.028476,-0.3059
0.02848,-0.2898
0.028484,-0.2898
0.028488,-0.2737
0.028492,-0.2898
0.028496,-0.2898
0.0285,-0.2576
0.028504,-0.2898
0.028508,-0.2576
0.028512,-0.2737
0.028516,-0.2737
0.02852,-0.2576
0.028524,-0.2576
0.028528,-0.2576
0.028532,-0.2737
0.028536,-0.2415
0.02854,-0.2415
0.028544,-0.2415
0.028548,-0.2576
0.028552,-0.2415
0.028556,-0.2254
0.02856,-0.2576
0.028564,-0.2415
0.028568,-0.20929999999999999
0.028572,-0.2415
0.028576,-0.2254
0.02858,-0.20929999999999999
0.028584,-0.2254
0.028588,-0.20929999999999999
0.028592,-0.19319999999999998
0.028596,-0.20929999999999999
0.0286,-0.20929999999999999
0.028604,-0.20929999999999999
0.028608,-0.19319999999999998
0.028612,-0.19319999999999998
0.028616,-0.19319999999999998
0.02862,-0.19319999999999998
0.028624,-0.20929999999999999
0.028628,-0.1771
0.028632,-0.19319999999999998
0.028636,-0.1771
0.02864,-0.1771
0.028644,-0.1771
0.028648,-0.161
0.028652,-0.161
0.028656,-0.1771
0.02866,-0.161
0.028664,-0.161
0.028668,-0.1449
0.028672,-0.161
0.028676,-0.1449
0.02868,-0.1449
0.028684,-0.1449
0.028688,-0.1449
0.028692,-0.1288
0.028696,-0.1288
0.0287,-0.1288
0.028704,-0.1288
0.028708,-0.1127
0.028712,-0.1288
0.028716,-0.1127
0.02872,-0.1127
0.028724,-0.1288
0.028728,-0.1127
0.028732,-0.1127
0.028736,-0.09659999999999999
0.02874,-0.09659999999999999
0.028744,-0.1127
0.028748,-0.09659999999999999
0.028752,-0.0805
0.028756,-0.09659999999999999
0.02876,-0.09659999999999999
0.028764,-0.09659999999999999
0.028768,-0.0805
0.028772,-0.0805
0.028776,-0.0644
0.02878,-0.0644
0.028784,-0.0805
0.028788,-0.0644
0.028792,-0.0644
0.028796,-0.0805
0.0288,-0.048299999999999996
0.028804,-0.048299999999999996
0.028808,-0.0644
0.028812,-0.048299999999999996
0.028816,-0.048299999999999996
0.02882,-0.048299999999999996
0.028824,-0.048299999999999996
0.028828,-0.048299999999999996
0.028832,-0.048299999999999996
0.028836,-0.0322
0.02884,-0.0322
0.028844,-0.0161
0.028848,-0.0322
0.028852,-0.0161
0.028856,-0.0322
0.02886,-0.7567
0.028864,-2.1090999999999998
0.028868,-3.9606
0.028872,-2.3828
0.028876,-1.5295
0.02888,-2.0768999999999997
0.028884,-2.2701
0.028888,-3.0751
0.028892,-6.601
0.028896,-10.3201
0.0289,-12.9283
0.028904,-7.084
0.028908,-6.0858
0.028912,-8.6618
0.028916,-8.436399999999999
0.02892,-6.118
0.028924,-2.9624
0.028928,-5.3290999999999995
0.028932,-6.3111999999999995
0.028936,-2.7048
0.02894,-1.3041
0.028944,-1.5938999999999999
0.028948,-2.8819
0.028952,-0.7084
0.028956,2.0286
0.02896,0.6762
0.028964,0.38639999999999997
0.028968,1.8032
0.028972,3.4293
0.028976,3.1555999999999997
0.02898,0.9821
0.028984,2.7048
0.028988,4.2665
0.028992,3.6386
0.028996,2.898
0.029,3.0751
0.029004,5.1681
0.029008,4.9427
0.029012,3.6386
0.029016,4.5724
0.02902,5.5866999999999996
0.029024,5.9731
0.029028,4.991
0.029032,5.0876
0.029036,6.762
0.02904,6.6493
0.029044,6.0858
0.029048,6.2467999999999995
0.029052,7.1645
0.029056,7.8084999999999996
0.02906,6.9069
0.029064,7.0196
0.029068,8.0339
0.029072,8.2754
0.029076,8.0017
0.02908,7.7440999999999995
0.029084,8.6618
0.029088,9.177
0.029092,8.5974
0.029096,8.6457
0.0291,9.1931
0.029104,9.7566
0.029108,9.5312
0.029112,9.2092
0.029116,9.9015
0.02912,10.2879
0.029124,10.1108
0.029128,9.9498
0.029132,10.2718
0.029136,10.8675
0.02914,10.7226
0.029144,10.5455
0.029148,10.915799999999999
0.029152,11.2861
0.029156,11.3505
0.02916,11.109
0.029164,11.3344
0.029168,11.7691
0.029172,11.753
0.029176,11.6886
0.02918,11.8496
0.029184,12.1394
0.029188,12.236
0.029192,12.075
0.029196,12.236
0.0292,12.5258
0.029204,12.5902
0.029208,12.5419
0.029212,12.622399999999999
0.029216,12.9283
0.02922,13.008799999999999
0.029224,12.9283
0.029228,13.008799999999999
0.029232,13.2503
0.029236,13.3469
0.02924,13.2825
0.029244,13.395199999999999
0.029248,13.6367
0.029252,13.7655
0.029256,13.7011
0.02926,13.668899999999999
0.029264,13.9104
0.029268,14.0231
0.029272,13.9587
0.029276,14.007
0.02928,14.1036
0.029284,14.329
0.029288,14.312899999999999
0.029292,14.312899999999999
0.029296,14.4095
0.0293,14.5383
0.029304,14.5061
0.029308,14.457799999999999
0.029312,14.6188
0.029316,14.7315
0.02932,14.812
0.029324,14.7476
0.029328,14.7959
0.029332,14.8603
0.029336,14.9086
0.02934,14.9569
0.029344,15.0052
0.029348,15.101799999999999
0.029352,15.0535
0.029356,15.101799999999999
0.02936,15.2467
0.029364,15.2145
0.029368,15.2467
0.029372,15.3272
0.029376,15.230599999999999
0.02938,15.3111
0.029384,15.295
0.029388,15.359399999999999
0.029392,15.3916
0.029396,15.504299999999999
0.0294,15.5365
0.029404,15.456
0.029408,15.6009
0.029412,15.5204
0.029416,15.633099999999999
0.02942,15.6009
0.029424,15.6653
0.029428,15.7136
0.029432,15.616999999999999
0.029436,15.633099999999999
0.02944,15.7136
0.029444,15.761899999999999
0.029448,15.8585
0.029452,15.6653
0.029456,15.6814
0.02946,15.7297
0.029464,15.8585
0.029468,15.9873
0.029472,15.8102
0.029476,15.8102
0.02948,15.761899999999999
0.029484,15.8585
0.029488,15.7136
0.029492,15.8746
0.029496,15.6975
0.0295,15.7458
0.029504,15.8424
0.029508,15.761899999999999
0.029512,15.8263
0.029516,15.8424
0.02952,15.7941
0.029524,15.7297
0.029528,15.9551
0.029532,15.633099999999999
0.029536,15.8585
0.02954,15.9712
0.029544,15.7941
0.029548,15.5848
0.029552,15.7458
0.029556,15.6009
0.02956,15.6975
0.029564,15.6814
0.029568,15.4721
0.029572,15.5526
0.029576,15.761899999999999
0.02958,15.5204
0.029584,15.3916
0.029588,15.4721
0.029592,15.3111
0.029596,15.3272
0.0296,15.359399999999999
0.029604,15.295
0.029608,15.456
0.029612,15.295
0.029616,15.1823
0.02962,15.3272
0.029624,15.0857
0.029628,15.0052
0.029632,14.5705
0.029636,14.6993
0.02964,14.7959
0.029644,14.6188
0.029648,14.651
0.029652,14.4739
0.029656,14.0875
0.02966,14.329
0.029664,13.9587
0.029668,13.7494
0.029672,13.7172
0.029676,13.5723
0.02968,13.6528
0.029684,13.4274
0.029688,13.4274
0.029692,13.4274
0.029696,13.3308
0.0297,13.3147
0.029704,13.137599999999999
0.029708,13.0732
0.029712,12.9605
0.029716,12.9283
0.02972,13.1054
0.029724,13.9587
0.029728,15.1984
0.029732,15.9551
0.029736,16.3415
0.02974,16.5991
0.029744,17.7422
0.029748,19.6581
0.029752,23.8602
0.029756,32.9728
0.02976,24.5686
0.029764,17.4041
0.029768,12.9927
0.029772,10.948
0.029776,16.9211
0.02978,13.5884
0.029784,14.2646
0.029788,13.411299999999999
0.029792,14.6027
0.029796,14.3934
0.0298,13.2986
0.029804,13.041
0.029808,13.8621
0.029812,13.8138
0.029816,12.8478
0.02982,12.7673
0.029824,12.8478
0.029828,13.3308
0.029832,12.5258
0.029836,12.1233
0.02984,12.751199999999999
0.029844,12.6868
0.029848,12.5097
0.029852,12.091099999999999
0.029856,12.397
0.02986,12.6868
0.029864,12.1716
0.029868,12.0428
0.029872,12.236
0.029876,12.3004
0.02988,12.2521
0.029884,11.9784
0.029888,12.2843
0.029892,12.5097
0.029896,12.1877
0.0299,12.1555
0.029904,12.236
0.029908,12.5258
0.029912,12.4453
0.029916,12.1877
0.02992,12.364799999999999
0.029924,12.3809
0.029928,12.236
0.029932,12.1555
0.029936,12.2521
0.02994,12.4292
0.029944,12.3809
0.029948,12.1394
0.029952,12.219899999999999
0.029956,12.3165
0.02996,12.397
0.029964,12.1394
0.029968,12.2038
0.029972,12.397
0.029976,12.1072
0.02998,12.2843
0.029984,12.091099999999999
0.029988,12.3487
0.029992,12.1555
0.029996,12.1394
0.03,12.0428
0.030004,12.236
0.030008,12.1877
0.030012,12.0428
0.030016,12.0106
0.03002,12.2038
0.030024,12.1877
0.030028,12.0428
0.030032,12.236
0.030036,12.0589
0.03004,12.075
0.030044,11.9784
0.030048,12.0106
0.030052,12.1072
0.030056,12.1555
0.03006,12.1394
0.030064,11.9462
0.030068,12.091099999999999
0.030072,12.1716
0.030076,12.0267
0.03008,12.0428
0.030084,11.9784
0.030088,12.075
0.030092,12.0106
0.030096,11.962299999999999
0.0301,12.1233
0.030104,12.0267
0.030108,12.1394
0.030112,11.9784
0.030116,11.8657
0.03012,11.8979
0.030124,11.914
0.030128,11.8657
0.030132,11.8496
0.030136,12.075
0.03014,11.8979
0.030144,12.236
0.030148,11.7691
0.030152,12.1233
0.030156,11.8496
0.03016,11.9301
0.030164,12.075
0.030168,11.9462
0.030172,11.753
0.030176,11.704699999999999
0.03018,11.833499999999999
0.030184,12.0267
0.030188,12.1233
0.030192,11.8657
0.030196,11.6564
0.0302,11.5115
0.030204,11.753
0.030208,11.6564
0.030212,11.9945
0.030216,11.8818
0.03022,12.0106
0.030224,11.5276
0.030228,12.0106
0.030232,12.1877
0.030236,12.2038
0.03024,11.8657
0.030244,11.4149
0.030248,11.5115
0.030252,11.6403
0.030256,11.753
0.03026,11.5598
0.030264,11.5115
0.030268,11.4632
0.030272,12.219899999999999
0.030276,11.6242
0.03028,11.6564
0.030284,11.173399999999999
0.030288,11.3666
0.030292,11.4149
0.030296,11.9784
0.0303,12.0267
0.030304,12.493599999999999
0.030308,11.753
0.030312,11.5437
0.030316,11.0607
0.03032,11.3183
0.030324,11.8818
0.030328,12.3165
0.030332,12.1555
0.030336,11.5276
0.03034,11.1412
0.030344,11.0929
0.030348,11.0929
0.030352,11.109
0.030356,11.6564
0.03036,11.27
0.030364,11.9945
0.030368,12.1072
0.030372,12.364799999999999
0.030376,12.0267
0.03038,11.575899999999999
0.030384,11.5276
0.030388,10.9802
0.030392,11.109
0.030396,11.2378
0.0304,11.2217
0.030404,11.833499999999999
0.030408,11.4793
0.030412,11.6886
0.030416,11.431
0.03042,11.3666
0.030424,11.8496
0.030428,11.27
0.030432,11.1251
0.030436,10.915799999999999
0.03044,11.173399999999999
0.030444,11.3505
0.030448,11.7369
0.030452,11.575899999999999
0.030456,12.1233
0.03046,11.704699999999999
0.030464,11.7369
0.030468,10.9319
0.030472,11.4954
0.030476,11.0607
0.03048,11.3666
0.030484,10.8031
0.030488,11.1895
0.030492,11.0768
0.030496,11.5276
0.0305,12.091099999999999
0.030504,11.3666
0.030508,11.7369
0.030512,11.3505
0.030516,11.704699999999999
0.03052,11.8174
0.030524,10.8514
0.030528,11.0768
0.030532,10.948
0.030536,11.6403
0.03054,11.5115
0.030544,11.4954
0.030548,11.1895
0.030552,11.3344
0.030556,11.2217
0.03056,11.575899999999999
0.030564,11.704699999999999
0.030568,12.0106
0.030572,11.3183
0.030576,11.3505
0.03058,10.948
0.030584,10.8675
0.030588,10.4811
0.030592,10.786999999999999
0.030596,10.658199999999999
0.0306,10.9641
0.030604,11.27
0.030608,11.431
0.030612,11.7691
0.030616,11.8657
0.03062,12.0428
0.030624,11.0607
0.030628,11.2217
0.030632,10.5616
0.030636,10.8353
0.03064,10.7548
0.030644,10.626
0.030648,10.8675
0.030652,11.044599999999999
0.030656,11.3988
0.03066,11.2861
0.030664,10.8675
0.030668,10.8675
0.030672,10.4328
0.030676,11.0607
0.03068,11.2539
0.030684,11.9301
0.030688,11.173399999999999
0.030692,10.8514
0.030696,10.5455
0.0307,10.9641
0.030704,11.8979
0.030708,11.2056
0.030712,11.8657
0.030716,11.4954
0.03072,11.6725
0.030724,12.219899999999999
0.030728,11.1895
0.030732,10.8836
0.030736,10.5938
0.03074,10.9963
0.030744,11.0285
0.030748,10.9641
0.030752,10.8192
0.030756,10.529399999999999
0.03076,10.1752
0.030764,10.4972
0.030768,11.3827
0.030772,11.5437
0.030776,11.8979
0.03078,11.1251
0.030784,11.1573
0.030788,11.1573
0.030792,11.1412
0.030796,11.4793
0.0308,11.1412
0.030804,10.9802
0.030808,10.6099
0.030812,10.8514
0.030816,10.948
0.03082,11.2861
0.030824,10.7387
0.030828,10.9641
0.030832,10.658199999999999
0.030836,10.8675
0.03084,11.592
0.030844,10.786999999999999
0.030848,10.7548
0.030852,11.3505
0.030856,11.7691
0.03086,11.8979
0.030864,10.6421
0.030868,9.821
0.030872,8.7906
0.030876,5.635
0.03088,8.1788
0.030884,7.6958
0.030888,6.5043999999999995
0.030892,6.7137
0.030896,5.957
0.0309,7.406
0.030904,6.5205
0.030908,5.4901
0.030912,6.9391
0.030916,6.5366
0.03092,6.3273
0.030924,6.1663
0.030928,6.1823999999999995
0.030932,7.1001
0.030936,6.4078
0.03094,6.0053
0.030944,6.3917
0.030948,6.601
0.030952,6.3917
0.030956,5.6672
0.03096,6.0214
0.030964,6.8103
0.030968,6.3273
0.030972,5.7799
0.030976,5.8926
0.03098,6.2467999999999995
0.030984,6.5366
0.030988,6.0053
0.030992,6.4399999999999995
0.030996,6.2951
0.031,6.0697
0.031004,6.0536
0.031008,6.5687999999999995
0.031012,7.5187
0.031016,6.3434
0.03102,6.6815
0.031024,6.1663
0.031028,6.4239
0.031032,6.762
0.031036,6.8425
0.03104,6.9552
0.031044,6.3755999999999995
0.031048,6.4561
0.031052,5.6994
0.031056,5.8926
0.03106,6.4239
0.031064,6.7298
0.031068,5.9892
0.031072,5.6994
0.031076,5.9087
0.03108,5.9087
0.031084,6.0375
0.031088,6.0053
0.031092,6.2146
0.031096,6.0858
0.0311,6.3434
0.031104,6.8264
0.031108,6.7459
0.031112,6.6654
0.031116,7.5348
0.03112,7.5026
0.031124,6.8747
0.031128,6.7298
0.031132,6.118
0.031136,5.957
0.03114,6.1985
0.031144,6.3273
0.031148,5.9892
0.031152,6.0053
0.031156,6.0053
0.03116,6.0536
0.031164,6.1502
0.031168,6.1663
0.031172,6.3273
0.031176,6.2467999999999995
0.03118,6.4399999999999995
0.031184,6.1985
0.031188,6.2146
0.031192,6.1663
0.031196,6.118
0.0312,6.0053
0.031204,5.9892
0.031208,6.0214
0.031212,5.9087
0.031216,5.9248
0.03122,5.9731
0.031224,6.0053
0.031228,5.7799
0.031232,5.796
0.031236,5.9892
0.03124,5.9892
0.031244,6.0375
0.031248,6.0697
0.031252,6.1502
0.031256,6.0697
0.03126,5.8282
0.031264,5.9248
0.031268,6.0536
0.031272,6.2146
0.031276,6.2146
0.03128,6.2146
0.031284,5.9248
0.031288,6.4561
0.031292,6.5043999999999995
0.031296,6.601
0.0313,6.3434
0.031304,6.1663
0.031308,6.1823999999999995
0.031312,6.0697
0.031316,5.7316
0.03132,5.8121
0.031324,6.2951
0.031328,6.118
0.031332,5.9248
0.031336,5.9248
0.03134,6.0536
0.031344,6.1019
0.031348,6.2629
0.031352,6.1823999999999995
0.031356,6.3917
0.03136,6.5205
0.031364,6.2307
0.031368,6.118
0.031372,5.7477
0.031376,5.7638
0.03138,5.8765
0.031384,5.8604
0.031388,5.8926
0.031392,6.1502
0.031396,6.4078
0.0314,6.3273
0.031404,6.4722
0.031408,6.4399999999999995
0.031412,6.4399999999999995
0.031416,6.2467999999999995
0.03142,6.0536
0.031424,6.2307
0.031428,5.7799
0.031432,5.7799
0.031436,5.7155
0.03144,5.7477
0.031444,6.0858
0.031448,5.9248
0.031452,5.9248
0.031456,6.0053
0.03146,6.3273
0.031464,6.9069
0.031468,6.4078
0.031472,6.2307
0.031476,6.0053
0.03148,5.8765
0.031484,5.796
0.031488,5.8926
0.031492,6.0053
0.031496,6.1341
0.0315,6.1502
0.031504,6.0214
0.031508,6.0375
0.031512,5.9409
0.031516,6.0536
0.03152,6.0536
0.031524,6.0053
0.031528,6.0214
0.031532,6.1823999999999995
0.031536,6.2951
0.03154,6.3434
0.031544,5.7638
0.031548,5.5384
0.031552,6.0697
0.031556,5.9248
0.03156,5.7155
0.031564,5.5866999999999996
0.031568,5.5545
0.031572,5.6189
0.031576,5.5706
0.03158,5.635
0.031584,5.8121
0.031588,6.0214
0.031592,6.1341
0.031596,5.6672
0.0316,6.0375
0.031604,6.3917
0.031608,6.4078
0.031612,6.1019
0.031616,5.796
0.03162,5.7477
0.031624,5.7638
0.031628,5.8282
0.031632,5.9087
0.031636,5.8926
0.03164,5.9892
0.031644,6.1823999999999995
0.031648,6.1823999999999995
0.031652,6.0858
0.031656,6.5205
0.03166,6.2951
0.031664,5.8443
0.031668,5.5384
0.031672,5.5222999999999995
0.031676,5.6511
0.03168,5.6511
0.031684,5.796
0.031688,5.8282
0.031692,5.8765
0.031696,5.9409
0.0317,5.8282
0.031704,5.9248
0.031708,5.8282
0.031712,5.7477
0.031716,5.7316
0.03172,6.0697
0.031724,6.3434
0.031728,6.2146
0.031732,6.3755999999999995
0.031736,6.4561
0.03174,6.0375
0.031744,5.6511
0.031748,5.3774
0.031752,5.5545
0.031756,5.7477
0.03176,5.7477
0.031764,5.7316
0.031768,5.6672
0.031772,5.7316
0.031776,5.9087
0.03178,5.9248
0.031784,5.957
0.031788,5.9731
0.031792,6.4239
0.031796,6.4883
0.0318,6.2467999999999995
0.031804,5.8926
0.031808,5.5706
0.031812,5.5062
0.031816,5.5706
0.03182,5.635
0.031824,5.8121
0.031828,5.8443
0.031832,5.8604
0.031836,5.8926
0.03184,5.8121
0.031844,6.118
0.031848,6.3273
0.031852,6.1019
0.031856,5.9731
0.03186,6.1663
0.031864,6.1663
0.031868,6.1341
0.031872,6.0214
0.031876,6.0536
0.03188,6.118
0.031884,5.957
0.031888,5.7316
0.031892,5.635
0.031896,5.4901
0.0319,5.5545
0.031904,5.6672
0.031908,5.6833
0.031912,5.6511
0.031916,5.7638
0.03192,5.9087
0.031924,6.279
0.031928,6.3755999999999995
0.031932,6.1019
0.031936,5.796
0.03194,5.9892
0.031944,6.1341
0.031948,5.6672
0.031952,5.152
0.031956,5.0715
0.03196,5.635
0.031964,6.0053
0.031968,6.3111999999999995
0.031972,6.3273
0.031976,6.0214
0.03198,5.8926
0.031984,6.0858
0.031988,5.957
0.031992,5.4901
0.031996,5.3452
0.032,5.3613
0.032004,5.5866999999999996
0.032008,5.635
0.032012,5.7155
0.032016,6.1663
0.03202,6.2307
0.032024,6.3273
0.032028,6.0536
0.032032,5.7638
0.032036,5.7638
0.03204,5.7155
0.032044,5.6672
0.032048,5.3934999999999995
0.032052,5.5062
0.032056,5.4901
0.03206,5.7316
0.032064,5.9248
0.032068,5.9087
0.032072,5.8926
0.032076,5.8604
0.03208,6.0214
0.032084,5.8443
0.032088,5.8926
0.032092,5.8282
0.032096,5.7638
0.0321,5.6189
0.032104,5.474
0.032108,5.3934999999999995
0.032112,5.4578999999999995
0.032116,5.5062
0.03212,5.5545
0.032124,5.8443
0.032128,6.0214
0.032132,6.0375
0.032136,5.9731
0.03214,5.8443
0.032144,5.9409
0.032148,6.1823999999999995
0.032152,5.8121
0.032156,5.5384
0.03216,5.7477
0.032164,5.8604
0.032168,5.8121
0.032172,5.5384
0.032176,5.313
0.03218,5.5866999999999996
0.032184,5.9409
0.032188,5.9409
0.032192,5.8121
0.032196,5.9248
0.0322,5.796
0.032204,5.5062
0.032208,5.3452
0.032212,5.3774
0.032216,5.8604
0.03222,5.8282
0.032224,5.8926
0.032228,5.7316
0.032232,5.5222999999999995
0.032236,5.474
0.03224,5.3452
0.032244,5.3452
0.032248,5.5866999999999996
0.032252,5.6189
0.032256,5.6672
0.03226,5.8282
0.032264,5.8926
0.032268,5.9248
0.032272,5.5706
0.032276,5.9409
0.03228,6.1341
0.032284,5.7155
0.032288,5.6672
0.032292,5.4096
0.032296,5.5706
0.0323,5.5062
0.032304,5.4418
0.032308,5.6189
0.032312,5.6994
0.032316,5.7638
0.03232,5.9409
0.032324,5.9087
0.032328,5.7638
0.032332,5.3774
0.032336,5.5222999999999995
0.03234,5.6189
0.032344,5.5062
0.032348,5.5545
0.032352,5.4578999999999995
0.032356,5.3613
0.03236,5.5866999999999996
0.032364,5.5545
0.032368,5.5062
0.032372,5.635
0.032376,5.8765
0.03238,6.0214
0.032384,6.2307
0.032388,5.957
0.032392,5.9087
0.032396,5.5222999999999995
0.0324,5.2808
0.032404,5.3290999999999995
0.032408,5.6833
0.032412,5.796
0.032416,5.6833
0.03242,5.474
0.032424,5.474
0.032428,5.6189
0.032432,5.7799
0.032436,5.6511
0.03244,5.6833
0.032444,5.7799
0.032448,5.8282
0.032452,5.6511
0.032456,5.3774
0.03246,5.5222999999999995
0.032464,5.6189
0.032468,5.8443
0.032472,5.9409
0.032476,5.8765
0.03248,5.5706
0.032484,5.3774
0.032488,5.3452
0.032492,5.5706
0.032496,5.5222999999999995
0.0325,5.4257
0.032504,5.3774
0.032508,5.474
0.032512,5.6189
0.032516,5.7316
0.03252,5.7155
0.032524,5.957
0.032528,5.957
0.032532,5.7799
0.032536,5.5706
0.03254,5.8765
0.032544,5.8282
0.032548,5.4901
0.032552,5.313
0.032556,5.2164
0.03256,5.2002999999999995
0.032564,5.313
0.032568,5.2969
0.032572,5.4257
0.032576,5.6672
0.03258,5.6672
0.032584,5.8121
0.032588,5.9731
0.032592,5.9248
0.032596,6.1341
0.0326,6.3434
0.032604,5.8926
0.032608,5.5866999999999996
0.032612,5.8282
0.032616,5.5545
0.03262,5.2164
0.032624,5.2486
0.032628,5.2164
0.032632,5.0876
0.032636,5.1681
0.03264,5.5222999999999995
0.032644,5.8926
0.032648,6.1341
0.032652,6.1823999999999995
0.032656,6.1502
0.03266,5.6833
0.032664,5.6189
0.032668,6.0214
0.032672,5.5222999999999995
0.032676,5.2808
0.03268,5.3290999999999995
0.032684,5.4096
0.032688,5.2969
0.032692,5.1681
0.032696,5.3290999999999995
0.0327,5.6028
0.032704,5.9248
0.032708,6.1502
0.032712,6.1341
0.032716,6.0214
0.03272,6.2467999999999995
0.032724,5.8121
0.032728,5.5062
0.032732,5.2969
0.032736,5.4901
0.03274,5.2486
0.032744,4.991
0.032748,5.0393
0.032752,5.3774
0.032756,5.635
0.03276,5.8604
0.032764,5.8121
0.032768,5.5222999999999995
0.032772,5.5384
0.032776,5.5062
0.03278,5.5866999999999996
0.032784,5.5545
0.032788,5.4257
0.032792,5.2969
0.032796,5.5062
0.0328,5.5866999999999996
0.032804,5.4096
0.032808,5.313
0.032812,5.2486
0.032816,5.4901
0.03282,5.5222999999999995
0.032824,5.474
0.032828,5.4578999999999995
0.032832,5.7316
0.032836,5.7477
0.03284,5.3290999999999995
0.032844,5.3290999999999995
0.032848,5.4418
0.032852,5.4418
0.032856,5.474
0.03286,5.2486
0.032864,5.2808
0.032868,5.4578999999999995
0.032872,5.4578999999999995
0.032876,5.2486
0.03288,5.2808
0.032884,5.3774
0.032888,5.474
0.032892,5.5384
0.032896,5.3774
0.0329,5.2808
0.032904,5.2486
0.032908,5.2646999999999995
0.032912,5.5062
0.032916,5.4418
0.03292,5.3934999999999995
0.032924,5.4901
0.032928,5.5222999999999995
0.032932,5.5062
0.032936,5.6672
0.03294,5.5706
0.032944,5.5384
0.032948,5.6672
0.032952,5.6672
0.032956,5.7638
0.03296,5.5866999999999996
0.032964,5.2808
0.032968,5.3774
0.032972,5.4901
0.032976,5.3613
0.03298,5.4096
0.032984,5.4418
0.032988,5.4578999999999995
0.032992,5.5384
0.032996,5.5384
0.033,5.4096
0.033004,5.313
0.033008,5.2486
0.033012,5.2164
0.033016,5.2969
0.03302,5.3774
0.033024,5.4418
0.033028,5.6511
0.033032,5.6994
0.033036,5.6511
0.03304,5.6994
0.033044,5.8765
0.033048,5.6672
0.033052,5.5866999999999996
0.033056,5.4096
0.03306,5.2325
0.033064,5.3452
0.033068,5.4578999999999995
0.033072,5.2002999999999995
0.033076,5.3934999999999995
0.03308,5.7316
0.033084,5.8765
0.033088,5.7799
0.033092,5.6511
0.033096,5.635
0.0331,5.5222999999999995
0.033104,5.5545
0.033108,5.5062
0.033112,5.4096
0.033116,5.313
0.03312,5.5545
0.033124,5.5706
0.033128,5.5866999999999996
0.033132,5.5062
0.033136,5.6189
0.03314,5.5866999999999996
0.033144,5.635
0.033148,5.313
0.033152,5.2969
0.033156,5.4096
0.03316,5.3934999999999995
0.033164,5.7316
0.033168,5.6672
0.033172,5.5706
0.033176,5.5062
0.03318,5.2969
0.033184,5.5222999999999995
0.033188,5.9892
0.033192,5.8765
0.033196,5.5062
0.0332,5.5222999999999995
0.033204,5.6028
0.033208,5.3290999999999995
0.033212,5.2164
0.033216,5.2325
0.03322,5.4096
0.033224,5.2325
0.033228,5.2646999999999995
0.033232,5.2002999999999995
0.033236,5.3452
0.03324,5.5706
0.033244,5.7316
0.033248,5.6833
0.033252,5.8765
0.033256,5.7477
0.03326,5.635
0.033264,5.313
0.033268,5.2325
0.033272,5.1681
0.033276,5.0393
0.03328,5.152
0.033284,5.6672
0.033288,5.9892
0.033292,6.0858
0.033296,5.8926
0.0333,5.6994
0.033304,5.635
0.033308,5.474
0.033312,5.152
0.033316,5.313
0.03332,5.0071
0.033324,5.0232
0.033328,5.474
0.033332,5.9248
0.033336,6.0697
0.03334,6.3111999999999995
0.033344,5.8604
0.033348,5.957
0.033352,5.8443
0.033356,5.474
0.03336,5.5706
0.033364,5.2325
0.033368,4.8944
0.033372,4.7495
0.033376,5.2164
0.03338,5.7155
0.033384,6.2467999999999995
0.033388,6.2467999999999995
0.033392,6.2467999999999995
0.033396,6.279
0.0334,5.8765
0.033404,5.474
0.033408,5.0393
0.033412,4.7978
0.033416,5.0232
0.03342,5.2969
0.033424,5.4257
0.033428,5.9248
0.033432,6.2307
0.033436,5.9731
0.03344,5.7638
0.033444,5.6028
0.033448,5.6511
0.033452,5.635
0.033456,5.7799
0.03346,5.2164
0.033464,5.3774
0.033468,4.9105
0.033472,4.8944
0.033476,5.313
0.03348,5.8443
0.033484,5.9248
0.033488,5.8121
0.033492,5.6833
0.033496,5.5384
0.0335,5.3290999999999995
0.033504,5.3290999999999995
0.033508,5.0071
0.033512,4.9266
0.033516,5.1037
0.03352,5.2969
0.033524,5.474
0.033528,5.5384
0.033532,5.5384
0.033536,5.7155
0.03354,5.8765
0.033544,5.7638
0.033548,5.5706
0.033552,5.3452
0.033556,4.9588
0.03356,4.8622
0.033564,5.0393
0.033568,5.0876
0.033572,5.152
0.033576,5.3452
0.03358,5.3290999999999995
0.033584,5.2808
0.033588,5.4578999999999995
0.033592,5.6833
0.033596,5.7799
0.0336,5.474
0.033604,5.1681
0.033608,5.0071
0.033612,5.0715
0.033616,5.1359
0.03362,5.0715
0.033624,5.0876
0.033628,5.2002999999999995
0.033632,5.2164
0.033636,5.3934999999999995
0.03364,5.6672
0.033644,5.5384
0.033648,5.5866999999999996
0.033652,5.2002999999999995
0.033656,5.0393
0.03366,5.3452
0.033664,5.3452
0.033668,5.4418
0.033672,5.4418
0.033676,5.2486
0.03368,4.9266
0.033684,5.2164
0.033688,5.152
0.033692,5.3613
0.033696,5.474
0.0337,5.313
0.033704,5.1359
0.033708,5.2486
0.033712,5.1681
0.033716,5.152
0.03372,5.2808
0.033724,5.3934999999999995
0.033728,5.3934999999999995
0.033732,5.1359
0.033736,5.0554
0.03374,5.2002999999999995
0.033744,5.2646999999999995
0.033748,5.3934999999999995
0.033752,5.4096
0.033756,5.152
0.03376,5.0876
0.033764,5.1842
0.033768,5.2002999999999995
0.033772,5.2325
0.033776,5.2969
0.03378,5.3452
0.033784,5.3290999999999995
0.033788,5.6189
0.033792,5.5222999999999995
0.033796,5.3613
0.0338,5.1198
0.033804,5.0554
0.033808,5.4418
0.033812,5.4901
0.033816,5.2808
0.03382,5.2164
0.033824,5.2002999999999995
0.033828,5.2486
0.033832,5.2325
0.033836,5.0876
0.03384,5.2325
0.033844,5.1842
0.033848,5.313
0.033852,5.3774
0.033856,5.2969
0.03386,5.3452
0.033864,5.313
0.033868,5.4096
0.033872,5.3290999999999995
0.033876,5.2325
0.03388,5.2486
0.033884,5.3934999999999995
0.033888,5.5384
0.033892,5.5384
0.033896,5.5384
0.0339,5.3934999999999995
0.033904,5.2325
0.033908,5.2808
0.033912,5.2164
0.033916,5.0876
0.03392,5.2808
0.033924,5.2486
0.033928,5.4096
0.033932,5.4418
0.033936,5.4096
0.03394,5.2486
0.033944,5.2164
0.033948,5.3774
0.033952,5.4096
0.033956,5.4096
0.03396,5.2808
0.033964,5.2002999999999995
0.033968,5.3613
0.033972,5.4096
0.033976,5.3452
0.03398,5.2002999999999995
0.033984,5.1842
0.033988,5.2808
0.033992,5.3613
0.033996,5.3774
0.034,5.6511
0.034004,5.5222999999999995
0.034008,5.3934999999999995
0.034012,5.1359
0.034016,5.0393
0.03402,5.0071
0.034024,5.2646999999999995
0.034028,5.1681
0.034032,5.0232
0.034036,5.0071
0.03404,5.2969
0.034044,5.3290999999999995
0.034048,5.2969
0.034052,5.2486
0.034056,5.3452
0.03406,5.4418
0.034064,5.3934999999999995
0.034068,5.2646999999999995
0.034072,5.313
0.034076,5.1842
0.03408,5.2808
0.034084,5.1842
0.034088,5.2969
0.034092,5.474
0.034096,5.3290999999999995
0.0341,5.4257
0.034104,5.6833
0.034108,5.5384
0.034112,5.313
0.034116,5.2808
0.03412,5.3774
0.034124,5.2486
0.034128,5.2808
0.034132,5.0715
0.034136,5.1198
0.03414,4.991
0.034144,5.313
0.034148,5.2486
0.034152,5.474
0.034156,5.5545
0.03416,5.7477
0.034164,5.5222999999999995
0.034168,5.3774
0.034172,5.2969
0.034176,5.474
0.03418,5.4096
0.034184,5.1842
0.034188,5.1681
0.034192,5.2486
0.034196,5.2486
0.0342,5.4257
0.034204,5.6833
0.034208,5.4096
0.034212,5.5866999999999996
0.034216,5.5545
0.03422,5.635
0.034224,5.313
0.034228,5.1681
0.034232,5.3452
0.034236,5.6511
0.03424,5.4096
0.034244,5.0876
0.034248,5.1359
0.034252,5.1359
0.034256,5.474
0.03426,5.4578999999999995
0.034264,5.3934999999999995
0.034268,5.2486
0.034272,4.991
0.034276,4.8622
0.03428,5.0715
0.034284,5.2486
0.034288,5.0554
0.034292,4.9749
0.034296,5.1681
0.0343,5.2325
0.034304,5.313
0.034308,5.3774
0.034312,5.5222999999999995
0.034316,5.4096
0.03432,5.3613
0.034324,5.2325
0.034328,5.1359
0.034332,5.1198
0.034336,5.0393
0.03434,5.2808
0.034344,5.5384
0.034348,5.6028
0.034352,5.3290999999999995
0.034356,5.2808
0.03436,5.4578999999999995
0.034364,5.5866999999999996
0.034368,5.3452
0.034372,4.8944
0.034376,4.8461
0.03438,5.0071
0.034384,5.0715
0.034388,5.3613
0.034392,5.6672
0.034396,5.8604
0.0344,5.5062
0.034404,5.7316
0.034408,5.7155
0.034412,5.6511
0.034416,5.8604
0.03442,6.0053
0.034424,5.4257
0.034428,4.83
0.034432,4.669
0.034436,5.1842
0.03444,5.4901
0.034444,5.6672
0.034448,5.7477
0.034452,5.6189
0.034456,5.5706
0.03446,5.5222999999999995
0.034464,5.474
0.034468,4.9266
0.034472,4.7495
0.034476,4.9749
0.03448,5.3613
0.034484,5.9248
0.034488,6.0536
0.034492,5.9892
0.034496,5.7316
0.0345,5.6833
0.034504,5.7316
0.034508,5.3774
0.034512,5.5706
0.034516,5.5062
0.03452,4.7334
0.034524,4.7656
0.034528,4.9105
0.034532,5.2486
0.034536,5.6833
0.03454,5.9892
0.034544,5.8282
0.034548,5.6028
0.034552,5.7638
0.034556,5.5866999999999996
0.03456,5.3774
0.034564,5.6028
0.034568,5.2486
0.034572,4.7495
0.034576,4.6046
0.03458,4.9588
0.034584,5.2646999999999995
0.034588,5.6994
0.034592,5.635
0.034596,5.6028
0.0346,5.2002999999999995
0.034604,5.2486
0.034608,5.313
0.034612,5.1842
0.034616,4.8139
0.03462,4.8461
0.034624,4.991
0.034628,5.6189
0.034632,6.1341
0.034636,5.4257
0.03464,5.0554
0.034644,5.2808
0.034648,5.5706
0.034652,5.3774
0.034656,5.0393
0.03466,4.9588
0.034664,4.8139
0.034668,4.83
0.034672,4.9105
0.034676,5.1359
0.03468,5.3452
0.034684,5.3613
0.034688,5.5062
0.034692,5.7638
0.034696,5.7799
0.0347,5.2808
0.034704,5.1198
0.034708,4.991
0.034712,4.7817
0.034716,4.7334
0.03472,4.8461
0.034724,4.8461
0.034728,4.9749
0.034732,5.0554
0.034736,5.0715
0.03474,5.2486
0.034744,5.2164
0.034748,5.3613
0.034752,5.474
0.034756,5.4096
0.03476,5.474
0.034764,5.2325
0.034768,5.0554
0.034772,4.6851
0.034776,4.9427
0.03478,4.991
0.034784,4.9588
0.034788,5.0393
0.034792,5.2486
0.034796,5.5062
0.0348,5.2002999999999995
0.034804,4.9266
0.034808,5.1037
0.034812,4.9749
0.034816,4.9588
0.03482,4.9105
0.034824,4.9266
0.034828,5.1198
0.034832,5.1198
0.034836,5.2164
0.03484,5.3290999999999995
0.034844,5.313
0.034848,5.3613
0.034852,5.5384
0.034856,5.313
0.03486,5.313
0.034864,5.2325
0.034868,5.0554
0.034872,4.8783
0.034876,4.9266
0.03488,5.1359
0.034884,5.1198
0.034888,5.0554
0.034892,5.2646999999999995
0.034896,5.3290999999999995
0.0349,5.1037
0.034904,4.9266
0.034908,5.1359
0.034912,5.2808
0.034916,5.1842
0.03492,5.2646999999999995
0.034924,5.152
0.034928,5.1359
0.034932,5.2325
0.034936,5.0071
0.03494,4.9266
0.034944,5.1681
0.034948,5.313
0.034952,5.0232
0.034956,4.9427
0.03496,5.0393
0.034964,5.1842
0.034968,5.1359
0.034972,5.0232
0.034976,5.1359
0.03498,5.152
0.034984,5.2002999999999995
0.034988,5.152
0.034992,5.1198
0.034996,5.3452
0.035,5.1359
0.035004,5.2486
0.035008,5.2808
0.035012,5.1359
0.035016,5.1198
0.03502,5.1198
0.035024,4.9427
0.035028,5.1037
0.035032,5.2646999999999995
0.035036,5.1681
0.03504,5.1681
0.035044,5.2002999999999995
0.035048,5.1198
0.035052,5.313
0.035056,5.474
0.03506,5.2969
0.035064,5.2164
0.035068,5.0554
0.035072,4.9749
0.035076,5.0393
0.03508,5.1037
0.035084,5.0071
0.035088,5.0393
0.035092,5.2808
0.035096,5.4418
0.0351,5.2969
0.035104,5.2969
0.035108,5.1037
0.035112,5.152
0.035116,5.0071
0.03512,5.1842
0.035124,5.2325
0.035128,5.2002999999999995
0.035132,5.0554
0.035136,4.9588
0.03514,4.8783
0.035144,4.8944
0.035148,5.0554
0.035152,5.0876
0.035156,5.1842
0.03516,4.991
0.035164,5.0393
0.035168,4.991
0.035172,5.1359
0.035176,5.2164
0.03518,5.2325
0.035184,5.313
0.035188,5.1681
0.035192,4.9266
0.035196,5.1037
0.0352,5.2486
0.035204,5.0232
0.035208,4.991
0.035212,5.0876
0.035216,4.991
0.03522,5.2002999999999995
0.035224,5.1198
0.035228,4.991
0.035232,5.0232
0.035236,5.0554
0.03524,5.1681
0.035244,5.1198
0.035248,4.991
0.035252,5.2808
0.035256,5.3290999999999995
0.03526,5.2325
0.035264,5.0715
0.035268,5.3452
0.035272,5.3452
0.035276,5.0715
0.03528,4.8944
0.035284,5.1037
0.035288,5.1198
0.035292,5.1681
0.035296,5.1037
0.0353,5.0071
0.035304,5.0876
0.035308,5.0554
0.035312,5.0715
0.035316,5.1681
0.03532,5.2486
0.035324,5.2969
0.035328,5.1681
0.035332,5.1037
0.035336,4.991
0.03534,5.0393
0.035344,4.9588
0.035348,5.0554
0.035352,5.0715
0.035356,5.0715
0.03536,5.0232
0.035364,4.991
0.035368,5.0876
0.035372,5.0232
0.035376,5.2486
0.03538,5.3613
0.035384,5.4901
0.035388,5.4578999999999995
0.035392,5.2164
0.035396,5.1359
0.0354,5.1359
0.035404,5.1359
0.035408,5.0393
0.035412,4.9427
0.035416,4.9588
0.03542,4.991
0.035424,5.0393
0.035428,5.1037
0.035432,5.1681
0.035436,5.2325
0.03544,5.313
0.035444,5.3934999999999995
0.035448,5.5545
0.035452,5.6189
0.035456,5.4096
0.03546,5.2164
0.035464,5.152
0.035468,5.2002999999999995
0.035472,5.0071
0.035476,4.8944
0.03548,4.7978
0.035484,4.8944
0.035488,5.2164
0.035492,5.3934999999999995
0.035496,5.2486
0.0355,5.4418
0.035504,5.5062
0.035508,5.4578999999999995
0.035512,5.3934999999999995
0.035516,5.2002999999999995
0.03552,5.2646999999999995
0.035524,5.2325
0.035528,5.2325
0.035532,5.0393
0.035536,5.0232
0.03554,4.8944
0.035544,4.9427
0.035548,4.9749
0.035552,5.2164
0.035556,5.152
0.03556,5.1359
0.035564,5.2002999999999995
0.035568,5.1359
0.035572,5.0876
0.035576,5.2002999999999995
0.03558,5.2325
0.035584,5.0071
0.035588,5.0393
0.035592,5.0876
0.035596,5.313
0.0356,5.2646999999999995
0.035604,5.0876
0.035608,5.3774
0.035612,5.0071
0.035616,5.0876
0.03562,5.3613
0.035624,5.1359
0.035628,4.8622
0.035632,4.7817
0.035636,4.8783
0.03564,4.8139
0.035644,4.9588
0.035648,5.1681
0.035652,5.3290999999999995
0.035656,5.5222999999999995
0.03566,5.5706
0.035664,5.313
0.035668,5.1681
0.035672,5.1842
0.035676,5.3774
0.03568,5.1681
0.035684,4.9588
0.035688,4.8944
0.035692,4.9749
0.035696,4.9588
0.0357,5.1198
0.035704,5.2808
0.035708,5.1037
0.035712,5.0393
0.035716,5.2646999999999995
0.03572,5.2808
0.035724,5.3452
0.035728,5.2486
0.035732,5.2002999999999995
0.035736,5.152
0.03574,5.0232
0.035744,4.8461
0.035748,4.7978
0.035752,5.2325
0.035756,5.7316
0.03576,5.4578999999999995
0.035764,5.4257
0.035768,5.2325
0.035772,5.6511
0.035776,5.8282
0.03578,5.3613
0.035784,4.8783
0.035788,4.7012
0.035792,4.7978
0.035796,4.9105
0.0358,4.6851
0.035804,4.83
0.035808,5.152
0.035812,5.6672
0.035816,5.8443
0.03582,5.313
0.035824,5.2969
0.035828,5.1681
0.035832,5.2325
0.035836,5.2969
0.03584,5.2646999999999995
0.035844,5.2002999999999995
0.035848,4.9749
0.035852,4.7656
0.035856,4.7656
0.03586,4.7978
0.035864,4.8622
0.035868,5.0554
0.035872,5.2002999999999995
0.035876,5.3452
0.03588,5.313
0.035884,5.3934999999999995
0.035888,5.2325
0.035892,5.152
0.035896,5.2486
0.0359,5.2808
0.035904,4.8783
0.035908,4.6529
0.035912,4.6851
0.035916,4.8139
0.03592,4.991
0.035924,5.1681
0.035928,5.1359
0.035932,5.2325
0.035936,5.3290999999999995
0.03594,5.2325
0.035944,5.0232
0.035948,5.0715
0.035952,5.0232
0.035956,5.0393
0.03596,4.8622
0.035964,5.0071
0.035968,5.152
0.035972,5.0715
0.035976,4.8944
0.03598,5.0071
0.035984,4.8783
0.035988,5.0554
0.035992,4.8944
0.035996,5.0071
0.036,4.9105
0.036004,5.1198
0.036008,5.3290999999999995
0.036012,5.4578999999999995
0.036016,5.3613
0.03602,5.313
0.036024,5.2969
0.036028,5.1037
0.036032,5.2325
0.036036,5.0393
0.03604,4.7817
0.036044,4.7978
0.036048,4.5885
0.036052,4.669
0.036056,4.669
0.03606,4.8622
0.036064,5.3774
0.036068,5.5222999999999995
0.036072,5.152
0.036076,5.1198
0.03608,5.0232
0.036084,5.0393
0.036088,4.9266
0.036092,4.6207
0.036096,4.669
0.0361,4.9749
0.036104,5.1198
0.036108,5.3934999999999995
0.036112,5.5545
0.036116,5.4418
0.03612,5.2164
0.036124,4.9749
0.036128,4.991
0.036132,5.2325
0.036136,5.152
0.03614,4.8139
0.036144,4.7978
0.036148,5.0715
0.036152,4.9105
0.036156,4.8944
0.03616,5.0554
0.036164,5.1198
0.036168,5.0554
0.036172,4.9105
0.036176,5.0071
0.03618,5.0393
0.036184,4.9266
0.036188,4.8139
0.036192,4.7334
0.036196,4.991
0.0362,5.1198
0.036204,5.2325
0.036208,5.1681
0.036212,5.1681
0.036216,4.9427
0.03622,4.991
0.036224,5.1198
0.036228,5.1842
0.036232,5.2002999999999995
0.036236,5.0071
0.03624,4.5563
0.036244,4.8139
0.036248,4.7173
0.036252,4.9266
0.036256,5.1681
0.03626,5.3613
0.036264,5.3452
0.036268,5.2969
0.036272,5.1359
0.036276,5.2646999999999995
0.03628,5.0071
0.036284,4.9749
0.036288,4.8783
0.036292,4.7978
0.036296,4.7495
0.0363,4.8461
0.036304,4.6368
0.036308,5.0715
0.036312,5.4418
0.036316,5.4418
0.03632,5.1359
0.036324,4.8622
0.036328,5.0393
0.036332,5.0393
0.036336,5.0876
0.03634,4.7495
0.036344,4.8139
0.036348,4.8622
0.036352,5.0071
0.036356,5.1198
0.03636,5.1359
0.036364,5.1198
0.036368,4.9749
0.036372,5.0554
0.036376,4.9266
0.03638,5.0232
0.036384,4.991
0.036388,4.7656
0.036392,4.6207
0.036396,4.8461
0.0364,5.0554
0.036404,5.0232
0.036408,4.991
0.036412,4.9105
0.036416,4.8944
0.03642,5.1681
0.036424,5.0232
0.036428,5.152
0.036432,4.9749
0.036436,4.9266
0.03644,4.7978
0.036444,4.8461
0.036448,4.8944
0.036452,4.8461
0.036456,4.83
0.03646,4.9105
0.036464,4.9105
0.036468,5.0071
0.036472,5.1037
0.036476,4.7978
0.03648,4.9105
0.036484,5.0554
0.036488,4.9105
0.036492,4.8622
0.036496,4.7495
0.0365,4.7012
0.036504,4.7656
0.036508,4.8139
0.036512,4.8944
0.036516,4.9266
0.03652,5.1198
0.036524,5.1842
0.036528,5.1681
0.036532,5.152
0.036536,4.9588
0.03654,4.9749
0.036544,5.0876
0.036548,5.1681
0.036552,4.9266
0.036556,5.0232
0.03656,4.991
0.036564,4.8622
0.036568,4.7012
0.036572,4.8944
0.036576,4.7978
0.03658,4.83
0.036584,4.8139
0.036588,5.1037
0.036592,5.2486
0.036596,5.0071
0.0366,4.9266
0.036604,4.991
0.036608,5.0393
0.036612,4.7978
0.036616,4.7656
0.03662,4.6207
0.036624,4.8139
0.036628,5.0876
0.036632,4.991
0.036636,4.7978
0.03664,4.9105
0.036644,5.0715
0.036648,5.0715
0.036652,4.83
0.036656,4.7978
0.03666,4.9105
0.036664,4.9588
0.036668,4.9266
0.036672,4.9427
0.036676,4.83
0.03668,4.8783
0.036684,4.8622
0.036688,4.8944
0.036692,5.0393
0.036696,5.0393
0.0367,4.9266
0.036704,4.9105
0.036708,5.0071
0.036712,4.9588
0.036716,5.0715
0.03672,4.7656
0.036724,4.9266
0.036728,4.8139
0.036732,4.7334
0.036736,4.8622
0.03674,4.9105
0.036744,4.991
0.036748,5.0393
0.036752,4.9588
0.036756,4.991
0.03676,5.0071
0.036764,4.9266
0.036768,4.9427
0.036772,4.8783
0.036776,5.0071
0.03678,4.991
0.036784,4.8783
0.036788,4.7334
0.036792,4.7978
0.036796,4.8944
0.0368,5.0554
0.036804,5.0071
0.036808,4.9266
0.036812,5.1037
0.036816,4.9427
0.03682,4.9105
0.036824,4.9266
0.036828,4.8783
0.036832,4.9749
0.036836,5.0071
0.03684,4.8944
0.036844,4.991
0.036848,4.9588
0.036852,5.0071
0.036856,4.9105
0.03686,4.8622
0.036864,5.1359
0.036868,5.1198
0.036872,4.83
0.036876,4.83
0.03688,4.7173
0.036884,4.8783
0.036888,4.9105
0.036892,4.9105
0.036896,5.0393
0.0369,4.991
0.036904,4.991
0.036908,4.9266
0.036912,4.7978
0.036916,4.8944
0.03692,4.9749
0.036924,4.9588
0.036928,4.8783
0.036932,4.8139
0.036936,5.0071
0.03694,5.0554
0.036944,4.9105
0.036948,5.0071
0.036952,4.8461
0.036956,5.1359
0.03696,4.9427
0.036964,4.8622
0.036968,4.8139
0.036972,4.9427
0.036976,4.7978
0.03698,4.9588
0.036984,4.8944
0.036988,4.8944
0.036992,4.9105
0.036996,4.8461
0.037,4.991
0.037004,4.83
0.037008,4.7817
0.037012,4.8461
0.037016,4.8622
0.03702,4.9749
0.037024,4.8944
0.037028,4.9749
0.037032,4.8944
0.037036,5.1037
0.03704,4.9749
0.037044,4.9749
0.037048,4.8944
0.037052,4.7173
0.037056,4.8461
0.03706,4.9588
0.037064,5.0715
0.037068,5.4578999999999995
0.037072,5.0232
0.037076,4.9266
0.03708,4.7012
0.037084,4.9105
0.037088,4.7978
0.037092,4.7978
0.037096,4.8139
0.0371,4.83
0.037104,5.0232
0.037108,4.9266
0.037112,4.83
0.037116,4.7817
0.03712,4.83
0.037124,4.8622
0.037128,5.1359
0.037132,5.1681
0.037136,5.0071
0.03714,4.8622
0.037144,4.7978
0.037148,4.8783
0.037152,4.8944
0.037156,4.8944
0.03716,4.7978
0.037164,4.669
0.037168,5.0232
0.037172,5.0554
0.037176,4.8139
0.03718,4.9266
0.037184,5.1842
0.037188,4.9266
0.037192,5.0232
0.037196,4.9588
0.0372,4.8783
0.037204,4.8139
0.037208,4.7817
0.037212,4.83
0.037216,4.9427
0.03722,4.7978
0.037224,4.9749
0.037228,5.1198
0.037232,5.0554
0.037236,4.9588
0.03724,4.9105
0.037244,4.8622
0.037248,4.6851
0.037252,4.7817
0.037256,4.8461
0.03726,4.9266
0.037264,5.0876
0.037268,5.0232
0.037272,4.9427
0.037276,4.9749
0.03728,4.8944
0.037284,4.9105
0.037288,4.8944
0.037292,4.7817
0.037296,4.8783
0.0373,4.8622
0.037304,4.7173
0.037308,4.7334
0.037312,4.83
0.037316,4.9266
0.03732,5.0071
0.037324,4.83
0.037328,4.8622
0.037332,4.8139
0.037336,4.9427
0.03734,5.0554
0.037344,5.1359
0.037348,4.8944
0.037352,4.9266
0.037356,4.7817
0.03736,4.7334
0.037364,4.8139
0.037368,4.7656
0.037372,4.83
0.037376,4.8139
0.03738,4.8944
0.037384,5.0715
0.037388,5.0071
0.037392,4.9105
0.037396,4.83
0.0374,4.9105
0.037404,4.9749
0.037408,4.991
0.037412,4.8783
0.037416,4.8783
0.03742,4.83
0.037424,4.8139
0.037428,4.9749
0.037432,4.991
0.037436,4.8461
0.03744,4.7012
0.037444,4.7656
0.037448,4.7978
0.037452,4.669
0.037456,4.8461
0.03746,4.8139
0.037464,4.9105
0.037468,4.991
0.037472,4.9105
0.037476,4.991
0.03748,4.7334
0.037484,5.0071
0.037488,4.8944
0.037492,4.8139
0.037496,4.7817
0.0375,4.6851
0.037504,4.7817
0.037508,5.0071
0.037512,4.9588
0.037516,4.8944
0.03752,5.0071
0.037524,4.9105
0.037528,4.8944
0.037532,5.2325
0.037536,5.2002999999999995
0.03754,4.9427
0.037544,4.7495
0.037548,4.7334
0.037552,4.7978
0.037556,4.7978
0.03756,4.7817
0.037564,4.7656
0.037568,4.9427
0.037572,4.8944
0.037576,5.0232
0.03758,4.991
0.037584,5.0071
0.037588,5.1037
0.037592,4.9749
0.037596,4.9266
0.0376,4.991
0.037604,4.9749
0.037608,4.7012
0.037612,4.7012
0.037616,4.7334
0.03762,4.7656
0.037624,4.8461
0.037628,4.83
0.037632,4.83
0.037636,5.0071
0.03764,5.0876
0.037644,5.3452
0.037648,5.4257
0.037652,5.474
0.037656,5.2486
0.03766,5.1037
0.037664,5.1359
0.037668,5.0393
0.037672,4.7817
0.037676,4.6207
0.03768,4.6529
0.037684,4.669
0.037688,4.7173
0.037692,4.7978
0.037696,4.8139
0.0377,4.7334
0.037704,4.991
0.037708,5.1681
0.037712,5.3290999999999995
0.037716,5.2646999999999995
0.03772,5.2002999999999995
0.037724,5.0876
0.037728,5.0554
0.037732,4.7817
0.037736,4.7173
0.03774,4.8622
0.037744,4.6368
0.037748,4.5563
0.037752,4.6046
0.037756,4.7012
0.03776,4.991
0.037764,4.9749
0.037768,5.2325
0.037772,5.2646999999999995
0.037776,5.3613
0.03778,5.5545
0.037784,5.3934999999999995
0.037788,5.2808
0.037792,5.1681
0.037796,5.1037
0.0378,4.669
0.037804,4.3469999999999995
0.037808,4.4919
0.037812,4.5563
0.037816,4.6529
0.03782,4.8461
0.037824,5.0554
0.037828,5.2808
0.037832,5.3290999999999995
0.037836,5.2486
0.03784,5.3290999999999995
0.037844,5.5222999999999995
0.037848,5.4418
0.037852,5.474
0.037856,5.1842
0.03786,4.83
0.037864,4.5885
0.037868,4.5241
0.037872,4.4758
0.037876,4.4919
0.03788,4.6207
0.037884,4.6368
0.037888,4.508
0.037892,4.7173
0.037896,5.0232
0.0379,4.9266
0.037904,5.0232
0.037908,5.1037
0.037912,5.1359
0.037916,5.0232
0.03792,5.0554
0.037924,4.991
0.037928,4.7978
0.037932,4.4113999999999995
0.037936,4.5563
0.03794,4.7012
0.037944,4.5241
0.037948,4.6207
0.037952,4.7173
0.037956,5.0554
0.03796,5.2486
0.037964,5.2325
0.037968,5.3613
0.037972,5.3290999999999995
0.037976,5.2325
0.03798,5.4096
0.037984,5.1037
0.037988,4.9588
0.037992,4.508
0.037996,4.6207
0.038,4.6046
0.038004,4.4113999999999995
0.038008,4.5885
0.038012,4.5241
0.038016,4.6368
0.03802,4.9427
0.038024,5.1681
0.038028,5.2486
0.038032,5.2486
0.038036,5.2808
0.03804,5.474
0.038044,5.3613
0.038048,5.1681
0.038052,4.9427
0.038056,4.7173
0.03806,4.6046
0.038064,4.3953
0.038068,4.3631
0.038072,4.4597
0.038076,4.8783
0.03808,5.1198
0.038084,5.1842
0.038088,5.2808
0.038092,5.2646999999999995
0.038096,5.2646999999999995
0.0381,5.152
0.038104,5.3613
0.038108,5.1037
0.038112,4.9749
0.038116,4.7656
0.03812,4.5241
0.038124,4.3631
0.038128,4.4275
0.038132,4.4275
0.038136,4.5885
0.03814,4.9749
0.038144,5.2808
0.038148,5.5545
0.038152,5.4418
0.038156,5.3452
0.03816,5.3290999999999995
0.038164,5.1842
0.038168,5.2486
0.038172,4.991
0.038176,4.6207
0.03818,4.4436
0.038184,4.2181999999999995
0.038188,4.3631
0.038192,4.4113999999999995
0.038196,4.5241
0.0382,4.7817
0.038204,5.0393
0.038208,5.2164
0.038212,5.3613
0.038216,5.1198
0.03822,4.8622
0.038224,5.0232
0.038228,5.0393
0.038232,5.0232
0.038236,4.9427
0.03824,4.83
0.038244,4.6207
0.038248,4.4436
0.038252,4.3469999999999995
0.038256,4.508
0.03826,4.4758
0.038264,4.6207
0.038268,4.8139
0.038272,5.1198
0.038276,5.2164
0.03828,5.2002999999999995
0.038284,5.0715
0.038288,4.9588
0.038292,4.8783
0.038296,4.6851
0.0383,4.5402
0.038304,4.5724
0.038308,4.669
0.038312,4.4919
0.038316,4.4597
0.03832,4.5885
0.038324,4.7012
0.038328,4.7978
0.038332,4.6207
0.038336,4.8139
0.03834,4.9105
0.038344,5.152
0.038348,5.0232
0.038352,5.0071
0.038356,4.9105
0.03836,4.7334
0.038364,4.669
0.038368,4.5724
0.038372,4.3792
0.038376,4.4597
0.03838,4.3309
0.038384,4.3953
0.038388,4.5724
0.038392,4.7173
0.038396,5.0876
0.0384,5.1198
0.038404,4.9749
0.038408,5.0876
0.038412,4.9105
0.038416,4.6851
0.03842,4.7817
0.038424,4.9749
0.038428,4.7173
0.038432,4.6207
0.038436,4.4919
0.03844,4.5402
0.038444,4.3309
0.038448,4.4758
0.038452,4.6207
0.038456,4.8783
0.03846,5.0393
0.038464,5.0715
0.038468,4.6529
0.038472,4.7495
0.038476,4.7173
0.03848,4.669
0.038484,4.5885
0.038488,4.4113999999999995
0.038492,4.5563
0.038496,4.7495
0.0385,4.5885
0.038504,4.5885
0.038508,4.7817
0.038512,5.0393
0.038516,5.0393
0.03852,4.8139
0.038524,4.6046
0.038528,4.8944
0.038532,4.7817
0.038536,4.7012
0.03854,4.6529
0.038544,4.6851
0.038548,4.6529
0.038552,4.7817
0.038556,4.7817
0.03856,4.6851
0.038564,4.83
0.038568,4.8461
0.038572,4.8783
0.038576,4.8139
0.03858,4.7817
0.038584,4.8139
0.038588,4.7495
0.038592,4.7495
0.038596,4.8461
0.0386,4.83
0.038604,4.9105
0.038608,4.7334
0.038612,4.7334
0.038616,4.5563
0.03862,4.6851
0.038624,4.6851
0.038628,4.6046
0.038632,4.7012
0.038636,4.7173
0.03864,4.83
0.038644,4.8622
0.038648,4.991
0.038652,4.9749
0.038656,4.83
0.03866,4.5402
0.038664,4.8461
0.038668,4.7173
0.038672,4.669
0.038676,4.5885
0.03868,4.5724
0.038684,4.5885
0.038688,4.5885
0.038692,4.669
0.038696,4.7656
0.0387,4.83
0.038704,4.7656
0.038708,4.7173
0.038712,4.7334
0.038716,4.9105
0.03872,4.9588
0.038724,4.7173
0.038728,4.6207
0.038732,4.508
0.038736,4.6046
0.03874,4.6529
0.038744,4.4758
0.038748,4.6529
0.038752,4.6368
0.038756,4.7173
0.03876,4.7495
0.038764,4.8783
0.038768,4.8622
0.038772,4.9266
0.038776,4.6046
0.03878,4.7978
0.038784,4.669
0.038788,4.7495
0.038792,4.6851
0.038796,4.6529
0.0388,4.6851
0.038804,4.4919
0.038808,4.5885
0.038812,4.7817
0.038816,4.8783
0.03882,4.8461
0.038824,4.7978
0.038828,4.5563
0.038832,4.7656
0.038836,4.6529
0.03884,4.6368
0.038844,4.5563
0.038848,4.5885
0.038852,4.7173
0.038856,4.6046
0.03886,4.7334
0.038864,4.7817
0.038868,4.8139
0.038872,4.7656
0.038876,4.5402
0.03888,4.7012
0.038884,4.8461
0.038888,4.83
0.038892,4.7334
0.038896,4.7495
0.0389,4.6207
0.038904,4.7656
0.038908,4.669
0.038912,4.6851
0.038916,4.4758
0.03892,4.3953
0.038924,4.5563
0.038928,4.6368
0.038932,4.6529
0.038936,4.7656
0.03894,4.9105
0.038944,5.0876
0.038948,4.7495
0.038952,4.6851
0.038956,4.5402
0.03896,4.5241
0.038964,4.5402
0.038968,4.5724
0.038972,4.4597
0.038976,4.669
0.03898,4.6851
0.038984,4.6529
0.038988,4.8622
0.038992,4.8461
0.038996,4.7334
0.039,4.7978
0.039004,4.5563
0.039008,4.508
0.039012,4.6046
0.039016,4.5885
0.03902,4.6046
0.039024,4.5402
0.039028,4.6851
0.039032,4.5563
0.039036,4.6207
0.03904,4.6529
0.039044,4.6046
0.039048,4.8139
0.039052,4.7334
0.039056,4.6529
0.03906,4.7012
0.039064,4.4919
0.039068,4.6529
0.039072,4.5402
0.039076,4.6368
0.03908,4.6207
0.039084,4.83
0.039088,4.5241
0.039092,4.5241
0.039096,4.4597
0.0391,4.4275
0.039104,4.6851
0.039108,4.8622
0.039112,4.7173
0.039116,4.7978
0.03912,4.7817
0.039124,4.7012
0.039128,4.7173
0.039132,4.5885
0.039136,4.6207
0.03914,4.8783
0.039144,4.8139
0.039148,4.6207
0.039152,4.5724
0.039156,4.6046
0.03916,4.6207
0.039164,4.5885
0.039168,4.6368
0.039172,4.7012
0.039176,4.7495
0.03918,4.7173
0.039184,4.669
0.039188,4.669
0.039192,4.6529
0.039196,4.5724
0.0392,4.6046
0.039204,4.6046
0.039208,4.5241
0.039212,4.5885
0.039216,4.4436
0.03922,4.6368
0.039224,4.6529
0.039228,4.7656
0.039232,4.7012
0.039236,4.7978
0.03924,4.83
0.039244,4.6851
0.039248,4.7012
0.039252,4.5402
0.039256,4.4758
0.03926,4.6207
0.039264,4.6851
0.039268,4.7334
0.039272,4.669
0.039276,4.4275
0.03928,4.5402
0.039284,4.5563
0.039288,4.5563
0.039292,4.8139
0.039296,4.8139
0.0393,4.6529
0.039304,4.5724
0.039308,4.5241
0.039312,4.5563
0.039316,4.5885
0.03932,4.7817
0.039324,4.6207
0.039328,4.5402
0.039332,4.4436
0.039336,4.5885
0.03934,4.6368
0.039344,4.5885
0.039348,4.6529
0.039352,4.6046
0.039356,4.5885
0.03936,4.7012
0.039364,4.5724
0.039368,4.7012
0.039372,4.669
0.039376,4.6368
0.03938,4.6207
0.039384,4.6207
0.039388,4.5885
0.039392,4.6368
0.039396,4.6207
0.0394,4.5563
0.039404,4.508
0.039408,4.5885
0.039412,4.6046
0.039416,4.6368
0.03942,4.5724
0.039424,4.7173
0.039428,4.5885
0.039432,4.6851
0.039436,4.7173
0.03944,4.7012
0.039444,4.5724
0.039448,4.6207
0.039452,4.6851
0.039456,4.7012
0.03946,4.7334
0.039464,4.7012
0.039468,4.669
0.039472,4.6207
0.039476,4.7173
0.03948,4.5885
0.039484,4.4597
0.039488,4.5402
0.039492,4.5724
0.039496,4.7495
0.0395,4.6529
0.039504,4.7656
0.039508,4.7817
0.039512,4.669
0.039516,4.6529
0.03952,4.4758
0.039524,4.5402
0.039528,4.6529
0.039532,4.7173
0.039536,4.5885
0.03954,4.669
0.039544,4.7978
0.039548,4.6368
0.039552,4.7012
0.039556,4.7012
0.03956,4.6046
0.039564,4.6851
0.039568,4.8139
0.039572,4.6851
0.039576,4.6207
0.03958,4.6046
0.039584,4.6368
0.039588,4.7012
0.039592,4.6368
0.039596,4.7173
0.0396,4.7656
0.039604,4.7817
0.039608,4.5885
0.039612,4.6046
0.039616,4.7012
0.03962,4.5724
0.039624,4.6207
0.039628,4.669
0.039632,4.7012
0.039636,4.7334
0.03964,4.669
0.039644,4.5402
0.039648,4.5885
0.039652,4.6207
0.039656,4.5885
0.03966,4.6046
0.039664,4.5885
0.039668,4.6046
0.039672,4.6207
0.039676,4.6046
0.03968,4.669
0.039684,4.7173
0.039688,4.6529
0.039692,4.5724
0.039696,4.6046
0.0397,4.4919
0.039704,4.5402
0.039708,4.6529
0.039712,4.7012
0.039716,4.7012
0.03972,4.6368
0.039724,4.7173
0.039728,4.7334
0.039732,4.669
0.039736,4.7173
0.03974,4.669
0.039744,4.5724
0.039748,4.7334
0.039752,4.6529
0.039756,4.7978
0.03976,4.5724
0.039764,4.6851
0.039768,4.6368
0.039772,4.7495
0.039776,4.7012
0.03978,4.6046
0.039784,4.4597
0.039788,4.5724
0.039792,4.5241
0.039796,4.7173
0.0398,4.6207
0.039804,4.6046
0.039808,4.669
0.039812,4.6368
0.039816,4.5402
0.03982,4.4919
0.039824,4.5563
0.039828,4.6046
0.039832,4.6851
0.039836,4.6851
0.03984,4.5402
0.039844,4.5563
0.039848,4.5563
0.039852,4.6851
0.039856,4.669
0.03986,4.5563
0.039864,4.5241
0.039868,4.7012
0.039872,4.6046
0.039876,4.7334
0.03988,4.7012
0.039884,4.5563
0.039888,4.6368
0.039892,4.6207
0.039896,4.6851
0.0399,4.6529
0.039904,4.5402
0.039908,4.5402
0.039912,4.5885
0.039916,4.6368
0.03992,4.6529
0.039924,4.6368
0.039928,4.6046
0.039932,4.5724
0.039936,4.7656
0.03994,4.6368
0.039944,4.5402
0.039948,4.5885
0.039952,4.6529
0.039956,4.5724
0.03996,4.669
0.039964,4.5241
0.039968,4.5563
0.039972,4.5241
0.039976,4.6046
0.03998,4.7334
0.039984,4.5724
0.039988,4.6529
0.039992,4.6207
0.039996,4.6368
0.04,4.669
0.040004,4.6207
0.040008,4.6529
0.040012,4.6046
0.040016,4.6529
0.04002,4.5885
0.040024,4.5563
0.040028,4.4597
0.040032,4.5241
0.040036,4.5402
0.04004,4.5402
0.040044,4.6046
0.040048,4.7173
0.040052,4.669
0.040056,4.5885
0.04006,4.7495
0.040064,4.5402
0.040068,4.5241
0.040072,4.4436
0.040076,4.6207
0.04008,4.5402
0.040084,4.4436
0.040088,4.6207
0.040092,4.5563
0.040096,4.6851
0.0401,4.669
0.040104,4.508
0.040108,4.6207
0.040112,4.5402
0.040116,4.7173
0.04012,4.6207
0.040124,4.7334
0.040128,4.7012
0.040132,4.7173
0.040136,4.6529
0.04014,4.669
0.040144,4.7173
0.040148,4.6207
0.040152,4.6368
0.040156,4.6851
0.04016,4.6529
0.040164,4.7495
0.040168,4.5724
0.040172,4.669
0.040176,4.508
0.04018,4.6207
0.040184,4.6851
0.040188,4.7978
0.040192,4.7173
0.040196,4.6529
0.0402,4.5885
0.040204,4.8783
0.040208,4.6851
0.040212,4.7656
0.040216,4.6368
0.04022,4.7173
0.040224,4.7334
0.040228,4.5402
0.040232,4.5724
0.040236,4.5241
0.04024,4.4597
0.040244,4.7012
0.040248,4.6851
0.040252,4.7334
0.040256,4.6529
0.04026,4.6851
0.040264,4.3792
0.040268,4.6368
0.040272,4.5241
0.040276,4.7173
0.04028,4.6529
0.040284,4.5724
0.040288,4.5724
0.040292,4.6529
0.040296,4.5724
0.0403,4.6368
0.040304,4.6368
0.040308,4.6046
0.040312,4.7012
0.040316,4.5885
0.04032,4.5724
0.040324,4.6529
0.040328,4.6851
0.040332,4.6368
0.040336,4.8139
0.04034,4.7978
0.040344,4.7817
0.040348,4.5563
0.040352,4.6046
0.040356,4.6207
0.04036,4.5402
0.040364,4.6046
0.040368,4.508
0.040372,3.9123
0.040376,3.4615
0.04038,2.6887
0.040384,3.7191
0.040388,3.9445
0.040392,3.1717
0.040396,3.4776
0.0404,3.5098
0.040404,3.9767
0.040408,3.6869
0.040412,3.0268
0.040416,3.703
0.04042,3.8157
0.040424,3.542
0.040428,3.3487999999999998
0.040432,3.4293
0.040436,3.7835
0.04044,3.4132
0.040444,3.3487999999999998
0.040448,3.6547
0.040452,3.6708
0.040456,3.6386
0.04046,3.2199999999999998
0.040464,3.4937
0.040468,3.7513
0.040472,3.5742
0.040476,3.3327
0.04048,3.4293
0.040484,3.7674
0.040488,3.6869
0.040492,3.4615
0.040496,3.5903
0.0405,3.7191
0.040504,3.5742
0.040508,3.5259
0.040512,3.4454
0.040516,3.6869
0.04052,3.7352
0.040524,3.542
0.040528,3.5098
0.040532,3.5742
0.040536,3.703
0.04054,3.4937
0.040544,3.5581
0.040548,3.5098
0.040552,3.5098
0.040556,3.4937
0.04056,3.6386
0.040564,3.6386
0.040568,3.5742
0.040572,3.4776
0.040576,3.6064
0.04058,3.7191
0.040584,3.6869
0.040588,3.4454
0.040592,3.4776
0.040596,3.6225
0.0406,3.5742
0.040604,3.5742
0.040608,3.4937
0.040612,3.4454
0.040616,3.7191
0.04062,3.5259
0.040624,3.381
0.040628,3.4132
0.040632,3.4293
0.040636,3.5581
0.04064,3.542
0.040644,3.542
0.040648,3.5742
0.040652,3.5903
0.040656,3.5742
0.04066,3.5742
0.040664,3.4776
0.040668,3.5098
0.040672,3.6064
0.040676,3.3165999999999998
0.04068,3.3971
0.040684,3.4454
0.040688,3.4776
0.040692,3.381
0.040696,3.542
0.0407,3.3649
0.040704,3.4776
0.040708,3.5259
0.040712,3.4937
0.040716,3.4132
0.04072,3.4132
0.040724,3.542
0.040728,3.6225
0.040732,3.6064
0.040736,3.5098
0.04074,3.4776
0.040744,3.4615
0.040748,3.542
0.040752,3.4293
0.040756,3.5098
0.04076,3.4615
0.040764,3.4454
0.040768,3.4937
0.040772,3.542
0.040776,3.5903
0.04078,3.6547
0.040784,3.5742
0.040788,3.4615
0.040792,3.5742
0.040796,3.6547
0.0408,3.6225
0.040804,3.5742
0.040808,3.5098
0.040812,3.5742
0.040816,3.5581
0.04082,3.6386
0.040824,3.5903
0.040828,3.542
0.040832,3.6064
0.040836,3.5903
0.04084,3.5098
0.040844,3.4615
0.040848,3.5742
0.040852,3.6869
0.040856,3.542
0.04086,3.4132
0.040864,3.4454
0.040868,3.4454
0.040872,3.542
0.040876,3.542
0.04088,3.5903
0.040884,3.5742
0.040888,3.5098
0.040892,3.4937
0.040896,3.5259
0.0409,3.5903
0.040904,3.5742
0.040908,3.5903
0.040912,3.4615
0.040916,3.6225
0.04092,3.6225
0.040924,3.5742
0.040928,3.5581
0.040932,3.4615
0.040936,3.5903
0.04094,3.4293
0.040944,3.5098
0.040948,3.4937
0.040952,3.5098
0.040956,3.542
0.04096,3.5742
0.040964,3.5259
0.040968,3.5259
0.040972,3.6386
0.040976,3.4615
0.04098,3.5259
0.040984,3.4293
0.040988,3.5098
0.040992,3.4293
0.040996,3.6386
0.041,3.5581
0.041004,3.5742
0.041008,3.4132
0.041012,3.542
0.041016,3.4615
0.04102,3.6064
0.041024,3.4293
0.041028,3.542
0.041032,3.3971
0.041036,3.381
0.04104,3.5098
0.041044,3.4937
0.041048,3.3971
0.041052,3.4454
0.041056,3.4937
0.04106,3.4454
0.041064,3.5581
0.041068,3.4293
0.041072,3.4293
0.041076,3.4293
0.04108,3.4293
0.041084,3.542
0.041088,3.542
0.041092,3.542
0.041096,3.4132
0.0411,3.4132
0.041104,3.4776
0.041108,3.542
0.041112,3.5581
0.041116,3.5742
0.04112,3.5259
0.041124,3.6386
0.041128,3.6547
0.041132,3.4454
0.041136,3.3971
0.04114,3.381
0.041144,3.4293
0.041148,3.4615
0.041152,3.4293
0.041156,3.4293
0.04116,3.4776
0.041164,3.4937
0.041168,3.542
0.041172,3.4454
0.041176,3.4937
0.04118,3.542
0.041184,3.6225
0.041188,3.4776
0.041192,3.4454
0.041196,3.3649
0.0412,3.4132
0.041204,3.3487999999999998
0.041208,3.4776
0.041212,3.4615
0.041216,3.4937
0.04122,3.542
0.041224,3.5098
0.041228,3.4132
0.041232,3.3327
0.041236,3.4454
0.04124,3.4132
0.041244,3.4132
0.041248,3.5259
0.041252,3.542
0.041256,3.4937
0.04126,3.5742
0.041264,3.5903
0.041268,3.4776
0.041272,3.5581
0.041276,3.3327
0.04128,3.3649
0.041284,3.4454
0.041288,3.5098
0.041292,3.542
0.041296,3.5098
0.0413,3.381
0.041304,3.381
0.041308,3.4615
0.041312,3.5742
0.041316,3.5742
0.04132,3.5903
0.041324,3.4776
0.041328,3.5903
0.041332,3.6064
0.041336,3.5903
0.04134,3.5259
0.041344,3.381
0.041348,3.3649
0.041352,3.3971
0.041356,3.4293
0.04136,3.4132
0.041364,3.4776
0.041368,3.5742
0.041372,3.5903
0.041376,3.5742
0.04138,3.4454
0.041384,3.4293
0.041388,3.5259
0.041392,3.542
0.041396,3.6225
0.0414,3.5259
0.041404,3.4776
0.041408,3.4293
0.041412,3.3327
0.041416,3.381
0.04142,3.381
0.041424,3.2521999999999998
0.041428,3.3487999999999998
0.041432,3.1717
0.041436,3.3971
0.04144,3.3487999999999998
0.041444,3.5098
0.041448,3.4454
0.041452,3.3971
0.041456,3.542
0.04146,3.3971
0.041464,3.3487999999999998
0.041468,3.4454
0.041472,3.4615
0.041476,3.5581
0.04148,3.4937
0.041484,3.5098
0.041488,3.4454
0.041492,3.4293
0.041496,3.2039
0.0415,3.2199999999999998
0.041504,3.3005
0.041508,3.3005
0.041512,3.3487999999999998
0.041516,3.3327
0.04152,3.3649
0.041524,3.4454
0.041528,3.3487999999999998
0.041532,3.4615
0.041536,3.4454
0.04154,3.3971
0.041544,3.542
0.041548,3.3165999999999998
0.041552,3.4132
0.041556,3.4776
0.04156,3.4454
0.041564,3.4776
0.041568,3.2843999999999998
0.041572,3.2361
0.041576,3.381
0.04158,3.2843999999999998
0.041584,3.3971
0.041588,3.4776
0.041592,3.3971
0.041596,3.381
0.0416,3.381
0.041604,3.4776
0.041608,3.5581
0.041612,3.4293
0.041616,3.6708
0.04162,3.5742
0.041624,3.5098
0.041628,3.3165999999999998
0.041632,3.2361
0.041636,3.381
0.04164,3.3005
0.041644,3.3327
0.041648,3.2039
0.041652,3.3005
0.041656,3.381
0.04166,3.4132
0.041664,3.3971
0.041668,3.3649
0.041672,3.4132
0.041676,3.4776
0.04168,3.4776
0.041684,3.4776
0.041688,3.542
0.041692,3.5742
0.041696,3.4776
0.0417,3.4132
0.041704,3.4454
0.041708,3.3649
0.041712,3.3165999999999998
0.041716,3.1555999999999997
0.04172,3.2199999999999998
0.041724,3.3005
0.041728,3.2683
0.041732,3.2039
0.041736,3.3327
0.04174,3.2843999999999998
0.041744,3.2683
0.041748,3.381
0.041752,3.381
0.041756,3.3649
0.04176,3.4615
0.041764,3.4776
0.041768,3.3327
0.041772,3.3327
0.041776,3.3327
0.04178,3.2683
0.041784,3.2843999999999998
0.041788,3.2361
0.041792,3.2361
0.041796,3.2039
0.0418,3.3005
0.041804,3.2361
0.041808,3.2843999999999998
0.041812,3.3005
0.041816,3.3487999999999998
0.04182,3.3971
0.041824,3.3971
0.041828,3.542
0.041832,3.4776
0.041836,3.4937
0.04184,3.2843999999999998
0.041844,3.4454
0.041848,3.2683
0.041852,3.3165999999999998
0.041856,3.2683
0.04186,3.2683
0.041864,3.2843999999999998
0.041868,3.2039
0.041872,3.2521999999999998
0.041876,3.2361
0.04188,3.1555999999999997
0.041884,3.2521999999999998
0.041888,3.2039
0.041892,3.1877999999999997
0.041896,3.3487999999999998
0.0419,3.2843999999999998
0.041904,3.3005
0.041908,3.3649
0.041912,3.3005
0.041916,3.3649
0.04192,3.3005
0.041924,3.3971
0.041928,3.2843999999999998
0.041932,3.3971
0.041936,3.2843999999999998
0.04194,3.2683
0.041944,3.3005
0.041948,3.2039
0.041952,3.1717
0.041956,3.2039
0.04196,3.3327
0.041964,3.2199999999999998
0.041968,3.2361
0.041972,3.3487999999999998
0.041976,3.5259
0.04198,3.3649
0.041984,3.3649
0.041988,3.3487999999999998
0.041992,3.3165999999999998
0.041996,3.3971
0.042,3.2521999999999998
0.042004,3.2683
0.042008,3.3327
0.042012,3.2683
0.042016,3.1073
0.04202,3.1717
0.042024,3.0911999999999997
0.042028,3.1073
0.042032,3.2521999999999998
0.042036,3.2199999999999998
0.04204,3.2683
0.042044,3.3649
0.042048,3.3005
0.042052,3.3165999999999998
0.042056,3.4293
0.04206,3.3971
0.042064,3.3487999999999998
0.042068,3.4132
0.042072,3.3327
0.042076,3.2361
0.04208,3.1555999999999997
0.042084,3.2039
0.042088,3.1233999999999997
0.042092,3.2361
0.042096,3.2843999999999998
0.0421,3.2683
0.042104,3.2039
0.042108,3.2199999999999998
0.042112,3.1395
0.042116,2.9624
0.04212,3.1717
0.042124,3.1717
0.042128,3.381
0.042132,3.4776
0.042136,3.3005
0.04214,3.4132
0.042144,3.3327
0.042148,3.4454
0.042152,3.381
0.042156,3.2843999999999998
0.04216,3.3005
0.042164,3.3487999999999998
0.042168,3.1555999999999997
0.042172,3.1073
0.042176,3.1395
0.04218,3.1395
0.042184,3.1555999999999997
0.042188,3.2683
0.042192,3.3005
0.042196,3.4454
0.0422,3.3327
0.042204,3.3165999999999998
0.042208,3.4454
0.042212,3.3971
0.042216,3.4132
0.04222,3.3971
0.042224,3.4776
0.042228,3.4615
0.042232,3.3971
0.042236,3.3971
0.04224,3.2521999999999998
0.042244,3.1073
0.042248,3.1717
0.042252,3.1233999999999997
0.042256,3.2199999999999998
0.04226,3.1555999999999997
0.042264,3.2039
0.042268,3.2199999999999998
0.042272,3.1877999999999997
0.042276,3.381
0.04228,3.5098
0.042284,3.381
0.042288,3.3649
0.042292,3.3649
0.042296,3.4454
0.0423,3.4293
0.042304,3.3971
0.042308,3.3005
0.042312,3.2521999999999998
0.042316,3.2683
0.04232,3.3327
0.042324,3.3487999999999998
0.042328,3.1555999999999997
0.042332,3.1877999999999997
0.042336,3.1073
0.04234,3.2199999999999998
0.042344,3.3327
0.042348,3.2521999999999998
0.042352,3.2843999999999998
0.042356,3.3005
0.04236,3.381
0.042364,3.4293
0.042368,3.5098
0.042372,3.3165999999999998
0.042376,3.3005
0.04238,3.3487999999999998
0.042384,3.3327
0.042388,3.2843999999999998
0.042392,3.2521999999999998
0.042396,3.1555999999999997
0.0424,3.1073
0.042404,3.1717
0.042408,3.2521999999999998
0.042412,3.1877999999999997
0.042416,3.3005
0.04242,3.1877999999999997
0.042424,3.3649
0.042428,3.3971
0.042432,3.3165999999999998
0.042436,3.3327
0.04244,3.2843999999999998
0.042444,3.2521999999999998
0.042448,3.2843999999999998
0.042452,3.2199999999999998
0.042456,3.2521999999999998
0.04246,3.2521999999999998
0.042464,3.2361
0.042468,3.2199999999999998
0.042472,3.3005
0.042476,2.9946
0.04248,3.1073
0.042484,3.0911999999999997
0.042488,3.2199999999999998
0.042492,3.2683
0.042496,3.2843999999999998
0.0425,3.2843999999999998
0.042504,3.3487999999999998
0.042508,3.3327
0.042512,3.3649
0.042516,3.3487999999999998
0.04252,3.381
0.042524,3.3971
0.042528,3.4132
0.042532,3.2843999999999998
0.042536,3.2521999999999998
0.04254,3.1555999999999997
0.042544,3.2039
0.042548,3.2199999999999998
0.042552,3.3165999999999998
0.042556,3.3005
0.04256,3.3327
0.042564,3.2521999999999998
0.042568,3.1877999999999997
0.042572,3.4132
0.042576,3.2683
0.04258,3.3487999999999998
0.042584,3.2199999999999998
0.042588,3.3327
0.042592,3.5259
0.042596,3.4454
0.0426,3.4293
0.042604,3.3971
0.042608,3.4132
0.042612,3.3649
0.042616,3.2521999999999998
0.04262,3.2521999999999998
0.042624,3.2521999999999998
0.042628,3.2521999999999998
0.042632,3.1877999999999997
0.042636,3.2039
0.04264,3.1717
0.042644,3.3005
0.042648,3.3165999999999998
0.042652,3.3327
0.042656,3.3649
0.04266,3.3327
0.042664,3.4293
0.042668,3.542
0.042672,3.5903
0.042676,3.4776
0.04268,3.4615
0.042684,3.381
0.042688,3.2683
0.042692,3.3165999999999998
0.042696,3.3487999999999998
0.0427,3.1717
0.042704,3.2521999999999998
0.042708,3.1717
0.042712,3.0268
0.042716,3.2199999999999998
0.04272,3.2361
0.042724,3.3487999999999998
0.042728,3.3165999999999998
0.042732,3.3005
0.042736,3.3005
0.04274,3.4132
0.042744,3.4615
0.042748,3.4615
0.042752,3.4454
0.042756,3.3327
0.04276,3.2683
0.042764,3.3649
0.042768,3.3005
0.042772,3.1555999999999997
0.042776,3.1395
0.04278,3.1877999999999997
0.042784,3.2521999999999998
0.042788,3.2361
0.042792,3.2199999999999998
0.042796,3.1877999999999997
0.0428,3.2361
0.042804,3.3327
0.042808,3.3327
0.042812,3.5098
0.042816,3.5742
0.04282,3.6547
0.042824,3.5259
0.042828,3.3005
0.042832,3.2843999999999998
0.042836,3.2521999999999998
0.04284,3.1073
0.042844,3.2843999999999998
0.042848,3.2361
0.042852,3.1395
0.042856,3.1717
0.04286,3.1395
0.042864,3.1877999999999997
0.042868,3.1395
0.042872,3.2361
0.042876,3.2843999999999998
0.04288,3.3327
0.042884,3.4776
0.042888,3.3649
0.042892,3.4293
0.042896,3.4454
0.0429,3.6869
0.042904,3.4293
0.042908,3.2361
0.042912,3.0429
0.042916,3.1555999999999997
0.04292,3.1877999999999997
0.042924,3.1395
0.042928,3.1233999999999997
0.042932,3.3005
0.042936,3.1233999999999997
0.04294,3.1555999999999997
0.042944,3.2361
0.042948,3.3327
0.042952,3.3649
0.042956,3.381
0.04296,3.2683
0.042964,3.2361
0.042968,3.4454
0.042972,3.4615
0.042976,3.5098
0.04298,3.5259
0.042984,3.4937
0.042988,3.2683
0.042992,3.1877999999999997
0.042996,3.2521999999999998
0.043,3.2039
0.043004,3.0911999999999997
0.043008,3.1555999999999997
0.043012,3.1877999999999997
0.043016,3.1233999999999997
0.04302,3.1877999999999997
0.043024,3.2843999999999998
0.043028,3.2521999999999998
0.043032,3.3327
0.043036,3.2361
0.04304,3.3165999999999998
0.043044,3.542
0.043048,3.6064
0.043052,3.4615
0.043056,3.2843999999999998
0.04306,3.1717
0.043064,3.3971
0.043068,3.3327
0.043072,3.2843999999999998
0.043076,3.1877999999999997
0.04308,3.2039
0.043084,3.1073
0.043088,3.1555999999999997
0.043092,3.059
0.043096,3.0911999999999997
0.0431,3.059
0.043104,3.1555999999999997
0.043108,3.2843999999999998
0.043112,3.4293
0.043116,3.5098
0.04312,3.2843999999999998
0.043124,3.3327
0.043128,3.4293
0.043132,3.5098
0.043136,3.3327
0.04314,3.2199999999999998
0.043144,3.2843999999999998
0.043148,3.2683
0.043152,3.2521999999999998
0.043156,3.2361
0.04316,3.1233999999999997
0.043164,3.1233999999999997
0.043168,3.1717
0.043172,3.1073
0.043176,3.1717
0.04318,3.2199999999999998
0.043184,3.3005
0.043188,3.1717
0.043192,3.3165999999999998
0.043196,3.3649
0.0432,3.3649
0.043204,3.4132
0.043208,3.4132
0.043212,3.3327
0.043216,3.3971
0.04322,3.2683
0.043224,3.2199999999999998
0.043228,3.2361
0.043232,3.2361
0.043236,3.2199999999999998
0.04324,3.1073
0.043244,3.1717
0.043248,3.1395
0.043252,3.0911999999999997
0.043256,3.1717
0.04326,3.1877999999999997
0.043264,3.3005
0.043268,3.3649
0.043272,3.3165999999999998
0.043276,3.3165999999999998
0.04328,3.3327
0.043284,3.4615
0.043288,3.4615
0.043292,3.4132
0.043296,3.3165999999999998
0.0433,3.3327
0.043304,3.4454
0.043308,3.3487999999999998
0.043312,3.3649
0.043316,3.1395
0.04332,3.059
0.043324,3.1555999999999997
0.043328,3.0911999999999997
0.043332,3.059
0.043336,3.0911999999999997
0.04334,3.0911999999999997
0.043344,3.3005
0.043348,3.2843999999999998
0.043352,3.3487999999999998
0.043356,3.3005
0.04336,3.4615
0.043364,3.5259
0.043368,3.3971
0.043372,3.2683
0.043376,3.3971
0.04338,3.4132
0.043384,3.2683
0.043388,3.2361
0.043392,3.3005
0.043396,3.1555999999999997
0.0434,3.0911999999999997
0.043404,2.9946
0.043408,3.1395
0.043412,3.0911999999999997
0.043416,3.2521999999999998
0.04342,3.1717
0.043424,3.1877999999999997
0.043428,3.3165999999999998
0.043432,3.3165999999999998
0.043436,3.4776
0.04344,3.3165999999999998
0.043444,3.4293
0.043448,3.4132
0.043452,3.3165999999999998
0.043456,3.3971
0.04346,3.3971
0.043464,3.3649
0.043468,3.1717
0.043472,3.0911999999999997
0.043476,3.1717
0.04348,2.9785
0.043484,3.1073
0.043488,3.1395
0.043492,3.3165999999999998
0.043496,3.0107
0.0435,3.0751
0.043504,3.3165999999999998
0.043508,3.2843999999999998
0.043512,3.3165999999999998
0.043516,3.3487999999999998
0.04352,3.3327
0.043524,3.4615
0.043528,3.4454
0.043532,3.3487999999999998
0.043536,3.1877999999999997
0.04354,3.3487999999999998
0.043544,3.381
0.043548,3.1555999999999997
0.043552,3.0268
0.043556,2.9624
0.04356,2.9141
0.043564,2.9624
0.043568,3.0911999999999997
0.043572,2.9946
0.043576,3.1555999999999997
0.04358,3.2039
0.043584,3.3487999999999998
0.043588,3.3971
0.043592,3.3649
0.043596,3.3649
0.0436,3.3971
0.043604,3.4293
0.043608,3.4776
0.043612,3.4293
0.043616,3.3165999999999998
0.04362,3.3971
0.043624,3.4293
0.043628,3.2683
0.043632,2.9946
0.043636,2.9463
0.04364,3.0268
0.043644,3.0911999999999997
0.043648,3.0429
0.043652,2.9463
0.043656,3.059
0.04366,3.1877999999999997
0.043664,3.2521999999999998
0.043668,3.2199999999999998
0.043672,3.2843999999999998
0.043676,3.4132
0.04368,3.5259
0.043684,3.4293
0.043688,3.2521999999999998
0.043692,3.4132
0.043696,3.4776
0.0437,3.4293
0.043704,3.3005
0.043708,3.1233999999999997
0.043712,3.0751
0.043716,3.0429
0.04372,3.1073
0.043724,3.0911999999999997
0.043728,3.0107
0.043732,3.1073
0.043736,3.1233999999999997
0.04374,3.1233999999999997
0.043744,3.2521999999999998
0.043748,3.3005
0.043752,3.381
0.043756,3.4132
0.04376,3.3649
0.043764,3.381
0.043768,3.4454
0.043772,3.3971
0.043776,3.4132
0.04378,3.4293
0.043784,3.4454
0.043788,3.1877999999999997
0.043792,3.1555999999999997
0.043796,3.0911999999999997
0.0438,3.0268
0.043804,3.0751
0.043808,3.059
0.043812,3.0751
0.043816,3.0268
0.04382,3.1555999999999997
0.043824,3.2199999999999998
0.043828,3.1877999999999997
0.043832,3.3971
0.043836,3.4293
0.04384,3.381
0.043844,3.4454
0.043848,3.542
0.043852,3.5098
0.043856,3.3649
0.04386,3.2361
0.043864,3.3327
0.043868,3.2683
0.043872,3.1395
0.043876,3.1073
0.04388,2.9624
0.043884,3.0268
0.043888,2.9946
0.043892,3.0429
0.043896,2.9624
0.0439,3.0429
0.043904,3.3327
0.043908,3.3327
0.043912,3.2361
0.043916,3.2683
0.04392,3.3327
0.043924,3.4937
0.043928,3.3165999999999998
0.043932,3.3487999999999998
0.043936,3.381
0.04394,3.3487999999999998
0.043944,3.1395
0.043948,3.1717
0.043952,3.0911999999999997
0.043956,3.0268
0.04396,2.9302
0.043964,2.9624
0.043968,2.898
0.043972,3.0107
0.043976,3.1073
0.04398,3.1877999999999997
0.043984,3.1877999999999997
0.043988,3.1877999999999997
0.043992,3.2199999999999998
0.043996,3.1233999999999997
0.044,3.2199999999999998
0.044004,3.3649
0.044008,3.4454
0.044012,3.3327
0.044016,3.4454
0.04402,3.4454
0.044024,3.3165999999999998
0.044028,3.2843999999999998
0.044032,3.1395
0.044036,3.0107
0.04404,2.9141
0.044044,2.9624
0.044048,3.1073
0.044052,3.0107
0.044056,3.059
0.04406,3.0429
0.044064,3.1073
0.044068,3.2361
0.044072,3.3487999999999998
0.044076,3.3327
0.04408,3.4776
0.044084,3.4454
0.044088,3.5098
0.044092,3.4454
0.044096,3.3005
0.0441,3.3165999999999998
0.044104,3.3971
0.044108,3.3005
0.044112,3.1877999999999997
0.044116,3.1717
0.04412,3.059
0.044124,2.9463
0.044128,2.9624
0.044132,3.059
0.044136,3.1233999999999997
0.04414,3.0107
0.044144,3.0911999999999997
0.044148,3.1233999999999997
0.044152,3.2039
0.044156,3.4454
0.04416,3.4937
0.044164,3.3165999999999998
0.044168,3.3165999999999998
0.044172,3.4776
0.044176,3.4937
0.04418,3.4776
0.044184,3.2039
0.044188,3.2361
0.044192,3.1877999999999997
0.044196,3.2039
0.0442,3.2039
0.044204,3.1233999999999997
0.044208,2.9302
0.044212,2.9624
0.044216,2.8336
0.04422,2.9463
0.044224,3.0429
0.044228,3.0429
0.044232,3.2521999999999998
0.044236,3.3327
0.04424,3.2361
0.044244,3.2843999999999998
0.044248,3.3649
0.044252,3.5742
0.044256,3.4937
0.04426,3.3165999999999998
0.044264,3.1395
0.044268,3.2199999999999998
0.044272,3.3005
0.044276,3.2521999999999998
0.04428,3.1395
0.044284,2.9463
0.044288,2.8175
0.044292,2.898
0.044296,2.9624
0.0443,2.9463
0.044304,2.9624
0.044308,3.0911999999999997
0.044312,3.1395
0.044316,3.2843999999999998
0.04432,3.1555999999999997
0.044324,3.3649
0.044328,3.3649
0.044332,3.3165999999999998
0.044336,3.4132
0.04434,3.3971
0.044344,3.2039
0.044348,3.2361
0.044352,3.1073
0.044356,3.1555999999999997
0.04436,3.1395
0.044364,2.898
0.044368,2.9946
0.044372,2.8175
0.044376,2.8175
0.04438,2.9141
0.044384,2.9785
0.044388,3.1073
0.044392,3.0911999999999997
0.044396,3.1395
0.0444,3.3165999999999998
0.044404,3.4454
0.044408,3.3327
0.044412,3.4293
0.044416,3.3327
0.04442,3.3327
0.044424,3.3649
0.044428,3.381
0.044432,3.2361
0.044436,3.059
0.04444,3.2199999999999998
0.044444,3.1717
0.044448,2.9463
0.044452,2.9141
0.044456,2.898
0.04446,2.9624
0.044464,3.0429
0.044468,2.9946
0.044472,3.1877999999999997
0.044476,3.1555999999999997
0.04448,3.2521999999999998
0.044484,3.2843999999999998
0.044488,3.3487999999999998
0.044492,3.4293
0.044496,3.2843999999999998
0.0445,3.4293
0.044504,3.3005
0.044508,3.1555999999999997
0.044512,3.2843999999999998
0.044516,3.2521999999999998
0.04452,3.1555999999999997
0.044524,2.9946
0.044528,2.9302
0.044532,2.8658
0.044536,2.8819
0.04454,2.8497
0.044544,2.9785
0.044548,3.0429
0.044552,3.1233999999999997
0.044556,3.1717
0.04456,3.2521999999999998
0.044564,3.2843999999999998
0.044568,3.381
0.044572,3.3005
0.044576,3.5259
0.04458,3.4293
0.044584,3.3971
0.044588,3.3487999999999998
0.044592,3.2521999999999998
0.044596,3.2843999999999998
0.0446,3.1717
0.044604,3.0751
0.044608,3.0751
0.044612,3.0107
0.044616,2.9624
0.04462,2.898
0.044624,2.8658
0.044628,2.9785
0.044632,3.1233999999999997
0.044636,3.2683
0.04464,3.3005
0.044644,3.3649
0.044648,3.2039
0.044652,3.1877999999999997
0.044656,3.3327
0.04466,3.381
0.044664,3.5098
0.044668,3.5581
0.044672,3.3165999999999998
0.044676,3.2039
0.04468,3.1233999999999997
0.044684,3.0751
0.044688,3.2361
0.044692,3.0429
0.044696,2.8658
0.0447,2.9302
0.044704,2.8658
0.044708,3.0429
0.044712,3.0429
0.044716,3.0268
0.04472,3.1555999999999997
0.044724,3.2361
0.044728,3.3487999999999998
0.044732,3.2683
0.044736,3.2683
0.04474,3.4132
0.044744,3.381
0.044748,3.2361
0.044752,3.381
0.044756,3.3165999999999998
0.04476,3.1555999999999997
0.044764,2.898
0.044768,2.9302
0.044772,3.0268
0.044776,2.9141
0.04478,2.8819
0.044784,2.7853
0.044788,2.9785
0.044792,3.059
0.044796,3.059
0.0448,3.1233999999999997
0.044804,3.2199999999999998
0.044808,3.2843999999999998
0.044812,3.3971
0.044816,3.4615
0.04482,3.4615
0.044824,3.5098
0.044828,3.4615
0.044832,3.5098
0.044836,3.2039
0.04484,3.1877999999999997
0.044844,3.1717
0.044848,3.1073
0.044852,2.9463
0.044856,2.9624
0.04486,2.8336
0.044864,2.898
0.044868,2.9463
0.044872,3.0911999999999997
0.044876,3.0751
0.04488,3.1395
0.044884,3.059
0.044888,3.2843999999999998
0.044892,3.2361
0.044896,3.381
0.0449,3.4132
0.044904,3.2843999999999998
0.044908,3.4615
0.044912,3.1395
0.044916,3.3327
0.04492,3.2521999999999998
0.044924,3.2843999999999998
0.044928,3.1233999999999997
0.044932,3.0429
0.044936,2.9463
0.04494,2.9302
0.044944,2.8014
0.044948,2.8658
0.044952,3.0107
0.044956,3.0429
0.04496,3.0268
0.044964,3.1555999999999997
0.044968,3.2521999999999998
0.044972,3.2521999999999998
0.044976,3.3649
0.04498,3.4937
0.044984,3.2361
0.044988,3.4615
0.044992,3.4132
0.044996,3.2683
0.045,3.2521999999999998
0.045004,3.1395
0.045008,3.2521999999999998
0.045012,3.0911999999999997
0.045016,2.9141
0.04502,2.9946
0.045024,2.898
0.045028,2.8014
0.045032,2.8336
0.045036,2.8658
0.04504,3.0429
0.045044,3.1555999999999997
0.045048,3.1877999999999997
0.045052,3.1555999999999997
0.045056,3.2361
0.04506,3.2683
0.045064,3.2843999999999998
0.045068,3.381
0.045072,3.3487999999999998
0.045076,3.3649
0.04508,3.3005
0.045084,3.2039
0.045088,3.1717
0.045092,3.0751
0.045096,2.898
0.0451,2.7692
0.045104,2.7853
0.045108,2.8658
0.045112,2.9785
0.045116,2.898
0.04512,2.9785
0.045124,3.1073
0.045128,3.1395
0.045132,3.2361
0.045136,3.381
0.04514,3.3165999999999998
0.045144,3.2521999999999998
0.045148,3.3327
0.045152,3.3487999999999998
0.045156,3.2843999999999998
0.04516,3.2361
0.045164,3.2039
0.045168,3.1877999999999997
0.045172,3.0268
0.045176,3.0268
0.04518,2.898
0.045184,2.8014
0.045188,2.9624
0.045192,2.9141
0.045196,2.8819
0.0452,2.898
0.045204,3.0107
0.045208,3.2361
0.045212,3.2199999999999998
0.045216,3.2361
0.04522,3.2039
0.045224,3.2199999999999998
0.045228,3.1877999999999997
0.045232,3.381
0.045236,3.3165999999999998
0.04524,3.2039
0.045244,3.1555999999999997
0.045248,3.2521999999999998
0.045252,3.2039
0.045256,2.9946
0.04526,2.8819
0.045264,2.7853
0.045268,2.8819
0.045272,2.8658
0.045276,2.9141
0.04528,2.9785
0.045284,3.0107
0.045288,3.1555999999999997
0.045292,3.3005
0.045296,3.3649
0.0453,3.3487999999999998
0.045304,3.4776
0.045308,3.3165999999999998
0.045312,3.381
0.045316,3.3005
0.04532,3.3165999999999998
0.045324,3.4132
0.045328,3.2199999999999998
0.045332,3.2521999999999998
0.045336,3.1877999999999997
0.04534,3.1073
0.045344,3.0429
0.045348,2.8336
0.045352,2.8819
0.045356,2.9463
0.04536,2.898
0.045364,2.9624
0.045368,2.9785
0.045372,3.3005
0.045376,3.3005
0.04538,3.2361
0.045384,3.3487999999999998
0.045388,3.3165999999999998
0.045392,3.4293
0.045396,3.4293
0.0454,3.3649
0.045404,3.3487999999999998
0.045408,3.4776
0.045412,3.3487999999999998
0.045416,3.2521999999999998
0.04542,3.2361
0.045424,3.1717
0.045428,3.059
0.045432,2.9624
0.045436,2.9463
0.04544,2.8336
0.045444,2.9624
0.045448,2.9141
0.045452,3.0751
0.045456,3.1395
0.04546,3.1555999999999997
0.045464,3.381
0.045468,3.3649
0.045472,3.2843999999999998
0.045476,3.2361
0.04548,3.2361
0.045484,3.4293
0.045488,3.381
0.045492,3.3165999999999998
0.045496,3.2361
0.0455,3.1877999999999997
0.045504,2.9946
0.045508,2.9141
0.045512,2.9302
0.045516,2.9624
0.04552,2.9463
0.045524,2.9302
0.045528,2.9302
0.045532,2.9946
0.045536,3.1233999999999997
0.04554,3.2199999999999998
0.045544,3.3005
0.045548,3.1555999999999997
0.045552,3.2683
0.045556,3.3487999999999998
0.04556,3.381
0.045564,3.4615
0.045568,3.3971
0.045572,3.4132
0.045576,3.3165999999999998
0.04558,3.3005
0.045584,3.2199999999999998
0.045588,3.1395
0.045592,3.0911999999999997
0.045596,2.9624
0.0456,2.9302
0.045604,2.8497
0.045608,2.9624
0.045612,2.9463
0.045616,3.0429
0.04562,3.1877999999999997
0.045624,3.2683
0.045628,3.2361
0.045632,3.3649
0.045636,3.3005
0.04564,3.3165999999999998
0.045644,3.3487999999999998
0.045648,3.5581
0.045652,3.4776
0.045656,3.381
0.04566,3.2683
0.045664,3.2199999999999998
0.045668,3.1877999999999997
0.045672,3.2683
0.045676,3.1233999999999997
0.04568,2.9624
0.045684,2.9463
0.045688,2.7853
0.045692,2.8819
0.045696,2.9141
0.0457,3.0107
0.045704,3.2361
0.045708,3.3165999999999998
0.045712,3.2521999999999998
0.045716,3.3971
0.04572,3.2361
0.045724,3.2843999999999998
0.045728,3.2843999999999998
0.045732,3.4132
0.045736,3.2521999999999998
0.04574,3.3005
0.045744,3.1555999999999997
0.045748,3.1877999999999997
0.045752,3.1395
0.045756,3.0429
0.04576,2.8658
0.045764,2.898
0.045768,3.0268
0.045772,3.0268
0.045776,2.898
0.04578,2.898
0.045784,3.0429
0.045788,3.1555999999999997
0.045792,3.3327
0.045796,3.3005
0.0458,3.2199999999999998
0.045804,3.3649
0.045808,3.4454
0.045812,3.4132
0.045816,3.3165999999999998
0.04582,3.2521999999999998
0.045824,3.3165999999999998
0.045828,3.381
0.045832,3.2199999999999998
0.045836,3.0751
0.04584,3.1395
0.045844,3.0107
0.045848,3.0107
0.045852,2.8336
0.045856,2.8658
0.04586,2.9624
0.045864,3.059
0.045868,3.2199999999999998
0.045872,3.0429
0.045876,3.2199999999999998
0.04588,3.2039
0.045884,3.1877999999999997
0.045888,3.3327
0.045892,3.4776
0.045896,3.4937
0.0459,3.3649
0.045904,3.3327
0.045908,3.3005
0.045912,3.2039
0.045916,3.1073
0.04592,3.059
0.045924,3.059
0.045928,3.0107
0.045932,2.9463
0.045936,2.8819
0.04594,2.8175
0.045944,2.898
0.045948,3.0268
0.045952,2.9946
0.045956,3.1555999999999997
0.04596,3.2843999999999998
0.045964,3.3165999999999998
0.045968,3.3649
0.045972,3.3971
0.045976,3.4454
0.04598,3.3165999999999998
0.045984,3.4293
0.045988,3.2199999999999998
0.045992,3.2039
0.045996,3.1395
0.046,3.0751
0.046004,3.0107
0.046008,2.9946
0.046012,2.9302
0.046016,2.8175
0.04602,2.9946
0.046024,3.0751
0.046028,3.0429
0.046032,3.0107
0.046036,3.1717
0.04604,3.2683
0.046044,3.2361
0.046048,3.1877999999999997
0.046052,3.3327
0.046056,3.4293
0.04606,3.4132
0.046064,3.3487999999999998
0.046068,3.2521999999999998
0.046072,3.2521999999999998
0.046076,3.4132
0.04608,3.3005
0.046084,3.1877999999999997
0.046088,3.1395
0.046092,3.0911999999999997
0.046096,3.0429
0.0461,2.9302
0.046104,3.0429
0.046108,3.0268
0.046112,2.9624
0.046116,2.9302
0.04612,3.1233999999999997
0.046124,3.2199999999999998
0.046128,3.2039
0.046132,3.2683
0.046136,3.2521999999999998
0.04614,3.4454
0.046144,3.3005
0.046148,3.4293
0.046152,3.2361
0.046156,3.2683
0.04616,3.3327
0.046164,3.2361
0.046168,3.059
0.046172,3.0268
0.046176,2.8497
0.04618,2.9463
0.046184,2.9785
0.046188,2.8658
0.046192,3.0268
0.046196,3.0751
0.0462,3.1073
0.046204,3.1717
0.046208,3.1395
0.046212,3.2199999999999998
0.046216,3.2843999999999998
0.04622,3.2521999999999998
0.046224,3.2843999999999998
0.046228,3.3327
0.046232,3.3649
0.046236,3.2843999999999998
0.04624,3.3327
0.046244,3.2521999999999998
0.046248,3.2039
0.046252,3.1073
0.046256,3.0911999999999997
0.04626,2.9624
0.046264,2.898
0.046268,2.9463
0.046272,2.9463
0.046276,2.9141
0.04628,2.9785
0.046284,3.1877999999999997
0.046288,3.2039
0.046292,3.2521999999999998
0.046296,3.3005
0.0463,3.4293
0.046304,3.542
0.046308,3.3971
0.046312,3.4454
0.046316,3.2199999999999998
0.04632,3.1555999999999997
0.046324,3.0911999999999997
0.046328,3.1073
0.046332,3.0751
0.046336,3.059
0.04634,2.9463
0.046344,2.9624
0.046348,2.8497
0.046352,2.9785
0.046356,2.8819
0.04636,3.0268
0.046364,3.1555999999999997
0.046368,3.2521999999999998
0.046372,3.1877999999999997
0.046376,3.2199999999999998
0.04638,3.2521999999999998
0.046384,3.3649
0.046388,3.3005
0.046392,3.3165999999999998
0.046396,3.2843999999999998
0.0464,3.3005
0.046404,3.3649
0.046408,3.1877999999999997
0.046412,3.0751
0.046416,3.059
0.04642,2.9141
0.046424,2.8497
0.046428,2.8658
0.046432,2.9141
0.046436,2.8658
0.04644,2.9141
0.046444,2.9946
0.046448,3.0429
0.046452,3.2039
0.046456,3.2521999999999998
0.04646,3.2843999999999998
0.046464,3.2039
0.046468,3.2361
0.046472,3.3327
0.046476,3.1717
0.04648,3.2843999999999998
0.046484,3.2683
0.046488,3.1717
0.046492,3.2039
0.046496,3.0911999999999997
0.0465,3.059
0.046504,2.8497
0.046508,2.8336
0.046512,2.898
0.046516,2.8658
0.04652,2.8819
0.046524,2.8819
0.046528,2.9141
0.046532,3.0107
0.046536,3.1877999999999997
0.04654,3.2361
0.046544,3.3165999999999998
0.046548,3.2521999999999998
0.046552,3.2521999999999998
0.046556,3.2683
0.04656,3.2039
0.046564,3.2843999999999998
0.046568,3.3005
0.046572,3.1555999999999997
0.046576,3.0268
0.04658,2.9946
0.046584,3.0429
0.046588,3.059
0.046592,3.1233999999999997
0.046596,2.9141
0.0466,2.7531
0.046604,2.8819
0.046608,2.898
0.046612,2.9624
0.046616,3.1555999999999997
0.04662,3.1395
0.046624,3.2361
0.046628,3.2843999999999998
0.046632,3.1073
0.046636,3.1395
0.04664,3.2199999999999998
0.046644,3.4132
0.046648,3.3005
0.046652,3.0107
0.046656,3.0107
0.04666,2.9946
0.046664,3.0268
0.046668,2.9946
0.046672,2.9302
0.046676,2.8658
0.04668,2.8497
0.046684,2.7692
0.046688,2.8336
0.046692,2.8819
0.046696,2.9463
0.0467,3.0429
0.046704,3.0911999999999997
0.046708,3.3165999999999998
0.046712,3.3165999999999998
0.046716,3.3005
0.04672,3.2199999999999998
0.046724,3.2683
0.046728,3.2361
0.046732,3.2843999999999998
0.046736,3.2039
0.04674,3.1717
0.046744,3.0911999999999997
0.046748,2.898
0.046752,2.9302
0.046756,2.8819
0.04676,2.8175
0.046764,2.8819
0.046768,2.8336
0.046772,2.737
0.046776,2.8336
0.04678,2.9624
0.046784,3.1555999999999997
0.046788,3.1073
0.046792,3.2683
0.046796,3.0429
0.0468,3.0751
0.046804,3.1877999999999997
0.046808,3.3005
0.046812,3.2521999999999998
0.046816,3.3165999999999998
0.04682,3.1073
0.046824,3.0429
0.046828,2.898
0.046832,2.8336
0.046836,2.8175
0.04684,2.737
0.046844,2.7048
0.046848,2.9946
0.046852,2.8658
0.046856,2.9463
0.04686,2.898
0.046864,3.0751
0.046868,3.2039
0.046872,3.3005
0.046876,3.2361
0.04688,3.0751
0.046884,2.9946
0.046888,3.1717
0.046892,3.3165999999999998
0.046896,3.3649
0.0469,3.3165999999999998
0.046904,3.381
0.046908,3.1717
0.046912,2.9624
0.046916,2.9785
0.04692,2.8497
0.046924,2.8497
0.046928,2.8336
0.046932,2.8014
0.046936,2.6565
0.04694,2.7853
0.046944,2.898
0.046948,2.9463
0.046952,3.0429
0.046956,3.1555999999999997
0.04696,3.2199999999999998
0.046964,3.2039
0.046968,3.2361
0.046972,3.3649
0.046976,3.3487999999999998
0.04698,3.2683
0.046984,3.2199999999999998
0.046988,3.1073
0.046992,2.9946
0.046996,2.9141
0.047,3.0107
0.047004,2.8336
0.047008,2.8014
0.047012,2.7531
0.047016,2.7531
0.04702,2.6726
0.047024,2.7853
0.047028,2.8819
0.047032,3.059
0.047036,3.1395
0.04704,3.1395
0.047044,3.059
0.047048,3.2199999999999998
0.047052,3.2843999999999998
0.047056,3.2361
0.04706,3.1233999999999997
0.047064,2.9624
0.047068,3.0911999999999997
0.047072,3.2521999999999998
0.047076,3.0911999999999997
0.04708,2.9463
0.047084,2.898
0.047088,3.0429
0.047092,2.8336
0.047096,2.737
0.0471,2.6726
0.047104,2.8014
0.047108,2.7853
0.047112,2.7853
0.047116,2.9785
0.04712,3.0429
0.047124,3.059
0.047128,3.0911999999999997
0.047132,3.2039
0.047136,3.3005
0.04714,3.2039
0.047144,3.1877999999999997
0.047148,3.2843999999999998
0.047152,3.2361
0.047156,3.2843999999999998
0.04716,3.2199999999999998
0.047164,2.9463
0.047168,2.8175
0.047172,2.7531
0.047176,2.737
0.04718,2.6243
0.047184,2.6565
0.047188,2.6887
0.047192,2.7853
0.047196,2.8819
0.0472,3.1073
0.047204,3.1073
0.047208,3.2039
0.047212,3.3005
0.047216,3.1717
0.04722,3.2199999999999998
0.047224,3.2843999999999998
0.047228,3.2843999999999998
0.047232,3.2039
0.047236,3.2199999999999998
0.04724,3.1395
0.047244,3.0268
0.047248,2.9141
0.047252,2.7209
0.047256,2.737
0.04726,2.7853
0.047264,2.8497
0.047268,2.6887
0.047272,2.7853
0.047276,2.7692
0.04728,2.8658
0.047284,3.0107
0.047288,3.1717
0.047292,3.1555999999999997
0.047296,3.3487999999999998
0.0473,3.2843999999999998
0.047304,3.2521999999999998
0.047308,3.0751
0.047312,3.2199999999999998
0.047316,3.2199999999999998
0.04732,3.1717
0.047324,3.1877999999999997
0.047328,3.0107
0.047332,2.8497
0.047336,2.8336
0.04734,2.7853
0.047344,2.6404
0.047348,2.7531
0.047352,2.6887
0.047356,2.6082
0.04736,2.737
0.047364,2.7692
0.047368,2.8658
0.047372,2.9624
0.047376,3.0107
0.04738,3.059
0.047384,3.1395
0.047388,3.3005
0.047392,3.1395
0.047396,3.1395
0.0474,3.1395
0.047404,3.1555999999999997
0.047408,2.9624
0.047412,3.0268
0.047416,2.9624
0.04742,2.8658
0.047424,2.6243
0.047428,2.5921
0.047432,2.6082
0.047436,2.6887
0.04744,2.7209
0.047444,2.6887
0.047448,2.8658
0.047452,2.8014
0.047456,2.8014
0.04746,3.0751
0.047464,3.2039
0.047468,3.2039
0.047472,3.1717
0.047476,3.2683
0.04748,3.2843999999999998
0.047484,3.3327
0.047488,3.1877999999999997
0.047492,3.0751
0.047496,2.8336
0.0475,2.7853
0.047504,2.5599
0.047508,2.6565
0.047512,2.7209
0.047516,2.6082
0.04752,2.4633
0.047524,2.6243
0.047528,2.7048
0.047532,2.9946
0.047536,2.9624
0.04754,3.0429
0.047544,3.0268
0.047548,3.2039
0.047552,3.1073
0.047556,3.1073
0.04756,3.1395
0.047564,3.1555999999999997
0.047568,3.2039
0.047572,3.1555999999999997
0.047576,2.9463
0.04758,3.0107
0.047584,2.8497
0.047588,2.7209
0.047592,2.5116
0.047596,2.6243
0.0476,2.5599
0.047604,2.5921
0.047608,2.5438
0.047612,2.6726
0.047616,2.8497
0.04762,3.059
0.047624,3.0751
0.047628,3.2361
0.047632,3.2843999999999998
0.047636,3.1073
0.04764,3.1555999999999997
0.047644,3.1717
0.047648,3.2361
0.047652,3.059
0.047656,2.8819
0.04766,2.9141
0.047664,2.8014
0.047668,2.8497
0.047672,2.737
0.047676,2.5921
0.04768,2.576
0.047684,2.6082
0.047688,2.5116
0.047692,2.5599
0.047696,2.6887
0.0477,3.1395
0.047704,3.1073
0.047708,3.2521999999999998
0.047712,2.9946
0.047716,2.9946
0.04772,3.2361
0.047724,3.2683
0.047728,3.2039
0.047732,2.9946
0.047736,3.0268
0.04774,2.9141
0.047744,2.9946
0.047748,2.7853
0.047752,2.6726
0.047756,2.4311
0.04776,2.4955
0.047764,2.3989
0.047768,2.5599
0.047772,2.6726
0.047776,2.6726
0.04778,2.8336
0.047784,2.9141
0.047788,2.9946
0.047792,2.9785
0.047796,3.1233999999999997
0.0478,3.1233999999999997
0.047804,3.1073
0.047808,3.0429
0.047812,2.9946
0.047816,3.0268
0.04782,3.0911999999999997
0.047824,3.0751
0.047828,2.8014
0.047832,2.8175
0.047836,2.7531
0.04784,2.6726
0.047844,2.5438
0.047848,2.5599
0.047852,2.6243
0.047856,2.7048
0.04786,2.7048
0.047864,2.7531
0.047868,2.9463
0.047872,3.0268
0.047876,3.0268
0.04788,3.1233999999999997
0.047884,3.1395
0.047888,3.3165999999999998
0.047892,3.3971
0.047896,3.2199999999999998
0.0479,3.1395
0.047904,3.2039
0.047908,2.8497
0.047912,2.9302
0.047916,2.8658
0.04792,2.7853
0.047924,2.7048
0.047928,2.5921
0.047932,2.415
0.047936,2.5921
0.04794,2.5438
0.047944,2.6404
0.047948,2.6887
0.047952,2.9785
0.047956,2.9141
0.04796,2.9141
0.047964,2.9785
0.047968,3.0911999999999997
0.047972,3.1233999999999997
0.047976,3.1073
0.04798,3.1555999999999997
0.047984,3.2361
0.047988,3.2039
0.047992,3.1073
0.047996,2.9463
0.048,2.6565
0.048004,2.7692
0.048008,2.6565
0.048012,2.4794
0.048016,2.4472
0.04802,2.3023
0.048024,2.6887
0.048028,2.7692
0.048032,2.7048
0.048036,2.8175
0.04804,2.9141
0.048044,3.1717
0.048048,3.1877999999999997
0.048052,3.1395
0.048056,3.1717
0.04806,3.2521999999999998
0.048064,3.3005
0.048068,3.059
0.048072,3.0107
0.048076,2.8175
0.04808,2.8175
0.048084,2.7209
0.048088,2.7531
0.048092,2.6726
0.048096,2.6243
0.0481,2.6243
0.048104,2.4955
0.048108,2.7048
0.048112,2.5599
0.048116,2.8175
0.04812,2.8658
0.048124,2.9141
0.048128,3.1073
0.048132,3.0911999999999997
0.048136,2.9302
0.04814,3.0751
0.048144,3.2199999999999998
0.048148,3.2361
0.048152,2.9141
0.048156,2.9302
0.04816,3.1395
0.048164,2.9946
0.048168,2.8014
0.048172,2.7048
0.048176,2.4794
0.04818,2.5277
0.048184,2.5438
0.048188,2.5921
0.048192,2.7209
0.048196,2.7209
0.0482,2.9624
0.048204,2.9141
0.048208,3.2199999999999998
0.048212,3.1877999999999997
0.048216,3.1073
0.04822,3.059
0.048224,2.9624
0.048228,3.1717
0.048232,3.2683
0.048236,3.0429
0.04824,2.8175
0.048244,2.7853
0.048248,2.8497
0.048252,2.6726
0.048256,2.6243
0.04826,2.5599
0.048264,2.4633
0.048268,2.415
0.048272,2.6082
0.048276,2.7692
0.04828,2.7853
0.048284,3.0107
0.048288,2.9302
0.048292,2.9463
0.048296,3.0911999999999997
0.0483,3.1395
0.048304,3.3649
0.048308,3.2361
0.048312,3.1717
0.048316,3.1233999999999997
0.04832,2.9785
0.048324,2.9302
0.048328,2.8658
0.048332,2.9141
0.048336,2.737
0.04834,2.6565
0.048344,2.576
0.048348,2.3506
0.048352,2.3506
0.048356,2.6726
0.04836,2.7692
0.048364,2.9624
0.048368,2.9463
0.048372,2.9785
0.048376,2.9302
0.04838,3.0429
0.048384,3.1233999999999997
0.048388,3.1717
0.048392,3.2039
0.048396,2.9624
0.0484,2.8658
0.048404,2.8175
0.048408,2.9302
0.048412,2.8014
0.048416,2.4955
0.04842,2.4311
0.048424,2.6082
0.048428,2.6404
0.048432,2.5599
0.048436,2.576
0.04844,2.6082
0.048444,2.8497
0.048448,2.8819
0.048452,2.9785
0.048456,2.9946
0.04846,2.9463
0.048464,3.2199999999999998
0.048468,3.2039
0.048472,2.9624
0.048476,3.2199999999999998
0.04848,3.1877999999999997
0.048484,3.0429
0.048488,2.9302
0.048492,2.7531
0.048496,2.737
0.0485,2.7692
0.048504,2.5921
0.048508,2.4472
0.048512,2.3989
0.048516,2.4633
0.04852,2.415
0.048524,2.5438
0.048528,2.8819
0.048532,2.9946
0.048536,2.9785
0.04854,3.0751
0.048544,3.0268
0.048548,3.0429
0.048552,3.0911999999999997
0.048556,2.9463
0.04856,3.0429
0.048564,2.8497
0.048568,2.8658
0.048572,2.8014
0.048576,2.8497
0.04858,2.6887
0.048584,2.4794
0.048588,2.4633
0.048592,2.3828
0.048596,2.576
0.0486,2.6404
0.048604,2.5921
0.048608,2.898
0.048612,2.9785
0.048616,3.0268
0.04862,2.9946
0.048624,3.1395
0.048628,3.2199999999999998
0.048632,3.059
0.048636,3.1877999999999997
0.04864,3.3005
0.048644,3.1555999999999997
0.048648,3.0911999999999997
0.048652,2.9302
0.048656,2.7209
0.04866,2.6565
0.048664,2.737
0.048668,2.6082
0.048672,2.5116
0.048676,2.5921
0.04868,2.4794
0.048684,2.6404
0.048688,2.7048
0.048692,2.8658
0.048696,2.8336
0.0487,3.059
0.048704,3.2521999999999998
0.048708,3.3487999999999998
0.048712,3.0751
0.048716,3.0751
0.04872,3.2199999999999998
0.048724,2.898
0.048728,2.9785
0.048732,2.9141
0.048736,2.8014
0.04874,2.8497
0.048744,2.6726
0.048748,2.6082
0.048752,2.5438
0.048756,2.4472
0.04876,2.6243
0.048764,2.5921
0.048768,2.6887
0.048772,2.9302
0.048776,2.8175
0.04878,3.1073
0.048784,3.1395
0.048788,3.2039
0.048792,3.1073
0.048796,3.1555999999999997
0.0488,3.1395
0.048804,3.2039
0.048808,2.9946
0.048812,2.9463
0.048816,2.8336
0.04882,2.7531
0.048824,2.737
0.048828,2.6243
0.048832,2.5599
0.048836,2.6243
0.04884,2.3667
0.048844,2.3989
0.048848,2.6082
0.048852,2.7531
0.048856,2.9624
0.04886,2.9624
0.048864,3.2521999999999998
0.048868,3.3005
0.048872,3.1395
0.048876,3.0268
0.04888,3.059
0.048884,3.2039
0.048888,2.9946
0.048892,2.898
0.048896,2.8336
0.0489,2.8497
0.048904,2.8336
0.048908,2.737
0.048912,2.6082
0.048916,2.5116
0.04892,2.4955
0.048924,2.3667
0.048928,2.5438
0.048932,2.6243
0.048936,2.8336
0.04894,2.898
0.048944,2.9463
0.048948,3.1717
0.048952,3.2521999999999998
0.048956,3.1555999999999997
0.04896,3.1395
0.048964,3.1555999999999997
0.048968,2.9946
0.048972,2.9946
0.048976,2.9141
0.04898,2.8497
0.048984,2.8014
0.048988,2.737
0.048992,2.6243
0.048996,2.5438
0.049,2.5277
0.049004,2.5599
0.049008,2.4955
0.049012,2.6243
0.049016,2.7692
0.04902,2.8175
0.049024,2.9946
0.049028,2.9946
0.049032,3.1395
0.049036,3.1073
0.04904,2.8336
0.049044,3.059
0.049048,3.1395
0.049052,3.1717
0.049056,2.9624
0.04906,2.8497
0.049064,2.7209
0.049068,2.6887
0.049072,2.7209
0.049076,2.4794
0.04908,2.4794
0.049084,2.2862
0.049088,2.5116
0.049092,2.4955
0.049096,2.6887
0.0491,2.7692
0.049104,2.7853
0.049108,2.9302
0.049112,3.2039
0.049116,3.5098
0.04912,3.1555999999999997
0.049124,3.4776
0.049128,3.2843999999999998
0.049132,3.0429
0.049136,2.9463
0.04914,2.7692
0.049144,2.8336
0.049148,2.6243
0.049152,2.5921
0.049156,2.5438
0.04916,2.4794
0.049164,2.3989
0.049168,2.5277
0.049172,2.3828
0.049176,2.6082
0.04918,2.9785
0.049184,3.059
0.049188,2.9463
0.049192,3.1877999999999997
0.049196,3.3971
0.0492,3.1555999999999997
0.049204,3.0429
0.049208,2.9785
0.049212,3.1395
0.049216,3.0911999999999997
0.04922,2.8658
0.049224,2.7048
0.049228,2.737
0.049232,2.6404
0.049236,2.6082
0.04924,2.5599
0.049244,2.4955
0.049248,2.415
0.049252,2.3828
0.049256,2.576
0.04926,2.8014
0.049264,2.898
0.049268,2.9302
0.049272,2.9946
0.049276,3.059
0.04928,3.0429
0.049284,3.1073
0.049288,3.1877999999999997
0.049292,3.1233999999999997
0.049296,3.2843999999999998
0.0493,2.9624
0.049304,2.6082
0.049308,2.7209
0.049312,2.6082
0.049316,2.5599
0.04932,2.5921
0.049324,2.3828
0.049328,2.4633
0.049332,2.4472
0.049336,2.5116
0.04934,2.6082
0.049344,2.7209
0.049348,2.8819
0.049352,2.9302
0.049356,3.0268
0.04936,3.1073
0.049364,3.1233999999999997
0.049368,3.1073
0.049372,3.2521999999999998
0.049376,3.1233999999999997
0.04938,3.0268
0.049384,2.8497
0.049388,2.6887
0.049392,2.7048
0.049396,2.6726
0.0494,2.5116
0.049404,2.4955
0.049408,2.4472
0.049412,2.4311
0.049416,2.4955
0.04942,2.6404
0.049424,2.8014
0.049428,2.8658
0.049432,2.9785
0.049436,3.0751
0.04944,3.2361
0.049444,3.2361
0.049448,3.1717
0.049452,3.0751
0.049456,2.9463
0.04946,2.9624
0.049464,2.7531
0.049468,2.7692
0.049472,2.737
0.049476,2.6404
0.04948,2.4955
0.049484,2.3667
0.049488,2.3828
0.049492,2.4633
0.049496,2.4794
0.0495,2.6726
0.049504,2.8175
0.049508,2.9946
0.049512,2.898
0.049516,2.8175
0.04952,2.8497
0.049524,3.1717
0.049528,2.898
0.049532,3.059
0.049536,2.898
0.04954,2.9141
0.049544,2.898
0.049548,2.6243
0.049552,2.6565
0.049556,2.6887
0.04956,2.5277
0.049564,2.3828
0.049568,2.4311
0.049572,2.3506
0.049576,2.415
0.04958,2.5277
0.049584,2.6082
0.049588,2.8819
0.049592,2.8336
0.049596,3.0107
0.0496,3.0911999999999997
0.049604,2.898
0.049608,2.9785
0.049612,3.1555999999999997
0.049616,3.1395
0.04962,2.9141
0.049624,2.7209
0.049628,2.7048
0.049632,2.6243
0.049636,2.6726
0.04964,2.6082
0.049644,2.2862
0.049648,2.2379
0.049652,2.6082
0.049656,2.4472
0.04966,2.5116
0.049664,2.5277
0.049668,2.7531
0.049672,2.9946
0.049676,3.0268
0.04968,2.9946
0.049684,3.1233999999999997
0.049688,3.2683
0.049692,3.1555999999999997
0.049696,2.9946
0.0497,2.9302
0.049704,2.9624
0.049708,2.6726
0.049712,2.7209
0.049716,2.6404
0.04972,2.5599
0.049724,2.4311
0.049728,2.415
0.049732,2.3667
0.049736,2.4794
0.04974,2.7853
0.049744,2.737
0.049748,2.737
0.049752,2.8658
0.049756,2.9463
0.04976,3.1717
0.049764,3.1233999999999997
0.049768,3.1877999999999997
0.049772,3.1877999999999997
0.049776,3.0107
0.04978,3.059
0.049784,2.8336
0.049788,2.6243
0.049792,2.6243
0.049796,2.5438
0.0498,2.4633
0.049804,2.4633
0.049808,2.4955
0.049812,2.5277
0.049816,2.4794
0.04982,2.5277
0.049824,2.8014
0.049828,2.7853
0.049832,2.8819
0.049836,2.9785
0.04984,2.9302
0.049844,3.1717
0.049848,3.1717
0.049852,2.8819
0.049856,2.9946
0.04986,2.898
0.049864,2.8658
0.049868,2.6726
0.049872,2.6726
0.049876,2.6243
0.04988,2.6082
0.049884,2.5599
0.049888,2.415
0.049892,2.3667
0.049896,2.4794
0.0499,2.5438
0.049904,2.8175
0.049908,2.8658
0.049912,3.0429
0.049916,3.0751
0.04992,3.0911999999999997
0.049924,3.0429
0.049928,3.0429
0.049932,3.1073
0.049936,3.1717
0.04994,2.9946
0.049944,2.6726
0.049948,2.7048
0.049952,2.5438
0.049956,2.5116
0.04996,2.3506
0.049964,2.3828
0.049968,2.1252
0.049972,2.254
0.049976,2.5277
0.04998,2.6726
0.049984,2.7692
0.049988,2.9946
0.049992,3.0268
0.049996,2.9946
0.05,2.9946
0.050004,2.9141
0.050008,2.9302
0.050012,2.9624
0.050016,2.9302
0.05002,2.7209
0.050024,2.8014
0.050028,2.7531
0.050032,2.7209
0.050036,2.7531
0.05004,2.3345
0.050044,2.2056999999999998
0.050048,2.2379
0.050052,2.5277
0.050056,2.5921
0.05006,2.7048
0.050064,2.8336
0.050068,2.9302
0.050072,3.2199999999999998
0.050076,3.0268
0.05008,2.9302
0.050084,3.0911999999999997
0.050088,3.1073
0.050092,3.1073
0.050096,2.9302
0.0501,2.7853
0.050104,2.737
0.050108,2.8014
0.050112,2.4794
0.050116,2.3989
0.05012,2.254
0.050124,2.2056999999999998
0.050128,2.5116
0.050132,2.3345
0.050136,2.6243
0.05014,2.8014
0.050144,2.9141
0.050148,2.9141
0.050152,2.9946
0.050156,3.059
0.05016,3.1717
0.050164,3.059
0.050168,3.0911999999999997
0.050172,2.8658
0.050176,2.8014
0.05018,2.8497
0.050184,2.5116
0.050188,2.4955
0.050192,2.4955
0.050196,2.4472
0.0502,2.415
0.050204,2.3989
0.050208,2.3345
0.050212,2.3667
0.050216,2.6082
0.05022,2.8819
0.050224,2.9946
0.050228,2.898
0.050232,2.9946
0.050236,3.1073
0.05024,3.0751
0.050244,3.1555999999999997
0.050248,2.9785
0.050252,2.9785
0.050256,2.7853
0.05026,2.7531
0.050264,2.898
0.050268,2.6565
0.050272,2.5921
0.050276,2.4633
0.05028,2.4955
0.050284,2.4472
0.050288,2.5116
0.050292,2.4472
0.050296,2.576
0.0503,2.7853
0.050304,3.0107
0.050308,2.898
0.050312,2.9141
0.050316,2.8658
0.05032,2.9463
0.050324,2.9785
0.050328,3.1073
0.050332,3.0751
0.050336,2.9624
0.05034,2.8175
0.050344,2.7048
0.050348,2.6243
0.050352,2.5599
0.050356,2.3989
0.05036,2.4955
0.050364,2.6082
0.050368,2.576
0.050372,2.4794
0.050376,2.4794
0.05038,2.4472
0.050384,2.7853
0.050388,3.3487999999999998
0.050392,3.0429
0.050396,3.0751
0.0504,2.9141
0.050404,2.9946
0.050408,2.9785
0.050412,2.9463
0.050416,2.9141
0.05042,2.8175
0.050424,2.7692
0.050428,2.6565
0.050432,2.4311
0.050436,2.5921
0.05044,2.5277
0.050444,2.3667
0.050448,2.4955
0.050452,2.4633
0.050456,2.6082
0.05046,2.737
0.050464,2.9302
0.050468,2.8819
0.050472,2.9141
0.050476,3.0751
0.05048,3.0268
0.050484,3.1555999999999997
0.050488,3.3649
0.050492,3.0751
0.050496,3.0911999999999997
0.0505,2.9141
0.050504,2.8014
0.050508,2.7853
0.050512,2.6404
0.050516,2.4794
0.05052,2.415
0.050524,2.3506
0.050528,2.3667
0.050532,2.415
0.050536,2.6243
0.05054,2.8819
0.050544,2.9302
0.050548,2.8819
0.050552,2.9946
0.050556,3.1395
0.05056,3.1877999999999997
0.050564,3.2361
0.050568,3.059
0.050572,3.1233999999999997
0.050576,2.9141
0.05058,2.8658
0.050584,2.7853
0.050588,2.7048
0.050592,2.6565
0.050596,2.5438
0.0506,2.3667
0.050604,2.3506
0.050608,2.4472
0.050612,2.5599
0.050616,2.5277
0.05062,2.7531
0.050624,2.898
0.050628,2.8175
0.050632,3.1717
0.050636,3.1877999999999997
0.05064,3.1233999999999997
0.050644,2.9141
0.050648,2.7209
0.050652,2.898
0.050656,2.9463
0.05066,2.8497
0.050664,2.7209
0.050668,2.4472
0.050672,2.4633
0.050676,2.3989
0.05068,2.2701
0.050684,2.3989
0.050688,2.3989
0.050692,2.3989
0.050696,2.5921
0.0507,2.737
0.050704,2.9946
0.050708,3.1395
0.050712,3.0751
0.050716,2.9302
0.05072,3.2361
0.050724,3.3327
0.050728,2.9624
0.050732,2.8819
0.050736,2.737
0.05074,2.5116
0.050744,2.6082
0.050748,2.5921
0.050752,2.4311
0.050756,2.415
0.05076,2.5116
0.050764,2.3667
0.050768,2.4955
0.050772,2.4633
0.050776,2.6082
0.05078,2.8336
0.050784,2.9785
0.050788,3.1395
0.050792,2.9141
0.050796,2.8175
0.0508,2.9946
0.050804,3.0751
0.050808,3.059
0.050812,2.9463
0.050816,3.0751
0.05082,2.9624
0.050824,2.8497
0.050828,2.4633
0.050832,2.2862
0.050836,2.6082
0.05084,2.415
0.050844,2.2701
0.050848,2.4794
0.050852,2.4633
0.050856,2.6404
0.05086,2.7692
0.050864,2.8175
0.050868,2.9624
0.050872,3.0751
0.050876,2.9624
0.05088,3.0268
0.050884,3.0751
0.050888,3.0751
0.050892,3.0107
0.050896,2.7531
0.0509,2.6726
0.050904,2.6082
0.050908,2.6404
0.050912,2.4794
0.050916,2.415
0.05092,2.3828
0.050924,2.2056999999999998
0.050928,2.415
0.050932,2.5116
0.050936,2.7531
0.05094,2.8175
0.050944,2.9624
0.050948,2.9624
0.050952,2.8819
0.050956,3.0268
0.05096,2.9302
0.050964,3.1395
0.050968,2.9463
0.050972,2.9463
0.050976,2.6887
0.05098,2.7209
0.050984,2.7048
0.050988,2.5438
0.050992,2.3506
0.050996,2.3023
0.051,2.3023
0.051004,2.3506
0.051008,2.4311
0.051012,2.6082
0.051016,2.7048
0.05102,2.898
0.051024,2.8336
0.051028,3.1395
0.051032,3.2521999999999998
0.051036,3.2521999999999998
0.05104,3.0911999999999997
0.051044,3.2683
0.051048,2.9624
0.051052,2.9463
0.051056,2.6565
0.05106,2.5277
0.051064,2.4472
0.051068,2.5599
0.051072,2.3828
0.051076,2.3023
0.05108,2.3023
0.051084,2.3667
0.051088,2.3828
0.051092,2.4794
0.051096,2.7048
0.0511,2.898
0.051104,3.0107
0.051108,3.0751
0.051112,3.1233999999999997
0.051116,3.1395
0.05112,3.1717
0.051124,2.8336
0.051128,2.7853
0.051132,2.8819
0.051136,2.8014
0.05114,2.576
0.051144,2.415
0.051148,2.4472
0.051152,2.3667
0.051156,2.254
0.05116,2.2862
0.051164,2.3828
0.051168,2.5277
0.051172,2.5921
0.051176,2.6404
0.05118,2.8658
0.051184,2.9785
0.051188,3.2843999999999998
0.051192,3.1073
0.051196,3.0751
0.0512,2.9785
0.051204,2.8175
0.051208,2.8658
0.051212,2.6565
0.051216,2.8175
0.05122,2.7209
0.051224,2.5116
0.051228,2.4633
0.051232,2.3989
0.051236,2.1090999999999998
0.05124,2.2056999999999998
0.051244,2.2862
0.051248,2.5921
0.051252,2.8175
0.051256,2.8658
0.05126,2.8497
0.051264,2.8819
0.051268,2.8819
0.051272,3.0751
0.051276,3.1073
0.05128,2.9785
0.051284,2.898
0.051288,2.9302
0.051292,2.8175
0.051296,2.5599
0.0513,2.576
0.051304,2.4955
0.051308,2.3667
0.051312,2.3506
0.051316,2.2701
0.05132,2.2379
0.051324,2.4794
0.051328,2.6565
0.051332,2.7048
0.051336,2.8658
0.05134,3.059
0.051344,3.2521999999999998
0.051348,3.1877999999999997
0.051352,3.0429
0.051356,3.0268
0.05136,3.0429
0.051364,2.9463
0.051368,2.7209
0.051372,2.6404
0.051376,2.5277
0.05138,2.6726
0.051384,2.5438
0.051388,2.3023
0.051392,2.254
0.051396,2.3345
0.0514,2.4955
0.051404,2.5438
0.051408,2.8819
0.051412,3.059
0.051416,3.1073
0.05142,2.9946
0.051424,2.9946
0.051428,2.9946
0.051432,2.9946
0.051436,2.8014
0.05144,2.7692
0.051444,2.8497
0.051448,2.6082
0.051452,2.5599
0.051456,2.6726
0.05146,2.6082
0.051464,2.5116
0.051468,2.1734999999999998
0.051472,2.1896
0.051476,2.2218
0.05148,2.3667
0.051484,2.576
0.051488,2.7209
0.051492,2.8658
0.051496,3.0429
0.0515,3.1073
0.051504,3.059
0.051508,3.0107
0.051512,3.059
0.051516,2.9785
0.05152,3.0268
0.051524,2.8497
0.051528,2.7531
0.051532,2.3506
0.051536,2.415
0.05154,2.2701
0.051544,2.3667
0.051548,2.3023
0.051552,2.2218
0.051556,2.2701
0.05156,2.4955
0.051564,2.7209
0.051568,2.8658
0.051572,2.9624
0.051576,2.737
0.05158,2.6887
0.051584,2.7531
0.051588,2.9463
0.051592,2.8175
0.051596,2.9302
0.0516,3.0107
0.051604,2.7048
0.051608,2.4955
0.051612,2.5921
0.051616,2.5438
0.05162,2.3989
0.051624,2.3184
0.051628,2.1090999999999998
0.051632,2.1252
0.051636,2.3345
0.05164,2.5599
0.051644,2.7048
0.051648,2.7209
0.051652,2.9463
0.051656,2.9946
0.05166,3.1395
0.051664,3.059
0.051668,3.0911999999999997
0.051672,2.8497
0.051676,2.7853
0.05168,2.9785
0.051684,2.5921
0.051688,2.4794
0.051692,2.3184
0.051696,2.2862
0.0517,2.3828
0.051704,2.254
0.051708,2.1734999999999998
0.051712,2.2862
0.051716,2.6082
0.05172,2.5277
0.051724,2.7692
0.051728,2.8819
0.051732,2.9463
0.051736,2.9785
0.05174,3.1555999999999997
0.051744,3.2521999999999998
0.051748,3.0268
0.051752,2.6726
0.051756,2.5438
0.05176,2.6726
0.051764,2.6082
0.051768,2.3506
0.051772,2.3023
0.051776,2.2379
0.05178,2.2056999999999998
0.051784,2.1412999999999998
0.051788,2.3023
0.051792,2.4472
0.051796,2.6887
0.0518,2.7853
0.051804,2.6082
0.051808,2.8175
0.051812,3.1717
0.051816,2.6726
0.05182,2.7531
0.051824,3.0107
0.051828,2.9141
0.051832,2.9141
0.051836,2.7048
0.05184,2.6082
0.051844,2.4472
0.051848,2.2218
0.051852,2.2701
0.051856,2.1896
0.05186,2.2701
0.051864,2.1896
0.051868,2.2056999999999998
0.051872,2.5277
0.051876,2.8497
0.05188,3.0429
0.051884,3.1555999999999997
0.051888,2.8336
0.051892,2.8497
0.051896,2.7853
0.0519,2.7048
0.051904,3.059
0.051908,2.8336
0.051912,2.5921
0.051916,2.5277
0.05192,2.4955
0.051924,2.3989
0.051928,2.254
0.051932,2.0608
0.051936,2.0447
0.05194,2.3184
0.051944,2.5599
0.051948,2.5921
0.051952,2.6565
0.051956,2.8336
0.05196,2.7048
0.051964,2.8497
0.051968,2.7853
0.051972,2.8175
0.051976,2.9463
0.05198,3.0107
0.051984,2.898
0.051988,2.6243
0.051992,2.5116
0.051996,2.5116
0.052,2.5599
0.052004,2.4311
0.052008,2.1574
0.052012,2.1574
0.052016,2.2862
0.05202,2.3023
0.052024,2.6404
0.052028,2.5599
0.052032,2.7209
0.052036,2.8497
0.05204,2.9302
0.052044,2.9141
0.052048,2.9946
0.052052,2.9946
0.052056,2.8497
0.05206,2.6726
0.052064,2.737
0.052068,2.6082
0.052072,2.4472
0.052076,2.415
0.05208,2.4472
0.052084,2.3667
0.052088,2.254
0.052092,2.0447
0.052096,2.2379
0.0521,2.3989
0.052104,2.415
0.052108,2.6082
0.052112,2.8175
0.052116,3.0911999999999997
0.05212,3.0911999999999997
0.052124,3.0429
0.052128,3.0751
0.052132,2.9946
0.052136,2.8819
0.05214,2.5921
0.052144,2.3667
0.052148,2.3506
0.052152,2.3023
0.052156,2.3184
0.05216,2.3345
0.052164,2.3023
0.052168,2.3184
0.052172,2.2379
0.052176,2.4472
0.05218,2.5921
0.052184,2.6726
0.052188,3.0107
0.052192,2.9624
0.052196,3.059
0.0522,3.2843999999999998
0.052204,3.1073
0.052208,2.9302
0.052212,2.7692
0.052216,2.576
0.05222,2.6726
0.052224,2.4794
0.052228,2.4955
0.052232,2.5921
0.052236,2.1734999999999998
0.05224,2.0286
0.052244,2.254
0.052248,2.2379
0.052252,2.3345
0.052256,2.254
0.05226,2.5438
0.052264,2.7531
0.052268,2.8497
0.052272,2.9946
0.052276,2.9141
0.05228,2.9141
0.052284,2.9463
0.052288,2.8336
0.052292,2.7531
0.052296,2.5438
0.0523,2.2862
0.052304,2.254
0.052308,2.2379
0.052312,2.2056999999999998
0.052316,2.2701
0.05232,2.2862
0.052324,2.2379
0.052328,2.3184
0.052332,2.5277
0.052336,2.6404
0.05234,2.7692
0.052344,2.9463
0.052348,3.0107
0.052352,3.2683
0.052356,2.9463
0.05236,2.7853
0.052364,2.7853
0.052368,2.7209
0.052372,2.8336
0.052376,2.7209
0.05238,2.3345
0.052384,2.1412999999999998
0.052388,2.2056999999999998
0.052392,2.1574
0.052396,2.1412999999999998
0.0524,2.1896
0.052404,2.1734999999999998
0.052408,2.6082
0.052412,2.6243
0.052416,2.5921
0.05242,2.737
0.052424,3.0751
0.052428,3.1073
0.052432,3.1395
0.052436,2.9624
0.05244,2.9141
0.052444,2.898
0.052448,2.8336
0.052452,2.3989
0.052456,2.3506
0.05246,2.3345
0.052464,2.4633
0.052468,2.2701
0.052472,2.1412999999999998
0.052476,2.1734999999999998
0.05248,2.2862
0.052484,2.3989
0.052488,2.4633
0.052492,2.5921
0.052496,3.0751
0.0525,3.1395
0.052504,2.9624
0.052508,2.9463
0.052512,3.1395
0.052516,2.9785
0.05252,2.7209
0.052524,2.5921
0.052528,2.4955
0.052532,2.4955
0.052536,2.4633
0.05254,2.3989
0.052544,2.1734999999999998
0.052548,2.1090999999999998
0.052552,2.1734999999999998
0.052556,2.3345
0.05256,2.7048
0.052564,2.737
0.052568,2.7692
0.052572,2.8819
0.052576,3.059
0.05258,3.0429
0.052584,2.9141
0.052588,3.0268
0.052592,2.9141
0.052596,2.9946
0.0526,2.7048
0.052604,2.3667
0.052608,2.5277
0.052612,2.415
0.052616,2.2218
0.05262,2.1896
0.052624,2.0125
0.052628,2.1412999999999998
0.052632,2.1734999999999998
0.052636,2.4311
0.05264,2.6082
0.052644,2.7531
0.052648,2.737
0.052652,2.9141
0.052656,2.9141
0.05266,2.8819
0.052664,2.8658
0.052668,2.8819
0.052672,2.9463
0.052676,2.8658
0.05268,2.576
0.052684,2.3989
0.052688,2.2701
0.052692,2.2379
0.052696,2.1412999999999998
0.0527,2.093
0.052704,2.1734999999999998
0.052708,2.2218
0.052712,2.4955
0.052716,2.5277
0.05272,2.8336
0.052724,2.9624
0.052728,2.9141
0.052732,3.059
0.052736,3.1073
0.05274,2.9141
0.052744,2.7853
0.052748,2.8497
0.052752,2.6887
0.052756,2.5116
0.05276,2.6404
0.052764,2.5438
0.052768,2.2056999999999998
0.052772,2.0608
0.052776,2.1896
0.05278,2.1252
0.052784,2.2862
0.052788,2.5599
0.052792,2.5921
0.052796,2.9946
0.0528,2.9302
0.052804,2.8819
0.052808,2.7209
0.052812,2.9463
0.052816,2.8336
0.05282,3.1395
0.052824,2.8014
0.052828,2.4633
0.052832,2.7692
0.052836,2.6082
0.05284,2.4794
0.052844,2.3989
0.052848,2.2379
0.052852,2.2056999999999998
0.052856,2.1252
0.05286,2.2056999999999998
0.052864,2.576
0.052868,2.5921
0.052872,2.7853
0.052876,2.8175
0.05288,2.7531
0.052884,2.9624
0.052888,3.059
0.052892,3.0268
0.052896,2.9141
0.0529,2.8175
0.052904,2.6887
0.052908,2.4955
0.052912,2.4633
0.052916,2.415
0.05292,2.2379
0.052924,2.1412999999999998
0.052928,2.0125
0.052932,2.2056999999999998
0.052936,2.2379
0.05294,2.2379
0.052944,2.6404
0.052948,2.4794
0.052952,2.6243
0.052956,3.0107
0.05296,2.9463
0.052964,3.1073
0.052968,3.0107
0.052972,2.8497
0.052976,2.7853
0.05298,2.6726
0.052984,2.6243
0.052988,2.4633
0.052992,2.3989
0.052996,2.1896
0.053,2.1090999999999998
0.053004,2.2056999999999998
0.053008,2.254
0.053012,2.3184
0.053016,2.5921
0.05302,2.6887
0.053024,2.8819
0.053028,2.8658
0.053032,2.8497
0.053036,3.0911999999999997
0.05304,3.0268
0.053044,2.9624
0.053048,2.8497
0.053052,2.7692
0.053056,2.7048
0.05306,2.4794
0.053064,2.4311
0.053068,2.3989
0.053072,2.2701
0.053076,2.415
0.05308,2.1574
0.053084,2.2862
0.053088,2.3667
0.053092,2.7209
0.053096,2.8014
0.0531,2.8336
0.053104,2.8658
0.053108,3.1233999999999997
0.053112,3.2361
0.053116,3.0911999999999997
0.05312,2.6726
0.053124,2.9302
0.053128,2.7853
0.053132,2.4633
0.053136,2.6243
0.05314,2.5277
0.053144,2.2862
0.053148,2.3667
0.053152,2.1252
0.053156,2.1090999999999998
0.05316,2.3184
0.053164,2.415
0.053168,2.576
0.053172,2.7209
0.053176,2.9141
0.05318,3.0429
0.053184,3.0429
0.053188,2.9141
0.053192,3.0107
0.053196,2.8819
0.0532,2.898
0.053204,2.5921
0.053208,2.5438
0.053212,2.415
0.053216,2.4472
0.05322,2.3345
0.053224,2.3184
0.053228,2.1896
0.053232,2.1412999999999998
0.053236,2.1734999999999998
0.05324,2.3989
0.053244,2.7048
0.053248,2.8014
0.053252,2.8336
0.053256,2.6887
0.05326,2.7209
0.053264,3.3165999999999998
0.053268,3.1395
0.053272,3.0429
0.053276,2.8336
0.05328,2.6726
0.053284,2.5438
0.053288,2.4633
0.053292,2.3989
0.053296,2.3667
0.0533,2.3184
0.053304,2.1574
0.053308,2.0768999999999997
0.053312,2.1412999999999998
0.053316,2.4955
0.05332,2.4955
0.053324,2.7531
0.053328,2.9785
0.053332,3.2361
0.053336,3.1717
0.05334,3.1555999999999997
0.053344,2.8175
0.053348,2.5277
0.053352,2.6082
0.053356,2.6887
0.05336,2.6243
0.053364,2.576
0.053368,2.5277
0.053372,2.2701
0.053376,2.0125
0.05338,2.1734999999999998
0.053384,2.1090999999999998
0.053388,2.2701
0.053392,2.3345
0.053396,2.5116
0.0534,2.7853
0.053404,3.0911999999999997
0.053408,3.1073
0.053412,3.2361
0.053416,3.0751
0.05342,2.7692
0.053424,2.3667
0.053428,2.5116
0.053432,2.6887
0.053436,2.4472
0.05344,2.3023
0.053444,2.0768999999999997
0.053448,2.1252
0.053452,2.3184
0.053456,2.2379
0.05346,2.2701
0.053464,2.3989
0.053468,2.5599
0.053472,2.7692
0.053476,2.7853
0.05348,2.8497
0.053484,2.9946
0.053488,3.1555999999999997
0.053492,3.0429
0.053496,3.0751
0.0535,2.737
0.053504,2.5599
0.053508,2.254
0.053512,2.3828
0.053516,2.2701
0.05352,2.1574
0.053524,2.1896
0.053528,2.0768999999999997
0.053532,2.1734999999999998
0.053536,2.3828
0.05354,2.4311
0.053544,2.737
0.053548,3.0268
0.053552,2.9785
0.053556,2.8014
0.05356,3.0429
0.053564,2.7853
0.053568,2.7209
0.053572,2.737
0.053576,2.6565
0.05358,2.5599
0.053584,2.4311
0.053588,2.3184
0.053592,2.2701
0.053596,2.1574
0.0536,2.0608
0.053604,2.1252
0.053608,2.254
0.053612,2.4472
0.053616,2.576
0.05362,2.8175
0.053624,2.9624
0.053628,2.898
0.053632,2.9624
0.053636,2.9463
0.05364,2.7531
0.053644,2.6887
0.053648,2.5438
0.053652,2.3667
0.053656,2.4794
0.05366,2.3184
0.053664,2.254
0.053668,2.2218
0.053672,2.1734999999999998
0.053676,2.0768999999999997
0.05368,2.1896
0.053684,2.1734999999999998
0.053688,2.3667
0.053692,2.8336
0.053696,2.7209
0.0537,2.7853
0.053704,2.8175
0.053708,2.9463
0.053712,2.9302
0.053716,2.7853
0.05372,2.4472
0.053724,2.5116
0.053728,2.4955
0.053732,2.4472
0.053736,2.3023
0.05374,2.254
0.053744,1.9642
0.053748,2.0125
0.053752,2.1574
0.053756,2.2701
0.05376,2.3667
0.053764,2.5116
0.053768,2.737
0.053772,2.9785
0.053776,2.8658
0.05378,2.737
0.053784,2.8336
0.053788,2.7531
0.053792,2.7048
0.053796,2.7209
0.0538,2.7209
0.053804,2.6404
0.053808,2.576
0.053812,2.1412999999999998
0.053816,2.0768999999999997
0.05382,2.0447
0.053824,2.0447
0.053828,2.2056999999999998
0.053832,2.5277
0.053836,2.6565
0.05384,2.6404
0.053844,2.7531
0.053848,2.8175
0.053852,2.8819
0.053856,2.8658
0.05386,2.7692
0.053864,2.576
0.053868,2.8497
0.053872,2.6565
0.053876,2.3023
0.05388,2.3345
0.053884,2.0768999999999997
0.053888,2.1896
0.053892,2.1412999999999998
0.053896,2.0608
0.0539,1.9964
0.053904,2.4633
0.053908,2.7048
0.053912,2.9785
0.053916,2.7531
0.05392,2.9141
0.053924,3.0429
0.053928,2.8497
0.053932,2.9302
0.053936,2.6082
0.05394,2.3989
0.053944,2.6243
0.053948,2.6726
0.053952,2.5277
0.053956,2.2218
0.05396,2.1574
0.053964,2.0608
0.053968,1.932
0.053972,2.1574
0.053976,2.3828
0.05398,2.3184
0.053984,2.4633
0.053988,2.4794
0.053992,2.5438
0.053996,2.9302
0.054,3.1233999999999997
0.054004,2.6243
0.054008,2.6404
0.054012,2.7209
0.054016,2.576
0.05402,2.3667
0.054024,2.3989
0.054028,2.3023
0.054032,2.254
0.054036,2.1734999999999998
0.05404,2.0768999999999997
0.054044,2.1090999999999998
0.054048,2.093
0.054052,2.4311
0.054056,2.7209
0.05406,2.6887
0.054064,2.7692
0.054068,2.6404
0.054072,2.9785
0.054076,3.2361
0.05408,2.9463
0.054084,2.7209
0.054088,2.8336
0.054092,2.6565
0.054096,2.3989
0.0541,2.3828
0.054104,2.2056999999999998
0.054108,1.8515
0.054112,2.0125
0.054116,1.9481
0.05412,2.0768999999999997
0.054124,2.2701
0.054128,2.4794
0.054132,2.737
0.054136,2.7531
0.05414,2.9302
0.054144,3.1073
0.054148,2.9302
0.054152,2.8497
0.054156,2.7692
0.05416,2.6887
0.054164,2.6404
0.054168,2.5116
0.054172,2.3828
0.054176,2.3345
0.05418,1.9803
0.054184,2.0125
0.054188,2.0608
0.054192,2.1412999999999998
0.054196,2.3184
0.0542,2.4633
0.054204,2.6243
0.054208,2.8658
0.054212,2.6243
0.054216,2.9463
0.05422,3.0911999999999997
0.054224,2.898
0.054228,2.576
0.054232,2.4794
0.054236,2.8336
0.05424,2.5116
0.054244,2.254
0.054248,2.2218
0.054252,2.0768999999999997
0.054256,2.1734999999999998
0.05426,2.0768999999999997
0.054264,2.0125
0.054268,2.1734999999999998
0.054272,2.2056999999999998
0.054276,2.5116
0.05428,2.6887
0.054284,2.9302
0.054288,3.2039
0.054292,3.2199999999999998
0.054296,2.6887
0.0543,2.8336
0.054304,2.7692
0.054308,2.7048
0.054312,2.4794
0.054316,2.2056999999999998
0.05432,2.1574
0.054324,2.2701
0.054328,2.0286
0.054332,1.7871
0.054336,1.9642
0.05434,2.3345
0.054344,2.6404
0.054348,2.4311
0.054352,2.4794
0.054356,2.6726
0.05436,2.7209
0.054364,2.7853
0.054368,2.8497
0.054372,2.8658
0.054376,2.4633
0.05438,2.5116
0.054384,2.576
0.054388,2.4794
0.054392,2.2701
0.054396,1.9642
0.0544,1.8837
0.054404,1.9803
0.054408,2.2056999999999998
0.054412,2.3345
0.054416,2.4794
0.05442,2.6887
0.054424,2.6243
0.054428,2.5438
0.054432,3.0268
0.054436,3.2683
0.05444,2.9141
0.054444,2.9302
0.054448,2.8497
0.054452,2.6887
0.054456,2.6243
0.05446,2.4633
0.054464,2.254
0.054468,1.9964
0.054472,2.1574
0.054476,2.1412999999999998
0.05448,2.1896
0.054484,2.1412999999999998
0.054488,2.254
0.054492,2.5921
0.054496,2.6726
0.0545,2.7531
0.054504,2.8175
0.054508,2.9785
0.054512,2.9302
0.054516,2.7853
0.05452,2.8175
0.054524,2.9302
0.054528,2.6404
0.054532,2.5921
0.054536,2.415
0.05454,2.2056999999999998
0.054544,2.1090999999999998
0.054548,2.1896
0.054552,2.0768999999999997
0.054556,2.1896
0.05456,2.1412999999999998
0.054564,2.3506
0.054568,2.6565
0.054572,2.6404
0.054576,2.6243
0.05458,2.737
0.054584,3.0268
0.054588,3.2039
0.054592,3.059
0.054596,2.8336
0.0546,2.6243
0.054604,2.576
0.054608,2.254
0.054612,2.0447
0.054616,2.1734999999999998
0.05462,2.093
0.054624,1.9803
0.054628,2.093
0.054632,2.254
0.054636,2.5438
0.05464,2.8336
0.054644,2.6726
0.054648,2.7692
0.054652,2.9463
0.054656,2.9302
0.05466,2.9624
0.054664,2.9463
0.054668,2.6243
0.054672,2.415
0.054676,2.5116
0.05468,2.3506
0.054684,2.2701
0.054688,2.2379
0.054692,2.0125
0.054696,2.0608
0.0547,2.1412999999999998
0.054704,2.1896
0.054708,2.3506
0.054712,2.2862
0.054716,2.5599
0.05472,2.8336
0.054724,2.7853
0.054728,2.8658
0.054732,2.9463
0.054736,2.9141
0.05474,2.9463
0.054744,2.7209
0.054748,2.4472
0.054752,2.4794
0.054756,2.3828
0.05476,2.3184
0.054764,2.093
0.054768,1.9964
0.054772,2.0125
0.054776,2.0447
0.05478,2.5599
0.054784,2.6404
0.054788,2.576
0.054792,3.2199999999999998
0.054796,2.9946
0.0548,2.8658
0.054804,2.7048
0.054808,2.4633
0.054812,2.576
0.054816,2.5277
0.05482,2.415
0.054824,2.4633
0.054828,2.3345
0.054832,2.1896
0.054836,2.093
0.05484,1.9642
0.054844,2.0768999999999997
0.054848,2.3506
0.054852,2.415
0.054856,2.5438
0.05486,2.7853
0.054864,2.8336
0.054868,2.9946
0.054872,2.7048
0.054876,2.6082
0.05488,2.7209
0.054884,2.8819
0.054888,2.5921
0.054892,2.5921
0.054896,2.3506
0.0549,2.093
0.054904,2.1252
0.054908,2.0447
0.054912,2.0447
0.054916,2.093
0.05492,2.3184
0.054924,2.4794
0.054928,2.5438
0.054932,2.6887
0.054936,2.8497
0.05494,3.1877999999999997
0.054944,2.9785
0.054948,3.1877999999999997
0.054952,2.9141
0.054956,2.4311
0.05496,2.6565
0.054964,2.576
0.054968,2.254
0.054972,2.093
0.054976,2.093
0.05498,2.093
0.054984,1.9642
0.054988,2.1090999999999998
0.054992,2.1896
0.054996,2.4794
0.055,2.6243
0.055004,2.7209
0.055008,2.6887
0.055012,2.8658
0.055016,2.6887
0.05502,2.6887
0.055024,2.5921
0.055028,2.4633
0.055032,2.6243
0.055036,2.3345
0.05504,2.2701
0.055044,2.4633
0.055048,2.0286
0.055052,2.1090999999999998
0.055056,2.0286
0.05506,2.3828
0.055064,2.0768999999999997
0.055068,2.4472
0.055072,2.3828
0.055076,2.576
0.05508,2.7853
0.055084,2.898
0.055088,2.8497
0.055092,2.6887
0.055096,2.7209
0.0551,2.6243
0.055104,2.5599
0.055108,2.4311
0.055112,2.4311
0.055116,2.1412999999999998
0.05512,2.0286
0.055124,2.1574
0.055128,2.0125
0.055132,2.3184
0.055136,2.4472
0.05514,2.5599
0.055144,2.5438
0.055148,2.6082
0.055152,2.6887
0.055156,3.1717
0.05516,2.9463
0.055164,2.9302
0.055168,2.7531
0.055172,2.737
0.055176,2.5277
0.05518,2.5116
0.055184,2.3506
0.055188,2.1896
0.055192,2.0608
0.055196,2.0125
0.0552,2.1252
0.055204,2.2379
0.055208,2.3184
0.055212,2.6565
0.055216,2.6726
0.05522,2.7531
0.055224,3.2199999999999998
0.055228,2.9463
0.055232,2.8658
0.055236,2.7209
0.05524,2.8175
0.055244,2.4955
0.055248,2.3989
0.055252,2.3345
0.055256,2.1574
0.05526,2.1574
0.055264,1.932
0.055268,2.0608
0.055272,2.2218
0.055276,2.3828
0.05528,2.4633
0.055284,2.6404
0.055288,2.7853
0.055292,2.9624
0.055296,2.9785
0.0553,2.9946
0.055304,2.9785
0.055308,2.7853
0.055312,2.576
0.055316,2.5438
0.05532,2.4955
0.055324,2.4794
0.055328,2.1574
0.055332,2.093
0.055336,2.0286
0.05534,2.2701
0.055344,2.2862
0.055348,2.2862
0.055352,2.415
0.055356,2.4794
0.05536,2.6243
0.055364,3.0107
0.055368,3.0107
0.055372,3.0751
0.055376,2.9463
0.05538,3.0268
0.055384,2.6565
0.055388,2.6082
0.055392,2.4472
0.055396,2.4311
0.0554,2.3506
0.055404,2.3023
0.055408,2.1734999999999998
0.055412,2.1090999999999998
0.055416,2.1090999999999998
0.05542,2.2701
0.055424,2.7531
0.055428,2.6887
0.055432,2.5438
0.055436,2.7209
0.05544,2.9463
0.055444,2.9785
0.055448,3.0429
0.055452,2.8336
0.055456,2.5599
0.05546,2.4794
0.055464,2.4633
0.055468,2.4311
0.055472,2.3184
0.055476,2.254
0.05548,2.1252
0.055484,2.2056999999999998
0.055488,2.1734999999999998
0.055492,2.2379
0.055496,2.4633
0.0555,2.898
0.055504,2.8497
0.055508,2.9302
0.055512,2.9141
0.055516,2.7853
0.05552,2.6565
0.055524,2.6565
0.055528,2.5921
0.055532,2.4633
0.055536,2.4794
0.05554,2.5438
0.055544,2.4311
0.055548,2.3345
0.055552,2.1734999999999998
0.055556,2.0768999999999997
0.05556,2.2056999999999998
0.055564,2.3667
0.055568,2.4472
0.055572,2.5116
0.055576,2.7531
0.05558,3.0268
0.055584,3.0268
0.055588,3.1717
0.055592,2.9463
0.055596,2.9302
0.0556,2.8175
0.055604,2.6565
0.055608,2.6404
0.055612,2.5599
0.055616,2.3989
0.05562,2.2218
0.055624,2.3184
0.055628,2.2862
0.055632,2.3828
0.055636,2.4311
0.05564,2.3667
0.055644,2.5438
0.055648,2.7531
0.055652,2.8658
0.055656,3.0751
0.05566,3.1395
0.055664,3.1555999999999997
0.055668,2.7853
0.055672,2.7209
0.055676,2.7209
0.05568,2.8497
0.055684,2.6887
0.055688,2.4633
0.055692,2.3345
0.055696,2.2379
0.0557,2.2701
0.055704,2.1734999999999998
0.055708,2.3828
0.055712,2.5921
0.055716,2.8819
0.05572,2.7531
0.055724,2.7048
0.055728,2.8497
0.055732,3.0751
0.055736,3.1073
0.05574,2.9946
0.055744,2.7209
0.055748,2.5116
0.055752,2.576
0.055756,2.6565
0.05576,2.6887
0.055764,2.3184
0.055768,2.3506
0.055772,2.3184
0.055776,2.3506
0.05578,2.4472
0.055784,2.6565
0.055788,2.7531
0.055792,3.0751
0.055796,3.1395
0.0558,2.9785
0.055804,2.9463
0.055808,3.1717
0.055812,3.2199999999999998
0.055816,2.9785
0.05582,2.5921
0.055824,2.7531
0.055828,2.7209
0.055832,2.6404
0.055836,2.5599
0.05584,2.5277
0.055844,2.4955
0.055848,2.4633
0.055852,2.3989
0.055856,2.4311
0.05586,2.6887
0.055864,2.8175
0.055868,2.7531
0.055872,3.0268
0.055876,3.1233999999999997
0.05588,3.0268
0.055884,2.9302
0.055888,2.9946
0.055892,2.8014
0.055896,2.7853
0.0559,2.9624
0.055904,2.8497
0.055908,2.4472
0.055912,2.4794
0.055916,2.3828
0.05592,2.3828
0.055924,2.4633
0.055928,2.4955
0.055932,2.4311
0.055936,2.6887
0.05594,2.9624
0.055944,2.9141
0.055948,2.9624
0.055952,3.0429
0.055956,3.2361
0.05596,3.1877999999999997
0.055964,3.1395
0.055968,2.9302
0.055972,2.8658
0.055976,2.8175
0.05598,2.5438
0.055984,2.5116
0.055988,2.6082
0.055992,2.5277
0.055996,2.4472
0.056,2.3989
0.056004,2.3667
0.056008,2.5599
0.056012,2.5438
0.056016,2.6887
0.05602,2.8497
0.056024,3.0429
0.056028,3.0429
0.056032,3.0911999999999997
0.056036,3.0751
0.05604,3.0751
0.056044,2.9624
0.056048,2.8497
0.056052,2.6726
0.056056,2.9946
0.05606,2.6887
0.056064,2.3667
0.056068,2.3506
0.056072,2.415
0.056076,2.4472
0.05608,2.6082
0.056084,2.6404
0.056088,2.7048
0.056092,2.6726
0.056096,2.8336
0.0561,2.8175
0.056104,2.9463
0.056108,3.0268
0.056112,3.0268
0.056116,3.0268
0.05612,2.9785
0.056124,2.8658
0.056128,3.0107
0.056132,2.8819
0.056136,2.6082
0.05614,2.5438
0.056144,2.5599
0.056148,2.5599
0.056152,2.415
0.056156,2.3506
0.05616,2.576
0.056164,2.6887
0.056168,2.8175
0.056172,2.9463
0.056176,3.059
0.05618,3.0429
0.056184,3.0107
0.056188,3.4132
0.056192,3.4293
0.056196,3.2039
0.0562,2.9624
0.056204,2.7853
0.056208,2.8658
0.056212,2.737
0.056216,2.5921
0.05622,2.4794
0.056224,2.3828
0.056228,2.4311
0.056232,2.737
0.056236,2.8175
0.05624,2.7692
0.056244,2.6887
0.056248,3.0268
0.056252,3.1877999999999997
0.056256,3.2683
0.05626,3.1717
0.056264,3.2843999999999998
0.056268,3.2039
0.056272,2.9785
0.056276,2.9463
0.05628,2.9785
0.056284,3.0751
0.056288,2.8497
0.056292,2.6243
0.056296,2.3667
0.0563,2.6082
0.056304,2.6082
0.056308,2.7048
0.056312,2.7209
0.056316,2.8497
0.05632,2.7531
0.056324,2.7692
0.056328,3.1395
0.056332,2.9302
0.056336,2.898
0.05634,3.2683
0.056344,3.4454
0.056348,3.1555999999999997
0.056352,2.8175
0.056356,2.7531
0.05636,2.8175
0.056364,2.8497
0.056368,2.8014
0.056372,2.576
0.056376,2.4955
0.05638,2.6243
0.056384,2.6243
0.056388,2.7209
0.056392,2.8014
0.056396,2.9302
0.0564,2.8497
0.056404,2.9785
0.056408,3.1233999999999997
0.056412,3.1395
0.056416,3.2521999999999998
0.05642,3.3487999999999998
0.056424,3.1717
0.056428,3.0107
0.056432,2.9141
0.056436,2.898
0.05644,2.898
0.056444,2.8497
0.056448,2.8175
0.056452,2.6243
0.056456,2.4955
0.05646,2.576
0.056464,2.6887
0.056468,2.7209
0.056472,2.7853
0.056476,2.898
0.05648,3.0429
0.056484,3.2199999999999998
0.056488,3.2683
0.056492,3.1555999999999997
0.056496,3.1073
0.0565,3.1395
0.056504,3.0911999999999997
0.056508,3.1073
0.056512,3.0268
0.056516,2.8175
0.05652,2.737
0.056524,2.8014
0.056528,2.7048
0.056532,2.5438
0.056536,2.4472
0.05654,2.6082
0.056544,2.6887
0.056548,2.8175
0.056552,2.9946
0.056556,2.9463
0.05656,2.9624
0.056564,3.0751
0.056568,3.2683
0.056572,3.2039
0.056576,3.0429
0.05658,3.1717
0.056584,3.2361
0.056588,3.0107
0.056592,2.7531
0.056596,2.7853
0.0566,2.7531
0.056604,2.6565
0.056608,2.3989
0.056612,2.3828
0.056616,2.415
0.05662,2.5921
0.056624,2.6243
0.056628,2.8497
0.056632,3.0107
0.056636,3.1233999999999997
0.05664,3.0268
0.056644,3.1555999999999997
0.056648,3.2683
0.056652,3.1717
0.056656,3.1233999999999997
0.05666,2.7853
0.056664,2.8175
0.056668,2.737
0.056672,2.7048
0.056676,2.8175
0.05668,2.5921
0.056684,2.576
0.056688,2.5277
0.056692,2.576
0.056696,2.576
0.0567,2.7531
0.056704,2.737
0.056708,2.7692
0.056712,2.7853
0.056716,2.9946
0.05672,3.2039
0.056724,3.2199999999999998
0.056728,3.1717
0.056732,3.2683
0.056736,3.1233999999999997
0.05674,3.1877999999999997
0.056744,3.0751
0.056748,2.7531
0.056752,2.6565
0.056756,2.5277
0.05676,2.7048
0.056764,2.5277
0.056768,2.4794
0.056772,2.5438
0.056776,2.5921
0.05678,2.6243
0.056784,2.8658
0.056788,2.9785
0.056792,2.9141
0.056796,3.1877999999999997
0.0568,3.1717
0.056804,3.2683
0.056808,3.1395
0.056812,3.2683
0.056816,3.0751
0.05682,3.059
0.056824,2.8497
0.056828,3.0429
0.056832,2.8175
0.056836,2.737
0.05684,2.6726
0.056844,2.576
0.056848,2.5438
0.056852,2.5921
0.056856,2.6887
0.05686,2.737
0.056864,2.6887
0.056868,2.8336
0.056872,3.2843999999999998
0.056876,3.2361
0.05688,3.1395
0.056884,3.1395
0.056888,3.2683
0.056892,3.2199999999999998
0.056896,3.3005
0.0569,3.1233999999999997
0.056904,3.059
0.056908,3.0268
0.056912,2.8175
0.056916,2.7209
0.05692,2.7048
0.056924,2.6726
0.056928,2.5277
0.056932,2.4955
0.056936,2.5921
0.05694,2.8497
0.056944,2.8658
0.056948,2.9624
0.056952,3.1395
0.056956,3.3327
0.05696,3.2521999999999998
0.056964,3.1395
0.056968,3.1395
0.056972,3.3005
0.056976,3.1395
0.05698,3.0429
0.056984,3.0268
0.056988,2.898
0.056992,2.8658
0.056996,2.7692
0.057,2.6726
0.057004,2.5921
0.057008,2.5277
0.057012,2.4311
0.057016,2.5438
0.05702,2.7853
0.057024,3.1717
0.057028,3.059
0.057032,3.2843999999999998
0.057036,3.2361
0.05704,3.059
0.057044,3.3327
0.057048,3.381
0.057052,3.1395
0.057056,3.0911999999999997
0.05706,3.0268
0.057064,2.7853
0.057068,2.7853
0.057072,2.7853
0.057076,2.5921
0.05708,2.6404
0.057084,2.6565
0.057088,2.4633
0.057092,2.415
0.057096,2.4311
0.0571,2.6082
0.057104,2.8497
0.057108,2.9302
0.057112,3.1073
0.057116,3.0429
0.05712,3.2521999999999998
0.057124,3.4615
0.057128,3.4293
0.057132,3.4293
0.057136,3.2199999999999998
0.05714,3.1877999999999997
0.057144,3.059
0.057148,2.6082
0.057152,2.7692
0.057156,2.6243
0.05716,2.8175
0.057164,2.6243
0.057168,2.6082
0.057172,2.576
0.057176,2.737
0.05718,2.8014
0.057184,2.9946
0.057188,3.1233999999999997
0.057192,3.1395
0.057196,2.9624
0.0572,3.0911999999999997
0.057204,3.2843999999999998
0.057208,3.4293
0.057212,3.3005
0.057216,3.1073
0.05722,3.1555999999999997
0.057224,2.9624
0.057228,2.6243
0.057232,2.6404
0.057236,2.7531
0.05724,2.6082
0.057244,2.4472
0.057248,2.3345
0.057252,2.6565
0.057256,2.6082
0.05726,2.9624
0.057264,3.0107
0.057268,3.0268
0.057272,3.1877999999999997
0.057276,3.0911999999999997
0.05728,3.0751
0.057284,3.2199999999999998
0.057288,3.4132
0.057292,3.4132
0.057296,3.2039
0.0573,3.0268
0.057304,3.1717
0.057308,3.0107
0.057312,2.9302
0.057316,2.7531
0.05732,2.737
0.057324,2.7692
0.057328,2.576
0.057332,2.4633
0.057336,2.4633
0.05734,2.5277
0.057344,2.8658
0.057348,2.9785
0.057352,3.0107
0.057356,2.9624
0.05736,3.2361
0.057364,3.5903
0.057368,3.3971
0.057372,3.3649
0.057376,3.2361
0.05738,3.1717
0.057384,3.1555999999999997
0.057388,2.8658
0.057392,2.7692
0.057396,2.9141
0.0574,2.9463
0.057404,2.7531
0.057408,2.6082
0.057412,2.5438
0.057416,2.737
0.05742,2.6887
0.057424,2.737
0.057428,2.7692
0.057432,2.8336
0.057436,3.0751
0.05744,3.2521999999999998
0.057444,3.059
0.057448,3.2843999999999998
0.057452,3.2843999999999998
0.057456,3.3487999999999998
0.05746,3.4937
0.057464,3.2199999999999998
0.057468,2.8014
0.057472,2.7853
0.057476,2.8819
0.05748,2.737
0.057484,2.5921
0.057488,2.3023
0.057492,2.4633
0.057496,2.4955
0.0575,2.5921
0.057504,2.5921
0.057508,2.8658
0.057512,2.9624
0.057516,3.0268
0.05752,3.2843999999999998
0.057524,3.3005
0.057528,3.6225
0.057532,3.4937
0.057536,3.3165999999999998
0.05754,3.1233999999999997
0.057544,2.9946
0.057548,3.1395
0.057552,2.737
0.057556,2.5921
0.05756,2.6404
0.057564,2.6565
0.057568,2.5438
0.057572,2.576
0.057576,2.3989
0.05758,2.7209
0.057584,2.7048
0.057588,2.8175
0.057592,2.9624
0.057596,2.8658
0.0576,2.9946
0.057604,3.1073
0.057608,3.3327
0.057612,3.3487999999999998
0.057616,3.3005
0.05762,3.3005
0.057624,3.1717
0.057628,3.0751
0.057632,2.898
0.057636,2.8336
0.05764,2.8175
0.057644,2.9302
0.057648,2.8175
0.057652,2.6082
0.057656,2.6887
0.05766,2.6726
0.057664,2.6082
0.057668,2.7048
0.057672,2.8658
0.057676,3.2039
0.05768,3.3649
0.057684,3.2843999999999998
0.057688,2.9946
0.057692,3.1717
0.057696,3.3649
0.0577,3.2361
0.057704,3.0268
0.057708,2.9302
0.057712,2.9141
0.057716,2.9141
0.05772,2.7692
0.057724,2.4955
0.057728,2.3828
0.057732,2.4955
0.057736,2.5277
0.05774,2.5116
0.057744,2.737
0.057748,2.8819
0.057752,2.8658
0.057756,2.9141
0.05776,2.8336
0.057764,3.059
0.057768,3.2683
0.057772,3.3327
0.057776,3.381
0.05778,3.2361
0.057784,3.2361
0.057788,3.0107
0.057792,2.9463
0.057796,2.8497
0.0578,2.6404
0.057804,2.7692
0.057808,2.5277
0.057812,2.4472
0.057816,2.5277
0.05782,2.6565
0.057824,2.6565
0.057828,2.7531
0.057832,2.8497
0.057836,2.898
0.05784,3.1395
0.057844,3.2199999999999998
0.057848,3.2683
0.057852,3.4454
0.057856,3.5098
0.05786,3.0107
0.057864,2.7531
0.057868,3.0751
0.057872,2.8014
0.057876,2.6404
0.05788,2.4955
0.057884,2.4794
0.057888,2.6565
0.057892,2.415
0.057896,2.5116
0.0579,2.4955
0.057904,2.6404
0.057908,2.9302
0.057912,2.7209
0.057916,2.8819
0.05792,3.1395
0.057924,3.2521999999999998
0.057928,3.2039
0.057932,3.3165999999999998
0.057936,3.2843999999999998
0.05794,3.1877999999999997
0.057944,3.0107
0.057948,3.0751
0.057952,3.1877999999999997
0.057956,3.1233999999999997
0.05796,2.8497
0.057964,2.4633
0.057968,2.4794
0.057972,2.5599
0.057976,2.4794
0.05798,2.6082
0.057984,2.4472
0.057988,2.6726
0.057992,2.8497
0.057996,2.8819
0.058,2.9785
0.058004,2.8658
0.058008,3.2039
0.058012,3.2521999999999998
0.058016,3.2843999999999998
0.05802,3.2521999999999998
0.058024,3.3327
0.058028,3.1555999999999997
0.058032,3.059
0.058036,3.0268
0.05804,2.8175
0.058044,2.6726
0.058048,2.5921
0.058052,2.737
0.058056,2.6082
0.05806,2.4472
0.058064,2.4472
0.058068,2.6243
0.058072,2.7692
0.058076,2.7692
0.05808,2.9624
0.058084,3.4454
0.058088,3.4776
0.058092,3.5098
0.058096,3.6064
0.0581,3.2039
0.058104,3.1717
0.058108,2.9785
0.058112,2.6404
0.058116,2.6887
0.05812,2.9785
0.058124,2.7692
0.058128,2.4472
0.058132,2.3828
0.058136,2.4794
0.05814,2.3989
0.058144,2.3667
0.058148,2.5277
0.058152,2.6404
0.058156,2.7531
0.05816,3.0429
0.058164,3.2039
0.058168,3.1717
0.058172,3.1555999999999997
0.058176,3.3165999999999998
0.05818,3.3165999999999998
0.058184,3.4937
0.058188,3.4615
0.058192,3.2039
0.058196,2.8819
0.0582,2.9785
0.058204,2.8175
0.058208,2.6404
0.058212,2.3828
0.058216,2.3828
0.05822,2.4633
0.058224,2.5116
0.058228,2.4633
0.058232,2.6404
0.058236,2.8014
0.05824,3.0429
0.058244,3.0268
0.058248,3.1877999999999997
0.058252,3.2843999999999998
0.058256,3.3165999999999998
0.05826,3.3005
0.058264,3.5742
0.058268,3.3165999999999998
0.058272,3.0429
0.058276,2.8336
0.05828,2.9463
0.058284,2.5599
0.058288,2.4794
0.058292,2.576
0.058296,2.5438
0.0583,2.3989
0.058304,2.3828
0.058308,2.4794
0.058312,2.737
0.058316,2.9302
0.05832,2.9463
0.058324,3.1073
0.058328,2.9302
0.058332,3.1073
0.058336,3.2039
0.05834,3.4132
0.058344,3.3327
0.058348,3.2843999999999998
0.058352,3.2361
0.058356,3.1395
0.05836,2.9463
0.058364,2.6726
0.058368,2.5599
0.058372,2.5921
0.058376,2.4633
0.05838,2.2056999999999998
0.058384,2.4955
0.058388,2.4472
0.058392,2.5921
0.058396,2.6887
0.0584,2.9463
0.058404,3.1717
0.058408,3.3005
0.058412,3.4132
0.058416,3.4454
0.05842,3.1717
0.058424,3.381
0.058428,3.2683
0.058432,3.0107
0.058436,2.5921
0.05844,2.8336
0.058444,2.737
0.058448,2.7853
0.058452,2.5438
0.058456,2.4633
0.05846,2.5921
0.058464,2.5921
0.058468,2.5277
0.058472,2.6243
0.058476,2.7209
0.05848,2.9302
0.058484,3.1395
0.058488,3.059
0.058492,3.1877999999999997
0.058496,3.3971
0.0585,3.4615
0.058504,3.3487999999999998
0.058508,3.1877999999999997
0.058512,3.1877999999999997
0.058516,3.2521999999999998
0.05852,3.1877999999999997
0.058524,2.8175
0.058528,2.415
0.058532,2.3989
0.058536,2.5116
0.05854,2.5277
0.058544,2.5438
0.058548,2.4472
0.058552,2.576
0.058556,2.6082
0.05856,3.0107
0.058564,3.0107
0.058568,3.1395
0.058572,3.4293
0.058576,3.1877999999999997
0.05858,3.2039
0.058584,3.4293
0.058588,3.1877999999999997
0.058592,3.3005
0.058596,3.3005
0.0586,2.9946
0.058604,2.7853
0.058608,2.576
0.058612,2.4955
0.058616,2.5921
0.05862,2.5921
0.058624,2.4633
0.058628,2.4955
0.058632,2.8014
0.058636,2.6404
0.05864,2.7048
0.058644,2.8819
0.058648,3.1233999999999997
0.058652,3.2521999999999998
0.058656,3.5742
0.05866,3.3327
0.058664,3.3971
0.058668,3.3649
0.058672,3.4132
0.058676,3.2521999999999998
0.05868,2.9302
0.058684,2.8497
0.058688,2.6404
0.058692,2.7048
0.058696,2.5438
0.0587,2.5277
0.058704,2.4633
0.058708,2.415
0.058712,2.5116
0.058716,2.9624
0.05872,2.9463
0.058724,3.1555999999999997
0.058728,3.0911999999999997
0.058732,3.0911999999999997
0.058736,3.381
0.05874,3.2683
0.058744,3.3165999999999998
0.058748,3.3971
0.058752,3.3005
0.058756,3.381
0.05876,3.2039
0.058764,2.7853
0.058768,2.5599
0.058772,2.5116
0.058776,2.6565
0.05878,2.7692
0.058784,2.6726
0.058788,2.6243
0.058792,2.5277
0.058796,2.5921
0.0588,2.737
0.058804,3.0268
0.058808,3.0911999999999997
0.058812,3.2199999999999998
0.058816,3.3971
0.05882,3.1877999999999997
0.058824,3.0107
0.058828,3.3005
0.058832,3.4776
0.058836,3.0268
0.05884,2.898
0.058844,2.7531
0.058848,2.7692
0.058852,2.7531
0.058856,2.6887
0.05886,2.5599
0.058864,2.6887
0.058868,2.7853
0.058872,2.5277
0.058876,2.7209
0.05888,2.8336
0.058884,3.0107
0.058888,3.1233999999999997
0.058892,3.1717
0.058896,3.5098
0.0589,3.2361
0.058904,3.2039
0.058908,3.2843999999999998
0.058912,3.2199999999999998
0.058916,3.1717
0.05892,3.1555999999999997
0.058924,2.8014
0.058928,2.7048
0.058932,2.7048
0.058936,2.5438
0.05894,2.5438
0.058944,2.5277
0.058948,2.5599
0.058952,2.5599
0.058956,2.6082
0.05896,2.8175
0.058964,3.2039
0.058968,3.1555999999999997
0.058972,3.1395
0.058976,3.3165999999999998
0.05898,3.4776
0.058984,3.4293
0.058988,3.2361
0.058992,3.0751
0.058996,3.2521999999999998
0.059,3.1233999999999997
0.059004,2.9463
0.059008,2.8014
0.059012,2.8175
0.059016,2.8497
0.05902,2.6082
0.059024,2.3667
0.059028,2.2862
0.059032,2.576
0.059036,2.7048
0.05904,2.737
0.059044,2.9624
0.059048,3.1395
0.059052,3.2039
0.059056,3.3487999999999998
0.05906,3.0911999999999997
0.059064,3.3487999999999998
0.059068,3.4454
0.059072,3.1717
0.059076,3.059
0.05908,2.9946
0.059084,2.898
0.059088,2.9463
0.059092,2.7209
0.059096,2.6726
0.0591,2.5277
0.059104,2.415
0.059108,2.254
0.059112,2.4472
0.059116,2.5921
0.05912,2.8014
0.059124,2.8819
0.059128,2.8819
0.059132,3.0911999999999997
0.059136,3.3005
0.05914,3.1073
0.059144,3.1395
0.059148,3.1717
0.059152,3.4615
0.059156,3.2683
0.05916,3.1073
0.059164,3.0107
0.059168,2.898
0.059172,2.7209
0.059176,2.6404
0.05918,2.6565
0.059184,2.5921
0.059188,2.5438
0.059192,2.4311
0.059196,2.5116
0.0592,2.7531
0.059204,3.0268
0.059208,3.1555999999999997
0.059212,3.1073
0.059216,3.0751
0.05922,3.3165999999999998
0.059224,3.2361
0.059228,3.1233999999999997
0.059232,3.1877999999999997
0.059236,3.4293
0.05924,3.2199999999999998
0.059244,2.8336
0.059248,2.7853
0.059252,2.7048
0.059256,2.6887
0.05926,2.7048
0.059264,2.4794
0.059268,2.4955
0.059272,2.3506
0.059276,2.5599
0.05928,2.8175
0.059284,2.9463
0.059288,3.1233999999999997
0.059292,3.2521999999999998
0.059296,3.059
0.0593,3.1877999999999997
0.059304,3.3971
0.059308,3.4776
0.059312,3.5581
0.059316,3.2361
0.05932,3.0429
0.059324,2.898
0.059328,2.8175
0.059332,2.8175
0.059336,2.7853
0.05934,2.576
0.059344,2.5116
0.059348,2.3506
0.059352,2.4633
0.059356,2.3828
0.05936,2.6082
0.059364,2.8336
0.059368,3.0429
0.059372,3.1395
0.059376,3.0429
0.05938,2.9141
0.059384,3.2361
0.059388,3.381
0.059392,3.1717
0.059396,2.9624
0.0594,2.9463
0.059404,3.0751
0.059408,2.7209
0.059412,2.6887
0.059416,2.8336
0.05942,2.5599
0.059424,2.4311
0.059428,2.3345
0.059432,2.5116
0.059436,2.7209
0.05944,2.7853
0.059444,2.8336
0.059448,2.9141
0.059452,3.2361
0.059456,3.2199999999999998
0.05946,3.3005
0.059464,3.4293
0.059468,3.2199999999999998
0.059472,3.1717
0.059476,3.1073
0.05948,2.9785
0.059484,2.9302
0.059488,2.9463
0.059492,2.8819
0.059496,2.576
0.0595,2.3023
0.059504,2.2218
0.059508,2.3184
0.059512,2.2701
0.059516,2.254
0.05952,2.6082
0.059524,2.8014
0.059528,2.9463
0.059532,2.9624
0.059536,2.8819
0.05954,2.9946
0.059544,3.2521999999999998
0.059548,3.2521999999999998
0.059552,3.1395
0.059556,3.2199999999999998
0.05956,3.2843999999999998
0.059564,3.1073
0.059568,2.6726
0.059572,2.6887
0.059576,2.8175
0.05958,2.8014
0.059584,2.6404
0.059588,2.3828
0.059592,2.3345
0.059596,2.4311
0.0596,2.6726
0.059604,2.7048
0.059608,2.8014
0.059612,3.1233999999999997
0.059616,3.3165999999999998
0.05962,3.3005
0.059624,3.5903
0.059628,3.4776
0.059632,3.4293
0.059636,3.3165999999999998
0.05964,3.2683
0.059644,3.2039
0.059648,3.059
0.059652,2.9463
0.059656,2.9302
0.05966,3.0751
0.059664,2.9463
0.059668,2.5599
0.059672,2.5599
0.059676,2.6565
0.05968,3.1233999999999997
0.059684,3.1073
0.059688,3.1555999999999997
0.059692,3.5903
0.059696,3.5098
0.0597,3.3487999999999998
0.059704,3.4293
0.059708,3.4937
0.059712,3.5581
0.059716,3.6386
0.05972,3.5581
0.059724,3.3487999999999998
0.059728,3.2361
0.059732,3.3649
0.059736,3.2843999999999998
0.05974,3.3005
0.059744,3.3005
0.059748,3.1717
0.059752,3.0911999999999997
0.059756,2.9785
0.05976,3.1073
0.059764,3.1073
0.059768,3.2521999999999998
0.059772,3.3487999999999998
0.059776,3.6708
0.05978,3.864
0.059784,3.8318
0.059788,3.7996
0.059792,3.7996
0.059796,3.8318
0.0598,3.8479
0.059804,3.7513
0.059808,3.5259
0.059812,3.4615
0.059816,3.3971
0.05982,3.3327
0.059824,3.1717
0.059828,3.0751
0.059832,3.1073
0.059836,3.2361
0.05984,3.1555999999999997
0.059844,3.381
0.059848,3.542
0.059852,3.6869
0.059856,3.542
0.05986,3.7352
0.059864,3.7835
0.059868,3.8479
0.059872,4.1699
0.059876,3.9928
0.05988,3.7513
0.059884,3.9606
0.059888,4.025
0.059892,3.8801
0.059896,3.7191
0.0599,3.6225
0.059904,3.5098
0.059908,3.4132
0.059912,3.3971
0.059916,3.2361
0.05992,3.3649
0.059924,3.542
0.059928,3.4776
0.059932,3.6708
0.059936,3.8801
0.05994,4.1377
0.059944,4.186
0.059948,4.3469999999999995
0.059952,4.2021
0.059956,4.4436
0.05996,4.5241
0.059964,4.2987
0.059968,4.0411
0.059972,3.703
0.059976,3.6386
0.05998,3.8962
0.059984,3.542
0.059988,3.6225
0.059992,3.7191
0.059996,3.5903
0.06,3.5742
0.060004,3.703
0.060008,3.6547
0.060012,3.8479
0.060016,4.1537999999999995
0.06002,4.1055
0.060024,4.0733
0.060028,4.025
0.060032,4.3309
0.060036,4.669
0.06004,4.6851
0.060044,4.6851
0.060048,4.1699
0.060052,4.1216
0.060056,4.2343
0.06006,4.1055
0.060064,3.9123
0.060068,3.5581
0.060072,3.4132
0.060076,3.4776
0.06008,3.5742
0.060084,3.6708
0.060088,3.7674
0.060092,3.8962
0.060096,3.9767
0.0601,4.0894
0.060104,4.6368
0.060108,4.7495
0.060112,4.8783
0.060116,4.3469999999999995
0.06012,4.2825999999999995
0.060124,4.4919
0.060128,4.508
0.060132,4.5402
0.060136,4.3953
0.06014,4.186
0.060144,4.0733
0.060148,3.8801
0.060152,3.9123
0.060156,3.7352
0.06016,3.7513
0.060164,3.7674
0.060168,3.7835
0.060172,3.8479
0.060176,4.1377
0.06018,4.2343
0.060184,4.3792
0.060188,4.4275
0.060192,4.6851
0.060196,4.6529
0.0602,4.6207
0.060204,4.6368
0.060208,4.7334
0.060212,4.4919
0.060216,4.4113999999999995
0.06022,4.0572
0.060224,4.1537999999999995
0.060228,3.9284
0.060232,3.8801
0.060236,3.7996
0.06024,3.8962
0.060244,3.8962
0.060248,4.0572
0.060252,4.0411
0.060256,4.1216
0.06026,4.2504
0.060264,4.4919
0.060268,4.6851
0.060272,4.83
0.060276,4.7817
0.06028,4.8461
0.060284,4.669
0.060288,4.6529
0.060292,4.7012
0.060296,4.7173
0.0603,4.5724
0.060304,4.2825999999999995
0.060308,4.025
0.060312,4.025
0.060316,3.9606
0.06032,4.1055
0.060324,4.0411
0.060328,3.8157
0.060332,3.8479
0.060336,4.1216
0.06034,4.3953
0.060344,4.6046
0.060348,4.6368
0.060352,4.7978
0.060356,4.9266
0.06036,5.0071
0.060364,4.9266
0.060368,4.7012
0.060372,4.6529
0.060376,4.3792
0.06038,4.3469999999999995
0.060384,4.3792
0.060388,4.1537999999999995
0.060392,3.9445
0.060396,3.9123
0.0604,3.864
0.060404,3.7996
0.060408,3.8801
0.060412,3.9445
0.060416,4.0411
0.06042,4.186
0.060424,4.6851
0.060428,4.8783
0.060432,4.7012
0.060436,4.8783
0.06044,4.8944
0.060444,4.7012
0.060448,4.7495
0.060452,4.7012
0.060456,4.7495
0.06046,4.6368
0.060464,4.1377
0.060468,4.2665
0.060472,4.3792
0.060476,4.186
0.06048,4.1216
0.060484,4.0089
0.060488,3.9123
0.060492,4.1377
0.060496,4.1699
0.0605,4.2665
0.060504,4.3469999999999995
0.060508,4.7012
0.060512,4.8461
0.060516,4.9427
0.06052,5.0554
0.060524,5.0715
0.060528,4.8944
0.060532,4.8944
0.060536,4.9427
0.06054,4.6046
0.060544,4.4275
0.060548,4.2987
0.060552,4.186
0.060556,4.2987
0.06056,4.1055
0.060564,3.9606
0.060568,4.0089
0.060572,4.186
0.060576,4.0572
0.06058,4.2343
0.060584,4.4275
0.060588,4.7495
0.060592,4.9427
0.060596,5.0393
0.0606,5.1198
0.060604,5.2646999999999995
0.060608,4.8461
0.060612,4.7978
0.060616,4.9105
0.06062,4.9105
0.060624,4.8622
0.060628,4.4758
0.060632,4.4919
0.060636,4.3469999999999995
0.06064,4.0894
0.060644,3.9123
0.060648,3.7352
0.060652,3.9445
0.060656,4.0733
0.06066,4.186
0.060664,4.2181999999999995
0.060668,4.4597
0.060672,4.6529
0.060676,4.7173
0.06068,4.9749
0.060684,5.1681
0.060688,5.2969
0.060692,5.3774
0.060696,5.4257
0.0607,5.0232
0.060704,4.8944
0.060708,4.4758
0.060712,4.3953
0.060716,4.4758
0.06072,4.2987
0.060724,4.1055
0.060728,3.9606
0.060732,3.8157
0.060736,4.1537999999999995
0.06074,4.025
0.060744,4.1537999999999995
0.060748,4.4275
0.060752,4.6207
0.060756,4.7656
0.06076,4.9105
0.060764,5.0071
0.060768,5.1359
0.060772,5.3452
0.060776,5.3613
0.06078,4.9105
0.060784,4.7656
0.060788,4.7173
0.060792,4.4919
0.060796,4.3792
0.0608,4.4436
0.060804,4.3309
0.060808,4.1216
0.060812,3.9928
0.060816,3.8801
0.06082,4.1699
0.060824,4.1537999999999995
0.060828,4.2021
0.060832,4.2987
0.060836,4.6529
0.06084,4.991
0.060844,4.991
0.060848,5.1037
0.060852,5.1359
0.060856,5.1198
0.06086,5.2808
0.060864,5.1842
0.060868,5.0554
0.060872,4.7817
0.060876,4.669
0.06088,4.5402
0.060884,4.3953
0.060888,3.9928
0.060892,3.8801
0.060896,4.025
0.0609,3.9767
0.060904,4.1377
0.060908,4.2665
0.060912,4.4275
0.060916,4.2987
0.06092,4.4113999999999995
0.060924,4.8461
0.060928,5.0554
0.060932,4.9588
0.060936,5.0232
0.06094,5.0715
0.060944,5.0554
0.060948,5.2486
0.060952,5.1359
0.060956,5.0071
0.06096,4.8461
0.060964,4.6529
0.060968,4.4436
0.060972,4.2504
0.060976,4.2504
0.06098,4.2504
0.060984,4.1216
0.060988,3.9767
0.060992,4.2021
0.060996,4.3148
0.061,4.5241
0.061004,4.5563
0.061008,4.8461
0.061012,5.1359
0.061016,5.1359
0.06102,5.152
0.061024,5.0715
0.061028,5.1198
0.061032,5.2486
0.061036,5.1198
0.06104,4.9427
0.061044,4.5563
0.061048,4.4919
0.061052,4.4113999999999995
0.061056,4.4758
0.06106,4.5724
0.061064,4.3309
0.061068,4.0089
0.061072,4.0894
0.061076,4.2181999999999995
0.06108,4.0411
0.061084,4.5402
0.061088,4.7817
0.061092,4.9588
0.061096,5.0232
0.0611,5.2646999999999995
0.061104,5.3290999999999995
0.061108,5.4578999999999995
0.061112,5.313
0.061116,5.2646999999999995
0.06112,5.0393
0.061124,4.8783
0.061128,4.7334
0.061132,4.6046
0.061136,4.4436
0.06114,4.6046
0.061144,4.4436
0.061148,4.2021
0.061152,3.9928
0.061156,4.0089
0.06116,3.9123
0.061164,4.2021
0.061168,4.3631
0.061172,4.7334
0.061176,4.8461
0.06118,4.8622
0.061184,5.1842
0.061188,5.6672
0.061192,5.6672
0.061196,5.4257
0.0612,5.1681
0.061204,4.7656
0.061208,4.7817
0.061212,4.5241
0.061216,4.4436
0.06122,4.4436
0.061224,4.3469999999999995
0.061228,4.1377
0.061232,3.9928
0.061236,3.7835
0.06124,3.9767
0.061244,4.2343
0.061248,4.3309
0.061252,4.5724
0.061256,4.8783
0.06126,4.8944
0.061264,4.9749
0.061268,5.0071
0.061272,5.3774
0.061276,5.635
0.06128,5.2969
0.061284,5.0876
0.061288,4.9427
0.061292,4.9588
0.061296,4.7817
0.0613,4.7656
0.061304,4.7012
0.061308,4.3309
0.061312,4.1699
0.061316,4.1537999999999995
0.06132,4.0894
0.061324,4.0572
0.061328,3.9606
0.061332,4.1377
0.061336,4.3148
0.06134,4.7012
0.061344,5.0554
0.061348,5.152
0.061352,5.0554
0.061356,5.0393
0.06136,5.1037
0.061364,5.5222999999999995
0.061368,5.3613
0.061372,5.0393
0.061376,4.669
0.06138,4.4597
0.061384,4.2665
0.061388,4.3469999999999995
0.061392,4.2021
0.061396,4.2825999999999995
0.0614,4.2021
0.061404,4.2504
0.061408,4.0572
0.061412,3.9767
0.061416,3.9767
0.06142,4.3309
0.061424,4.6529
0.061428,4.7978
0.061432,4.8461
0.061436,5.1359
0.06144,5.4096
0.061444,5.6511
0.061448,5.6189
0.061452,5.3613
0.061456,5.2969
0.06146,5.0393
0.061464,4.7656
0.061468,4.3309
0.061472,4.2665
0.061476,4.508
0.06148,4.5241
0.061484,4.2665
0.061488,4.1699
0.061492,4.0733
0.061496,3.9606
0.0615,3.9767
0.061504,4.1055
0.061508,4.4597
0.061512,4.8139
0.061516,4.9749
0.06152,5.0393
0.061524,5.1198
0.061528,5.2969
0.061532,5.4418
0.061536,5.2646999999999995
0.06154,5.1037
0.061544,4.7334
0.061548,4.6046
0.061552,4.4113999999999995
0.061556,4.5241
0.06156,4.4597
0.061564,4.3309
0.061568,4.3469999999999995
0.061572,4.1377
0.061576,4.0089
0.06158,4.1699
0.061584,4.0089
0.061588,4.2021
0.061592,4.3792
0.061596,4.6529
0.0616,4.7173
0.061604,4.8139
0.061608,5.2164
0.061612,5.4578999999999995
0.061616,5.3934999999999995
0.06162,5.1842
0.061624,4.991
0.061628,4.8461
0.061632,4.7817
0.061636,4.7656
0.06164,4.6529
0.061644,4.5885
0.061648,4.4436
0.061652,4.3309
0.061656,4.2021
0.06166,4.1537999999999995
0.061664,3.9284
0.061668,3.9284
0.061672,4.1377
0.061676,4.2825999999999995
0.06168,4.5885
0.061684,4.7173
0.061688,5.0232
0.061692,5.2002999999999995
0.061696,5.4096
0.0617,5.4096
0.061704,5.4096
0.061708,5.1681
0.061712,4.9266
0.061716,4.8944
0.06172,4.8139
0.061724,4.7334
0.061728,4.508
0.061732,4.5402
0.061736,4.3631
0.06174,4.1699
0.061744,4.0572
0.061748,4.025
0.061752,3.6869
0.061756,4.0089
0.06176,4.1377
0.061764,4.3631
0.061768,4.6207
0.061772,4.8461
0.061776,5.0232
0.06178,5.2808
0.061784,5.3613
0.061788,5.1681
0.061792,5.0071
0.061796,5.1359
0.0618,4.8139
0.061804,4.4919
0.061808,4.4436
0.061812,4.3792
0.061816,4.3309
0.06182,4.4275
0.061824,4.1377
0.061828,3.9606
0.061832,3.8801
0.061836,3.8157
0.06184,3.8801
0.061844,4.1055
0.061848,4.3148
0.061852,5.0232
0.061856,5.2325
0.06186,5.2808
0.061864,5.2646999999999995
0.061868,5.0715
0.061872,5.1198
0.061876,5.1359
0.06188,4.8622
0.061884,4.6207
0.061888,4.4275
0.061892,4.5402
0.061896,4.3792
0.0619,4.4436
0.061904,4.4113999999999995
0.061908,4.2021
0.061912,4.1699
0.061916,3.9606
0.06192,3.7513
0.061924,3.8962
0.061928,4.2181999999999995
0.061932,4.3953
0.061936,4.7173
0.06194,4.7495
0.061944,5.0232
0.061948,5.313
0.061952,5.2325
0.061956,5.1842
0.06196,5.1198
0.061964,4.9588
0.061968,4.8622
0.061972,4.6046
0.061976,4.4113999999999995
0.06198,4.5724
0.061984,4.4113999999999995
0.061988,4.1699
0.061992,4.1377
0.061996,4.0894
0.062,4.025
0.062004,3.7996
0.062008,3.7996
0.062012,3.9606
0.062016,4.3631
0.06202,4.5402
0.062024,4.7817
0.062028,4.9749
0.062032,5.2325
0.062036,5.3934999999999995
0.06204,5.4418
0.062044,5.2969
0.062048,4.8622
0.062052,4.8622
0.062056,4.669
0.06206,4.6046
0.062064,4.4919
0.062068,4.2825999999999995
0.062072,4.2021
0.062076,4.1216
0.06208,3.9928
0.062084,3.9606
0.062088,3.8962
0.062092,3.8801
0.062096,4.0894
0.0621,4.1377
0.062104,4.3792
0.062108,4.508
0.062112,4.9749
0.062116,5.0715
0.06212,4.991
0.062124,5.0715
0.062128,5.1681
0.062132,5.152
0.062136,5.0393
0.06214,4.9588
0.062144,4.7012
0.062148,4.5241
0.062152,4.3631
0.062156,4.2181999999999995
0.06216,4.2181999999999995
0.062164,4.1055
0.062168,4.1055
0.062172,3.7674
0.062176,3.8962
0.06218,3.864
0.062184,3.9767
0.062188,4.3953
0.062192,4.5563
0.062196,4.83
0.0622,5.0071
0.062204,5.1842
0.062208,5.3613
0.062212,5.4901
0.062216,5.2646999999999995
0.06222,5.0232
0.062224,4.8622
0.062228,4.6851
0.062232,4.4275
0.062236,4.0411
0.06224,4.3469999999999995
0.062244,4.5724
0.062248,4.4113999999999995
0.062252,4.2021
0.062256,4.0089
0.06226,3.9928
0.062264,3.9606
0.062268,3.864
0.062272,4.1377
0.062276,4.2987
0.06228,4.4919
0.062284,4.7978
0.062288,4.9427
0.062292,5.3613
0.062296,5.3452
0.0623,4.9266
0.062304,4.8139
0.062308,5.0393
0.062312,4.7656
0.062316,4.508
0.06232,4.4113999999999995
0.062324,4.3953
0.062328,4.4597
0.062332,4.186
0.062336,4.025
0.06234,3.864
0.062344,3.9928
0.062348,3.9284
0.062352,3.7674
0.062356,3.8801
0.06236,4.1377
0.062364,4.5885
0.062368,4.5241
0.062372,4.7334
0.062376,4.991
0.06238,5.2646999999999995
0.062384,5.2808
0.062388,5.2002999999999995
0.062392,4.7978
0.062396,4.7978
0.0624,4.669
0.062404,4.5724
0.062408,4.6207
0.062412,4.508
0.062416,4.2343
0.06242,4.2343
0.062424,4.2504
0.062428,3.9928
0.062432,3.9767
0.062436,3.8318
0.06244,3.864
0.062444,4.1055
0.062448,4.0733
0.062452,4.4113999999999995
0.062456,4.9588
0.06246,5.152
0.062464,5.0232
0.062468,4.991
0.062472,4.991
0.062476,4.8622
0.06248,4.8139
0.062484,4.8783
0.062488,4.8461
0.062492,4.5885
0.062496,4.3309
0.0625,4.0089
0.062504,4.1377
0.062508,4.2343
0.062512,4.1537999999999995
0.062516,4.1216
0.06252,4.025
0.062524,4.0089
0.062528,3.9445
0.062532,3.8962
0.062536,4.1699
0.06254,4.6207
0.062544,4.7817
0.062548,5.0715
0.062552,5.0554
0.062556,5.2646999999999995
0.06256,5.2486
0.062564,4.9266
0.062568,4.5724
0.062572,4.7656
0.062576,4.7173
0.06258,4.508
0.062584,4.4758
0.062588,4.2181999999999995
0.062592,4.4597
0.062596,4.4758
0.0626,4.2343
0.062604,4.1055
0.062608,3.7674
0.062612,3.7352
0.062616,3.9284
0.06262,3.9284
0.062624,4.1216
0.062628,4.186
0.062632,4.4758
0.062636,4.6851
0.06264,5.0393
0.062644,5.152
0.062648,4.9266
0.062652,4.6207
0.062656,4.7656
0.06266,4.6851
0.062664,4.8622
0.062668,4.7495
0.062672,4.5885
0.062676,4.4919
0.06268,4.2987
0.062684,4.2021
0.062688,4.0894
0.062692,3.8318
0.062696,3.8962
0.0627,3.7996
0.062704,3.7513
0.062708,3.9284
0.062712,4.0089
0.062716,4.3148
0.06272,4.5885
0.062724,5.0393
0.062728,5.1842
0.062732,4.9266
0.062736,4.8944
0.06274,4.7334
0.062744,4.8622
0.062748,4.8139
0.062752,4.7012
0.062756,4.4436
0.06276,4.4758
0.062764,4.4113999999999995
0.062768,4.1699
0.062772,4.0411
0.062776,4.0411
0.06278,3.9928
0.062784,3.9606
0.062788,3.864
0.062792,3.8157
0.062796,3.864
0.0628,3.9606
0.062804,4.2665
0.062808,4.7173
0.062812,4.9105
0.062816,4.991
0.06282,4.9266
0.062824,5.0393
0.062828,4.9749
0.062832,4.8622
0.062836,4.9105
0.06284,4.7817
0.062844,4.508
0.062848,4.2825999999999995
0.062852,4.2825999999999995
0.062856,4.1055
0.06286,4.2825999999999995
0.062864,3.9767
0.062868,3.9767
0.062872,3.6869
0.062876,3.8157
0.06288,3.7352
0.062884,3.9606
0.062888,4.1216
0.062892,4.3631
0.062896,4.508
0.0629,4.83
0.062904,5.0715
0.062908,4.8622
0.062912,4.7656
0.062916,4.6207
0.06292,4.6046
0.062924,4.5885
0.062928,4.669
0.062932,4.508
0.062936,4.3148
0.06294,4.2665
0.062944,4.0894
0.062948,3.8801
0.062952,3.864
0.062956,3.9284
0.06296,3.8157
0.062964,3.8157
0.062968,3.9445
0.062972,4.0733
0.062976,4.2987
0.06298,4.6529
0.062984,4.6207
0.062988,4.9427
0.062992,5.0715
0.062996,4.9105
0.063,4.7334
0.063004,4.6207
0.063008,4.5563
0.063012,4.6851
0.063016,4.5402
0.06302,4.3469999999999995
0.063024,4.2825999999999995
0.063028,4.2181999999999995
0.063032,4.1216
0.063036,4.0894
0.06304,4.0089
0.063044,3.8318
0.063048,3.7513
0.063052,3.8157
0.063056,3.7191
0.06306,3.7513
0.063064,4.0411
0.063068,4.3309
0.063072,4.6046
0.063076,4.9588
0.06308,4.8461
0.063084,4.7012
0.063088,4.7012
0.063092,4.6529
0.063096,4.6851
0.0631,4.6851
0.063104,4.5402
0.063108,4.3631
0.063112,4.2021
0.063116,4.0089
0.06312,4.2181999999999995
0.063124,4.2181999999999995
0.063128,3.9767
0.063132,3.7835
0.063136,3.5903
0.06314,3.7191
0.063144,3.8801
0.063148,3.9928
0.063152,4.2343
0.063156,4.4758
0.06316,4.7495
0.063164,4.6529
0.063168,4.6851
0.063172,4.6851
0.063176,4.7334
0.06318,4.6207
0.063184,4.5402
0.063188,4.3953
0.063192,4.4113999999999995
0.063196,4.3469999999999995
0.0632,4.2181999999999995
0.063204,4.2343
0.063208,4.2343
0.063212,3.9767
0.063216,3.6869
0.06322,3.5098
0.063224,3.8157
0.063228,3.8962
0.063232,3.9606
0.063236,3.8479
0.06324,3.9123
0.063244,4.3148
0.063248,4.6046
0.063252,4.83
0.063256,4.7495
0.06326,4.508
0.063264,4.7012
0.063268,4.3469999999999995
0.063272,4.2343
0.063276,4.3792
0.06328,4.1055
0.063284,3.9445
0.063288,4.0894
0.063292,4.0733
0.063296,4.0411
0.0633,4.2181999999999995
0.063304,3.9606
0.063308,3.5581
0.063312,3.5098
0.063316,3.6386
0.06332,3.7674
0.063324,4.0733
0.063328,4.2825999999999995
0.063332,4.5241
0.063336,4.6046
0.06334,4.7012
0.063344,4.508
0.063348,4.3631
0.063352,4.3631
0.063356,4.4758
0.06336,4.6207
0.063364,4.4919
0.063368,4.1699
0.063372,4.1216
0.063376,4.1699
0.06338,4.0411
0.063384,4.0572
0.063388,3.864
0.063392,3.5581
0.063396,3.5742
0.0634,3.6225
0.063404,3.703
0.063408,3.9928
0.063412,4.3631
0.063416,4.2343
0.06342,4.5885
0.063424,4.7173
0.063428,5.0071
0.063432,4.83
0.063436,4.7334
0.06344,4.7173
0.063444,4.3148
0.063448,4.4758
0.063452,4.2825999999999995
0.063456,4.2987
0.06346,4.3469999999999995
0.063464,4.2021
0.063468,4.2343
0.063472,3.9928
0.063476,3.6386
0.06348,3.5903
0.063484,3.6064
0.063488,3.5742
0.063492,3.5098
0.063496,3.6064
0.0635,3.9123
0.063504,4.2825999999999995
0.063508,4.7012
0.063512,5.0232
0.063516,4.7173
0.06352,4.6851
0.063524,4.6368
0.063528,4.6851
0.063532,4.4597
0.063536,4.508
0.06354,4.4275
0.063544,4.4113999999999995
0.063548,4.0733
0.063552,3.8962
0.063556,3.9606
0.06356,4.025
0.063564,3.9123
0.063568,3.8157
0.063572,3.7996
0.063576,3.5903
0.06358,3.542
0.063584,3.542
0.063588,3.7674
0.063592,4.1055
0.063596,4.3953
0.0636,4.7012
0.063604,4.8461
0.063608,4.6207
0.063612,4.6368
0.063616,4.5402
0.06362,4.5241
0.063624,4.5724
0.063628,4.5402
0.063632,4.6368
0.063636,4.2825999999999995
0.06364,3.9767
0.063644,4.0894
0.063648,3.9928
0.063652,3.9928
0.063656,3.7996
0.06366,3.7191
0.063664,3.6064
0.063668,3.5742
0.063672,3.7674
0.063676,3.864
0.06368,4.0572
0.063684,4.2825999999999995
0.063688,4.4758
0.063692,4.7817
0.063696,4.991
0.0637,4.9105
0.063704,4.669
0.063708,4.5724
0.063712,4.5724
0.063716,4.508
0.06372,4.1216
0.063724,4.2825999999999995
0.063728,4.3148
0.063732,3.9606
0.063736,3.7352
0.06374,3.8801
0.063744,3.7996
0.063748,3.8479
0.063752,3.6869
0.063756,3.3971
0.06376,3.7513
0.063764,3.8801
0.063768,4.0411
0.063772,4.2181999999999995
0.063776,4.5402
0.06378,4.7978
0.063784,4.9266
0.063788,4.4113999999999995
0.063792,4.5402
0.063796,4.7173
0.0638,4.9266
0.063804,4.5402
0.063808,4.0733
0.063812,4.0733
0.063816,4.1216
0.06382,3.8157
0.063824,3.9606
0.063828,3.9767
0.063832,3.8801
0.063836,3.5742
0.06384,3.4776
0.063844,3.4615
0.063848,3.6386
0.063852,3.7835
0.063856,4.1537999999999995
0.06386,4.4113999999999995
0.063864,4.6529
0.063868,4.5241
0.063872,4.4436
0.063876,4.2987
0.06388,4.3792
0.063884,4.5402
0.063888,4.5241
0.063892,4.3309
0.063896,4.186
0.0639,4.2343
0.063904,3.9928
0.063908,3.7835
0.063912,3.8962
0.063916,3.8479
0.06392,3.6386
0.063924,3.4937
0.063928,3.6225
0.063932,3.542
0.063936,3.6708
0.06394,3.703
0.063944,3.7835
0.063948,3.9928
0.063952,4.2987
0.063956,4.4113999999999995
0.06396,4.5724
0.063964,4.4919
0.063968,4.3469999999999995
0.063972,4.3469999999999995
0.063976,4.3953
0.06398,4.6046
0.063984,4.5563
0.063988,4.4113999999999995
0.063992,4.1699
0.063996,4.3148
0.064,3.8479
0.064004,3.9928
0.064008,3.7513
0.064012,3.6225
0.064016,3.5903
0.06402,3.5742
0.064024,3.7513
0.064028,3.6064
0.064032,3.703
0.064036,3.8801
0.06404,4.1699
0.064044,4.4113999999999995
0.064048,4.669
0.064052,4.669
0.064056,4.7173
0.06406,4.4919
0.064064,4.2665
0.064068,4.025
0.064072,4.025
0.064076,4.3148
0.06408,4.3309
0.064084,4.0089
0.064088,4.025
0.064092,3.9928
0.064096,3.6547
0.0641,3.7352
0.064104,3.5259
0.064108,3.4454
0.064112,3.5742
0.064116,3.5742
0.06412,3.4776
0.064124,3.5581
0.064128,3.7835
0.064132,4.0733
0.064136,4.4113999999999995
0.06414,4.4113999999999995
0.064144,4.5241
0.064148,4.5885
0.064152,4.4113999999999995
0.064156,4.2181999999999995
0.06416,4.2825999999999995
0.064164,4.0894
0.064168,3.9123
0.064172,3.8318
0.064176,4.1537999999999995
0.06418,4.1216
0.064184,3.8318
0.064188,3.5903
0.064192,3.5742
0.064196,3.5259
0.0642,3.5581
0.064204,3.5581
0.064208,3.3165999999999998
0.064212,3.6386
0.064216,3.9606
0.06422,4.186
0.064224,4.4113999999999995
0.064228,4.4597
0.064232,4.5724
0.064236,4.5563
0.06424,4.1377
0.064244,4.0733
0.064248,4.025
0.064252,4.025
0.064256,4.2181999999999995
0.06426,4.3792
0.064264,4.186
0.064268,4.0572
0.064272,4.0733
0.064276,3.8157
0.06428,3.703
0.064284,3.6064
0.064288,3.6869
0.064292,3.3487999999999998
0.064296,3.2683
0.0643,3.3649
0.064304,3.7513
0.064308,4.0572
0.064312,4.3792
0.064316,4.3631
0.06432,4.2987
0.064324,4.5724
0.064328,4.4919
0.064332,4.2504
0.064336,4.186
0.06434,4.3953
0.064344,4.3469999999999995
0.064348,4.0894
0.064352,4.2665
0.064356,4.1216
0.06436,4.025
0.064364,3.7352
0.064368,3.8479
0.064372,3.7191
0.064376,3.6064
0.06438,3.5581
0.064384,3.4937
0.064388,3.6064
0.064392,3.6064
0.064396,3.5742
0.0644,3.8962
0.064404,4.4275
0.064408,4.6207
0.064412,4.6046
0.064416,4.6368
0.06442,4.3469999999999995
0.064424,4.6529
0.064428,4.9266
0.064432,4.4758
0.064436,4.2343
0.06444,4.025
0.064444,4.0089
0.064448,4.0572
0.064452,3.8479
0.064456,3.9284
0.06446,3.9123
0.064464,3.7674
0.064468,3.3649
0.064472,3.3487999999999998
0.064476,3.4132
0.06448,3.6064
0.064484,3.3487999999999998
0.064488,3.5903
0.064492,3.8801
0.064496,4.3953
0.0645,4.4919
0.064504,4.7495
0.064508,4.4919
0.064512,4.3953
0.064516,4.2665
0.06452,4.3309
0.064524,4.3631
0.064528,4.2987
0.064532,4.1537999999999995
0.064536,4.2665
0.06454,4.0733
0.064544,4.0733
0.064548,3.9123
0.064552,3.7513
0.064556,3.7513
0.06456,3.5742
0.064564,3.2683
0.064568,3.2843999999999998
0.064572,3.3165999999999998
0.064576,3.6386
0.06458,3.7835
0.064584,3.864
0.064588,4.2021
0.064592,4.4113999999999995
0.064596,4.5402
0.0646,4.5724
0.064604,4.4275
0.064608,4.3631
0.064612,4.0411
0.064616,3.9445
0.06462,3.9928
0.064624,4.4919
0.064628,4.2665
0.064632,4.1216
0.064636,3.9445
0.06464,3.7513
0.064644,3.6225
0.064648,3.5742
0.064652,3.5098
0.064656,3.4776
0.06466,3.703
0.064664,3.6064
0.064668,3.4293
0.064672,3.4454
0.064676,3.6064
0.06468,4.1537999999999995
0.064684,4.5241
0.064688,4.7817
0.064692,4.508
0.064696,4.186
0.0647,4.1699
0.064704,4.2343
0.064708,4.2504
0.064712,4.2181999999999995
0.064716,4.1055
0.06472,4.2665
0.064724,3.9445
0.064728,3.7835
0.064732,3.5098
0.064736,3.7674
0.06474,3.5098
0.064744,3.4937
0.064748,3.3005
0.064752,3.3165999999999998
0.064756,3.5581
0.06476,3.6547
0.064764,3.6064
0.064768,3.7191
0.064772,3.8962
0.064776,4.3953
0.06478,4.5724
0.064784,4.7334
0.064788,4.4758
0.064792,4.4436
0.064796,4.4758
0.0648,4.4758
0.064804,4.2343
0.064808,4.3631
0.064812,4.1377
0.064816,3.8318
0.06482,3.8318
0.064824,3.6547
0.064828,3.6869
0.064832,3.6225
0.064836,3.4615
0.06484,3.1877999999999997
0.064844,3.2199999999999998
0.064848,3.3649
0.064852,3.4615
0.064856,3.4776
0.06486,3.703
0.064864,4.2343
0.064868,4.669
0.064872,4.7173
0.064876,4.7012
0.06488,4.4597
0.064884,4.4275
0.064888,4.3309
0.064892,4.2665
0.064896,4.2504
0.0649,4.4758
0.064904,4.3631
0.064908,4.0572
0.064912,3.7352
0.064916,3.4454
0.06492,3.3005
0.064924,3.2039
0.064928,3.3165999999999998
0.064932,3.4293
0.064936,3.4132
0.06494,3.3165999999999998
0.064944,3.3649
0.064948,3.4615
0.064952,3.9767
0.064956,4.6207
0.06496,4.6851
0.064964,4.5402
0.064968,4.1537999999999995
0.064972,4.0089
0.064976,4.2343
0.06498,4.3309
0.064984,4.2021
0.064988,3.9123
0.064992,3.6386
0.064996,3.0911999999999997
0.065,3.059
0.065004,2.9463
0.065008,2.8658
0.065012,2.898
0.065016,2.9302
0.06502,2.737
0.065024,2.7048
0.065028,2.9463
0.065032,3.381
0.065036,3.8479
0.06504,4.0089
0.065044,4.1377
0.065048,3.703
0.065052,3.5742
0.065056,3.4937
0.06506,3.6225
0.065064,3.6869
0.065068,3.7513
0.065072,3.1877999999999997
0.065076,2.6887
0.06508,2.7531
0.065084,2.6082
0.065088,2.6565
0.065092,2.9463
0.065096,2.8497
0.0651,2.6887
0.065104,2.7048
0.065108,2.8819
0.065112,3.2683
0.065116,4.0894
0.06512,4.4919
0.065124,3.8801
0.065128,3.7835
0.065132,3.8801
0.065136,3.9928
0.06514,3.8962
0.065144,3.5581
0.065148,3.381
0.065152,3.5098
0.065156,3.3971
0.06516,3.3487999999999998
0.065164,3.2199999999999998
0.065168,3.0429
0.065172,3.0107
0.065176,2.7209
0.06518,2.9302
0.065184,3.1877999999999997
0.065188,3.5098
0.065192,3.7674
0.065196,4.2021
0.0652,4.186
0.065204,4.025
0.065208,3.8479
0.065212,3.9284
0.065216,3.9606
0.06522,3.7513
0.065224,3.7191
0.065228,3.9767
0.065232,3.8318
0.065236,3.7513
0.06524,3.4776
0.065244,3.2199999999999998
0.065248,3.2361
0.065252,3.4454
0.065256,3.4615
0.06526,3.3005
0.065264,3.1555999999999997
0.065268,3.3005
0.065272,3.381
0.065276,3.5581
0.06528,3.9445
0.065284,4.1055
0.065288,4.1537999999999995
0.065292,4.0411
0.065296,3.5903
0.0653,3.8318
0.065304,3.9284
0.065308,4.0572
0.065312,4.0572
0.065316,3.7513
0.06532,3.6225
0.065324,3.5259
0.065328,3.4293
0.065332,3.542
0.065336,3.6064
0.06534,3.4454
0.065344,3.6064
0.065348,3.4937
0.065352,3.4776
0.065356,3.7674
0.06536,3.8479
0.065364,3.9123
0.065368,3.9928
0.065372,4.0733
0.065376,4.0733
0.06538,4.1537999999999995
0.065384,4.3631
0.065388,4.6529
0.065392,4.2987
0.065396,4.1699
0.0654,4.0089
0.065404,3.9606
0.065408,4.0894
0.065412,3.9284
0.065416,3.9284
0.06542,3.7674
0.065424,3.8157
0.065428,3.6869
0.065432,3.8479
0.065436,3.7996
0.06544,3.7674
0.065444,3.6386
0.065448,3.7674
0.065452,3.7996
0.065456,3.9606
0.06546,4.1377
0.065464,4.2665
0.065468,4.186
0.065472,4.4113999999999995
0.065476,4.3953
0.06548,4.4113999999999995
0.065484,4.2825999999999995
0.065488,4.0572
0.065492,4.0572
0.065496,4.1537999999999995
0.0655,4.0733
0.065504,3.9123
0.065508,3.8479
0.065512,3.703
0.065516,3.8157
0.06552,3.9606
0.065524,3.9767
0.065528,4.0572
0.065532,3.7674
0.065536,3.6547
0.06554,3.7191
0.065544,3.9767
0.065548,4.1055
0.065552,4.2987
0.065556,4.3309
0.06556,4.4758
0.065564,4.5241
0.065568,4.3469999999999995
0.065572,4.3469999999999995
0.065576,4.3469999999999995
0.06558,4.5885
0.065584,4.669
0.065588,4.3469999999999995
0.065592,4.3953
0.065596,3.9767
0.0656,4.0733
0.065604,4.0733
0.065608,4.1537999999999995
0.065612,4.1216
0.065616,3.9123
0.06562,3.7835
0.065624,3.864
0.065628,3.864
0.065632,3.9445
0.065636,3.8962
0.06564,4.1537999999999995
0.065644,4.2021
0.065648,4.508
0.065652,4.5563
0.065656,4.6851
0.06566,4.5402
0.065664,4.4436
0.065668,4.3792
0.065672,4.2021
0.065676,4.3309
0.06568,4.3469999999999995
0.065684,4.508
0.065688,4.3469999999999995
0.065692,4.2504
0.065696,4.0894
0.0657,4.0089
0.065704,3.9445
0.065708,4.186
0.065712,4.1377
0.065716,3.9928
0.06572,3.9284
0.065724,3.9928
0.065728,4.0089
0.065732,3.9767
0.065736,4.1537999999999995
0.06574,4.2987
0.065744,4.4113999999999995
0.065748,4.5402
0.065752,4.4919
0.065756,4.2343
0.06576,4.1537999999999995
0.065764,4.2825999999999995
0.065768,4.4113999999999995
0.065772,4.4436
0.065776,4.3953
0.06578,4.186
0.065784,4.1377
0.065788,4.186
0.065792,4.3148
0.065796,4.1537999999999995
0.0658,4.0411
0.065804,4.0411
0.065808,4.0411
0.065812,4.0411
0.065816,4.0411
0.06582,4.025
0.065824,4.0733
0.065828,4.1055
0.065832,4.0572
0.065836,4.1216
0.06584,4.3309
0.065844,4.4919
0.065848,4.4275
0.065852,4.2825999999999995
0.065856,4.186
0.06586,4.1537999999999995
0.065864,4.2665
0.065868,4.2665
0.065872,4.4436
0.065876,4.3631
0.06588,4.0894
0.065884,4.0411
0.065888,4.0089
0.065892,3.8801
0.065896,3.7352
0.0659,3.7835
0.065904,3.8801
0.065908,3.864
0.065912,3.9445
0.065916,3.8479
0.06592,3.9284
0.065924,3.9445
0.065928,3.9767
0.065932,4.0572
0.065936,4.1216
0.06594,4.3792
0.065944,4.2665
0.065948,4.2343
0.065952,4.2825999999999995
0.065956,4.2343
0.06596,4.2343
0.065964,4.2343
0.065968,4.2021
0.065972,4.2343
0.065976,4.1055
0.06598,4.0572
0.065984,3.8157
0.065988,3.5742
0.065992,3.6708
0.065996,3.8318
0.066,3.864
0.066004,3.7835
0.066008,3.7513
0.066012,3.7191
0.066016,3.5098
0.06602,3.5098
0.066024,3.6064
0.066028,3.6708
0.066032,3.6708
0.066036,3.9123
0.06604,3.9767
0.066044,4.2987
0.066048,4.2343
0.066052,4.1377
0.066056,4.025
0.06606,4.0089
0.066064,3.9767
0.066068,3.9123
0.066072,3.8801
0.066076,3.7996
0.06608,3.5903
0.066084,3.4776
0.066088,3.1877999999999997
0.066092,3.2521999999999998
0.066096,3.2039
0.0661,3.3165999999999998
0.066104,3.0751
0.066108,3.2199999999999998
0.066112,3.1717
0.066116,3.2361
0.06612,3.1877999999999997
0.066124,3.3327
0.066128,3.6064
0.066132,4.0572
0.066136,4.1699
0.06614,4.186
0.066144,4.0089
0.066148,3.703
0.066152,3.542
0.066156,3.703
0.06616,3.7513
0.066164,3.8801
0.066168,3.381
0.066172,2.8175
0.066176,2.6565
0.06618,2.7692
0.066184,2.5438
0.066188,2.2862
0.066192,2.2218
0.066196,2.3667
0.0662,2.1412999999999998
0.066204,2.0125
0.066208,1.8354
0.066212,2.415
0.066216,3.1555999999999997
0.06622,3.4454
0.066224,3.6064
0.066228,3.2683
0.066232,3.4615
0.066236,3.3971
0.06624,3.5581
0.066244,3.0268
0.066248,3.3487999999999998
0.066252,2.9785
0.066256,2.5599
0.06626,2.7048
0.066264,2.6082
0.066268,2.6887
0.066272,2.4955
0.066276,2.1412999999999998
0.06628,2.3989
0.066284,2.093
0.066288,2.3345
0.066292,2.1896
0.066296,2.6082
0.0663,2.898
0.066304,3.5581
0.066308,3.9445
0.066312,4.2343
0.066316,4.2181999999999995
0.06632,4.0411
0.066324,3.8801
0.066328,3.7513
0.066332,4.0089
0.066336,3.5903
0.06634,3.6225
0.066344,3.4132
0.066348,3.4615
0.066352,3.4293
0.066356,3.2199999999999998
0.06636,3.2361
0.066364,3.1395
0.066368,2.9141
0.066372,2.9624
0.066376,2.8497
0.06638,2.9463
0.066384,3.1073
0.066388,3.3971
0.066392,3.703
0.066396,3.8962
0.0664,4.0089
0.066404,4.0572
0.066408,4.025
0.066412,4.0572
0.066416,3.9767
0.06642,3.7352
0.066424,3.8318
0.066428,3.8318
0.066432,3.6708
0.066436,3.6225
0.06644,3.4454
0.066444,3.1233999999999997
0.066448,3.1073
0.066452,3.1233999999999997
0.066456,3.1877999999999997
0.06646,3.1877999999999997
0.066464,3.0911999999999997
0.066468,2.8658
0.066472,2.9785
0.066476,3.2843999999999998
0.06648,3.2361
0.066484,3.3005
0.066488,3.5903
0.066492,3.8962
0.066496,4.2343
0.0665,4.1699
0.066504,3.9284
0.066508,3.5903
0.066512,3.703
0.066516,3.8157
0.06652,3.9445
0.066524,3.9606
0.066528,3.9284
0.066532,3.6708
0.066536,3.542
0.06654,3.3649
0.066544,3.3005
0.066548,3.3649
0.066552,3.2683
0.066556,3.0751
0.06656,3.0911999999999997
0.066564,3.0268
0.066568,3.1395
0.066572,3.2683
0.066576,3.4937
0.06658,3.4776
0.066584,3.5742
0.066588,3.9445
0.066592,3.9928
0.066596,4.1377
0.0666,4.186
0.066604,4.0572
0.066608,4.2021
0.066612,4.0411
0.066616,3.9767
0.06662,3.8801
0.066624,3.4776
0.066628,3.6064
0.066632,3.3327
0.066636,3.4776
0.06664,3.4454
0.066644,3.381
0.066648,3.2039
0.066652,3.1877999999999997
0.066656,3.1717
0.06666,3.0911999999999997
0.066664,3.0429
0.066668,3.1717
0.066672,3.3005
0.066676,3.5742
0.06668,3.7513
0.066684,3.8479
0.066688,4.0089
0.066692,4.0894
0.066696,4.0411
0.0667,3.864
0.066704,3.9123
0.066708,3.864
0.066712,3.9123
0.066716,3.8157
0.06672,3.7835
0.066724,3.6225
0.066728,3.3649
0.066732,3.6225
0.066736,3.5903
0.06674,3.4615
0.066744,3.2843999999999998
0.066748,3.0911999999999997
0.066752,2.8014
0.066756,3.1073
0.06676,3.0911999999999997
0.066764,3.2683
0.066768,3.3971
0.066772,3.5903
0.066776,3.5903
0.06678,3.6547
0.066784,4.0572
0.066788,4.2181999999999995
0.066792,4.3148
0.066796,4.0411
0.0668,3.9606
0.066804,3.7996
0.066808,3.703
0.066812,3.7513
0.066816,3.7835
0.06682,3.703
0.066824,3.542
0.066828,3.7191
0.066832,3.7352
0.066836,3.6064
0.06684,3.1877999999999997
0.066844,3.1395
0.066848,3.3165999999999998
0.066852,3.1233999999999997
0.066856,2.9946
0.06686,2.9624
0.066864,3.1073
0.066868,3.5581
0.066872,3.8157
0.066876,4.2021
0.06688,4.186
0.066884,4.1537999999999995
0.066888,4.0089
0.066892,4.0089
0.066896,3.9445
0.0669,3.8801
0.066904,3.8801
0.066908,3.6708
0.066912,3.5581
0.066916,3.5742
0.06692,3.7996
0.066924,3.7191
0.066928,3.4937
0.066932,3.4132
0.066936,3.3165999999999998
0.06694,3.2683
0.066944,3.2199999999999998
0.066948,3.1555999999999997
0.066952,3.1717
0.066956,2.9946
0.06696,3.2039
0.066964,3.3649
0.066968,3.6386
0.066972,3.9928
0.066976,4.3792
0.06698,4.6368
0.066984,4.508
0.066988,4.2343
0.066992,3.9445
0.066996,3.9284
0.067,3.9767
0.067004,4.0411
0.067008,3.7674
0.067012,3.7835
0.067016,3.4293
0.06702,3.3649
0.067024,3.3971
0.067028,3.2361
0.067032,3.2199999999999998
0.067036,3.2521999999999998
0.06704,2.9946
0.067044,2.9302
0.067048,2.9302
0.067052,2.9624
0.067056,3.059
0.06706,3.3649
0.067064,3.542
0.067068,3.7513
0.067072,3.9767
0.067076,4.3953
0.06708,4.6207
0.067084,4.4919
0.067088,4.1377
0.067092,3.9767
0.067096,3.9606
0.0671,3.7352
0.067104,3.8479
0.067108,3.5742
0.067112,3.6869
0.067116,3.7835
0.06712,3.3487999999999998
0.067124,3.1717
0.067128,2.9785
0.067132,2.8497
0.067136,2.9141
0.06714,2.8819
0.067144,3.0911999999999997
0.067148,3.1073
0.067152,3.0911999999999997
0.067156,3.2199999999999998
0.06716,3.4615
0.067164,3.9284
0.067168,4.2825999999999995
0.067172,4.5402
0.067176,4.6368
0.06718,4.3953
0.067184,4.025
0.067188,4.0572
0.067192,3.8962
0.067196,3.9123
0.0672,3.703
0.067204,3.2683
0.067208,3.3327
0.067212,3.3971
0.067216,3.381
0.06722,3.2199999999999998
0.067224,3.059
0.067228,2.8336
0.067232,2.7692
0.067236,2.8658
0.06724,2.9785
0.067244,3.0268
0.067248,3.3165999999999998
0.067252,3.5259
0.067256,3.5098
0.06726,3.8479
0.067264,4.2021
0.067268,4.508
0.067272,4.5563
0.067276,4.6368
0.06728,4.1377
0.067284,4.025
0.067288,4.1055
0.067292,3.6869
0.067296,3.5581
0.0673,3.4615
0.067304,3.6869
0.067308,3.6064
0.067312,3.1717
0.067316,3.0107
0.06732,3.0268
0.067324,2.9463
0.067328,3.1233999999999997
0.067332,2.7692
0.067336,2.8175
0.06734,2.7692
0.067344,2.9141
0.067348,3.0911999999999997
0.067352,3.6547
0.067356,4.1216
0.06736,4.4436
0.067364,4.5724
0.067368,4.2987
0.067372,4.0411
0.067376,3.8801
0.06738,3.9445
0.067384,4.025
0.067388,3.7996
0.067392,3.4132
0.067396,3.3165999999999998
0.0674,3.2039
0.067404,3.1717
0.067408,2.9946
0.067412,2.7048
0.067416,2.8497
0.06742,2.8014
0.067424,2.7531
0.067428,2.7209
0.067432,2.737
0.067436,2.7209
0.06744,3.1717
0.067444,3.1555999999999997
0.067448,3.0751
0.067452,3.3487999999999998
0.067456,3.8157
0.06746,3.8962
0.067464,4.0733
0.067468,4.2665
0.067472,3.7191
0.067476,3.5259
0.06748,2.9946
0.067484,3.2361
0.067488,3.1717
0.067492,2.7692
0.067496,2.5599
0.0675,2.4955
0.067504,2.3023
0.067508,2.1896
0.067512,2.3828
0.067516,2.1574
0.06752,2.4472
0.067524,2.3989
0.067528,2.4955
0.067532,2.9302
0.067536,3.703
0.06754,3.9767
0.067544,3.6225
0.067548,3.059
0.067552,3.1073
0.067556,3.1073
0.06756,3.059
0.067564,2.8497
0.067568,2.7692
0.067572,2.8014
0.067576,2.6404
0.06758,2.6565
0.067584,2.3345
0.067588,1.8998
0.067592,1.8998
0.067596,2.1734999999999998
0.0676,2.2862
0.067604,2.3506
0.067608,2.4311
0.067612,3.0911999999999997
0.067616,3.4615
0.06762,3.8962
0.067624,4.0411
0.067628,4.0894
0.067632,4.3309
0.067636,4.4436
0.06764,4.025
0.067644,3.5098
0.067648,3.3487999999999998
0.067652,3.3005
0.067656,3.1717
0.06766,2.9946
0.067664,2.8819
0.067668,2.9785
0.067672,2.9141
0.067676,2.7048
0.06768,2.5438
0.067684,2.6887
0.067688,2.4472
0.067692,2.6565
0.067696,2.6726
0.0677,3.059
0.067704,3.3649
0.067708,3.5581
0.067712,3.9767
0.067716,3.9445
0.06772,3.8318
0.067724,3.7835
0.067728,3.2361
0.067732,3.1233999999999997
0.067736,3.4132
0.06774,3.2199999999999998
0.067744,3.3327
0.067748,3.2199999999999998
0.067752,2.7531
0.067756,2.8014
0.06776,2.737
0.067764,2.7531
0.067768,2.7853
0.067772,2.576
0.067776,2.6404
0.06778,2.8819
0.067784,3.1555999999999997
0.067788,3.381
0.067792,3.4615
0.067796,3.7996
0.0678,3.7674
0.067804,3.6386
0.067808,3.542
0.067812,3.2683
0.067816,3.1877999999999997
0.06782,3.2843999999999998
0.067824,3.2039
0.067828,3.2361
0.067832,3.0107
0.067836,2.6565
0.06784,2.9946
0.067844,2.8336
0.067848,2.7853
0.067852,2.7692
0.067856,2.7692
0.06786,2.7209
0.067864,2.8819
0.067868,3.1233999999999997
0.067872,3.5742
0.067876,3.6225
0.06788,3.8801
0.067884,3.6386
0.067888,3.3971
0.067892,3.4615
0.067896,3.3165999999999998
0.0679,3.2039
0.067904,3.059
0.067908,3.2683
0.067912,3.2521999999999998
0.067916,3.0268
0.06792,2.8336
0.067924,2.8336
0.067928,2.8658
0.067932,2.7209
0.067936,2.7692
0.06794,2.5116
0.067944,2.5599
0.067948,2.7531
0.067952,3.1395
0.067956,3.2361
0.06796,3.3649
0.067964,3.2843999999999998
0.067968,3.5098
0.067972,3.6869
0.067976,3.4454
0.06798,3.3165999999999998
0.067984,3.3327
0.067988,3.4615
0.067992,3.5903
0.067996,3.381
0.068,3.4132
0.068004,3.1555999999999997
0.068008,3.2683
0.068012,3.0268
0.068016,3.0107
0.06802,2.9141
0.068024,3.0751
0.068028,2.8497
0.068032,2.8014
0.068036,2.8819
0.06804,3.1233999999999997
0.068044,3.3649
0.068048,3.5903
0.068052,3.7835
0.068056,4.0572
0.06806,4.1055
0.068064,4.0089
0.068068,3.8801
0.068072,3.7674
0.068076,3.8801
0.06808,3.5903
0.068084,3.5581
0.068088,3.5903
0.068092,3.5742
0.068096,3.5098
0.0681,3.381
0.068104,3.4293
0.068108,3.3649
0.068112,3.3165999999999998
0.068116,3.1717
0.06812,3.1555999999999997
0.068124,3.1073
0.068128,3.0911999999999997
0.068132,3.0429
0.068136,3.3327
0.06814,3.5903
0.068144,3.703
0.068148,3.8479
0.068152,3.8318
0.068156,3.8962
0.06816,3.9445
0.068164,3.9123
0.068168,3.8962
0.068172,3.703
0.068176,3.7996
0.06818,3.7835
0.068184,3.6386
0.068188,3.3487999999999998
0.068192,3.3971
0.068196,3.3649
0.0682,3.3487999999999998
0.068204,3.3487999999999998
0.068208,3.2683
0.068212,3.1717
0.068216,3.3649
0.06822,3.3165999999999998
0.068224,3.3971
0.068228,3.3487999999999998
0.068232,3.5903
0.068236,3.8157
0.06824,3.9928
0.068244,4.0089
0.068248,3.7674
0.068252,4.0411
0.068256,4.1055
0.06826,3.7835
0.068264,3.6708
0.068268,3.5903
0.068272,3.7191
0.068276,3.8801
0.06828,3.7996
0.068284,3.4937
0.068288,3.5259
0.068292,3.4454
0.068296,3.3327
0.0683,3.2361
0.068304,3.1717
0.068308,3.3649
0.068312,3.2683
0.068316,3.1717
0.06832,3.3005
0.068324,3.3971
0.068328,3.5259
0.068332,3.7835
0.068336,4.1377
0.06834,4.3469999999999995
0.068344,4.2987
0.068348,3.9767
0.068352,3.7513
0.068356,3.8801
0.06836,3.9606
0.068364,3.7352
0.068368,3.6547
0.068372,3.542
0.068376,3.6708
0.06838,3.4615
0.068384,3.2683
0.068388,3.3487999999999998
0.068392,3.2521999999999998
0.068396,3.2843999999999998
0.0684,3.2521999999999998
0.068404,3.0911999999999997
0.068408,3.1877999999999997
0.068412,3.2361
0.068416,3.4293
0.06842,3.5098
0.068424,3.4937
0.068428,3.7352
0.068432,3.8801
0.068436,4.025
0.06844,4.1537999999999995
0.068444,4.0572
0.068448,3.864
0.068452,3.6064
0.068456,3.5098
0.06846,3.5903
0.068464,3.4454
0.068468,3.5581
0.068472,3.6386
0.068476,3.5098
0.06848,3.0107
0.068484,2.9624
0.068488,2.9785
0.068492,2.9785
0.068496,2.9141
0.0685,2.7692
0.068504,2.898
0.068508,3.1717
0.068512,3.1555999999999997
0.068516,3.3487999999999998
0.06852,3.3971
0.068524,3.5581
0.068528,3.864
0.068532,3.9928
0.068536,3.864
0.06854,3.7191
0.068544,3.6708
0.068548,3.7674
0.068552,3.8801
0.068556,3.7674
0.06856,3.5259
0.068564,3.381
0.068568,3.059
0.068572,3.0911999999999997
0.068576,3.0429
0.06858,3.0911999999999997
0.068584,2.9141
0.068588,2.9141
0.068592,2.8175
0.068596,2.7531
0.0686,2.9141
0.068604,2.8819
0.068608,3.0107
0.068612,3.1555999999999997
0.068616,3.4776
0.06862,3.5742
0.068624,3.7835
0.068628,4.0089
0.068632,4.2343
0.068636,4.2825999999999995
0.06864,3.8962
0.068644,3.6386
0.068648,3.3327
0.068652,3.4293
0.068656,3.4293
0.06866,3.3165999999999998
0.068664,3.381
0.068668,3.3327
0.068672,3.2039
0.068676,2.8014
0.06868,2.9463
0.068684,2.7531
0.068688,2.5921
0.068692,2.4955
0.068696,2.5599
0.0687,2.6404
0.068704,2.737
0.068708,3.1717
0.068712,3.3487999999999998
0.068716,3.5903
0.06872,3.7352
0.068724,3.864
0.068728,4.186
0.068732,4.1377
0.068736,4.0894
0.06874,4.0089
0.068744,3.6386
0.068748,3.542
0.068752,3.3005
0.068756,3.1395
0.06876,2.9624
0.068764,2.9463
0.068768,2.7853
0.068772,2.8497
0.068776,2.7209
0.06878,2.2379
0.068784,2.1734999999999998
0.068788,2.1412999999999998
0.068792,2.3667
0.068796,2.4794
0.0688,2.7209
0.068804,2.898
0.068808,3.1395
0.068812,3.4132
0.068816,3.6386
0.06882,3.9445
0.068824,3.9606
0.068828,3.7191
0.068832,3.0751
0.068836,2.5438
0.06884,2.7531
0.068844,2.6565
0.068848,2.6565
0.068852,2.4794
0.068856,1.9964
0.06886,2.0286
0.068864,1.7066
0.068868,1.6260999999999999
0.068872,1.5295
0.068876,1.7066
0.06888,1.7227
0.068884,2.6082
0.068888,3.1877999999999997
0.068892,3.1073
0.068896,2.8658
0.0689,3.1395
0.068904,2.1574
0.068908,1.8515
0.068912,2.093
0.068916,1.8032
0.06892,1.1753
0.068924,1.0787
0.068928,1.4007
0.068932,-0.0322
0.068936,-0.09659999999999999
0.06894,-0.4669
0.068944,0.19319999999999998
0.068948,1.5938999999999999
0.068952,2.1090999999999998
0.068956,2.9302
0.06896,-1.2558
0.068964,-5.5866999999999996
0.068968,-32.9567
0.068972,-32.9567
0.068976,-32.9567
0.06898,-32.0712
0.068984,-24.6974
0.068988,-13.4596
0.068992,-5.4578999999999995
0.068996,4.4758
0.069,4.7173
0.069004,6.6171
0.069008,3.542
0.069012,10.5455
0.069016,11.27
0.06902,8.4042
0.069024,3.2683
0.069028,2.9463
0.069032,5.2808
0.069036,8.0822
0.06904,6.2629
0.069044,2.4955
0.069048,3.0751
0.069052,3.9928
0.069056,1.6905
0.06906,2.8819
0.069064,4.9588
0.069068,5.796
0.069072,3.4454
0.069076,4.025
0.06908,6.3917
0.069084,6.3595
0.069088,6.0214
0.069092,5.9087
0.069096,4.9427
0.0691,5.0554
0.069104,7.7763
0.069108,8.9677
0.069112,9.0321
0.069116,6.6815
0.06912,6.0858
0.069124,12.397
0.069128,19.5293
0.069132,21.0749
0.069136,16.9533
0.06914,14.3451
0.069144,14.8925
0.069148,13.5884
0.069152,9.7888
0.069156,8.8389
0.06916,10.3523
0.069164,11.2378
0.069168,10.2879
0.069172,8.7745
0.069176,9.354099999999999
0.06918,10.5938
0.069184,10.4328
0.069188,9.1126
0.069192,8.2593
0.069196,7.7924
0.0692,7.9856
0.069204,9.354099999999999
0.069208,11.0768
0.069212,11.8496
0.069216,10.5777
0.06922,8.05
0.069224,8.1788
0.069228,9.354099999999999
0.069232,9.9498
0.069236,7.9856
0.06924,6.8908
0.069244,6.5527
0.069248,6.118
0.069252,6.4078
0.069256,6.1341
0.06926,6.4883
0.069264,6.5527
0.069268,6.0214
0.069272,6.0053
0.069276,6.7781
0.06928,6.6975999999999996
0.069284,6.3595
0.069288,6.279
0.069292,5.8765
0.069296,5.796
0.0693,5.8765
0.069304,5.5062
0.069308,5.7799
0.069312,5.7155
0.069316,5.5062
0.06932,5.5866999999999996
0.069324,5.8443
0.069328,5.9409
0.069332,5.7477
0.069336,5.8121
0.06934,5.9087
0.069344,6.0697
0.069348,6.1823999999999995
0.069352,6.3595
0.069356,6.3755999999999995
0.06936,6.0053
0.069364,5.5222999999999995
0.069368,5.1198
0.069372,4.2665
0.069376,2.8658
0.06938,1.771
0.069384,1.7066
0.069388,1.1592
0.069392,1.0948
0.069396,1.6099999999999999
0.0694,0.1288
0.069404,-0.0161
0.069408,-1.3524
0.069412,-0.1771
0.069416,0.20929999999999999
0.06942,-0.41859999999999997
0.069424,-2.6082
0.069428,-4.3309
0.069432,-2.8175
0.069436,-1.3363
0.06944,-0.6118
0.069444,0.1449
0.069448,1.1431
0.069452,3.5259
0.069456,5.1037
0.06946,6.7459
0.069464,8.4203
0.069468,8.307599999999999
0.069472,7.7602
0.069476,7.7119
0.06948,7.9051
0.069484,8.0017
0.069488,7.6475
0.069492,7.1323
0.069496,6.9552
0.0695,6.7298
0.069504,6.5043999999999995
0.069508,6.6331999999999995
0.069512,7.0518
0.069516,7.0357
0.06952,6.9874
0.069524,7.245
0.069528,7.6314
0.069532,7.7440999999999995
0.069536,7.4704
0.06954,6.8425
0.069544,6.6493
0.069548,6.3595
0.069552,6.2951
0.069556,6.0858
0.06956,6.1502
0.069564,6.2146
0.069568,6.3273
0.069572,6.1985
0.069576,6.3434
0.06958,6.4883
0.069584,6.5205
0.069588,6.5043999999999995
0.069592,6.601
0.069596,6.6493
0.0696,6.9713
0.069604,6.923
0.069608,7.084
0.069612,7.0035
0.069616,6.7298
0.06962,6.6331999999999995
0.069624,6.5205
0.069628,6.6654
0.069632,6.8103
0.069636,6.6171
0.06964,6.6975999999999996
0.069644,6.7298
0.069648,6.762
0.069652,6.5043999999999995
0.069656,6.3917
0.06966,6.3755999999999995
0.069664,6.0858
0.069668,5.7316
0.069672,5.0715
0.069676,4.6046
0.06968,4.1537999999999995
0.069684,3.9123
0.069688,4.1537999999999995
0.069692,3.4132
0.069696,3.4293
0.0697,2.7531
0.069704,2.1734999999999998
0.069708,1.7227
0.069712,1.8032
0.069716,1.3685
0.06972,0.40249999999999997
0.069724,0.9177
0.069728,1.3363
0.069732,1.932
0.069736,2.3667
0.06974,1.4329
0.069744,0.8855
0.069748,0.4347
0.069752,-0.20929999999999999
0.069756,0.1771
0.06976,0.4669
0.069764,1.6743999999999999
0.069768,2.5277
0.069772,4.3953
0.069776,5.152
0.06978,7.0196
0.069784,8.6135
0.069788,9.016
0.069792,7.8729
0.069796,6.8264
0.0698,7.0357
0.069804,8.0983
0.069808,7.6796999999999995
0.069812,7.406
0.069816,7.7602
0.06982,7.9695
0.069824,7.9212
0.069828,7.3738
0.069832,7.406
0.069836,7.1967
0.06984,6.4399999999999995
0.069844,6.0053
0.069848,5.9731
0.069852,5.8926
0.069856,6.1823999999999995
0.06986,6.118
0.069864,5.7799
0.069868,5.796
0.069872,5.9409
0.069876,6.1019
0.06988,6.1985
0.069884,6.4722
0.069888,6.7298
0.069892,6.6171
0.069896,6.5366
0.0699,6.3917
0.069904,6.5043999999999995
0.069908,6.5527
0.069912,6.6493
0.069916,6.7298
0.06992,6.8103
0.069924,6.8425
0.069928,6.8425
0.069932,6.9069
0.069936,6.9391
0.06994,6.8586
0.069944,6.7942
0.069948,6.7781
0.069952,6.7942
0.069956,6.6815
0.06996,6.5527
0.069964,6.4239
0.069968,6.3917
0.069972,6.3917
0.069976,6.4239
0.06998,6.4722
0.069984,6.4399999999999995
0.069988,6.3595
0.069992,6.2629
0.069996,6.2146
0.07,6.279
0.070004,6.3917
0.070008,6.4399999999999995
0.070012,6.3917
0.070016,6.4239
0.07002,6.4078
0.070024,6.4561
0.070028,6.5043999999999995
0.070032,6.4883
0.070036,6.5205
0.07004,6.5043999999999995
0.070044,6.5205
0.070048,6.4399999999999995
0.070052,6.3434
0.070056,6.2951
0.07006,6.2307
0.070064,6.1019
0.070068,5.8765
0.070072,5.6672
0.070076,5.4901
0.07008,5.3934999999999995
0.070084,5.1842
0.070088,4.8783
0.070092,4.6851
0.070096,4.7334
0.0701,4.669
0.070104,4.3309
0.070108,3.7513
0.070112,3.6225
0.070116,3.7835
0.07012,4.0089
0.070124,4.0089
0.070128,3.7352
0.070132,3.5742
0.070136,3.3487999999999998
0.07014,2.898
0.070144,2.5277
0.070148,2.5116
0.070152,2.3828
0.070156,2.576
0.07016,2.8014
0.070164,3.1555999999999997
0.070168,3.0751
0.070172,2.7048
0.070176,2.7531
0.07018,3.2683
0.070184,3.6225
0.070188,4.1537999999999995
0.070192,4.4436
0.070196,4.9266
0.0702,4.9588
0.070204,5.3934999999999995
0.070208,5.7477
0.070212,5.6672
0.070216,5.3934999999999995
0.07022,5.2325
0.070224,4.9105
0.070228,4.991
0.070232,5.1842
0.070236,5.4901
0.07024,5.6833
0.070244,6.1341
0.070248,5.9892
0.070252,5.8765
0.070256,5.7799
0.07026,5.8282
0.070264,6.0697
0.070268,6.0053
0.070272,5.8443
0.070276,5.9731
0.07028,5.9892
0.070284,6.3273
0.070288,6.4078
0.070292,6.3111999999999995
0.070296,6.2307
0.0703,6.3755999999999995
0.070304,6.4561
0.070308,6.5527
0.070312,6.4722
0.070316,6.5205
0.07032,6.5205
0.070324,6.7137
0.070328,6.601
0.070332,6.601
0.070336,6.5205
0.07034,6.4078
0.070344,6.4078
0.070348,6.5205
0.070352,6.5527
0.070356,6.7137
0.07036,6.4239
0.070364,6.1823999999999995
0.070368,5.7155
0.070372,5.9248
0.070376,5.9731
0.07038,5.7155
0.070384,5.6028
0.070388,5.5062
0.070392,5.4901
0.070396,5.2808
0.0704,5.1681
0.070404,5.2808
0.070408,5.2808
0.070412,5.2486
0.070416,5.1037
0.07042,5.0393
0.070424,5.1681
0.070428,5.0071
0.070432,4.8944
0.070436,4.9588
0.07044,4.9105
0.070444,4.7817
0.070448,4.7334
0.070452,4.7495
0.070456,4.8139
0.07046,4.6529
0.070464,4.508
0.070468,4.2987
0.070472,4.3792
0.070476,4.3792
0.07048,4.3148
0.070484,4.3469999999999995
0.070488,4.3309
0.070492,4.2987
0.070496,4.3148
0.0705,4.3309
0.070504,4.4275
0.070508,4.3953
0.070512,4.4113999999999995
0.070516,4.4436
0.07052,4.3309
0.070524,4.1537999999999995
0.070528,3.9606
0.070532,3.864
0.070536,3.7674
0.07054,3.6708
0.070544,3.5903
0.070548,3.542
0.070552,3.5098
0.070556,3.4454
0.07056,3.2199999999999998
0.070564,2.3989
0.070568,1.0465
0.070572,0.161
0.070576,-0.5635
0.07058,-0.5957
0.070584,-0.6601
0.070588,0.0322
0.070592,-0.7406
0.070596,-1.3041
0.0706,-6.4561
0.070604,-32.9567
0.070608,-32.9567
0.070612,-30.9442
0.070616,-30.9603
0.07062,-20.3182
0.070624,-24.1178
0.070628,5.3290999999999995
0.070632,8.307599999999999
0.070636,6.3595
0.07064,2.5438
0.070644,1.8354
0.070648,4.508
0.070652,4.2343
0.070656,0.5152
0.07066,2.2056999999999998
0.070664,4.5241
0.070668,4.6529
0.070672,4.2825999999999995
0.070676,2.6887
0.07068,6.0053
0.070684,5.9731
0.070688,3.4454
0.070692,4.0733
0.070696,5.8282
0.0707,6.4399999999999995
0.070704,4.4113999999999995
0.070708,2.8014
0.070712,4.3792
0.070716,4.669
0.07072,3.7513
0.070724,2.3989
0.070728,2.4955
0.070732,3.4615
0.070736,3.1073
0.07074,2.415
0.070744,2.898
0.070748,3.6225
0.070752,3.7513
0.070756,3.2361
0.07076,5.152
0.070764,7.2772
0.070768,4.9588
0.070772,3.2361
0.070776,5.4257
0.07078,7.4382
0.070784,5.9248
0.070788,5.4257
0.070792,5.4418
0.070796,5.5866999999999996
0.0708,5.6189
0.070804,5.8765
0.070808,7.0357
0.070812,8.0339
0.070816,7.4864999999999995
0.07082,6.4078
0.070824,6.3595
0.070828,7.6314
0.070832,7.9856
0.070836,6.7298
0.07084,5.8282
0.070844,6.0536
0.070848,5.8121
0.070852,5.6672
0.070856,5.2969
0.07086,5.6833
0.070864,5.5545
0.070868,4.8461
0.070872,4.6851
0.070876,4.7012
0.07088,4.7173
0.070884,4.3631
0.070888,3.6708
0.070892,3.5903
0.070896,3.2039
0.0709,0.9982
0.070904,0.09659999999999999
0.070908,0.2737
0.070912,0.2737
0.070916,1.4973
0.07092,-1.0465
0.070924,-5.5062
0.070928,-12.9444
0.070932,-6.8264
0.070936,-2.1412999999999998
0.07094,-7.245
0.070944,-7.728
0.070948,-7.3576999999999995
0.070952,-9.7244
0.070956,-8.3881
0.07096,-3.9606
0.070964,-3.6547
0.070968,0.5313
0.070972,4.9266
0.070976,5.1681
0.07098,7.5508999999999995
0.070984,9.5151
0.070988,10.1913
0.070992,10.8514
0.070996,9.5634
0.071,9.5634
0.071004,11.2378
0.071008,12.1072
0.071012,10.1108
0.071016,9.1448
0.07102,9.5312
0.071024,10.1591
0.071028,11.109
0.071032,10.304
0.071036,10.7709
0.07104,10.8031
0.071044,9.9015
0.071048,10.1913
0.071052,11.4149
0.071056,12.6707
0.07106,12.5419
0.071064,11.8174
0.071068,11.6403
0.071072,10.6743
0.071076,10.7226
0.07108,10.5777
0.071084,10.7548
0.071088,9.8532
0.071092,9.177
0.071096,9.2575
0.0711,8.9194
0.071104,8.2271
0.071108,7.3899
0.071112,7.1162
0.071116,6.8908
0.07112,6.8264
0.071124,6.762
0.071128,6.5205
0.071132,6.9391
0.071136,7.406
0.07114,7.5831
0.071144,6.923
0.071148,6.8425
0.071152,7.0196
0.071156,7.0357
0.07116,6.923
0.071164,6.7781
0.071168,6.4561
0.071172,6.1985
0.071176,6.2629
0.07118,6.279
0.071184,6.2146
0.071188,5.7638
0.071192,5.3774
0.071196,5.2486
0.0712,5.635
0.071204,5.7799
0.071208,5.8926
0.071212,5.8926
0.071216,5.9087
0.07122,5.9731
0.071224,6.0214
0.071228,5.9731
0.071232,5.8121
0.071236,5.635
0.07124,4.5563
0.071244,3.9445
0.071248,3.9123
0.071252,3.7674
0.071256,3.2361
0.07126,1.9481
0.071264,2.5116
0.071268,1.2397
0.071272,0.9177
0.071276,-3.6225
0.07128,-4.508
0.071284,-4.6368
0.071288,-9.0643
0.071292,-5.9892
0.071296,-7.3094
0.0713,-7.3899
0.071304,-3.6708
0.071308,-6.5527
0.071312,4.7012
0.071316,5.6511
0.07132,10.304
0.071324,11.3505
0.071328,11.4954
0.071332,9.2253
0.071336,9.3863
0.07134,5.5222999999999995
0.071344,6.118
0.071348,7.2772
0.071352,8.2915
0.071356,7.9051
0.07136,8.05
0.071364,7.6314
0.071368,8.1305
0.071372,7.9695
0.071376,8.211
0.07138,7.9856
0.071384,7.8246
0.071388,7.1484
0.071392,7.0518
0.071396,7.8729
0.0714,7.9856
0.071404,8.2271
0.071408,7.4220999999999995
0.071412,7.8084999999999996
0.071416,9.611699999999999
0.07142,8.1144
0.071424,7.1806
0.071428,6.8908
0.071432,6.8747
0.071436,7.4864999999999995
0.07144,7.3094
0.071444,6.7781
0.071448,6.9713
0.071452,7.0679
0.071456,6.9552
0.07146,7.4864999999999995
0.071464,7.4382
0.071468,7.0518
0.071472,6.2307
0.071476,5.6672
0.07148,5.5384
0.071484,4.9266
0.071488,2.415
0.071492,-4.0411
0.071496,-4.7012
0.0715,-6.0053
0.071504,-4.2504
0.071508,-7.9212
0.071512,-5.313
0.071516,-9.5956
0.07152,3.1395
0.071524,7.5831
0.071528,7.0679
0.071532,8.7262
0.071536,14.3451
0.07154,10.0142
0.071544,10.4972
0.071548,11.833499999999999
0.071552,13.668899999999999
0.071556,12.5258
0.07156,12.751199999999999
0.071564,11.7369
0.071568,10.6099
0.071572,11.0607
0.071576,14.7637
0.07158,15.3433
0.071584,15.6653
0.071588,13.1215
0.071592,11.5276
0.071596,10.2074
0.0716,10.5455
0.071604,9.9015
0.071608,10.6099
0.071612,10.5616
0.071616,10.0947
0.07162,9.3058
0.071624,7.5992
0.071628,5.0071
0.071632,4.8461
0.071636,4.4597
0.07164,2.737
0.071644,1.3202
0.071648,-3.8801
0.071652,-4.5563
0.071656,-5.0876
0.07166,3.1555999999999997
0.071664,9.1931
0.071668,10.3845
0.071672,10.8353
0.071676,10.948
0.07168,10.7387
0.071684,13.7816
0.071688,13.8943
0.071692,13.411299999999999
0.071696,14.5383
0.0717,14.2324
0.071704,10.0625
0.071708,9.5473
0.071712,0.6923
0.071716,4.3148
0.07172,10.3362
0.071724,12.6707
0.071728,16.583
0.071732,16.2932
0.071736,11.914
0.07174,10.948
0.071744,9.1287
0.071748,12.1233
0.071752,11.173399999999999
0.071756,11.9462
0.07176,11.4632
0.071764,12.9766
0.071768,12.7351
0.071772,10.9319
0.071776,8.5813
0.07178,6.3755999999999995
0.071784,5.8121
0.071788,4.1216
0.071792,11.753
0.071796,10.5455
0.0718,10.2879
0.071804,13.7816
0.071808,14.2807
0.071812,9.0482
0.071816,5.6994
0.07182,7.4864999999999995
0.071824,14.2485
0.071828,16.5186
0.071832,13.2181
0.071836,10.6904
0.07184,11.9945
0.071844,14.812
0.071848,15.1823
0.071852,12.751199999999999
0.071856,14.9408
0.07186,15.3916
0.071864,12.7673
0.071868,10.0947
0.071872,7.3416
0.071876,8.0339
0.07188,11.6242
0.071884,15.0696
0.071888,11.914
0.071892,23.506
0.071896,26.7099
0.0719,18.4667
0.071904,16.0839
0.071908,15.778
0.071912,15.359399999999999
0.071916,14.1197
0.07192,12.0589
0.071924,12.751199999999999
0.071928,15.0213
0.071932,14.8281
0.071936,14.007
0.07194,13.266399999999999
0.071944,11.4793
0.071948,11.0124
0.071952,14.6993
0.071956,18.3218
0.07196,10.6421
0.071964,12.2038
0.071968,13.8138
0.071972,13.1698
0.071976,11.4632
0.07198,15.939
0.071984,24.0373
0.071988,18.8692
0.071992,24.584699999999998
0.071996,27.048
0.072,30.718799999999998
0.072004,28.915599999999998
0.072008,25.4541
0.072012,17.9032
0.072016,17.130399999999998
0.07202,17.645599999999998
0.072024,17.1948
0.072028,17.8227
0.072032,16.470299999999998
0.072036,18.3701
0.07204,29.2054
0.072044,25.8566
0.072048,21.4291
0.072052,23.4899
0.072056,21.4935
0.07206,30.912
0.072064,25.4058
0.072068,29.5113
0.072072,27.3861
0.072076,17.5168
0.07208,32.1678
0.072084,32.9728
0.072088,28.7868
0.072092,30.4129
0.072096,32.9728
0.0721,32.9728
0.072104,32.9728
0.072108,32.9728
0.072112,32.9728
0.072116,32.9728
0.07212,32.9728
0.072124,32.8923
0.072128,32.9728
0.072132,32.9728
0.072136,32.9728
0.07214,32.9728
0.072144,32.9728
0.072148,32.9728
0.072152,32.9728
0.072156,32.9728
0.07216,32.9728
0.072164,32.9728
0.072168,32.9728
0.072172,32.9728
0.072176,32.9728
0.07218,32.9728
0.072184,32.9728
0.072188,32.9728
0.072192,32.9728
0.072196,32.9728
0.0722,32.9728
0.072204,32.9728
0.072208,32.9728
0.072212,32.9728
0.072216,32.9728
0.07222,32.9728
0.072224,32.9728
0.072228,32.9728
0.072232,32.9728
0.072236,32.9728
0.07224,32.9728
0.072244,32.9728
0.072248,32.9728
0.072252,32.8279
0.072256,32.4093
0.07226,31.9263
0.072264,31.9263
0.072268,31.6687
0.072272,30.7993
0.072276,30.6222
0.07228,30.5095
0.072284,30.5095
0.072288,29.8816
0.072292,29.4791
0.072296,29.3986
0.0723,29.0766
0.072304,28.6097
0.072308,27.9657
0.072312,27.7725
0.072316,27.2895
0.07232,26.677699999999998
0.072324,26.275199999999998
0.072328,26.017599999999998
0.072332,25.615099999999998
0.072336,24.987199999999998
0.07234,24.2788
0.072344,23.8924
0.072348,23.5865
0.072352,23.2001
0.072356,22.8781
0.07236,22.4595
0.072364,22.089199999999998
0.072368,21.6062
0.072372,21.1554
0.072376,20.8656
0.07238,20.4953
0.072384,19.996199999999998
0.072388,19.5937
0.072392,19.2073
0.072396,18.9175
0.0724,18.4989
0.072404,18.1447
0.072408,17.8549
0.072412,17.549
0.072416,17.227
0.07242,16.8245
0.072424,16.615199999999998
0.072428,16.4542
0.072432,16.1322
0.072436,15.8424
0.07244,15.6009
0.072444,15.4238
0.072448,15.230599999999999
0.072452,15.0052
0.072456,14.7959
0.07246,14.6188
0.072464,14.4739
0.072468,14.2646
0.072472,14.1197
0.072476,13.9909
0.07248,13.8782
0.072484,13.685
0.072488,13.524
0.072492,13.3791
0.072496,13.2986
0.0725,13.1537
0.072504,13.008799999999999
0.072508,12.9122
0.072512,12.7673
0.072516,12.6385
0.07252,12.5419
0.072524,12.4775
0.072528,12.3809
0.072532,12.2521
0.072536,12.1394
0.07254,12.0428
0.072544,11.9945
0.072548,11.914
0.072552,11.833499999999999
0.072556,11.7208
0.07256,11.6242
0.072564,11.5276
0.072568,11.4632
0.072572,11.3988
0.072576,11.3666
0.07258,11.2378
0.072584,11.1412
0.072588,11.0607
0.072592,11.0285
0.072596,10.9802
0.0726,10.8836
0.072604,10.8192
0.072608,10.7548
0.072612,10.626
0.072616,10.626
0.07262,10.5777
0.072624,10.4972
0.072628,10.400599999999999
0.072632,10.3201
0.072636,10.2718
0.07264,10.2074
0.072644,10.1913
0.072648,10.0786
0.072652,10.0786
0.072656,9.982
0.07266,9.9176
0.072664,9.8049
0.072668,9.821
0.072672,9.7727
0.072676,9.7083
0.07268,9.611699999999999
0.072684,9.5312
0.072688,9.5151
0.072692,9.5312
0.072696,9.4185
0.0727,9.354099999999999
0.072704,9.3219
0.072708,9.2897
0.072712,9.2736
0.072716,9.2253
0.07272,9.177
0.072724,9.1126
0.072728,9.0643
0.072732,9.0321
0.072736,8.9677
0.07274,8.9516
0.072744,8.9033
0.072748,8.822799999999999
0.072752,8.7584
0.072756,8.7262
0.07276,8.7262
0.072764,8.7101
0.072768,8.6296
0.072772,8.5974
0.072776,8.5008
0.07278,8.4847
0.072784,8.5008
0.072788,8.4847
0.072792,8.4525
0.072796,8.3881
0.0728,8.307599999999999
0.072804,8.3237
0.072808,8.2915
0.072812,8.2432
0.072816,8.1949
0.07282,8.1627
0.072824,8.1144
0.072828,8.0983
0.072832,8.0339
0.072836,8.0178
0.07284,7.9695
0.072844,7.9051
0.072848,7.889
0.072852,7.889
0.072856,7.8246
0.07286,7.8729
0.072864,7.8084999999999996
0.072868,7.7763
0.072872,7.7119
0.072876,7.6636
0.07288,7.6796999999999995
0.072884,7.6475
0.072888,7.6152999999999995
0.072892,7.567
0.072896,7.5026
0.0729,7.5026
0.072904,7.5187
0.072908,7.5026
0.072912,7.4220999999999995
0.072916,7.3899
0.07292,7.3738
0.072924,7.3738
0.072928,7.3576999999999995
0.072932,7.3416
0.072936,7.2772
0.07294,7.228899999999999
0.072944,7.228899999999999
0.072948,7.2128
0.072952,7.1967
0.072956,7.1806
0.07296,7.1484
0.072964,7.084
0.072968,7.0679
0.072972,7.0518
0.072976,7.0518
0.07298,7.0357
0.072984,6.9874
0.072988,6.9552
0.072992,6.923
0.072996,6.9391
0.073,6.923
0.073004,6.8747
0.073008,6.8747
0.073012,6.8264
0.073016,6.8264
0.07302,6.8264
0.073024,6.8103
0.073028,6.7942
0.073032,6.7459
0.073036,6.7137
0.07304,6.7137
0.073044,6.7298
0.073048,6.6815
0.073052,6.6493
0.073056,6.601
0.07306,6.5849
0.073064,6.5849
0.073068,6.601
0.073072,6.5366
0.073076,6.5366
0.07308,6.5043999999999995
0.073084,6.5043999999999995
0.073088,6.4722
0.073092,6.4561
0.073096,6.4561
0.0731,6.4239
0.073104,6.3917
0.073108,6.3595
0.073112,6.3434
0.073116,6.3595
0.07312,6.3755999999999995
0.073124,6.3273
0.073128,6.3111999999999995
0.073132,6.2467999999999995
0.073136,6.2951
0.07314,6.2629
0.073144,6.2467999999999995
0.073148,6.2307
0.073152,6.1823999999999995
0.073156,6.1663
0.07316,6.1663
0.073164,6.1663
0.073168,6.1502
0.073172,6.118
0.073176,6.0858
0.07318,6.0536
0.073184,6.0536
0.073188,6.0697
0.073192,6.0697
0.073196,6.0375
0.0732,6.0214
0.073204,5.9731
0.073208,6.0375
0.073212,5.9731
0.073216,5.9892
0.07322,5.957
0.073224,5.9248
0.073228,5.8926
0.073232,5.8926
0.073236,5.8926
0.07324,5.8604
0.073244,5.8765
0.073248,5.8443
0.073252,5.8121
0.073256,5.8121
0.07326,5.8121
0.073264,5.7799
0.073268,5.7638
0.073272,5.7316
0.073276,5.7155
0.07328,5.7316
0.073284,5.7316
0.073288,5.6994
0.073292,5.6833
0.073296,5.6511
0.0733,5.6672
0.073304,5.6672
0.073308,5.6833
0.073312,5.6511
0.073316,5.6189
0.07332,5.6028
0.073324,5.5866999999999996
0.073328,5.6028
0.073332,5.6028
0.073336,5.6028
0.07334,5.5706
0.073344,5.5384
0.073348,5.4901
0.073352,5.5222999999999995
0.073356,5.5062
0.07336,5.5062
0.073364,5.474
0.073368,5.4257
0.073372,5.4418
0.073376,5.4418
0.07338,5.4418
0.073384,5.4418
0.073388,5.4096
0.073392,5.3934999999999995
0.073396,5.3774
0.0734,5.3774
0.073404,5.4096
0.073408,5.3774
0.073412,5.3613
0.073416,5.313
0.07342,5.3290999999999995
0.073424,5.313
0.073428,5.313
0.073432,5.3452
0.073436,5.2646999999999995
0.07344,5.2325
0.073444,5.2486
0.073448,5.2646999999999995
0.073452,5.2646999999999995
0.073456,5.2486
0.07346,5.2325
0.073464,5.2002999999999995
0.073468,5.1842
0.073472,5.2002999999999995
0.073476,5.2164
0.07348,5.2002999999999995
0.073484,5.1681
0.073488,5.152
0.073492,5.1359
0.073496,5.1681
0.0735,5.152
0.073504,5.1037
0.073508,5.1037
0.073512,5.0876
0.073516,5.0876
0.07352,5.1198
0.073524,5.0876
0.073528,5.0715
0.073532,5.0393
0.073536,5.0393
0.07354,5.0393
0.073544,5.0554
0.073548,5.0232
0.073552,5.0071
0.073556,4.9749
0.07356,4.991
0.073564,4.9588
0.073568,4.9749
0.073572,4.9749
0.073576,4.9588
0.07358,4.9266
0.073584,4.9105
0.073588,4.9427
0.073592,4.9427
0.073596,4.9427
0.0736,4.9266
0.073604,4.8944
0.073608,4.8783
0.073612,4.8944
0.073616,4.8944
0.07362,4.8944
0.073624,4.8622
0.073628,4.83
0.073632,4.83
0.073636,4.8461
0.07364,4.8461
0.073644,4.8461
0.073648,4.8461
0.073652,4.7817
0.073656,4.7978
0.07366,4.8139
0.073664,4.8139
0.073668,4.7978
0.073672,4.7978
0.073676,4.7495
0.07368,4.7495
0.073684,4.7817
0.073688,4.7817
0.073692,4.7656
0.073696,4.7173
0.0737,4.7173
0.073704,4.7012
0.073708,4.7656
0.073712,4.7173
0.073716,4.7334
0.07372,4.669
0.073724,4.669
0.073728,4.6529
0.073732,4.6851
0.073736,4.6851
0.07374,4.6529
0.073744,4.6368
0.073748,4.6368
0.073752,4.6368
0.073756,4.6529
0.07376,4.6368
0.073764,4.6207
0.073768,4.6046
0.073772,4.5885
0.073776,4.6046
0.07378,4.6046
0.073784,4.6046
0.073788,4.6046
0.073792,4.5402
0.073796,4.5563
0.0738,4.5563
0.073804,4.5724
0.073808,4.5724
0.073812,4.5402
0.073816,4.5241
0.07382,4.5241
0.073824,4.5402
0.073828,4.5402
0.073832,4.5241
0.073836,4.5402
0.07384,4.4919
0.073844,4.4597
0.073848,4.508
0.073852,4.508
0.073856,4.4919
0.07386,4.4919
0.073864,4.4275
0.073868,4.4436
0.073872,4.4597
0.073876,4.4597
0.07388,4.4597
0.073884,4.4275
0.073888,4.4113999999999995
0.073892,4.4113999999999995
0.073896,4.4275
0.0739,4.4436
0.073904,4.4436
0.073908,4.3953
0.073912,4.3953
0.073916,4.3631
0.07392,4.3953
0.073924,4.4275
0.073928,4.3792
0.073932,4.3469999999999995
0.073936,4.3309
0.07394,4.3309
0.073944,4.3631
0.073948,4.3792
0.073952,4.3631
0.073956,4.3309
0.07396,4.3148
0.073964,4.3148
0.073968,4.3309
0.073972,4.3631
0.073976,4.3309
0.07398,4.2987
0.073984,4.2665
0.073988,4.2987
0.073992,4.2987
0.073996,4.2987
0.074,4.2987
0.074004,4.2504
0.074008,4.2504
0.074012,4.2504
0.074016,4.2665
0.07402,4.2665
0.074024,4.2181999999999995
0.074028,4.2181999999999995
0.074032,4.2181999999999995
0.074036,4.2181999999999995
0.07404,4.2504
0.074044,4.2343
0.074048,4.2343
0.074052,4.2021
0.074056,4.1699
0.07406,4.2021
0.074064,4.2504
0.074068,4.186
0.074072,4.2021
0.074076,4.1699
0.07408,4.1537999999999995
0.074084,4.186
0.074088,4.2021
0.074092,4.1699
0.074096,4.1699
0.0741,4.1377
0.074104,4.1377
0.074108,4.1537999999999995
0.074112,4.1699
0.074116,4.1377
0.07412,4.1537999999999995
0.074124,4.1216
0.074128,4.1055
0.074132,4.1377
0.074136,4.1699
0.07414,4.1216
0.074144,4.1216
0.074148,4.0894
0.074152,4.0733
0.074156,4.1216
0.07416,4.1055
0.074164,4.0894
0.074168,4.0894
0.074172,4.0572
0.074176,4.0894
0.07418,4.0733
0.074184,4.0894
0.074188,4.0733
0.074192,4.0572
0.074196,4.0411
0.0742,4.025
0.074204,4.0733
0.074208,4.0733
0.074212,4.0572
0.074216,4.0411
0.07422,4.0089
0.074224,4.0089
0.074228,4.0572
0.074232,4.025
0.074236,4.0089
0.07424,4.025
0.074244,3.9767
0.074248,4.0089
0.074252,4.0411
0.074256,4.0089
0.07426,4.025
0.074264,3.9606
0.074268,3.9606
0.074272,3.9767
0.074276,3.9928
0.07428,3.9767
0.074284,3.9767
0.074288,3.9606
0.074292,3.9445
0.074296,3.9767
0.0743,3.9767
0.074304,3.9767
0.074308,3.9445
0.074312,3.9123
0.074316,3.9123
0.07432,3.9445
0.074324,3.9767
0.074328,3.9445
0.074332,3.9284
0.074336,3.8962
0.07434,3.9123
0.074344,3.9445
0.074348,3.9445
0.074352,3.9284
0.074356,3.9123
0.07436,3.8801
0.074364,3.8801
0.074368,3.9123
0.074372,3.9123
0.074376,3.8962
0.07438,3.864
0.074384,3.864
0.074388,3.864
0.074392,3.8801
0.074396,3.8801
0.0744,3.8801
0.074404,3.864
0.074408,3.8479
0.074412,3.8479
0.074416,3.864
0.07442,3.8801
0.074424,3.8479
0.074428,3.8318
0.074432,3.8157
0.074436,3.8318
0.07444,3.8479
0.074444,3.8479
0.074448,3.8318
0.074452,3.7996
0.074456,3.7835
0.07446,3.8157
0.074464,3.8318
0.074468,3.8157
0.074472,3.8157
0.074476,3.7996
0.07448,3.7835
0.074484,3.7835
0.074488,3.8318
0.074492,3.8157
0.074496,3.7835
0.0745,3.7513
0.074504,3.7674
0.074508,3.7835
0.074512,3.7835
0.074516,3.7835
0.07452,3.7674
0.074524,3.7352
0.074528,3.7352
0.074532,3.7674
0.074536,3.7835
0.07454,3.7513
0.074544,3.7513
0.074548,3.7352
0.074552,3.7352
0.074556,3.7513
0.07456,3.7674
0.074564,3.7513
0.074568,3.703
0.074572,3.7191
0.074576,3.703
0.07458,3.7191
0.074584,3.7352
0.074588,3.7191
0.074592,3.703
0.074596,3.6869
0.0746,3.6869
0.074604,3.7191
0.074608,3.7191
0.074612,3.703
0.074616,3.6708
0.07462,3.6708
0.074624,3.6869
0.074628,3.6869
0.074632,3.6869
0.074636,3.6869
0.07464,3.6547
0.074644,3.6386
0.074648,3.6708
0.074652,3.6869
0.074656,3.6869
0.07466,3.6708
0.074664,3.6225
0.074668,3.6386
0.074672,3.6547
0.074676,3.6708
0.07468,3.6547
0.074684,3.6386
0.074688,3.6386
0.074692,3.6225
0.074696,3.6547
0.0747,3.6708
0.074704,3.6547
0.074708,3.6225
0.074712,3.6064
0.074716,3.5903
0.07472,3.6225
0.074724,3.6386
0.074728,3.6225
0.074732,3.6064
0.074736,3.5903
0.07474,3.6064
0.074744,3.6225
0.074748,3.6064
0.074752,3.6064
0.074756,3.6064
0.07476,3.542
0.074764,3.5742
0.074768,3.5903
0.074772,3.6064
0.074776,3.5903
0.07478,3.542
0.074784,3.5581
0.074788,3.5742
0.074792,3.6064
0.074796,3.5903
0.0748,3.5581
0.074804,3.5581
0.074808,3.5259
0.074812,3.5581
0.074816,3.5742
0.07482,3.5581
0.074824,3.5581
0.074828,3.5259
0.074832,3.5098
0.074836,3.542
0.07484,3.5581
0.074844,3.5581
0.074848,3.542
0.074852,3.5098
0.074856,3.5098
0.07486,3.542
0.074864,3.5581
0.074868,3.5259
0.074872,3.5098
0.074876,3.4776
0.07488,3.5259
0.074884,3.5098
0.074888,3.5259
0.074892,3.5259
0.074896,3.4937
0.0749,3.4776
0.074904,3.4937
0.074908,3.5259
0.074912,3.5259
0.074916,3.4937
0.07492,3.4937
0.074924,3.4615
0.074928,3.4615
0.074932,3.5098
0.074936,3.5098
0.07494,3.4776
0.074944,3.4615
0.074948,3.4454
0.074952,3.4776
0.074956,3.4937
0.07496,3.4937
0.074964,3.4776
0.074968,3.4615
0.074972,3.4132
0.074976,3.4776
0.07498,3.4937
0.074984,3.4615
0.074988,3.4615
0.074992,3.4293
0.074996,3.4293
0.075,3.4615
0.075004,3.4776
0.075008,3.4615
0.075012,3.4293
0.075016,3.4293
0.07502,3.4454
0.075024,3.4454
0.075028,3.4615
0.075032,3.4293
0.075036,3.4132
0.07504,3.4132
0.075044,3.4293
0.075048,3.4454
0.075052,3.4454
0.075056,3.4454
0.07506,3.4293
0.075064,3.381
0.075068,3.4132
0.075072,3.4132
0.075076,3.4132
0.07508,3.3971
0.075084,3.381
0.075088,3.381
0.075092,3.381
0.075096,3.4132
0.0751,3.4132
0.075104,3.3971
0.075108,3.3649
0.075112,3.3649
0.075116,3.3649
0.07512,3.3971
0.075124,3.3971
0.075128,3.381
0.075132,3.3487999999999998
0.075136,3.3649
0.07514,3.3649
0.075144,3.3971
0.075148,3.3971
0.075152,3.3487999999999998
0.075156,3.3327
0.07516,3.3327
0.075164,3.3649
0.075168,3.3649
0.075172,3.3649
0.075176,3.3487999999999998
0.07518,3.3327
0.075184,3.3327
0.075188,3.3487999999999998
0.075192,3.3487999999999998
0.075196,3.3487999999999998
0.0752,3.3165999999999998
0.075204,3.3165999999999998
0.075208,3.3165999999999998
0.075212,3.3487999999999998
0.075216,3.3487999999999998
0.07522,3.3327
0.075224,3.3165999999999998
0.075228,3.3005
0.075232,3.3005
0.075236,3.3327
0.07524,3.3487999999999998
0.075244,3.3165999999999998
0.075248,3.2683
0.075252,3.2843999999999998
0.075256,3.3005
0.07526,3.3327
0.075264,3.3327
0.075268,3.2843999999999998
0.075272,3.2843999999999998
0.075276,3.2683
0.07528,3.3165999999999998
0.075284,3.3165999999999998
0.075288,3.3165999999999998
0.075292,3.3005
0.075296,3.2683
0.0753,3.2521999999999998
0.075304,3.3005
0.075308,3.3005
0.075312,3.3005
0.075316,3.2683
0.07532,3.2361
0.075324,3.2683
0.075328,3.3005
0.075332,3.2843999999999998
0.075336,3.2683
0.07534,3.2521999999999998
0.075344,3.2521999999999998
0.075348,3.2521999999999998
0.075352,3.2683
0.075356,3.2683
0.07536,3.2521999999999998
0.075364,3.2521999999999998
0.075368,3.2361
0.075372,3.2521999999999998
0.075376,3.2683
0.07538,3.2843999999999998
0.075384,3.2521999999999998
0.075388,3.2199999999999998
0.075392,3.2361
0.075396,3.2521999999999998
0.0754,3.2683
0.075404,3.2683
0.075408,3.2199999999999998
0.075412,3.2039
0.075416,3.2199999999999998
0.07542,3.2361
0.075424,3.2521999999999998
0.075428,3.2361
0.075432,3.2199999999999998
0.075436,3.2039
0.07544,3.2039
0.075444,3.2361
0.075448,3.2199999999999998
0.075452,3.2361
0.075456,3.2039
0.07546,3.1877999999999997
0.075464,3.2039
0.075468,3.2199999999999998
0.075472,3.2361
0.075476,3.2361
0.07548,3.2039
0.075484,3.1717
0.075488,3.2039
0.075492,3.2361
0.075496,3.2199999999999998
0.0755,3.1877999999999997
0.075504,3.1877999999999997
0.075508,3.1717
0.075512,3.1877999999999997
0.075516,3.2361
0.07552,3.2199999999999998
0.075524,3.1877999999999997
0.075528,3.1717
0.075532,3.1555999999999997
0.075536,3.1877999999999997
0.07554,3.2199999999999998
0.075544,3.1877999999999997
0.075548,3.1877999999999997
0.075552,3.1555999999999997
0.075556,3.1555999999999997
0.07556,3.2039
0.075564,3.1877999999999997
0.075568,3.1877999999999997
0.075572,3.1717
0.075576,3.1555999999999997
0.07558,3.1717
0.075584,3.1877999999999997
0.075588,3.1877999999999997
0.075592,3.1717
0.075596,3.1555999999999997
0.0756,3.1395
0.075604,3.1555999999999997
0.075608,3.1877999999999997
0.075612,3.1717
0.075616,3.1717
0.07562,3.1555999999999997
0.075624,3.1233999999999997
0.075628,3.1555999999999997
0.075632,3.1555999999999997
0.075636,3.1717
0.07564,3.1395
0.075644,3.1233999999999997
0.075648,3.1233999999999997
0.075652,3.1395
0.075656,3.1555999999999997
0.07566,3.1555999999999997
0.075664,3.1233999999999997
0.075668,3.1073
0.075672,3.0911999999999997
0.075676,3.1395
0.07568,3.1555999999999997
0.075684,3.1395
0.075688,3.1233999999999997
0.075692,3.0911999999999997
0.075696,3.1073
0.0757,3.1395
0.075704,3.1555999999999997
0.075708,3.1233999999999997
0.075712,3.1073
0.075716,3.1073
0.07572,3.1073
0.075724,3.1555999999999997
0.075728,3.1233999999999997
0.075732,3.1073
0.075736,3.0911999999999997
0.07574,3.0911999999999997
0.075744,3.1073
0.075748,3.1073
0.075752,3.1233999999999997
0.075756,3.1073
0.07576,3.0751
0.075764,3.0911999999999997
0.075768,3.0911999999999997
0.075772,3.1233999999999997
0.075776,3.1233999999999997
0.07578,3.0751
0.075784,3.059
0.075788,3.059
0.075792,3.0911999999999997
0.075796,3.1073
0.0758,3.1073
0.075804,3.0751
0.075808,3.0429
0.075812,3.059
0.075816,3.0911999999999997
0.07582,3.1073
0.075824,3.0751
0.075828,3.0751
0.075832,3.0429
0.075836,3.059
0.07584,3.0911999999999997
0.075844,3.059
0.075848,3.0751
0.075852,3.0429
0.075856,3.0268
0.07586,3.059
0.075864,3.0751
0.075868,3.059
0.075872,3.0429
0.075876,3.0268
0.07588,3.0268
0.075884,3.059
0.075888,3.059
0.075892,3.0429
0.075896,3.0429
0.0759,3.0268
0.075904,3.0268
0.075908,3.0429
0.075912,3.059
0.075916,3.0429
0.07592,3.0107
0.075924,3.0107
0.075928,2.9946
0.075932,3.0429
0.075936,3.059
0.07594,3.0429
0.075944,2.9946
0.075948,3.0107
0.075952,3.0107
0.075956,3.0429
0.07596,3.0268
0.075964,3.0107
0.075968,2.9946
0.075972,2.9785
0.075976,3.0107
0.07598,3.0429
0.075984,3.0268
0.075988,3.0107
0.075992,2.9785
0.075996,2.9946
0.076,3.0107
0.076004,3.0268
0.076008,3.0268
0.076012,2.9785
0.076016,2.9946
0.07602,2.9785
0.076024,3.0107
0.076028,3.0268
0.076032,2.9946
0.076036,2.9785
0.07604,2.9624
0.076044,2.9785
0.076048,3.0107
0.076052,3.0107
0.076056,2.9946
0.07606,2.9624
0.076064,2.9785
0.076068,2.9785
0.076072,3.0107
0.076076,3.0107
0.07608,2.9624
0.076084,2.9624
0.076088,2.9624
0.076092,2.9946
0.076096,2.9946
0.0761,2.9785
0.076104,2.9624
0.076108,2.9463
0.076112,2.9785
0.076116,2.9946
0.07612,2.9624
0.076124,2.9785
0.076128,2.9463
0.076132,2.9463
0.076136,2.9463
0.07614,2.9624
0.076144,2.9785
0.076148,2.9785
0.076152,2.9463
0.076156,2.9302
0.07616,2.9302
0.076164,2.9785
0.076168,2.9624
0.076172,2.9463
0.076176,2.9302
0.07618,2.9302
0.076184,2.9463
0.076188,2.9785
0.076192,2.9624
0.076196,2.9302
0.0762,2.9141
0.076204,2.9302
0.076208,2.9463
0.076212,2.9624
0.076216,2.9463
0.07622,2.9302
0.076224,2.9141
0.076228,2.9141
0.076232,2.9624
0.076236,2.9463
0.07624,2.9624
0.076244,2.898
0.076248,2.9141
0.076252,2.9302
0.076256,2.9463
0.07626,2.9463
0.076264,2.9141
0.076268,2.9141
0.076272,2.9141
0.076276,2.9141
0.07628,2.9463
0.076284,2.9463
0.076288,2.9141
0.076292,2.9141
0.076296,2.8819
0.0763,2.9141
0.076304,2.9463
0.076308,2.9141
0.076312,2.9141
0.076316,2.8819
0.07632,2.898
0.076324,2.9141
0.076328,2.9302
0.076332,2.9141
0.076336,2.8819
0.07634,2.898
0.076344,2.8819
0.076348,2.9141
0.076352,2.9302
0.076356,2.9141
0.07636,2.8819
0.076364,2.8658
0.076368,2.8819
0.076372,2.9141
0.076376,2.9141
0.07638,2.898
0.076384,2.8658
0.076388,2.8658
0.076392,2.898
0.076396,2.9141
0.0764,2.898
0.076404,2.8819
0.076408,2.8658
0.076412,2.8658
0.076416,2.898
0.07642,2.898
0.076424,2.898
0.076428,2.8497
0.076432,2.8336
0.076436,2.8658
0.07644,2.8819
0.076444,2.8819
0.076448,2.8819
0.076452,2.8336
0.076456,2.8497
0.07646,2.8497
0.076464,2.8819
0.076468,2.8819
0.076472,2.8336
0.076476,2.8336
0.07648,2.8336
0.076484,2.8658
0.076488,2.8658
0.076492,2.8497
0.076496,2.8497
0.0765,2.8336
0.076504,2.8336
0.076508,2.8497
0.076512,2.8658
0.076516,2.8658
0.07652,2.8497
0.076524,2.7853
0.076528,2.8336
0.076532,2.8497
0.076536,2.8658
0.07654,2.8336
0.076544,2.8014
0.076548,2.8014
0.076552,2.8175
0.076556,2.8497
0.07656,2.8497
0.076564,2.8175
0.076568,2.8175
0.076572,2.8014
0.076576,2.8175
0.07658,2.8336
0.076584,2.8336
0.076588,2.8175
0.076592,2.8014
0.076596,2.7853
0.0766,2.8175
0.076604,2.8497
0.076608,2.8175
0.076612,2.8014
0.076616,2.7853
0.07662,2.7853
0.076624,2.8175
0.076628,2.8497
0.076632,2.8014
0.076636,2.7853
0.07664,2.7853
0.076644,2.8014
0.076648,2.8175
0.076652,2.8175
0.076656,2.8014
0.07666,2.7692
0.076664,2.7853
0.076668,2.7853
0.076672,2.8175
0.076676,2.8175
0.07668,2.7853
0.076684,2.7853
0.076688,2.7692
0.076692,2.7853
0.076696,2.8175
0.0767,2.8014
0.076704,2.7853
0.076708,2.7692
0.076712,2.7853
0.076716,2.8014
0.07672,2.8175
0.076724,2.7853
0.076728,2.7531
0.076732,2.7692
0.076736,2.7531
0.07674,2.8014
0.076744,2.8014
0.076748,2.7853
0.076752,2.7692
0.076756,2.7531
0.07676,2.7692
0.076764,2.8014
0.076768,2.8014
0.076772,2.7692
0.076776,2.737
0.07678,2.7692
0.076784,2.7853
0.076788,2.8014
0.076792,2.7853
0.076796,2.737
0.0768,2.737
0.076804,2.7692
0.076808,2.7853
0.076812,2.7853
0.076816,2.7692
0.07682,2.7531
0.076824,2.737
0.076828,2.7531
0.076832,2.7853
0.076836,2.7853
0.07684,2.7692
0.076844,2.737
0.076848,2.737
0.076852,2.7531
0.076856,2.7692
0.07686,2.7853
0.076864,2.7531
0.076868,2.7209
0.076872,2.7531
0.076876,2.7692
0.07688,2.7853
0.076884,2.7531
0.076888,2.737
0.076892,2.737
0.076896,2.7209
0.0769,2.7692
0.076904,2.7531
0.076908,2.7531
0.076912,2.737
0.076916,2.7209
0.07692,2.737
0.076924,2.7692
0.076928,2.7692
0.076932,2.7209
0.076936,2.7048
0.07694,2.7209
0.076944,2.737
0.076948,2.7531
0.076952,2.7531
0.076956,2.7209
0.07696,2.7048
0.076964,2.737
0.076968,2.737
0.076972,2.7692
0.076976,2.737
0.07698,2.7209
0.076984,2.7048
0.076988,2.7209
0.076992,2.7531
0.076996,2.737
0.077,2.737
0.077004,2.7048
0.077008,2.6887
0.077012,2.7209
0.077016,2.7531
0.07702,2.737
0.077024,2.7048
0.077028,2.6887
0.077032,2.7048
0.077036,2.7209
0.07704,2.737
0.077044,2.7209
0.077048,2.7048
0.077052,2.6887
0.077056,2.7048
0.07706,2.7209
0.077064,2.7209
0.077068,2.7209
0.077072,2.6887
0.077076,2.6887
0.07708,2.6887
0.077084,2.7209
0.077088,2.7209
0.077092,2.6887
0.077096,2.6726
0.0771,2.6887
0.077104,2.6887
0.077108,2.7209
0.077112,2.7209
0.077116,2.6887
0.07712,2.6565
0.077124,2.6565
0.077128,2.7048
0.077132,2.7048
0.077136,2.6887
0.07714,2.7048
0.077144,2.6565
0.077148,2.6565
0.077152,2.7048
0.077156,2.7048
0.07716,2.7048
0.077164,2.6565
0.077168,2.6565
0.077172,2.6726
0.077176,2.6887
0.07718,2.7048
0.077184,2.7048
0.077188,2.6404
0.077192,2.6565
0.077196,2.6565
0.0772,2.6887
0.077204,2.6887
0.077208,2.6726
0.077212,2.6404
0.077216,2.6565
0.07722,2.6887
0.077224,2.6726
0.077228,2.6726
0.077232,2.6565
0.077236,2.6404
0.07724,2.6404
0.077244,2.6726
0.077248,2.6726
0.077252,2.6726
0.077256,2.6404
0.07726,2.6243
0.077264,2.6565
0.077268,2.6726
0.077272,2.6726
0.077276,2.6565
0.07728,2.6243
0.077284,2.6243
0.077288,2.6726
0.077292,2.6726
0.077296,2.6404
0.0773,2.6243
0.077304,2.6243
0.077308,2.6404
0.077312,2.6565
0.077316,2.6565
0.07732,2.6565
0.077324,2.6243
0.077328,2.6082
0.077332,2.6243
0.077336,2.6565
0.07734,2.6565
0.077344,2.6404
0.077348,2.6243
0.077352,2.6082
0.077356,2.6404
0.07736,2.6565
0.077364,2.6404
0.077368,2.6243
0.077372,2.6082
0.077376,2.6243
0.07738,2.6565
0.077384,2.6404
0.077388,2.6404
0.077392,2.6243
0.077396,2.6082
0.0774,2.6082
0.077404,2.6243
0.077408,2.6565
0.077412,2.6404
0.077416,2.6082
0.07742,2.5921
0.077424,2.6082
0.077428,2.6082
0.077432,2.5921
0.077436,2.6404
0.07744,2.5921
0.077444,2.5921
0.077448,2.5921
0.077452,2.6404
0.077456,2.6404
0.07746,2.6082
0.077464,2.5921
0.077468,2.5921
0.077472,2.6082
0.077476,2.6404
0.07748,2.6082
0.077484,2.6082
0.077488,2.5921
0.077492,2.5599
0.077496,2.5921
0.0775,2.6404
0.077504,2.6243
0.077508,2.6243
0.077512,2.576
0.077516,2.576
0.07752,2.6082
0.077524,2.6082
0.077528,2.6243
0.077532,2.6082
0.077536,2.5921
0.07754,2.5599
0.077544,2.5921
0.077548,2.6082
0.077552,2.6082
0.077556,2.6082
0.07756,2.5599
0.077564,2.576
0.077568,2.576
0.077572,2.6082
0.077576,2.6082
0.07758,2.5921
0.077584,2.5921
0.077588,2.5599
0.077592,2.6082
0.077596,2.6082
0.0776,2.5921
0.077604,2.5921
0.077608,2.5438
0.077612,2.5921
0.077616,2.6082
0.07762,2.5921
0.077624,2.5921
0.077628,2.5438
0.077632,2.5599
0.077636,2.5921
0.07764,2.5921
0.077644,2.5921
0.077648,2.5599
0.077652,2.5438
0.077656,2.576
0.07766,2.576
0.077664,2.5921
0.077668,2.576
0.077672,2.5438
0.077676,2.5599
0.07768,2.576
0.077684,2.5921
0.077688,2.576
0.077692,2.5438
0.077696,2.5438
0.0777,2.576
0.077704,2.576
0.077708,2.576
0.077712,2.5438
0.077716,2.5438
0.07772,2.5599
0.077724,2.576
0.077728,2.576
0.077732,2.5438
0.077736,2.5438
0.07774,2.5599
0.077744,2.5599
0.077748,2.5599
0.077752,2.5438
0.077756,2.5277
0.07776,2.5599
0.077764,2.5599
0.077768,2.5599
0.077772,2.5277
0.077776,2.5277
0.07778,2.5599
0.077784,2.5599
0.077788,2.5599
0.077792,2.5277
0.077796,2.5277
0.0778,2.5438
0.077804,2.576
0.077808,2.5277
0.077812,2.5438
0.077816,2.5277
0.07782,2.5277
0.077824,2.5599
0.077828,2.5599
0.077832,2.5116
0.077836,2.5277
0.07784,2.5438
0.077844,2.5599
0.077848,2.5438
0.077852,2.5438
0.077856,2.5277
0.07786,2.5277
0.077864,2.5599
0.077868,2.5116
0.077872,2.4794
0.077876,2.5277
0.07788,2.5438
0.077884,2.5438
0.077888,2.5116
0.077892,2.5116
0.077896,2.5277
0.0779,2.5438
0.077904,2.5277
0.077908,2.5116
0.077912,2.5116
0.077916,2.5116
0.07792,2.5438
0.077924,2.4794
0.077928,2.4955
0.077932,2.5116
0.077936,2.5116
0.07794,2.5277
0.077944,2.4955
0.077948,2.4794
0.077952,2.5116
0.077956,2.5116
0.07796,2.5116
0.077964,2.4955
0.077968,2.4794
0.077972,2.5116
0.077976,2.5116
0.07798,2.4794
0.077984,2.4955
0.077988,2.4955
0.077992,2.5116
0.077996,2.4955
0.078,2.4794
0.078004,2.4955
0.078008,2.5277
0.078012,2.4955
0.078016,2.4794
0.07802,2.4794
0.078024,2.5116
0.078028,2.4955
0.078032,2.4794
0.078036,2.4794
0.07804,2.4794
0.078044,2.5116
0.078048,2.4794
0.078052,2.4794
0.078056,2.4794
0.07806,2.4794
0.078064,2.4794
0.078068,2.4633
0.078072,2.4633
0.078076,2.4955
0.07808,2.4955
0.078084,2.4794
0.078088,2.4633
0.078092,2.4794
0.078096,2.4794
0.0781,2.4794
0.078104,2.4633
0.078108,2.4633
0.078112,2.4794
0.078116,2.4794
0.07812,2.4633
0.078124,2.4633
0.078128,2.4633
0.078132,2.4794
0.078136,2.4633
0.07814,2.4633
0.078144,2.4794
0.078148,2.4633
0.078152,2.4633
0.078156,2.4633
0.07816,2.4633
0.078164,2.4794
0.078168,2.4633
0.078172,2.4633
0.078176,2.4794
0.07818,2.4794
0.078184,2.4633
0.078188,2.4472
0.078192,2.4633
0.078196,2.4633
0.0782,2.4633
0.078204,2.4633
0.078208,2.4633
0.078212,2.4633
0.078216,2.4633
0.07822,2.4472
0.078224,2.4472
0.078228,2.4633
0.078232,2.4633
0.078236,2.4472
0.07824,2.4472
0.078244,2.4472
0.078248,2.4633
0.078252,2.4472
0.078256,2.4311
0.07826,2.4633
0.078264,2.4633
0.078268,2.4472
0.078272,2.4311
0.078276,2.4472
0.07828,2.4794
0.078284,2.4311
0.078288,2.4311
0.078292,2.4633
0.078296,2.4311
0.0783,2.4472
0.078304,2.4472
0.078308,2.4633
0.078312,2.4633
0.078316,2.4311
0.07832,2.4472
0.078324,2.4472
0.078328,2.4311
0.078332,2.4311
0.078336,2.4472
0.07834,2.4311
0.078344,2.4472
0.078348,2.4311
0.078352,2.4472
0.078356,2.4472
0.07836,2.4472
0.078364,2.4311
0.078368,2.4472
0.078372,2.4472
0.078376,2.4472
0.07838,2.4311
0.078384,2.4311
0.078388,2.4472
0.078392,2.4311
0.078396,2.415
0.0784,2.4472
0.078404,2.4472
0.078408,2.4311
0.078412,2.4311
0.078416,2.4311
0.07842,2.4311
0.078424,2.4311
0.078428,2.415
0.078432,2.415
0.078436,2.4311
0.07844,2.415
0.078444,2.4311
0.078448,2.4311
0.078452,2.4311
0.078456,2.4311
0.07846,2.415
0.078464,2.4472
0.078468,2.415
0.078472,2.415
0.078476,2.4311
0.07848,2.4311
0.078484,2.4311
0.078488,2.415
0.078492,2.415
0.078496,2.4311
0.0785,2.3989
0.078504,2.415
0.078508,2.4311
0.078512,2.415
0.078516,2.415
0.07852,2.415
0.078524,2.415
0.078528,2.415
0.078532,2.3989
0.078536,2.3989
0.07854,2.415
0.078544,2.3989
0.078548,2.3989
0.078552,2.415
0.078556,2.3989
0.07856,2.415
0.078564,2.3989
0.078568,2.3989
0.078572,2.415
0.078576,2.3989
0.07858,2.415
0.078584,2.3989
0.078588,2.3828
0.078592,2.3989
0.078596,2.3828
0.0786,2.3989
0.078604,2.3989
0.078608,2.3828
0.078612,2.3989
0.078616,2.3828
0.07862,2.3828
0.078624,2.3828
0.078628,2.3989
0.078632,2.3989
0.078636,2.3828
0.07864,2.3828
0.078644,2.3828
0.078648,2.3989
0.078652,2.3828
0.078656,2.3828
0.07866,2.3828
0.078664,2.3989
0.078668,2.3828
0.078672,2.3667
0.078676,2.3828
0.07868,2.3828
0.078684,2.3828
0.078688,2.3828
0.078692,2.3828
0.078696,2.3506
0.0787,2.3667
0.078704,2.3667
0.078708,2.3667
0.078712,2.3667
0.078716,2.3828
0.07872,2.3667
0.078724,2.3345
0.078728,2.3828
0.078732,2.3667
0.078736,2.3667
0.07874,2.3667
0.078744,2.3667
0.078748,2.3667
0.078752,2.3506
0.078756,2.3667
0.07876,2.3667
0.078764,2.3506
0.078768,2.3667
0.078772,2.3667
0.078776,2.3506
0.07878,2.3506
0.078784,2.3506
0.078788,2.3667
0.078792,2.3345
0.078796,2.3506
0.0788,2.3506
0.078804,2.3506
0.078808,2.3506
0.078812,2.3506
0.078816,2.3506
0.07882,2.3506
0.078824,2.3506
0.078828,2.3506
0.078832,2.3345
0.078836,2.3506
0.07884,2.3506
0.078844,2.3667
0.078848,2.3506
0.078852,2.3184
0.078856,2.3345
0.07886,2.3345
0.078864,2.3345
0.078868,2.3345
0.078872,2.3184
0.078876,2.3345
0.07888,2.3345
0.078884,2.3345
0.078888,2.3345
0.078892,2.3184
0.078896,2.3345
0.0789,2.3345
0.078904,2.3345
0.078908,2.3345
0.078912,2.3184
0.078916,2.3184
0.07892,2.3184
0.078924,2.3345
0.078928,2.3184
0.078932,2.3345
0.078936,2.3184
0.07894,2.3184
0.078944,2.3184
0.078948,2.3184
0.078952,2.3345
0.078956,2.3184
0.07896,2.3184
0.078964,2.3023
0.078968,2.3184
0.078972,2.3023
0.078976,2.3023
0.07898,2.3184
0.078984,2.3023
0.078988,2.3184
0.078992,2.3184
0.078996,2.3345
0.079,2.3023
0.079004,2.3023
0.079008,2.3184
0.079012,2.3023
0.079016,2.3184
0.07902,2.3023
0.079024,2.3023
0.079028,2.3184
0.079032,2.3023
0.079036,2.3184
0.07904,2.3184
0.079044,2.3023
0.079048,2.3023
0.079052,2.3023
0.079056,2.3023
0.07906,2.3023
0.079064,2.3023
0.079068,2.3023
0.079072,2.3023
0.079076,2.3184
0.07908,2.3023
0.079084,2.3023
0.079088,2.3184
0.079092,2.3023
0.079096,2.3023
0.0791,2.3184
0.079104,2.3023
0.079108,2.2862
0.079112,2.3023
0.079116,2.2862
0.07912,2.2862
0.079124,2.3023
0.079128,2.3023
0.079132,2.3023
0.079136,2.2862
0.07914,2.3023
0.079144,2.3023
0.079148,2.3023
0.079152,2.3023
0.079156,2.3023
0.07916,2.2862
0.079164,2.3023
0.079168,2.3023
0.079172,2.2862
0.079176,2.3023
0.07918,2.2862
0.079184,2.2862
0.079188,2.3023
0.079192,2.2862
0.079196,2.2862
0.0792,2.2862
0.079204,2.2701
0.079208,2.2862
0.079212,2.2701
0.079216,2.2862
0.07922,2.2862
0.079224,2.2701
0.079228,2.2862
0.079232,2.2701
0.079236,2.2862
0.07924,2.2862
0.079244,2.2701
0.079248,2.2701
0.079252,2.2862
0.079256,2.2701
0.07926,2.2862
0.079264,2.2701
0.079268,2.2701
0.079272,2.2862
0.079276,2.254
0.07928,2.2701
0.079284,2.2862
0.079288,2.254
0.079292,2.2701
0.079296,2.254
0.0793,2.2701
0.079304,2.2701
0.079308,2.2701
0.079312,2.254
0.079316,2.2701
0.07932,2.2701
0.079324,2.2701
0.079328,2.2701
0.079332,2.254
0.079336,2.254
0.07934,2.254
0.079344,2.2701
0.079348,2.2701
0.079352,2.254
0.079356,2.2701
0.07936,2.2701
0.079364,2.254
0.079368,2.254
0.079372,2.2379
0.079376,2.254
0.07938,2.2379
0.079384,2.254
0.079388,2.254
0.079392,2.2379
0.079396,2.254
0.0794,2.2379
0.079404,2.254
0.079408,2.254
0.079412,2.2379
0.079416,2.254
0.07942,2.2379
0.079424,2.254
0.079428,2.2379
0.079432,2.2379
0.079436,2.254
0.07944,2.2379
0.079444,2.2379
0.079448,2.2379
0.079452,2.254
0.079456,2.254
0.07946,2.2218
0.079464,2.2379
0.079468,2.2379
0.079472,2.2379
0.079476,2.2701
0.07948,2.2056999999999998
0.079484,2.2862
0.079488,2.1896
0.079492,2.2701
0.079496,2.1896
0.0795,2.2379
0.079504,2.2218
0.079508,2.2218
0.079512,2.2218
0.079516,2.2379
0.07952,2.2056999999999998
0.079524,2.2379
0.079528,2.1896
0.079532,2.254
0.079536,2.2056999999999998
0.07954,2.2218
0.079544,2.2379
0.079548,2.2056999999999998
0.079552,2.2218
0.079556,2.2379
0.07956,2.2056999999999998
0.079564,2.2379
0.079568,2.2056999999999998
0.079572,2.2379
0.079576,2.2056999999999998
0.07958,2.2056999999999998
0.079584,2.2379
0.079588,2.2218
0.079592,2.2218
0.079596,2.1896
0.0796,2.2056999999999998
0.079604,2.2218
0.079608,2.2218
0.079612,2.2218
0.079616,2.2056999999999998
0.07962,2.2056999999999998
0.079624,2.2218
0.079628,2.2056999999999998
0.079632,2.2056999999999998
0.079636,2.2218
0.07964,2.2056999999999998
0.079644,2.2056999999999998
0.079648,2.2218
0.079652,2.2056999999999998
0.079656,2.2056999999999998
0.07966,2.2056999999999998
0.079664,2.1896
0.079668,2.2056999999999998
0.079672,2.1896
0.079676,2.1896
0.07968,2.2056999999999998
0.079684,2.1896
0.079688,2.1896
0.079692,2.2056999999999998
0.079696,2.2056999999999998
0.0797,2.1896
0.079704,2.1896
0.079708,2.2056999999999998
0.079712,2.2056999999999998
0.079716,2.2056999999999998
0.07972,2.1896
0.079724,2.1896
0.079728,2.1896
0.079732,2.1896
0.079736,2.2056999999999998
0.07974,2.1896
0.079744,2.1896
0.079748,2.2056999999999998
0.079752,2.2056999999999998
0.079756,2.1734999999999998
0.07976,2.1896
0.079764,2.1896
0.079768,2.1896
0.079772,2.2056999999999998
0.079776,2.1734999999999998
0.07978,2.1734999999999998
0.079784,2.1896
0.079788,2.1896
0.079792,2.1896
0.079796,2.1734999999999998
0.0798,2.1734999999999998
0.079804,2.1896
0.079808,2.1896
0.079812,2.1896
0.079816,2.1734999999999998
0.07982,2.1896
0.079824,2.1896
0.079828,2.1734999999999998
0.079832,2.1734999999999998
0.079836,2.1734999999999998
0.07984,2.1734999999999998
0.079844,2.1734999999999998
0.079848,2.1896
0.079852,2.1734999999999998
0.079856,2.1734999999999998
0.07986,2.1734999999999998
0.079864,2.1734999999999998
0.079868,2.1896
0.079872,2.1896
0.079876,2.1734999999999998
0.07988,2.1734999999999998
0.079884,2.1734999999999998
0.079888,2.1734999999999998
0.079892,2.1734999999999998
0.079896,2.1734999999999998
0.0799,2.1734999999999998
0.079904,2.1734999999999998
0.079908,2.1574
0.079912,2.1734999999999998
0.079916,2.1734999999999998
0.07992,2.1734999999999998
0.079924,2.1574
0.079928,2.1734999999999998
0.079932,2.1734999999999998
0.079936,2.1734999999999998
0.07994,2.1896
0.079944,2.1574
0.079948,2.1734999999999998
0.079952,2.1734999999999998
0.079956,2.1574
0.07996,2.1734999999999998
0.079964,2.1574
0.079968,2.1574
0.079972,2.1574
0.079976,2.1574
0.07998,2.1734999999999998
0.079984,2.1574
0.079988,2.1574
0.079992,2.1574
0.079996,2.1574
0.08,2.1574
0.080004,2.1574
0.080008,2.1574
0.080012,2.1574
0.080016,2.1574
0.08002,2.1734999999999998
0.080024,2.1574
0.080028,2.1574
0.080032,2.1574
0.080036,2.1574
0.08004,2.1574
0.080044,2.1412999999999998
0.080048,2.1574
0.080052,2.1412999999999998
0.080056,2.1574
0.08006,2.1574
0.080064,2.1252
0.080068,2.1412999999999998
0.080072,2.1412999999999998
0.080076,2.1412999999999998
0.08008,2.1412999999999998
0.080084,2.1412999999999998
0.080088,2.1412999999999998
0.080092,2.1412999999999998
0.080096,2.1252
0.0801,2.1574
0.080104,2.1252
0.080108,2.1412999999999998
0.080112,2.1412999999999998
0.080116,2.1252
0.08012,2.1412999999999998
0.080124,2.1412999999999998
0.080128,2.1252
0.080132,2.1252
0.080136,2.1412999999999998
0.08014,2.1252
0.080144,2.1252
0.080148,2.1412999999999998
0.080152,2.1252
0.080156,2.1252
0.08016,2.1252
0.080164,2.1252
0.080168,2.1252
0.080172,2.1090999999999998
0.080176,2.1090999999999998
0.08018,2.1252
0.080184,2.1090999999999998
0.080188,2.1252
0.080192,2.093
0.080196,2.1090999999999998
0.0802,2.1252
0.080204,2.1090999999999998
0.080208,2.1090999999999998
0.080212,2.1090999999999998
0.080216,2.1090999999999998
0.08022,2.1090999999999998
0.080224,2.1090999999999998
0.080228,2.1090999999999998
0.080232,2.1090999999999998
0.080236,2.1090999999999998
0.08024,2.1090999999999998
0.080244,2.093
0.080248,2.1090999999999998
0.080252,2.1090999999999998
0.080256,2.093
0.08026,2.1090999999999998
0.080264,2.1090999999999998
0.080268,2.093
0.080272,2.093
0.080276,2.093
0.08028,2.093
0.080284,2.093
0.080288,2.093
0.080292,2.1090999999999998
0.080296,2.0768999999999997
0.0803,2.093
0.080304,2.093
0.080308,2.1090999999999998
0.080312,2.093
0.080316,2.0768999999999997
0.08032,2.093
0.080324,2.093
0.080328,2.093
0.080332,2.093
0.080336,2.093
0.08034,2.093
0.080344,2.0768999999999997
0.080348,2.1090999999999998
0.080352,2.0768999999999997
0.080356,2.093
0.08036,2.093
0.080364,2.0768999999999997
0.080368,2.0768999999999997
0.080372,2.0768999999999997
0.080376,2.0768999999999997
0.08038,2.093
0.080384,2.0768999999999997
0.080388,2.093
0.080392,2.0768999999999997
0.080396,2.0768999999999997
0.0804,2.0768999999999997
0.080404,2.0768999999999997
0.080408,2.0768999999999997
0.080412,2.0768999999999997
0.080416,2.0608
0.08042,2.0768999999999997
0.080424,2.093
0.080428,2.0608
0.080432,2.0768999999999997
0.080436,2.0768999999999997
0.08044,2.0608
0.080444,2.0768999999999997
0.080448,2.0768999999999997
0.080452,2.0768999999999997
0.080456,2.0768999999999997
0.08046,2.0768999999999997
0.080464,2.0768999999999997
0.080468,2.0447
0.080472,2.0608
0.080476,2.0768999999999997
0.08048,2.0608
0.080484,2.0768999999999997
0.080488,2.0608
0.080492,2.0608
0.080496,2.0608
0.0805,2.0608
0.080504,2.0768999999999997
0.080508,2.0608
0.080512,2.0608
0.080516,2.0608
0.08052,2.0608
0.080524,2.0608
0.080528,2.0768999999999997
0.080532,2.0608
0.080536,2.0608
0.08054,2.0447
0.080544,2.0608
0.080548,2.0768999999999997
0.080552,2.0447
0.080556,2.0447
0.08056,2.0768999999999997
0.080564,2.0447
0.080568,2.0447
0.080572,2.0768999999999997
0.080576,2.0608
0.08058,2.0608
0.080584,2.0608
0.080588,2.0608
0.080592,2.0447
0.080596,2.0608
0.0806,2.0608
0.080604,2.0608
0.080608,2.0608
0.080612,2.0608
0.080616,2.0447
0.08062,2.0447
0.080624,2.0447
0.080628,2.0608
0.080632,2.0447
0.080636,2.0608
0.08064,2.0608
0.080644,2.0447
0.080648,2.0608
0.080652,2.0768999999999997
0.080656,2.0447
0.08066,2.0608
0.080664,2.0447
0.080668,2.0286
0.080672,2.0608
0.080676,2.0608
0.08068,2.0447
0.080684,2.0608
0.080688,2.0608
0.080692,2.0608
0.080696,2.0608
0.0807,2.0447
0.080704,2.0447
0.080708,2.0608
0.080712,2.0286
0.080716,2.0447
0.08072,2.0447
0.080724,2.0447
0.080728,2.0608
0.080732,2.0286
0.080736,2.0608
0.08074,2.0447
0.080744,2.0447
0.080748,2.0447
0.080752,2.0286
0.080756,2.0447
0.08076,2.0286
0.080764,2.0447
0.080768,2.0447
0.080772,2.0447
0.080776,2.0447
0.08078,2.0447
0.080784,2.0447
0.080788,2.0447
0.080792,2.0286
0.080796,2.0447
0.0808,2.0447
0.080804,2.0447
0.080808,2.0286
0.080812,2.0447
0.080816,2.0286
0.08082,2.0447
0.080824,2.0447
0.080828,2.0286
0.080832,2.0447
0.080836,2.0447
0.08084,2.0286
0.080844,2.0286
0.080848,2.0286
0.080852,2.0286
0.080856,2.0447
0.08086,2.0125
0.080864,2.0286
0.080868,2.0286
0.080872,2.0286
0.080876,2.0286
0.08088,2.0286
0.080884,2.0286
0.080888,2.0286
0.080892,2.0447
0.080896,2.0286
0.0809,2.0286
0.080904,2.0125
0.080908,2.0286
0.080912,2.0286
0.080916,2.0125
0.08092,2.0286
0.080924,2.0125
0.080928,2.0125
0.080932,2.0286
0.080936,2.0125
0.08094,2.0125
0.080944,2.0125
0.080948,2.0125
0.080952,2.0125
0.080956,2.0125
0.08096,1.9964
0.080964,2.0286
0.080968,1.9964
0.080972,2.0125
0.080976,2.0286
0.08098,1.9964
0.080984,2.0125
0.080988,2.0125
0.080992,1.9964
0.080996,2.0125
0.081,1.9964
0.081004,2.0125
0.081008,2.0125
0.081012,2.0125
0.081016,1.9964
0.08102,1.9964
0.081024,1.9964
0.081028,2.0125
0.081032,1.9964
0.081036,1.9964
0.08104,1.9964
0.081044,1.9964
0.081048,1.9803
0.081052,1.9964
0.081056,1.9964
0.08106,1.9964
0.081064,1.9964
0.081068,1.9803
0.081072,1.9964
0.081076,1.9803
0.08108,1.9964
0.081084,1.9803
0.081088,1.9964
0.081092,1.9803
0.081096,1.9803
0.0811,1.9964
0.081104,1.9642
0.081108,1.9803
0.081112,1.9964
0.081116,1.9642
0.08112,1.9964
0.081124,1.9642
0.081128,1.9803
0.081132,1.9803
0.081136,1.9803
0.08114,1.9803
0.081144,1.9803
0.081148,1.9803
0.081152,1.9964
0.081156,1.9642
0.08116,1.9642
0.081164,1.9642
0.081168,1.9642
0.081172,1.9642
0.081176,1.9803
0.08118,1.9803
0.081184,1.9642
0.081188,1.9642
0.081192,1.9642
0.081196,1.9642
0.0812,1.9803
0.081204,1.9481
0.081208,1.9803
0.081212,1.9642
0.081216,1.9481
0.08122,1.9642
0.081224,1.9642
0.081228,1.9642
0.081232,1.9481
0.081236,1.9642
0.08124,1.9481
0.081244,1.9642
0.081248,1.9803
0.081252,1.9481
0.081256,1.9642
0.08126,1.9642
0.081264,1.9642
0.081268,1.9642
0.081272,1.9642
0.081276,1.9642
0.08128,1.9642
0.081284,1.9481
0.081288,1.9481
0.081292,1.9481
0.081296,1.9481
0.0813,1.9642
0.081304,1.9481
0.081308,1.9481
0.081312,1.9481
0.081316,1.9642
0.08132,1.9481
0.081324,1.9481
0.081328,1.9481
0.081332,1.9481
0.081336,1.9481
0.08134,1.932
0.081344,1.9481
0.081348,1.9481
0.081352,1.9481
0.081356,1.9481
0.08136,1.932
0.081364,1.932
0.081368,1.932
0.081372,1.9481
0.081376,1.9481
0.08138,1.9481
0.081384,1.932
0.081388,1.932
0.081392,1.9481
0.081396,1.932
0.0814,1.932
0.081404,1.932
0.081408,1.9481
0.081412,1.9481
0.081416,1.932
0.08142,1.9481
0.081424,1.932
0.081428,1.9481
0.081432,1.932
0.081436,1.932
0.08144,1.932
0.081444,1.9481
0.081448,1.932
0.081452,1.9481
0.081456,1.9481
0.08146,1.9481
0.081464,1.9481
0.081468,1.9481
0.081472,1.932
0.081476,1.932
0.08148,1.9481
0.081484,1.932
0.081488,1.932
0.081492,1.932
0.081496,1.932
0.0815,1.932
0.081504,1.932
0.081508,1.9481
0.081512,1.932
0.081516,1.932
0.08152,1.932
0.081524,1.932
0.081528,1.932
0.081532,1.932
0.081536,1.9481
0.08154,1.932
0.081544,1.932
0.081548,1.932
0.081552,1.932
0.081556,1.932
0.08156,1.932
0.081564,1.9159
0.081568,1.932
0.081572,1.932
0.081576,1.9481
0.08158,1.9159
0.081584,1.9159
0.081588,1.932
0.081592,1.9159
0.081596,1.932
0.0816,1.932
0.081604,1.9159
0.081608,1.9159
0.081612,1.9159
0.081616,1.9159
0.08162,1.932
0.081624,1.9159
0.081628,1.9159
0.081632,1.9159
0.081636,1.9159
0.08164,1.9159
0.081644,1.9159
0.081648,1.9159
0.081652,1.932
0.081656,1.8998
0.08166,1.9159
0.081664,1.932
0.081668,1.9159
0.081672,1.9159
0.081676,1.9159
0.08168,1.9159
0.081684,1.9159
0.081688,1.8998
0.081692,1.9159
0.081696,1.9159
0.0817,1.9159
0.081704,1.9159
0.081708,1.8998
0.081712,1.8998
0.081716,1.9159
0.08172,1.8998
0.081724,1.9159
0.081728,1.9159
0.081732,1.8998
0.081736,1.9159
0.08174,1.9159
0.081744,1.8998
0.081748,1.8998
0.081752,1.8998
0.081756,1.8998
0.08176,1.9159
0.081764,1.8837
0.081768,1.8998
0.081772,1.8837
0.081776,1.9159
0.08178,1.8998
0.081784,1.8998
0.081788,1.9159
0.081792,1.8837
0.081796,1.8998
0.0818,1.8998
0.081804,1.8837
0.081808,1.8998
0.081812,1.8837
0.081816,1.8837
0.08182,1.8998
0.081824,1.8998
0.081828,1.8837
0.081832,1.8998
0.081836,1.8837
0.08184,1.8837
0.081844,1.8998
0.081848,1.8676
0.081852,1.8837
0.081856,1.8837
0.08186,1.8837
0.081864,1.8837
0.081868,1.8837
0.081872,1.8837
0.081876,1.8837
0.08188,1.8837
0.081884,1.8837
0.081888,1.8837
0.081892,1.8837
0.081896,1.8676
0.0819,1.8837
0.081904,1.8676
0.081908,1.8676
0.081912,1.8837
0.081916,1.8837
0.08192,1.8676
0.081924,1.8676
0.081928,1.8837
0.081932,1.8676
0.081936,1.8676
0.08194,1.8837
0.081944,1.8515
0.081948,1.8676
0.081952,1.8676
0.081956,1.8676
0.08196,1.8515
0.081964,1.8837
0.081968,1.8515
0.081972,1.8676
0.081976,1.8515
0.08198,1.8676
0.081984,1.8676
0.081988,1.8676
0.081992,1.8676
0.081996,1.8676
0.082,1.8676
0.082004,1.8676
0.082008,1.8515
0.082012,1.8676
0.082016,1.8515
0.08202,1.8676
0.082024,1.8515
0.082028,1.8676
0.082032,1.8515
0.082036,1.8676
0.08204,1.8676
0.082044,1.8515
0.082048,1.8515
0.082052,1.8515
0.082056,1.8515
0.08206,1.8193
0.082064,1.8998
0.082068,1.8193
0.082072,1.8837
0.082076,1.8193
0.08208,1.8515
0.082084,1.8515
0.082088,1.8676
0.082092,1.8354
0.082096,1.8515
0.0821,1.8354
0.082104,1.8837
0.082108,1.8193
0.082112,1.8676
0.082116,1.8354
0.08212,1.8515
0.082124,1.8515
0.082128,1.8354
0.082132,1.8354
0.082136,1.8515
0.08214,1.8354
0.082144,1.8676
0.082148,1.8354
0.082152,1.8515
0.082156,1.8676
0.08216,1.8193
0.082164,1.8676
0.082168,1.8354
0.082172,1.8354
0.082176,1.8354
0.08218,1.8354
0.082184,1.8676
0.082188,1.8354
0.082192,1.8354
0.082196,1.8515
0.0822,1.8354
0.082204,1.8515
0.082208,1.8354
0.082212,1.8354
0.082216,1.8354
0.08222,1.8354
0.082224,1.8354
0.082228,1.8354
0.082232,1.8193
0.082236,1.8515
0.08224,1.8354
0.082244,1.8354
0.082248,1.8354
0.082252,1.8193
0.082256,1.8354
0.08226,1.8354
0.082264,1.8354
0.082268,1.8193
0.082272,1.8354
0.082276,1.8354
0.08228,1.8193
0.082284,1.8193
0.082288,1.8354
0.082292,1.8193
0.082296,1.8354
0.0823,1.8354
0.082304,1.8193
0.082308,1.8354
0.082312,1.8354
0.082316,1.8193
0.08232,1.8354
0.082324,1.8354
0.082328,1.8354
0.082332,1.8193
0.082336,1.8193
0.08234,1.8354
0.082344,1.8032
0.082348,1.8193
0.082352,1.8354
0.082356,1.8193
0.08236,1.8354
0.082364,1.8354
0.082368,1.8193
0.082372,1.8193
0.082376,1.8354
0.08238,1.8193
0.082384,1.8354
0.082388,1.8193
0.082392,1.8193
0.082396,1.8354
0.0824,1.8193
0.082404,1.8193
0.082408,1.8032
0.082412,1.8193
0.082416,1.8354
0.08242,1.8193
0.082424,1.8193
0.082428,1.8193
0.082432,1.8193
0.082436,1.8193
0.08244,1.8193
0.082444,1.8193
0.082448,1.8193
0.082452,1.8193
0.082456,1.8193
0.08246,1.8193
0.082464,1.8032
0.082468,1.8193
0.082472,1.8193
0.082476,1.8193
0.08248,1.8193
0.082484,1.8193
0.082488,1.8193
0.082492,1.8193
0.082496,1.8193
0.0825,1.8193
0.082504,1.8032
0.082508,1.8193
0.082512,1.8193
0.082516,1.8193
0.08252,1.8032
0.082524,1.8193
0.082528,1.8032
0.082532,1.8032
0.082536,1.8193
0.08254,1.8032
0.082544,1.8032
0.082548,1.8032
0.082552,1.7871
0.082556,1.8193
0.08256,1.8032
0.082564,1.8032
0.082568,1.8032
0.082572,1.8032
0.082576,1.8032
0.08258,1.8032
0.082584,1.8032
0.082588,1.8032
0.082592,1.7871
0.082596,1.7871
0.0826,1.8032
0.082604,1.8032
0.082608,1.8032
0.082612,1.8032
0.082616,1.8032
0.08262,1.8032
0.082624,1.7871
0.082628,1.8032
0.082632,1.7871
0.082636,1.8032
0.08264,1.8032
0.082644,1.771
0.082648,1.7871
0.082652,1.8032
0.082656,1.7871
0.08266,1.7871
0.082664,1.7871
0.082668,1.8032
0.082672,1.7871
0.082676,1.771
0.08268,1.7871
0.082684,1.7871
0.082688,1.8032
0.082692,1.771
0.082696,1.7871
0.0827,1.7871
0.082704,1.7871
0.082708,1.7871
0.082712,1.7871
0.082716,1.7871
0.08272,1.771
0.082724,1.771
0.082728,1.771
0.082732,1.771
0.082736,1.771
0.08274,1.771
0.082744,1.771
0.082748,1.771
0.082752,1.771
0.082756,1.771
0.08276,1.771
0.082764,1.771
0.082768,1.771
0.082772,1.771
0.082776,1.771
0.08278,1.771
0.082784,1.7549
0.082788,1.771
0.082792,1.771
0.082796,1.7549
0.0828,1.771
0.082804,1.7549
0.082808,1.771
0.082812,1.771
0.082816,1.7549
0.08282,1.7549
0.082824,1.7549
0.082828,1.7549
0.082832,1.7549
0.082836,1.7549
0.08284,1.7549
0.082844,1.7549
0.082848,1.7388
0.082852,1.771
0.082856,1.7549
0.08286,1.7549
0.082864,1.771
0.082868,1.7388
0.082872,1.7549
0.082876,1.7549
0.08288,1.7388
0.082884,1.7549
0.082888,1.7549
0.082892,1.7549
0.082896,1.7549
0.0829,1.7549
0.082904,1.7388
0.082908,1.7388
0.082912,1.771
0.082916,1.7388
0.08292,1.7388
0.082924,1.7388
0.082928,1.7388
0.082932,1.7549
0.082936,1.7388
0.08294,1.7388
0.082944,1.7388
0.082948,1.7549
0.082952,1.7388
0.082956,1.7388
0.08296,1.7388
0.082964,1.7388
0.082968,1.7388
0.082972,1.7388
0.082976,1.7388
0.08298,1.7388
0.082984,1.7388
0.082988,1.7388
0.082992,1.7388
0.082996,1.7227
0.083,1.7388
0.083004,1.7388
0.083008,1.7388
0.083012,1.7388
0.083016,1.7227
0.08302,1.7388
0.083024,1.7227
0.083028,1.7227
0.083032,1.7388
0.083036,1.7388
0.08304,1.7549
0.083044,1.7388
0.083048,1.7227
0.083052,1.7388
0.083056,1.7388
0.08306,1.7388
0.083064,1.7227
0.083068,1.7227
0.083072,1.7388
0.083076,1.7388
0.08308,1.7388
0.083084,1.7227
0.083088,1.7388
0.083092,1.7388
0.083096,1.7388
0.0831,1.7227
0.083104,1.7227
0.083108,1.7388
0.083112,1.7388
0.083116,1.7227
0.08312,1.7227
0.083124,1.7227
0.083128,1.7227
0.083132,1.7388
0.083136,1.7227
0.08314,1.7227
0.083144,1.7227
0.083148,1.7388
0.083152,1.7227
0.083156,1.7227
0.08316,1.7066
0.083164,1.7388
0.083168,1.7227
0.083172,1.7227
0.083176,1.7388
0.08318,1.7227
0.083184,1.7388
0.083188,1.7227
0.083192,1.7066
0.083196,1.7227
0.0832,1.7227
0.083204,1.7227
0.083208,1.7227
0.083212,1.7388
0.083216,1.7227
0.08322,1.7388
0.083224,1.7227
0.083228,1.7227
0.083232,1.7227
0.083236,1.7227
0.08324,1.7227
0.083244,1.7227
0.083248,1.7227
0.083252,1.7066
0.083256,1.7227
0.08326,1.7227
0.083264,1.7066
0.083268,1.7227
0.083272,1.7227
0.083276,1.7066
0.08328,1.7227
0.083284,1.7227
0.083288,1.7227
0.083292,1.7227
0.083296,1.7066
0.0833,1.7227
0.083304,1.7066
0.083308,1.7227
0.083312,1.7227
0.083316,1.7066
0.08332,1.7227
0.083324,1.7066
0.083328,1.7066
0.083332,1.7227
0.083336,1.7227
0.08334,1.7227
0.083344,1.7066
0.083348,1.7066
0.083352,1.7227
0.083356,1.7066
0.08336,1.7066
0.083364,1.7066
0.083368,1.7066
0.083372,1.7227
0.083376,1.7227
0.08338,1.7066
0.083384,1.7066
0.083388,1.7227
0.083392,1.7066
0.083396,1.7066
0.0834,1.7066
0.083404,1.7066
0.083408,1.6905
0.083412,1.7066
0.083416,1.7227
0.08342,1.6905
0.083424,1.7066
0.083428,1.7066
0.083432,1.6905
0.083436,1.7066
0.08344,1.7227
0.083444,1.6905
0.083448,1.7066
0.083452,1.7066
0.083456,1.7066
0.08346,1.7227
0.083464,1.6905
0.083468,1.7066
0.083472,1.6905
0.083476,1.7066
0.08348,1.6905
0.083484,1.6743999999999999
0.083488,1.6905
0.083492,1.7066
0.083496,1.7066
0.0835,1.7066
0.083504,1.6905
0.083508,1.6905
0.083512,1.7066
0.083516,1.7066
0.08352,1.6905
0.083524,1.6905
0.083528,1.6905
0.083532,1.6905
0.083536,1.6905
0.08354,1.6743999999999999
0.083544,1.6905
0.083548,1.6905
0.083552,1.6905
0.083556,1.6905
0.08356,1.6743999999999999
0.083564,1.6743999999999999
0.083568,1.6743999999999999
0.083572,1.6743999999999999
0.083576,1.6905
0.08358,1.6743999999999999
0.083584,1.6743999999999999
0.083588,1.6743999999999999
0.083592,1.6905
0.083596,1.6743999999999999
0.0836,1.6743999999999999
0.083604,1.6582999999999999
0.083608,1.6582999999999999
0.083612,1.6905
0.083616,1.6743999999999999
0.08362,1.6743999999999999
0.083624,1.6743999999999999
0.083628,1.6743999999999999
0.083632,1.6582999999999999
0.083636,1.6743999999999999
0.08364,1.6743999999999999
0.083644,1.6743999999999999
0.083648,1.6743999999999999
0.083652,1.6582999999999999
0.083656,1.6582999999999999
0.08366,1.6582999999999999
0.083664,1.6582999999999999
0.083668,1.6582999999999999
0.083672,1.6582999999999999
0.083676,1.6582999999999999
0.08368,1.6582999999999999
0.083684,1.6743999999999999
0.083688,1.6582999999999999
0.083692,1.6582999999999999
0.083696,1.6582999999999999
0.0837,1.6582999999999999
0.083704,1.6582999999999999
0.083708,1.6743999999999999
0.083712,1.6582999999999999
0.083716,1.6582999999999999
0.08372,1.6582999999999999
0.083724,1.6582999999999999
0.083728,1.6582999999999999
0.083732,1.6421999999999999
0.083736,1.6582999999999999
0.08374,1.6582999999999999
0.083744,1.6582999999999999
0.083748,1.6421999999999999
0.083752,1.6421999999999999
0.083756,1.6421999999999999
0.08376,1.6421999999999999
0.083764,1.6421999999999999
0.083768,1.6421999999999999
0.083772,1.6421999999999999
0.083776,1.6421999999999999
0.08378,1.6421999999999999
0.083784,1.6582999999999999
0.083788,1.6421999999999999
0.083792,1.6421999999999999
0.083796,1.6421999999999999
0.0838,1.6421999999999999
0.083804,1.6421999999999999
0.083808,1.6421999999999999
0.083812,1.6421999999999999
0.083816,1.6421999999999999
0.08382,1.6421999999999999
0.083824,1.6421999999999999
0.083828,1.6260999999999999
0.083832,1.6421999999999999
0.083836,1.6421999999999999
0.08384,1.6421999999999999
0.083844,1.6421999999999999
0.083848,1.6260999999999999
0.083852,1.6421999999999999
0.083856,1.6260999999999999
0.08386,1.6421999999999999
0.083864,1.6421999999999999
0.083868,1.6260999999999999
0.083872,1.6421999999999999
0.083876,1.6421999999999999
0.08388,1.6260999999999999
0.083884,1.6421999999999999
0.083888,1.6260999999999999
0.083892,1.6260999999999999
0.083896,1.6421999999999999
0.0839,1.6260999999999999
0.083904,1.6260999999999999
0.083908,1.6260999999999999
0.083912,1.6421999999999999
0.083916,1.6260999999999999
0.08392,1.6421999999999999
0.083924,1.6421999999999999
0.083928,1.6260999999999999
0.083932,1.6421999999999999
0.083936,1.6260999999999999
0.08394,1.6421999999999999
0.083944,1.6260999999999999
0.083948,1.6260999999999999
0.083952,1.6421999999999999
0.083956,1.6099999999999999
0.08396,1.6260999999999999
0.083964,1.6260999999999999
0.083968,1.6260999999999999
0.083972,1.6421999999999999
0.083976,1.6260999999999999
0.08398,1.6260999999999999
0.083984,1.6260999999999999
0.083988,1.6260999999999999
0.083992,1.6260999999999999
0.083996,1.6260999999999999
0.084,1.6260999999999999
0.084004,1.6260999999999999
0.084008,1.6260999999999999
0.084012,1.6260999999999999
0.084016,1.6260999999999999
0.08402,1.6260999999999999
0.084024,1.6260999999999999
0.084028,1.6260999999999999
0.084032,1.6260999999999999
0.084036,1.6260999999999999
0.08404,1.6260999999999999
0.084044,1.6099999999999999
0.084048,1.6421999999999999
0.084052,1.6099999999999999
0.084056,1.6260999999999999
0.08406,1.6260999999999999
0.084064,1.6260999999999999
0.084068,1.6421999999999999
0.084072,1.6260999999999999
0.084076,1.6260999999999999
0.08408,1.6260999999999999
0.084084,1.6260999999999999
0.084088,1.6260999999999999
0.084092,1.6099999999999999
0.084096,1.6260999999999999
0.0841,1.6260999999999999
0.084104,1.6260999999999999
0.084108,1.6260999999999999
0.084112,1.6260999999999999
0.084116,1.6421999999999999
0.08412,1.6260999999999999
0.084124,1.6260999999999999
0.084128,1.6260999999999999
0.084132,1.6099999999999999
0.084136,1.6260999999999999
0.08414,1.6260999999999999
0.084144,1.6421999999999999
0.084148,1.6260999999999999
0.084152,1.6099999999999999
0.084156,1.6260999999999999
0.08416,1.6260999999999999
0.084164,1.6260999999999999
0.084168,1.6260999999999999
0.084172,1.6260999999999999
0.084176,1.6260999999999999
0.08418,1.6260999999999999
0.084184,1.6260999999999999
0.084188,1.6099999999999999
0.084192,1.6099999999999999
0.084196,1.6260999999999999
0.0842,1.6260999999999999
0.084204,1.6260999999999999
0.084208,1.6099999999999999
0.084212,1.6260999999999999
0.084216,1.6099999999999999
0.08422,1.6099999999999999
0.084224,1.6260999999999999
0.084228,1.6099999999999999
0.084232,1.6260999999999999
0.084236,1.6260999999999999
0.08424,1.6099999999999999
0.084244,1.6099999999999999
0.084248,1.6260999999999999
0.084252,1.6099999999999999
0.084256,1.6260999999999999
0.08426,1.6099999999999999
0.084264,1.6099999999999999
0.084268,1.6260999999999999
0.084272,1.6260999999999999
0.084276,1.6099999999999999
0.08428,1.6099999999999999
0.084284,1.6260999999999999
0.084288,1.6099999999999999
0.084292,1.5938999999999999
0.084296,1.6099999999999999
0.0843,1.5938999999999999
0.084304,1.6260999999999999
0.084308,1.6099999999999999
0.084312,1.6099999999999999
0.084316,1.6099999999999999
0.08432,1.6260999999999999
0.084324,1.6099999999999999
0.084328,1.6099999999999999
0.084332,1.6099999999999999
0.084336,1.5938999999999999
0.08434,1.6099999999999999
0.084344,1.6260999999999999
0.084348,1.5938999999999999
0.084352,1.6099999999999999
0.084356,1.6099999999999999
0.08436,1.5938999999999999
0.084364,1.6099999999999999
0.084368,1.5938999999999999
0.084372,1.6099999999999999
0.084376,1.5938999999999999
0.08438,1.6099999999999999
0.084384,1.6099999999999999
0.084388,1.5938999999999999
0.084392,1.5938999999999999
0.084396,1.5938999999999999
0.0844,1.5938999999999999
0.084404,1.6099999999999999
0.084408,1.5938999999999999
0.084412,1.6099999999999999
0.084416,1.5938999999999999
0.08442,1.6099999999999999
0.084424,1.5938999999999999
0.084428,1.5938999999999999
0.084432,1.5938999999999999
0.084436,1.5938999999999999
0.08444,1.5938999999999999
0.084444,1.5938999999999999
0.084448,1.5938999999999999
0.084452,1.5938999999999999
0.084456,1.5938999999999999
0.08446,1.6099999999999999
0.084464,1.5938999999999999
0.084468,1.5777999999999999
0.084472,1.5938999999999999
0.084476,1.5938999999999999
0.08448,1.5938999999999999
0.084484,1.5777999999999999
0.084488,1.5938999999999999
0.084492,1.5938999999999999
0.084496,1.5938999999999999
0.0845,1.5777999999999999
0.084504,1.5777999999999999
0.084508,1.5938999999999999
0.084512,1.5777999999999999
0.084516,1.5777999999999999
0.08452,1.5777999999999999
0.084524,1.5777999999999999
0.084528,1.5777999999999999
0.084532,1.5777999999999999
0.084536,1.5616999999999999
0.08454,1.5616999999999999
0.084544,1.5616999999999999
0.084548,1.5616999999999999
0.084552,1.5777999999999999
0.084556,1.5616999999999999
0.08456,1.5616999999999999
0.084564,1.5616999999999999
0.084568,1.5616999999999999
0.084572,1.5777999999999999
0.084576,1.5616999999999999
0.08458,1.5616999999999999
0.084584,1.5616999999999999
0.084588,1.5616999999999999
0.084592,1.5616999999999999
0.084596,1.5616999999999999
0.0846,1.5616999999999999
0.084604,1.5616999999999999
0.084608,1.5777999999999999
0.084612,1.5616999999999999
0.084616,1.5616999999999999
0.08462,1.5777999999999999
0.084624,1.5455999999999999
0.084628,1.5616999999999999
0.084632,1.5777999999999999
0.084636,1.5455999999999999
0.08464,1.5616999999999999
0.084644,1.5616999999999999
0.084648,1.5616999999999999
0.084652,1.5616999999999999
0.084656,1.5455999999999999
0.08466,1.5455999999999999
0.084664,1.5616999999999999
0.084668,1.5616999999999999
0.084672,1.5616999999999999
0.084676,1.5616999999999999
0.08468,1.5455999999999999
0.084684,1.5455999999999999
0.084688,1.5455999999999999
0.084692,1.5616999999999999
0.084696,1.5455999999999999
0.0847,1.5455999999999999
0.084704,1.5455999999999999
0.084708,1.5455999999999999
0.084712,1.5455999999999999
0.084716,1.5616999999999999
0.08472,1.5295
0.084724,1.5455999999999999
0.084728,1.5616999999999999
0.084732,1.5295
0.084736,1.5455999999999999
0.08474,1.5455999999999999
0.084744,1.5295
0.084748,1.5455999999999999
0.084752,1.5295
0.084756,1.5455999999999999
0.08476,1.5455999999999999
0.084764,1.5455999999999999
0.084768,1.5134
0.084772,1.5616999999999999
0.084776,1.5295
0.08478,1.5455999999999999
0.084784,1.5295
0.084788,1.5295
0.084792,1.5455999999999999
0.084796,1.5455999999999999
0.0848,1.5295
0.084804,1.5616999999999999
0.084808,1.5295
0.084812,1.5455999999999999
0.084816,1.5295
0.08482,1.5455999999999999
0.084824,1.5455999999999999
0.084828,1.5134
0.084832,1.5455999999999999
0.084836,1.5295
0.08484,1.5455999999999999
0.084844,1.5455999999999999
0.084848,1.5295
0.084852,1.5295
0.084856,1.5134
0.08486,1.5295
0.084864,1.5295
0.084868,1.5295
0.084872,1.5295
0.084876,1.5295
0.08488,1.5295
0.084884,1.5295
0.084888,1.5295
0.084892,1.5295
0.084896,1.5295
0.0849,1.5295
0.084904,1.5295
0.084908,1.5295
0.084912,1.5295
0.084916,1.5295
0.08492,1.5295
0.084924,1.5295
0.084928,1.5295
0.084932,1.5295
0.084936,1.5295
0.08494,1.5295
0.084944,1.5455999999999999
0.084948,1.5134
0.084952,1.5134
0.084956,1.5295
0.08496,1.5134
0.084964,1.5295
0.084968,1.5134
0.084972,1.5295
0.084976,1.5295
0.08498,1.5295
0.084984,1.5134
0.084988,1.5134
0.084992,1.5295
0.084996,1.5295
0.085,1.5295
0.085004,1.5295
0.085008,1.5134
0.085012,1.5295
0.085016,1.5295
0.08502,1.5295
0.085024,1.5134
0.085028,1.5295
0.085032,1.5295
0.085036,1.5134
0.08504,1.5295
0.085044,1.5295
0.085048,1.5295
0.085052,1.5134
0.085056,1.5134
0.08506,1.5295
0.085064,1.5134
0.085068,1.5295
0.085072,1.5295
0.085076,1.5134
0.08508,1.5295
0.085084,1.5295
0.085088,1.5134
0.085092,1.5134
0.085096,1.5134
0.0851,1.5295
0.085104,1.5295
0.085108,1.5134
0.085112,1.5134
0.085116,1.5295
0.08512,1.5295
0.085124,1.5134
0.085128,1.5295
0.085132,1.5134
0.085136,1.5134
0.08514,1.5134
0.085144,1.5295
0.085148,1.5295
0.085152,1.5295
0.085156,1.4973
0.08516,1.5134
0.085164,1.5295
0.085168,1.5134
0.085172,1.5295
0.085176,1.5134
0.08518,1.5134
0.085184,1.5134
0.085188,1.5134
0.085192,1.5134
0.085196,1.4973
0.0852,1.5134
0.085204,1.5295
0.085208,1.5134
0.085212,1.5134
0.085216,1.4973
0.08522,1.5134
0.085224,1.5134
0.085228,1.4973
0.085232,1.5134
0.085236,1.4973
0.08524,1.5295
0.085244,1.5134
0.085248,1.4973
0.085252,1.5134
0.085256,1.5134
0.08526,1.4973
0.085264,1.4973
0.085268,1.5295
0.085272,1.4973
0.085276,1.5134
0.08528,1.5134
0.085284,1.4973
0.085288,1.4973
0.085292,1.4973
0.085296,1.4973
0.0853,1.5134
0.085304,1.5134
0.085308,1.4973
0.085312,1.4973
0.085316,1.4973
0.08532,1.5134
0.085324,1.4973
0.085328,1.4973
0.085332,1.4973
0.085336,1.4812
0.08534,1.4973
0.085344,1.5134
0.085348,1.4973
0.085352,1.4973
0.085356,1.4812
0.08536,1.4973
0.085364,1.4973
0.085368,1.4812
0.085372,1.4973
0.085376,1.4812
0.08538,1.4973
0.085384,1.4973
0.085388,1.4812
0.085392,1.4812
0.085396,1.4812
0.0854,1.4812
0.085404,1.4973
0.085408,1.4812
0.085412,1.4812
0.085416,1.4973
0.08542,1.4812
0.085424,1.4651
0.085428,1.4812
0.085432,1.4812
0.085436,1.4973
0.08544,1.4812
0.085444,1.4651
0.085448,1.4812
0.085452,1.4812
0.085456,1.4812
0.08546,1.4812
0.085464,1.4651
0.085468,1.4812
0.085472,1.4651
0.085476,1.4812
0.08548,1.4651
0.085484,1.4651
0.085488,1.4651
0.085492,1.4812
0.085496,1.4651
0.0855,1.4651
0.085504,1.4812
0.085508,1.4651
0.085512,1.4651
0.085516,1.4812
0.08552,1.4651
0.085524,1.449
0.085528,1.4812
0.085532,1.4651
0.085536,1.4651
0.08554,1.4651
0.085544,1.4651
0.085548,1.4651
0.085552,1.449
0.085556,1.4651
0.08556,1.449
0.085564,1.4651
0.085568,1.449
0.085572,1.4651
0.085576,1.4651
0.08558,1.449
0.085584,1.4651
0.085588,1.4651
0.085592,1.449
0.085596,1.449
0.0856,1.4651
0.085604,1.449
0.085608,1.449
0.085612,1.449
0.085616,1.4651
0.08562,1.449
0.085624,1.4329
0.085628,1.4651
0.085632,1.449
0.085636,1.449
0.08564,1.449
0.085644,1.449
0.085648,1.449
0.085652,1.449
0.085656,1.449
0.08566,1.449
0.085664,1.449
0.085668,1.449
0.085672,1.449
0.085676,1.449
0.08568,1.449
0.085684,1.449
0.085688,1.4329
0.085692,1.449
0.085696,1.449
0.0857,1.4329
0.085704,1.4329
0.085708,1.4329
0.085712,1.449
0.085716,1.449
0.08572,1.4329
0.085724,1.4329
0.085728,1.449
0.085732,1.449
0.085736,1.449
0.08574,1.449
0.085744,1.4329
0.085748,1.4329
0.085752,1.4329
0.085756,1.4329
0.08576,1.4329
0.085764,1.449
0.085768,1.449
0.085772,1.4329
0.085776,1.4329
0.08578,1.4329
0.085784,1.4329
0.085788,1.4329
0.085792,1.4329
0.085796,1.4329
0.0858,1.449
0.085804,1.4329
0.085808,1.4329
0.085812,1.4329
0.085816,1.4329
0.08582,1.449
0.085824,1.4329
0.085828,1.4329
0.085832,1.4329
0.085836,1.4329
0.08584,1.4329
0.085844,1.449
0.085848,1.4329
0.085852,1.4329
0.085856,1.4329
0.08586,1.4329
0.085864,1.4329
0.085868,1.449
0.085872,1.4329
0.085876,1.4329
0.08588,1.4329
0.085884,1.4329
0.085888,1.4329
0.085892,1.4329
0.085896,1.4329
0.0859,1.4329
0.085904,1.4168
0.085908,1.449
0.085912,1.4329
0.085916,1.4329
0.08592,1.4329
0.085924,1.4168
0.085928,1.4329
0.085932,1.4329
0.085936,1.4329
0.08594,1.4329
0.085944,1.4329
0.085948,1.4329
0.085952,1.4329
0.085956,1.4329
0.08596,1.4329
0.085964,1.4329
0.085968,1.4329
0.085972,1.4329
0.085976,1.4329
0.08598,1.4168
0.085984,1.4168
0.085988,1.4329
0.085992,1.4168
0.085996,1.4168
0.086,1.4168
0.086004,1.4168
0.086008,1.4329
0.086012,1.4168
0.086016,1.4329
0.08602,1.4329
0.086024,1.4168
0.086028,1.4329
0.086032,1.4168
0.086036,1.4329
0.08604,1.4329
0.086044,1.4329
0.086048,1.4329
0.086052,1.4168
0.086056,1.4329
0.08606,1.4329
0.086064,1.4329
0.086068,1.4329
0.086072,1.4168
0.086076,1.4329
0.08608,1.4168
0.086084,1.4168
0.086088,1.4329
0.086092,1.4168
0.086096,1.4329
0.0861,1.4168
0.086104,1.4329
0.086108,1.449
0.086112,1.4168
0.086116,1.4329
0.08612,1.4168
0.086124,1.4007
0.086128,1.449
0.086132,1.4168
0.086136,1.4329
0.08614,1.4168
0.086144,1.4329
0.086148,1.4329
0.086152,1.4007
0.086156,1.4329
0.08616,1.4329
0.086164,1.4168
0.086168,1.4329
0.086172,1.4168
0.086176,1.4168
0.08618,1.4168
0.086184,1.4329
0.086188,1.4168
0.086192,1.4007
0.086196,1.4168
0.0862,1.4168
0.086204,1.4329
0.086208,1.4168
0.086212,1.4168
0.086216,1.4168
0.08622,1.4168
0.086224,1.4168
0.086228,1.3846
0.086232,1.4168
0.086236,1.4168
0.08624,1.4168
0.086244,1.4168
0.086248,1.4007
0.086252,1.4007
0.086256,1.4168
0.08626,1.4168
0.086264,1.4168
0.086268,1.4007
0.086272,1.4168
0.086276,1.4168
0.08628,1.4168
0.086284,1.4007
0.086288,1.4007
0.086292,1.4168
0.086296,1.3846
0.0863,1.4007
0.086304,1.4007
0.086308,1.4007
0.086312,1.4168
0.086316,1.4007
0.08632,1.4168
0.086324,1.4007
0.086328,1.4007
0.086332,1.4168
0.086336,1.3846
0.08634,1.4168
0.086344,1.4007
0.086348,1.4007
0.086352,1.4007
0.086356,1.3846
0.08636,1.3846
0.086364,1.4007
0.086368,1.3846
0.086372,1.3846
0.086376,1.4007
0.08638,1.4007
0.086384,1.4007
0.086388,1.4007
0.086392,1.4007
0.086396,1.3846
0.0864,1.4007
0.086404,1.3846
0.086408,1.4007
0.086412,1.3846
0.086416,1.3846
0.08642,1.4007
0.086424,1.3685
0.086428,1.3846
0.086432,1.3846
0.086436,1.3846
0.08644,1.3846
0.086444,1.3846
0.086448,1.3846
0.086452,1.3846
0.086456,1.3846
0.08646,1.3846
0.086464,1.3846
0.086468,1.3685
0.086472,1.3685
0.086476,1.3685
0.08648,1.4007
0.086484,1.3846
0.086488,1.3685
0.086492,1.3846
0.086496,1.3685
0.0865,1.3846
0.086504,1.3685
0.086508,1.3685
0.086512,1.3685
0.086516,1.3846
0.08652,1.3846
0.086524,1.3685
0.086528,1.3685
0.086532,1.3685
0.086536,1.3685
0.08654,1.3685
0.086544,1.3685
0.086548,1.3524
0.086552,1.3685
0.086556,1.3685
0.08656,1.3524
0.086564,1.3685
0.086568,1.3685
0.086572,1.3524
0.086576,1.3685
0.08658,1.3685
0.086584,1.3524
0.086588,1.3685
0.086592,1.3524
0.086596,1.3524
0.0866,1.3524
0.086604,1.3685
0.086608,1.3685
0.086612,1.3524
0.086616,1.3685
0.08662,1.3524
0.086624,1.3524
0.086628,1.3524
0.086632,1.3524
0.086636,1.3685
0.08664,1.3524
0.086644,1.3524
0.086648,1.3685
0.086652,1.3524
0.086656,1.3524
0.08666,1.3524
0.086664,1.3524
0.086668,1.3363
0.086672,1.3524
0.086676,1.3524
0.08668,1.3685
0.086684,1.3524
0.086688,1.3524
0.086692,1.3524
0.086696,1.3524
0.0867,1.3363
0.086704,1.3685
0.086708,1.3363
0.086712,1.3363
0.086716,1.3524
0.08672,1.3363
0.086724,1.3524
0.086728,1.3524
0.086732,1.3363
0.086736,1.3363
0.08674,1.3524
0.086744,1.3524
0.086748,1.3363
0.086752,1.3524
0.086756,1.3363
0.08676,1.3524
0.086764,1.3363
0.086768,1.3363
0.086772,1.3363
0.086776,1.3363
0.08678,1.3524
0.086784,1.3524
0.086788,1.3363
0.086792,1.3363
0.086796,1.3363
0.0868,1.3524
0.086804,1.3363
0.086808,1.3363
0.086812,1.3363
0.086816,1.3524
0.08682,1.3363
0.086824,1.3363
0.086828,1.3363
0.086832,1.3363
0.086836,1.3363
0.08684,1.3363
0.086844,1.3363
0.086848,1.3363
0.086852,1.3363
0.086856,1.3363
0.08686,1.3202
0.086864,1.3202
0.086868,1.3363
0.086872,1.3363
0.086876,1.3363
0.08688,1.3524
0.086884,1.3202
0.086888,1.3363
0.086892,1.3363
0.086896,1.3363
0.0869,1.3363
0.086904,1.3363
0.086908,1.3363
0.086912,1.3363
0.086916,1.3363
0.08692,1.3363
0.086924,1.3202
0.086928,1.3363
0.086932,1.3363
0.086936,1.3202
0.08694,1.3363
0.086944,1.3363
0.086948,1.3363
0.086952,1.3363
0.086956,1.3202
0.08696,1.3202
0.086964,1.3363
0.086968,1.3363
0.086972,1.3202
0.086976,1.3363
0.08698,1.3363
0.086984,1.3363
0.086988,1.3202
0.086992,1.3363
0.086996,1.3202
0.087,1.3524
0.087004,1.3202
0.087008,1.3363
0.087012,1.3524
0.087016,1.3363
0.08702,1.3363
0.087024,1.3363
0.087028,1.3202
0.087032,1.3363
0.087036,1.3363
0.08704,1.3202
0.087044,1.3363
0.087048,1.3363
0.087052,1.3202
0.087056,1.3363
0.08706,1.3363
0.087064,1.3363
0.087068,1.3202
0.087072,1.3363
0.087076,1.3363
0.08708,1.3363
0.087084,1.3202
0.087088,1.3363
0.087092,1.3363
0.087096,1.3363
0.0871,1.3202
0.087104,1.3202
0.087108,1.3202
0.087112,1.3202
0.087116,1.3363
0.08712,1.3363
0.087124,1.3202
0.087128,1.3363
0.087132,1.3202
0.087136,1.3363
0.08714,1.3363
0.087144,1.3363
0.087148,1.3363
0.087152,1.3202
0.087156,1.3363
0.08716,1.3363
0.087164,1.3363
0.087168,1.3202
0.087172,1.3363
0.087176,1.3202
0.08718,1.3363
0.087184,1.3202
0.087188,1.3363
0.087192,1.3202
0.087196,1.3202
0.0872,1.3363
0.087204,1.3202
0.087208,1.3363
0.087212,1.3363
0.087216,1.3363
0.08722,1.3202
0.087224,1.3363
0.087228,1.3202
0.087232,1.3363
0.087236,1.3202
0.08724,1.3202
0.087244,1.3202
0.087248,1.3202
0.087252,1.3202
0.087256,1.3202
0.08726,1.3041
0.087264,1.3202
0.087268,1.3363
0.087272,1.3041
0.087276,1.3041
0.08728,1.3363
0.087284,1.3202
0.087288,1.3363
0.087292,1.3202
0.087296,1.3202
0.0873,1.3202
0.087304,1.3202
0.087308,1.3202
0.087312,1.3041
0.087316,1.3202
0.08732,1.3202
0.087324,1.3041
0.087328,1.3202
0.087332,1.3041
0.087336,1.3202
0.08734,1.3202
0.087344,1.3202
0.087348,1.3202
0.087352,1.3202
0.087356,1.3041
0.08736,1.3041
0.087364,1.3202
0.087368,1.3041
0.087372,1.3202
0.087376,1.3202
0.08738,1.3041
0.087384,1.3041
0.087388,1.3041
0.087392,1.3041
0.087396,1.288
0.0874,1.3041
0.087404,1.3041
0.087408,1.3041
0.087412,1.3041
0.087416,1.3041
0.08742,1.3041
0.087424,1.3041
0.087428,1.3041
0.087432,1.3041
0.087436,1.3041
0.08744,1.3202
0.087444,1.288
0.087448,1.288
0.087452,1.288
0.087456,1.288
0.08746,1.3041
0.087464,1.2719
0.087468,1.3041
0.087472,1.288
0.087476,1.3041
0.08748,1.3041
0.087484,1.2719
0.087488,1.3041
0.087492,1.288
0.087496,1.288
0.0875,1.288
0.087504,1.288
0.087508,1.288
0.087512,1.288
0.087516,1.3041
0.08752,1.288
0.087524,1.2719
0.087528,1.288
0.087532,1.288
0.087536,1.2719
0.08754,1.2719
0.087544,1.288
0.087548,1.288
0.087552,1.2719
0.087556,1.288
0.08756,1.2558
0.087564,1.2719
0.087568,1.288
0.087572,1.2719
0.087576,1.288
0.08758,1.2719
0.087584,1.2719
0.087588,1.288
0.087592,1.2719
0.087596,1.2719
0.0876,1.2719
0.087604,1.2719
0.087608,1.2719
0.087612,1.2558
0.087616,1.2719
0.08762,1.2719
0.087624,1.2558
0.087628,1.2719
0.087632,1.2719
0.087636,1.2558
0.08764,1.2719
0.087644,1.2719
0.087648,1.2558
0.087652,1.2558
0.087656,1.2558
0.08766,1.2719
0.087664,1.2719
0.087668,1.2719
0.087672,1.2558
0.087676,1.2719
0.08768,1.2719
0.087684,1.2719
0.087688,1.2719
0.087692,1.2558
0.087696,1.2397
0.0877,1.2558
0.087704,1.2558
0.087708,1.2558
0.087712,1.2558
0.087716,1.2397
0.08772,1.2558
0.087724,1.2719
0.087728,1.2558
0.087732,1.2397
0.087736,1.2558
0.08774,1.2558
0.087744,1.2397
0.087748,1.2558
0.087752,1.2558
0.087756,1.2397
0.08776,1.2558
0.087764,1.2558
0.087768,1.2558
0.087772,1.2558
0.087776,1.2558
0.08778,1.2558
0.087784,1.2558
0.087788,1.2558
0.087792,1.2397
0.087796,1.2558
0.0878,1.2558
0.087804,1.2397
0.087808,1.2719
0.087812,1.2397
0.087816,1.2558
0.08782,1.2558
0.087824,1.2397
0.087828,1.2558
0.087832,1.2558
0.087836,1.2558
0.08784,1.2558
0.087844,1.2397
0.087848,1.2558
0.087852,1.2558
0.087856,1.2397
0.08786,1.2558
0.087864,1.2397
0.087868,1.2719
0.087872,1.2075
0.087876,1.3202
0.08788,1.2075
0.087884,1.2719
0.087888,1.2397
0.087892,1.2397
0.087896,1.2558
0.0879,1.2236
0.087904,1.2558
0.087908,1.2558
0.087912,1.2236
0.087916,1.2719
0.08792,1.2397
0.087924,1.2397
0.087928,1.2719
0.087932,1.2075
0.087936,1.2558
0.08794,1.2397
0.087944,1.2558
0.087948,1.2397
0.087952,1.2558
0.087956,1.2558
0.08796,1.2236
0.087964,1.2397
0.087968,1.2719
0.087972,1.2236
0.087976,1.2558
0.08798,1.2236
0.087984,1.2558
0.087988,1.2558
0.087992,1.2236
0.087996,1.2558
0.088,1.2397
0.088004,1.2397
0.088008,1.2558
0.088012,1.2397
0.088016,1.2558
0.08802,1.2397
0.088024,1.2397
0.088028,1.2558
0.088032,1.2397
0.088036,1.2558
0.08804,1.2558
0.088044,1.2397
0.088048,1.2558
0.088052,1.2558
0.088056,1.2558
0.08806,1.2558
0.088064,1.2558
0.088068,1.2397
0.088072,1.2558
0.088076,1.2719
0.08808,1.2397
0.088084,1.2558
0.088088,1.2397
0.088092,1.2397
0.088096,1.2558
0.0881,1.2397
0.088104,1.2558
0.088108,1.2397
0.088112,1.2558
0.088116,1.2558
0.08812,1.2397
0.088124,1.2397
0.088128,1.2558
0.088132,1.2397
0.088136,1.2558
0.08814,1.2558
0.088144,1.2397
0.088148,1.2558
0.088152,1.2397
0.088156,1.2558
0.08816,1.2558
0.088164,1.2397
0.088168,1.2558
0.088172,1.2397
0.088176,1.2397
0.08818,1.2719
0.088184,1.2397
0.088188,1.2558
0.088192,1.2558
0.088196,1.2397
0.0882,1.2397
0.088204,1.2397
0.088208,1.2397
0.088212,1.2558
0.088216,1.2558
0.08822,1.2397
0.088224,1.2397
0.088228,1.2397
0.088232,1.2558
0.088236,1.2558
0.08824,1.2397
0.088244,1.2397
0.088248,1.2397
0.088252,1.2397
0.088256,1.2558
0.08826,1.2397
0.088264,1.2397
0.088268,1.2558
0.088272,1.2397
0.088276,1.2397
0.08828,1.2397
0.088284,1.2558
0.088288,1.2558
0.088292,1.2397
0.088296,1.2397
0.0883,1.2397
0.088304,1.2397
0.088308,1.2558
0.088312,1.2558
0.088316,1.2397
0.08832,1.2397
0.088324,1.2397
0.088328,1.2397
0.088332,1.2397
0.088336,1.2397
0.08834,1.2397
0.088344,1.2397
0.088348,1.2397
0.088352,1.2397
0.088356,1.2397
0.08836,1.2397
0.088364,1.2397
0.088368,1.2397
0.088372,1.2397
0.088376,1.2397
0.08838,1.2397
0.088384,1.2397
0.088388,1.2397
0.088392,1.2397
0.088396,1.2397
0.0884,1.2236
0.088404,1.2236
0.088408,1.2236
0.088412,1.2397
0.088416,1.2236
0.08842,1.2236
0.088424,1.2397
0.088428,1.2236
0.088432,1.2397
0.088436,1.2236
0.08844,1.2075
0.088444,1.2236
0.088448,1.2236
0.088452,1.2236
0.088456,1.2236
0.08846,1.2075
0.088464,1.2236
0.088468,1.2236
0.088472,1.2236
0.088476,1.2075
0.08848,1.2075
0.088484,1.2236
0.088488,1.2236
0.088492,1.2236
0.088496,1.2075
0.0885,1.2236
0.088504,1.2236
0.088508,1.2236
0.088512,1.2075
0.088516,1.2236
0.08852,1.2075
0.088524,1.2075
0.088528,1.2075
0.088532,1.1914
0.088536,1.2236
0.08854,1.2075
0.088544,1.2075
0.088548,1.2236
0.088552,1.2075
0.088556,1.2075
0.08856,1.2075
0.088564,1.2236
0.088568,1.1914
0.088572,1.1914
0.088576,1.2075
0.08858,1.2075
0.088584,1.2075
0.088588,1.2075
0.088592,1.1914
0.088596,1.1914
0.0886,1.1914
0.088604,1.2075
0.088608,1.1914
0.088612,1.1914
0.088616,1.1914
0.08862,1.2075
0.088624,1.1914
0.088628,1.1753
0.088632,1.1914
0.088636,1.1753
0.08864,1.1914
0.088644,1.1753
0.088648,1.1753
0.088652,1.1914
0.088656,1.1753
0.08866,1.1914
0.088664,1.1753
0.088668,1.1753
0.088672,1.1914
0.088676,1.1753
0.08868,1.1914
0.088684,1.1914
0.088688,1.1753
0.088692,1.1914
0.088696,1.1753
0.0887,1.1753
0.088704,1.1753
0.088708,1.1914
0.088712,1.1914
0.088716,1.1753
0.08872,1.1753
0.088724,1.1753
0.088728,1.1753
0.088732,1.1753
0.088736,1.1753
0.08874,1.1753
0.088744,1.1753
0.088748,1.1753
0.088752,1.1753
0.088756,1.1753
0.08876,1.1753
0.088764,1.1753
0.088768,1.1753
0.088772,1.1592
0.088776,1.1753
0.08878,1.1753
0.088784,1.1753
0.088788,1.1753
0.088792,1.1753
0.088796,1.1592
0.0888,1.1592
0.088804,1.1592
0.088808,1.1592
0.088812,1.1753
0.088816,1.1592
0.08882,1.1753
0.088824,1.1592
0.088828,1.1592
0.088832,1.1592
0.088836,1.1592
0.08884,1.1753
0.088844,1.1592
0.088848,1.1592
0.088852,1.1753
0.088856,1.1592
0.08886,1.1753
0.088864,1.1753
0.088868,1.1592
0.088872,1.1592
0.088876,1.1592
0.08888,1.1753
0.088884,1.1592
0.088888,1.1592
0.088892,1.1592
0.088896,1.1592
0.0889,1.1592
0.088904,1.1753
0.088908,1.1592
0.088912,1.1592
0.088916,1.1753
0.08892,1.1431
0.088924,1.1592
0.088928,1.1592
0.088932,1.1431
0.088936,1.1592
0.08894,1.1431
0.088944,1.1592
0.088948,1.1431
0.088952,1.1592
0.088956,1.1592
0.08896,1.1431
0.088964,1.1431
0.088968,1.1592
0.088972,1.1431
0.088976,1.1592
0.08898,1.1431
0.088984,1.1592
0.088988,1.1592
0.088992,1.1592
0.088996,1.1592
0.089,1.1431
0.089004,1.1592
0.089008,1.1592
0.089012,1.1592
0.089016,1.1592
0.08902,1.1592
0.089024,1.1592
0.089028,1.1592
0.089032,1.1592
0.089036,1.1431
0.08904,1.1592
0.089044,1.1592
0.089048,1.1592
0.089052,1.1592
0.089056,1.1431
0.08906,1.1431
0.089064,1.1592
0.089068,1.1431
0.089072,1.1592
0.089076,1.1592
0.08908,1.1592
0.089084,1.1592
0.089088,1.1592
0.089092,1.1592
0.089096,1.1431
0.0891,1.1592
0.089104,1.1592
0.089108,1.1592
0.089112,1.1592
0.089116,1.1592
0.08912,1.1592
0.089124,1.1592
0.089128,1.1753
0.089132,1.1431
0.089136,1.1592
0.08914,1.1753
0.089144,1.1431
0.089148,1.1592
0.089152,1.1592
0.089156,1.1753
0.08916,1.1592
0.089164,1.1592
0.089168,1.1592
0.089172,1.1431
0.089176,1.1592
0.08918,1.1592
0.089184,1.1592
0.089188,1.1592
0.089192,1.1592
0.089196,1.1431
0.0892,1.1592
0.089204,1.1592
0.089208,1.1592
0.089212,1.1592
0.089216,1.1753
0.08922,1.1592
0.089224,1.1431
0.089228,1.1431
0.089232,1.1592
0.089236,1.1592
0.08924,1.1753
0.089244,1.1431
0.089248,1.1431
0.089252,1.1592
0.089256,1.1592
0.08926,1.1592
0.089264,1.1592
0.089268,1.1592
0.089272,1.1592
0.089276,1.1592
0.08928,1.1592
0.089284,1.1592
0.089288,1.1592
0.089292,1.1592
0.089296,1.1592
0.0893,1.1592
0.089304,1.1431
0.089308,1.1592
0.089312,1.1592
0.089316,1.1592
0.08932,1.1753
0.089324,1.1592
0.089328,1.1592
0.089332,1.1592
0.089336,1.1592
0.08934,1.1753
0.089344,1.1431
0.089348,1.1592
0.089352,1.1592
0.089356,1.1592
0.08936,1.1592
0.089364,1.1592
0.089368,1.1592
0.089372,1.1592
0.089376,1.1592
0.08938,1.1592
0.089384,1.1753
0.089388,1.1592
0.089392,1.1753
0.089396,1.1592
0.0894,1.1592
0.089404,1.1592
0.089408,1.1431
0.089412,1.1592
0.089416,1.1592
0.08942,1.1592
0.089424,1.1431
0.089428,1.1592
0.089432,1.1431
0.089436,1.1753
0.08944,1.1431
0.089444,1.1592
0.089448,1.1592
0.089452,1.1592
0.089456,1.1592
0.08946,1.1431
0.089464,1.1592
0.089468,1.1592
0.089472,1.1431
0.089476,1.1592
0.08948,1.1592
0.089484,1.1431
0.089488,1.1592
0.089492,1.1431
0.089496,1.1592
0.0895,1.1431
0.089504,1.1431
0.089508,1.1431
0.089512,1.1592
0.089516,1.1592
0.08952,1.1431
0.089524,1.1431
0.089528,1.127
0.089532,1.1431
0.089536,1.1431
0.08954,1.1592
0.089544,1.1431
0.089548,1.1431
0.089552,1.1431
0.089556,1.1431
0.08956,1.1431
0.089564,1.1431
0.089568,1.1592
0.089572,1.1431
0.089576,1.1431
0.08958,1.1431
0.089584,1.1431
0.089588,1.1431
0.089592,1.127
0.089596,1.127
0.0896,1.1431
0.089604,1.127
0.089608,1.1431
0.089612,1.127
0.089616,1.127
0.08962,1.127
0.089624,1.127
0.089628,1.1431
0.089632,1.127
0.089636,1.127
0.08964,1.127
0.089644,1.127
0.089648,1.127
0.089652,1.1431
0.089656,1.127
0.08966,1.127
0.089664,1.127
0.089668,1.127
0.089672,1.127
0.089676,1.1109
0.08968,1.127
0.089684,1.127
0.089688,1.127
0.089692,1.1109
0.089696,1.1109
0.0897,1.127
0.089704,1.1109
0.089708,1.127
0.089712,1.1109
0.089716,1.1109
0.08972,1.1109
0.089724,1.1109
0.089728,1.1109
0.089732,1.1109
0.089736,1.1109
0.08974,1.1109
0.089744,1.127
0.089748,1.1109
0.089752,1.1109
0.089756,1.1109
0.08976,1.0948
0.089764,1.1109
0.089768,1.1109
0.089772,1.0948
0.089776,1.1109
0.08978,1.0948
0.089784,1.1109
0.089788,1.0948
0.089792,1.1109
0.089796,1.1109
0.0898,1.1109
0.089804,1.1109
0.089808,1.1109
0.089812,1.0787
0.089816,1.0948
0.08982,1.1109
0.089824,1.0948
0.089828,1.0948
0.089832,1.0948
0.089836,1.0948
0.08984,1.0948
0.089844,1.0948
0.089848,1.0948
0.089852,1.0948
0.089856,1.0948
0.08986,1.1109
0.089864,1.0787
0.089868,1.0948
0.089872,1.0948
0.089876,1.0787
0.08988,1.0948
0.089884,1.0787
0.089888,1.0787
0.089892,1.0787
0.089896,1.0948
0.0899,1.0787
0.089904,1.0787
0.089908,1.0787
0.089912,1.0948
0.089916,1.0787
0.08992,1.0787
0.089924,1.0948
0.089928,1.0787
0.089932,1.0948
0.089936,1.0948
0.08994,1.0787
0.089944,1.0787
0.089948,1.0787
0.089952,1.0787
0.089956,1.0787
0.08996,1.0787
0.089964,1.0787
0.089968,1.0626
0.089972,1.0787
0.089976,1.0787
0.08998,1.0787
0.089984,1.0626
0.089988,1.0626
0.089992,1.0787
0.089996,1.0626
0.09,1.0787
0.090004,1.0787
0.090008,1.0787
0.090012,1.0787
0.090016,1.0626
0.09002,1.0787
0.090024,1.0787
0.090028,1.0787
0.090032,1.0787
0.090036,1.0626
0.09004,1.0787
0.090044,1.0787
0.090048,1.0626
0.090052,1.0787
0.090056,1.0787
0.09006,1.0626
0.090064,1.0787
0.090068,1.0626
0.090072,1.0787
0.090076,1.0787
0.09008,1.0626
0.090084,1.0787
0.090088,1.0626
0.090092,1.0787
0.090096,1.0626
0.0901,1.0787
0.090104,1.0787
0.090108,1.0626
0.090112,1.0787
0.090116,1.0787
0.09012,1.0787
0.090124,1.0787
0.090128,1.0787
0.090132,1.0626
0.090136,1.0626
0.09014,1.0787
0.090144,1.0626
0.090148,1.0626
0.090152,1.0787
0.090156,1.0787
0.09016,1.0626
0.090164,1.0626
0.090168,1.0626
0.090172,1.0787
0.090176,1.0626
0.09018,1.0787
0.090184,1.0626
0.090188,1.0787
0.090192,1.0626
0.090196,1.0626
0.0902,1.0626
0.090204,1.0787
0.090208,1.0626
0.090212,1.0787
0.090216,1.0626
0.09022,1.0787
0.090224,1.0787
0.090228,1.0626
0.090232,1.0626
0.090236,1.0787
0.09024,1.0626
0.090244,1.0626
0.090248,1.0787
0.090252,1.0626
0.090256,1.0787
0.09026,1.0787
0.090264,1.0626
0.090268,1.0787
0.090272,1.0787
0.090276,1.0626
0.09028,1.0626
0.090284,1.0626
0.090288,1.0626
0.090292,1.0787
0.090296,1.0626
0.0903,1.0787
0.090304,1.0626
0.090308,1.0787
0.090312,1.0626
0.090316,1.0626
0.09032,1.0787
0.090324,1.0626
0.090328,1.0787
0.090332,1.0787
0.090336,1.0626
0.09034,1.0787
0.090344,1.0787
0.090348,1.0787
0.090352,1.0787
0.090356,1.0787
0.09036,1.0626
0.090364,1.0787
0.090368,1.0787
0.090372,1.0787
0.090376,1.0948
0.09038,1.0626
0.090384,1.0948
0.090388,1.0626
0.090392,1.1109
0.090396,1.0465
0.0904,1.0948
0.090404,1.0626
0.090408,1.0787
0.090412,1.0787
0.090416,1.0787
0.09042,1.0626
0.090424,1.0787
0.090428,1.0626
0.090432,1.0787
0.090436,1.0626
0.09044,1.0787
0.090444,1.0948
0.090448,1.0626
0.090452,1.0787
0.090456,1.0787
0.09046,1.0787
0.090464,1.0948
0.090468,1.0626
0.090472,1.0787
0.090476,1.0787
0.09048,1.0626
0.090484,1.0948
0.090488,1.0465
0.090492,1.0787
0.090496,1.0787
0.0905,1.0626
0.090504,1.0948
0.090508,1.0787
0.090512,1.0787
0.090516,1.0787
0.09052,1.0787
0.090524,1.0948
0.090528,1.0626
0.090532,1.0787
0.090536,1.0787
0.09054,1.0787
0.090544,1.0948
0.090548,1.0787
0.090552,1.0626
0.090556,1.0787
0.09056,1.0787
0.090564,1.0787
0.090568,1.0626
0.090572,1.0948
0.090576,1.0626
0.09058,1.0787
0.090584,1.0948
0.090588,1.0626
0.090592,1.0787
0.090596,1.0626
0.0906,1.0787
0.090604,1.0626
0.090608,1.0626
0.090612,1.0626
0.090616,1.0787
0.09062,1.0787
0.090624,1.0626
0.090628,1.0626
0.090632,1.0787
0.090636,1.0626
0.09064,1.0787
0.090644,1.0787
0.090648,1.0626
0.090652,1.0626
0.090656,1.0787
0.09066,1.0626
0.090664,1.0626
0.090668,1.0626
0.090672,1.0787
0.090676,1.0787
0.09068,1.0626
0.090684,1.0626
0.090688,1.0626
0.090692,1.0465
0.090696,1.0787
0.0907,1.0626
0.090704,1.0465
0.090708,1.0626
0.090712,1.0787
0.090716,1.0465
0.09072,1.0626
0.090724,1.0465
0.090728,1.0465
0.090732,1.0626
0.090736,1.0465
0.09074,1.0626
0.090744,1.0465
0.090748,1.0787
0.090752,1.0465
0.090756,1.0465
0.09076,1.0465
0.090764,1.0626
0.090768,1.0626
0.090772,1.0626
0.090776,1.0465
0.09078,1.0465
0.090784,1.0626
0.090788,1.0626
0.090792,1.0465
0.090796,1.0465
0.0908,1.0465
0.090804,1.0626
0.090808,1.0465
0.090812,1.0465
0.090816,1.0465
0.09082,1.0465
0.090824,1.0465
0.090828,1.0465
0.090832,1.0465
0.090836,1.0465
0.09084,1.0465
0.090844,1.0465
0.090848,1.0465
0.090852,1.0465
0.090856,1.0304
0.09086,1.0304
0.090864,1.0465
0.090868,1.0465
0.090872,1.0465
0.090876,1.0304
0.09088,1.0465
0.090884,1.0304
0.090888,1.0304
0.090892,1.0304
0.090896,1.0143
0.0909,1.0304
0.090904,1.0304
0.090908,1.0143
0.090912,1.0304
0.090916,1.0304
0.09092,1.0304
0.090924,1.0304
0.090928,1.0143
0.090932,1.0304
0.090936,1.0465
0.09094,1.0143
0.090944,1.0304
0.090948,1.0143
0.090952,0.9982
0.090956,1.0465
0.09096,1.0143
0.090964,1.0304
0.090968,1.0143
0.090972,1.0143
0.090976,1.0143
0.09098,1.0143
0.090984,1.0143
0.090988,1.0143
0.090992,1.0143
0.090996,1.0304
0.091,1.0143
0.091004,1.0304
0.091008,0.9982
0.091012,0.9982
0.091016,1.0143
0.09102,1.0143
0.091024,1.0143
0.091028,1.0143
0.091032,0.9982
0.091036,1.0143
0.09104,1.0143
0.091044,0.9982
0.091048,0.9982
0.091052,1.0143
0.091056,0.9982
0.09106,0.9982
0.091064,1.0143
0.091068,0.9982
0.091072,0.9982
0.091076,0.9982
0.09108,0.9982
0.091084,1.0143
0.091088,0.9821
0.091092,0.9982
0.091096,0.9982
0.0911,0.9982
0.091104,0.9982
0.091108,0.9821
0.091112,0.9982
0.091116,0.9982
0.09112,0.9982
0.091124,0.9982
0.091128,0.9982
0.091132,0.9821
0.091136,0.9982
0.09114,0.9982
0.091144,1.0143
0.091148,0.9821
0.091152,0.9982
0.091156,0.9982
0.09116,0.9982
0.091164,0.9821
0.091168,0.9982
0.091172,0.9982
0.091176,0.9821
0.09118,0.9982
0.091184,0.9982
0.091188,0.9821
0.091192,0.9982
0.091196,0.9821
0.0912,0.9982
0.091204,0.9982
0.091208,0.9821
0.091212,0.9821
0.091216,0.9982
0.09122,0.9821
0.091224,0.9821
0.091228,0.9982
0.091232,0.9982
0.091236,0.9821
0.09124,0.9982
0.091244,0.9982
0.091248,0.9821
0.091252,0.9982
0.091256,0.9821
0.09126,0.9982
0.091264,0.9821
0.091268,0.9821
0.091272,0.9821
0.091276,0.9982
0.09128,0.9982
0.091284,0.9821
0.091288,0.9982
0.091292,0.9821
0.091296,0.9821
0.0913,0.9982
0.091304,0.9821
0.091308,0.9982
0.091312,0.9821
0.091316,0.9821
0.09132,0.9982
0.091324,0.9821
0.091328,0.9821
0.091332,0.9821
0.091336,0.9982
0.09134,0.9982
0.091344,0.9982
0.091348,0.9821
0.091352,0.9821
0.091356,0.9982
0.09136,0.9982
0.091364,0.9821
0.091368,0.9821
0.091372,0.9982
0.091376,0.9821
0.09138,0.9982
0.091384,0.9982
0.091388,0.9982
0.091392,0.9982
0.091396,0.9821
0.0914,0.9982
0.091404,0.9821
0.091408,0.9982
0.091412,0.9982
0.091416,0.9982
0.09142,0.9821
0.091424,0.9821
0.091428,0.9982
0.091432,0.9821
0.091436,0.9982
0.09144,0.9982
0.091444,0.9982
0.091448,0.9982
0.091452,0.9821
0.091456,0.9982
0.09146,0.9821
0.091464,0.9982
0.091468,0.9821
0.091472,0.9982
0.091476,1.0143
0.09148,0.9821
0.091484,0.9982
0.091488,0.9982
0.091492,0.9982
0.091496,0.9982
0.0915,0.9982
0.091504,0.9982
0.091508,0.9982
0.091512,0.9982
0.091516,0.9982
0.09152,0.9982
0.091524,0.9821
0.091528,0.9982
0.091532,0.9821
0.091536,0.9982
0.09154,0.9821
0.091544,0.9982
0.091548,0.9982
0.091552,0.9821
0.091556,0.9982
0.09156,0.9982
0.091564,0.9982
0.091568,0.9982
0.091572,0.9982
0.091576,0.9821
0.09158,0.9982
0.091584,0.9982
0.091588,0.9982
0.091592,0.9982
0.091596,0.9982
0.0916,0.9982
0.091604,0.9982
0.091608,0.9982
0.091612,0.9982
0.091616,0.9982
0.09162,0.9821
0.091624,0.9982
0.091628,0.9982
0.091632,0.9982
0.091636,0.9982
0.09164,0.9982
0.091644,0.9982
0.091648,0.9982
0.091652,0.9982
0.091656,0.9982
0.09166,0.9982
0.091664,0.9982
0.091668,1.0143
0.091672,0.9982
0.091676,1.0143
0.09168,1.0143
0.091684,0.9821
0.091688,0.9982
0.091692,1.0143
0.091696,0.9982
0.0917,1.0143
0.091704,0.9821
0.091708,0.9982
0.091712,0.9982
0.091716,0.9982
0.09172,1.0143
0.091724,0.9821
0.091728,0.9982
0.091732,0.9982
0.091736,0.9982
0.09174,0.9982
0.091744,0.9982
0.091748,0.9982
0.091752,0.9982
0.091756,0.9982
0.09176,0.9982
0.091764,0.9982
0.091768,0.9982
0.091772,0.9982
0.091776,0.9982
0.09178,0.9821
0.091784,1.0143
0.091788,0.9821
0.091792,0.9982
0.091796,0.9982
0.0918,0.9821
0.091804,0.9982
0.091808,0.9982
0.091812,0.9982
0.091816,0.9982
0.09182,0.9821
0.091824,0.9982
0.091828,0.9982
0.091832,0.9821
0.091836,0.9982
0.09184,0.9821
0.091844,0.9982
0.091848,0.9982
0.091852,0.9821
0.091856,0.9821
0.09186,0.9821
0.091864,0.9982
0.091868,0.9821
0.091872,0.9982
0.091876,0.9821
0.09188,0.9982
0.091884,0.9821
0.091888,0.9821
0.091892,0.9982
0.091896,0.966
0.0919,0.9982
0.091904,0.9821
0.091908,0.9821
0.091912,0.9821
0.091916,0.9821
0.09192,0.9821
0.091924,0.9821
0.091928,0.9821
0.091932,0.9821
0.091936,0.9821
0.09194,0.9821
0.091944,0.9821
0.091948,0.966
0.091952,0.966
0.091956,0.9821
0.09196,0.9821
0.091964,0.9821
0.091968,0.966
0.091972,0.9821
0.091976,0.9821
0.09198,0.966
0.091984,0.9821
0.091988,0.966
0.091992,0.9821
0.091996,0.9821
0.092,0.966
0.092004,0.966
0.092008,0.9821
0.092012,0.966
0.092016,0.9499
0.09202,0.966
0.092024,0.966
0.092028,0.966
0.092032,0.966
0.092036,0.966
0.09204,0.966
0.092044,0.966
0.092048,0.966
0.092052,0.966
0.092056,0.966
0.09206,0.966
0.092064,0.966
0.092068,0.966
0.092072,0.966
0.092076,0.9499
0.09208,0.966
0.092084,0.966
0.092088,0.9499
0.092092,0.966
0.092096,0.9499
0.0921,0.966
0.092104,0.9499
0.092108,0.966
0.092112,0.966
0.092116,0.9499
0.09212,0.9499
0.092124,0.9499
0.092128,0.966
0.092132,0.966
0.092136,0.9499
0.09214,0.9499
0.092144,0.9499
0.092148,0.9499
0.092152,0.9338
0.092156,0.9499
0.09216,0.9499
0.092164,0.9499
0.092168,0.9499
0.092172,0.9338
0.092176,0.9338
0.09218,0.9499
0.092184,0.9338
0.092188,0.9338
0.092192,0.9499
0.092196,0.9499
0.0922,0.9338
0.092204,0.9338
0.092208,0.9499
0.092212,0.9499
0.092216,0.9338
0.09222,0.9499
0.092224,0.9338
0.092228,0.9338
0.092232,0.9338
0.092236,0.9338
0.09224,0.9499
0.092244,0.9338
0.092248,0.9338
0.092252,0.9177
0.092256,0.9338
0.09226,0.9338
0.092264,0.9338
0.092268,0.9338
0.092272,0.9177
0.092276,0.9177
0.09228,0.9177
0.092284,0.9338
0.092288,0.9338
0.092292,0.9177
0.092296,0.9338
0.0923,0.9338
0.092304,0.9338
0.092308,0.9177
0.092312,0.9338
0.092316,0.9177
0.09232,0.9338
0.092324,0.9177
0.092328,0.9177
0.092332,0.9177
0.092336,0.9338
0.09234,0.9177
0.092344,0.9177
0.092348,0.9177
0.092352,0.9177
0.092356,0.9177
0.09236,0.9177
0.092364,0.9177
0.092368,0.9338
0.092372,0.9177
0.092376,0.9338
0.09238,0.9177
0.092384,0.9177
0.092388,0.9338
0.092392,0.9177
0.092396,0.9338
0.0924,0.9177
0.092404,0.9016
0.092408,0.9177
0.092412,0.9177
0.092416,0.9177
0.09242,0.9177
0.092424,0.9177
0.092428,0.9177
0.092432,0.9177
0.092436,0.9177
0.09244,0.9177
0.092444,0.9177
0.092448,0.9177
0.092452,0.9177
0.092456,0.9177
0.09246,0.9177
0.092464,0.9177
0.092468,0.9016
0.092472,0.9177
0.092476,0.9177
0.09248,0.9016
0.092484,0.9177
0.092488,0.9016
0.092492,0.9338
0.092496,0.9177
0.0925,0.9016
0.092504,0.9177
0.092508,0.9177
0.092512,0.9016
0.092516,0.9177
0.09252,0.9177
0.092524,0.9177
0.092528,0.9177
0.092532,0.9177
0.092536,0.9177
0.09254,0.9016
0.092544,0.9177
0.092548,0.9177
0.092552,0.9177
0.092556,0.9016
0.09256,0.9177
0.092564,0.9177
0.092568,0.9016
0.092572,0.9177
0.092576,0.9016
0.09258,0.9177
0.092584,0.9177
0.092588,0.9177
0.092592,0.9177
0.092596,0.9016
0.0926,0.9016
0.092604,0.9177
0.092608,0.9016
0.092612,0.9177
0.092616,0.9177
0.09262,0.9016
0.092624,0.9016
0.092628,0.9177
0.092632,0.9177
0.092636,0.9177
0.09264,0.9177
0.092644,0.9177
0.092648,0.9177
0.092652,0.9016
0.092656,0.9177
0.09266,0.9016
0.092664,0.9177
0.092668,0.9177
0.092672,0.9016
0.092676,0.9177
0.09268,0.9177
0.092684,0.9177
0.092688,0.9177
0.092692,0.9177
0.092696,0.9177
0.0927,0.9177
0.092704,0.9177
0.092708,0.9177
0.092712,0.9177
0.092716,0.9177
0.09272,0.9177
0.092724,0.9338
0.092728,0.9177
0.092732,0.9177
0.092736,0.9016
0.09274,0.9338
0.092744,0.9177
0.092748,0.9016
0.092752,0.9177
0.092756,0.9177
0.09276,0.9338
0.092764,0.9177
0.092768,0.9016
0.092772,0.9016
0.092776,0.9016
0.09278,0.9177
0.092784,0.9338
0.092788,0.9177
0.092792,0.9177
0.092796,0.9177
0.0928,0.9016
0.092804,0.9177
0.092808,0.9177
0.092812,0.9177
0.092816,0.9177
0.09282,0.9177
0.092824,0.9016
0.092828,0.9177
0.092832,0.9177
0.092836,0.9177
0.09284,0.9338
0.092844,0.9016
0.092848,0.9016
0.092852,0.9177
0.092856,0.9016
0.09286,0.9177
0.092864,0.9016
0.092868,0.9177
0.092872,0.9177
0.092876,0.9177
0.09288,0.9177
0.092884,0.9177
0.092888,0.9177
0.092892,0.9177
0.092896,0.9177
0.0929,0.9177
0.092904,0.9177
0.092908,0.9016
0.092912,0.9177
0.092916,0.9338
0.09292,0.9016
0.092924,0.9177
0.092928,0.9177
0.092932,0.9016
0.092936,0.9338
0.09294,0.9016
0.092944,0.9338
0.092948,0.9177
0.092952,0.9016
0.092956,0.9177
0.09296,0.9177
0.092964,0.9177
0.092968,0.9338
0.092972,0.9016
0.092976,0.9177
0.09298,0.9177
0.092984,0.9177
0.092988,0.9177
0.092992,0.9177
0.092996,0.9177
0.093,0.9177
0.093004,0.9177
0.093008,0.9338
0.093012,0.9177
0.093016,0.9016
0.09302,0.9177
0.093024,0.9177
0.093028,0.9177
0.093032,0.9177
0.093036,0.9177
0.09304,0.9177
0.093044,0.9177
0.093048,0.9177
0.093052,0.9177
0.093056,0.9016
0.09306,0.9016
0.093064,0.9177
0.093068,0.9177
0.093072,0.9177
0.093076,0.9016
0.09308,0.9016
0.093084,0.9177
0.093088,0.9177
0.093092,0.9016
0.093096,0.9177
0.0931,0.9177
0.093104,0.9016
0.093108,0.9338
0.093112,0.9016
0.093116,0.9177
0.09312,0.9016
0.093124,0.9016
0.093128,0.8855
0.093132,0.9338
0.093136,0.8855
0.09314,0.9177
0.093144,0.8855
0.093148,0.9016
0.093152,0.9016
0.093156,0.9016
0.09316,0.9016
0.093164,0.9177
0.093168,0.8855
0.093172,0.9338
0.093176,0.9016
0.09318,0.9016
0.093184,0.9016
0.093188,0.9016
0.093192,0.9016
0.093196,0.9016
0.0932,0.9016
0.093204,0.9177
0.093208,0.9016
0.093212,0.9016
0.093216,0.9016
0.09322,0.9177
0.093224,0.9016
0.093228,0.9016
0.093232,0.8855
0.093236,0.9177
0.09324,0.9016
0.093244,0.9016
0.093248,0.9016
0.093252,0.8855
0.093256,0.9016
0.09326,0.8855
0.093264,0.9016
0.093268,0.8855
0.093272,0.9016
0.093276,0.9016
0.09328,0.8855
0.093284,0.9016
0.093288,0.8855
0.093292,0.8855
0.093296,0.9016
0.0933,0.8855
0.093304,0.9016
0.093308,0.8855
0.093312,0.9016
0.093316,0.9016
0.09332,0.8855
0.093324,0.9016
0.093328,0.8855
0.093332,0.8855
0.093336,0.9016
0.09334,0.8855
0.093344,0.8855
0.093348,0.8855
0.093352,0.8855
0.093356,0.8855
0.09336,0.8855
0.093364,0.8855
0.093368,0.9016
0.093372,0.8694
0.093376,0.8855
0.09338,0.9016
0.093384,0.8855
0.093388,0.8855
0.093392,0.8694
0.093396,0.8855
0.0934,0.8694
0.093404,0.8855
0.093408,0.8855
0.093412,0.8855
0.093416,0.8855
0.09342,0.8694
0.093424,0.8694
0.093428,0.8694
0.093432,0.8855
0.093436,0.8694
0.09344,0.8855
0.093444,0.8694
0.093448,0.8694
0.093452,0.8694
0.093456,0.8694
0.09346,0.8533
0.093464,0.8694
0.093468,0.8855
0.093472,0.8855
0.093476,0.8694
0.09348,0.8533
0.093484,0.8694
0.093488,0.8694
0.093492,0.8533
0.093496,0.8694
0.0935,0.8694
0.093504,0.8694
0.093508,0.8855
0.093512,0.8533
0.093516,0.8694
0.09352,0.8533
0.093524,0.8694
0.093528,0.8694
0.093532,0.8533
0.093536,0.8694
0.09354,0.8533
0.093544,0.8533
0.093548,0.8694
0.093552,0.8694
0.093556,0.8533
0.09356,0.8533
0.093564,0.8694
0.093568,0.8694
0.093572,0.8533
0.093576,0.8533
0.09358,0.8694
0.093584,0.8371999999999999
0.093588,0.8694
0.093592,0.8533
0.093596,0.8694
0.0936,0.8533
0.093604,0.8533
0.093608,0.8533
0.093612,0.8533
0.093616,0.8694
0.09362,0.8533
0.093624,0.8371999999999999
0.093628,0.8533
0.093632,0.8533
0.093636,0.8533
0.09364,0.8533
0.093644,0.8533
0.093648,0.8533
0.093652,0.8371999999999999
0.093656,0.8533
0.09366,0.8371999999999999
0.093664,0.8533
0.093668,0.8533
0.093672,0.8533
0.093676,0.8694
0.09368,0.8533
0.093684,0.8533
0.093688,0.8371999999999999
0.093692,0.8210999999999999
0.093696,0.8533
0.0937,0.8533
0.093704,0.8371999999999999
0.093708,0.8533
0.093712,0.8371999999999999
0.093716,0.8533
0.09372,0.8533
0.093724,0.8371999999999999
0.093728,0.8371999999999999
0.093732,0.8533
0.093736,0.8533
0.09374,0.8533
0.093744,0.8533
0.093748,0.8371999999999999
0.093752,0.8371999999999999
0.093756,0.8210999999999999
0.09376,0.8371999999999999
0.093764,0.8371999999999999
0.093768,0.8533
0.093772,0.8371999999999999
0.093776,0.8533
0.09378,0.8371999999999999
0.093784,0.8533
0.093788,0.8371999999999999
0.093792,0.8371999999999999
0.093796,0.8371999999999999
0.0938,0.8371999999999999
0.093804,0.8371999999999999
0.093808,0.8533
0.093812,0.8371999999999999
0.093816,0.8371999999999999
0.09382,0.8371999999999999
0.093824,0.8533
0.093828,0.8210999999999999
0.093832,0.8371999999999999
0.093836,0.8371999999999999
0.09384,0.8371999999999999
0.093844,0.8371999999999999
0.093848,0.8371999999999999
0.093852,0.8371999999999999
0.093856,0.8371999999999999
0.09386,0.8371999999999999
0.093864,0.8371999999999999
0.093868,0.8371999999999999
0.093872,0.8371999999999999
0.093876,0.8371999999999999
0.09388,0.8371999999999999
0.093884,0.8210999999999999
0.093888,0.8371999999999999
0.093892,0.8371999999999999
0.093896,0.8371999999999999
0.0939,0.8210999999999999
0.093904,0.8533
0.093908,0.8533
0.093912,0.8371999999999999
0.093916,0.8371999999999999
0.09392,0.8371999999999999
0.093924,0.8371999999999999
0.093928,0.8371999999999999
0.093932,0.8371999999999999
0.093936,0.8210999999999999
0.09394,0.8371999999999999
0.093944,0.8371999999999999
0.093948,0.8533
0.093952,0.8210999999999999
0.093956,0.8371999999999999
0.09396,0.8371999999999999
0.093964,0.8371999999999999
0.093968,0.8210999999999999
0.093972,0.8371999999999999
0.093976,0.8371999999999999
0.09398,0.8371999999999999
0.093984,0.8533
0.093988,0.8371999999999999
0.093992,0.8371999999999999
0.093996,0.8371999999999999
0.094,0.8371999999999999
0.094004,0.8371999999999999
0.094008,0.8210999999999999
0.094012,0.8371999999999999
0.094016,0.8533
0.09402,0.8533
0.094024,0.8371999999999999
0.094028,0.8371999999999999
0.094032,0.8371999999999999
0.094036,0.8371999999999999
0.09404,0.8371999999999999
0.094044,0.8371999999999999
0.094048,0.8533
0.094052,0.8371999999999999
0.094056,0.8371999999999999
0.09406,0.8371999999999999
0.094064,0.8371999999999999
0.094068,0.8371999999999999
0.094072,0.8371999999999999
0.094076,0.8371999999999999
0.09408,0.8533
0.094084,0.8371999999999999
0.094088,0.8533
0.094092,0.8371999999999999
0.094096,0.8371999999999999
0.0941,0.8371999999999999
0.094104,0.8371999999999999
0.094108,0.8371999999999999
0.094112,0.8371999999999999
0.094116,0.8371999999999999
0.09412,0.8371999999999999
0.094124,0.8371999999999999
0.094128,0.8371999999999999
0.094132,0.8371999999999999
0.094136,0.8371999999999999
0.09414,0.8533
0.094144,0.8533
0.094148,0.8371999999999999
0.094152,0.8371999999999999
0.094156,0.8371999999999999
0.09416,0.8533
0.094164,0.8371999999999999
0.094168,0.8533
0.094172,0.8210999999999999
0.094176,0.8371999999999999
0.09418,0.8533
0.094184,0.8371999999999999
0.094188,0.8371999999999999
0.094192,0.8371999999999999
0.094196,0.8371999999999999
0.0942,0.8371999999999999
0.094204,0.8371999999999999
0.094208,0.8371999999999999
0.094212,0.8371999999999999
0.094216,0.8371999999999999
0.09422,0.8371999999999999
0.094224,0.8371999999999999
0.094228,0.8371999999999999
0.094232,0.8371999999999999
0.094236,0.8371999999999999
0.09424,0.8371999999999999
0.094244,0.8371999999999999
0.094248,0.8371999999999999
0.094252,0.8371999999999999
0.094256,0.8533
0.09426,0.8371999999999999
0.094264,0.8371999999999999
0.094268,0.8371999999999999
0.094272,0.8371999999999999
0.094276,0.8533
0.09428,0.8210999999999999
0.094284,0.8533
0.094288,0.8371999999999999
0.094292,0.8371999999999999
0.094296,0.8371999999999999
0.0943,0.8371999999999999
0.094304,0.8371999999999999
0.094308,0.8371999999999999
0.094312,0.8371999999999999
0.094316,0.8533
0.09432,0.8371999999999999
0.094324,0.8371999999999999
0.094328,0.8371999999999999
0.094332,0.8533
0.094336,0.8533
0.09434,0.8210999999999999
0.094344,0.8533
0.094348,0.8371999999999999
0.094352,0.8533
0.094356,0.8371999999999999
0.09436,0.8210999999999999
0.094364,0.8371999999999999
0.094368,0.8371999999999999
0.094372,0.8371999999999999
0.094376,0.8371999999999999
0.09438,0.8210999999999999
0.094384,0.8371999999999999
0.094388,0.8371999999999999
0.094392,0.8371999999999999
0.094396,0.8371999999999999
0.0944,0.8210999999999999
0.094404,0.8371999999999999
0.094408,0.8371999999999999
0.094412,0.8533
0.094416,0.8210999999999999
0.09442,0.8371999999999999
0.094424,0.8371999999999999
0.094428,0.8210999999999999
0.094432,0.8371999999999999
0.094436,0.8210999999999999
0.09444,0.8371999999999999
0.094444,0.8371999999999999
0.094448,0.8371999999999999
0.094452,0.8371999999999999
0.094456,0.8210999999999999
0.09446,0.8371999999999999
0.094464,0.8371999999999999
0.094468,0.8210999999999999
0.094472,0.8533
0.094476,0.8371999999999999
0.09448,0.8371999999999999
0.094484,0.8210999999999999
0.094488,0.8371999999999999
0.094492,0.8371999999999999
0.094496,0.8210999999999999
0.0945,0.8371999999999999
0.094504,0.8371999999999999
0.094508,0.8210999999999999
0.094512,0.8371999999999999
0.094516,0.8371999999999999
0.09452,0.8371999999999999
0.094524,0.8049999999999999
0.094528,0.8371999999999999
0.094532,0.8210999999999999
0.094536,0.8371999999999999
0.09454,0.8371999999999999
0.094544,0.8210999999999999
0.094548,0.8371999999999999
0.094552,0.8210999999999999
0.094556,0.8371999999999999
0.09456,0.8210999999999999
0.094564,0.8371999999999999
0.094568,0.8210999999999999
0.094572,0.8210999999999999
0.094576,0.8371999999999999
0.09458,0.8210999999999999
0.094584,0.8210999999999999
0.094588,0.8210999999999999
0.094592,0.8371999999999999
0.094596,0.8210999999999999
0.0946,0.8371999999999999
0.094604,0.8210999999999999
0.094608,0.8210999999999999
0.094612,0.8210999999999999
0.094616,0.8371999999999999
0.09462,0.8049999999999999
0.094624,0.8210999999999999
0.094628,0.8210999999999999
0.094632,0.8210999999999999
0.094636,0.8210999999999999
0.09464,0.8210999999999999
0.094644,0.8210999999999999
0.094648,0.8210999999999999
0.094652,0.8049999999999999
0.094656,0.8210999999999999
0.09466,0.8049999999999999
0.094664,0.8049999999999999
0.094668,0.8210999999999999
0.094672,0.8210999999999999
0.094676,0.8210999999999999
0.09468,0.8210999999999999
0.094684,0.8049999999999999
0.094688,0.8210999999999999
0.094692,0.8371999999999999
0.094696,0.8049999999999999
0.0947,0.8049999999999999
0.094704,0.8210999999999999
0.094708,0.8210999999999999
0.094712,0.8210999999999999
0.094716,0.8049999999999999
0.09472,0.8210999999999999
0.094724,0.8049999999999999
0.094728,0.8210999999999999
0.094732,0.8210999999999999
0.094736,0.8049999999999999
0.09474,0.8210999999999999
0.094744,0.8210999999999999
0.094748,0.8049999999999999
0.094752,0.8049999999999999
0.094756,0.8210999999999999
0.09476,0.8049999999999999
0.094764,0.8210999999999999
0.094768,0.8210999999999999
0.094772,0.7888999999999999
0.094776,0.8049999999999999
0.09478,0.8049999999999999
0.094784,0.8049999999999999
0.094788,0.8210999999999999
0.094792,0.7888999999999999
0.094796,0.8210999999999999
0.0948,0.8049999999999999
0.094804,0.8049999999999999
0.094808,0.8049999999999999
0.094812,0.7888999999999999
0.094816,0.8049999999999999
0.09482,0.7888999999999999
0.094824,0.8049999999999999
0.094828,0.8049999999999999
0.094832,0.7888999999999999
0.094836,0.8049999999999999
0.09484,0.8049999999999999
0.094844,0.8049999999999999
0.094848,0.8049999999999999
0.094852,0.7888999999999999
0.094856,0.8049999999999999
0.09486,0.8049999999999999
0.094864,0.8049999999999999
0.094868,0.7888999999999999
0.094872,0.7888999999999999
0.094876,0.8049999999999999
0.09488,0.7888999999999999
0.094884,0.7888999999999999
0.094888,0.7888999999999999
0.094892,0.8049999999999999
0.094896,0.7888999999999999
0.0949,0.7888999999999999
0.094904,0.8049999999999999
0.094908,0.7888999999999999
0.094912,0.8049999999999999
0.094916,0.8049999999999999
0.09492,0.7888999999999999
0.094924,0.7888999999999999
0.094928,0.7888999999999999
0.094932,0.8049999999999999
0.094936,0.7727999999999999
0.09494,0.7888999999999999
0.094944,0.7888999999999999
0.094948,0.7888999999999999
0.094952,0.7888999999999999
0.094956,0.7888999999999999
0.09496,0.7888999999999999
0.094964,0.7888999999999999
0.094968,0.7888999999999999
0.094972,0.7888999999999999
0.094976,0.7888999999999999
0.09498,0.7888999999999999
0.094984,0.7888999999999999
0.094988,0.7727999999999999
0.094992,0.7888999999999999
0.094996,0.7888999999999999
0.095,0.7727999999999999
0.095004,0.7888999999999999
0.095008,0.7888999999999999
0.095012,0.7888999999999999
0.095016,0.7888999999999999
0.09502,0.7888999999999999
0.095024,0.7888999999999999
0.095028,0.7727999999999999
0.095032,0.7727999999999999
0.095036,0.7888999999999999
0.09504,0.7888999999999999
0.095044,0.7727999999999999
0.095048,0.7727999999999999
0.095052,0.7727999999999999
0.095056,0.7888999999999999
0.09506,0.7727999999999999
0.095064,0.7727999999999999
0.095068,0.7727999999999999
0.095072,0.7727999999999999
0.095076,0.7727999999999999
0.09508,0.7727999999999999
0.095084,0.7727999999999999
0.095088,0.7727999999999999
0.095092,0.7727999999999999
0.095096,0.7888999999999999
0.0951,0.7888999999999999
0.095104,0.7727999999999999
0.095108,0.7727999999999999
0.095112,0.7727999999999999
0.095116,0.7888999999999999
0.09512,0.7727999999999999
0.095124,0.7727999999999999
0.095128,0.7727999999999999
0.095132,0.7727999999999999
0.095136,0.7727999999999999
0.09514,0.7727999999999999
0.095144,0.7727999999999999
0.095148,0.7727999999999999
0.095152,0.7727999999999999
0.095156,0.7567
0.09516,0.7567
0.095164,0.7727999999999999
0.095168,0.7567
0.095172,0.7727999999999999
0.095176,0.7727999999999999
0.09518,0.7567
0.095184,0.7727999999999999
0.095188,0.7567
0.095192,0.7727999999999999
0.095196,0.7727999999999999
0.0952,0.7406
0.095204,0.7567
0.095208,0.7727999999999999
0.095212,0.7727999999999999
0.095216,0.7567
0.09522,0.7567
0.095224,0.7567
0.095228,0.7727999999999999
0.095232,0.7727999999999999
0.095236,0.7567
0.09524,0.7567
0.095244,0.7567
0.095248,0.7567
0.095252,0.7567
0.095256,0.7567
0.09526,0.7567
0.095264,0.7727999999999999
0.095268,0.7567
0.095272,0.7567
0.095276,0.7727999999999999
0.09528,0.7727999999999999
0.095284,0.7727999999999999
0.095288,0.7567
0.095292,0.7567
0.095296,0.7567
0.0953,0.7567
0.095304,0.7727999999999999
0.095308,0.7406
0.095312,0.7567
0.095316,0.7567
0.09532,0.7567
0.095324,0.7567
0.095328,0.7567
0.095332,0.7567
0.095336,0.7727999999999999
0.09534,0.7567
0.095344,0.7727999999999999
0.095348,0.7727999999999999
0.095352,0.7567
0.095356,0.7567
0.09536,0.7727999999999999
0.095364,0.7567
0.095368,0.7567
0.095372,0.7567
0.095376,0.7567
0.09538,0.7567
0.095384,0.7567
0.095388,0.7727999999999999
0.095392,0.7727999999999999
0.095396,0.7727999999999999
0.0954,0.7727999999999999
0.095404,0.7567
0.095408,0.7727999999999999
0.095412,0.7727999999999999
0.095416,0.7567
0.09542,0.7567
0.095424,0.7406
0.095428,0.7727999999999999
0.095432,0.7567
0.095436,0.7567
0.09544,0.7567
0.095444,0.7567
0.095448,0.7727999999999999
0.095452,0.7567
0.095456,0.7567
0.09546,0.7567
0.095464,0.7567
0.095468,0.7567
0.095472,0.7567
0.095476,0.7727999999999999
0.09548,0.7567
0.095484,0.7727999999999999
0.095488,0.7567
0.095492,0.7567
0.095496,0.7567
0.0955,0.7727999999999999
0.095504,0.7567
0.095508,0.7727999999999999
0.095512,0.7406
0.095516,0.7727999999999999
0.09552,0.7727999999999999
0.095524,0.7567
0.095528,0.7727999999999999
0.095532,0.7567
0.095536,0.7567
0.09554,0.7727999999999999
0.095544,0.7727999999999999
0.095548,0.7727999999999999
0.095552,0.7567
0.095556,0.7567
0.09556,0.7567
0.095564,0.7567
0.095568,0.7567
0.095572,0.7406
0.095576,0.7727999999999999
0.09558,0.7727999999999999
0.095584,0.7727999999999999
0.095588,0.7406
0.095592,0.7567
0.095596,0.7727999999999999
0.0956,0.7567
0.095604,0.7727999999999999
0.095608,0.7567
0.095612,0.7727999999999999
0.095616,0.7727999999999999
0.09562,0.7567
0.095624,0.7727999999999999
0.095628,0.7567
0.095632,0.7727999999999999
0.095636,0.7727999999999999
0.09564,0.7567
0.095644,0.7567
0.095648,0.7727999999999999
0.095652,0.7406
0.095656,0.7727999999999999
0.09566,0.7406
0.095664,0.7727999999999999
0.095668,0.7727999999999999
0.095672,0.7567
0.095676,0.7888999999999999
0.09568,0.7727999999999999
0.095684,0.7567
0.095688,0.7567
0.095692,0.7567
0.095696,0.7727999999999999
0.0957,0.7567
0.095704,0.7727999999999999
0.095708,0.7727999999999999
0.095712,0.7567
0.095716,0.7567
0.09572,0.7567
0.095724,0.7727999999999999
0.095728,0.7727999999999999
0.095732,0.7567
0.095736,0.7727999999999999
0.09574,0.7727999999999999
0.095744,0.7727999999999999
0.095748,0.7727999999999999
0.095752,0.7567
0.095756,0.7567
0.09576,0.7727999999999999
0.095764,0.7727999999999999
0.095768,0.7727999999999999
0.095772,0.7567
0.095776,0.7727999999999999
0.09578,0.7727999999999999
0.095784,0.7567
0.095788,0.7727999999999999
0.095792,0.7567
0.095796,0.7727999999999999
0.0958,0.7567
0.095804,0.7727999999999999
0.095808,0.7727999999999999
0.095812,0.7567
0.095816,0.7727999999999999
0.09582,0.7567
0.095824,0.7567
0.095828,0.7727999999999999
0.095832,0.7567
0.095836,0.7727999999999999
0.09584,0.7567
0.095844,0.7567
0.095848,0.7567
0.095852,0.7567
0.095856,0.7567
0.09586,0.7567
0.095864,0.7727999999999999
0.095868,0.7727999999999999
0.095872,0.7567
0.095876,0.7567
0.09588,0.7727999999999999
0.095884,0.7567
0.095888,0.7567
0.095892,0.7727999999999999
0.095896,0.7567
0.0959,0.7567
0.095904,0.7406
0.095908,0.7567
0.095912,0.7567
0.095916,0.7727999999999999
0.09592,0.7406
0.095924,0.7727999999999999
0.095928,0.7727999999999999
0.095932,0.7406
0.095936,0.7727999999999999
0.09594,0.7567
0.095944,0.7727999999999999
0.095948,0.7567
0.095952,0.7567
0.095956,0.7727999999999999
0.09596,0.7567
0.095964,0.7727999999999999
0.095968,0.7727999999999999
0.095972,0.7567
0.095976,0.7567
0.09598,0.7567
0.095984,0.7727999999999999
0.095988,0.7567
0.095992,0.7567
0.095996,0.7567
0.096,0.7567
0.096004,0.7727999999999999
0.096008,0.7406
0.096012,0.7567
0.096016,0.7727999999999999
0.09602,0.7567
0.096024,0.7567
0.096028,0.7567
0.096032,0.7406
0.096036,0.7727999999999999
0.09604,0.7567
0.096044,0.7567
0.096048,0.7567
0.096052,0.7406
0.096056,0.7567
0.09606,0.7406
0.096064,0.7567
0.096068,0.7727999999999999
0.096072,0.7406
0.096076,0.7406
0.09608,0.7567
0.096084,0.7567
0.096088,0.7406
0.096092,0.7727999999999999
0.096096,0.7406
0.0961,0.7567
0.096104,0.7567
0.096108,0.7567
0.096112,0.7727999999999999
0.096116,0.7406
0.09612,0.7567
0.096124,0.7567
0.096128,0.7406
0.096132,0.7567
0.096136,0.7567
0.09614,0.7567
0.096144,0.7567
0.096148,0.7567
0.096152,0.7567
0.096156,0.7406
0.09616,0.7406
0.096164,0.7406
0.096168,0.7888999999999999
0.096172,0.7245
0.096176,0.7567
0.09618,0.7406
0.096184,0.7406
0.096188,0.7727999999999999
0.096192,0.7084
0.096196,0.7727999999999999
0.0962,0.7406
0.096204,0.7406
0.096208,0.7406
0.096212,0.7406
0.096216,0.7406
0.09622,0.7567
0.096224,0.7406
0.096228,0.7567
0.096232,0.7245
0.096236,0.7567
0.09624,0.7406
0.096244,0.7406
0.096248,0.7406
0.096252,0.7406
0.096256,0.7245
0.09626,0.7406
0.096264,0.7406
0.096268,0.7406
0.096272,0.7406
0.096276,0.7406
0.09628,0.7406
0.096284,0.7406
0.096288,0.7245
0.096292,0.7406
0.096296,0.7406
0.0963,0.7406
0.096304,0.7406
0.096308,0.7245
0.096312,0.7245
0.096316,0.7406
0.09632,0.7245
0.096324,0.7406
0.096328,0.7406
0.096332,0.7245
0.096336,0.7245
0.09634,0.7245
0.096344,0.7245
0.096348,0.7245
0.096352,0.7245
0.096356,0.7245
0.09636,0.7245
0.096364,0.7245
0.096368,0.7406
0.096372,0.7245
0.096376,0.7245
0.09638,0.7245
0.096384,0.7245
0.096388,0.7245
0.096392,0.7406
0.096396,0.7084
0.0964,0.7245
0.096404,0.7245
0.096408,0.7245
0.096412,0.7245
0.096416,0.7245
0.09642,0.7245
0.096424,0.7084
0.096428,0.7245
0.096432,0.7245
0.096436,0.7084
0.09644,0.7245
0.096444,0.7084
0.096448,0.7406
0.096452,0.7084
0.096456,0.7245
0.09646,0.7084
0.096464,0.7245
0.096468,0.7245
0.096472,0.7084
0.096476,0.7245
0.09648,0.7245
0.096484,0.7245
0.096488,0.7245
0.096492,0.7084
0.096496,0.7084
0.0965,0.7245
0.096504,0.7084
0.096508,0.7245
0.096512,0.6923
0.096516,0.7245
0.09652,0.7084
0.096524,0.7084
0.096528,0.7245
0.096532,0.7084
0.096536,0.6923
0.09654,0.7084
0.096544,0.7084
0.096548,0.7084
0.096552,0.6923
0.096556,0.7084
0.09656,0.7084
0.096564,0.7084
0.096568,0.7084
0.096572,0.7084
0.096576,0.7245
0.09658,0.6923
0.096584,0.7084
0.096588,0.7084
0.096592,0.7084
0.096596,0.7084
0.0966,0.6923
0.096604,0.7084
0.096608,0.7084
0.096612,0.7084
0.096616,0.7084
0.09662,0.6923
0.096624,0.7084
0.096628,0.6923
0.096632,0.7084
0.096636,0.7084
0.09664,0.7084
0.096644,0.6923
0.096648,0.6923
0.096652,0.7084
0.096656,0.6923
0.09666,0.7084
0.096664,0.6923
0.096668,0.6923
0.096672,0.6923
0.096676,0.6923
0.09668,0.7084
0.096684,0.6923
0.096688,0.6923
0.096692,0.6923
0.096696,0.7084
0.0967,0.6923
0.096704,0.6923
0.096708,0.6923
0.096712,0.6923
0.096716,0.7084
0.09672,0.6923
0.096724,0.6762
0.096728,0.6923
0.096732,0.6923
0.096736,0.7084
0.09674,0.6923
0.096744,0.7084
0.096748,0.6923
0.096752,0.7084
0.096756,0.6923
0.09676,0.7084
0.096764,0.6923
0.096768,0.6923
0.096772,0.6923
0.096776,0.6762
0.09678,0.6923
0.096784,0.6762
0.096788,0.6923
0.096792,0.7084
0.096796,0.6923
0.0968,0.6923
0.096804,0.6923
0.096808,0.7084
0.096812,0.6923
0.096816,0.6923
0.09682,0.6923
0.096824,0.6762
0.096828,0.6923
0.096832,0.6762
0.096836,0.6923
0.09684,0.6923
0.096844,0.6923
0.096848,0.6923
0.096852,0.6923
0.096856,0.6762
0.09686,0.6923
0.096864,0.6762
0.096868,0.6923
0.096872,0.6923
0.096876,0.6762
0.09688,0.6923
0.096884,0.6762
0.096888,0.6923
0.096892,0.6923
0.096896,0.6923
0.0969,0.6923
0.096904,0.6762
0.096908,0.6923
0.096912,0.6762
0.096916,0.6923
0.09692,0.6923
0.096924,0.6923
0.096928,0.6762
0.096932,0.6762
0.096936,0.6923
0.09694,0.6923
0.096944,0.6923
0.096948,0.6762
0.096952,0.6762
0.096956,0.7084
0.09696,0.6923
0.096964,0.6762
0.096968,0.6762
0.096972,0.6923
0.096976,0.6762
0.09698,0.6923
0.096984,0.6923
0.096988,0.6762
0.096992,0.6923
0.096996,0.6923
0.097,0.6923
0.097004,0.6762
0.097008,0.6923
0.097012,0.6923
0.097016,0.6923
0.09702,0.6923
0.097024,0.6762
0.097028,0.6923
0.097032,0.6762
0.097036,0.6923
0.09704,0.6923
0.097044,0.6923
0.097048,0.6762
0.097052,0.6923
0.097056,0.6923
0.09706,0.6762
0.097064,0.6762
0.097068,0.6923
0.097072,0.6923
0.097076,0.6923
0.09708,0.6923
0.097084,0.6762
0.097088,0.6923
0.097092,0.6923
0.097096,0.6762
0.0971,0.6923
0.097104,0.6762
0.097108,0.7084
0.097112,0.6762
0.097116,0.6923
0.09712,0.6923
0.097124,0.6762
0.097128,0.6923
0.097132,0.6923
0.097136,0.6923
0.09714,0.6762
0.097144,0.6923
0.097148,0.6923
0.097152,0.6923
0.097156,0.6923
0.09716,0.6762
0.097164,0.7084
0.097168,0.6762
0.097172,0.6762
0.097176,0.7084
0.09718,0.6762
0.097184,0.6923
0.097188,0.6762
0.097192,0.6762
0.097196,0.6762
0.0972,0.6923
0.097204,0.6923
0.097208,0.6923
0.097212,0.6923
0.097216,0.6923
0.09722,0.6762
0.097224,0.6923
0.097228,0.6923
0.097232,0.6923
0.097236,0.6762
0.09724,0.6923
0.097244,0.6762
0.097248,0.6923
0.097252,0.6923
0.097256,0.6762
0.09726,0.6762
0.097264,0.6923
0.097268,0.6762
0.097272,0.6762
0.097276,0.6762
0.09728,0.6923
0.097284,0.6762
0.097288,0.6923
0.097292,0.6923
0.097296,0.6762
0.0973,0.6923
0.097304,0.6923
0.097308,0.6762
0.097312,0.6923
0.097316,0.6923
0.09732,0.6762
0.097324,0.6762
0.097328,0.6923
0.097332,0.6762
0.097336,0.6762
0.09734,0.6923
0.097344,0.6923
0.097348,0.6923
0.097352,0.6762
0.097356,0.6923
0.09736,0.6762
0.097364,0.6762
0.097368,0.6923
0.097372,0.6762
0.097376,0.6923
0.09738,0.6762
0.097384,0.6762
0.097388,0.6762
0.097392,0.6923
0.097396,0.6762
0.0974,0.6923
0.097404,0.6762
0.097408,0.6923
0.097412,0.6762
0.097416,0.6762
0.09742,0.6923
0.097424,0.6762
0.097428,0.6923
0.097432,0.6923
0.097436,0.6601
0.09744,0.6923
0.097444,0.6923
0.097448,0.6762
0.097452,0.6923
0.097456,0.6762
0.09746,0.6762
0.097464,0.6923
0.097468,0.6762
0.097472,0.6762
0.097476,0.6762
0.09748,0.6762
0.097484,0.6923
0.097488,0.6762
0.097492,0.6762
0.097496,0.6923
0.0975,0.6923
0.097504,0.6762
0.097508,0.6923
0.097512,0.6923
0.097516,0.6762
0.09752,0.6762
0.097524,0.6762
0.097528,0.6762
0.097532,0.6762
0.097536,0.6923
0.09754,0.6601
0.097544,0.6923
0.097548,0.6762
0.097552,0.6601
0.097556,0.6923
0.09756,0.6762
0.097564,0.6923
0.097568,0.6762
0.097572,0.6762
0.097576,0.6762
0.09758,0.6762
0.097584,0.6762
0.097588,0.6923
0.097592,0.6762
0.097596,0.6762
0.0976,0.6601
0.097604,0.6762
0.097608,0.6762
0.097612,0.6762
0.097616,0.6762
0.09762,0.6762
0.097624,0.6762
0.097628,0.6923
0.097632,0.6601
0.097636,0.6762
0.09764,0.6923
0.097644,0.6762
0.097648,0.6601
0.097652,0.6923
0.097656,0.6762
0.09766,0.6762
0.097664,0.6762
0.097668,0.6762
0.097672,0.6762
0.097676,0.6601
0.09768,0.6762
0.097684,0.6762
0.097688,0.6601
0.097692,0.6762
0.097696,0.6762
0.0977,0.6762
0.097704,0.6762
0.097708,0.6601
0.097712,0.6762
0.097716,0.6762
0.09772,0.6601
0.097724,0.6762
0.097728,0.6762
0.097732,0.6601
0.097736,0.6601
0.09774,0.6762
0.097744,0.6601
0.097748,0.6762
0.097752,0.6762
0.097756,0.6601
0.09776,0.6601
0.097764,0.6762
0.097768,0.6923
0.097772,0.6601
0.097776,0.6762
0.09778,0.6762
0.097784,0.6601
0.097788,0.6762
0.097792,0.6762
0.097796,0.6601
0.0978,0.6762
0.097804,0.6601
0.097808,0.6601
0.097812,0.6762
0.097816,0.6762
0.09782,0.6601
0.097824,0.6601
0.097828,0.6762
0.097832,0.6762
0.097836,0.6762
0.09784,0.6601
0.097844,0.6601
0.097848,0.6601
0.097852,0.6762
0.097856,0.6762
0.09786,0.6601
0.097864,0.6601
0.097868,0.6601
0.097872,0.6601
0.097876,0.6601
0.09788,0.6762
0.097884,0.6601
0.097888,0.6762
0.097892,0.6601
0.097896,0.6601
0.0979,0.6762
0.097904,0.644
0.097908,0.6601
0.097912,0.6601
0.097916,0.6601
0.09792,0.6762
0.097924,0.6601
0.097928,0.6601
0.097932,0.6601
0.097936,0.6601
0.09794,0.6762
0.097944,0.644
0.097948,0.6601
0.097952,0.6601
0.097956,0.644
0.09796,0.6762
0.097964,0.6601
0.097968,0.6601
0.097972,0.6601
0.097976,0.644
0.09798,0.6601
0.097984,0.6601
0.097988,0.6601
0.097992,0.6601
0.097996,0.6601
0.098,0.6601
0.098004,0.6601
0.098008,0.644
0.098012,0.644
0.098016,0.644
0.09802,0.6601
0.098024,0.6601
0.098028,0.644
0.098032,0.6601
0.098036,0.6601
0.09804,0.6601
0.098044,0.6601
0.098048,0.6601
0.098052,0.644
0.098056,0.644
0.09806,0.644
0.098064,0.644
0.098068,0.644
0.098072,0.644
0.098076,0.644
0.09808,0.644
0.098084,0.644
0.098088,0.6601
0.098092,0.644
0.098096,0.644
0.0981,0.644
0.098104,0.644
0.098108,0.644
0.098112,0.644
0.098116,0.644
0.09812,0.6601
0.098124,0.644
0.098128,0.6279
0.098132,0.644
0.098136,0.644
0.09814,0.6601
0.098144,0.6601
0.098148,0.644
0.098152,0.644
0.098156,0.644
0.09816,0.6279
0.098164,0.644
0.098168,0.6601
0.098172,0.6279
0.098176,0.644
0.09818,0.644
0.098184,0.644
0.098188,0.6279
0.098192,0.6279
0.098196,0.644
0.0982,0.6279
0.098204,0.644
0.098208,0.6601
0.098212,0.6279
0.098216,0.644
0.09822,0.6279
0.098224,0.6279
0.098228,0.6279
0.098232,0.644
0.098236,0.6279
0.09824,0.644
0.098244,0.644
0.098248,0.6279
0.098252,0.644
0.098256,0.6279
0.09826,0.6279
0.098264,0.6279
0.098268,0.644
0.098272,0.6279
0.098276,0.644
0.09828,0.6118
0.098284,0.644
0.098288,0.6279
0.098292,0.6279
0.098296,0.6279
0.0983,0.6279
0.098304,0.644
0.098308,0.6279
0.098312,0.6279
0.098316,0.644
0.09832,0.6279
0.098324,0.6279
0.098328,0.6279
0.098332,0.6279
0.098336,0.644
0.09834,0.6279
0.098344,0.6279
0.098348,0.6279
0.098352,0.6118
0.098356,0.6279
0.09836,0.6279
0.098364,0.6118
0.098368,0.6279
0.098372,0.6279
0.098376,0.6279
0.09838,0.6279
0.098384,0.644
0.098388,0.6279
0.098392,0.6279
0.098396,0.6279
0.0984,0.6118
0.098404,0.6279
0.098408,0.6279
0.098412,0.6118
0.098416,0.6279
0.09842,0.6279
0.098424,0.6279
0.098428,0.6279
0.098432,0.6279
0.098436,0.6118
0.09844,0.6279
0.098444,0.6279
0.098448,0.6279
0.098452,0.6279
0.098456,0.6118
0.09846,0.6279
0.098464,0.6279
0.098468,0.6279
0.098472,0.6118
0.098476,0.6118
0.09848,0.6118
0.098484,0.6279
0.098488,0.6279
0.098492,0.6118
0.098496,0.6279
0.0985,0.6118
0.098504,0.6279
0.098508,0.6279
0.098512,0.6118
0.098516,0.6118
0.09852,0.6118
0.098524,0.6279
0.098528,0.6118
0.098532,0.6118
0.098536,0.6279
0.09854,0.6118
0.098544,0.6279
0.098548,0.6279
0.098552,0.6118
0.098556,0.6118
0.09856,0.6118
0.098564,0.6279
0.098568,0.6118
0.098572,0.6118
0.098576,0.6279
0.09858,0.6118
0.098584,0.6279
0.098588,0.6118
0.098592,0.6118
0.098596,0.6118
0.0986,0.6279
0.098604,0.6279
0.098608,0.6118
0.098612,0.6118
0.098616,0.6118
0.09862,0.6279
0.098624,0.6118
0.098628,0.6118
0.098632,0.6279
0.098636,0.6118
0.09864,0.6279
0.098644,0.6118
0.098648,0.6118
0.098652,0.6118
0.098656,0.6118
0.09866,0.6118
0.098664,0.6118
0.098668,0.6279
0.098672,0.6279
0.098676,0.6118
0.09868,0.6118
0.098684,0.6118
0.098688,0.6279
0.098692,0.6118
0.098696,0.6118
0.0987,0.6118
0.098704,0.6279
0.098708,0.6118
0.098712,0.6279
0.098716,0.6118
0.09872,0.6118
0.098724,0.6118
0.098728,0.644
0.098732,0.5957
0.098736,0.6279
0.09874,0.5957
0.098744,0.6279
0.098748,0.6279
0.098752,0.5957
0.098756,0.6279
0.09876,0.6279
0.098764,0.5957
0.098768,0.644
0.098772,0.5957
0.098776,0.644
0.09878,0.6118
0.098784,0.5957
0.098788,0.6118
0.098792,0.6279
0.098796,0.5957
0.0988,0.6118
0.098804,0.5957
0.098808,0.644
0.098812,0.6118
0.098816,0.6118
0.09882,0.5957
0.098824,0.6118
0.098828,0.6279
0.098832,0.6118
0.098836,0.6279
0.09884,0.6118
0.098844,0.5957
0.098848,0.644
0.098852,0.5957
0.098856,0.6118
0.09886,0.6279
0.098864,0.6118
0.098868,0.6118
0.098872,0.6118
0.098876,0.6118
0.09888,0.6118
0.098884,0.6118
0.098888,0.6118
0.098892,0.6118
0.098896,0.6118
0.0989,0.6118
0.098904,0.6118
0.098908,0.6279
0.098912,0.5957
0.098916,0.6118
0.09892,0.6118
0.098924,0.6118
0.098928,0.6118
0.098932,0.5957
0.098936,0.6118
0.09894,0.6118
0.098944,0.6279
0.098948,0.6118
0.098952,0.6118
0.098956,0.6118
0.09896,0.6118
0.098964,0.6279
0.098968,0.5957
0.098972,0.6118
0.098976,0.6118
0.09898,0.6118
0.098984,0.6118
0.098988,0.5957
0.098992,0.6118
0.098996,0.6118
0.099,0.6118
0.099004,0.6279
0.099008,0.6118
0.099012,0.6279
0.099016,0.6279
0.09902,0.6118
0.099024,0.6118
0.099028,0.6118
0.099032,0.6118
0.099036,0.5957
0.09904,0.6279
0.099044,0.6118
0.099048,0.6279
0.099052,0.5957
0.099056,0.6118
0.09906,0.6279
0.099064,0.5957
0.099068,0.6118
0.099072,0.6118
0.099076,0.5957
0.09908,0.6118
0.099084,0.5957
0.099088,0.6279
0.099092,0.6118
0.099096,0.6118
0.0991,0.6279
0.099104,0.6118
0.099108,0.6118
0.099112,0.6118
0.099116,0.6118
0.09912,0.6118
0.099124,0.6118
0.099128,0.6118
0.099132,0.6118
0.099136,0.6279
0.09914,0.6118
0.099144,0.6118
0.099148,0.6118
0.099152,0.6279
0.099156,0.6118
0.09916,0.5957
0.099164,0.6118
0.099168,0.6118
0.099172,0.6118
0.099176,0.6118
0.09918,0.5957
0.099184,0.6118
0.099188,0.6118
0.099192,0.6279
0.099196,0.6118
0.0992,0.6118
0.099204,0.6118
0.099208,0.6118
0.099212,0.6118
0.099216,0.6118
0.09922,0.6118
0.099224,0.6118
0.099228,0.6118
0.099232,0.6118
0.099236,0.5957
0.09924,0.6118
0.099244,0.6118
0.099248,0.6279
0.099252,0.5957
0.099256,0.5957
0.09926,0.6118
0.099264,0.6118
0.099268,0.6118
0.099272,0.6118
0.099276,0.5957
0.09928,0.6118
0.099284,0.6118
0.099288,0.5957
0.099292,0.6118
0.099296,0.5957
0.0993,0.5957
0.099304,0.6118
0.099308,0.5957
0.099312,0.6118
0.099316,0.6118
0.09932,0.5957
0.099324,0.6118
0.099328,0.6118
0.099332,0.6118
0.099336,0.5957
0.09934,0.6279
0.099344,0.5957
0.099348,0.6118
0.099352,0.6118
0.099356,0.6118
0.09936,0.6118
0.099364,0.5957
0.099368,0.5957
0.099372,0.5957
0.099376,0.6118
0.09938,0.6118
0.099384,0.6118
0.099388,0.5957
0.099392,0.5957
0.099396,0.5957
0.0994,0.6118
0.099404,0.6118
0.099408,0.5957
0.099412,0.5957
0.099416,0.5957
0.09942,0.6118
0.099424,0.5957
0.099428,0.5957
0.099432,0.5957
0.099436,0.6118
0.09944,0.6118
0.099444,0.5957
0.099448,0.6118
0.099452,0.5957
0.099456,0.6118
0.09946,0.5957
0.099464,0.5957
0.099468,0.5957
0.099472,0.5957
0.099476,0.6118
0.09948,0.5796
0.099484,0.5957
0.099488,0.6118
0.099492,0.5957
0.099496,0.6118
0.0995,0.5957
0.099504,0.5957
0.099508,0.5957
0.099512,0.5957
0.099516,0.5957
0.09952,0.5796
0.099524,0.5957
0.099528,0.5957
0.099532,0.5957
0.099536,0.5957
0.09954,0.5796
0.099544,0.5957
0.099548,0.5957
0.099552,0.5957
0.099556,0.5957
0.09956,0.5957
0.099564,0.5957
0.099568,0.5796
0.099572,0.5957
0.099576,0.6118
0.09958,0.5796
0.099584,0.5796
0.099588,0.5957
0.099592,0.5957
0.099596,0.5957
0.0996,0.5796
0.099604,0.5796
0.099608,0.5957
0.099612,0.5957
0.099616,0.5957
0.09962,0.5957
0.099624,0.6118
0.099628,0.5796
0.099632,0.5796
0.099636,0.5796
0.09964,0.5957
0.099644,0.6118
0.099648,0.5635
0.099652,0.5796
0.099656,0.5957
0.09966,0.5957
0.099664,0.5796
0.099668,0.5957
0.099672,0.5796
0.099676,0.5957
0.09968,0.5796
0.099684,0.5796
0.099688,0.5796
0.099692,0.5957
0.099696,0.5957
0.0997,0.5796
0.099704,0.5796
0.099708,0.5796
0.099712,0.5796
0.099716,0.5796
0.09972,0.5635
0.099724,0.5796
0.099728,0.5957
0.099732,0.5635
0.099736,0.5796
0.09974,0.5957
0.099744,0.5796
0.099748,0.5796
0.099752,0.5796
0.099756,0.5796
0.09976,0.5796
0.099764,0.5635
0.099768,0.5796
0.099772,0.5796
0.099776,0.5796
0.09978,0.5796
0.099784,0.5635
0.099788,0.5796
0.099792,0.5957
0.099796,0.5796
0.0998,0.5635
0.099804,0.5796
0.099808,0.5796
0.099812,0.5796
0.099816,0.5796
0.09982,0.5796
0.099824,0.5796
0.099828,0.5796
0.099832,0.5796
0.099836,0.5796
0.09984,0.5635
0.099844,0.5796
0.099848,0.5796
0.099852,0.5957
0.099856,0.5635
0.09986,0.5635
0.099864,0.5635
0.099868,0.5635
0.099872,0.5796
0.099876,0.5635
0.09988,0.5796
0.099884,0.5796
0.099888,0.5635
0.099892,0.5796
0.099896,0.5635
0.0999,0.5796
0.099904,0.5635
0.099908,0.5635
0.099912,0.5796
0.099916,0.5635
0.09992,0.5635
0.099924,0.5635
0.099928,0.5796
0.099932,0.5635
0.099936,0.5635
0.09994,0.5796
0.099944,0.5635
0.099948,0.5796
0.099952,0.5635
0.099956,0.5635
0.09996,0.5635
0.099964,0.5635
0.099968,0.5635
0.099972,0.5635
0.099976,0.5796
0.09998,0.5474
0.099984,0.5635
0.099988,0.5635
0.099992,0.5796
0.099996,0.5635
0.1,0.5635
0.100004,0.5796
0.100008,0.5474
0.100012,0.5635
0.100016,0.5635
0.10002,0.5474
0.100024,0.5635
0.100028,0.5474
0.100032,0.5635
0.100036,0.5635
0.10004,0.5635
0.100044,0.5635
0.100048,0.5635
0.100052,0.5635
0.100056,0.5635
0.10006,0.5635
0.100064,0.5635
0.100068,0.5635
0.100072,0.5635
0.100076,0.5635
0.10008,0.5635
0.100084,0.5474
0.100088,0.5635
0.100092,0.5635
0.100096,0.5635
0.1001,0.5635
0.100104,0.5635
0.100108,0.5635
0.100112,0.5474
0.100116,0.5635
0.10012,0.5635
0.100124,0.5635
0.100128,0.5635
0.100132,0.5474
0.100136,0.5474
0.10014,0.5796
0.100144,0.5635
0.100148,0.5635
0.100152,0.5474
0.100156,0.5474
0.10016,0.5635
0.100164,0.5796
0.100168,0.5635
0.100172,0.5474
0.100176,0.5474
0.10018,0.5635
0.100184,0.5474
0.100188,0.5635
0.100192,0.5474
0.100196,0.5796
0.1002,0.5474
0.100204,0.5474
0.100208,0.5635
0.100212,0.5474
0.100216,0.5474
0.10022,0.5635
0.100224,0.5474
0.100228,0.5474
0.100232,0.5635
0.100236,0.5474
0.10024,0.5635
0.100244,0.5474
0.100248,0.5474
0.100252,0.5635
0.100256,0.5474
0.10026,0.5474
0.100264,0.5474
0.100268,0.5474
0.100272,0.5635
0.100276,0.5635
0.10028,0.5474
0.100284,0.5474
0.100288,0.5474
0.100292,0.5474
0.100296,0.5635
0.1003,0.5635
0.100304,0.5474
0.100308,0.5474
0.100312,0.5635
0.100316,0.5635
0.10032,0.5474
0.100324,0.5474
0.100328,0.5474
0.100332,0.5635
0.100336,0.5635
0.10034,0.5474
0.100344,0.5313
0.100348,0.5474
0.100352,0.5474
0.100356,0.5474
0.10036,0.5474
0.100364,0.5635
0.100368,0.5635
0.100372,0.5635
0.100376,0.5474
0.10038,0.5474
0.100384,0.5635
0.100388,0.5474
0.100392,0.5474
0.100396,0.5635
0.1004,0.5474
0.100404,0.5635
0.100408,0.5474
0.100412,0.5474
0.100416,0.5474
0.10042,0.5474
0.100424,0.5474
0.100428,0.5635
0.100432,0.5474
0.100436,0.5474
0.10044,0.5635
0.100444,0.5474
0.100448,0.5474
0.100452,0.5474
0.100456,0.5474
0.10046,0.5474
0.100464,0.5474
0.100468,0.5474
0.100472,0.5474
0.100476,0.5474
0.10048,0.5474
0.100484,0.5474
0.100488,0.5635
0.100492,0.5474
0.100496,0.5313
0.1005,0.5474
0.100504,0.5635
0.100508,0.5474
0.100512,0.5635
0.100516,0.5474
0.10052,0.5474
0.100524,0.5474
0.100528,0.5474
0.100532,0.5474
0.100536,0.5474
0.10054,0.5474
0.100544,0.5474
0.100548,0.5474
0.100552,0.5474
0.100556,0.5474
0.10056,0.5474
0.100564,0.5474
0.100568,0.5474
0.100572,0.5474
0.100576,0.5474
0.10058,0.5474
0.100584,0.5474
0.100588,0.5313
0.100592,0.5313
0.100596,0.5474
0.1006,0.5474
0.100604,0.5474
0.100608,0.5474
0.100612,0.5313
0.100616,0.5474
0.10062,0.5474
0.100624,0.5474
0.100628,0.5474
0.100632,0.5474
0.100636,0.5474
0.10064,0.5474
0.100644,0.5474
0.100648,0.5474
0.100652,0.5635
0.100656,0.5474
0.10066,0.5474
0.100664,0.5474
0.100668,0.5474
0.100672,0.5635
0.100676,0.5474
0.10068,0.5313
0.100684,0.5635
0.100688,0.5474
0.100692,0.5635
0.100696,0.5474
0.1007,0.5474
0.100704,0.5474
0.100708,0.5474
0.100712,0.5474
0.100716,0.5474
0.10072,0.5474
0.100724,0.5474
0.100728,0.5474
0.100732,0.5474
0.100736,0.5474
0.10074,0.5474
0.100744,0.5313
0.100748,0.5474
0.100752,0.5474
0.100756,0.5474
0.10076,0.5474
0.100764,0.5313
0.100768,0.5474
0.100772,0.5474
0.100776,0.5474
0.10078,0.5313
0.100784,0.5474
0.100788,0.5474
0.100792,0.5474
0.100796,0.5474
0.1008,0.5474
0.100804,0.5474
0.100808,0.5474
0.100812,0.5474
0.100816,0.5313
0.10082,0.5474
0.100824,0.5474
0.100828,0.5313
0.100832,0.5474
0.100836,0.5474
0.10084,0.5474
0.100844,0.5474
0.100848,0.5313
0.100852,0.5474
0.100856,0.5474
0.10086,0.5635
0.100864,0.5474
0.100868,0.5313
0.100872,0.5474
0.100876,0.5635
0.10088,0.5474
0.100884,0.5474
0.100888,0.5474
0.100892,0.5313
0.100896,0.5474
0.1009,0.5474
0.100904,0.5474
0.100908,0.5474
0.100912,0.5313
0.100916,0.5474
0.10092,0.5313
0.100924,0.5313
0.100928,0.5474
0.100932,0.5313
0.100936,0.5474
0.10094,0.5474
0.100944,0.5313
0.100948,0.5474
0.100952,0.5474
0.100956,0.5635
0.10096,0.5313
0.100964,0.5474
0.100968,0.5474
0.100972,0.5474
0.100976,0.5474
0.10098,0.5313
0.100984,0.5474
0.100988,0.5313
0.100992,0.5313
0.100996,0.5635
0.101,0.5313
0.101004,0.5474
0.101008,0.5474
0.101012,0.5474
0.101016,0.5474
0.10102,0.5313
0.101024,0.5474
0.101028,0.5313
0.101032,0.5474
0.101036,0.5474
0.10104,0.5313
0.101044,0.5474
0.101048,0.5313
0.101052,0.5474
0.101056,0.5474
0.10106,0.5313
0.101064,0.5474
0.101068,0.5474
0.101072,0.5313
0.101076,0.5474
0.10108,0.5474
0.101084,0.5313
0.101088,0.5313
0.101092,0.5474
0.101096,0.5313
0.1011,0.5313
0.101104,0.5474
0.101108,0.5313
0.101112,0.5474
0.101116,0.5313
0.10112,0.5474
0.101124,0.5313
0.101128,0.5313
0.101132,0.5474
0.101136,0.5152
0.10114,0.5474
0.101144,0.5474
0.101148,0.5313
0.101152,0.5474
0.101156,0.5313
0.10116,0.5313
0.101164,0.5474
0.101168,0.5474
0.101172,0.5313
0.101176,0.5474
0.10118,0.5313
0.101184,0.5474
0.101188,0.5313
0.101192,0.5313
0.101196,0.5474
0.1012,0.5313
0.101204,0.5313
0.101208,0.5313
0.101212,0.5313
0.101216,0.5313
0.10122,0.5474
0.101224,0.5474
0.101228,0.5313
0.101232,0.5313
0.101236,0.5313
0.10124,0.5313
0.101244,0.5313
0.101248,0.5313
0.101252,0.5313
0.101256,0.5313
0.10126,0.5313
0.101264,0.5474
0.101268,0.5152
0.101272,0.5313
0.101276,0.5313
0.10128,0.5313
0.101284,0.5313
0.101288,0.5313
0.101292,0.5313
0.101296,0.5313
0.1013,0.5474
0.101304,0.5313
0.101308,0.5313
0.101312,0.5313
0.101316,0.5313
0.10132,0.5313
0.101324,0.5313
0.101328,0.5313
0.101332,0.5152
0.101336,0.5313
0.10134,0.5474
0.101344,0.5313
0.101348,0.5152
0.101352,0.5313
0.101356,0.5313
0.10136,0.5313
0.101364,0.5313
0.101368,0.5313
0.101372,0.5313
0.101376,0.5313
0.10138,0.5313
0.101384,0.5313
0.101388,0.5313
0.101392,0.5313
0.101396,0.5152
0.1014,0.5313
0.101404,0.5313
0.101408,0.5313
0.101412,0.5313
0.101416,0.5313
0.10142,0.5313
0.101424,0.5152
0.101428,0.5313
0.101432,0.5313
0.101436,0.5313
0.10144,0.5313
0.101444,0.5152
0.101448,0.5474
0.101452,0.4991
0.101456,0.5474
0.10146,0.4991
0.101464,0.5313
0.101468,0.5152
0.101472,0.5152
0.101476,0.5313
0.10148,0.5152
0.101484,0.5152
0.101488,0.5313
0.101492,0.5152
0.101496,0.5313
0.1015,0.5152
0.101504,0.5313
0.101508,0.5152
0.101512,0.5313
0.101516,0.5152
0.10152,0.5152
0.101524,0.5152
0.101528,0.5152
0.101532,0.5152
0.101536,0.5152
0.10154,0.5152
0.101544,0.5313
0.101548,0.4991
0.101552,0.5152
0.101556,0.5313
0.10156,0.5152
0.101564,0.5152
0.101568,0.5152
0.101572,0.5152
0.101576,0.5152
0.10158,0.4991
0.101584,0.5152
0.101588,0.5313
0.101592,0.5152
0.101596,0.5152
0.1016,0.5152
0.101604,0.5152
0.101608,0.5152
0.101612,0.5313
0.101616,0.5152
0.10162,0.5152
0.101624,0.5152
0.101628,0.5152
0.101632,0.4991
0.101636,0.5152
0.10164,0.5152
0.101644,0.5152
0.101648,0.5152
0.101652,0.5313
0.101656,0.5152
0.10166,0.5152
0.101664,0.5152
0.101668,0.5152
0.101672,0.5152
0.101676,0.4991
0.10168,0.5152
0.101684,0.5152
0.101688,0.4991
0.101692,0.5152
0.101696,0.5152
0.1017,0.5152
0.101704,0.5152
0.101708,0.4991
0.101712,0.5152
0.101716,0.4991
0.10172,0.5152
0.101724,0.4991
0.101728,0.5152
0.101732,0.4991
0.101736,0.5152
0.10174,0.5152
0.101744,0.4991
0.101748,0.4991
0.101752,0.4991
0.101756,0.5152
0.10176,0.5152
0.101764,0.4991
0.101768,0.4991
0.101772,0.4991
0.101776,0.5152
0.10178,0.5152
0.101784,0.483
0.101788,0.5152
0.101792,0.5152
0.101796,0.483
0.1018,0.5152
0.101804,0.5152
0.101808,0.4991
0.101812,0.4991
0.101816,0.4991
0.10182,0.5152
0.101824,0.4991
0.101828,0.5152
0.101832,0.5152
0.101836,0.483
0.10184,0.4991
0.101844,0.5152
0.101848,0.4991
0.101852,0.483
0.101856,0.4991
0.10186,0.4991
0.101864,0.5152
0.101868,0.4991
0.101872,0.4991
0.101876,0.5152
0.10188,0.483
0.101884,0.5152
0.101888,0.4991
0.101892,0.483
0.101896,0.4991
0.1019,0.483
0.101904,0.4991
0.101908,0.4991
0.101912,0.483
0.101916,0.5152
0.10192,0.4991
0.101924,0.4991
0.101928,0.4991
0.101932,0.483
0.101936,0.4991
0.10194,0.4991
0.101944,0.4991
0.101948,0.4991
0.101952,0.483
0.101956,0.4991
0.10196,0.4991
0.101964,0.483
0.101968,0.4991
0.101972,0.5152
0.101976,0.483
0.10198,0.483
0.101984,0.4991
0.101988,0.483
0.101992,0.4991
0.101996,0.4991
0.102,0.483
0.102004,0.4991
0.102008,0.4991
0.102012,0.483
0.102016,0.4991
0.10202,0.4991
0.102024,0.4991
0.102028,0.4991
0.102032,0.483
0.102036,0.5152
0.10204,0.483
0.102044,0.483
0.102048,0.4991
0.102052,0.483
0.102056,0.4991
0.10206,0.483
0.102064,0.483
0.102068,0.483
0.102072,0.483
0.102076,0.4991
0.10208,0.483
0.102084,0.483
0.102088,0.483
0.102092,0.4991
0.102096,0.4991
0.1021,0.483
0.102104,0.483
0.102108,0.4991
0.102112,0.4991
0.102116,0.483
0.10212,0.483
0.102124,0.4991
0.102128,0.4991
0.102132,0.4991
0.102136,0.483
0.10214,0.483
0.102144,0.483
0.102148,0.483
0.102152,0.4991
0.102156,0.483
0.10216,0.4991
0.102164,0.483
0.102168,0.4991
0.102172,0.4991
0.102176,0.483
0.10218,0.483
0.102184,0.483
0.102188,0.4991
0.102192,0.4991
0.102196,0.483
0.1022,0.483
0.102204,0.483
0.102208,0.4991
0.102212,0.483
0.102216,0.483
0.10222,0.483
0.102224,0.483
0.102228,0.4991
0.102232,0.483
0.102236,0.483
0.10224,0.483
0.102244,0.483
0.102248,0.4991
0.102252,0.483
0.102256,0.483
0.10226,0.483
0.102264,0.4991
0.102268,0.4991
0.102272,0.483
0.102276,0.483
0.10228,0.483
0.102284,0.483
0.102288,0.483
0.102292,0.483
0.102296,0.4669
0.1023,0.483
0.102304,0.483
0.102308,0.4991
0.102312,0.4669
0.102316,0.483
0.10232,0.483
0.102324,0.4991
0.102328,0.483
0.102332,0.483
0.102336,0.483
0.10234,0.483
0.102344,0.483
0.102348,0.483
0.102352,0.4669
0.102356,0.483
0.10236,0.483
0.102364,0.4991
0.102368,0.483
0.102372,0.4991
0.102376,0.4669
0.10238,0.483
0.102384,0.483
0.102388,0.4669
0.102392,0.483
0.102396,0.483
0.1024,0.483
0.102404,0.483
0.102408,0.4991
0.102412,0.4991
0.102416,0.483
0.10242,0.483
0.102424,0.483
0.102428,0.4991
0.102432,0.483
0.102436,0.483
0.10244,0.483
0.102444,0.4991
0.102448,0.4669
0.102452,0.483
0.102456,0.483
0.10246,0.483
0.102464,0.483
0.102468,0.483
0.102472,0.4991
0.102476,0.483
0.10248,0.483
0.102484,0.483
0.102488,0.4669
0.102492,0.483
0.102496,0.4991
0.1025,0.483
0.102504,0.483
0.102508,0.483
0.102512,0.483
0.102516,0.483
0.10252,0.4669
0.102524,0.483
0.102528,0.4669
0.102532,0.4991
0.102536,0.483
0.10254,0.4669
0.102544,0.483
0.102548,0.4669
0.102552,0.4669
0.102556,0.4991
0.10256,0.4669
0.102564,0.483
0.102568,0.483
0.102572,0.483
0.102576,0.483
0.10258,0.4669
0.102584,0.483
0.102588,0.483
0.102592,0.483
0.102596,0.483
0.1026,0.483
0.102604,0.4669
0.102608,0.483
0.102612,0.4669
0.102616,0.4669
0.10262,0.483
0.102624,0.483
0.102628,0.483
0.102632,0.483
0.102636,0.4669
0.10264,0.483
0.102644,0.483
0.102648,0.483
0.102652,0.483
0.102656,0.4669
0.10266,0.483
0.102664,0.4669
0.102668,0.483
0.102672,0.483
0.102676,0.4669
0.10268,0.483
0.102684,0.4669
0.102688,0.483
0.102692,0.483
0.102696,0.483
0.1027,0.483
0.102704,0.483
0.102708,0.4669
0.102712,0.4669
0.102716,0.483
0.10272,0.483
0.102724,0.4991
0.102728,0.483
0.102732,0.4669
0.102736,0.483
0.10274,0.483
0.102744,0.483
0.102748,0.483
0.102752,0.4508
0.102756,0.483
0.10276,0.483
0.102764,0.4669
0.102768,0.483
0.102772,0.4669
0.102776,0.483
0.10278,0.483
0.102784,0.4669
0.102788,0.4991
0.102792,0.4669
0.102796,0.483
0.1028,0.483
0.102804,0.483
0.102808,0.483
0.102812,0.4669
0.102816,0.4669
0.10282,0.483
0.102824,0.4669
0.102828,0.483
0.102832,0.483
0.102836,0.4669
0.10284,0.483
0.102844,0.483
0.102848,0.483
0.102852,0.4669
0.102856,0.483
0.10286,0.4669
0.102864,0.483
0.102868,0.483
0.102872,0.483
0.102876,0.4669
0.10288,0.4669
0.102884,0.4991
0.102888,0.483
0.102892,0.4669
0.102896,0.483
0.1029,0.483
0.102904,0.4669
0.102908,0.483
0.102912,0.4669
0.102916,0.483
0.10292,0.4669
0.102924,0.4669
0.102928,0.4669
0.102932,0.483
0.102936,0.483
0.10294,0.483
0.102944,0.483
0.102948,0.4669
0.102952,0.4669
0.102956,0.483
0.10296,0.483
0.102964,0.483
0.102968,0.4669
0.102972,0.483
0.102976,0.4669
0.10298,0.4669
0.102984,0.483
0.102988,0.4669
0.102992,0.483
0.102996,0.483
0.103,0.4669
0.103004,0.483
0.103008,0.4669
0.103012,0.483
0.103016,0.483
0.10302,0.4669
0.103024,0.483
0.103028,0.4669
0.103032,0.4669
0.103036,0.4669
0.10304,0.483
0.103044,0.483
0.103048,0.4669
0.103052,0.483
0.103056,0.4669
0.10306,0.483
0.103064,0.4669
0.103068,0.4669
0.103072,0.4669
0.103076,0.483
0.10308,0.4669
0.103084,0.4669
0.103088,0.4669
0.103092,0.4669
0.103096,0.4669
0.1031,0.483
0.103104,0.483
0.103108,0.4669
0.103112,0.483
0.103116,0.4669
0.10312,0.4669
0.103124,0.4669
0.103128,0.4669
0.103132,0.4669
0.103136,0.483
0.10314,0.483
0.103144,0.4669
0.103148,0.4669
0.103152,0.483
0.103156,0.4669
0.10316,0.483
0.103164,0.483
0.103168,0.4669
0.103172,0.4669
0.103176,0.483
0.10318,0.4669
0.103184,0.4669
0.103188,0.4508
0.103192,0.483
0.103196,0.4669
0.1032,0.4669
0.103204,0.4669
0.103208,0.4669
0.103212,0.4669
0.103216,0.4669
0.10322,0.4669
0.103224,0.4669
0.103228,0.4669
0.103232,0.4669
0.103236,0.483
0.10324,0.4669
0.103244,0.483
0.103248,0.4669
0.103252,0.4669
0.103256,0.4669
0.10326,0.4669
0.103264,0.483
0.103268,0.4669
0.103272,0.4669
0.103276,0.483
0.10328,0.4669
0.103284,0.4669
0.103288,0.4669
0.103292,0.4669
0.103296,0.4669
0.1033,0.4669
0.103304,0.4508
0.103308,0.4669
0.103312,0.4669
0.103316,0.4669
0.10332,0.483
0.103324,0.4508
0.103328,0.483
0.103332,0.4669
0.103336,0.4508
0.10334,0.4669
0.103344,0.4669
0.103348,0.4669
0.103352,0.4508
0.103356,0.4669
0.10336,0.4669
0.103364,0.4669
0.103368,0.4669
0.103372,0.4669
0.103376,0.4508
0.10338,0.4669
0.103384,0.4669
0.103388,0.4508
0.103392,0.4669
0.103396,0.4669
0.1034,0.4508
0.103404,0.4669
0.103408,0.4508
0.103412,0.4508
0.103416,0.4669
0.10342,0.4669
0.103424,0.4508
0.103428,0.4669
0.103432,0.4669
0.103436,0.4669
0.10344,0.4508
0.103444,0.4669
0.103448,0.4669
0.103452,0.4508
0.103456,0.4508
0.10346,0.4669
0.103464,0.4508
0.103468,0.4669
0.103472,0.4669
0.103476,0.4508
0.10348,0.4669
0.103484,0.4508
0.103488,0.4508
0.103492,0.4669
0.103496,0.4508
0.1035,0.4508
0.103504,0.4508
0.103508,0.4508
0.103512,0.4508
0.103516,0.4508
0.10352,0.4508
0.103524,0.4508
0.103528,0.4347
0.103532,0.4669
0.103536,0.4508
0.10354,0.4508
0.103544,0.4508
0.103548,0.4347
0.103552,0.4508
0.103556,0.4669
0.10356,0.4347
0.103564,0.4347
0.103568,0.4508
0.103572,0.4508
0.103576,0.4508
0.10358,0.4508
0.103584,0.4347
0.103588,0.4508
0.103592,0.4508
0.103596,0.4508
0.1036,0.4347
0.103604,0.4347
0.103608,0.4508
0.103612,0.4508
0.103616,0.4508
0.10362,0.4508
0.103624,0.4508
0.103628,0.4508
0.103632,0.4508
0.103636,0.4347
0.10364,0.4508
0.103644,0.4347
0.103648,0.4508
0.103652,0.4347
0.103656,0.4508
0.10366,0.4669
0.103664,0.4347
0.103668,0.4347
0.103672,0.4347
0.103676,0.4669
0.10368,0.41859999999999997
0.103684,0.4347
0.103688,0.4347
0.103692,0.4508
0.103696,0.4347
0.1037,0.4347
0.103704,0.4508
0.103708,0.4347
0.103712,0.4508
0.103716,0.4508
0.10372,0.4347
0.103724,0.4347
0.103728,0.4508
0.103732,0.4347
0.103736,0.4347
0.10374,0.4347
0.103744,0.4508
0.103748,0.4508
0.103752,0.4347
0.103756,0.4508
0.10376,0.4347
0.103764,0.41859999999999997
0.103768,0.4508
0.103772,0.4347
0.103776,0.4508
0.10378,0.4508
0.103784,0.41859999999999997
0.103788,0.4347
0.103792,0.4347
0.103796,0.4347
0.1038,0.41859999999999997
0.103804,0.4347
0.103808,0.4508
0.103812,0.4347
0.103816,0.4347
0.10382,0.4347
0.103824,0.4347
0.103828,0.4347
0.103832,0.4347
0.103836,0.4347
0.10384,0.4508
0.103844,0.4347
0.103848,0.4347
0.103852,0.4347
0.103856,0.4347
0.10386,0.41859999999999997
0.103864,0.4508
0.103868,0.4347
0.103872,0.41859999999999997
0.103876,0.4508
0.10388,0.41859999999999997
0.103884,0.4347
0.103888,0.41859999999999997
0.103892,0.4347
0.103896,0.4347
0.1039,0.4347
0.103904,0.4347
0.103908,0.4347
0.103912,0.4347
0.103916,0.4347
0.10392,0.4347
0.103924,0.41859999999999997
0.103928,0.4347
0.103932,0.4347
0.103936,0.4347
0.10394,0.41859999999999997
0.103944,0.4347
0.103948,0.4347
0.103952,0.4347
0.103956,0.41859999999999997
0.10396,0.4347
0.103964,0.4347
0.103968,0.4347
0.103972,0.4347
0.103976,0.4347
0.10398,0.41859999999999997
0.103984,0.41859999999999997
0.103988,0.41859999999999997
0.103992,0.41859999999999997
0.103996,0.41859999999999997
0.104,0.4347
0.104004,0.4347
0.104008,0.41859999999999997
0.104012,0.4347
0.104016,0.41859999999999997
0.10402,0.4347
0.104024,0.41859999999999997
0.104028,0.41859999999999997
0.104032,0.4347
0.104036,0.4347
0.10404,0.4508
0.104044,0.41859999999999997
0.104048,0.41859999999999997
0.104052,0.41859999999999997
0.104056,0.4347
0.10406,0.4347
0.104064,0.41859999999999997
0.104068,0.4347
0.104072,0.4347
0.104076,0.4347
0.10408,0.4347
0.104084,0.41859999999999997
0.104088,0.4347
0.104092,0.4347
0.104096,0.4347
0.1041,0.41859999999999997
0.104104,0.4347
0.104108,0.4347
0.104112,0.4347
0.104116,0.4347
0.10412,0.4347
0.104124,0.4347
0.104128,0.41859999999999997
0.104132,0.4347
0.104136,0.4347
0.10414,0.41859999999999997
0.104144,0.41859999999999997
0.104148,0.4347
0.104152,0.41859999999999997
0.104156,0.41859999999999997
0.10416,0.4347
0.104164,0.41859999999999997
0.104168,0.4347
0.104172,0.4347
0.104176,0.41859999999999997
0.10418,0.4347
0.104184,0.41859999999999997
0.104188,0.41859999999999997
0.104192,0.4347
0.104196,0.41859999999999997
0.1042,0.4347
0.104204,0.4347
0.104208,0.41859999999999997
0.104212,0.41859999999999997
0.104216,0.41859999999999997
0.10422,0.41859999999999997
0.104224,0.41859999999999997
0.104228,0.4347
0.104232,0.41859999999999997
0.104236,0.4347
0.10424,0.41859999999999997
0.104244,0.41859999999999997
0.104248,0.4508
0.104252,0.41859999999999997
0.104256,0.41859999999999997
0.10426,0.41859999999999997
0.104264,0.4347
0.104268,0.4347
0.104272,0.40249999999999997
0.104276,0.4347
0.10428,0.40249999999999997
0.104284,0.41859999999999997
0.104288,0.4347
0.104292,0.40249999999999997
0.104296,0.4347
0.1043,0.41859999999999997
0.104304,0.41859999999999997
0.104308,0.4347
0.104312,0.41859999999999997
0.104316,0.4347
0.10432,0.4347
0.104324,0.41859999999999997
0.104328,0.41859999999999997
0.104332,0.41859999999999997
0.104336,0.41859999999999997
0.10434,0.4347
0.104344,0.4347
0.104348,0.41859999999999997
0.104352,0.4347
0.104356,0.40249999999999997
0.10436,0.41859999999999997
0.104364,0.4347
0.104368,0.40249999999999997
0.104372,0.4347
0.104376,0.4347
0.10438,0.41859999999999997
0.104384,0.41859999999999997
0.104388,0.41859999999999997
0.104392,0.4347
0.104396,0.4347
0.1044,0.40249999999999997
0.104404,0.41859999999999997
0.104408,0.41859999999999997
0.104412,0.41859999999999997
0.104416,0.41859999999999997
0.10442,0.41859999999999997
0.104424,0.41859999999999997
0.104428,0.41859999999999997
0.104432,0.41859999999999997
0.104436,0.4347
0.10444,0.40249999999999997
0.104444,0.41859999999999997
0.104448,0.41859999999999997
0.104452,0.41859999999999997
0.104456,0.41859999999999997
0.10446,0.41859999999999997
0.104464,0.41859999999999997
0.104468,0.41859999999999997
0.104472,0.41859999999999997
0.104476,0.41859999999999997
0.10448,0.41859999999999997
0.104484,0.4347
0.104488,0.41859999999999997
0.104492,0.41859999999999997
0.104496,0.41859999999999997
0.1045,0.41859999999999997
0.104504,0.4347
0.104508,0.40249999999999997
0.104512,0.4347
0.104516,0.4347
0.10452,0.41859999999999997
0.104524,0.41859999999999997
0.104528,0.40249999999999997
0.104532,0.4669
0.104536,0.40249999999999997
0.10454,0.4347
0.104544,0.41859999999999997
0.104548,0.41859999999999997
0.104552,0.4508
0.104556,0.38639999999999997
0.10456,0.4347
0.104564,0.41859999999999997
0.104568,0.40249999999999997
0.104572,0.4347
0.104576,0.40249999999999997
0.10458,0.4508
0.104584,0.41859999999999997
0.104588,0.40249999999999997
0.104592,0.41859999999999997
0.104596,0.4347
0.1046,0.41859999999999997
0.104604,0.41859999999999997
0.104608,0.40249999999999997
0.104612,0.4347
0.104616,0.40249999999999997
0.10462,0.4347
0.104624,0.40249999999999997
0.104628,0.41859999999999997
0.104632,0.41859999999999997
0.104636,0.41859999999999997
0.10464,0.41859999999999997
0.104644,0.41859999999999997
0.104648,0.41859999999999997
0.104652,0.41859999999999997
0.104656,0.41859999999999997
0.10466,0.4347
0.104664,0.41859999999999997
0.104668,0.41859999999999997
0.104672,0.41859999999999997
0.104676,0.41859999999999997
0.10468,0.41859999999999997
0.104684,0.41859999999999997
0.104688,0.40249999999999997
0.104692,0.41859999999999997
0.104696,0.4347
0.1047,0.41859999999999997
0.104704,0.41859999999999997
0.104708,0.41859999999999997
0.104712,0.4347
0.104716,0.41859999999999997
0.10472,0.40249999999999997
0.104724,0.41859999999999997
0.104728,0.41859999999999997
0.104732,0.41859999999999997
0.104736,0.41859999999999997
0.10474,0.40249999999999997
0.104744,0.41859999999999997
0.104748,0.41859999999999997
0.104752,0.41859999999999997
0.104756,0.40249999999999997
0.10476,0.40249999999999997
0.104764,0.41859999999999997
0.104768,0.4347
0.104772,0.41859999999999997
0.104776,0.41859999999999997
0.10478,0.41859999999999997
0.104784,0.41859999999999997
0.104788,0.41859999999999997
0.104792,0.41859999999999997
0.104796,0.41859999999999997
0.1048,0.41859999999999997
0.104804,0.40249999999999997
0.104808,0.41859999999999997
0.104812,0.41859999999999997
0.104816,0.41859999999999997
0.10482,0.41859999999999997
0.104824,0.41859999999999997
0.104828,0.41859999999999997
0.104832,0.41859999999999997
0.104836,0.41859999999999997
0.10484,0.40249999999999997
0.104844,0.41859999999999997
0.104848,0.41859999999999997
0.104852,0.41859999999999997
0.104856,0.41859999999999997
0.10486,0.40249999999999997
0.104864,0.41859999999999997
0.104868,0.41859999999999997
0.104872,0.41859999999999997
0.104876,0.40249999999999997
0.10488,0.41859999999999997
0.104884,0.41859999999999997
0.104888,0.40249999999999997
0.104892,0.41859999999999997
0.104896,0.40249999999999997
0.1049,0.40249999999999997
0.104904,0.41859999999999997
0.104908,0.41859999999999997
0.104912,0.41859999999999997
0.104916,0.40249999999999997
0.10492,0.41859999999999997
0.104924,0.40249999999999997
0.104928,0.41859999999999997
0.104932,0.41859999999999997
0.104936,0.40249999999999997
0.10494,0.41859999999999997
0.104944,0.41859999999999997
0.104948,0.41859999999999997
0.104952,0.40249999999999997
0.104956,0.41859999999999997
0.10496,0.40249999999999997
0.104964,0.41859999999999997
0.104968,0.4347
0.104972,0.40249999999999997
0.104976,0.40249999999999997
0.10498,0.40249999999999997
0.104984,0.40249999999999997
0.104988,0.41859999999999997
0.104992,0.40249999999999997
0.104996,0.41859999999999997
0.105,0.41859999999999997
0.105004,0.40249999999999997
0.105008,0.41859999999999997
0.105012,0.40249999999999997
0.105016,0.40249999999999997
0.10502,0.41859999999999997
0.105024,0.40249999999999997
0.105028,0.40249999999999997
0.105032,0.40249999999999997
0.105036,0.41859999999999997
0.10504,0.40249999999999997
0.105044,0.41859999999999997
0.105048,0.40249999999999997
0.105052,0.40249999999999997
0.105056,0.40249999999999997
0.10506,0.41859999999999997
0.105064,0.41859999999999997
0.105068,0.40249999999999997
0.105072,0.40249999999999997
0.105076,0.40249999999999997
0.10508,0.41859999999999997
0.105084,0.40249999999999997
0.105088,0.40249999999999997
0.105092,0.40249999999999997
0.105096,0.41859999999999997
0.1051,0.40249999999999997
0.105104,0.41859999999999997
0.105108,0.41859999999999997
0.105112,0.40249999999999997
0.105116,0.41859999999999997
0.10512,0.40249999999999997
0.105124,0.40249999999999997
0.105128,0.41859999999999997
0.105132,0.38639999999999997
0.105136,0.40249999999999997
0.10514,0.41859999999999997
0.105144,0.41859999999999997
0.105148,0.40249999999999997
0.105152,0.38639999999999997
0.105156,0.41859999999999997
0.10516,0.40249999999999997
0.105164,0.41859999999999997
0.105168,0.40249999999999997
0.105172,0.41859999999999997
0.105176,0.40249999999999997
0.10518,0.40249999999999997
0.105184,0.41859999999999997
0.105188,0.40249999999999997
0.105192,0.40249999999999997
0.105196,0.40249999999999997
0.1052,0.40249999999999997
0.105204,0.41859999999999997
0.105208,0.40249999999999997
0.105212,0.41859999999999997
0.105216,0.41859999999999997
0.10522,0.40249999999999997
0.105224,0.41859999999999997
0.105228,0.40249999999999997
0.105232,0.41859999999999997
0.105236,0.41859999999999997
0.10524,0.38639999999999997
0.105244,0.41859999999999997
0.105248,0.41859999999999997
0.105252,0.38639999999999997
0.105256,0.40249999999999997
0.10526,0.40249999999999997
0.105264,0.40249999999999997
0.105268,0.41859999999999997
0.105272,0.40249999999999997
0.105276,0.41859999999999997
0.10528,0.41859999999999997
0.105284,0.40249999999999997
0.105288,0.40249999999999997
0.105292,0.40249999999999997
0.105296,0.41859999999999997
0.1053,0.40249999999999997
0.105304,0.40249999999999997
0.105308,0.41859999999999997
0.105312,0.40249999999999997
0.105316,0.40249999999999997
0.10532,0.41859999999999997
0.105324,0.40249999999999997
0.105328,0.40249999999999997
0.105332,0.40249999999999997
0.105336,0.40249999999999997
0.10534,0.41859999999999997
0.105344,0.40249999999999997
0.105348,0.40249999999999997
0.105352,0.41859999999999997
0.105356,0.38639999999999997
0.10536,0.40249999999999997
0.105364,0.40249999999999997
0.105368,0.38639999999999997
0.105372,0.41859999999999997
0.105376,0.38639999999999997
0.10538,0.41859999999999997
0.105384,0.41859999999999997
0.105388,0.38639999999999997
0.105392,0.41859999999999997
0.105396,0.40249999999999997
0.1054,0.38639999999999997
0.105404,0.40249999999999997
0.105408,0.41859999999999997
0.105412,0.40249999999999997
0.105416,0.40249999999999997
0.10542,0.40249999999999997
0.105424,0.40249999999999997
0.105428,0.41859999999999997
0.105432,0.40249999999999997
0.105436,0.40249999999999997
0.10544,0.40249999999999997
0.105444,0.41859999999999997
0.105448,0.40249999999999997
0.105452,0.40249999999999997
0.105456,0.40249999999999997
0.10546,0.41859999999999997
0.105464,0.38639999999999997
0.105468,0.41859999999999997
0.105472,0.40249999999999997
0.105476,0.40249999999999997
0.10548,0.40249999999999997
0.105484,0.40249999999999997
0.105488,0.40249999999999997
0.105492,0.40249999999999997
0.105496,0.40249999999999997
0.1055,0.40249999999999997
0.105504,0.38639999999999997
0.105508,0.41859999999999997
0.105512,0.40249999999999997
0.105516,0.38639999999999997
0.10552,0.40249999999999997
0.105524,0.38639999999999997
0.105528,0.40249999999999997
0.105532,0.38639999999999997
0.105536,0.40249999999999997
0.10554,0.40249999999999997
0.105544,0.38639999999999997
0.105548,0.41859999999999997
0.105552,0.38639999999999997
0.105556,0.40249999999999997
0.10556,0.38639999999999997
0.105564,0.41859999999999997
0.105568,0.40249999999999997
0.105572,0.38639999999999997
0.105576,0.40249999999999997
0.10558,0.40249999999999997
0.105584,0.40249999999999997
0.105588,0.40249999999999997
0.105592,0.38639999999999997
0.105596,0.40249999999999997
0.1056,0.40249999999999997
0.105604,0.40249999999999997
0.105608,0.40249999999999997
0.105612,0.40249999999999997
0.105616,0.40249999999999997
0.10562,0.40249999999999997
0.105624,0.38639999999999997
0.105628,0.40249999999999997
0.105632,0.40249999999999997
0.105636,0.38639999999999997
0.10564,0.40249999999999997
0.105644,0.40249999999999997
0.105648,0.40249999999999997
0.105652,0.38639999999999997
0.105656,0.40249999999999997
0.10566,0.40249999999999997
0.105664,0.40249999999999997
0.105668,0.40249999999999997
0.105672,0.40249999999999997
0.105676,0.40249999999999997
0.10568,0.38639999999999997
0.105684,0.40249999999999997
0.105688,0.38639999999999997
0.105692,0.40249999999999997
0.105696,0.40249999999999997
0.1057,0.38639999999999997
0.105704,0.40249999999999997
0.105708,0.40249999999999997
0.105712,0.40249999999999997
0.105716,0.38639999999999997
0.10572,0.40249999999999997
0.105724,0.38639999999999997
0.105728,0.40249999999999997
0.105732,0.40249999999999997
0.105736,0.40249999999999997
0.10574,0.40249999999999997
0.105744,0.38639999999999997
0.105748,0.40249999999999997
0.105752,0.38639999999999997
0.105756,0.38639999999999997
0.10576,0.38639999999999997
0.105764,0.38639999999999997
0.105768,0.38639999999999997
0.105772,0.38639999999999997
0.105776,0.40249999999999997
0.10578,0.40249999999999997
0.105784,0.38639999999999997
0.105788,0.38639999999999997
0.105792,0.40249999999999997
0.105796,0.38639999999999997
0.1058,0.40249999999999997
0.105804,0.40249999999999997
0.105808,0.38639999999999997
0.105812,0.38639999999999997
0.105816,0.38639999999999997
0.10582,0.38639999999999997
0.105824,0.38639999999999997
0.105828,0.38639999999999997
0.105832,0.38639999999999997
0.105836,0.38639999999999997
0.10584,0.40249999999999997
0.105844,0.40249999999999997
0.105848,0.38639999999999997
0.105852,0.38639999999999997
0.105856,0.38639999999999997
0.10586,0.38639999999999997
0.105864,0.40249999999999997
0.105868,0.38639999999999997
0.105872,0.40249999999999997
0.105876,0.38639999999999997
0.10588,0.38639999999999997
0.105884,0.38639999999999997
0.105888,0.38639999999999997
0.105892,0.38639999999999997
0.105896,0.38639999999999997
0.1059,0.40249999999999997
0.105904,0.38639999999999997
0.105908,0.38639999999999997
0.105912,0.38639999999999997
0.105916,0.38639999999999997
0.10592,0.38639999999999997
0.105924,0.38639999999999997
0.105928,0.38639999999999997
0.105932,0.38639999999999997
0.105936,0.38639999999999997
0.10594,0.38639999999999997
0.105944,0.38639999999999997
0.105948,0.38639999999999997
0.105952,0.3703
0.105956,0.38639999999999997
0.10596,0.38639999999999997
0.105964,0.3703
0.105968,0.38639999999999997
0.105972,0.38639999999999997
0.105976,0.38639999999999997
0.10598,0.38639999999999997
0.105984,0.38639999999999997
0.105988,0.38639999999999997
0.105992,0.38639999999999997
0.105996,0.38639999999999997
0.106,0.38639999999999997
0.106004,0.38639999999999997
0.106008,0.38639999999999997
0.106012,0.40249999999999997
0.106016,0.3703
0.10602,0.38639999999999997
0.106024,0.38639999999999997
0.106028,0.3703
0.106032,0.40249999999999997
0.106036,0.38639999999999997
0.10604,0.38639999999999997
0.106044,0.38639999999999997
0.106048,0.38639999999999997
0.106052,0.3703
0.106056,0.3703
0.10606,0.38639999999999997
0.106064,0.38639999999999997
0.106068,0.3703
0.106072,0.40249999999999997
0.106076,0.38639999999999997
0.10608,0.3703
0.106084,0.38639999999999997
0.106088,0.3703
0.106092,0.38639999999999997
0.106096,0.38639999999999997
0.1061,0.3703
0.106104,0.38639999999999997
0.106108,0.38639999999999997
0.106112,0.3703
0.106116,0.38639999999999997
0.10612,0.38639999999999997
0.106124,0.3703
0.106128,0.38639999999999997
0.106132,0.3703
0.106136,0.38639999999999997
0.10614,0.38639999999999997
0.106144,0.3703
0.106148,0.38639999999999997
0.106152,0.38639999999999997
0.106156,0.38639999999999997
0.10616,0.3703
0.106164,0.38639999999999997
0.106168,0.38639999999999997
0.106172,0.38639999999999997
0.106176,0.38639999999999997
0.10618,0.38639999999999997
0.106184,0.3703
0.106188,0.3703
0.106192,0.3703
0.106196,0.3703
0.1062,0.38639999999999997
0.106204,0.38639999999999997
0.106208,0.3703
0.106212,0.3703
0.106216,0.38639999999999997
0.10622,0.3703
0.106224,0.38639999999999997
0.106228,0.3703
0.106232,0.3703
0.106236,0.40249999999999997
0.10624,0.3703
0.106244,0.3703
0.106248,0.38639999999999997
0.106252,0.3703
0.106256,0.38639999999999997
0.10626,0.3703
0.106264,0.38639999999999997
0.106268,0.3703
0.106272,0.3703
0.106276,0.38639999999999997
0.10628,0.3703
0.106284,0.38639999999999997
0.106288,0.3703
0.106292,0.3703
0.106296,0.38639999999999997
0.1063,0.3703
0.106304,0.3703
0.106308,0.3703
0.106312,0.3703
0.106316,0.38639999999999997
0.10632,0.3703
0.106324,0.3703
0.106328,0.38639999999999997
0.106332,0.3703
0.106336,0.3703
0.10634,0.3703
0.106344,0.3703
0.106348,0.3703
0.106352,0.3703
0.106356,0.3703
0.10636,0.3703
0.106364,0.3703
0.106368,0.38639999999999997
0.106372,0.38639999999999997
0.106376,0.3703
0.10638,0.3703
0.106384,0.3703
0.106388,0.38639999999999997
0.106392,0.3703
0.106396,0.3703
0.1064,0.3703
0.106404,0.3703
0.106408,0.3703
0.106412,0.3703
0.106416,0.3703
0.10642,0.3542
0.106424,0.3703
0.106428,0.38639999999999997
0.106432,0.3542
0.106436,0.3703
0.10644,0.3703
0.106444,0.3703
0.106448,0.3703
0.106452,0.3542
0.106456,0.38639999999999997
0.10646,0.3703
0.106464,0.3703
0.106468,0.3703
0.106472,0.3703
0.106476,0.3703
0.10648,0.3703
0.106484,0.3542
0.106488,0.3703
0.106492,0.38639999999999997
0.106496,0.3542
0.1065,0.3703
0.106504,0.3703
0.106508,0.3703
0.106512,0.3703
0.106516,0.3703
0.10652,0.3542
0.106524,0.3703
0.106528,0.3703
0.106532,0.3703
0.106536,0.3703
0.10654,0.3703
0.106544,0.3703
0.106548,0.3703
0.106552,0.3703
0.106556,0.3703
0.10656,0.3703
0.106564,0.3703
0.106568,0.3703
0.106572,0.3703
0.106576,0.3703
0.10658,0.3703
0.106584,0.3703
0.106588,0.3703
0.106592,0.3703
0.106596,0.3703
0.1066,0.3703
0.106604,0.3703
0.106608,0.3703
0.106612,0.3542
0.106616,0.3703
0.10662,0.3703
0.106624,0.3542
0.106628,0.3703
0.106632,0.38639999999999997
0.106636,0.3542
0.10664,0.3703
0.106644,0.3703
0.106648,0.3703
0.106652,0.3703
0.106656,0.3703
0.10666,0.3542
0.106664,0.3542
0.106668,0.3703
0.106672,0.3703
0.106676,0.3703
0.10668,0.3703
0.106684,0.3703
0.106688,0.3542
0.106692,0.3703
0.106696,0.3542
0.1067,0.3703
0.106704,0.3542
0.106708,0.3703
0.106712,0.3703
0.106716,0.3542
0.10672,0.3542
0.106724,0.3703
0.106728,0.3542
0.106732,0.3703
0.106736,0.3542
0.10674,0.3542
0.106744,0.3542
0.106748,0.3703
0.106752,0.3542
0.106756,0.3542
0.10676,0.3703
0.106764,0.3542
0.106768,0.3703
0.106772,0.3542
0.106776,0.3703
0.10678,0.3542
0.106784,0.3542
0.106788,0.3542
0.106792,0.3542
0.106796,0.3542
0.1068,0.3542
0.106804,0.3542
0.106808,0.3703
0.106812,0.3542
0.106816,0.3542
0.10682,0.3542
0.106824,0.3542
0.106828,0.3703
0.106832,0.3542
0.106836,0.3542
0.10684,0.3542
0.106844,0.3703
0.106848,0.3542
0.106852,0.3381
0.106856,0.3542
0.10686,0.3542
0.106864,0.3542
0.106868,0.3542
0.106872,0.3542
0.106876,0.3381
0.10688,0.3542
0.106884,0.3542
0.106888,0.3542
0.106892,0.3542
0.106896,0.3703
0.1069,0.3542
0.106904,0.3542
0.106908,0.3542
0.106912,0.3542
0.106916,0.3703
0.10692,0.3381
0.106924,0.3542
0.106928,0.3381
0.106932,0.3542
0.106936,0.3703
0.10694,0.3381
0.106944,0.3542
0.106948,0.3542
0.106952,0.3542
0.106956,0.3542
0.10696,0.3381
0.106964,0.3542
0.106968,0.3703
0.106972,0.3542
0.106976,0.3542
0.10698,0.3381
0.106984,0.3542
0.106988,0.3542
0.106992,0.3542
0.106996,0.3542
0.107,0.3542
0.107004,0.3381
0.107008,0.3542
0.107012,0.3703
0.107016,0.3381
0.10702,0.3542
0.107024,0.3542
0.107028,0.3542
0.107032,0.3542
0.107036,0.3381
0.10704,0.3542
0.107044,0.3381
0.107048,0.3703
0.107052,0.3381
0.107056,0.3542
0.10706,0.3542
0.107064,0.3703
0.107068,0.3381
0.107072,0.3381
0.107076,0.3542
0.10708,0.3542
0.107084,0.3381
0.107088,0.3703
0.107092,0.3381
0.107096,0.3703
0.1071,0.3381
0.107104,0.3542
0.107108,0.3542
0.107112,0.3381
0.107116,0.3542
0.10712,0.3542
0.107124,0.3381
0.107128,0.3703
0.107132,0.3381
0.107136,0.3703
0.10714,0.3381
0.107144,0.3542
0.107148,0.3542
0.107152,0.3381
0.107156,0.3381
0.10716,0.3703
0.107164,0.322
0.107168,0.3703
0.107172,0.3542
0.107176,0.3542
0.10718,0.3542
0.107184,0.3381
0.107188,0.3381
0.107192,0.3542
0.107196,0.3542
0.1072,0.3542
0.107204,0.3381
0.107208,0.3542
0.107212,0.3542
0.107216,0.3542
0.10722,0.3542
0.107224,0.3381
0.107228,0.3542
0.107232,0.3542
0.107236,0.3542
0.10724,0.3542
0.107244,0.3542
0.107248,0.3381
0.107252,0.3542
0.107256,0.3542
0.10726,0.3542
0.107264,0.3703
0.107268,0.3381
0.107272,0.3542
0.107276,0.3542
0.10728,0.3542
0.107284,0.3542
0.107288,0.3542
0.107292,0.3542
0.107296,0.3542
0.1073,0.3542
0.107304,0.3381
0.107308,0.3542
0.107312,0.3542
0.107316,0.3542
0.10732,0.3542
0.107324,0.3542
0.107328,0.3542
0.107332,0.3542
0.107336,0.3381
0.10734,0.3542
0.107344,0.3542
0.107348,0.3542
0.107352,0.3542
0.107356,0.3542
0.10736,0.3381
0.107364,0.3542
0.107368,0.3542
0.107372,0.3542
0.107376,0.3542
0.10738,0.3542
0.107384,0.3703
0.107388,0.3542
0.107392,0.3542
0.107396,0.3542
0.1074,0.3542
0.107404,0.3542
0.107408,0.3381
0.107412,0.3703
0.107416,0.3542
0.10742,0.3381
0.107424,0.3381
0.107428,0.3703
0.107432,0.3703
0.107436,0.3542
0.10744,0.3542
0.107444,0.3542
0.107448,0.3542
0.107452,0.3542
0.107456,0.3542
0.10746,0.3542
0.107464,0.3542
0.107468,0.3542
0.107472,0.3542
0.107476,0.3542
0.10748,0.3542
0.107484,0.3542
0.107488,0.3542
0.107492,0.3542
0.107496,0.3542
0.1075,0.3703
0.107504,0.3542
0.107508,0.3381
0.107512,0.3381
0.107516,0.3542
0.10752,0.3703
0.107524,0.3542
0.107528,0.3542
0.107532,0.3542
0.107536,0.3542
0.10754,0.3542
0.107544,0.3542
0.107548,0.3542
0.107552,0.3542
0.107556,0.3542
0.10756,0.3381
0.107564,0.3542
0.107568,0.3542
0.107572,0.3381
0.107576,0.3381
0.10758,0.3542
0.107584,0.3542
0.107588,0.3542
0.107592,0.3542
0.107596,0.3542
0.1076,0.3542
0.107604,0.3542
0.107608,0.3542
0.107612,0.3381
0.107616,0.3703
0.10762,0.3381
0.107624,0.3703
0.107628,0.3542
0.107632,0.3542
0.107636,0.3542
0.10764,0.3381
0.107644,0.3542
0.107648,0.3542
0.107652,0.3381
0.107656,0.3542
0.10766,0.3542
0.107664,0.3542
0.107668,0.3703
0.107672,0.3542
0.107676,0.3381
0.10768,0.3542
0.107684,0.3703
0.107688,0.3542
0.107692,0.3381
0.107696,0.3542
0.1077,0.3542
0.107704,0.3703
0.107708,0.3381
0.107712,0.3542
0.107716,0.3542
0.10772,0.3542
0.107724,0.3542
0.107728,0.3381
0.107732,0.3542
0.107736,0.3542
0.10774,0.3542
0.107744,0.3542
0.107748,0.3381
0.107752,0.3542
0.107756,0.3542
0.10776,0.3542
0.107764,0.3703
0.107768,0.3381
0.107772,0.3542
0.107776,0.3703
0.10778,0.3381
0.107784,0.3542
0.107788,0.3381
0.107792,0.3703
0.107796,0.3542
0.1078,0.3381
0.107804,0.3542
0.107808,0.3542
0.107812,0.3542
0.107816,0.3381
0.10782,0.3381
0.107824,0.3542
0.107828,0.3542
0.107832,0.3381
0.107836,0.3542
0.10784,0.3381
0.107844,0.3381
0.107848,0.3542
0.107852,0.3542
0.107856,0.3381
0.10786,0.3542
0.107864,0.3542
0.107868,0.3542
0.107872,0.3703
0.107876,0.3381
0.10788,0.3542
0.107884,0.3381
0.107888,0.3542
0.107892,0.3542
0.107896,0.3542
0.1079,0.3381
0.107904,0.3381
0.107908,0.3542
0.107912,0.3542
0.107916,0.3381
0.10792,0.3381
0.107924,0.3381
0.107928,0.3381
0.107932,0.3542
0.107936,0.3381
0.10794,0.3542
0.107944,0.3381
0.107948,0.3381
0.107952,0.3381
0.107956,0.3381
0.10796,0.3542
0.107964,0.3381
0.107968,0.3542
0.107972,0.3381
0.107976,0.3542
0.10798,0.3381
0.107984,0.3542
0.107988,0.3381
0.107992,0.322
0.107996,0.3542
0.108,0.3542
0.108004,0.3381
0.108008,0.3381
0.108012,0.3381
0.108016,0.3381
0.10802,0.3542
0.108024,0.3381
0.108028,0.3542
0.108032,0.3381
0.108036,0.3381
0.10804,0.3542
0.108044,0.3381
0.108048,0.3381
0.108052,0.3542
0.108056,0.322
0.10806,0.3542
0.108064,0.3542
0.108068,0.3381
0.108072,0.3381
0.108076,0.3381
0.10808,0.3381
0.108084,0.3381
0.108088,0.3381
0.108092,0.3542
0.108096,0.3542
0.1081,0.3381
0.108104,0.3542
0.108108,0.3381
0.108112,0.3381
0.108116,0.3381
0.10812,0.322
0.108124,0.3542
0.108128,0.3381
0.108132,0.3542
0.108136,0.3381
0.10814,0.3381
0.108144,0.3381
0.108148,0.3381
0.108152,0.3381
0.108156,0.3381
0.10816,0.3381
0.108164,0.3542
0.108168,0.3381
0.108172,0.3542
0.108176,0.3381
0.10818,0.3381
0.108184,0.3542
0.108188,0.322
0.108192,0.3381
0.108196,0.3381
0.1082,0.3381
0.108204,0.3542
0.108208,0.322
0.108212,0.3381
0.108216,0.3381
0.10822,0.3381
0.108224,0.3381
0.108228,0.3381
0.108232,0.3381
0.108236,0.3381
0.10824,0.3381
0.108244,0.3381
0.108248,0.3381
0.108252,0.3381
0.108256,0.322
0.10826,0.3542
0.108264,0.3542
0.108268,0.3381
0.108272,0.3381
0.108276,0.3381
0.10828,0.3542
0.108284,0.3381
0.108288,0.322
0.108292,0.3381
0.108296,0.3381
0.1083,0.3381
0.108304,0.3381
0.108308,0.322
0.108312,0.3381
0.108316,0.3381
0.10832,0.3381
0.108324,0.3381
0.108328,0.3381
0.108332,0.3381
0.108336,0.322
0.10834,0.3381
0.108344,0.322
0.108348,0.3381
0.108352,0.3381
0.108356,0.3381
0.10836,0.322
0.108364,0.322
0.108368,0.3381
0.108372,0.3381
0.108376,0.322
0.10838,0.3381
0.108384,0.3381
0.108388,0.3381
0.108392,0.3542
0.108396,0.322
0.1084,0.3381
0.108404,0.3381
0.108408,0.3381
0.108412,0.3381
0.108416,0.3381
0.10842,0.322
0.108424,0.322
0.108428,0.322
0.108432,0.3381
0.108436,0.322
0.10844,0.322
0.108444,0.322
0.108448,0.322
0.108452,0.3381
0.108456,0.322
0.10846,0.3381
0.108464,0.322
0.108468,0.3381
0.108472,0.3381
0.108476,0.322
0.10848,0.3381
0.108484,0.322
0.108488,0.322
0.108492,0.322
0.108496,0.3381
0.1085,0.322
0.108504,0.3381
0.108508,0.3381
0.108512,0.322
0.108516,0.322
0.10852,0.3381
0.108524,0.322
0.108528,0.3381
0.108532,0.322
0.108536,0.322
0.10854,0.3381
0.108544,0.3059
0.108548,0.3381
0.108552,0.322
0.108556,0.322
0.10856,0.3381
0.108564,0.322
0.108568,0.322
0.108572,0.322
0.108576,0.322
0.10858,0.322
0.108584,0.322
0.108588,0.3381
0.108592,0.322
0.108596,0.322
0.1086,0.322
0.108604,0.322
0.108608,0.322
0.108612,0.322
0.108616,0.322
0.10862,0.322
0.108624,0.322
0.108628,0.3381
0.108632,0.322
0.108636,0.3381
0.10864,0.322
0.108644,0.322
0.108648,0.322
0.108652,0.322
0.108656,0.3381
0.10866,0.322
0.108664,0.322
0.108668,0.322
0.108672,0.322
0.108676,0.322
0.10868,0.3059
0.108684,0.322
0.108688,0.322
0.108692,0.322
0.108696,0.322
0.1087,0.322
0.108704,0.322
0.108708,0.322
0.108712,0.322
0.108716,0.322
0.10872,0.322
0.108724,0.322
0.108728,0.322
0.108732,0.322
0.108736,0.322
0.10874,0.322
0.108744,0.322
0.108748,0.322
0.108752,0.3381
0.108756,0.322
0.10876,0.322
0.108764,0.322
0.108768,0.3059
0.108772,0.322
0.108776,0.322
0.10878,0.3059
0.108784,0.3381
0.108788,0.322
0.108792,0.322
0.108796,0.322
0.1088,0.3381
0.108804,0.322
0.108808,0.3059
0.108812,0.322
0.108816,0.322
0.10882,0.322
0.108824,0.322
0.108828,0.322
0.108832,0.322
0.108836,0.322
0.10884,0.322
0.108844,0.3059
0.108848,0.3381
0.108852,0.322
0.108856,0.3059
0.10886,0.322
0.108864,0.3059
0.108868,0.322
0.108872,0.322
0.108876,0.322
0.10888,0.3059
0.108884,0.322
0.108888,0.322
0.108892,0.322
0.108896,0.322
0.1089,0.322
0.108904,0.322
0.108908,0.322
0.108912,0.322
0.108916,0.3059
0.10892,0.322
0.108924,0.322
0.108928,0.3059
0.108932,0.322
0.108936,0.322
0.10894,0.3059
0.108944,0.3059
0.108948,0.322
0.108952,0.322
0.108956,0.322
0.10896,0.3059
0.108964,0.322
0.108968,0.322
0.108972,0.3059
0.108976,0.322
0.10898,0.3059
0.108984,0.322
0.108988,0.322
0.108992,0.322
0.108996,0.322
0.109,0.3059
0.109004,0.322
0.109008,0.322
0.109012,0.2898
0.109016,0.322
0.10902,0.322
0.109024,0.3059
0.109028,0.322
0.109032,0.322
0.109036,0.3059
0.10904,0.3059
0.109044,0.322
0.109048,0.3059
0.109052,0.3059
0.109056,0.322
0.10906,0.3059
0.109064,0.322
0.109068,0.3059
0.109072,0.3059
0.109076,0.322
0.10908,0.3059
0.109084,0.322
0.109088,0.3059
0.109092,0.3059
0.109096,0.3059
0.1091,0.322
0.109104,0.3059
0.109108,0.3059
0.109112,0.3059
0.109116,0.322
0.10912,0.322
0.109124,0.3059
0.109128,0.3059
0.109132,0.3059
0.109136,0.3059
0.10914,0.3381
0.109144,0.3059
0.109148,0.3059
0.109152,0.322
0.109156,0.3059
0.10916,0.322
0.109164,0.3059
0.109168,0.3059
0.109172,0.3059
0.109176,0.3059
0.10918,0.3059
0.109184,0.3059
0.109188,0.3059
0.109192,0.3059
0.109196,0.322
0.1092,0.322
0.109204,0.3059
0.109208,0.2898
0.109212,0.322
0.109216,0.3059
0.10922,0.3059
0.109224,0.322
0.109228,0.3059
0.109232,0.322
0.109236,0.2898
0.10924,0.322
0.109244,0.322
0.109248,0.2898
0.109252,0.322
0.109256,0.3059
0.10926,0.3059
0.109264,0.322
0.109268,0.3059
0.109272,0.3059
0.109276,0.3059
0.10928,0.3059
0.109284,0.3059
0.109288,0.3059
0.109292,0.3059
0.109296,0.3059
0.1093,0.322
0.109304,0.2898
0.109308,0.3059
0.109312,0.3059
0.109316,0.3059
0.10932,0.3059
0.109324,0.3059
0.109328,0.3059
0.109332,0.3059
0.109336,0.2898
0.10934,0.3059
0.109344,0.3059
0.109348,0.2898
0.109352,0.3059
0.109356,0.3059
0.10936,0.3059
0.109364,0.3059
0.109368,0.3059
0.109372,0.3059
0.109376,0.2898
0.10938,0.3059
0.109384,0.3059
0.109388,0.3059
0.109392,0.3059
0.109396,0.3059
0.1094,0.3059
0.109404,0.3059
0.109408,0.3059
0.109412,0.2898
0.109416,0.322
0.10942,0.3059
0.109424,0.3059
0.109428,0.3059
0.109432,0.3059
0.109436,0.3059
0.10944,0.3059
0.109444,0.3059
0.109448,0.3059
0.109452,0.3059
0.109456,0.3059
0.10946,0.322
0.109464,0.3059
0.109468,0.3059
0.109472,0.3059
0.109476,0.3059
0.10948,0.3059
0.109484,0.3059
0.109488,0.3059
0.109492,0.3059
0.109496,0.3059
0.1095,0.2898
0.109504,0.3059
0.109508,0.3059
0.109512,0.3059
0.109516,0.3059
0.10952,0.2898
0.109524,0.3059
0.109528,0.322
0.109532,0.2898
0.109536,0.3059
0.10954,0.3059
0.109544,0.3059
0.109548,0.3059
0.109552,0.2898
0.109556,0.3059
0.10956,0.3059
0.109564,0.3059
0.109568,0.2898
0.109572,0.3059
0.109576,0.3059
0.10958,0.3059
0.109584,0.3059
0.109588,0.3059
0.109592,0.3059
0.109596,0.3059
0.1096,0.3059
0.109604,0.3059
0.109608,0.3059
0.109612,0.3059
0.109616,0.3059
0.10962,0.3059
0.109624,0.3059
0.109628,0.322
0.109632,0.3059
0.109636,0.3059
0.10964,0.2898
0.109644,0.3059
0.109648,0.3059
0.109652,0.3059
0.109656,0.3059
0.10966,0.2898
0.109664,0.2898
0.109668,0.3059
0.109672,0.3059
0.109676,0.3059
0.10968,0.2898
0.109684,0.3059
0.109688,0.3059
0.109692,0.322
0.109696,0.2898
0.1097,0.3059
0.109704,0.3059
0.109708,0.3059
0.109712,0.322
0.109716,0.3059
0.10972,0.3059
0.109724,0.3059
0.109728,0.3059
0.109732,0.322
0.109736,0.2898
0.10974,0.3059
0.109744,0.2898
0.109748,0.3059
0.109752,0.3059
0.109756,0.2898
0.10976,0.3059
0.109764,0.3059
0.109768,0.3059
0.109772,0.3059
0.109776,0.3059
0.10978,0.3059
0.109784,0.3059
0.109788,0.3059
0.109792,0.3059
0.109796,0.2898
0.1098,0.322
0.109804,0.2898
0.109808,0.3059
0.109812,0.2898
0.109816,0.322
0.10982,0.3059
0.109824,0.322
0.109828,0.3059
0.109832,0.322
0.109836,0.3059
0.10984,0.3059
0.109844,0.2898
0.109848,0.3059
0.109852,0.3059
0.109856,0.3059
0.10986,0.3059
0.109864,0.3059
0.109868,0.3059
0.109872,0.2898
0.109876,0.3059
0.10988,0.3059
0.109884,0.3059
0.109888,0.3059
0.109892,0.3059
0.109896,0.3059
0.1099,0.3059
0.109904,0.2898
0.109908,0.3059
0.109912,0.2898
0.109916,0.2898
0.10992,0.3059
0.109924,0.3059
0.109928,0.3059
0.109932,0.3059
0.109936,0.2898
0.10994,0.2898
0.109944,0.3059
0.109948,0.3059
0.109952,0.3059
0.109956,0.2898
0.10996,0.2898
0.109964,0.3059
0.109968,0.3059
0.109972,0.2737
0.109976,0.3059
0.10998,0.3059
0.109984,0.2898
0.109988,0.3059
0.109992,0.2898
0.109996,0.3059
0.11,0.3059
0.110004,0.2898
0.110008,0.3059
0.110012,0.2898
0.110016,0.3059
0.11002,0.3059
0.110024,0.2898
0.110028,0.322
0.110032,0.3059
0.110036,0.3059
0.11004,0.3059
0.110044,0.3059
0.110048,0.3059
0.110052,0.3059
0.110056,0.2898
0.11006,0.2898
0.110064,0.2898
0.110068,0.3059
0.110072,0.2898
0.110076,0.2898
0.11008,0.2898
0.110084,0.3059
0.110088,0.3059
0.110092,0.3059
0.110096,0.3059
0.1101,0.2898
0.110104,0.3059
0.110108,0.2898
0.110112,0.3059
0.110116,0.2898
0.11012,0.3059
0.110124,0.2898
0.110128,0.3059
0.110132,0.3059
0.110136,0.2898
0.11014,0.2898
0.110144,0.3059
0.110148,0.3059
0.110152,0.2898
0.110156,0.2898
0.11016,0.3059
0.110164,0.3059
0.110168,0.3059
0.110172,0.2898
0.110176,0.2898
0.11018,0.2898
0.110184,0.3059
0.110188,0.3059
0.110192,0.2898
0.110196,0.2898
0.1102,0.3059
0.110204,0.2898
0.110208,0.3059
0.110212,0.3059
0.110216,0.3059
0.11022,0.2898
0.110224,0.3059
0.110228,0.3059
0.110232,0.2898
0.110236,0.2898
0.11024,0.2898
0.110244,0.2898
0.110248,0.3059
0.110252,0.3059
0.110256,0.2898
0.11026,0.3059
0.110264,0.2898
0.110268,0.2898
0.110272,0.2898
0.110276,0.3059
0.11028,0.2898
0.110284,0.2898
0.110288,0.3059
0.110292,0.2898
0.110296,0.2898
0.1103,0.3059
0.110304,0.2898
0.110308,0.3059
0.110312,0.3059
0.110316,0.2898
0.11032,0.2898
0.110324,0.3059
0.110328,0.2898
0.110332,0.3059
0.110336,0.322
0.11034,0.2898
0.110344,0.2898
0.110348,0.2898
0.110352,0.3059
0.110356,0.3059
0.11036,0.2898
0.110364,0.2898
0.110368,0.3059
0.110372,0.2898
0.110376,0.2898
0.11038,0.2898
0.110384,0.3059
0.110388,0.2898
0.110392,0.2898
0.110396,0.2898
0.1104,0.3059
0.110404,0.2898
0.110408,0.2898
0.110412,0.3059
0.110416,0.2898
0.11042,0.2898
0.110424,0.3059
0.110428,0.3059
0.110432,0.2898
0.110436,0.2898
0.11044,0.2898
0.110444,0.2898
0.110448,0.2898
0.110452,0.3059
0.110456,0.2898
0.11046,0.2898
0.110464,0.3059
0.110468,0.2898
0.110472,0.3059
0.110476,0.3059
0.11048,0.3059
0.110484,0.3059
0.110488,0.2898
0.110492,0.2898
0.110496,0.2898
0.1105,0.3059
0.110504,0.3059
0.110508,0.2898
0.110512,0.2898
0.110516,0.3059
0.11052,0.2898
0.110524,0.3059
0.110528,0.3059
0.110532,0.2898
0.110536,0.2898
0.11054,0.2898
0.110544,0.2898
0.110548,0.2898
0.110552,0.3059
0.110556,0.3059
0.11056,0.2898
0.110564,0.2898
0.110568,0.2898
0.110572,0.3059
0.110576,0.3059
0.11058,0.2898
0.110584,0.2898
0.110588,0.3059
0.110592,0.2898
0.110596,0.2898
0.1106,0.2898
0.110604,0.2898
0.110608,0.2898
0.110612,0.3059
0.110616,0.2898
0.11062,0.2898
0.110624,0.3059
0.110628,0.2898
0.110632,0.3059
0.110636,0.2898
0.11064,0.2898
0.110644,0.2898
0.110648,0.2898
0.110652,0.3059
0.110656,0.2898
0.11066,0.2898
0.110664,0.3059
0.110668,0.2898
0.110672,0.2737
0.110676,0.3059
0.11068,0.2898
0.110684,0.3059
0.110688,0.2898
0.110692,0.2898
0.110696,0.2898
0.1107,0.3059
0.110704,0.2898
0.110708,0.2898
0.110712,0.3059
0.110716,0.2737
0.11072,0.3059
0.110724,0.2898
0.110728,0.3059
0.110732,0.3059
0.110736,0.2898
0.11074,0.2898
0.110744,0.2898
0.110748,0.2898
0.110752,0.3059
0.110756,0.2898
0.11076,0.2898
0.110764,0.2898
0.110768,0.2898
0.110772,0.3059
0.110776,0.3059
0.11078,0.2898
0.110784,0.2898
0.110788,0.3059
0.110792,0.2898
0.110796,0.2898
0.1108,0.2898
0.110804,0.2898
0.110808,0.3059
0.110812,0.2737
0.110816,0.2898
0.11082,0.3059
0.110824,0.2737
0.110828,0.2898
0.110832,0.2898
0.110836,0.2898
0.11084,0.2898
0.110844,0.2898
0.110848,0.2898
0.110852,0.2898
0.110856,0.2898
0.11086,0.3059
0.110864,0.2898
0.110868,0.2898
0.110872,0.2737
0.110876,0.2898
0.11088,0.2898
0.110884,0.2898
0.110888,0.2898
0.110892,0.2898
0.110896,0.2898
0.1109,0.2898
0.110904,0.2898
0.110908,0.2737
0.110912,0.2898
0.110916,0.2898
0.11092,0.2898
0.110924,0.2898
0.110928,0.2737
0.110932,0.2737
0.110936,0.2898
0.11094,0.3059
0.110944,0.3059
0.110948,0.2737
0.110952,0.2737
0.110956,0.2898
0.11096,0.2898
0.110964,0.2737
0.110968,0.2898
0.110972,0.2898
0.110976,0.2898
0.11098,0.2898
0.110984,0.2737
0.110988,0.2898
0.110992,0.2898
0.110996,0.3059
0.111,0.2737
0.111004,0.2898
0.111008,0.2898
0.111012,0.2737
0.111016,0.2898
0.11102,0.2737
0.111024,0.2737
0.111028,0.2898
0.111032,0.2737
0.111036,0.2898
0.11104,0.2898
0.111044,0.2737
0.111048,0.2737
0.111052,0.2898
0.111056,0.2898
0.11106,0.2737
0.111064,0.2898
0.111068,0.2737
0.111072,0.2898
0.111076,0.2898
0.11108,0.2737
0.111084,0.2898
0.111088,0.2737
0.111092,0.2898
0.111096,0.2737
0.1111,0.2737
0.111104,0.2898
0.111108,0.2737
0.111112,0.2898
0.111116,0.2898
0.11112,0.2737
0.111124,0.2737
0.111128,0.2898
0.111132,0.2898
0.111136,0.2737
0.11114,0.2737
0.111144,0.2737
0.111148,0.2737
0.111152,0.2898
0.111156,0.2737
0.11116,0.2737
0.111164,0.2898
0.111168,0.2737
0.111172,0.2737
0.111176,0.2898
0.11118,0.2737
0.111184,0.2737
0.111188,0.2737
0.111192,0.2898
0.111196,0.2737
0.1112,0.2898
0.111204,0.2576
0.111208,0.2737
0.111212,0.2737
0.111216,0.2737
0.11122,0.2737
0.111224,0.2737
0.111228,0.2898
0.111232,0.2737
0.111236,0.2737
0.11124,0.2737
0.111244,0.2737
0.111248,0.2737
0.111252,0.2898
0.111256,0.2737
0.11126,0.2737
0.111264,0.2737
0.111268,0.2737
0.111272,0.2737
0.111276,0.2737
0.11128,0.2737
0.111284,0.2737
0.111288,0.2737
0.111292,0.2737
0.111296,0.2737
0.1113,0.2737
0.111304,0.2737
0.111308,0.2737
0.111312,0.2737
0.111316,0.2898
0.11132,0.2737
0.111324,0.2737
0.111328,0.2898
0.111332,0.2737
0.111336,0.2898
0.11134,0.2737
0.111344,0.2576
0.111348,0.2898
0.111352,0.2576
0.111356,0.2737
0.11136,0.2898
0.111364,0.2737
0.111368,0.2737
0.111372,0.2737
0.111376,0.2737
0.11138,0.2737
0.111384,0.2737
0.111388,0.2898
0.111392,0.2576
0.111396,0.2737
0.1114,0.2898
0.111404,0.2737
0.111408,0.2737
0.111412,0.2737
0.111416,0.2737
0.11142,0.2737
0.111424,0.2737
0.111428,0.2898
0.111432,0.2737
0.111436,0.2737
0.11144,0.2737
0.111444,0.2737
0.111448,0.2737
0.111452,0.2737
0.111456,0.2737
0.11146,0.2576
0.111464,0.2737
0.111468,0.2737
0.111472,0.2737
0.111476,0.2737
0.11148,0.2576
0.111484,0.2576
0.111488,0.2737
0.111492,0.2737
0.111496,0.2737
0.1115,0.2737
0.111504,0.2737
0.111508,0.2898
0.111512,0.2576
0.111516,0.2737
0.11152,0.2576
0.111524,0.2737
0.111528,0.2737
0.111532,0.2737
0.111536,0.2737
0.11154,0.2737
0.111544,0.2737
0.111548,0.2576
0.111552,0.2576
0.111556,0.2737
0.11156,0.2898
0.111564,0.2737
0.111568,0.2898
0.111572,0.2737
0.111576,0.2576
0.11158,0.2737
0.111584,0.2737
0.111588,0.2737
0.111592,0.2898
0.111596,0.2737
0.1116,0.2737
0.111604,0.2737
0.111608,0.2737
0.111612,0.2737
0.111616,0.2576
0.11162,0.2737
0.111624,0.2737
0.111628,0.2576
0.111632,0.2576
0.111636,0.2737
0.11164,0.2737
0.111644,0.2898
0.111648,0.2737
0.111652,0.2737
0.111656,0.2898
0.11166,0.2576
0.111664,0.2737
0.111668,0.2576
0.111672,0.2576
0.111676,0.2737
0.11168,0.2898
0.111684,0.2576
0.111688,0.2737
0.111692,0.2737
0.111696,0.2737
0.1117,0.2737
0.111704,0.2576
0.111708,0.2737
0.111712,0.2737
0.111716,0.2576
0.11172,0.2737
0.111724,0.2576
0.111728,0.2737
0.111732,0.2737
0.111736,0.2576
0.11174,0.2737
0.111744,0.2737
0.111748,0.2737
0.111752,0.2737
0.111756,0.2737
0.11176,0.2737
0.111764,0.2737
0.111768,0.2737
0.111772,0.2737
0.111776,0.2737
0.11178,0.2737
0.111784,0.2737
0.111788,0.2898
0.111792,0.2576
0.111796,0.2737
0.1118,0.2737
0.111804,0.2737
0.111808,0.2737
0.111812,0.2576
0.111816,0.2737
0.11182,0.2576
0.111824,0.2737
0.111828,0.2898
0.111832,0.2415
0.111836,0.2737
0.11184,0.2737
0.111844,0.2576
0.111848,0.2737
0.111852,0.2576
0.111856,0.2576
0.11186,0.2576
0.111864,0.2737
0.111868,0.2737
0.111872,0.2576
0.111876,0.2576
0.11188,0.2737
0.111884,0.2737
0.111888,0.2576
0.111892,0.2576
0.111896,0.2737
0.1119,0.2737
0.111904,0.2737
0.111908,0.2576
0.111912,0.2737
0.111916,0.2576
0.11192,0.2576
0.111924,0.2737
0.111928,0.2576
0.111932,0.2737
0.111936,0.2576
0.11194,0.2576
0.111944,0.2576
0.111948,0.2737
0.111952,0.2737
0.111956,0.2576
0.11196,0.2576
0.111964,0.2576
0.111968,0.2576
0.111972,0.2737
0.111976,0.2576
0.11198,0.2576
0.111984,0.2576
0.111988,0.2576
0.111992,0.2737
0.111996,0.2576
0.112,0.2576
0.112004,0.2737
0.112008,0.2576
0.112012,0.2415
0.112016,0.2415
0.11202,0.2415
0.112024,0.2737
0.112028,0.2737
0.112032,0.2576
0.112036,0.2576
0.11204,0.2576
0.112044,0.2415
0.112048,0.2576
0.112052,0.2737
0.112056,0.2576
0.11206,0.2576
0.112064,0.2576
0.112068,0.2737
0.112072,0.2576
0.112076,0.2576
0.11208,0.2576
0.112084,0.2576
0.112088,0.2576
0.112092,0.2576
0.112096,0.2415
0.1121,0.2576
0.112104,0.2415
0.112108,0.2576
0.112112,0.2737
0.112116,0.2576
0.11212,0.2576
0.112124,0.2415
0.112128,0.2576
0.112132,0.2576
0.112136,0.2415
0.11214,0.2576
0.112144,0.2415
0.112148,0.2576
0.112152,0.2576
0.112156,0.2415
0.11216,0.2576
0.112164,0.2737
0.112168,0.2576
0.112172,0.2415
0.112176,0.2415
0.11218,0.2576
0.112184,0.2415
0.112188,0.2576
0.112192,0.2737
0.112196,0.2576
0.1122,0.2576
0.112204,0.2576
0.112208,0.2737
0.112212,0.2576
0.112216,0.2576
0.11222,0.2576
0.112224,0.2576
0.112228,0.2415
0.112232,0.2576
0.112236,0.2415
0.11224,0.2737
0.112244,0.2415
0.112248,0.2576
0.112252,0.2576
0.112256,0.2576
0.11226,0.2576
0.112264,0.2737
0.112268,0.2576
0.112272,0.2576
0.112276,0.2576
0.11228,0.2415
0.112284,0.2576
0.112288,0.2415
0.112292,0.2576
0.112296,0.2576
0.1123,0.2415
0.112304,0.2737
0.112308,0.2576
0.112312,0.2415
0.112316,0.2576
0.11232,0.2415
0.112324,0.2576
0.112328,0.2576
0.112332,0.2415
0.112336,0.2576
0.11234,0.2576
0.112344,0.2576
0.112348,0.2415
0.112352,0.2576
0.112356,0.2415
0.11236,0.2576
0.112364,0.2576
0.112368,0.2576
0.112372,0.2576
0.112376,0.2576
0.11238,0.2415
0.112384,0.2415
0.112388,0.2576
0.112392,0.2576
0.112396,0.2415
0.1124,0.2737
0.112404,0.2415
0.112408,0.2576
0.112412,0.2576
0.112416,0.2415
0.11242,0.2576
0.112424,0.2576
0.112428,0.2576
0.112432,0.2576
0.112436,0.2576
0.11244,0.2576
0.112444,0.2576
0.112448,0.2576
0.112452,0.2576
0.112456,0.2576
0.11246,0.2576
0.112464,0.2737
0.112468,0.2576
0.112472,0.2576
0.112476,0.2576
0.11248,0.2576
0.112484,0.2576
0.112488,0.2576
0.112492,0.2576
0.112496,0.2737
0.1125,0.2576
0.112504,0.2737
0.112508,0.2576
0.112512,0.2576
0.112516,0.2576
0.11252,0.2415
0.112524,0.2737
0.112528,0.2737
0.112532,0.2576
0.112536,0.2576
0.11254,0.2576
0.112544,0.2576
0.112548,0.2576
0.112552,0.2576
0.112556,0.2576
0.11256,0.2576
0.112564,0.2576
0.112568,0.2737
0.112572,0.2576
0.112576,0.2576
0.11258,0.2576
0.112584,0.2415
0.112588,0.2576
0.112592,0.2737
0.112596,0.2415
0.1126,0.2576
0.112604,0.2576
0.112608,0.2576
0.112612,0.2576
0.112616,0.2576
0.11262,0.2576
0.112624,0.2576
0.112628,0.2576
0.112632,0.2576
0.112636,0.2576
0.11264,0.2576
0.112644,0.2576
0.112648,0.2576
0.112652,0.2737
0.112656,0.2576
0.11266,0.2576
0.112664,0.2576
0.112668,0.2576
0.112672,0.2415
0.112676,0.2737
0.11268,0.2576
0.112684,0.2576
0.112688,0.2576
0.112692,0.2576
0.112696,0.2576
0.1127,0.2576
0.112704,0.2576
0.112708,0.2576
0.112712,0.2576
0.112716,0.2576
0.11272,0.2576
0.112724,0.2576
0.112728,0.2576
0.112732,0.2576
0.112736,0.2576
0.11274,0.2576
0.112744,0.2576
0.112748,0.2576
0.112752,0.2576
0.112756,0.2576
0.11276,0.2576
0.112764,0.2576
0.112768,0.2415
0.112772,0.2737
0.112776,0.2576
0.11278,0.2576
0.112784,0.2576
0.112788,0.2576
0.112792,0.2415
0.112796,0.2737
0.1128,0.2576
0.112804,0.2576
0.112808,0.2576
0.112812,0.2576
0.112816,0.2576
0.11282,0.2576
0.112824,0.2576
0.112828,0.2576
0.112832,0.2576
0.112836,0.2576
0.11284,0.2415
0.112844,0.2737
0.112848,0.2254
0.112852,0.2576
0.112856,0.2415
0.11286,0.2415
0.112864,0.2576
0.112868,0.2415
0.112872,0.2737
0.112876,0.2576
0.11288,0.2576
0.112884,0.2415
0.112888,0.2576
0.112892,0.2576
0.112896,0.2576
0.1129,0.2415
0.112904,0.2576
0.112908,0.2576
0.112912,0.2576
0.112916,0.2254
0.11292,0.2576
0.112924,0.2576
0.112928,0.2415
0.112932,0.2415
0.112936,0.2576
0.11294,0.2415
0.112944,0.2737
0.112948,0.2415
0.112952,0.2415
0.112956,0.2576
0.11296,0.2415
0.112964,0.2576
0.112968,0.2576
0.112972,0.2415
0.112976,0.2576
0.11298,0.2415
0.112984,0.2576
0.112988,0.2415
0.112992,0.2576
0.112996,0.2737
0.113,0.2415
0.113004,0.2576
0.113008,0.2576
0.113012,0.2415
0.113016,0.2415
0.11302,0.2415
0.113024,0.2576
0.113028,0.2415
0.113032,0.2576
0.113036,0.2576
0.11304,0.2415
0.113044,0.2576
0.113048,0.2576
0.113052,0.2415
0.113056,0.2576
0.11306,0.2415
0.113064,0.2415
0.113068,0.2576
0.113072,0.2415
0.113076,0.2415
0.11308,0.2415
0.113084,0.2415
0.113088,0.2415
0.113092,0.2576
0.113096,0.2415
0.1131,0.2576
0.113104,0.2415
0.113108,0.2576
0.113112,0.2415
0.113116,0.2415
0.11312,0.2415
0.113124,0.2415
0.113128,0.2415
0.113132,0.2415
0.113136,0.2415
0.11314,0.2415
0.113144,0.2415
0.113148,0.2415
0.113152,0.2415
0.113156,0.2254
0.11316,0.2415
0.113164,0.2576
0.113168,0.2254
0.113172,0.2576
0.113176,0.2576
0.11318,0.2254
0.113184,0.2415
0.113188,0.2415
0.113192,0.2576
0.113196,0.2415
0.1132,0.2415
0.113204,0.2415
0.113208,0.2415
0.113212,0.2576
0.113216,0.2415
0.11322,0.2415
0.113224,0.2415
0.113228,0.2415
0.113232,0.2415
0.113236,0.2415
0.11324,0.2415
0.113244,0.2415
0.113248,0.2415
0.113252,0.2415
0.113256,0.2415
0.11326,0.2415
0.113264,0.2254
0.113268,0.2415
0.113272,0.2415
0.113276,0.2415
0.11328,0.2415
0.113284,0.2254
0.113288,0.2415
0.113292,0.2576
0.113296,0.2415
0.1133,0.2415
0.113304,0.2415
0.113308,0.2415
0.113312,0.2415
0.113316,0.2415
0.11332,0.2415
0.113324,0.2415
0.113328,0.2415
0.113332,0.2415
0.113336,0.2415
0.11334,0.2415
0.113344,0.2254
0.113348,0.2415
0.113352,0.2415
0.113356,0.2415
0.11336,0.2415
0.113364,0.2254
0.113368,0.2415
0.113372,0.2415
0.113376,0.2254
0.11338,0.2415
0.113384,0.2254
0.113388,0.2415
0.113392,0.2415
0.113396,0.2415
0.1134,0.2415
0.113404,0.2254
0.113408,0.2254
0.113412,0.2415
0.113416,0.2415
0.11342,0.2415
0.113424,0.2415
0.113428,0.2415
0.113432,0.2415
0.113436,0.2254
0.11344,0.2576
0.113444,0.2415
0.113448,0.2415
0.113452,0.2415
0.113456,0.2254
0.11346,0.2415
0.113464,0.2415
0.113468,0.2254
0.113472,0.2576
0.113476,0.2415
0.11348,0.2254
0.113484,0.2415
0.113488,0.2254
0.113492,0.2415
0.113496,0.2415
0.1135,0.2415
0.113504,0.2415
0.113508,0.2415
0.113512,0.2254
0.113516,0.2415
0.11352,0.2254
0.113524,0.2415
0.113528,0.2576
0.113532,0.2254
0.113536,0.2415
0.11354,0.2576
0.113544,0.2254
0.113548,0.2415
0.113552,0.2415
0.113556,0.2254
0.11356,0.2415
0.113564,0.2254
0.113568,0.2576
0.113572,0.2415
0.113576,0.2254
0.11358,0.2415
0.113584,0.2415
0.113588,0.2415
0.113592,0.2415
0.113596,0.2576
0.1136,0.2254
0.113604,0.2415
0.113608,0.2254
0.113612,0.2415
0.113616,0.2254
0.11362,0.2415
0.113624,0.2415
0.113628,0.2415
0.113632,0.2415
0.113636,0.2415
0.11364,0.2415
0.113644,0.2254
0.113648,0.2576
0.113652,0.2415
0.113656,0.2415
0.11366,0.2415
0.113664,0.2415
0.113668,0.2415
0.113672,0.2415
0.113676,0.2415
0.11368,0.2254
0.113684,0.2415
0.113688,0.2415
0.113692,0.2415
0.113696,0.2415
0.1137,0.2415
0.113704,0.2415
0.113708,0.2415
0.113712,0.2415
0.113716,0.2254
0.11372,0.2415
0.113724,0.2576
0.113728,0.2254
0.113732,0.2415
0.113736,0.2415
0.11374,0.2415
0.113744,0.2576
0.113748,0.2415
0.113752,0.2415
0.113756,0.2415
0.11376,0.2254
0.113764,0.2415
0.113768,0.2415
0.113772,0.2415
0.113776,0.2415
0.11378,0.2415
0.113784,0.2415
0.113788,0.2254
0.113792,0.2254
0.113796,0.2415
0.1138,0.2415
0.113804,0.2415
0.113808,0.2254
0.113812,0.2415
0.113816,0.2415
0.11382,0.2415
0.113824,0.2254
0.113828,0.2415
0.113832,0.2415
0.113836,0.2415
0.11384,0.2415
0.113844,0.2415
0.113848,0.2415
0.113852,0.2415
0.113856,0.2415
0.11386,0.2254
0.113864,0.2415
0.113868,0.2415
0.113872,0.2415
0.113876,0.2576
0.11388,0.2254
0.113884,0.2415
0.113888,0.2415
0.113892,0.2415
0.113896,0.2415
0.1139,0.2254
0.113904,0.2254
0.113908,0.2576
0.113912,0.2415
0.113916,0.2415
0.11392,0.2415
0.113924,0.2415
0.113928,0.2254
0.113932,0.2254
0.113936,0.2415
0.11394,0.2254
0.113944,0.2415
0.113948,0.2415
0.113952,0.2415
0.113956,0.2254
0.11396,0.2415
0.113964,0.2415
0.113968,0.2415
0.113972,0.2415
0.113976,0.2415
0.11398,0.2254
0.113984,0.2254
0.113988,0.2415
0.113992,0.2415
0.113996,0.2254
0.114,0.2415
0.114004,0.2576
0.114008,0.2254
0.114012,0.2415
0.114016,0.2415
0.11402,0.2415
0.114024,0.2415
0.114028,0.2254
0.114032,0.2576
0.114036,0.2254
0.11404,0.2415
0.114044,0.2415
0.114048,0.2254
0.114052,0.2415
0.114056,0.2415
0.11406,0.2415
0.114064,0.2254
0.114068,0.2415
0.114072,0.2415
0.114076,0.2415
0.11408,0.2415
0.114084,0.2254
0.114088,0.2576
0.114092,0.2415
0.114096,0.2415
0.1141,0.2415
0.114104,0.2254
0.114108,0.2254
0.114112,0.2415
0.114116,0.2415
0.11412,0.2415
0.114124,0.2415
0.114128,0.2415
0.114132,0.2415
0.114136,0.2415
0.11414,0.2415
0.114144,0.2254
0.114148,0.2415
0.114152,0.2254
0.114156,0.2415
0.11416,0.2415
0.114164,0.2254
0.114168,0.2415
0.114172,0.2415
0.114176,0.2415
0.11418,0.2254
0.114184,0.2254
0.114188,0.2415
0.114192,0.2254
0.114196,0.2254
0.1142,0.2415
0.114204,0.2415
0.114208,0.2415
0.114212,0.2254
0.114216,0.2415
0.11422,0.2415
0.114224,0.2415
0.114228,0.2415
0.114232,0.2254
0.114236,0.2415
0.11424,0.2415
0.114244,0.2254
0.114248,0.2415
0.114252,0.2415
0.114256,0.2254
0.11426,0.2415
0.114264,0.2254
0.114268,0.2254
0.114272,0.2254
0.114276,0.2415
0.11428,0.2254
0.114284,0.2254
0.114288,0.2415
0.114292,0.2415
0.114296,0.2254
0.1143,0.2415
0.114304,0.2415
0.114308,0.2254
0.114312,0.2415
0.114316,0.2415
0.11432,0.2254
0.114324,0.2254
0.114328,0.2254
0.114332,0.2415
0.114336,0.2415
0.11434,0.2254
0.114344,0.2415
0.114348,0.2415
0.114352,0.20929999999999999
0.114356,0.2415
0.11436,0.2254
0.114364,0.2415
0.114368,0.2415
0.114372,0.2254
0.114376,0.2415
0.11438,0.2254
0.114384,0.2254
0.114388,0.2254
0.114392,0.2254
0.114396,0.2415
0.1144,0.2254
0.114404,0.2254
0.114408,0.2254
0.114412,0.2254
0.114416,0.2254
0.11442,0.2415
0.114424,0.2415
0.114428,0.2254
0.114432,0.2415
0.114436,0.2254
0.11444,0.2254
0.114444,0.2254
0.114448,0.2415
0.114452,0.2415
0.114456,0.2254
0.11446,0.2415
0.114464,0.2415
0.114468,0.20929999999999999
0.114472,0.2254
0.114476,0.2415
0.11448,0.2254
0.114484,0.2254
0.114488,0.2254
0.114492,0.2415
0.114496,0.2415
0.1145,0.20929999999999999
0.114504,0.2254
0.114508,0.2254
0.114512,0.2254
0.114516,0.2415
0.11452,0.20929999999999999
0.114524,0.2254
0.114528,0.2415
0.114532,0.20929999999999999
0.114536,0.2254
0.11454,0.2254
0.114544,0.2254
0.114548,0.2254
0.114552,0.2254
0.114556,0.2254
0.11456,0.2254
0.114564,0.2415
0.114568,0.2254
0.114572,0.20929999999999999
0.114576,0.2254
0.11458,0.2254
0.114584,0.2254
0.114588,0.2254
0.114592,0.2254
0.114596,0.2254
0.1146,0.2415
0.114604,0.2254
0.114608,0.20929999999999999
0.114612,0.2254
0.114616,0.2254
0.11462,0.2254
0.114624,0.2254
0.114628,0.2254
0.114632,0.2254
0.114636,0.2254
0.11464,0.2254
0.114644,0.2254
0.114648,0.20929999999999999
0.114652,0.2254
0.114656,0.2415
0.11466,0.2254
0.114664,0.2415
0.114668,0.2254
0.114672,0.20929999999999999
0.114676,0.2254
0.11468,0.2254
0.114684,0.2415
0.114688,0.20929999999999999
0.114692,0.20929999999999999
0.114696,0.2254
0.1147,0.2254
0.114704,0.2254
0.114708,0.20929999999999999
0.114712,0.2254
0.114716,0.2254
0.11472,0.20929999999999999
0.114724,0.2254
0.114728,0.2254
0.114732,0.2415
0.114736,0.2254
0.11474,0.20929999999999999
0.114744,0.2254
0.114748,0.20929999999999999
0.114752,0.20929999999999999
0.114756,0.2254
0.11476,0.2415
0.114764,0.2254
0.114768,0.2254
0.114772,0.2254
0.114776,0.20929999999999999
0.11478,0.2254
0.114784,0.2254
0.114788,0.20929999999999999
0.114792,0.2254
0.114796,0.2254
0.1148,0.2254
0.114804,0.20929999999999999
0.114808,0.2254
0.114812,0.2254
0.114816,0.2254
0.11482,0.20929999999999999
0.114824,0.2254
0.114828,0.20929999999999999
0.114832,0.2254
0.114836,0.2254
0.11484,0.20929999999999999
0.114844,0.2254
0.114848,0.20929999999999999
0.114852,0.2254
0.114856,0.2254
0.11486,0.20929999999999999
0.114864,0.2254
0.114868,0.20929999999999999
0.114872,0.2254
0.114876,0.2254
0.11488,0.20929999999999999
0.114884,0.2254
0.114888,0.2254
0.114892,0.2254
0.114896,0.2254
0.1149,0.2254
0.114904,0.2254
0.114908,0.20929999999999999
0.114912,0.20929999999999999
0.114916,0.20929999999999999
0.11492,0.2254
0.114924,0.2254
0.114928,0.20929999999999999
0.114932,0.2254
0.114936,0.20929999999999999
0.11494,0.20929999999999999
0.114944,0.2254
0.114948,0.2254
0.114952,0.20929999999999999
0.114956,0.2254
0.11496,0.2254
0.114964,0.2254
0.114968,0.20929999999999999
0.114972,0.2254
0.114976,0.20929999999999999
0.11498,0.20929999999999999
0.114984,0.2254
0.114988,0.2254
0.114992,0.20929999999999999
0.114996,0.20929999999999999
0.115,0.2254
0.115004,0.2254
0.115008,0.20929999999999999
0.115012,0.2254
0.115016,0.2254
0.11502,0.20929999999999999
0.115024,0.20929999999999999
0.115028,0.2254
0.115032,0.2254
0.115036,0.20929999999999999
0.11504,0.2254
0.115044,0.20929999999999999
0.115048,0.20929999999999999
0.115052,0.2254
0.115056,0.2254
0.11506,0.20929999999999999
0.115064,0.20929999999999999
0.115068,0.2254
0.115072,0.2254
0.115076,0.20929999999999999
0.11508,0.2254
0.115084,0.20929999999999999
0.115088,0.2254
0.115092,0.2254
0.115096,0.20929999999999999
0.1151,0.2254
0.115104,0.20929999999999999
0.115108,0.2254
0.115112,0.20929999999999999
0.115116,0.20929999999999999
0.11512,0.2254
0.115124,0.20929999999999999
0.115128,0.20929999999999999
0.115132,0.20929999999999999
0.115136,0.2254
0.11514,0.20929999999999999
0.115144,0.20929999999999999
0.115148,0.20929999999999999
0.115152,0.20929999999999999
0.115156,0.2415
0.11516,0.20929999999999999
0.115164,0.2254
0.115168,0.20929999999999999
0.115172,0.2254
0.115176,0.2254
0.11518,0.19319999999999998
0.115184,0.20929999999999999
0.115188,0.20929999999999999
0.115192,0.2254
0.115196,0.2254
0.1152,0.20929999999999999
0.115204,0.20929999999999999
0.115208,0.20929999999999999
0.115212,0.2254
0.115216,0.20929999999999999
0.11522,0.20929999999999999
0.115224,0.20929999999999999
0.115228,0.2254
0.115232,0.2254
0.115236,0.20929999999999999
0.11524,0.20929999999999999
0.115244,0.2254
0.115248,0.2254
0.115252,0.2254
0.115256,0.20929999999999999
0.11526,0.20929999999999999
0.115264,0.20929999999999999
0.115268,0.2254
0.115272,0.20929999999999999
0.115276,0.19319999999999998
0.11528,0.20929999999999999
0.115284,0.20929999999999999
0.115288,0.2254
0.115292,0.20929999999999999
0.115296,0.20929999999999999
0.1153,0.20929999999999999
0.115304,0.20929999999999999
0.115308,0.20929999999999999
0.115312,0.2254
0.115316,0.2254
0.11532,0.20929999999999999
0.115324,0.2254
0.115328,0.2254
0.115332,0.20929999999999999
0.115336,0.20929999999999999
0.11534,0.20929999999999999
0.115344,0.20929999999999999
0.115348,0.2254
0.115352,0.20929999999999999
0.115356,0.20929999999999999
0.11536,0.2254
0.115364,0.20929999999999999
0.115368,0.20929999999999999
0.115372,0.2254
0.115376,0.19319999999999998
0.11538,0.2254
0.115384,0.20929999999999999
0.115388,0.20929999999999999
0.115392,0.20929999999999999
0.115396,0.20929999999999999
0.1154,0.2254
0.115404,0.20929999999999999
0.115408,0.2254
0.115412,0.19319999999999998
0.115416,0.19319999999999998
0.11542,0.19319999999999998
0.115424,0.2415
0.115428,0.19319999999999998
0.115432,0.2254
0.115436,0.20929999999999999
0.11544,0.20929999999999999
0.115444,0.2254
0.115448,0.1771
0.115452,0.2415
0.115456,0.19319999999999998
0.11546,0.20929999999999999
0.115464,0.2254
0.115468,0.20929999999999999
0.115472,0.20929999999999999
0.115476,0.20929999999999999
0.11548,0.19319999999999998
0.115484,0.2254
0.115488,0.1771
0.115492,0.20929999999999999
0.115496,0.20929999999999999
0.1155,0.19319999999999998
0.115504,0.2254
0.115508,0.19319999999999998
0.115512,0.20929999999999999
0.115516,0.20929999999999999
0.11552,0.20929999999999999
0.115524,0.20929999999999999
0.115528,0.20929999999999999
0.115532,0.20929999999999999
0.115536,0.20929999999999999
0.11554,0.20929999999999999
0.115544,0.20929999999999999
0.115548,0.20929999999999999
0.115552,0.19319999999999998
0.115556,0.20929999999999999
0.11556,0.20929999999999999
0.115564,0.20929999999999999
0.115568,0.20929999999999999
0.115572,0.20929999999999999
0.115576,0.2254
0.11558,0.19319999999999998
0.115584,0.20929999999999999
0.115588,0.19319999999999998
0.115592,0.20929999999999999
0.115596,0.20929999999999999
0.1156,0.20929999999999999
0.115604,0.19319999999999998
0.115608,0.20929999999999999
0.115612,0.19319999999999998
0.115616,0.20929999999999999
0.11562,0.20929999999999999
0.115624,0.20929999999999999
0.115628,0.2254
0.115632,0.19319999999999998
0.115636,0.20929999999999999
0.11564,0.20929999999999999
0.115644,0.19319999999999998
0.115648,0.20929999999999999
0.115652,0.19319999999999998
0.115656,0.20929999999999999
0.11566,0.20929999999999999
0.115664,0.20929999999999999
0.115668,0.20929999999999999
0.115672,0.19319999999999998
0.115676,0.20929999999999999
0.11568,0.20929999999999999
0.115684,0.20929999999999999
0.115688,0.20929999999999999
0.115692,0.20929999999999999
0.115696,0.20929999999999999
0.1157,0.20929999999999999
0.115704,0.20929999999999999
0.115708,0.20929999999999999
0.115712,0.20929999999999999
0.115716,0.20929999999999999
0.11572,0.20929999999999999
0.115724,0.19319999999999998
0.115728,0.19319999999999998
0.115732,0.20929999999999999
0.115736,0.20929999999999999
0.11574,0.20929999999999999
0.115744,0.19319999999999998
0.115748,0.20929999999999999
0.115752,0.19319999999999998
0.115756,0.20929999999999999
0.11576,0.20929999999999999
0.115764,0.20929999999999999
0.115768,0.20929999999999999
0.115772,0.20929999999999999
0.115776,0.19319999999999998
0.11578,0.20929999999999999
0.115784,0.20929999999999999
0.115788,0.19319999999999998
0.115792,0.20929999999999999
0.115796,0.20929999999999999
0.1158,0.20929999999999999
0.115804,0.19319999999999998
0.115808,0.20929999999999999
0.115812,0.20929999999999999
0.115816,0.20929999999999999
0.11582,0.20929999999999999
0.115824,0.19319999999999998
0.115828,0.19319999999999998
0.115832,0.19319999999999998
0.115836,0.20929999999999999
0.11584,0.20929999999999999
0.115844,0.19319999999999998
0.115848,0.19319999999999998
0.115852,0.19319999999999998
0.115856,0.19319999999999998
0.11586,0.19319999999999998
0.115864,0.20929999999999999
0.115868,0.19319999999999998
0.115872,0.19319999999999998
0.115876,0.20929999999999999
0.11588,0.19319999999999998
0.115884,0.20929999999999999
0.115888,0.19319999999999998
0.115892,0.19319999999999998
0.115896,0.20929999999999999
0.1159,0.19319999999999998
0.115904,0.19319999999999998
0.115908,0.20929999999999999
0.115912,0.19319999999999998
0.115916,0.19319999999999998
0.11592,0.19319999999999998
0.115924,0.19319999999999998
0.115928,0.20929999999999999
0.115932,0.20929999999999999
0.115936,0.20929999999999999
0.11594,0.19319999999999998
0.115944,0.19319999999999998
0.115948,0.20929999999999999
0.115952,0.19319999999999998
0.115956,0.20929999999999999
0.11596,0.19319999999999998
0.115964,0.20929999999999999
0.115968,0.19319999999999998
0.115972,0.19319999999999998
0.115976,0.19319999999999998
0.11598,0.19319999999999998
0.115984,0.20929999999999999
0.115988,0.19319999999999998
0.115992,0.20929999999999999
0.115996,0.19319999999999998
0.116,0.19319999999999998
0.116004,0.20929999999999999
0.116008,0.1771
0.116012,0.20929999999999999
0.116016,0.19319999999999998
0.11602,0.19319999999999998
0.116024,0.20929999999999999
0.116028,0.19319999999999998
0.116032,0.20929999999999999
0.116036,0.20929999999999999
0.11604,0.20929999999999999
0.116044,0.20929999999999999
0.116048,0.19319999999999998
0.116052,0.20929999999999999
0.116056,0.19319999999999998
0.11606,0.19319999999999998
0.116064,0.19319999999999998
0.116068,0.19319999999999998
0.116072,0.20929999999999999
0.116076,0.20929999999999999
0.11608,0.20929999999999999
0.116084,0.19319999999999998
0.116088,0.20929999999999999
0.116092,0.19319999999999998
0.116096,0.19319999999999998
0.1161,0.20929999999999999
0.116104,0.1771
0.116108,0.19319999999999998
0.116112,0.20929999999999999
0.116116,0.19319999999999998
0.11612,0.20929999999999999
0.116124,0.19319999999999998
0.116128,0.20929999999999999
0.116132,0.19319999999999998
0.116136,0.19319999999999998
0.11614,0.19319999999999998
0.116144,0.19319999999999998
0.116148,0.19319999999999998
0.116152,0.19319999999999998
0.116156,0.19319999999999998
0.11616,0.19319999999999998
0.116164,0.19319999999999998
0.116168,0.20929999999999999
0.116172,0.19319999999999998
0.116176,0.19319999999999998
0.11618,0.19319999999999998
0.116184,0.19319999999999998
0.116188,0.19319999999999998
0.116192,0.19319999999999998
0.116196,0.20929999999999999
0.1162,0.19319999999999998
0.116204,0.19319999999999998
0.116208,0.20929999999999999
0.116212,0.1771
0.116216,0.19319999999999998
0.11622,0.19319999999999998
0.116224,0.19319999999999998
0.116228,0.19319999999999998
0.116232,0.19319999999999998
0.116236,0.19319999999999998
0.11624,0.20929999999999999
0.116244,0.19319999999999998
0.116248,0.19319999999999998
0.116252,0.19319999999999998
0.116256,0.19319999999999998
0.11626,0.19319999999999998
0.116264,0.19319999999999998
0.116268,0.19319999999999998
0.116272,0.19319999999999998
0.116276,0.20929999999999999
0.11628,0.19319999999999998
0.116284,0.19319999999999998
0.116288,0.19319999999999998
0.116292,0.19319999999999998
0.116296,0.1771
0.1163,0.19319999999999998
0.116304,0.19319999999999998
0.116308,0.1771
0.116312,0.19319999999999998
0.116316,0.20929999999999999
0.11632,0.20929999999999999
0.116324,0.19319999999999998
0.116328,0.19319999999999998
0.116332,0.19319999999999998
0.116336,0.20929999999999999
0.11634,0.1771
0.116344,0.19319999999999998
0.116348,0.19319999999999998
0.116352,0.19319999999999998
0.116356,0.19319999999999998
0.11636,0.1771
0.116364,0.19319999999999998
0.116368,0.19319999999999998
0.116372,0.19319999999999998
0.116376,0.20929999999999999
0.11638,0.20929999999999999
0.116384,0.19319999999999998
0.116388,0.19319999999999998
0.116392,0.1771
0.116396,0.19319999999999998
0.1164,0.20929999999999999
0.116404,0.19319999999999998
0.116408,0.19319999999999998
0.116412,0.19319999999999998
0.116416,0.20929999999999999
0.11642,0.19319999999999998
0.116424,0.1771
0.116428,0.19319999999999998
0.116432,0.19319999999999998
0.116436,0.19319999999999998
0.11644,0.19319999999999998
0.116444,0.19319999999999998
0.116448,0.20929999999999999
0.116452,0.19319999999999998
0.116456,0.20929999999999999
0.11646,0.19319999999999998
0.116464,0.19319999999999998
0.116468,0.19319999999999998
0.116472,0.19319999999999998
0.116476,0.19319999999999998
0.11648,0.1771
0.116484,0.19319999999999998
0.116488,0.19319999999999998
0.116492,0.20929999999999999
0.116496,0.19319999999999998
0.1165,0.1771
0.116504,0.19319999999999998
0.116508,0.1771
0.116512,0.20929999999999999
0.116516,0.19319999999999998
0.11652,0.19319999999999998
0.116524,0.19319999999999998
0.116528,0.19319999999999998
0.116532,0.20929999999999999
0.116536,0.1771
0.11654,0.1771
0.116544,0.19319999999999998
0.116548,0.19319999999999998
0.116552,0.20929999999999999
0.116556,0.19319999999999998
0.11656,0.1771
0.116564,0.19319999999999998
0.116568,0.19319999999999998
0.116572,0.20929999999999999
0.116576,0.19319999999999998
0.11658,0.1771
0.116584,0.19319999999999998
0.116588,0.19319999999999998
0.116592,0.20929999999999999
0.116596,0.1771
0.1166,0.19319999999999998
0.116604,0.19319999999999998
0.116608,0.19319999999999998
0.116612,0.1771
0.116616,0.19319999999999998
0.11662,0.20929999999999999
0.116624,0.1771
0.116628,0.19319999999999998
0.116632,0.19319999999999998
0.116636,0.1771
0.11664,0.19319999999999998
0.116644,0.19319999999999998
0.116648,0.1771
0.116652,0.19319999999999998
0.116656,0.20929999999999999
0.11666,0.20929999999999999
0.116664,0.19319999999999998
0.116668,0.19319999999999998
0.116672,0.19319999999999998
0.116676,0.1771
0.11668,0.19319999999999998
0.116684,0.19319999999999998
0.116688,0.1771
0.116692,0.20929999999999999
0.116696,0.1771
0.1167,0.1771
0.116704,0.19319999999999998
0.116708,0.19319999999999998
0.116712,0.19319999999999998
0.116716,0.1771
0.11672,0.19319999999999998
0.116724,0.19319999999999998
0.116728,0.19319999999999998
0.116732,0.19319999999999998
0.116736,0.19319999999999998
0.11674,0.19319999999999998
0.116744,0.19319999999999998
0.116748,0.19319999999999998
0.116752,0.19319999999999998
0.116756,0.20929999999999999
0.11676,0.19319999999999998
0.116764,0.1771
0.116768,0.1771
0.116772,0.19319999999999998
0.116776,0.19319999999999998
0.11678,0.1771
0.116784,0.19319999999999998
0.116788,0.19319999999999998
0.116792,0.1771
0.116796,0.20929999999999999
0.1168,0.19319999999999998
0.116804,0.19319999999999998
0.116808,0.19319999999999998
0.116812,0.19319999999999998
0.116816,0.19319999999999998
0.11682,0.19319999999999998
0.116824,0.19319999999999998
0.116828,0.19319999999999998
0.116832,0.1771
0.116836,0.19319999999999998
0.11684,0.19319999999999998
0.116844,0.1771
0.116848,0.1771
0.116852,0.19319999999999998
0.116856,0.19319999999999998
0.11686,0.19319999999999998
0.116864,0.19319999999999998
0.116868,0.19319999999999998
0.116872,0.19319999999999998
0.116876,0.19319999999999998
0.11688,0.19319999999999998
0.116884,0.19319999999999998
0.116888,0.1771
0.116892,0.19319999999999998
0.116896,0.19319999999999998
0.1169,0.19319999999999998
0.116904,0.1771
0.116908,0.19319999999999998
0.116912,0.19319999999999998
0.116916,0.19319999999999998
0.11692,0.19319999999999998
0.116924,0.19319999999999998
0.116928,0.19319999999999998
0.116932,0.19319999999999998
0.116936,0.19319999999999998
0.11694,0.1771
0.116944,0.1771
0.116948,0.19319999999999998
0.116952,0.19319999999999998
0.116956,0.19319999999999998
0.11696,0.19319999999999998
0.116964,0.19319999999999998
0.116968,0.19319999999999998
0.116972,0.19319999999999998
0.116976,0.19319999999999998
0.11698,0.19319999999999998
0.116984,0.19319999999999998
0.116988,0.19319999999999998
0.116992,0.19319999999999998
0.116996,0.19319999999999998
0.117,0.1771
0.117004,0.19319999999999998
0.117008,0.19319999999999998
0.117012,0.19319999999999998
0.117016,0.19319999999999998
0.11702,0.1771
0.117024,0.19319999999999998
0.117028,0.19319999999999998
0.117032,0.1771
0.117036,0.19319999999999998
0.11704,0.1771
0.117044,0.19319999999999998
0.117048,0.19319999999999998
0.117052,0.19319999999999998
0.117056,0.19319999999999998
0.11706,0.1771
0.117064,0.19319999999999998
0.117068,0.19319999999999998
0.117072,0.19319999999999998
0.117076,0.19319999999999998
0.11708,0.19319999999999998
0.117084,0.19319999999999998
0.117088,0.19319999999999998
0.117092,0.1771
0.117096,0.19319999999999998
0.1171,0.19319999999999998
0.117104,0.19319999999999998
0.117108,0.1771
0.117112,0.1771
0.117116,0.19319999999999998
0.11712,0.19319999999999998
0.117124,0.1771
0.117128,0.19319999999999998
0.117132,0.20929999999999999
0.117136,0.1771
0.11714,0.1771
0.117144,0.19319999999999998
0.117148,0.1771
0.117152,0.19319999999999998
0.117156,0.19319999999999998
0.11716,0.19319999999999998
0.117164,0.1771
0.117168,0.19319999999999998
0.117172,0.1771
0.117176,0.1771
0.11718,0.1771
0.117184,0.19319999999999998
0.117188,0.1771
0.117192,0.19319999999999998
0.117196,0.1771
0.1172,0.1771
0.117204,0.19319999999999998
0.117208,0.19319999999999998
0.117212,0.19319999999999998
0.117216,0.19319999999999998
0.11722,0.19319999999999998
0.117224,0.19319999999999998
0.117228,0.19319999999999998
0.117232,0.19319999999999998
0.117236,0.19319999999999998
0.11724,0.19319999999999998
0.117244,0.19319999999999998
0.117248,0.1771
0.117252,0.1771
0.117256,0.19319999999999998
0.11726,0.1771
0.117264,0.19319999999999998
0.117268,0.19319999999999998
0.117272,0.19319999999999998
0.117276,0.1771
0.11728,0.19319999999999998
0.117284,0.1771
0.117288,0.19319999999999998
0.117292,0.19319999999999998
0.117296,0.1771
0.1173,0.1771
0.117304,0.1771
0.117308,0.1771
0.117312,0.1771
0.117316,0.1771
0.11732,0.1771
0.117324,0.1771
0.117328,0.19319999999999998
0.117332,0.1771
0.117336,0.1771
0.11734,0.19319999999999998
0.117344,0.19319999999999998
0.117348,0.1771
0.117352,0.1771
0.117356,0.19319999999999998
0.11736,0.19319999999999998
0.117364,0.1771
0.117368,0.1771
0.117372,0.1771
0.117376,0.161
0.11738,0.20929999999999999
0.117384,0.1771
0.117388,0.1771
0.117392,0.19319999999999998
0.117396,0.1771
0.1174,0.19319999999999998
0.117404,0.1771
0.117408,0.19319999999999998
0.117412,0.1771
0.117416,0.1771
0.11742,0.19319999999999998
0.117424,0.1771
0.117428,0.19319999999999998
0.117432,0.19319999999999998
0.117436,0.1771
0.11744,0.19319999999999998
0.117444,0.19319999999999998
0.117448,0.1771
0.117452,0.1771
0.117456,0.1771
0.11746,0.1771
0.117464,0.1771
0.117468,0.1771
0.117472,0.1771
0.117476,0.1771
0.11748,0.1771
0.117484,0.1771
0.117488,0.19319999999999998
0.117492,0.19319999999999998
0.117496,0.19319999999999998
0.1175,0.1771
0.117504,0.19319999999999998
0.117508,0.1771
0.117512,0.19319999999999998
0.117516,0.19319999999999998
0.11752,0.1771
0.117524,0.19319999999999998
0.117528,0.1771
0.117532,0.19319999999999998
0.117536,0.1771
0.11754,0.1771
0.117544,0.19319999999999998
0.117548,0.19319999999999998
0.117552,0.1771
0.117556,0.1771
0.11756,0.19319999999999998
0.117564,0.1771
0.117568,0.19319999999999998
0.117572,0.1771
0.117576,0.1771
0.11758,0.1771
0.117584,0.1771
0.117588,0.19319999999999998
0.117592,0.1771
0.117596,0.19319999999999998
0.1176,0.19319999999999998
0.117604,0.19319999999999998
0.117608,0.19319999999999998
0.117612,0.1771
0.117616,0.19319999999999998
0.11762,0.1771
0.117624,0.1771
0.117628,0.19319999999999998
0.117632,0.161
0.117636,0.1771
0.11764,0.1771
0.117644,0.1771
0.117648,0.19319999999999998
0.117652,0.19319999999999998
0.117656,0.1771
0.11766,0.1771
0.117664,0.1771
0.117668,0.1771
0.117672,0.1771
0.117676,0.1771
0.11768,0.1771
0.117684,0.1771
0.117688,0.1771
0.117692,0.19319999999999998
0.117696,0.1771
0.1177,0.1771
0.117704,0.19319999999999998
0.117708,0.1771
0.117712,0.1771
0.117716,0.1771
0.11772,0.1771
0.117724,0.19319999999999998
0.117728,0.19319999999999998
0.117732,0.1771
0.117736,0.19319999999999998
0.11774,0.1771
0.117744,0.19319999999999998
0.117748,0.19319999999999998
0.117752,0.1771
0.117756,0.19319999999999998
0.11776,0.1771
0.117764,0.19319999999999998
0.117768,0.19319999999999998
0.117772,0.161
0.117776,0.1771
0.11778,0.1771
0.117784,0.1771
0.117788,0.1771
0.117792,0.1771
0.117796,0.1771
0.1178,0.1771
0.117804,0.1771
0.117808,0.1771
0.117812,0.1771
0.117816,0.1771
0.11782,0.1771
0.117824,0.1771
0.117828,0.1771
0.117832,0.19319999999999998
0.117836,0.1771
0.11784,0.1771
0.117844,0.1771
0.117848,0.1771
0.117852,0.19319999999999998
0.117856,0.1771
0.11786,0.19319999999999998
0.117864,0.19319999999999998
0.117868,0.1771
0.117872,0.1771
0.117876,0.1771
0.11788,0.1771
0.117884,0.19319999999999998
0.117888,0.1771
0.117892,0.1771
0.117896,0.1771
0.1179,0.1771
0.117904,0.1771
0.117908,0.1771
0.117912,0.1771
0.117916,0.19319999999999998
0.11792,0.1771
0.117924,0.1771
0.117928,0.19319999999999998
0.117932,0.19319999999999998
0.117936,0.1771
0.11794,0.19319999999999998
0.117944,0.1771
0.117948,0.1771
0.117952,0.1771
0.117956,0.19319999999999998
0.11796,0.1771
0.117964,0.161
0.117968,0.1771
0.117972,0.1771
0.117976,0.19319999999999998
0.11798,0.19319999999999998
0.117984,0.1771
0.117988,0.1771
0.117992,0.1771
0.117996,0.19319999999999998
0.118,0.1771
0.118004,0.1771
0.118008,0.1771
0.118012,0.1771
0.118016,0.19319999999999998
0.11802,0.161
0.118024,0.1771
0.118028,0.1771
0.118032,0.1771
0.118036,0.1771
0.11804,0.19319999999999998
0.118044,0.1771
0.118048,0.1771
0.118052,0.1771
0.118056,0.19319999999999998
0.11806,0.19319999999999998
0.118064,0.161
0.118068,0.1771
0.118072,0.1771
0.118076,0.1771
0.11808,0.1771
0.118084,0.1771
0.118088,0.1771
0.118092,0.1771
0.118096,0.1771
0.1181,0.1771
0.118104,0.1771
0.118108,0.161
0.118112,0.161
0.118116,0.19319999999999998
0.11812,0.1771
0.118124,0.1771
0.118128,0.161
0.118132,0.20929999999999999
0.118136,0.161
0.11814,0.1771
0.118144,0.1771
0.118148,0.1771
0.118152,0.20929999999999999
0.118156,0.1771
0.11816,0.19319999999999998
0.118164,0.1771
0.118168,0.1771
0.118172,0.1771
0.118176,0.1771
0.11818,0.1771
0.118184,0.161
0.118188,0.19319999999999998
0.118192,0.1771
0.118196,0.1771
0.1182,0.1771
0.118204,0.19319999999999998
0.118208,0.1771
0.118212,0.1771
0.118216,0.1771
0.11822,0.161
0.118224,0.1771
0.118228,0.19319999999999998
0.118232,0.1771
0.118236,0.1771
0.11824,0.1771
0.118244,0.1771
0.118248,0.1771
0.118252,0.1771
0.118256,0.1771
0.11826,0.1771
0.118264,0.1771
0.118268,0.1771
0.118272,0.1771
0.118276,0.1771
0.11828,0.1771
0.118284,0.1771
0.118288,0.1771
0.118292,0.1771
0.118296,0.1771
0.1183,0.1771
0.118304,0.1771
0.118308,0.1771
0.118312,0.1771
0.118316,0.161
0.11832,0.1771
0.118324,0.1771
0.118328,0.1771
0.118332,0.1771
0.118336,0.1771
0.11834,0.1771
0.118344,0.1771
0.118348,0.1771
0.118352,0.1771
0.118356,0.1771
0.11836,0.1771
0.118364,0.19319999999999998
0.118368,0.1771
0.118372,0.1771
0.118376,0.161
0.11838,0.19319999999999998
0.118384,0.1771
0.118388,0.1771
0.118392,0.1771
0.118396,0.1771
0.1184,0.1771
0.118404,0.19319999999999998
0.118408,0.1771
0.118412,0.1771
0.118416,0.1771
0.11842,0.1771
0.118424,0.161
0.118428,0.1771
0.118432,0.1771
0.118436,0.1771
0.11844,0.19319999999999998
0.118444,0.161
0.118448,0.1771
0.118452,0.1771
0.118456,0.161
0.11846,0.19319999999999998
0.118464,0.1771
0.118468,0.1771
0.118472,0.1771
0.118476,0.161
0.11848,0.19319999999999998
0.118484,0.161
0.118488,0.161
0.118492,0.161
0.118496,0.1771
0.1185,0.1771
0.118504,0.161
0.118508,0.1771
0.118512,0.1771
0.118516,0.1771
0.11852,0.19319999999999998
0.118524,0.1771
0.118528,0.1771
0.118532,0.1771
0.118536,0.161
0.11854,0.1771
0.118544,0.161
0.118548,0.1771
0.118552,0.1771
0.118556,0.161
0.11856,0.1771
0.118564,0.1771
0.118568,0.161
0.118572,0.161
0.118576,0.1771
0.11858,0.1771
0.118584,0.1771
0.118588,0.1771
0.118592,0.161
0.118596,0.161
0.1186,0.1771
0.118604,0.161
0.118608,0.1771
0.118612,0.1771
0.118616,0.1771
0.11862,0.161
0.118624,0.1771
0.118628,0.1771
0.118632,0.1771
0.118636,0.161
0.11864,0.19319999999999998
0.118644,0.161
0.118648,0.1771
0.118652,0.1771
0.118656,0.1771
0.11866,0.1771
0.118664,0.161
0.118668,0.161
0.118672,0.161
0.118676,0.1771
0.11868,0.1771
0.118684,0.19319999999999998
0.118688,0.161
0.118692,0.1771
0.118696,0.1771
0.1187,0.161
0.118704,0.161
0.118708,0.19319999999999998
0.118712,0.161
0.118716,0.1771
0.11872,0.1771
0.118724,0.1771
0.118728,0.1771
0.118732,0.1771
0.118736,0.1771
0.11874,0.161
0.118744,0.1771
0.118748,0.1771
0.118752,0.1771
0.118756,0.161
0.11876,0.161
0.118764,0.161
0.118768,0.161
0.118772,0.161
0.118776,0.161
0.11878,0.1771
0.118784,0.1771
0.118788,0.161
0.118792,0.1771
0.118796,0.161
0.1188,0.161
0.118804,0.19319999999999998
0.118808,0.161
0.118812,0.161
0.118816,0.161
0.11882,0.161
0.118824,0.1771
0.118828,0.161
0.118832,0.1771
0.118836,0.161
0.11884,0.1771
0.118844,0.161
0.118848,0.1771
0.118852,0.161
0.118856,0.161
0.11886,0.161
0.118864,0.1771
0.118868,0.1771
0.118872,0.161
0.118876,0.161
0.11888,0.161
0.118884,0.161
0.118888,0.1771
0.118892,0.161
0.118896,0.1771
0.1189,0.1771
0.118904,0.161
0.118908,0.161
0.118912,0.161
0.118916,0.1771
0.11892,0.1771
0.118924,0.161
0.118928,0.1771
0.118932,0.161
0.118936,0.1771
0.11894,0.1771
0.118944,0.161
0.118948,0.161
0.118952,0.161
0.118956,0.1449
0.11896,0.1771
0.118964,0.1771
0.118968,0.161
0.118972,0.1449
0.118976,0.1771
0.11898,0.1771
0.118984,0.161
0.118988,0.1771
0.118992,0.1771
0.118996,0.161
0.119,0.1771
0.119004,0.1771
0.119008,0.1449
0.119012,0.1771
0.119016,0.1771
0.11902,0.161
0.119024,0.161
0.119028,0.1771
0.119032,0.161
0.119036,0.161
0.11904,0.1771
0.119044,0.161
0.119048,0.161
0.119052,0.161
0.119056,0.161
0.11906,0.1771
0.119064,0.161
0.119068,0.161
0.119072,0.161
0.119076,0.1771
0.11908,0.161
0.119084,0.161
0.119088,0.1771
0.119092,0.161
0.119096,0.161
0.1191,0.161
0.119104,0.1771
0.119108,0.161
0.119112,0.161
0.119116,0.1771
0.11912,0.161
0.119124,0.161
0.119128,0.1771
0.119132,0.161
0.119136,0.1771
0.11914,0.1449
0.119144,0.161
0.119148,0.161
0.119152,0.1771
0.119156,0.161
0.11916,0.161
0.119164,0.1771
0.119168,0.161
0.119172,0.161
0.119176,0.161
0.11918,0.161
0.119184,0.161
0.119188,0.161
0.119192,0.161
0.119196,0.161
0.1192,0.161
0.119204,0.161
0.119208,0.161
0.119212,0.1771
0.119216,0.161
0.11922,0.1771
0.119224,0.1771
0.119228,0.161
0.119232,0.161
0.119236,0.161
0.11924,0.1771
0.119244,0.1449
0.119248,0.161
0.119252,0.161
0.119256,0.161
0.11926,0.161
0.119264,0.161
0.119268,0.161
0.119272,0.161
0.119276,0.161
0.11928,0.161
0.119284,0.161
0.119288,0.1771
0.119292,0.161
0.119296,0.161
0.1193,0.161
0.119304,0.161
0.119308,0.1771
0.119312,0.161
0.119316,0.1771
0.11932,0.161
0.119324,0.161
0.119328,0.161
0.119332,0.161
0.119336,0.161
0.11934,0.161
0.119344,0.1771
0.119348,0.161
0.119352,0.1449
0.119356,0.1771
0.11936,0.161
0.119364,0.1771
0.119368,0.161
0.119372,0.161
0.119376,0.161
0.11938,0.1449
0.119384,0.1771
0.119388,0.161
0.119392,0.161
0.119396,0.161
0.1194,0.161
0.119404,0.161
0.119408,0.161
0.119412,0.161
0.119416,0.161
0.11942,0.161
0.119424,0.161
0.119428,0.1449
0.119432,0.161
0.119436,0.161
0.11944,0.161
0.119444,0.1449
0.119448,0.1771
0.119452,0.161
0.119456,0.161
0.11946,0.161
0.119464,0.161
0.119468,0.161
0.119472,0.161
0.119476,0.161
0.11948,0.161
0.119484,0.161
0.119488,0.1771
0.119492,0.1449
0.119496,0.1449
0.1195,0.161
0.119504,0.161
0.119508,0.1449
0.119512,0.161
0.119516,0.161
0.11952,0.1449
0.119524,0.1771
0.119528,0.161
0.119532,0.161
0.119536,0.161
0.11954,0.161
0.119544,0.161
0.119548,0.1449
0.119552,0.161
0.119556,0.1771
0.11956,0.1449
0.119564,0.161
0.119568,0.161
0.119572,0.1449
0.119576,0.1771
0.11958,0.1449
0.119584,0.161
0.119588,0.161
0.119592,0.161
0.119596,0.161
0.1196,0.1449
0.119604,0.161
0.119608,0.161
0.119612,0.161
0.119616,0.161
0.11962,0.161
0.119624,0.161
0.119628,0.161
0.119632,0.161
0.119636,0.161
0.11964,0.161
0.119644,0.1449
0.119648,0.1449
0.119652,0.161
0.119656,0.161
0.11966,0.161
0.119664,0.1771
0.119668,0.1449
0.119672,0.161
0.119676,0.1449
0.11968,0.161
0.119684,0.161
0.119688,0.1449
0.119692,0.161
0.119696,0.161
0.1197,0.161
0.119704,0.161
0.119708,0.1449
0.119712,0.1449
0.119716,0.161
0.11972,0.161
0.119724,0.161
0.119728,0.1449
0.119732,0.161
0.119736,0.1449
0.11974,0.161
0.119744,0.1449
0.119748,0.1449
0.119752,0.1449
0.119756,0.161
0.11976,0.161
0.119764,0.1449
0.119768,0.161
0.119772,0.161
0.119776,0.1449
0.11978,0.161
0.119784,0.161
0.119788,0.1449
0.119792,0.161
0.119796,0.161
0.1198,0.161
0.119804,0.161
0.119808,0.1449
0.119812,0.161
0.119816,0.161
0.11982,0.161
0.119824,0.1449
0.119828,0.161
0.119832,0.1449
0.119836,0.161
0.11984,0.161
0.119844,0.1449
0.119848,0.1449
0.119852,0.161
0.119856,0.1449
0.11986,0.161
0.119864,0.161
0.119868,0.161
0.119872,0.1449
0.119876,0.1449
0.11988,0.1449
0.119884,0.1449
0.119888,0.161
0.119892,0.161
0.119896,0.1771
0.1199,0.1449
0.119904,0.161
0.119908,0.161
0.119912,0.161
0.119916,0.1449
0.11992,0.1771
0.119924,0.1449
0.119928,0.1449
0.119932,0.1449
0.119936,0.161
0.11994,0.1449
0.119944,0.1449
0.119948,0.1771
0.119952,0.1449
0.119956,0.1449
0.11996,0.161
0.119964,0.1449
0.119968,0.161
0.119972,0.1449
0.119976,0.1449
0.11998,0.161
0.119984,0.161
0.119988,0.1449
0.119992,0.1449
0.119996,0.161
0.12,0.161
0.120004,0.1449
0.120008,0.1449
0.120012,0.161
0.120016,0.161
0.12002,0.1449
0.120024,0.1449
0.120028,0.161
0.120032,0.161
0.120036,0.161
0.12004,0.1449
0.120044,0.1449
0.120048,0.161
0.120052,0.161
0.120056,0.1449
0.12006,0.1449
0.120064,0.161
0.120068,0.1449
0.120072,0.1449
0.120076,0.161
0.12008,0.1449
0.120084,0.1449
0.120088,0.161
0.120092,0.1449
0.120096,0.161
0.1201,0.1449
0.120104,0.161
0.120108,0.161
0.120112,0.1449
0.120116,0.161
0.12012,0.1449
0.120124,0.1449
0.120128,0.161
0.120132,0.161
0.120136,0.1449
0.12014,0.1449
0.120144,0.1288
0.120148,0.161
0.120152,0.161
0.120156,0.161
0.12016,0.1449
0.120164,0.1449
0.120168,0.1449
0.120172,0.161
0.120176,0.161
0.12018,0.1449
0.120184,0.161
0.120188,0.1449
0.120192,0.161
0.120196,0.161
0.1202,0.1449
0.120204,0.1449
0.120208,0.1449
0.120212,0.161
0.120216,0.1449
0.12022,0.1449
0.120224,0.161
0.120228,0.1449
0.120232,0.161
0.120236,0.1449
0.12024,0.1449
0.120244,0.1449
0.120248,0.161
0.120252,0.161
0.120256,0.1449
0.12026,0.161
0.120264,0.1449
0.120268,0.1771
0.120272,0.161
0.120276,0.1449
0.12028,0.1449
0.120284,0.1449
0.120288,0.1449
0.120292,0.161
0.120296,0.1449
0.1203,0.161
0.120304,0.161
0.120308,0.161
0.120312,0.1449
0.120316,0.1449
0.12032,0.161
0.120324,0.161
0.120328,0.1288
0.120332,0.1449
0.120336,0.1449
0.12034,0.1449
0.120344,0.1288
0.120348,0.161
0.120352,0.1449
0.120356,0.161
0.12036,0.1449
0.120364,0.1449
0.120368,0.1449
0.120372,0.161
0.120376,0.161
0.12038,0.1288
0.120384,0.1449
0.120388,0.161
0.120392,0.1449
0.120396,0.1449
0.1204,0.1449
0.120404,0.1449
0.120408,0.1449
0.120412,0.1449
0.120416,0.1449
0.12042,0.1449
0.120424,0.1449
0.120428,0.1449
0.120432,0.1288
0.120436,0.1449
0.12044,0.1449
0.120444,0.1449
0.120448,0.161
0.120452,0.1288
0.120456,0.1449
0.12046,0.1449
0.120464,0.1449
0.120468,0.1449
0.120472,0.1288
0.120476,0.1449
0.12048,0.161
0.120484,0.1288
0.120488,0.1449
0.120492,0.161
0.120496,0.1449
0.1205,0.1449
0.120504,0.1449
0.120508,0.1288
0.120512,0.1449
0.120516,0.1449
0.12052,0.1449
0.120524,0.161
0.120528,0.1288
0.120532,0.161
0.120536,0.1449
0.12054,0.1449
0.120544,0.161
0.120548,0.1449
0.120552,0.1288
0.120556,0.1449
0.12056,0.1449
0.120564,0.161
0.120568,0.1288
0.120572,0.1449
0.120576,0.161
0.12058,0.1449
0.120584,0.1449
0.120588,0.1449
0.120592,0.1449
0.120596,0.1449
0.1206,0.1449
0.120604,0.1449
0.120608,0.1449
0.120612,0.1449
0.120616,0.161
0.12062,0.1288
0.120624,0.1288
0.120628,0.1449
0.120632,0.1449
0.120636,0.1449
0.12064,0.161
0.120644,0.1449
0.120648,0.1449
0.120652,0.161
0.120656,0.1449
0.12066,0.1449
0.120664,0.1449
0.120668,0.1449
0.120672,0.1449
0.120676,0.1449
0.12068,0.1449
0.120684,0.1449
0.120688,0.1449
0.120692,0.161
0.120696,0.1449
0.1207,0.1449
0.120704,0.1449
0.120708,0.1449
0.120712,0.1449
0.120716,0.1449
0.12072,0.1449
0.120724,0.1449
0.120728,0.1449
0.120732,0.1449
0.120736,0.1449
0.12074,0.1449
0.120744,0.1449
0.120748,0.1449
0.120752,0.161
0.120756,0.1449
0.12076,0.1449
0.120764,0.1449
0.120768,0.1449
0.120772,0.161
0.120776,0.1449
0.12078,0.1449
0.120784,0.1449
0.120788,0.1449
0.120792,0.1449
0.120796,0.1449
0.1208,0.1449
0.120804,0.1449
0.120808,0.1449
0.120812,0.1449
0.120816,0.1449
0.12082,0.1288
0.120824,0.1288
0.120828,0.1449
0.120832,0.1449
0.120836,0.1449
0.12084,0.1449
0.120844,0.1449
0.120848,0.1449
0.120852,0.1449
0.120856,0.1449
0.12086,0.1288
0.120864,0.1449
0.120868,0.1449
0.120872,0.1449
0.120876,0.1449
0.12088,0.1288
0.120884,0.1449
0.120888,0.1449
0.120892,0.1449
0.120896,0.1449
0.1209,0.1449
0.120904,0.1288
0.120908,0.1449
0.120912,0.1449
0.120916,0.1288
0.12092,0.1449
0.120924,0.1449
0.120928,0.1449
0.120932,0.1288
0.120936,0.1449
0.12094,0.1449
0.120944,0.1449
0.120948,0.1449
0.120952,0.1449
0.120956,0.1288
0.12096,0.1449
0.120964,0.1449
0.120968,0.1449
0.120972,0.1449
0.120976,0.1288
0.12098,0.1449
0.120984,0.1449
0.120988,0.1449
0.120992,0.1449
0.120996,0.1449
0.121,0.1288
0.121004,0.1449
0.121008,0.1449
0.121012,0.1449
0.121016,0.1449
0.12102,0.1288
0.121024,0.1449
0.121028,0.1449
0.121032,0.1449
0.121036,0.1449
0.12104,0.1449
0.121044,0.1449
0.121048,0.1449
0.121052,0.1288
0.121056,0.1449
0.12106,0.1449
0.121064,0.1449
0.121068,0.1449
0.121072,0.1449
0.121076,0.1288
0.12108,0.1449
0.121084,0.1449
0.121088,0.1449
0.121092,0.1288
0.121096,0.1449
0.1211,0.1449
0.121104,0.1449
0.121108,0.1288
0.121112,0.1288
0.121116,0.1449
0.12112,0.1449
0.121124,0.1449
0.121128,0.1449
0.121132,0.1288
0.121136,0.1449
0.12114,0.1288
0.121144,0.1449
0.121148,0.1449
0.121152,0.1449
0.121156,0.1288
0.12116,0.1449
0.121164,0.1449
0.121168,0.1449
0.121172,0.1449
0.121176,0.1288
0.12118,0.1449
0.121184,0.1449
0.121188,0.1288
0.121192,0.1449
0.121196,0.1288
0.1212,0.1449
0.121204,0.1449
0.121208,0.161
0.121212,0.1449
0.121216,0.1288
0.12122,0.1288
0.121224,0.1288
0.121228,0.161
0.121232,0.1127
0.121236,0.1449
0.12124,0.1449
0.121244,0.1288
0.121248,0.161
0.121252,0.1127
0.121256,0.161
0.12126,0.1288
0.121264,0.1288
0.121268,0.1288
0.121272,0.1288
0.121276,0.1449
0.12128,0.1288
0.121284,0.1288
0.121288,0.1771
0.121292,0.1127
0.121296,0.161
0.1213,0.1449
0.121304,0.1288
0.121308,0.161
0.121312,0.1288
0.121316,0.1288
0.12132,0.161
0.121324,0.1288
0.121328,0.161
0.121332,0.1127
0.121336,0.1449
0.12134,0.1449
0.121344,0.1288
0.121348,0.161
0.121352,0.1449
0.121356,0.1449
0.12136,0.1449
0.121364,0.1449
0.121368,0.1449
0.121372,0.1288
0.121376,0.1449
0.12138,0.1449
0.121384,0.1449
0.121388,0.1449
0.121392,0.1288
0.121396,0.1449
0.1214,0.1449
0.121404,0.1449
0.121408,0.1449
0.121412,0.1449
0.121416,0.1449
0.12142,0.1449
0.121424,0.1288
0.121428,0.1449
0.121432,0.1288
0.121436,0.1449
0.12144,0.1449
0.121444,0.1449
0.121448,0.1449
0.121452,0.1288
0.121456,0.1288
0.12146,0.1449
0.121464,0.1449
0.121468,0.1288
0.121472,0.1449
0.121476,0.1288
0.12148,0.1288
0.121484,0.1449
0.121488,0.1449
0.121492,0.1288
0.121496,0.1449
0.1215,0.1449
0.121504,0.1449
0.121508,0.1288
0.121512,0.1288
0.121516,0.1449
0.12152,0.1449
0.121524,0.1449
0.121528,0.1449
0.121532,0.1449
0.121536,0.1449
0.12154,0.1449
0.121544,0.1449
0.121548,0.1288
0.121552,0.1288
0.121556,0.1449
0.12156,0.1449
0.121564,0.1449
0.121568,0.1449
0.121572,0.1288
0.121576,0.1449
0.12158,0.1449
0.121584,0.1449
0.121588,0.1449
0.121592,0.1288
0.121596,0.1288
0.1216,0.1449
0.121604,0.1288
0.121608,0.1288
0.121612,0.1288
0.121616,0.1288
0.12162,0.1449
0.121624,0.1449
0.121628,0.1449
0.121632,0.1288
0.121636,0.1288
0.12164,0.1449
0.121644,0.1288
0.121648,0.1449
0.121652,0.1288
0.121656,0.1449
0.12166,0.1449
0.121664,0.1449
0.121668,0.1288
0.121672,0.1449
0.121676,0.1288
0.12168,0.1288
0.121684,0.1288
0.121688,0.1288
0.121692,0.1288
0.121696,0.1288
0.1217,0.1449
0.121704,0.1449
0.121708,0.1288
0.121712,0.1288
0.121716,0.1288
0.12172,0.1127
0.121724,0.1449
0.121728,0.1288
0.121732,0.1449
0.121736,0.1449
0.12174,0.1288
0.121744,0.1288
0.121748,0.1288
0.121752,0.1288
0.121756,0.1449
0.12176,0.1288
0.121764,0.1449
0.121768,0.1288
0.121772,0.1288
0.121776,0.1288
0.12178,0.1449
0.121784,0.1288
0.121788,0.1288
0.121792,0.1449
0.121796,0.1288
0.1218,0.1288
0.121804,0.1288
0.121808,0.1288
0.121812,0.1288
0.121816,0.1288
0.12182,0.1288
0.121824,0.1449
0.121828,0.1449
0.121832,0.1288
0.121836,0.1288
0.12184,0.1288
0.121844,0.1288
0.121848,0.1127
0.121852,0.1449
0.121856,0.1449
0.12186,0.1127
0.121864,0.1288
0.121868,0.1288
0.121872,0.1288
0.121876,0.1288
0.12188,0.1288
0.121884,0.1288
0.121888,0.1288
0.121892,0.1288
0.121896,0.1449
0.1219,0.1288
0.121904,0.1288
0.121908,0.1288
0.121912,0.1288
0.121916,0.1288
0.12192,0.1288
0.121924,0.1288
0.121928,0.1449
0.121932,0.1449
0.121936,0.1127
0.12194,0.1449
0.121944,0.1288
0.121948,0.1288
0.121952,0.1449
0.121956,0.1127
0.12196,0.1288
0.121964,0.1288
0.121968,0.1127
0.121972,0.1449
0.121976,0.1288
0.12198,0.1288
0.121984,0.1288
0.121988,0.1288
0.121992,0.1288
0.121996,0.1288
0.122,0.1288
0.122004,0.1288
0.122008,0.1288
0.122012,0.1288
0.122016,0.1127
0.12202,0.1449
0.122024,0.1288
0.122028,0.1288
0.122032,0.1288
0.122036,0.1288
0.12204,0.1288
0.122044,0.1288
0.122048,0.1288
0.122052,0.1127
0.122056,0.1288
0.12206,0.1288
0.122064,0.1288
0.122068,0.1449
0.122072,0.1288
0.122076,0.1288
0.12208,0.1288
0.122084,0.1288
0.122088,0.1449
0.122092,0.1127
0.122096,0.1449
0.1221,0.1288
0.122104,0.1288
0.122108,0.1288
0.122112,0.1127
0.122116,0.1449
0.12212,0.1127
0.122124,0.1288
0.122128,0.1288
0.122132,0.1288
0.122136,0.1288
0.12214,0.1288
0.122144,0.1288
0.122148,0.1288
0.122152,0.1449
0.122156,0.1288
0.12216,0.1127
0.122164,0.1449
0.122168,0.1288
0.122172,0.1449
0.122176,0.1127
0.12218,0.1449
0.122184,0.1288
0.122188,0.1288
0.122192,0.1288
0.122196,0.1127
0.1222,0.1449
0.122204,0.1288
0.122208,0.1127
0.122212,0.1288
0.122216,0.1449
0.12222,0.1449
0.122224,0.1127
0.122228,0.1288
0.122232,0.1288
0.122236,0.1288
0.12224,0.1288
0.122244,0.1127
0.122248,0.1127
0.122252,0.1288
0.122256,0.1449
0.12226,0.1288
0.122264,0.1288
0.122268,0.1449
0.122272,0.1288
0.122276,0.1288
0.12228,0.1449
0.122284,0.1288
0.122288,0.1288
0.122292,0.1127
0.122296,0.1288
0.1223,0.1288
0.122304,0.1288
0.122308,0.1288
0.122312,0.1288
0.122316,0.1288
0.12232,0.1449
0.122324,0.1288
0.122328,0.1288
0.122332,0.1449
0.122336,0.1127
0.12234,0.1288
0.122344,0.1449
0.122348,0.1288
0.122352,0.1288
0.122356,0.1288
0.12236,0.1288
0.122364,0.1288
0.122368,0.1288
0.122372,0.1288
0.122376,0.1288
0.12238,0.1127
0.122384,0.1288
0.122388,0.1288
0.122392,0.1449
0.122396,0.1288
0.1224,0.1288
0.122404,0.1449
0.122408,0.1288
0.122412,0.1288
0.122416,0.1288
0.12242,0.1288
0.122424,0.1288
0.122428,0.1288
0.122432,0.1449
0.122436,0.1288
0.12244,0.1288
0.122444,0.1288
0.122448,0.1449
0.122452,0.1449
0.122456,0.1288
0.12246,0.1288
0.122464,0.1288
0.122468,0.1288
0.122472,0.1449
0.122476,0.1288
0.12248,0.1288
0.122484,0.1288
0.122488,0.1288
0.122492,0.1288
0.122496,0.1288
0.1225,0.1288
0.122504,0.1288
0.122508,0.1127
0.122512,0.1449
0.122516,0.1288
0.12252,0.1449
0.122524,0.1449
0.122528,0.1288
0.122532,0.1288
0.122536,0.1288
0.12254,0.1288
0.122544,0.1288
0.122548,0.1288
0.122552,0.1288
0.122556,0.1449
0.12256,0.1288
0.122564,0.1288
0.122568,0.1288
0.122572,0.1288
0.122576,0.1288
0.12258,0.1449
0.122584,0.1288
0.122588,0.1449
0.122592,0.1288
0.122596,0.1288
0.1226,0.1449
0.122604,0.1288
0.122608,0.1288
0.122612,0.1288
0.122616,0.1449
0.12262,0.1288
0.122624,0.1288
0.122628,0.1449
0.122632,0.1288
0.122636,0.1288
0.12264,0.1449
0.122644,0.1288
0.122648,0.1288
0.122652,0.1449
0.122656,0.1288
0.12266,0.1449
0.122664,0.1127
0.122668,0.1449
0.122672,0.1288
0.122676,0.1127
0.12268,0.1449
0.122684,0.1288
0.122688,0.1288
0.122692,0.1288
0.122696,0.1288
0.1227,0.1288
0.122704,0.1288
0.122708,0.1449
0.122712,0.1288
0.122716,0.1288
0.12272,0.1288
0.122724,0.1288
0.122728,0.1288
0.122732,0.1449
0.122736,0.1288
0.12274,0.1288
0.122744,0.1288
0.122748,0.1288
0.122752,0.1288
0.122756,0.1288
0.12276,0.1288
0.122764,0.1288
0.122768,0.1127
0.122772,0.1288
0.122776,0.1288
0.12278,0.1288
0.122784,0.1288
0.122788,0.1288
0.122792,0.1288
0.122796,0.1288
0.1228,0.1288
0.122804,0.1449
0.122808,0.1288
0.122812,0.1288
0.122816,0.1288
0.12282,0.1288
0.122824,0.1288
0.122828,0.1288
0.122832,0.1288
0.122836,0.1288
0.12284,0.1127
0.122844,0.1288
0.122848,0.1288
0.122852,0.1288
0.122856,0.1288
0.12286,0.1288
0.122864,0.1288
0.122868,0.1288
0.122872,0.1288
0.122876,0.1449
0.12288,0.1288
0.122884,0.1288
0.122888,0.1288
0.122892,0.1127
0.122896,0.1449
0.1229,0.1127
0.122904,0.1449
0.122908,0.1127
0.122912,0.1288
0.122916,0.1288
0.12292,0.1127
0.122924,0.1288
0.122928,0.1288
0.122932,0.1127
0.122936,0.1288
0.12294,0.1127
0.122944,0.1288
0.122948,0.1127
0.122952,0.1288
0.122956,0.1288
0.12296,0.1127
0.122964,0.1288
0.122968,0.1127
0.122972,0.1288
0.122976,0.1288
0.12298,0.1288
0.122984,0.1288
0.122988,0.1127
0.122992,0.1288
0.122996,0.1127
0.123,0.1288
0.123004,0.1288
0.123008,0.1288
0.123012,0.1288
0.123016,0.1288
0.12302,0.1288
0.123024,0.1288
0.123028,0.1288
0.123032,0.1288
0.123036,0.1127
0.12304,0.1127
0.123044,0.1288
0.123048,0.1288
0.123052,0.1288
0.123056,0.1288
0.12306,0.1288
0.123064,0.1288
0.123068,0.1288
0.123072,0.1288
0.123076,0.1127
0.12308,0.1288
0.123084,0.1288
0.123088,0.1127
0.123092,0.1127
0.123096,0.1288
0.1231,0.1288
0.123104,0.1288
0.123108,0.1127
0.123112,0.1288
0.123116,0.1288
0.12312,0.1288
0.123124,0.1288
0.123128,0.1288
0.123132,0.1288
0.123136,0.1449
0.12314,0.1288
0.123144,0.1127
0.123148,0.1449
0.123152,0.1288
0.123156,0.1127
0.12316,0.1127
0.123164,0.1288
0.123168,0.1288
0.123172,0.1127
0.123176,0.1288
0.12318,0.1449
0.123184,0.1127
0.123188,0.1288
0.123192,0.1288
0.123196,0.1127
0.1232,0.1449
0.123204,0.1288
0.123208,0.1288
0.123212,0.1127
0.123216,0.1127
0.12322,0.1288
0.123224,0.1127
0.123228,0.1288
0.123232,0.1288
0.123236,0.1288
0.12324,0.1127
0.123244,0.1288
0.123248,0.1127
0.123252,0.1127
0.123256,0.1127
0.12326,0.1127
0.123264,0.1288
0.123268,0.1288
0.123272,0.1288
0.123276,0.1288
0.12328,0.1288
0.123284,0.1288
0.123288,0.1288
0.123292,0.1127
0.123296,0.1288
0.1233,0.1288
0.123304,0.1127
0.123308,0.1127
0.123312,0.1127
0.123316,0.1127
0.12332,0.1127
0.123324,0.1288
0.123328,0.1288
0.123332,0.1127
0.123336,0.1288
0.12334,0.1127
0.123344,0.1288
0.123348,0.1127
0.123352,0.1127
0.123356,0.1127
0.12336,0.1288
0.123364,0.1127
0.123368,0.1288
0.123372,0.1127
0.123376,0.1127
0.12338,0.1288
0.123384,0.1288
0.123388,0.1288
0.123392,0.1127
0.123396,0.1449
0.1234,0.1127
0.123404,0.1288
0.123408,0.1127
0.123412,0.1127
0.123416,0.1288
0.12342,0.09659999999999999
0.123424,0.1288
0.123428,0.1288
0.123432,0.1127
0.123436,0.1127
0.12344,0.1127
0.123444,0.1288
0.123448,0.1127
0.123452,0.1288
0.123456,0.1288
0.12346,0.1127
0.123464,0.1127
0.123468,0.1127
0.123472,0.1288
0.123476,0.1288
0.12348,0.1127
0.123484,0.1127
0.123488,0.1127
0.123492,0.1288
0.123496,0.1288
0.1235,0.1127
0.123504,0.1127
0.123508,0.1127
0.123512,0.1127
0.123516,0.1127
0.12352,0.1127
0.123524,0.1288
0.123528,0.09659999999999999
0.123532,0.1127
0.123536,0.1127
0.12354,0.1127
0.123544,0.1288
0.123548,0.1127
0.123552,0.1288
0.123556,0.1127
0.12356,0.09659999999999999
0.123564,0.1288
0.123568,0.1288
0.123572,0.1127
0.123576,0.1127
0.12358,0.1127
0.123584,0.1127
0.123588,0.1288
0.123592,0.1288
0.123596,0.1288
0.1236,0.1127
0.123604,0.1127
0.123608,0.1127
0.123612,0.1288
0.123616,0.1288
0.12362,0.1127
0.123624,0.1288
0.123628,0.1288
0.123632,0.1288
0.123636,0.09659999999999999
0.12364,0.1127
0.123644,0.1288
0.123648,0.1127
0.123652,0.1127
0.123656,0.1288
0.12366,0.1288
0.123664,0.1127
0.123668,0.1288
0.123672,0.1288
0.123676,0.1127
0.12368,0.1288
0.123684,0.1127
0.123688,0.1127
0.123692,0.1288
0.123696,0.1127
0.1237,0.1127
0.123704,0.1127
0.123708,0.1127
0.123712,0.1288
0.123716,0.1127
0.12372,0.1127
0.123724,0.1288
0.123728,0.09659999999999999
0.123732,0.1288
0.123736,0.09659999999999999
0.12374,0.1288
0.123744,0.1127
0.123748,0.1127
0.123752,0.1288
0.123756,0.1127
0.12376,0.1127
0.123764,0.1449
0.123768,0.09659999999999999
0.123772,0.1288
0.123776,0.1127
0.12378,0.1288
0.123784,0.1127
0.123788,0.1288
0.123792,0.1127
0.123796,0.1449
0.1238,0.09659999999999999
0.123804,0.1449
0.123808,0.09659999999999999
0.123812,0.1288
0.123816,0.1288
0.12382,0.1127
0.123824,0.1288
0.123828,0.1127
0.123832,0.1127
0.123836,0.1288
0.12384,0.09659999999999999
0.123844,0.1449
0.123848,0.1127
0.123852,0.1288
0.123856,0.1127
0.12386,0.1127
0.123864,0.1127
0.123868,0.1288
0.123872,0.1288
0.123876,0.1449
0.12388,0.09659999999999999
0.123884,0.1288
0.123888,0.1288
0.123892,0.1449
0.123896,0.1288
0.1239,0.1127
0.123904,0.1288
0.123908,0.1288
0.123912,0.1288
0.123916,0.1127
0.12392,0.09659999999999999
0.123924,0.1288
0.123928,0.1288
0.123932,0.1288
0.123936,0.1127
0.12394,0.1127
0.123944,0.1288
0.123948,0.1127
0.123952,0.1288
0.123956,0.1288
0.12396,0.1127
0.123964,0.1288
0.123968,0.1288
0.123972,0.09659999999999999
0.123976,0.1127
0.12398,0.1288
0.123984,0.1127
0.123988,0.1288
0.123992,0.1127
0.123996,0.1127
0.124,0.1127
0.124004,0.1288
0.124008,0.1288
0.124012,0.1127
0.124016,0.1288
0.12402,0.1288
0.124024,0.1127
0.124028,0.1288
0.124032,0.1288
0.124036,0.1127
0.12404,0.1127
0.124044,0.1288
0.124048,0.1127
0.124052,0.1288
0.124056,0.1288
0.12406,0.1288
0.124064,0.1127
0.124068,0.1127
0.124072,0.1288
0.124076,0.09659999999999999
0.12408,0.1127
0.124084,0.1288
0.124088,0.1127
0.124092,0.1288
0.124096,0.1127
0.1241,0.1127
0.124104,0.1288
0.124108,0.1127
0.124112,0.1288
0.124116,0.1288
0.12412,0.1127
0.124124,0.1288
0.124128,0.1127
0.124132,0.1127
0.124136,0.1288
0.12414,0.1127
0.124144,0.1127
0.124148,0.1127
0.124152,0.1288
0.124156,0.1127
0.12416,0.1288
0.124164,0.1127
0.124168,0.1288
0.124172,0.1127
0.124176,0.1127
0.12418,0.1449
0.124184,0.09659999999999999
0.124188,0.1288
0.124192,0.1288
0.124196,0.1127
0.1242,0.1288
0.124204,0.1127
0.124208,0.1127
0.124212,0.1127
0.124216,0.1127
0.12422,0.1288
0.124224,0.1127
0.124228,0.1288
0.124232,0.1127
0.124236,0.09659999999999999
0.12424,0.1127
0.124244,0.1127
0.124248,0.1127
0.124252,0.1288
0.124256,0.1127
0.12426,0.1127
0.124264,0.1288
0.124268,0.1288
0.124272,0.09659999999999999
0.124276,0.1288
0.12428,0.1127
0.124284,0.1127
0.124288,0.1288
0.124292,0.1127
0.124296,0.1127
0.1243,0.1127
0.124304,0.1127
0.124308,0.1288
0.124312,0.1127
0.124316,0.1127
0.12432,0.1288
0.124324,0.1288
0.124328,0.1288
0.124332,0.1127
0.124336,0.1127
0.12434,0.1127
0.124344,0.1127
0.124348,0.1288
0.124352,0.1127
0.124356,0.1127
0.12436,0.1127
0.124364,0.1127
0.124368,0.1288
0.124372,0.1127
0.124376,0.1127
0.12438,0.1288
0.124384,0.1127
0.124388,0.1127
0.124392,0.1127
0.124396,0.1127
0.1244,0.09659999999999999
0.124404,0.1127
0.124408,0.1127
0.124412,0.1127
0.124416,0.1127
0.12442,0.1127
0.124424,0.1288
0.124428,0.1127
0.124432,0.1288
0.124436,0.09659999999999999
0.12444,0.1127
0.124444,0.1127
0.124448,0.1127
0.124452,0.1288
0.124456,0.1127
0.12446,0.1127
0.124464,0.1127
0.124468,0.1127
0.124472,0.1288
0.124476,0.1127
0.12448,0.1127
0.124484,0.1127
0.124488,0.1127
0.124492,0.1288
0.124496,0.1288
0.1245,0.1127
0.124504,0.1127
0.124508,0.1127
0.124512,0.1127
0.124516,0.1288
0.12452,0.1127
0.124524,0.1127
0.124528,0.1127
0.124532,0.1288
0.124536,0.1127
0.12454,0.1127
0.124544,0.1127
0.124548,0.1127
0.124552,0.1288
0.124556,0.1127
0.12456,0.1127
0.124564,0.1288
0.124568,0.1127
0.124572,0.09659999999999999
0.124576,0.1288
0.12458,0.1127
0.124584,0.1288
0.124588,0.1127
0.124592,0.1288
0.124596,0.1127
0.1246,0.1127
0.124604,0.1127
0.124608,0.1127
0.124612,0.1288
0.124616,0.1127
0.12462,0.1127
0.124624,0.1288
0.124628,0.1127
0.124632,0.1127
0.124636,0.1127
0.12464,0.1127
0.124644,0.1127
0.124648,0.1127
0.124652,0.1127
0.124656,0.1288
0.12466,0.1127
0.124664,0.1127
0.124668,0.1127
0.124672,0.1127
0.124676,0.1127
0.12468,0.1127
0.124684,0.09659999999999999
0.124688,0.1127
0.124692,0.1288
0.124696,0.09659999999999999
0.1247,0.1127
0.124704,0.1127
0.124708,0.1127
0.124712,0.1288
0.124716,0.1127
0.12472,0.1288
0.124724,0.1288
0.124728,0.09659999999999999
0.124732,0.1288
0.124736,0.1127
0.12474,0.1127
0.124744,0.1127
0.124748,0.1288
0.124752,0.1127
0.124756,0.1288
0.12476,0.1288
0.124764,0.1127
0.124768,0.1127
0.124772,0.1127
0.124776,0.1288
0.12478,0.1127
0.124784,0.1127
0.124788,0.1127
0.124792,0.1127
0.124796,0.1288
0.1248,0.1127
0.124804,0.1127
0.124808,0.1127
0.124812,0.1127
0.124816,0.1288
0.12482,0.1127
0.124824,0.1127
0.124828,0.1288
0.124832,0.1127
0.124836,0.09659999999999999
0.12484,0.1288
0.124844,0.09659999999999999
0.124848,0.1127
0.124852,0.1127
0.124856,0.1127
0.12486,0.1288
0.124864,0.1127
0.124868,0.1127
0.124872,0.1127
0.124876,0.1288
0.12488,0.1127
0.124884,0.1127
0.124888,0.1127
0.124892,0.1288
0.124896,0.1127
0.1249,0.1127
0.124904,0.1127
0.124908,0.1127
0.124912,0.1127
0.124916,0.1127
0.12492,0.1127
0.124924,0.1288
0.124928,0.1288
0.124932,0.1288
0.124936,0.1127
0.12494,0.1127
0.124944,0.1127
0.124948,0.1127
0.124952,0.09659999999999999
0.124956,0.1127
0.12496,0.1127
0.124964,0.1127
0.124968,0.1127
0.124972,0.09659999999999999
0.124976,0.1127
0.12498,0.1127
0.124984,0.1127
0.124988,0.1127
0.124992,0.1127
0.124996,0.1288
0.125,0.1127
0.125004,0.1127
0.125008,0.1127
0.125012,0.1127
0.125016,0.1127
0.12502,0.1288
0.125024,0.1288
0.125028,0.1288
0.125032,0.1127
0.125036,0.1127
0.12504,0.1288
0.125044,0.1127
0.125048,0.1288
0.125052,0.1288
0.125056,0.1127
0.12506,0.1288
0.125064,0.1127
0.125068,0.1127
0.125072,0.1127
0.125076,0.1127
0.12508,0.1127
0.125084,0.1127
0.125088,0.1127
0.125092,0.1127
0.125096,0.1127
0.1251,0.1127
0.125104,0.1127
0.125108,0.1127
0.125112,0.1127
0.125116,0.1127
0.12512,0.1127
0.125124,0.1127
0.125128,0.1127
0.125132,0.1127
0.125136,0.1127
0.12514,0.1127
0.125144,0.1127
0.125148,0.1127
0.125152,0.1127
0.125156,0.1127
0.12516,0.1127
0.125164,0.1288
0.125168,0.1127
0.125172,0.1127
0.125176,0.1127
0.12518,0.1127
0.125184,0.1288
0.125188,0.1288
0.125192,0.1127
0.125196,0.1127
0.1252,0.1127
0.125204,0.1127
0.125208,0.1127
0.125212,0.1127
0.125216,0.1127
0.12522,0.1127
0.125224,0.1288
0.125228,0.1127
0.125232,0.1127
0.125236,0.1127
0.12524,0.1127
0.125244,0.1127
0.125248,0.09659999999999999
0.125252,0.09659999999999999
0.125256,0.1288
0.12526,0.1127
0.125264,0.1127
0.125268,0.1127
0.125272,0.09659999999999999
0.125276,0.1127
0.12528,0.1288
0.125284,0.1127
0.125288,0.1127
0.125292,0.1288
0.125296,0.1288
0.1253,0.1288
0.125304,0.1127
0.125308,0.1127
0.125312,0.1127
0.125316,0.1288
0.12532,0.1127
0.125324,0.1127
0.125328,0.1288
0.125332,0.1288
0.125336,0.1127
0.12534,0.1127
0.125344,0.1127
0.125348,0.1127
0.125352,0.1127
0.125356,0.1127
0.12536,0.09659999999999999
0.125364,0.09659999999999999
0.125368,0.1127
0.125372,0.1127
0.125376,0.1127
0.12538,0.09659999999999999
0.125384,0.1127
0.125388,0.1127
0.125392,0.1127
0.125396,0.1127
0.1254,0.09659999999999999
0.125404,0.1127
0.125408,0.09659999999999999
0.125412,0.1127
0.125416,0.1127
0.12542,0.1127
0.125424,0.1127
0.125428,0.1288
0.125432,0.1127
0.125436,0.1127
0.12544,0.1127
0.125444,0.1127
0.125448,0.1127
0.125452,0.1127
0.125456,0.1127
0.12546,0.1127
0.125464,0.1288
0.125468,0.1127
0.125472,0.1127
0.125476,0.1127
0.12548,0.1127
0.125484,0.1127
0.125488,0.09659999999999999
0.125492,0.1127
0.125496,0.1127
0.1255,0.1127
0.125504,0.1127
0.125508,0.1127
0.125512,0.1127
0.125516,0.1127
0.12552,0.1127
0.125524,0.09659999999999999
0.125528,0.1288
0.125532,0.1127
0.125536,0.09659999999999999
0.12554,0.1127
0.125544,0.1288
0.125548,0.09659999999999999
0.125552,0.1127
0.125556,0.1127
0.12556,0.1127
0.125564,0.09659999999999999
0.125568,0.1127
0.125572,0.1127
0.125576,0.09659999999999999
0.12558,0.1127
0.125584,0.1288
0.125588,0.1288
0.125592,0.1127
0.125596,0.1127
0.1256,0.1127
0.125604,0.1127
0.125608,0.09659999999999999
0.125612,0.1127
0.125616,0.1288
0.12562,0.1127
0.125624,0.1127
0.125628,0.1127
0.125632,0.1127
0.125636,0.1127
0.12564,0.1127
0.125644,0.1127
0.125648,0.1127
0.125652,0.1127
0.125656,0.1127
0.12566,0.1127
0.125664,0.1127
0.125668,0.1127
0.125672,0.1127
0.125676,0.09659999999999999
0.12568,0.1288
0.125684,0.1127
0.125688,0.1127
0.125692,0.1127
0.125696,0.1127
0.1257,0.1127
0.125704,0.1127
0.125708,0.1127
0.125712,0.1127
0.125716,0.1127
0.12572,0.1127
0.125724,0.1288
0.125728,0.09659999999999999
0.125732,0.1127
0.125736,0.1127
0.12574,0.1127
0.125744,0.1288
0.125748,0.1127
0.125752,0.1127
0.125756,0.1127
0.12576,0.1288
0.125764,0.1127
0.125768,0.09659999999999999
0.125772,0.09659999999999999
0.125776,0.1127
0.12578,0.1127
0.125784,0.1127
0.125788,0.09659999999999999
0.125792,0.1127
0.125796,0.09659999999999999
0.1258,0.09659999999999999
0.125804,0.1127
0.125808,0.1127
0.125812,0.09659999999999999
0.125816,0.1127
0.12582,0.1127
0.125824,0.1127
0.125828,0.1127
0.125832,0.1127
0.125836,0.1127
0.12584,0.1288
0.125844,0.1127
0.125848,0.1127
0.125852,0.1127
0.125856,0.1127
0.12586,0.1127
0.125864,0.09659999999999999
0.125868,0.1127
0.125872,0.1127
0.125876,0.1127
0.12588,0.1127
0.125884,0.09659999999999999
0.125888,0.1127
0.125892,0.1127
0.125896,0.1127
0.1259,0.1127
0.125904,0.09659999999999999
0.125908,0.1127
0.125912,0.1127
0.125916,0.09659999999999999
0.12592,0.09659999999999999
0.125924,0.1127
0.125928,0.09659999999999999
0.125932,0.1127
0.125936,0.1127
0.12594,0.09659999999999999
0.125944,0.1127
0.125948,0.1127
0.125952,0.1127
0.125956,0.1127
0.12596,0.1127
0.125964,0.1288
0.125968,0.09659999999999999
0.125972,0.1127
0.125976,0.1127
0.12598,0.1127
0.125984,0.1127
0.125988,0.1127
0.125992,0.1127
0.125996,0.1127
0.126,0.1127
0.126004,0.1127
0.126008,0.1288
0.126012,0.1127
0.126016,0.1127
0.12602,0.1288
0.126024,0.09659999999999999
0.126028,0.1127
0.126032,0.1127
0.126036,0.09659999999999999
0.12604,0.1127
0.126044,0.09659999999999999
0.126048,0.1127
0.126052,0.1127
0.126056,0.1127
0.12606,0.1127
0.126064,0.09659999999999999
0.126068,0.1127
0.126072,0.1127
0.126076,0.1127
0.12608,0.09659999999999999
0.126084,0.09659999999999999
0.126088,0.1127
0.126092,0.09659999999999999
0.126096,0.1127
0.1261,0.09659999999999999
0.126104,0.1127
0.126108,0.1127
0.126112,0.1127
0.126116,0.1127
0.12612,0.1127
0.126124,0.09659999999999999
0.126128,0.1127
0.126132,0.1127
0.126136,0.1127
0.12614,0.1127
0.126144,0.09659999999999999
0.126148,0.1127
0.126152,0.1127
0.126156,0.1288
0.12616,0.1127
0.126164,0.09659999999999999
0.126168,0.1127
0.126172,0.09659999999999999
0.126176,0.1127
0.12618,0.1127
0.126184,0.1127
0.126188,0.09659999999999999
0.126192,0.09659999999999999
0.126196,0.09659999999999999
0.1262,0.1127
0.126204,0.1127
0.126208,0.09659999999999999
0.126212,0.09659999999999999
0.126216,0.1127
0.12622,0.09659999999999999
0.126224,0.1127
0.126228,0.09659999999999999
0.126232,0.09659999999999999
0.126236,0.09659999999999999
0.12624,0.09659999999999999
0.126244,0.1127
0.126248,0.09659999999999999
0.126252,0.09659999999999999
0.126256,0.1127
0.12626,0.09659999999999999
0.126264,0.1127
0.126268,0.09659999999999999
0.126272,0.1127
0.126276,0.1127
0.12628,0.1127
0.126284,0.09659999999999999
0.126288,0.1127
0.126292,0.1127
0.126296,0.09659999999999999
0.1263,0.1127
0.126304,0.1127
0.126308,0.1127
0.126312,0.1127
0.126316,0.1127
0.12632,0.1127
0.126324,0.09659999999999999
0.126328,0.1127
0.126332,0.1127
0.126336,0.1127
0.12634,0.09659999999999999
0.126344,0.09659999999999999
0.126348,0.09659999999999999
0.126352,0.09659999999999999
0.126356,0.09659999999999999
0.12636,0.09659999999999999
0.126364,0.09659999999999999
0.126368,0.1127
0.126372,0.09659999999999999
0.126376,0.09659999999999999
0.12638,0.09659999999999999
0.126384,0.1288
0.126388,0.09659999999999999
0.126392,0.1127
0.126396,0.1127
0.1264,0.09659999999999999
0.126404,0.1127
0.126408,0.1127
0.126412,0.09659999999999999
0.126416,0.1127
0.12642,0.1127
0.126424,0.09659999999999999
0.126428,0.1127
0.126432,0.1127
0.126436,0.09659999999999999
0.12644,0.1127
0.126444,0.1127
0.126448,0.09659999999999999
0.126452,0.09659999999999999
0.126456,0.1127
0.12646,0.09659999999999999
0.126464,0.09659999999999999
0.126468,0.09659999999999999
0.126472,0.1127
0.126476,0.1127
0.12648,0.09659999999999999
0.126484,0.1288
0.126488,0.0805
0.126492,0.1127
0.126496,0.0805
0.1265,0.1127
0.126504,0.1127
0.126508,0.09659999999999999
0.126512,0.09659999999999999
0.126516,0.09659999999999999
0.12652,0.09659999999999999
0.126524,0.09659999999999999
0.126528,0.09659999999999999
0.126532,0.09659999999999999
0.126536,0.09659999999999999
0.12654,0.09659999999999999
0.126544,0.1127
0.126548,0.09659999999999999
0.126552,0.1127
0.126556,0.1127
0.12656,0.1127
0.126564,0.09659999999999999
0.126568,0.09659999999999999
0.126572,0.1127
0.126576,0.09659999999999999
0.12658,0.1127
0.126584,0.1288
0.126588,0.09659999999999999
0.126592,0.1127
0.126596,0.1127
0.1266,0.1127
0.126604,0.1127
0.126608,0.09659999999999999
0.126612,0.09659999999999999
0.126616,0.1127
0.12662,0.09659999999999999
0.126624,0.1127
0.126628,0.09659999999999999
0.126632,0.09659999999999999
0.126636,0.09659999999999999
0.12664,0.1127
0.126644,0.09659999999999999
0.126648,0.09659999999999999
0.126652,0.09659999999999999
0.126656,0.09659999999999999
0.12666,0.1127
0.126664,0.0805
0.126668,0.09659999999999999
0.126672,0.09659999999999999
0.126676,0.09659999999999999
0.12668,0.1288
0.126684,0.09659999999999999
0.126688,0.1127
0.126692,0.09659999999999999
0.126696,0.1127
0.1267,0.1127
0.126704,0.09659999999999999
0.126708,0.09659999999999999
0.126712,0.09659999999999999
0.126716,0.1127
0.12672,0.1127
0.126724,0.09659999999999999
0.126728,0.1127
0.126732,0.09659999999999999
0.126736,0.1288
0.12674,0.1127
0.126744,0.0805
0.126748,0.1127
0.126752,0.09659999999999999
0.126756,0.1127
0.12676,0.09659999999999999
0.126764,0.1127
0.126768,0.09659999999999999
0.126772,0.09659999999999999
0.126776,0.09659999999999999
0.12678,0.0805
0.126784,0.09659999999999999
0.126788,0.09659999999999999
0.126792,0.1127
0.126796,0.09659999999999999
0.1268,0.0805
0.126804,0.09659999999999999
0.126808,0.1127
0.126812,0.09659999999999999
0.126816,0.09659999999999999
0.12682,0.09659999999999999
0.126824,0.1127
0.126828,0.09659999999999999
0.126832,0.09659999999999999
0.126836,0.1127
0.12684,0.09659999999999999
0.126844,0.1127
0.126848,0.1127
0.126852,0.09659999999999999
0.126856,0.1127
0.12686,0.1127
0.126864,0.0805
0.126868,0.1127
0.126872,0.1127
0.126876,0.09659999999999999
0.12688,0.1127
0.126884,0.1288
0.126888,0.09659999999999999
0.126892,0.0805
0.126896,0.1127
0.1269,0.09659999999999999
0.126904,0.09659999999999999
0.126908,0.09659999999999999
0.126912,0.09659999999999999
0.126916,0.09659999999999999
0.12692,0.09659999999999999
0.126924,0.09659999999999999
0.126928,0.09659999999999999
0.126932,0.09659999999999999
0.126936,0.0805
0.12694,0.09659999999999999
0.126944,0.1127
0.126948,0.09659999999999999
0.126952,0.09659999999999999
0.126956,0.1127
0.12696,0.0805
0.126964,0.09659999999999999
0.126968,0.09659999999999999
0.126972,0.09659999999999999
0.126976,0.09659999999999999
0.12698,0.1127
0.126984,0.1127
0.126988,0.09659999999999999
0.126992,0.09659999999999999
0.126996,0.09659999999999999
0.127,0.1127
0.127004,0.1127
0.127008,0.09659999999999999
0.127012,0.09659999999999999
0.127016,0.1127
0.12702,0.1127
0.127024,0.09659999999999999
0.127028,0.09659999999999999
0.127032,0.09659999999999999
0.127036,0.09659999999999999
0.12704,0.09659999999999999
0.127044,0.09659999999999999
0.127048,0.09659999999999999
0.127052,0.1127
0.127056,0.1127
0.12706,0.09659999999999999
0.127064,0.09659999999999999
0.127068,0.0805
0.127072,0.1127
0.127076,0.1127
0.12708,0.09659999999999999
0.127084,0.09659999999999999
0.127088,0.09659999999999999
0.127092,0.09659999999999999
0.127096,0.09659999999999999
0.1271,0.09659999999999999
0.127104,0.09659999999999999
0.127108,0.09659999999999999
0.127112,0.09659999999999999
0.127116,0.1127
0.12712,0.09659999999999999
0.127124,0.09659999999999999
0.127128,0.1127
0.127132,0.09659999999999999
0.127136,0.09659999999999999
0.12714,0.09659999999999999
0.127144,0.09659999999999999
0.127148,0.1127
0.127152,0.09659999999999999
0.127156,0.1127
0.12716,0.1127
0.127164,0.09659999999999999
0.127168,0.1127
0.127172,0.09659999999999999
0.127176,0.1127
0.12718,0.1127
0.127184,0.0805
0.127188,0.09659999999999999
0.127192,0.09659999999999999
0.127196,0.1127
0.1272,0.09659999999999999
0.127204,0.0805
0.127208,0.09659999999999999
0.127212,0.09659999999999999
0.127216,0.09659999999999999
0.12722,0.09659999999999999
0.127224,0.09659999999999999
0.127228,0.09659999999999999
0.127232,0.1127
0.127236,0.0805
0.12724,0.09659999999999999
0.127244,0.1127
0.127248,0.09659999999999999
0.127252,0.09659999999999999
0.127256,0.09659999999999999
0.12726,0.1127
0.127264,0.09659999999999999
0.127268,0.09659999999999999
0.127272,0.09659999999999999
0.127276,0.1127
0.12728,0.09659999999999999
0.127284,0.09659999999999999
0.127288,0.09659999999999999
0.127292,0.09659999999999999
0.127296,0.1127
0.1273,0.1127
0.127304,0.09659999999999999
0.127308,0.09659999999999999
0.127312,0.1127
0.127316,0.09659999999999999
0.12732,0.0805
0.127324,0.1127
0.127328,0.09659999999999999
0.127332,0.0805
0.127336,0.1127
0.12734,0.0805
0.127344,0.09659999999999999
0.127348,0.09659999999999999
0.127352,0.0805
0.127356,0.1127
0.12736,0.09659999999999999
0.127364,0.09659999999999999
0.127368,0.09659999999999999
0.127372,0.09659999999999999
0.127376,0.09659999999999999
0.12738,0.09659999999999999
0.127384,0.09659999999999999
0.127388,0.09659999999999999
0.127392,0.09659999999999999
0.127396,0.09659999999999999
0.1274,0.09659999999999999
0.127404,0.09659999999999999
0.127408,0.09659999999999999
0.127412,0.09659999999999999
0.127416,0.09659999999999999
0.12742,0.1127
0.127424,0.1127
0.127428,0.09659999999999999
0.127432,0.09659999999999999
0.127436,0.09659999999999999
0.12744,0.1127
0.127444,0.09659999999999999
0.127448,0.09659999999999999
0.127452,0.1127
0.127456,0.09659999999999999
0.12746,0.1127
0.127464,0.1127
0.127468,0.09659999999999999
0.127472,0.09659999999999999
0.127476,0.09659999999999999
0.12748,0.1127
0.127484,0.09659999999999999
0.127488,0.09659999999999999
0.127492,0.09659999999999999
0.127496,0.09659999999999999
0.1275,0.09659999999999999
0.127504,0.09659999999999999
0.127508,0.0805
0.127512,0.09659999999999999
0.127516,0.09659999999999999
0.12752,0.09659999999999999
0.127524,0.09659999999999999
0.127528,0.09659999999999999
0.127532,0.09659999999999999
0.127536,0.09659999999999999
0.12754,0.09659999999999999
0.127544,0.09659999999999999
0.127548,0.09659999999999999
0.127552,0.09659999999999999
0.127556,0.1127
0.12756,0.09659999999999999
0.127564,0.09659999999999999
0.127568,0.09659999999999999
0.127572,0.09659999999999999
0.127576,0.1127
0.12758,0.1127
0.127584,0.09659999999999999
0.127588,0.09659999999999999
0.127592,0.09659999999999999
0.127596,0.09659999999999999
0.1276,0.09659999999999999
0.127604,0.09659999999999999
0.127608,0.09659999999999999
0.127612,0.0805
0.127616,0.1127
0.12762,0.09659999999999999
0.127624,0.09659999999999999
0.127628,0.09659999999999999
0.127632,0.0805
0.127636,0.09659999999999999
0.12764,0.0805
0.127644,0.09659999999999999
0.127648,0.09659999999999999
0.127652,0.09659999999999999
0.127656,0.09659999999999999
0.12766,0.0805
0.127664,0.09659999999999999
0.127668,0.09659999999999999
0.127672,0.09659999999999999
0.127676,0.0805
0.12768,0.09659999999999999
0.127684,0.09659999999999999
0.127688,0.09659999999999999
0.127692,0.09659999999999999
0.127696,0.09659999999999999
0.1277,0.09659999999999999
0.127704,0.09659999999999999
0.127708,0.09659999999999999
0.127712,0.1127
0.127716,0.09659999999999999
0.12772,0.1127
0.127724,0.09659999999999999
0.127728,0.1127
0.127732,0.1127
0.127736,0.0805
0.12774,0.09659999999999999
0.127744,0.1127
0.127748,0.09659999999999999
0.127752,0.1127
0.127756,0.09659999999999999
0.12776,0.09659999999999999
0.127764,0.09659999999999999
0.127768,0.09659999999999999
0.127772,0.1127
0.127776,0.0805
0.12778,0.09659999999999999
0.127784,0.1127
0.127788,0.0805
0.127792,0.09659999999999999
0.127796,0.1127
0.1278,0.0805
0.127804,0.0805
0.127808,0.09659999999999999
0.127812,0.0805
0.127816,0.09659999999999999
0.12782,0.09659999999999999
0.127824,0.09659999999999999
0.127828,0.0805
0.127832,0.09659999999999999
0.127836,0.09659999999999999
0.12784,0.0805
0.127844,0.09659999999999999
0.127848,0.09659999999999999
0.127852,0.09659999999999999
0.127856,0.09659999999999999
0.12786,0.1127
0.127864,0.0805
0.127868,0.1127
0.127872,0.09659999999999999
0.127876,0.09659999999999999
0.12788,0.09659999999999999
0.127884,0.09659999999999999
0.127888,0.1127
0.127892,0.09659999999999999
0.127896,0.09659999999999999
0.1279,0.09659999999999999
0.127904,0.09659999999999999
0.127908,0.09659999999999999
0.127912,0.09659999999999999
0.127916,0.09659999999999999
0.12792,0.09659999999999999
0.127924,0.1127
0.127928,0.09659999999999999
0.127932,0.09659999999999999
0.127936,0.0805
0.12794,0.09659999999999999
0.127944,0.1127
0.127948,0.09659999999999999
0.127952,0.09659999999999999
0.127956,0.09659999999999999
0.12796,0.0805
0.127964,0.09659999999999999
0.127968,0.09659999999999999
0.127972,0.09659999999999999
0.127976,0.09659999999999999
0.12798,0.09659999999999999
0.127984,0.09659999999999999
0.127988,0.09659999999999999
0.127992,0.09659999999999999
0.127996,0.09659999999999999
0.128,0.09659999999999999
0.128004,0.09659999999999999
0.128008,0.1127
0.128012,0.1127
0.128016,0.09659999999999999
0.12802,0.09659999999999999
0.128024,0.09659999999999999
0.128028,0.09659999999999999
0.128032,0.1127
0.128036,0.09659999999999999
0.12804,0.1127
0.128044,0.09659999999999999
0.128048,0.09659999999999999
0.128052,0.1127
0.128056,0.09659999999999999
0.12806,0.09659999999999999
0.128064,0.09659999999999999
0.128068,0.09659999999999999
0.128072,0.09659999999999999
0.128076,0.09659999999999999
0.12808,0.09659999999999999
0.128084,0.09659999999999999
0.128088,0.09659999999999999
0.128092,0.09659999999999999
0.128096,0.0805
0.1281,0.1127
0.128104,0.1127
0.128108,0.09659999999999999
0.128112,0.09659999999999999
0.128116,0.09659999999999999
0.12812,0.0805
0.128124,0.0805
0.128128,0.1127
0.128132,0.0805
0.128136,0.09659999999999999
0.12814,0.09659999999999999
0.128144,0.09659999999999999
0.128148,0.09659999999999999
0.128152,0.09659999999999999
0.128156,0.09659999999999999
0.12816,0.1127
0.128164,0.0805
0.128168,0.09659999999999999
0.128172,0.09659999999999999
0.128176,0.1127
0.12818,0.09659999999999999
0.128184,0.09659999999999999
0.128188,0.1127
0.128192,0.0805
0.128196,0.1127
0.1282,0.09659999999999999
0.128204,0.09659999999999999
0.128208,0.09659999999999999
0.128212,0.1127
0.128216,0.09659999999999999
0.12822,0.0805
0.128224,0.09659999999999999
0.128228,0.09659999999999999
0.128232,0.09659999999999999
0.128236,0.0805
0.12824,0.0805
0.128244,0.09659999999999999
0.128248,0.09659999999999999
0.128252,0.09659999999999999
0.128256,0.09659999999999999
0.12826,0.09659999999999999
0.128264,0.09659999999999999
0.128268,0.09659999999999999
0.128272,0.0805
0.128276,0.09659999999999999
0.12828,0.1127
0.128284,0.0805
0.128288,0.0805
0.128292,0.1127
0.128296,0.1127
0.1283,0.1127
0.128304,0.0805
0.128308,0.09659999999999999
0.128312,0.1127
0.128316,0.09659999999999999
0.12832,0.09659999999999999
0.128324,0.09659999999999999
0.128328,0.09659999999999999
0.128332,0.09659999999999999
0.128336,0.09659999999999999
0.12834,0.09659999999999999
0.128344,0.09659999999999999
0.128348,0.09659999999999999
0.128352,0.09659999999999999
0.128356,0.1127
0.12836,0.09659999999999999
0.128364,0.09659999999999999
0.128368,0.09659999999999999
0.128372,0.0805
0.128376,0.09659999999999999
0.12838,0.0805
0.128384,0.0805
0.128388,0.09659999999999999
0.128392,0.09659999999999999
0.128396,0.0805
0.1284,0.09659999999999999
0.128404,0.1127
0.128408,0.09659999999999999
0.128412,0.1127
0.128416,0.0805
0.12842,0.09659999999999999
0.128424,0.09659999999999999
0.128428,0.09659999999999999
0.128432,0.09659999999999999
0.128436,0.0805
0.12844,0.09659999999999999
0.128444,0.09659999999999999
0.128448,0.1127
0.128452,0.1127
0.128456,0.09659999999999999
0.12846,0.09659999999999999
0.128464,0.09659999999999999
0.128468,0.09659999999999999
0.128472,0.09659999999999999
0.128476,0.09659999999999999
0.12848,0.0805
0.128484,0.09659999999999999
0.128488,0.09659999999999999
0.128492,0.0805
0.128496,0.1127
0.1285,0.09659999999999999
0.128504,0.09659999999999999
0.128508,0.09659999999999999
0.128512,0.09659999999999999
0.128516,0.09659999999999999
0.12852,0.09659999999999999
0.128524,0.0805
0.128528,0.09659999999999999
0.128532,0.0805
0.128536,0.09659999999999999
0.12854,0.09659999999999999
0.128544,0.0805
0.128548,0.0805
0.128552,0.0805
0.128556,0.0805
0.12856,0.09659999999999999
0.128564,0.09659999999999999
0.128568,0.09659999999999999
0.128572,0.0805
0.128576,0.09659999999999999
0.12858,0.09659999999999999
0.128584,0.09659999999999999
0.128588,0.09659999999999999
0.128592,0.0805
0.128596,0.09659999999999999
0.1286,0.0805
0.128604,0.09659999999999999
0.128608,0.0805
0.128612,0.1127
0.128616,0.09659999999999999
0.12862,0.09659999999999999
0.128624,0.09659999999999999
0.128628,0.0805
0.128632,0.09659999999999999
0.128636,0.09659999999999999
0.12864,0.09659999999999999
0.128644,0.09659999999999999
0.128648,0.0805
0.128652,0.09659999999999999
0.128656,0.09659999999999999
0.12866,0.0805
0.128664,0.09659999999999999
0.128668,0.0805
0.128672,0.1127
0.128676,0.09659999999999999
0.12868,0.0805
0.128684,0.09659999999999999
0.128688,0.09659999999999999
0.128692,0.0805
0.128696,0.1127
0.1287,0.0805
0.128704,0.0805
0.128708,0.09659999999999999
0.128712,0.0805
0.128716,0.09659999999999999
0.12872,0.09659999999999999
0.128724,0.0644
0.128728,0.09659999999999999
0.128732,0.09659999999999999
0.128736,0.0644
0.12874,0.09659999999999999
0.128744,0.09659999999999999
0.128748,0.0805
0.128752,0.09659999999999999
0.128756,0.0805
0.12876,0.09659999999999999
0.128764,0.09659999999999999
0.128768,0.0805
0.128772,0.09659999999999999
0.128776,0.0805
0.12878,0.09659999999999999
0.128784,0.09659999999999999
0.128788,0.0644
0.128792,0.09659999999999999
0.128796,0.09659999999999999
0.1288,0.0805
0.128804,0.09659999999999999
0.128808,0.09659999999999999
0.128812,0.0805
0.128816,0.09659999999999999
0.12882,0.09659999999999999
0.128824,0.09659999999999999
0.128828,0.09659999999999999
0.128832,0.09659999999999999
0.128836,0.0805
0.12884,0.0805
0.128844,0.09659999999999999
0.128848,0.09659999999999999
0.128852,0.09659999999999999
0.128856,0.0805
0.12886,0.0805
0.128864,0.09659999999999999
0.128868,0.0805
0.128872,0.0805
0.128876,0.0805
0.12888,0.09659999999999999
0.128884,0.09659999999999999
0.128888,0.09659999999999999
0.128892,0.09659999999999999
0.128896,0.09659999999999999
0.1289,0.09659999999999999
0.128904,0.09659999999999999
0.128908,0.09659999999999999
0.128912,0.0805
0.128916,0.09659999999999999
0.12892,0.09659999999999999
0.128924,0.09659999999999999
0.128928,0.09659999999999999
0.128932,0.09659999999999999
0.128936,0.09659999999999999
0.12894,0.0805
0.128944,0.0805
0.128948,0.09659999999999999
0.128952,0.0805
0.128956,0.1127
0.12896,0.09659999999999999
0.128964,0.0805
0.128968,0.09659999999999999
0.128972,0.0805
0.128976,0.09659999999999999
0.12898,0.09659999999999999
0.128984,0.09659999999999999
0.128988,0.09659999999999999
0.128992,0.09659999999999999
0.128996,0.0805
0.129,0.0805
0.129004,0.09659999999999999
0.129008,0.09659999999999999
0.129012,0.09659999999999999
0.129016,0.09659999999999999
0.12902,0.09659999999999999
0.129024,0.09659999999999999
0.129028,0.09659999999999999
0.129032,0.09659999999999999
0.129036,0.0805
0.12904,0.09659999999999999
0.129044,0.09659999999999999
0.129048,0.0805
0.129052,0.09659999999999999
0.129056,0.09659999999999999
0.12906,0.09659999999999999
0.129064,0.09659999999999999
0.129068,0.0805
0.129072,0.0805
0.129076,0.09659999999999999
0.12908,0.09659999999999999
0.129084,0.09659999999999999
0.129088,0.0805
0.129092,0.09659999999999999
0.129096,0.09659999999999999
0.1291,0.0805
0.129104,0.09659999999999999
0.129108,0.09659999999999999
0.129112,0.0805
0.129116,0.09659999999999999
0.12912,0.09659999999999999
0.129124,0.09659999999999999
0.129128,0.0805
0.129132,0.09659999999999999
0.129136,0.0805
0.12914,0.0805
0.129144,0.09659999999999999
0.129148,0.0805
0.129152,0.09659999999999999
0.129156,0.09659999999999999
0.12916,0.09659999999999999
0.129164,0.0805
0.129168,0.0805
0.129172,0.09659999999999999
0.129176,0.0805
0.12918,0.09659999999999999
0.129184,0.09659999999999999
0.129188,0.0805
0.129192,0.09659999999999999
0.129196,0.09659999999999999
0.1292,0.0805
0.129204,0.09659999999999999
0.129208,0.09659999999999999
0.129212,0.09659999999999999
0.129216,0.09659999999999999
0.12922,0.1127
0.129224,0.09659999999999999
0.129228,0.09659999999999999
0.129232,0.09659999999999999
0.129236,0.09659999999999999
0.12924,0.09659999999999999
0.129244,0.09659999999999999
0.129248,0.09659999999999999
0.129252,0.09659999999999999
0.129256,0.09659999999999999
0.12926,0.09659999999999999
0.129264,0.09659999999999999
0.129268,0.09659999999999999
0.129272,0.09659999999999999
0.129276,0.0805
0.12928,0.09659999999999999
0.129284,0.0805
0.129288,0.09659999999999999
0.129292,0.0805
0.129296,0.09659999999999999
0.1293,0.09659999999999999
0.129304,0.0805
0.129308,0.0805
0.129312,0.09659999999999999
0.129316,0.09659999999999999
0.12932,0.09659999999999999
0.129324,0.09659999999999999
0.129328,0.09659999999999999
0.129332,0.09659999999999999
0.129336,0.09659999999999999
0.12934,0.09659999999999999
0.129344,0.09659999999999999
0.129348,0.09659999999999999
0.129352,0.09659999999999999
0.129356,0.09659999999999999
0.12936,0.0805
0.129364,0.09659999999999999
0.129368,0.09659999999999999
0.129372,0.0805
0.129376,0.09659999999999999
0.12938,0.09659999999999999
0.129384,0.09659999999999999
0.129388,0.09659999999999999
0.129392,0.09659999999999999
0.129396,0.0805
0.1294,0.09659999999999999
0.129404,0.09659999999999999
0.129408,0.0805
0.129412,0.1127
0.129416,0.09659999999999999
0.12942,0.09659999999999999
0.129424,0.09659999999999999
0.129428,0.09659999999999999
0.129432,0.09659999999999999
0.129436,0.0805
0.12944,0.09659999999999999
0.129444,0.09659999999999999
0.129448,0.09659999999999999
0.129452,0.09659999999999999
0.129456,0.0644
0.12946,0.09659999999999999
0.129464,0.0805
0.129468,0.09659999999999999
0.129472,0.0805
0.129476,0.09659999999999999
0.12948,0.1127
0.129484,0.09659999999999999
0.129488,0.09659999999999999
0.129492,0.09659999999999999
0.129496,0.09659999999999999
0.1295,0.09659999999999999
0.129504,0.1288
0.129508,0.048299999999999996
0.129512,0.1127
0.129516,0.0805
0.12952,0.1127
0.129524,0.09659999999999999
0.129528,0.0805
0.129532,0.0805
0.129536,0.09659999999999999
0.12954,0.0805
0.129544,0.09659999999999999
0.129548,0.0805
0.129552,0.09659999999999999
0.129556,0.0805
0.12956,0.09659999999999999
0.129564,0.0644
0.129568,0.09659999999999999
0.129572,0.0805
0.129576,0.09659999999999999
0.12958,0.0805
0.129584,0.1127
0.129588,0.0805
0.129592,0.1127
0.129596,0.0644
0.1296,0.09659999999999999
0.129604,0.1127
0.129608,0.0805
0.129612,0.0805
0.129616,0.1127
0.12962,0.0805
0.129624,0.09659999999999999
0.129628,0.09659999999999999
0.129632,0.09659999999999999
0.129636,0.0805
0.12964,0.09659999999999999
0.129644,0.09659999999999999
0.129648,0.0805
0.129652,0.09659999999999999
0.129656,0.09659999999999999
0.12966,0.09659999999999999
0.129664,0.0805
0.129668,0.09659999999999999
0.129672,0.0805
0.129676,0.09659999999999999
0.12968,0.09659999999999999
0.129684,0.09659999999999999
0.129688,0.0805
0.129692,0.09659999999999999
0.129696,0.09659999999999999
0.1297,0.0805
0.129704,0.09659999999999999
0.129708,0.0805
0.129712,0.0805
0.129716,0.09659999999999999
0.12972,0.09659999999999999
0.129724,0.0805
0.129728,0.09659999999999999
0.129732,0.09659999999999999
0.129736,0.0805
0.12974,0.09659999999999999
0.129744,0.0805
0.129748,0.0805
0.129752,0.09659999999999999
0.129756,0.0805
0.12976,0.0805
0.129764,0.0805
0.129768,0.09659999999999999
0.129772,0.09659999999999999
0.129776,0.0644
0.12978,0.0805
0.129784,0.09659999999999999
0.129788,0.09659999999999999
0.129792,0.0805
0.129796,0.0805
0.1298,0.09659999999999999
0.129804,0.09659999999999999
0.129808,0.0805
0.129812,0.0805
0.129816,0.0805
0.12982,0.09659999999999999
0.129824,0.09659999999999999
0.129828,0.0805
0.129832,0.0805
0.129836,0.0805
0.12984,0.09659999999999999
0.129844,0.0805
0.129848,0.0805
0.129852,0.0805
0.129856,0.0805
0.12986,0.09659999999999999
0.129864,0.0805
0.129868,0.0805
0.129872,0.0805
0.129876,0.09659999999999999
0.12988,0.0805
0.129884,0.0805
0.129888,0.0805
0.129892,0.09659999999999999
0.129896,0.0805
0.1299,0.09659999999999999
0.129904,0.0805
0.129908,0.0805
0.129912,0.0805
0.129916,0.0805
0.12992,0.09659999999999999
0.129924,0.0805
0.129928,0.0805
0.129932,0.0805
0.129936,0.0805
0.12994,0.09659999999999999
0.129944,0.0805
0.129948,0.0805
0.129952,0.0805
0.129956,0.09659999999999999
0.12996,0.0805
0.129964,0.0805
0.129968,0.0805
0.129972,0.09659999999999999
0.129976,0.0644
0.12998,0.0805
0.129984,0.0805
0.129988,0.0805
0.129992,0.09659999999999999
0.129996,0.0805
0.13,0.09659999999999999
0.130004,0.0805
0.130008,0.0805
0.130012,0.0805
0.130016,0.09659999999999999
0.13002,0.0805
0.130024,0.0805
0.130028,0.09659999999999999
0.130032,0.0805
0.130036,0.0805
0.13004,0.0805
0.130044,0.0644
0.130048,0.0805
0.130052,0.0805
0.130056,0.09659999999999999
0.13006,0.0805
0.130064,0.09659999999999999
0.130068,0.09659999999999999
0.130072,0.0644
0.130076,0.0805
0.13008,0.0805
0.130084,0.0805
0.130088,0.0644
0.130092,0.0805
0.130096,0.0805
0.1301,0.09659999999999999
0.130104,0.0644
0.130108,0.0805
0.130112,0.09659999999999999
0.130116,0.0805
0.13012,0.0644
0.130124,0.0805
0.130128,0.0805
0.130132,0.0805
0.130136,0.0805
0.13014,0.0805
0.130144,0.0805
0.130148,0.0805
0.130152,0.0644
0.130156,0.0805
0.13016,0.0805
0.130164,0.09659999999999999
0.130168,0.0805
0.130172,0.0805
0.130176,0.0805
0.13018,0.0644
0.130184,0.0805
0.130188,0.0644
0.130192,0.0805
0.130196,0.0805
0.1302,0.09659999999999999
0.130204,0.0805
0.130208,0.0644
0.130212,0.0805
0.130216,0.0805
0.13022,0.09659999999999999
0.130224,0.0805
0.130228,0.0805
0.130232,0.0805
0.130236,0.0644
0.13024,0.0805
0.130244,0.0805
0.130248,0.0805
0.130252,0.0805
0.130256,0.0644
0.13026,0.09659999999999999
0.130264,0.0805
0.130268,0.0805
0.130272,0.0805
0.130276,0.0805
0.13028,0.0805
0.130284,0.0805
0.130288,0.0805
0.130292,0.0805
0.130296,0.0805
0.1303,0.0805
0.130304,0.0805
0.130308,0.0805
0.130312,0.0805
0.130316,0.0644
0.13032,0.09659999999999999
0.130324,0.0805
0.130328,0.0805
0.130332,0.0644
0.130336,0.0644
0.13034,0.09659999999999999
0.130344,0.0805
0.130348,0.0805
0.130352,0.0644
0.130356,0.0805
0.13036,0.0805
0.130364,0.0805
0.130368,0.0805
0.130372,0.0805
0.130376,0.0805
0.13038,0.0805
0.130384,0.0805
0.130388,0.0805
0.130392,0.09659999999999999
0.130396,0.0805
0.1304,0.09659999999999999
0.130404,0.0805
0.130408,0.0805
0.130412,0.0805
0.130416,0.0644
0.13042,0.0805
0.130424,0.0805
0.130428,0.0644
0.130432,0.0805
0.130436,0.0644
0.13044,0.0805
0.130444,0.0805
0.130448,0.0805
0.130452,0.0805
0.130456,0.0805
0.13046,0.0805
0.130464,0.0805
0.130468,0.0805
0.130472,0.0805
0.130476,0.0805
0.13048,0.0805
0.130484,0.0805
0.130488,0.0805
0.130492,0.0805
0.130496,0.0805
0.1305,0.0805
0.130504,0.0805
0.130508,0.0805
0.130512,0.0805
0.130516,0.0805
0.13052,0.0805
0.130524,0.0805
0.130528,0.09659999999999999
0.130532,0.0644
0.130536,0.0805
0.13054,0.0805
0.130544,0.0805
0.130548,0.0805
0.130552,0.0644
0.130556,0.0805
0.13056,0.09659999999999999
0.130564,0.0644
0.130568,0.0805
0.130572,0.0805
0.130576,0.0644
0.13058,0.0805
0.130584,0.09659999999999999
0.130588,0.0644
0.130592,0.0805
0.130596,0.0805
0.1306,0.0805
0.130604,0.09659999999999999
0.130608,0.0805
0.130612,0.0805
0.130616,0.09659999999999999
0.13062,0.0805
0.130624,0.09659999999999999
0.130628,0.0644
0.130632,0.0805
0.130636,0.09659999999999999
0.13064,0.0805
0.130644,0.0805
0.130648,0.0805
0.130652,0.0644
0.130656,0.0805
0.13066,0.0805
0.130664,0.09659999999999999
0.130668,0.0805
0.130672,0.0805
0.130676,0.0805
0.13068,0.09659999999999999
0.130684,0.09659999999999999
0.130688,0.0805
0.130692,0.0805
0.130696,0.09659999999999999
0.1307,0.0805
0.130704,0.0805
0.130708,0.0805
0.130712,0.0644
0.130716,0.0805
0.13072,0.09659999999999999
0.130724,0.0805
0.130728,0.0805
0.130732,0.0805
0.130736,0.09659999999999999
0.13074,0.0805
0.130744,0.0805
0.130748,0.0805
0.130752,0.0805
0.130756,0.0805
0.13076,0.0805
0.130764,0.0805
0.130768,0.0805
0.130772,0.0805
0.130776,0.09659999999999999
0.13078,0.0805
0.130784,0.0805
0.130788,0.0805
0.130792,0.0805
0.130796,0.0805
0.1308,0.0644
0.130804,0.0805
0.130808,0.0805
0.130812,0.0805
0.130816,0.09659999999999999
0.13082,0.0805
0.130824,0.0805
0.130828,0.0805
0.130832,0.09659999999999999
0.130836,0.0644
0.13084,0.0805
0.130844,0.09659999999999999
0.130848,0.09659999999999999
0.130852,0.09659999999999999
0.130856,0.0644
0.13086,0.0805
0.130864,0.0805
0.130868,0.0805
0.130872,0.0805
0.130876,0.09659999999999999
0.13088,0.0644
0.130884,0.0805
0.130888,0.0805
0.130892,0.0805
0.130896,0.0805
0.1309,0.0805
0.130904,0.09659999999999999
0.130908,0.0805
0.130912,0.0805
0.130916,0.09659999999999999
0.13092,0.0805
0.130924,0.09659999999999999
0.130928,0.09659999999999999
0.130932,0.0805
0.130936,0.0805
0.13094,0.0805
0.130944,0.0805
0.130948,0.0644
0.130952,0.0805
0.130956,0.0805
0.13096,0.09659999999999999
0.130964,0.0805
0.130968,0.0805
0.130972,0.0644
0.130976,0.0805
0.13098,0.0805
0.130984,0.0805
0.130988,0.0805
0.130992,0.09659999999999999
0.130996,0.0805
0.131,0.0805
0.131004,0.0805
0.131008,0.0805
0.131012,0.0805
0.131016,0.0805
0.13102,0.0644
0.131024,0.0805
0.131028,0.0805
0.131032,0.0805
0.131036,0.09659999999999999
0.13104,0.0644
0.131044,0.0644
0.131048,0.0805
0.131052,0.0805
0.131056,0.09659999999999999
0.13106,0.0644
0.131064,0.0644
0.131068,0.09659999999999999
0.131072,0.0644
0.131076,0.0805
0.13108,0.0805
0.131084,0.0644
0.131088,0.0805
0.131092,0.0805
0.131096,0.0805
0.1311,0.0805
0.131104,0.0805
0.131108,0.0644
0.131112,0.0805
0.131116,0.0805
0.13112,0.09659999999999999
0.131124,0.0805
0.131128,0.0805
0.131132,0.0805
0.131136,0.0644
0.13114,0.0805
0.131144,0.0805
0.131148,0.0805
0.131152,0.0805
0.131156,0.0805
0.13116,0.0805
0.131164,0.0805
0.131168,0.0644
0.131172,0.0805
0.131176,0.0805
0.13118,0.0805
0.131184,0.0805
0.131188,0.0805
0.131192,0.0644
0.131196,0.0805
0.1312,0.09659999999999999
0.131204,0.0805
0.131208,0.0644
0.131212,0.0805
0.131216,0.0805
0.13122,0.09659999999999999
0.131224,0.0805
0.131228,0.0805
0.131232,0.0805
0.131236,0.0805
0.13124,0.0805
0.131244,0.0644
0.131248,0.0805
0.131252,0.0805
0.131256,0.0805
0.13126,0.0805
0.131264,0.0644
0.131268,0.0805
0.131272,0.0644
0.131276,0.0805
0.13128,0.0805
0.131284,0.0805
0.131288,0.09659999999999999
0.131292,0.0805
0.131296,0.0805
0.1313,0.0805
0.131304,0.0805
0.131308,0.0805
0.131312,0.0644
0.131316,0.0805
0.13132,0.0805
0.131324,0.0805
0.131328,0.0805
0.131332,0.0805
0.131336,0.09659999999999999
0.13134,0.0805
0.131344,0.0805
0.131348,0.0805
0.131352,0.09659999999999999
0.131356,0.0805
0.13136,0.09659999999999999
0.131364,0.0644
0.131368,0.0644
0.131372,0.0805
0.131376,0.09659999999999999
0.13138,0.0805
0.131384,0.0805
0.131388,0.0805
0.131392,0.0644
0.131396,0.0805
0.1314,0.0805
0.131404,0.0805
0.131408,0.0805
0.131412,0.09659999999999999
0.131416,0.0644
0.13142,0.0805
0.131424,0.0805
0.131428,0.0805
0.131432,0.0644
0.131436,0.0644
0.13144,0.09659999999999999
0.131444,0.0644
0.131448,0.0805
0.131452,0.09659999999999999
0.131456,0.0644
0.13146,0.0805
0.131464,0.0805
0.131468,0.0644
0.131472,0.0805
0.131476,0.0805
0.13148,0.0805
0.131484,0.0805
0.131488,0.0644
0.131492,0.0805
0.131496,0.0805
0.1315,0.0644
0.131504,0.0805
0.131508,0.0805
0.131512,0.0805
0.131516,0.0805
0.13152,0.0644
0.131524,0.0805
0.131528,0.0805
0.131532,0.0644
0.131536,0.0805
0.13154,0.0644
0.131544,0.0805
0.131548,0.0805
0.131552,0.09659999999999999
0.131556,0.0644
0.13156,0.0805
0.131564,0.0805
0.131568,0.0805
0.131572,0.0805
0.131576,0.0805
0.13158,0.0805
0.131584,0.0644
0.131588,0.0805
0.131592,0.0805
0.131596,0.0805
0.1316,0.0644
0.131604,0.0805
0.131608,0.0805
0.131612,0.0805
0.131616,0.0805
0.13162,0.0805
0.131624,0.0805
0.131628,0.0805
0.131632,0.0805
0.131636,0.0805
0.13164,0.0644
0.131644,0.0805
0.131648,0.0805
0.131652,0.0805
0.131656,0.09659999999999999
0.13166,0.0644
0.131664,0.0805
0.131668,0.0805
0.131672,0.0644
0.131676,0.0644
0.13168,0.0805
0.131684,0.0644
0.131688,0.0805
0.131692,0.0805
0.131696,0.0644
0.1317,0.0805
0.131704,0.0644
0.131708,0.09659999999999999
0.131712,0.0644
0.131716,0.0805
0.13172,0.09659999999999999
0.131724,0.0644
0.131728,0.0805
0.131732,0.0805
0.131736,0.0644
0.13174,0.0805
0.131744,0.0644
0.131748,0.0805
0.131752,0.0805
0.131756,0.0805
0.13176,0.0805
0.131764,0.0644
0.131768,0.0644
0.131772,0.0805
0.131776,0.0805
0.13178,0.0644
0.131784,0.0805
0.131788,0.0805
0.131792,0.0805
0.131796,0.09659999999999999
0.1318,0.0644
0.131804,0.0805
0.131808,0.09659999999999999
0.131812,0.0805
0.131816,0.0805
0.13182,0.0805
0.131824,0.0644
0.131828,0.0805
0.131832,0.0805
0.131836,0.0644
0.13184,0.0805
0.131844,0.0644
0.131848,0.0805
0.131852,0.0805
0.131856,0.0644
0.13186,0.0805
0.131864,0.0644
0.131868,0.0805
0.131872,0.0644
0.131876,0.0644
0.13188,0.0805
0.131884,0.0805
0.131888,0.0805
0.131892,0.0644
0.131896,0.0644
0.1319,0.0805
0.131904,0.0805
0.131908,0.0805
0.131912,0.0805
0.131916,0.09659999999999999
0.13192,0.0644
0.131924,0.0805
0.131928,0.0805
0.131932,0.0644
0.131936,0.0805
0.13194,0.0805
0.131944,0.0644
0.131948,0.0805
0.131952,0.09659999999999999
0.131956,0.0805
0.13196,0.0805
0.131964,0.0644
0.131968,0.0805
0.131972,0.0805
0.131976,0.0644
0.13198,0.0805
0.131984,0.0805
0.131988,0.0644
0.131992,0.0805
0.131996,0.0805
0.132,0.0644
0.132004,0.0644
0.132008,0.0805
0.132012,0.0805
0.132016,0.0644
0.13202,0.0805
0.132024,0.0805
0.132028,0.0644
0.132032,0.0805
0.132036,0.0644
0.13204,0.0644
0.132044,0.0805
0.132048,0.0805
0.132052,0.0644
0.132056,0.0805
0.13206,0.0805
0.132064,0.0805
0.132068,0.0644
0.132072,0.0644
0.132076,0.0805
0.13208,0.0644
0.132084,0.0322
0.132088,0.1288
0.132092,0.0161
0.132096,0.1288
0.1321,0.048299999999999996
0.132104,0.09659999999999999
0.132108,0.0644
0.132112,0.0805
0.132116,0.0644
0.13212,0.0805
0.132124,0.0644
0.132128,0.09659999999999999
0.132132,0.048299999999999996
0.132136,0.0805
0.13214,0.0805
0.132144,0.0805
0.132148,0.0805
0.132152,0.0644
0.132156,0.0644
0.13216,0.0805
0.132164,0.0644
0.132168,0.0805
0.132172,0.0644
0.132176,0.0644
0.13218,0.0805
0.132184,0.048299999999999996
0.132188,0.09659999999999999
0.132192,0.0644
0.132196,0.0805
0.1322,0.0644
0.132204,0.0644
0.132208,0.09659999999999999
0.132212,0.048299999999999996
0.132216,0.0644
0.13222,0.0805
0.132224,0.0644
0.132228,0.09659999999999999
0.132232,0.048299999999999996
0.132236,0.0644
0.13224,0.0805
0.132244,0.048299999999999996
0.132248,0.0805
0.132252,0.0805
0.132256,0.0644
0.13226,0.0805
0.132264,0.0644
0.132268,0.0805
0.132272,0.0805
0.132276,0.0644
0.13228,0.0805
0.132284,0.0644
0.132288,0.0805
0.132292,0.0805
0.132296,0.0644
0.1323,0.0644
0.132304,0.0644
0.132308,0.0805
0.132312,0.0805
0.132316,0.0644
0.13232,0.0805
0.132324,0.0644
0.132328,0.0644
0.132332,0.0644
0.132336,0.0805
0.13234,0.0644
0.132344,0.0805
0.132348,0.0805
0.132352,0.0644
0.132356,0.09659999999999999
0.13236,0.0644
0.132364,0.0805
0.132368,0.0805
0.132372,0.0644
0.132376,0.0805
0.13238,0.0644
0.132384,0.0644
0.132388,0.0805
0.132392,0.0644
0.132396,0.0644
0.1324,0.0805
0.132404,0.0805
0.132408,0.0805
0.132412,0.0644
0.132416,0.0805
0.13242,0.0805
0.132424,0.0644
0.132428,0.0805
0.132432,0.0644
0.132436,0.0644
0.13244,0.0644
0.132444,0.0805
0.132448,0.0644
0.132452,0.0644
0.132456,0.0805
0.13246,0.0644
0.132464,0.0644
0.132468,0.0805
0.132472,0.0805
0.132476,0.0644
0.13248,0.0805
0.132484,0.0644
0.132488,0.0805
0.132492,0.0644
0.132496,0.0805
0.1325,0.0644
0.132504,0.0644
0.132508,0.0805
0.132512,0.0805
0.132516,0.0644
0.13252,0.0644
0.132524,0.0644
0.132528,0.0644
0.132532,0.0805
0.132536,0.0644
0.13254,0.0644
0.132544,0.0805
0.132548,0.0644
0.132552,0.0805
0.132556,0.0805
0.13256,0.0805
0.132564,0.0644
0.132568,0.0805
0.132572,0.0805
0.132576,0.0644
0.13258,0.0644
0.132584,0.0805
0.132588,0.0644
0.132592,0.0805
0.132596,0.0644
0.1326,0.0805
0.132604,0.0805
0.132608,0.0805
0.132612,0.0644
0.132616,0.0805
0.13262,0.0644
0.132624,0.0805
0.132628,0.0805
0.132632,0.0644
0.132636,0.0644
0.13264,0.0644
0.132644,0.0805
0.132648,0.0805
0.132652,0.0644
0.132656,0.0644
0.13266,0.0644
0.132664,0.0805
0.132668,0.0644
0.132672,0.0644
0.132676,0.0644
0.13268,0.0644
0.132684,0.0805
0.132688,0.0805
0.132692,0.0644
0.132696,0.0644
0.1327,0.0644
0.132704,0.0805
0.132708,0.0644
0.132712,0.0644
0.132716,0.0644
0.13272,0.0805
0.132724,0.0805
0.132728,0.0644
0.132732,0.0805
0.132736,0.0644
0.13274,0.0805
0.132744,0.0805
0.132748,0.0644
0.132752,0.0644
0.132756,0.0805
0.13276,0.0644
0.132764,0.0644
0.132768,0.0644
0.132772,0.0644
0.132776,0.0644
0.13278,0.0644
0.132784,0.0805
0.132788,0.0805
0.132792,0.0805
0.132796,0.0644
0.1328,0.0644
0.132804,0.0644
0.132808,0.0644
0.132812,0.0644
0.132816,0.0644
0.13282,0.0644
0.132824,0.0644
0.132828,0.0644
0.132832,0.0805
0.132836,0.0644
0.13284,0.0644
0.132844,0.0644
0.132848,0.0644
0.132852,0.0644
0.132856,0.0805
0.13286,0.0644
0.132864,0.0644
0.132868,0.0805
0.132872,0.0644
0.132876,0.0805
0.13288,0.0644
0.132884,0.0644
0.132888,0.0805
0.132892,0.0644
0.132896,0.0644
0.1329,0.0644
0.132904,0.0805
0.132908,0.0644
0.132912,0.0644
0.132916,0.0805
0.13292,0.0644
0.132924,0.0805
0.132928,0.0805
0.132932,0.048299999999999996
0.132936,0.0805
0.13294,0.0805
0.132944,0.0644
0.132948,0.0805
0.132952,0.0644
0.132956,0.0805
0.13296,0.0644
0.132964,0.0644
0.132968,0.0805
0.132972,0.0805
0.132976,0.0644
0.13298,0.0644
0.132984,0.0805
0.132988,0.0644
0.132992,0.0644
0.132996,0.0805
0.133,0.0644
0.133004,0.09659999999999999
0.133008,0.0644
0.133012,0.0644
0.133016,0.0805
0.13302,0.0644
0.133024,0.0644
0.133028,0.0644
0.133032,0.0805
0.133036,0.0805
0.13304,0.0644
0.133044,0.0644
0.133048,0.0805
0.133052,0.0644
0.133056,0.0805
0.13306,0.0644
0.133064,0.0644
0.133068,0.0644
0.133072,0.0644
0.133076,0.0805
0.13308,0.0644
0.133084,0.0644
0.133088,0.0805
0.133092,0.0644
0.133096,0.0644
0.1331,0.0644
0.133104,0.0644
0.133108,0.0805
0.133112,0.0644
0.133116,0.0644
0.13312,0.0644
0.133124,0.0644
0.133128,0.0805
0.133132,0.0805
0.133136,0.048299999999999996
0.13314,0.0805
0.133144,0.0805
0.133148,0.0805
0.133152,0.0644
0.133156,0.0644
0.13316,0.0644
0.133164,0.0805
0.133168,0.0644
0.133172,0.0644
0.133176,0.0644
0.13318,0.0805
0.133184,0.0805
0.133188,0.0805
0.133192,0.0644
0.133196,0.0644
0.1332,0.0644
0.133204,0.0805
0.133208,0.0805
0.133212,0.048299999999999996
0.133216,0.0644
0.13322,0.0805
0.133224,0.0644
0.133228,0.0644
0.133232,0.0644
0.133236,0.0644
0.13324,0.0644
0.133244,0.0644
0.133248,0.0805
0.133252,0.0644
0.133256,0.0644
0.13326,0.0805
0.133264,0.048299999999999996
0.133268,0.0805
0.133272,0.0805
0.133276,0.0805
0.13328,0.0644
0.133284,0.0644
0.133288,0.0644
0.133292,0.0644
0.133296,0.0644
0.1333,0.0805
0.133304,0.0644
0.133308,0.0644
0.133312,0.0644
0.133316,0.0644
0.13332,0.0644
0.133324,0.0644
0.133328,0.0644
0.133332,0.0644
0.133336,0.0805
0.13334,0.0644
0.133344,0.0644
0.133348,0.0644
0.133352,0.0644
0.133356,0.0644
0.13336,0.0644
0.133364,0.0644
0.133368,0.0644
0.133372,0.048299999999999996
0.133376,0.0644
0.13338,0.0805
0.133384,0.0644
0.133388,0.0644
0.133392,0.048299999999999996
0.133396,0.0644
0.1334,0.0644
0.133404,0.0644
0.133408,0.0805
0.133412,0.0644
0.133416,0.0644
0.13342,0.0644
0.133424,0.0644
0.133428,0.0644
0.133432,0.0644
0.133436,0.048299999999999996
0.13344,0.0644
0.133444,0.0644
0.133448,0.0644
0.133452,0.0644
0.133456,0.0644
0.13346,0.0644
0.133464,0.0644
0.133468,0.0644
0.133472,0.0644
0.133476,0.0644
0.13348,0.0644
0.133484,0.0805
0.133488,0.0644
0.133492,0.0644
0.133496,0.0644
0.1335,0.048299999999999996
0.133504,0.0644
0.133508,0.0644
0.133512,0.0644
0.133516,0.0644
0.13352,0.0644
0.133524,0.0644
0.133528,0.0644
0.133532,0.0644
0.133536,0.0644
0.13354,0.0644
0.133544,0.0644
0.133548,0.0644
0.133552,0.0805
0.133556,0.0644
0.13356,0.0644
0.133564,0.048299999999999996
0.133568,0.0644
0.133572,0.0805
0.133576,0.0644
0.13358,0.0644
0.133584,0.0644
0.133588,0.0644
0.133592,0.0644
0.133596,0.0644
0.1336,0.0644
0.133604,0.048299999999999996
0.133608,0.0644
0.133612,0.0644
0.133616,0.0644
0.13362,0.0644
0.133624,0.0644
0.133628,0.0644
0.133632,0.0644
0.133636,0.048299999999999996
0.13364,0.0644
0.133644,0.0644
0.133648,0.0644
0.133652,0.0644
0.133656,0.048299999999999996
0.13366,0.0644
0.133664,0.048299999999999996
0.133668,0.0805
0.133672,0.048299999999999996
0.133676,0.0644
0.13368,0.0644
0.133684,0.0644
0.133688,0.0805
0.133692,0.0644
0.133696,0.0644
0.1337,0.0644
0.133704,0.0644
0.133708,0.0644
0.133712,0.0644
0.133716,0.0644
0.13372,0.0644
0.133724,0.0644
0.133728,0.0644
0.133732,0.0644
0.133736,0.0644
0.13374,0.0644
0.133744,0.0644
0.133748,0.0644
0.133752,0.0644
0.133756,0.0644
0.13376,0.0644
0.133764,0.048299999999999996
0.133768,0.0644
0.133772,0.0644
0.133776,0.0644
0.13378,0.0644
0.133784,0.0805
0.133788,0.0644
0.133792,0.0644
0.133796,0.0644
0.1338,0.0644
0.133804,0.0644
0.133808,0.0644
0.133812,0.048299999999999996
0.133816,0.0644
0.13382,0.0644
0.133824,0.0644
0.133828,0.048299999999999996
0.133832,0.0644
0.133836,0.048299999999999996
0.13384,0.0644
0.133844,0.0644
0.133848,0.0644
0.133852,0.0644
0.133856,0.0644
0.13386,0.048299999999999996
0.133864,0.0644
0.133868,0.048299999999999996
0.133872,0.0644
0.133876,0.0644
0.13388,0.048299999999999996
0.133884,0.0805
0.133888,0.0644
0.133892,0.0644
0.133896,0.0644
0.1339,0.048299999999999996
0.133904,0.0644
0.133908,0.0644
0.133912,0.048299999999999996
0.133916,0.0644
0.13392,0.0644
0.133924,0.048299999999999996
0.133928,0.0644
0.133932,0.0805
0.133936,0.048299999999999996
0.13394,0.0644
0.133944,0.0644
0.133948,0.0805
0.133952,0.0644
0.133956,0.0644
0.13396,0.0644
0.133964,0.048299999999999996
0.133968,0.0644
0.133972,0.0805
0.133976,0.048299999999999996
0.13398,0.0644
0.133984,0.0644
0.133988,0.0644
0.133992,0.0644
0.133996,0.048299999999999996
0.134,0.0644
0.134004,0.0644
0.134008,0.0644
0.134012,0.0644
0.134016,0.0644
0.13402,0.048299999999999996
0.134024,0.0644
0.134028,0.0644
0.134032,0.0644
0.134036,0.0644
0.13404,0.0644
0.134044,0.0644
0.134048,0.0644
0.134052,0.0644
0.134056,0.0644
0.13406,0.0644
0.134064,0.048299999999999996
0.134068,0.048299999999999996
0.134072,0.0644
0.134076,0.0644
0.13408,0.0644
0.134084,0.0644
0.134088,0.0644
0.134092,0.0644
0.134096,0.0644
0.1341,0.0644
0.134104,0.048299999999999996
0.134108,0.048299999999999996
0.134112,0.0644
0.134116,0.0644
0.13412,0.0644
0.134124,0.0644
0.134128,0.0644
0.134132,0.0644
0.134136,0.0805
0.13414,0.048299999999999996
0.134144,0.0644
0.134148,0.0644
0.134152,0.0805
0.134156,0.0644
0.13416,0.0644
0.134164,0.0644
0.134168,0.0644
0.134172,0.0805
0.134176,0.0644
0.13418,0.0805
0.134184,0.0805
0.134188,0.0644
0.134192,0.0644
0.134196,0.0805
0.1342,0.0644
0.134204,0.0805
0.134208,0.0805
0.134212,0.0644
0.134216,0.0644
0.13422,0.0644
0.134224,0.048299999999999996
0.134228,0.0644
0.134232,0.0805
0.134236,0.048299999999999996
0.13424,0.0805
0.134244,0.0644
0.134248,0.0805
0.134252,0.0644
0.134256,0.0644
0.13426,0.0805
0.134264,0.0644
0.134268,0.048299999999999996
0.134272,0.0644
0.134276,0.0644
0.13428,0.0644
0.134284,0.0644
0.134288,0.0644
0.134292,0.0644
0.134296,0.0644
0.1343,0.0644
0.134304,0.0644
0.134308,0.0644
0.134312,0.0644
0.134316,0.0644
0.13432,0.0644
0.134324,0.0805
0.134328,0.0644
0.134332,0.0644
0.134336,0.0644
0.13434,0.0644
0.134344,0.0644
0.134348,0.0644
0.134352,0.0644
0.134356,0.0644
0.13436,0.0805
0.134364,0.0644
0.134368,0.0644
0.134372,0.0644
0.134376,0.0644
0.13438,0.0805
0.134384,0.0644
0.134388,0.0805
0.134392,0.048299999999999996
0.134396,0.0644
0.1344,0.0644
0.134404,0.0644
0.134408,0.0644
0.134412,0.0644
0.134416,0.0644
0.13442,0.0644
0.134424,0.0644
0.134428,0.0644
0.134432,0.0644
0.134436,0.048299999999999996
0.13444,0.0644
0.134444,0.0644
0.134448,0.0644
0.134452,0.0644
0.134456,0.0644
0.13446,0.0805
0.134464,0.0644
0.134468,0.048299999999999996
0.134472,0.0644
0.134476,0.048299999999999996
0.13448,0.0805
0.134484,0.0644
0.134488,0.048299999999999996
0.134492,0.0644
0.134496,0.0644
0.1345,0.0644
0.134504,0.0644
0.134508,0.0644
0.134512,0.0644
0.134516,0.0644
0.13452,0.0644
0.134524,0.048299999999999996
0.134528,0.048299999999999996
0.134532,0.0644
0.134536,0.0644
0.13454,0.0644
0.134544,0.0644
0.134548,0.0644
0.134552,0.0644
0.134556,0.0644
0.13456,0.0644
0.134564,0.048299999999999996
0.134568,0.0644
0.134572,0.0644
0.134576,0.0644
0.13458,0.0644
0.134584,0.0644
0.134588,0.0644
0.134592,0.0644
0.134596,0.0644
0.1346,0.048299999999999996
0.134604,0.0644
0.134608,0.048299999999999996
0.134612,0.048299999999999996
0.134616,0.0644
0.13462,0.0644
0.134624,0.0644
0.134628,0.0644
0.134632,0.048299999999999996
0.134636,0.048299999999999996
0.13464,0.0805
0.134644,0.048299999999999996
0.134648,0.0644
0.134652,0.0644
0.134656,0.0644
0.13466,0.048299999999999996
0.134664,0.048299999999999996
0.134668,0.0644
0.134672,0.0644
0.134676,0.0644
0.13468,0.048299999999999996
0.134684,0.048299999999999996
0.134688,0.0644
0.134692,0.0644
0.134696,0.048299999999999996
0.1347,0.048299999999999996
0.134704,0.0644
0.134708,0.048299999999999996
0.134712,0.0644
0.134716,0.0644
0.13472,0.048299999999999996
0.134724,0.0644
0.134728,0.048299999999999996
0.134732,0.0644
0.134736,0.048299999999999996
0.13474,0.048299999999999996
0.134744,0.048299999999999996
0.134748,0.048299999999999996
0.134752,0.0644
0.134756,0.048299999999999996
0.13476,0.048299999999999996
0.134764,0.048299999999999996
0.134768,0.0322
0.134772,0.0644
0.134776,0.048299999999999996
0.13478,0.048299999999999996
0.134784,0.0644
0.134788,0.048299999999999996
0.134792,0.048299999999999996
0.134796,0.048299999999999996
0.1348,0.0644
0.134804,0.0322
0.134808,0.0644
0.134812,0.0322
0.134816,0.0644
0.13482,0.048299999999999996
0.134824,0.048299999999999996
0.134828,0.048299999999999996
0.134832,0.0322
0.134836,0.048299999999999996
0.13484,0.048299999999999996
0.134844,0.0322
0.134848,0.0644
0.134852,0.0322
0.134856,0.048299999999999996
0.13486,0.0322
0.134864,0.048299999999999996
0.134868,0.0322
0.134872,0.0322
0.134876,0.0322
0.13488,0.0322
0.134884,0.048299999999999996
0.134888,0.048299999999999996
0.134892,0.0322
0.134896,0.048299999999999996
0.1349,0.0322
0.134904,0.048299999999999996
0.134908,0.0322
0.134912,0.0322
0.134916,0.048299999999999996
0.13492,0.048299999999999996
0.134924,0.0161
0.134928,0.048299999999999996
0.134932,0.048299999999999996
0.134936,0.048299999999999996
0.13494,0.0322
0.134944,0.0161
0.134948,0.0322
0.134952,0.0322
0.134956,0.0322
0.13496,0.048299999999999996
0.134964,0.0322
0.134968,0.0322
0.134972,0.0322
0.134976,0.0322
0.13498,0.048299999999999996
0.134984,0.0322
0.134988,0.0322
0.134992,0.048299999999999996
0.134996,0.0322
0.135,0.0322
0.135004,0.0322
0.135008,0.0161
0.135012,0.0322
0.135016,0.048299999999999996
0.13502,0.0161
0.135024,0.048299999999999996
0.135028,0.0322
0.135032,0.0322
0.135036,0.048299999999999996
0.13504,0.0161
0.135044,0.0322
0.135048,0.0322
0.135052,0.0322
0.135056,0.0322
0.13506,0.0161
0.135064,0.0322
0.135068,0.0322
0.135072,0.0161
0.135076,0.0322
0.13508,0.0161
0.135084,0.0322
0.135088,0.0322
0.135092,0.0322
0.135096,0.0161
0.1351,0.0161
0.135104,0.0322
0.135108,0.0322
0.135112,0.0161
0.135116,0.0161
0.13512,0.0161
0.135124,0.0322
0.135128,0.0322
0.135132,0.0322
0.135136,0.0161
0.13514,0.0322
0.135144,0.0322
0.135148,0.0161
0.135152,0.0322
0.135156,0.0322
0.13516,0.0161
0.135164,0.0322
0.135168,0.0161
0.135172,0.0322
0.135176,0.0322
0.13518,0.0161
0.135184,0.0322
0.135188,0.0322
0.135192,0.0161
0.135196,0.0161
0.1352,0.0322
0.135204,0.0161
0.135208,0.0161
0.135212,0.0322
0.135216,0.0161
0.13522,0.0161
0.135224,0.0161
0.135228,0.0161
0.135232,0.0161
0.135236,0.0161
0.13524,0.0322
0.135244,0.0161
0.135248,0.0161
0.135252,0.0161
0.135256,0.0161
0.13526,0.0322
0.135264,0.0161
0.135268,0.0322
0.135272,0.0161
0.135276,0.0161
0.13528,0.0322
0.135284,0.0161
0.135288,0.0322
0.135292,0.0161
0.135296,0.0161
0.1353,0.0161
0.135304,0.0161
0.135308,0.0161
0.135312,0.0161
0.135316,0.0161
0.13532,0.0322
0.135324,0.0161
0.135328,0.0322
0.135332,0.0161
0.135336,0.0161
0.13534,0.0161
0.135344,0.0161
0.135348,0.0322
0.135352,0.0161
0.135356,0.0161
0.13536,0.0161
0.135364,0.0322
0.135368,0.0161
0.135372,0.0161
0.135376,0.0161
0.13538,-0.0
0.135384,0.0161
0.135388,0.0161
0.135392,-0.0
0.135396,0.0161
0.1354,0.0161
0.135404,0.0322
0.135408,0.0161
0.135412,0.0161
0.135416,0.0161
0.13542,-0.0
0.135424,0.0161
0.135428,-0.0
0.135432,0.0161
0.135436,0.0161
0.13544,0.0161
0.135444,0.0161
0.135448,-0.0
0.135452,-0.0
0.135456,0.0161
0.13546,0.0161
0.135464,0.0161
0.135468,0.0161
0.135472,0.0161
0.135476,0.0161
0.13548,0.0322
0.135484,0.0161
0.135488,0.0161
0.135492,0.0161
0.135496,0.0161
0.1355,0.0161
0.135504,0.0161
0.135508,0.0161
0.135512,0.0161
0.135516,0.0161
0.13552,0.0161
0.135524,-0.0
0.135528,0.0161
0.135532,0.0161
0.135536,0.0161
0.13554,0.0161
0.135544,0.0161
0.135548,0.0161
0.135552,0.0161
0.135556,0.0161
0.13556,0.0161
0.135564,0.0161
0.135568,0.0161
0.135572,0.0161
0.135576,-0.0
0.13558,-0.0
0.135584,-0.0
0.135588,-0.0
0.135592,0.0161
0.135596,0.0161
0.1356,0.0161
0.135604,0.0161
0.135608,0.0161
0.135612,0.0161
0.135616,-0.0
0.13562,0.0161
0.135624,-0.0
0.135628,-0.0
0.135632,0.0161
0.135636,0.0161
0.13564,0.0161
0.135644,0.0161
0.135648,0.0161
0.135652,0.0161
0.135656,-0.0
0.13566,0.0161
0.135664,0.0161
0.135668,0.0161
0.135672,0.0161
0.135676,0.0161
0.13568,0.0161
0.135684,0.0161
0.135688,0.0161
0.135692,0.0161
0.135696,0.0161
0.1357,0.0161
0.135704,-0.0
0.135708,0.0161
0.135712,0.0161
0.135716,0.0161
0.13572,0.0161
0.135724,0.0161
0.135728,0.0322
0.135732,-0.0
0.135736,-0.0
0.13574,-0.0
0.135744,-0.0
0.135748,0.0161
0.135752,-0.0161
0.135756,-0.0
0.13576,-0.0
0.135764,-0.0161
0.135768,-0.0
0.135772,-0.0161
0.135776,-0.0
0.13578,0.0161
0.135784,-0.0
0.135788,0.0161
0.135792,-0.0
0.135796,-0.0161
0.1358,-0.0
0.135804,-0.0
0.135808,-0.0
0.135812,-0.0
0.135816,-0.0161
0.13582,-0.0
0.135824,0.0161
0.135828,-0.0
0.135832,-0.0
0.135836,-0.0
0.13584,-0.0161
0.135844,0.0161
0.135848,-0.0
0.135852,-0.0
0.135856,-0.0
0.13586,-0.0161
0.135864,-0.0
0.135868,-0.0161
0.135872,-0.0161
0.135876,-0.0
0.13588,-0.0
0.135884,0.0161
0.135888,0.0161
0.135892,0.0161
0.135896,0.0161
0.1359,0.0161
0.135904,0.0161
0.135908,0.0161
0.135912,0.0161
0.135916,0.0161
0.13592,0.0161
0.135924,-0.0
0.135928,-0.0
0.135932,-0.0
0.135936,-0.0
0.13594,-0.0161
0.135944,-0.0
0.135948,-0.0161
0.135952,-0.0
0.135956,-0.0
0.13596,-0.0161
0.135964,-0.0
0.135968,-0.0
0.135972,-0.0
0.135976,-0.0161
0.13598,0.0161
0.135984,-0.0
0.135988,-0.0
0.135992,0.0161
0.135996,-0.0
0.136,-0.0
0.136004,-0.0
0.136008,-0.0
0.136012,-0.0
0.136016,-0.0
0.13602,-0.0161
0.136024,-0.0
0.136028,-0.0161
0.136032,-0.0
0.136036,-0.0161
0.13604,-0.0
0.136044,0.0161
0.136048,-0.0
0.136052,-0.0
0.136056,-0.0161
0.13606,-0.0161
0.136064,-0.0161
0.136068,-0.0
0.136072,0.0161
0.136076,-0.0
0.13608,-0.0
0.136084,-0.0
0.136088,-0.0
0.136092,-0.0
0.136096,-0.0161
0.1361,-0.0
0.136104,-0.0161
0.136108,0.0161
0.136112,-0.0
0.136116,-0.0161
0.13612,-0.0
0.136124,-0.0
0.136128,-0.0161
0.136132,-0.0161
0.136136,-0.0
0.13614,-0.0
0.136144,-0.0161
0.136148,-0.0
0.136152,-0.0
0.136156,-0.0
0.13616,-0.0
0.136164,-0.0
0.136168,-0.0161
0.136172,-0.0
0.136176,-0.0
0.13618,-0.0
0.136184,-0.0
0.136188,-0.0
0.136192,-0.0161
0.136196,-0.0
0.1362,-0.0
0.136204,-0.0
0.136208,-0.0
0.136212,-0.0
0.136216,-0.0
0.13622,-0.0161
0.136224,-0.0
0.136228,-0.0
0.136232,-0.0161
0.136236,-0.0
0.13624,0.0161
0.136244,-0.0
0.136248,-0.0
0.136252,-0.0161
0.136256,-0.0
0.13626,-0.0
0.136264,-0.0
0.136268,-0.0161
0.136272,-0.0
0.136276,-0.0
0.13628,-0.0
0.136284,-0.0
0.136288,-0.0
0.136292,-0.0
0.136296,-0.0
0.1363,-0.0161
0.136304,-0.0
0.136308,-0.0
0.136312,0.0161
0.136316,-0.0
0.13632,-0.0
0.136324,-0.0
0.136328,0.0161
0.136332,-0.0
0.136336,-0.0
0.13634,-0.0161
0.136344,-0.0
0.136348,-0.0
0.136352,-0.0161
0.136356,0.0161
0.13636,-0.0
0.136364,-0.0
0.136368,0.0161
0.136372,-0.0
0.136376,-0.0
0.13638,-0.0
0.136384,0.0161
0.136388,0.0161
0.136392,-0.0
0.136396,-0.0
0.1364,-0.0161
0.136404,0.0161
0.136408,0.0161
0.136412,-0.0
0.136416,0.0161
0.13642,0.0161
0.136424,0.0161
0.136428,0.0161
0.136432,-0.0
0.136436,-0.0
0.13644,-0.0
0.136444,0.0161
0.136448,0.0161
0.136452,-0.0
0.136456,0.0161
0.13646,-0.0
0.136464,0.0161
0.136468,0.0161
0.136472,0.0161
0.136476,0.0161
0.13648,0.0161
0.136484,-0.0
0.136488,-0.0
0.136492,-0.0161
0.136496,-0.0161
0.1365,-0.0
0.136504,0.0161
0.136508,0.0161
0.136512,0.0161
0.136516,-0.0
0.13652,-0.0
0.136524,-0.0
0.136528,0.0161
0.136532,0.0161
0.136536,-0.0
0.13654,-0.0
0.136544,0.0161
0.136548,-0.0
0.136552,0.0161
0.136556,0.0161
0.13656,0.0161
0.136564,-0.0
0.136568,-0.0
0.136572,0.0161
0.136576,0.0322
0.13658,0.0161
0.136584,0.0161
0.136588,0.0161
0.136592,-0.0
0.136596,-0.0
0.1366,-0.0
0.136604,-0.0161
0.136608,-0.0
0.136612,0.0161
0.136616,0.0161
0.13662,0.0161
0.136624,-0.0
0.136628,0.0161
0.136632,-0.0
0.136636,-0.0
0.13664,0.0161
0.136644,0.0161
0.136648,0.0161
0.136652,0.0161
0.136656,0.0161
0.13666,0.0161
0.136664,0.0161
0.136668,0.0161
0.136672,0.0161
0.136676,0.0161
0.13668,0.0161
0.136684,0.0161
0.136688,0.0161
0.136692,-0.0
0.136696,0.0161
0.1367,0.0161
0.136704,0.0161
0.136708,0.0161
0.136712,-0.0
0.136716,0.0161
0.13672,-0.0161
0.136724,0.0161
0.136728,0.0161
0.136732,-0.0
0.136736,-0.0
0.13674,-0.0
0.136744,0.0161
0.136748,0.0161
0.136752,-0.0
0.136756,0.0161
0.13676,-0.0
0.136764,-0.0161
0.136768,0.0161
0.136772,0.0161
0.136776,0.0161
0.13678,-0.0
0.136784,-0.0
0.136788,0.0161
0.136792,0.0161
0.136796,0.0161
0.1368,-0.0
0.136804,-0.0
0.136808,-0.0
0.136812,0.0161
0.136816,0.0161
0.13682,-0.0
0.136824,-0.0
0.136828,-0.0
0.136832,-0.0
0.136836,0.0161
0.13684,0.0161
0.136844,0.0161
0.136848,0.0161
0.136852,0.0161
0.136856,0.0161
0.13686,-0.0
0.136864,-0.0
0.136868,-0.0
0.136872,-0.0
0.136876,-0.0
0.13688,-0.0
0.136884,0.0161
0.136888,-0.0161
0.136892,-0.0
0.136896,0.0161
0.1369,-0.0161
0.136904,0.0161
0.136908,0.0161
0.136912,-0.0
0.136916,-0.0161
0.13692,-0.0
0.136924,0.0161
0.136928,0.0161
0.136932,-0.0161
0.136936,-0.0
0.13694,-0.0161
0.136944,-0.0
0.136948,-0.0
0.136952,-0.0
0.136956,-0.0
0.13696,-0.0
0.136964,-0.0
0.136968,-0.0
0.136972,-0.0
0.136976,-0.0161
0.13698,-0.0
0.136984,-0.0
0.136988,-0.0161
0.136992,-0.0
0.136996,-0.0161
0.137,0.0161
0.137004,0.0161
0.137008,-0.0161
0.137012,0.0161
0.137016,0.0161
0.13702,-0.0
0.137024,-0.0161
0.137028,0.0161
0.137032,0.0161
0.137036,-0.0
0.13704,0.0161
0.137044,0.0161
0.137048,-0.0
0.137052,-0.0
0.137056,-0.0
0.13706,-0.0
0.137064,-0.0161
0.137068,-0.0
0.137072,-0.0
0.137076,-0.0161
0.13708,-0.0
0.137084,-0.0161
0.137088,-0.0
0.137092,-0.0
0.137096,-0.0
0.1371,-0.0161
0.137104,-0.0
0.137108,-0.0
0.137112,-0.0161
0.137116,-0.0
0.13712,0.0161
0.137124,-0.0
0.137128,-0.0
0.137132,-0.0
0.137136,-0.0161
0.13714,-0.0
0.137144,-0.0
0.137148,-0.0
0.137152,-0.0161
0.137156,-0.0
0.13716,-0.0
0.137164,-0.0
0.137168,-0.0
0.137172,-0.0161
0.137176,-0.0
0.13718,-0.0
0.137184,-0.0
0.137188,-0.0
0.137192,-0.0161
0.137196,-0.0161
0.1372,-0.0
0.137204,-0.0161
0.137208,-0.0
0.137212,-0.0161
0.137216,-0.0161
0.13722,-0.0
0.137224,-0.0161
0.137228,-0.0
0.137232,-0.0
0.137236,-0.0161
0.13724,-0.0161
0.137244,-0.0161
0.137248,-0.0161
0.137252,-0.0161
0.137256,-0.0
0.13726,-0.0161
0.137264,-0.0
0.137268,-0.0
0.137272,-0.0161
0.137276,-0.0
0.13728,-0.0161
0.137284,-0.0161
0.137288,-0.0
0.137292,-0.0
0.137296,-0.0161
0.1373,-0.0161
0.137304,-0.0161
0.137308,-0.0161
0.137312,-0.0
0.137316,-0.0
0.13732,-0.0161
0.137324,-0.0161
0.137328,-0.0161
0.137332,-0.0161
0.137336,-0.0161
0.13734,-0.0161
0.137344,-0.0
0.137348,-0.0161
0.137352,-0.0
0.137356,-0.0
0.13736,-0.0
0.137364,-0.0
0.137368,-0.0
0.137372,-0.0161
0.137376,-0.0
0.13738,-0.0
0.137384,-0.0
0.137388,-0.0161
0.137392,-0.0161
0.137396,-0.0161
0.1374,-0.0
0.137404,-0.0
0.137408,-0.0
0.137412,-0.0161
0.137416,-0.0
0.13742,-0.0
0.137424,-0.0161
0.137428,-0.0
0.137432,-0.0161
0.137436,-0.0
0.13744,-0.0
0.137444,-0.0161
0.137448,-0.0161
0.137452,-0.0
0.137456,-0.0161
0.13746,-0.0161
0.137464,-0.0
0.137468,0.0161
0.137472,-0.0
0.137476,-0.0161
0.13748,0.0161
0.137484,-0.0
0.137488,-0.0
0.137492,-0.0
0.137496,-0.0161
0.1375,-0.0161
0.137504,-0.0
0.137508,-0.0161
0.137512,0.0161
0.137516,0.0161
0.13752,0.0161
0.137524,0.0161
0.137528,-0.0
0.137532,-0.0161
0.137536,-0.0
0.13754,-0.0161
0.137544,-0.0
0.137548,-0.0
0.137552,-0.0
0.137556,-0.0
0.13756,-0.0
0.137564,-0.0161
0.137568,-0.0
0.137572,-0.0
0.137576,-0.0
0.13758,-0.0
0.137584,-0.0161
0.137588,-0.0
0.137592,-0.0
0.137596,0.0161
0.1376,-0.0
0.137604,-0.0161
0.137608,-0.0
0.137612,-0.0
0.137616,-0.0161
0.13762,-0.0161
0.137624,-0.0
0.137628,-0.0
0.137632,-0.0
0.137636,-0.0
0.13764,-0.0161
0.137644,-0.0
0.137648,-0.0
0.137652,0.0161
0.137656,-0.0
0.13766,-0.0
0.137664,-0.0161
0.137668,0.0161
0.137672,-0.0
0.137676,-0.0
0.13768,-0.0
0.137684,-0.0161
0.137688,-0.0161
0.137692,-0.0
0.137696,-0.0
0.1377,-0.0161
0.137704,-0.0
0.137708,-0.0161
0.137712,0.0161
0.137716,0.0161
0.13772,-0.0161
0.137724,-0.0
0.137728,0.0161
0.137732,0.0161
0.137736,-0.0
0.13774,-0.0
0.137744,-0.0
0.137748,-0.0161
0.137752,-0.0161
0.137756,0.0161
0.13776,-0.0161
0.137764,-0.0161
0.137768,-0.0
0.137772,-0.0161
0.137776,-0.0
0.13778,-0.0
0.137784,-0.0161
0.137788,0.0161
0.137792,0.0161
0.137796,-0.0
0.1378,-0.0
0.137804,-0.0161
0.137808,-0.0
0.137812,-0.0
0.137816,-0.0161
0.13782,-0.0161
0.137824,-0.0
0.137828,-0.0
0.137832,-0.0
0.137836,-0.0161
0.13784,-0.0161
0.137844,-0.0
0.137848,-0.0161
0.137852,0.0161
0.137856,-0.0
0.13786,-0.0161
0.137864,-0.0
0.137868,-0.0
0.137872,-0.0161
0.137876,-0.0
0.13788,-0.0
0.137884,-0.0
0.137888,0.0322
0.137892,-0.0322
0.137896,0.0161
0.1379,-0.0161
0.137904,0.0161
0.137908,0.0322
0.137912,-0.0322
0.137916,0.0161
0.13792,0.0161
0.137924,-0.0161
0.137928,0.0322
0.137932,-0.0322
0.137936,0.0161
0.13794,-0.0
0.137944,-0.0
0.137948,-0.0
0.137952,-0.0161
0.137956,-0.0161
0.13796,0.0161
0.137964,-0.0161
0.137968,0.0161
0.137972,-0.0161
0.137976,0.0161
0.13798,-0.0
0.137984,-0.0161
0.137988,0.0161
0.137992,-0.0
0.137996,-0.0161
0.138,-0.0
0.138004,-0.0322
0.138008,0.0161
0.138012,-0.0
0.138016,-0.0
0.13802,-0.0
0.138024,-0.0
0.138028,-0.0
0.138032,-0.0161
0.138036,-0.0
0.13804,-0.0161
0.138044,-0.0
0.138048,0.0161
0.138052,-0.0
0.138056,-0.0
0.13806,-0.0
0.138064,-0.0
0.138068,-0.0161
0.138072,-0.0161
0.138076,0.0161
0.13808,-0.0161
0.138084,-0.0
0.138088,-0.0
0.138092,-0.0161
0.138096,-0.0
0.1381,-0.0
0.138104,-0.0161
0.138108,-0.0
0.138112,-0.0
0.138116,-0.0
0.13812,-0.0
0.138124,-0.0161
0.138128,0.0161
0.138132,-0.0
0.138136,-0.0
0.13814,-0.0
0.138144,-0.0161
0.138148,0.0161
0.138152,-0.0
0.138156,0.0161
0.13816,-0.0
0.138164,-0.0
0.138168,-0.0
0.138172,-0.0161
0.138176,-0.0
0.13818,-0.0161
0.138184,-0.0
0.138188,-0.0
0.138192,-0.0161
0.138196,-0.0
0.1382,-0.0161
0.138204,-0.0
0.138208,-0.0
0.138212,-0.0
0.138216,-0.0
0.13822,-0.0161
0.138224,0.0161
0.138228,-0.0
0.138232,-0.0
0.138236,-0.0
0.13824,-0.0161
0.138244,-0.0
0.138248,-0.0161
0.138252,-0.0
0.138256,-0.0161
0.13826,-0.0161
0.138264,-0.0161
0.138268,-0.0161
0.138272,-0.0161
0.138276,-0.0
0.13828,-0.0
0.138284,-0.0161
0.138288,-0.0161
0.138292,-0.0161
0.138296,-0.0
0.1383,-0.0161
0.138304,-0.0
0.138308,-0.0161
0.138312,-0.0161
0.138316,-0.0
0.13832,-0.0
0.138324,-0.0
0.138328,-0.0161
0.138332,-0.0161
0.138336,-0.0
0.13834,-0.0161
0.138344,-0.0161
0.138348,-0.0161
0.138352,0.0161
0.138356,0.0161
0.13836,-0.0
0.138364,-0.0161
0.138368,-0.0
0.138372,-0.0
0.138376,-0.0161
0.13838,-0.0161
0.138384,-0.0
0.138388,-0.0
0.138392,-0.0
0.138396,0.0161
0.1384,-0.0
0.138404,-0.0
0.138408,-0.0
0.138412,-0.0
0.138416,-0.0161
0.13842,-0.0
0.138424,-0.0161
0.138428,-0.0161
0.138432,-0.0
0.138436,-0.0161
0.13844,-0.0
0.138444,-0.0161
0.138448,-0.0
0.138452,-0.0161
0.138456,-0.0
0.13846,0.0161
0.138464,-0.0322
0.138468,-0.0
0.138472,-0.0161
0.138476,-0.0
0.13848,-0.0
0.138484,-0.0161
0.138488,-0.0
0.138492,0.0161
0.138496,-0.0
0.1385,-0.0
0.138504,-0.0161
0.138508,0.0161
0.138512,0.0161
0.138516,-0.0161
0.13852,-0.0
0.138524,-0.0161
0.138528,-0.0161
0.138532,-0.0
0.138536,-0.0161
0.13854,-0.0
0.138544,-0.0
0.138548,-0.0161
0.138552,-0.0
0.138556,-0.0
0.13856,-0.0
0.138564,-0.0
0.138568,-0.0
0.138572,-0.0161
0.138576,-0.0
0.13858,-0.0161
0.138584,0.0161
0.138588,0.0161
0.138592,-0.0
0.138596,-0.0
0.1386,-0.0
0.138604,-0.0161
0.138608,-0.0
0.138612,-0.0
0.138616,-0.0
0.13862,-0.0161
0.138624,-0.0
0.138628,-0.0
0.138632,-0.0
0.138636,-0.0161
0.13864,-0.0
0.138644,-0.0161
0.138648,-0.0161
0.138652,-0.0
0.138656,-0.0161
0.13866,-0.0161
0.138664,-0.0
0.138668,-0.0
0.138672,-0.0
0.138676,-0.0161
0.13868,-0.0
0.138684,-0.0
0.138688,-0.0
0.138692,-0.0
0.138696,-0.0161
0.1387,-0.0161
0.138704,-0.0161
0.138708,-0.0
0.138712,-0.0
0.138716,-0.0
0.13872,-0.0
0.138724,0.0161
0.138728,-0.0
0.138732,-0.0
0.138736,-0.0
0.13874,-0.0161
0.138744,0.0161
0.138748,-0.0
0.138752,-0.0161
0.138756,0.0161
0.13876,0.0322
0.138764,-0.0
0.138768,-0.0
0.138772,-0.0
0.138776,-0.0161
0.13878,-0.0
0.138784,-0.0161
0.138788,-0.0
0.138792,-0.0161
0.138796,0.0161
0.1388,-0.0
0.138804,-0.0
0.138808,-0.0
0.138812,-0.0
0.138816,-0.0
0.13882,-0.0161
0.138824,-0.0
0.138828,-0.0161
0.138832,-0.0
0.138836,-0.0
0.13884,-0.0
0.138844,-0.0161
0.138848,-0.0
0.138852,-0.0
0.138856,-0.0
0.13886,-0.0
0.138864,-0.0
0.138868,-0.0161
0.138872,-0.0
0.138876,-0.0
0.13888,-0.0161
0.138884,0.0161
0.138888,-0.0
0.138892,-0.0
0.138896,-0.0161
0.1389,-0.0
0.138904,-0.0
0.138908,-0.0161
0.138912,-0.0
0.138916,0.0161
0.13892,-0.0
0.138924,-0.0161
0.138928,0.0161
0.138932,-0.0
0.138936,-0.0161
0.13894,0.0161
0.138944,-0.0
0.138948,-0.0
0.138952,0.0161
0.138956,0.0161
0.13896,0.0161
0.138964,-0.0
0.138968,0.0161
0.138972,-0.0
0.138976,-0.0
0.13898,-0.0
0.138984,-0.0161
0.138988,0.0161
0.138992,-0.0
0.138996,-0.0
0.139,-0.0
0.139004,-0.0161
0.139008,-0.0
0.139012,-0.0
0.139016,-0.0
0.13902,0.0161
0.139024,0.0161
0.139028,0.0161
0.139032,0.0161
0.139036,-0.0
0.13904,-0.0
0.139044,-0.0
0.139048,-0.0
0.139052,-0.0
0.139056,0.0161
0.13906,-0.0
0.139064,-0.0
0.139068,-0.0161
0.139072,-0.0
0.139076,-0.0
0.13908,-0.0
0.139084,-0.0
0.139088,-0.0
0.139092,-0.0161
0.139096,-0.0
0.1391,0.0161
0.139104,-0.0
0.139108,0.0161
0.139112,-0.0
0.139116,-0.0
0.13912,-0.0
0.139124,-0.0
0.139128,-0.0
0.139132,0.0161
0.139136,0.0161
0.13914,-0.0161
0.139144,0.0161
0.139148,0.0161
0.139152,0.0161
0.139156,0.0161
0.13916,0.0161
0.139164,-0.0
0.139168,0.0161
0.139172,-0.0
0.139176,0.0161
0.13918,0.0161
0.139184,0.0161
0.139188,-0.0
0.139192,-0.0
0.139196,-0.0
0.1392,-0.0161
0.139204,-0.0
0.139208,-0.0161
0.139212,-0.0
0.139216,-0.0161
0.13922,-0.0
0.139224,-0.0161
0.139228,-0.0
0.139232,-0.0
0.139236,-0.0
0.13924,0.0161
0.139244,0.0161
0.139248,-0.0
0.139252,-0.0
0.139256,-0.0
0.13926,0.0161
0.139264,-0.0
0.139268,-0.0161
0.139272,-0.0
0.139276,0.0161
0.13928,0.0161
0.139284,-0.0
0.139288,-0.0
0.139292,-0.0161
0.139296,0.0161
0.1393,-0.0
0.139304,-0.0161
0.139308,-0.0
0.139312,-0.0
0.139316,0.0161
0.13932,0.0161
0.139324,-0.0
0.139328,0.0161
0.139332,-0.0
0.139336,-0.0
0.13934,-0.0161
0.139344,-0.0
0.139348,-0.0161
0.139352,0.0161
0.139356,0.0161
0.13936,0.0161
0.139364,-0.0
0.139368,0.0161
0.139372,0.0161
0.139376,-0.0161
0.13938,-0.0
0.139384,0.0161
0.139388,-0.0161
0.139392,-0.0
0.139396,-0.0
0.1394,-0.0161
0.139404,0.0161
0.139408,-0.0
0.139412,-0.0
0.139416,0.0161
0.13942,-0.0
0.139424,-0.0
0.139428,-0.0
0.139432,0.0161
0.139436,0.0161
0.13944,-0.0161
0.139444,-0.0
0.139448,-0.0
0.139452,-0.0161
0.139456,-0.0
0.13946,-0.0
0.139464,-0.0161
0.139468,-0.0
0.139472,-0.0161
0.139476,-0.0
0.13948,0.0161
0.139484,-0.0161
0.139488,-0.0
0.139492,-0.0
0.139496,-0.0161
0.1395,-0.0
0.139504,-0.0
0.139508,-0.0
0.139512,-0.0
0.139516,-0.0
0.13952,0.0161
0.139524,-0.0
0.139528,-0.0
0.139532,0.0161
0.139536,-0.0
0.13954,-0.0
0.139544,-0.0
0.139548,0.0161
0.139552,-0.0
0.139556,-0.0
0.13956,-0.0
0.139564,-0.0161
0.139568,0.0161
0.139572,-0.0
0.139576,-0.0
0.13958,-0.0161
0.139584,-0.0
0.139588,0.0161
0.139592,0.0161
0.139596,0.0161
0.1396,-0.0
0.139604,-0.0
0.139608,0.0161
0.139612,-0.0161
0.139616,-0.0161
0.13962,-0.0
0.139624,-0.0
0.139628,-0.0
0.139632,-0.0
0.139636,-0.0
0.13964,-0.0161
0.139644,-0.0
0.139648,-0.0
0.139652,-0.0161
0.139656,-0.0
0.13966,0.0161
0.139664,-0.0
0.139668,-0.0
0.139672,0.0161
0.139676,-0.0161
0.13968,0.0161
0.139684,-0.0
0.139688,-0.0
0.139692,-0.0161
0.139696,-0.0161
0.1397,0.0161
0.139704,-0.0
0.139708,-0.0
0.139712,-0.0161
0.139716,-0.0
0.13972,-0.0
0.139724,0.0161
0.139728,-0.0
0.139732,-0.0
0.139736,-0.0161
0.13974,-0.0
0.139744,-0.0161
0.139748,-0.0
0.139752,-0.0
0.139756,-0.0
0.13976,-0.0161
0.139764,-0.0
0.139768,0.0161
0.139772,-0.0161
0.139776,0.0161
0.13978,0.0161
0.139784,-0.0
0.139788,-0.0
0.139792,0.0161
0.139796,-0.0
0.1398,-0.0
0.139804,-0.0
0.139808,-0.0
0.139812,-0.0161
0.139816,-0.0161
0.13982,0.0161
0.139824,-0.0
0.139828,-0.0
0.139832,0.0161
0.139836,-0.0
0.13984,-0.0
0.139844,-0.0161
0.139848,-0.0
0.139852,-0.0
0.139856,-0.0
0.13986,-0.0
0.139864,-0.0161
0.139868,-0.0
0.139872,-0.0
0.139876,-0.0161
0.13988,-0.0
0.139884,-0.0161
0.139888,-0.0
0.139892,-0.0161
0.139896,-0.0
0.1399,-0.0
0.139904,-0.0161
0.139908,-0.0161
0.139912,-0.0161
0.139916,-0.0
0.13992,-0.0
0.139924,-0.0161
0.139928,-0.0
0.139932,-0.0161
0.139936,-0.0
0.13994,-0.0
0.139944,-0.0161
0.139948,0.0161
0.139952,-0.0
0.139956,-0.0161
0.13996,-0.0
0.139964,-0.0161
0.139968,-0.0
0.139972,-0.0
0.139976,-0.0
0.13998,-0.0
0.139984,-0.0161
0.139988,-0.0161
0.139992,-0.0
0.139996,-0.0
0.14,-0.0
0.140004,-0.0161
0.140008,-0.0161
0.140012,-0.0
0.140016,0.0161
0.14002,-0.0
0.140024,-0.0161
0.140028,-0.0
0.140032,-0.0161
0.140036,-0.0
0.14004,-0.0161
0.140044,-0.0
0.140048,-0.0
0.140052,-0.0
0.140056,0.0161
0.14006,-0.0
0.140064,-0.0
0.140068,-0.0161
0.140072,-0.0
0.140076,-0.0161
0.14008,-0.0161
0.140084,-0.0161
0.140088,-0.0161
0.140092,-0.0
0.140096,-0.0161
0.1401,-0.0161
0.140104,0.0161
0.140108,-0.0
0.140112,-0.0
0.140116,-0.0
0.14012,-0.0161
0.140124,-0.0161
0.140128,-0.0161
0.140132,0.0161
0.140136,-0.0
0.14014,-0.0161
0.140144,-0.0161
0.140148,-0.0
0.140152,-0.0
0.140156,-0.0
0.14016,-0.0161
0.140164,-0.0161
0.140168,-0.0
0.140172,-0.0161
0.140176,-0.0161
0.14018,-0.0161
0.140184,-0.0
0.140188,-0.0161
0.140192,-0.0161
0.140196,-0.0161
0.1402,-0.0161
0.140204,-0.0161
0.140208,-0.0
0.140212,0.0161
0.140216,-0.0161
0.14022,-0.0
0.140224,-0.0161
0.140228,-0.0161
0.140232,-0.0161
0.140236,-0.0
0.14024,-0.0161
0.140244,-0.0161
0.140248,-0.0161
0.140252,-0.0
0.140256,-0.0161
0.14026,-0.0
0.140264,-0.0161
0.140268,-0.0
0.140272,-0.0161
0.140276,-0.0
0.14028,-0.0161
0.140284,-0.0
0.140288,-0.0161
0.140292,-0.0161
0.140296,-0.0
0.1403,-0.0161
0.140304,-0.0161
0.140308,-0.0161
0.140312,-0.0
0.140316,-0.0161
0.14032,-0.0161
0.140324,-0.0161
0.140328,-0.0161
0.140332,-0.0
0.140336,-0.0161
0.14034,-0.0161
0.140344,0.0161
0.140348,-0.0161
0.140352,-0.0
0.140356,-0.0161
0.14036,-0.0161
0.140364,-0.0161
0.140368,-0.0
0.140372,-0.0
0.140376,-0.0161
0.14038,-0.0161
0.140384,-0.0161
0.140388,-0.0161
0.140392,-0.0
0.140396,-0.0161
0.1404,-0.0161
0.140404,-0.048299999999999996
0.140408,0.0322
0.140412,-0.0322
0.140416,0.0322
0.14042,-0.048299999999999996
0.140424,-0.0
0.140428,-0.0
0.140432,-0.0161
0.140436,-0.0161
0.14044,0.0161
0.140444,-0.0161
0.140448,0.0161
0.140452,-0.0322
0.140456,-0.0
0.14046,-0.0
0.140464,-0.0161
0.140468,-0.0
0.140472,-0.0161
0.140476,-0.0161
0.14048,0.0161
0.140484,-0.0161
0.140488,-0.0
0.140492,-0.0322
0.140496,0.0161
0.1405,0.0161
0.140504,-0.0161
0.140508,-0.0
0.140512,-0.0161
0.140516,0.0161
0.14052,0.0161
0.140524,-0.0161
0.140528,-0.0
0.140532,-0.0161
0.140536,-0.0
0.14054,-0.0161
0.140544,-0.0
0.140548,0.0161
0.140552,-0.0
0.140556,-0.0
0.14056,-0.0161
0.140564,-0.0
0.140568,-0.0161
0.140572,-0.0
0.140576,0.0161
0.14058,-0.0161
0.140584,-0.0
0.140588,-0.0
0.140592,-0.0161
0.140596,0.0161
0.1406,-0.0161
0.140604,-0.0
0.140608,-0.0
0.140612,-0.0
0.140616,-0.0161
0.14062,-0.0
0.140624,-0.0161
0.140628,-0.0161
0.140632,-0.0161
0.140636,0.0161
0.14064,-0.0
0.140644,-0.0
0.140648,-0.0
0.140652,-0.0
0.140656,-0.0161
0.14066,-0.0161
0.140664,-0.0
0.140668,-0.0161
0.140672,-0.0
0.140676,-0.0
0.14068,-0.0
0.140684,-0.0161
0.140688,-0.0
0.140692,-0.0
0.140696,0.0161
0.1407,-0.0
0.140704,-0.0
0.140708,-0.0
0.140712,-0.0
0.140716,-0.0161
0.14072,-0.0161
0.140724,0.0161
0.140728,0.0161
0.140732,0.0161
0.140736,-0.0
0.14074,-0.0
0.140744,0.0161
0.140748,-0.0
0.140752,-0.0161
0.140756,0.0161
0.14076,-0.0
0.140764,-0.0161
0.140768,-0.0
0.140772,-0.0
0.140776,-0.0
0.14078,-0.0
0.140784,-0.0
0.140788,-0.0
0.140792,-0.0
0.140796,-0.0161
0.1408,-0.0161
0.140804,-0.0
0.140808,0.0161
0.140812,-0.0
0.140816,-0.0
0.14082,-0.0
0.140824,-0.0161
0.140828,-0.0
0.140832,-0.0
0.140836,-0.0
0.14084,-0.0
0.140844,-0.0
0.140848,0.0161
0.140852,-0.0
0.140856,-0.0
0.14086,-0.0161
0.140864,-0.0
0.140868,-0.0
0.140872,-0.0
0.140876,-0.0
0.14088,-0.0
0.140884,-0.0
0.140888,-0.0161
0.140892,-0.0
0.140896,0.0161
0.1409,-0.0
0.140904,-0.0
0.140908,-0.0
0.140912,-0.0
0.140916,-0.0
0.14092,-0.0
0.140924,-0.0161
0.140928,-0.0
0.140932,-0.0
0.140936,-0.0161
0.14094,-0.0
0.140944,-0.0
0.140948,-0.0
0.140952,-0.0
0.140956,-0.0161
0.14096,-0.0
0.140964,-0.0161
0.140968,-0.0
0.140972,-0.0
0.140976,-0.0161
0.14098,0.0161
0.140984,0.0161
0.140988,0.0161
0.140992,0.0161
0.140996,-0.0161
0.141,0.0161
0.141004,-0.0
0.141008,-0.0
0.141012,-0.0
0.141016,-0.0
0.14102,-0.0161
0.141024,-0.0
0.141028,-0.0
0.141032,-0.0
0.141036,-0.0
0.14104,-0.0
0.141044,-0.0
0.141048,0.0161
0.141052,-0.0
0.141056,-0.0
0.14106,-0.0161
0.141064,-0.0161
0.141068,-0.0
0.141072,-0.0
0.141076,-0.0
0.14108,-0.0
0.141084,-0.0
0.141088,-0.0
0.141092,-0.0161
0.141096,-0.0
0.1411,-0.0161
0.141104,0.0161
0.141108,-0.0
0.141112,-0.0
0.141116,0.0161
0.14112,-0.0
0.141124,-0.0
0.141128,-0.0
0.141132,-0.0161
0.141136,0.0161
0.14114,-0.0
0.141144,0.0161
0.141148,0.0161
0.141152,0.0161
0.141156,0.0161
0.14116,0.0161
0.141164,0.0161
0.141168,-0.0
0.141172,-0.0
0.141176,-0.0
0.14118,-0.0
0.141184,-0.0
0.141188,-0.0
0.141192,-0.0161
0.141196,-0.0
0.1412,-0.0
0.141204,-0.0
0.141208,-0.0161
0.141212,0.0161
0.141216,-0.0
0.14122,0.0161
0.141224,0.0161
0.141228,-0.0161
0.141232,-0.0
0.141236,-0.0
0.14124,-0.0161
0.141244,-0.0
0.141248,0.0161
0.141252,0.0161
0.141256,-0.0
0.14126,-0.0161
0.141264,0.0161
0.141268,0.0161
0.141272,-0.0161
0.141276,-0.0
0.14128,-0.0
0.141284,-0.0
0.141288,-0.0161
0.141292,-0.0
0.141296,-0.0
0.1413,-0.0
0.141304,-0.0
0.141308,-0.0
0.141312,-0.0
0.141316,-0.0161
0.14132,-0.0
0.141324,-0.0
0.141328,-0.0
0.141332,-0.0161
0.141336,-0.0
0.14134,-0.0
0.141344,-0.0
0.141348,-0.0
0.141352,-0.0161
0.141356,-0.0
0.14136,-0.0
0.141364,-0.0
0.141368,-0.0161
0.141372,-0.0
0.141376,-0.0
0.14138,0.0161
0.141384,-0.0
0.141388,0.0161
0.141392,0.0161
0.141396,-0.0
0.1414,-0.0
0.141404,-0.0
0.141408,-0.0
0.141412,-0.0
0.141416,-0.0161
0.14142,-0.0
0.141424,-0.0
0.141428,0.0161
0.141432,-0.0
0.141436,-0.0
0.14144,-0.0
0.141444,-0.0
0.141448,0.0161
0.141452,-0.0161
0.141456,-0.0
0.14146,-0.0
0.141464,-0.0161
0.141468,-0.0161
0.141472,-0.0
0.141476,-0.0161
0.14148,-0.0161
0.141484,0.0161
0.141488,0.0161
0.141492,-0.0
0.141496,-0.0161
0.1415,0.0161
0.141504,0.0161
0.141508,0.0161
0.141512,0.0161
0.141516,-0.0161
0.14152,-0.0
0.141524,0.0161
0.141528,-0.0161
0.141532,-0.0161
0.141536,-0.0
0.14154,-0.0161
0.141544,-0.0
0.141548,-0.0
0.141552,0.0161
0.141556,-0.0
0.14156,-0.0161
0.141564,-0.0
0.141568,-0.0
0.141572,-0.0
0.141576,-0.0161
0.14158,0.0161
0.141584,0.0161
0.141588,0.0161
0.141592,0.0161
0.141596,0.0161
0.1416,-0.0161
0.141604,-0.0
0.141608,0.0161
0.141612,0.0161
0.141616,0.0161
0.14162,-0.0
0.141624,-0.0
0.141628,-0.0161
0.141632,0.0161
0.141636,0.0161
0.14164,0.0161
0.141644,0.0161
0.141648,0.0161
0.141652,0.0161
0.141656,-0.0
0.14166,-0.0
0.141664,-0.0161
0.141668,-0.0
0.141672,0.0161
0.141676,-0.0
0.14168,-0.0
0.141684,-0.0
0.141688,-0.0
0.141692,-0.0
0.141696,-0.0161
0.1417,0.0161
0.141704,-0.0
0.141708,-0.0
0.141712,0.0161
0.141716,-0.0
0.14172,-0.0
0.141724,-0.0
0.141728,-0.0161
0.141732,-0.0
0.141736,0.0161
0.14174,-0.0
0.141744,-0.0
0.141748,-0.0
0.141752,-0.0
0.141756,-0.0
0.14176,-0.0161
0.141764,0.0161
0.141768,-0.0
0.141772,-0.0
0.141776,0.0161
0.14178,-0.0
0.141784,-0.0
0.141788,0.0161
0.141792,-0.0
0.141796,-0.0
0.1418,-0.0161
0.141804,-0.0
0.141808,0.0161
0.141812,0.0161
0.141816,0.0161
0.14182,-0.0
0.141824,-0.0
0.141828,-0.0
0.141832,-0.0161
0.141836,-0.0
0.14184,-0.0161
0.141844,-0.0
0.141848,-0.0
0.141852,-0.0
0.141856,-0.0
0.14186,-0.0161
0.141864,-0.0
0.141868,-0.0
0.141872,-0.0
0.141876,-0.0
0.14188,-0.0
0.141884,0.0161
0.141888,-0.0
0.141892,-0.0
0.141896,-0.0
0.1419,0.0161
0.141904,-0.0
0.141908,-0.0
0.141912,-0.0
0.141916,-0.0
0.14192,-0.0
0.141924,-0.0161
0.141928,-0.0
0.141932,0.0161
0.141936,0.0161
0.14194,0.0161
0.141944,0.0161
0.141948,0.0161
0.141952,-0.0
0.141956,-0.0161
0.14196,-0.0
0.141964,-0.0
0.141968,-0.0
0.141972,-0.0
0.141976,-0.0
0.14198,-0.0
0.141984,-0.0
0.141988,0.0161
0.141992,-0.0
0.141996,-0.0
0.142,-0.0161
0.142004,-0.0161
0.142008,-0.0
0.142012,-0.0
0.142016,-0.0
0.14202,-0.0
0.142024,-0.0
0.142028,-0.0
0.142032,-0.0161
0.142036,-0.0
0.14204,0.0161
0.142044,-0.0
0.142048,-0.0
0.142052,-0.0161
0.142056,-0.0
0.14206,-0.0
0.142064,-0.0
0.142068,-0.0
0.142072,-0.0
0.142076,0.0161
0.14208,-0.0
0.142084,-0.0
0.142088,-0.0161
0.142092,0.0161
0.142096,0.0161
0.1421,-0.0
0.142104,0.0161
0.142108,-0.0
0.142112,0.0161
0.142116,0.0161
0.14212,-0.0
0.142124,-0.0
0.142128,0.0161
0.142132,-0.0161
0.142136,0.0161
0.14214,-0.0
0.142144,-0.0
0.142148,-0.0
0.142152,-0.0
0.142156,-0.0
0.14216,0.0161
0.142164,-0.0
0.142168,0.0161
0.142172,0.0161
0.142176,0.0161
0.14218,0.0161
0.142184,-0.0
0.142188,-0.0
0.142192,-0.0
0.142196,-0.0
0.1422,-0.0
0.142204,-0.0161
0.142208,-0.0
0.142212,0.0161
0.142216,0.0161
0.14222,0.0161
0.142224,0.0161
0.142228,-0.0
0.142232,-0.0
0.142236,0.0161
0.14224,-0.0
0.142244,-0.0
0.142248,-0.0
0.142252,-0.0
0.142256,0.0161
0.14226,-0.0
0.142264,0.0161
0.142268,-0.0
0.142272,0.0161
0.142276,-0.0
0.14228,-0.0161
0.142284,0.0161
0.142288,0.0161
0.142292,0.0161
0.142296,-0.0
0.1423,-0.0
0.142304,-0.0
0.142308,-0.0
0.142312,0.0161
0.142316,-0.0
0.14232,-0.0
0.142324,-0.0161
0.142328,-0.0
0.142332,0.0161
0.142336,-0.0
0.14234,0.0161
0.142344,0.0161
0.142348,-0.0
0.142352,-0.0
0.142356,-0.0161
0.14236,-0.0
0.142364,-0.0
0.142368,-0.0
0.142372,-0.0
0.142376,-0.0161
0.14238,-0.0
0.142384,0.0161
0.142388,0.0161
0.142392,0.0161
0.142396,0.0161
0.1424,0.0161
0.142404,0.0161
0.142408,-0.0
0.142412,0.0161
0.142416,0.0161
0.14242,0.0161
0.142424,0.0161
0.142428,-0.0
0.142432,-0.0
0.142436,0.0161
0.14244,0.0161
0.142444,0.0161
0.142448,0.0161
0.142452,-0.0
0.142456,-0.0161
0.14246,0.0161
0.142464,-0.0161
0.142468,0.0161
0.142472,-0.0
0.142476,-0.0161
0.14248,0.0161
0.142484,-0.0161
0.142488,0.0161
0.142492,-0.0
0.142496,-0.0
0.1425,0.0161
0.142504,0.0161
0.142508,0.0161
0.142512,-0.0
0.142516,0.0161
0.14252,-0.0
0.142524,-0.0
0.142528,-0.0
0.142532,-0.0
0.142536,0.0161
0.14254,0.0161
0.142544,0.0161
0.142548,0.0161
0.142552,0.0161
0.142556,0.0161
0.14256,0.0161
0.142564,0.0161
0.142568,-0.0
0.142572,0.0161
0.142576,0.0161
0.14258,0.0161
0.142584,0.0161
0.142588,-0.0
0.142592,0.0161
0.142596,0.0161
0.1426,-0.0
0.142604,0.0161
0.142608,0.0161
0.142612,0.0161
0.142616,0.0161
0.14262,-0.0
0.142624,-0.0
0.142628,-0.0
0.142632,0.0161
0.142636,0.0161
0.14264,-0.0
0.142644,0.0161
0.142648,0.0161
0.142652,0.0161
0.142656,0.0161
0.14266,0.0161
0.142664,-0.0
0.142668,-0.0
0.142672,-0.0
0.142676,-0.0
0.14268,-0.0
0.142684,0.0161
0.142688,-0.0
0.142692,-0.0
0.142696,0.0161
0.1427,0.0161
0.142704,-0.0
0.142708,-0.0
0.142712,-0.0
0.142716,-0.0
0.14272,0.0161
0.142724,0.0161
0.142728,0.0161
0.142732,0.0161
0.142736,0.0161
0.14274,0.0161
0.142744,0.0161
0.142748,-0.0
0.142752,0.0161
0.142756,0.0161
0.14276,-0.0
0.142764,-0.0
0.142768,-0.0
0.142772,-0.0
0.142776,-0.0
0.14278,0.0161
0.142784,0.0161
0.142788,0.0161
0.142792,0.0161
0.142796,0.0161
0.1428,0.0161
0.142804,0.0161
0.142808,0.0161
0.142812,0.0161
0.142816,0.0161
0.14282,-0.0
0.142824,0.0161
0.142828,0.0322
0.142832,0.0161
0.142836,0.0161
0.14284,0.0161
0.142844,0.0161
0.142848,0.0161
0.142852,0.0161
0.142856,0.0161
0.14286,-0.0
0.142864,-0.0161
0.142868,0.0161
0.142872,0.0161
0.142876,0.0161
0.14288,0.0161
0.142884,-0.0
0.142888,-0.0
0.142892,-0.0
0.142896,-0.0
0.1429,-0.0
0.142904,-0.0
0.142908,-0.0
0.142912,-0.0
0.142916,-0.0161
0.14292,0.0161
0.142924,0.0161
0.142928,-0.0
0.142932,-0.0
0.142936,-0.0161
0.14294,-0.0
0.142944,-0.0161
0.142948,-0.0161
0.142952,-0.0
0.142956,-0.0161
0.14296,-0.0161
0.142964,-0.0
0.142968,-0.0
0.142972,-0.0
0.142976,-0.0
0.14298,0.0161
0.142984,-0.0
0.142988,-0.0161
0.142992,-0.0161
0.142996,-0.0161
0.143,-0.0161
0.143004,-0.0
0.143008,-0.0161
0.143012,-0.0
0.143016,-0.0161
0.14302,-0.0161
0.143024,-0.0
0.143028,-0.0
0.143032,-0.0161
0.143036,-0.0161
0.14304,-0.0
0.143044,-0.0161
0.143048,-0.0161
0.143052,0.0161
0.143056,-0.0161
0.14306,-0.0161
0.143064,-0.0
0.143068,-0.0322
0.143072,-0.0161
0.143076,-0.0161
0.14308,-0.0161
0.143084,-0.0161
0.143088,-0.0
0.143092,-0.0161
0.143096,-0.0
0.1431,-0.0161
0.143104,-0.0161
0.143108,-0.0
0.143112,-0.0161
0.143116,-0.0161
0.14312,-0.0161
0.143124,-0.0161
0.143128,-0.0
0.143132,-0.0322
0.143136,-0.0
0.14314,-0.0161
0.143144,-0.0161
0.143148,-0.0
0.143152,-0.048299999999999996
0.143156,-0.0
0.14316,-0.0161
0.143164,-0.0161
0.143168,-0.0161
0.143172,-0.0161
0.143176,-0.0161
0.14318,-0.0161
0.143184,-0.0161
0.143188,-0.0161
0.143192,-0.048299999999999996
0.143196,-0.0161
0.1432,-0.0161
0.143204,-0.0161
0.143208,-0.0322
0.143212,-0.0161
0.143216,-0.0322
0.14322,-0.0161
0.143224,-0.0161
0.143228,-0.0322
0.143232,-0.0161
0.143236,-0.0161
0.14324,-0.0322
0.143244,-0.0
0.143248,-0.048299999999999996
0.143252,-0.0322
0.143256,-0.0161
0.14326,-0.0161
0.143264,-0.0322
0.143268,-0.0161
0.143272,-0.0161
0.143276,-0.0161
0.14328,-0.0161
0.143284,-0.0161
0.143288,-0.0
0.143292,-0.0322
0.143296,-0.0161
0.1433,-0.0161
0.143304,-0.0322
0.143308,-0.0161
0.143312,-0.0161
0.143316,-0.0161
0.14332,-0.0322
0.143324,-0.0161
0.143328,-0.0161
0.143332,-0.0161
0.143336,-0.0322
0.14334,-0.0161
0.143344,-0.0161
0.143348,-0.0322
0.143352,-0.0161
0.143356,-0.0322
0.14336,-0.0161
0.143364,-0.0
0.143368,-0.0322
0.143372,-0.0322
0.143376,-0.0322
0.14338,-0.0161
0.143384,-0.0161
0.143388,-0.0161
0.143392,-0.0161
0.143396,-0.0161
0.1434,-0.0161
0.143404,-0.0161
0.143408,-0.0322
0.143412,-0.0161
0.143416,-0.0161
0.14342,-0.0322
0.143424,-0.0161
0.143428,-0.0161
0.143432,-0.0322
0.143436,-0.0161
0.14344,-0.0
0.143444,-0.0161
0.143448,-0.0161
0.143452,-0.0161
0.143456,-0.0322
0.14346,-0.0
0.143464,-0.0161
0.143468,-0.0161
0.143472,-0.0161
0.143476,-0.0161
0.14348,-0.0161
0.143484,-0.0161
0.143488,-0.0161
0.143492,-0.0161
0.143496,-0.0161
0.1435,-0.0
0.143504,-0.0161
0.143508,-0.0
0.143512,-0.0
0.143516,-0.0161
0.14352,-0.0161
0.143524,-0.0
0.143528,-0.0161
0.143532,-0.0161
0.143536,-0.0
0.14354,-0.0161
0.143544,-0.0161
0.143548,-0.0
0.143552,0.0161
0.143556,-0.0161
0.14356,-0.0
0.143564,-0.0161
0.143568,-0.0161
0.143572,0.0161
0.143576,-0.0
0.14358,-0.0161
0.143584,-0.0
0.143588,-0.0161
0.143592,-0.0161
0.143596,-0.0
0.1436,-0.0
0.143604,-0.0
0.143608,-0.0161
0.143612,0.0161
0.143616,0.0161
0.14362,-0.0161
0.143624,-0.0161
0.143628,-0.0
0.143632,-0.0
0.143636,0.0161
0.14364,0.0161
0.143644,0.0161
0.143648,0.0161
0.143652,0.0161
0.143656,0.0161
0.14366,-0.0
0.143664,-0.0
0.143668,-0.0
0.143672,0.0161
0.143676,0.0161
0.14368,0.0161
0.143684,-0.0
0.143688,0.0161
0.143692,-0.0
0.143696,-0.0
0.1437,-0.0
0.143704,0.0161
0.143708,0.0161
0.143712,0.0161
0.143716,-0.0
0.14372,-0.0
0.143724,0.0161
0.143728,0.0161
0.143732,0.0161
0.143736,0.0161
0.14374,0.0161
0.143744,0.0161
0.143748,0.0161
0.143752,0.0161
0.143756,-0.0
0.14376,0.0161
0.143764,0.0161
0.143768,0.0161
0.143772,0.0161
0.143776,-0.0
0.14378,0.0161
0.143784,0.0161
0.143788,0.0161
0.143792,0.0161
0.143796,0.0161
0.1438,0.0322
0.143804,0.0161
0.143808,0.0161
0.143812,0.0161
0.143816,0.0161
0.14382,0.0161
0.143824,-0.0
0.143828,-0.0
0.143832,0.0161
0.143836,0.0161
0.14384,0.0161
0.143844,-0.0
0.143848,0.0161
0.143852,-0.0
0.143856,0.0161
0.14386,0.0161
0.143864,-0.0
0.143868,-0.0
0.143872,0.0161
0.143876,0.0161
0.14388,0.0161
0.143884,0.0161
0.143888,0.0161
0.143892,0.0161
0.143896,-0.0
0.1439,-0.0
0.143904,0.0161
0.143908,0.0161
0.143912,0.0161
0.143916,0.0161
0.14392,-0.0
0.143924,-0.0
0.143928,-0.0
0.143932,-0.0
0.143936,0.0161
0.14394,-0.0
0.143944,0.0161
0.143948,0.0161
0.143952,-0.0
0.143956,0.0161
0.14396,0.0161
0.143964,0.0322
0.143968,0.0161
0.143972,-0.0
0.143976,0.0161
0.14398,-0.0
0.143984,-0.0
0.143988,0.0161
0.143992,-0.0
0.143996,-0.0
0.144,-0.0
0.144004,-0.0
0.144008,-0.0
0.144012,0.0161
0.144016,0.0161
0.14402,-0.0
0.144024,-0.0
0.144028,-0.0
0.144032,-0.0
0.144036,-0.0
0.14404,-0.0
0.144044,0.0161
0.144048,0.0161
0.144052,0.0161
0.144056,-0.0
0.14406,-0.0
0.144064,-0.0
0.144068,-0.0161
0.144072,0.0161
0.144076,0.0161
0.14408,-0.0
0.144084,0.0161
0.144088,-0.0
0.144092,-0.0161
0.144096,-0.0
0.1441,-0.0
0.144104,-0.0
0.144108,-0.0
0.144112,0.0161
0.144116,-0.0
0.14412,-0.0
0.144124,-0.0
0.144128,-0.0322
0.144132,-0.0
0.144136,-0.0
0.14414,-0.0
0.144144,-0.0161
0.144148,-0.0
0.144152,-0.0161
0.144156,-0.0
0.14416,-0.0161
0.144164,-0.0161
0.144168,-0.0161
0.144172,-0.0
0.144176,-0.0161
0.14418,-0.0161
0.144184,-0.0
0.144188,-0.0
0.144192,-0.0161
0.144196,-0.0
0.1442,-0.0
0.144204,-0.0161
0.144208,-0.0161
0.144212,-0.0
0.144216,-0.0
0.14422,-0.0161
0.144224,-0.0161
0.144228,-0.0161
0.144232,-0.0
0.144236,-0.0161
0.14424,-0.0161
0.144244,-0.0161
0.144248,-0.0
0.144252,-0.0
0.144256,-0.0161
0.14426,-0.0161
0.144264,-0.0161
0.144268,-0.0
0.144272,-0.0161
0.144276,-0.0
0.14428,-0.0
0.144284,-0.0161
0.144288,-0.0
0.144292,-0.0161
0.144296,-0.0161
0.1443,-0.0
0.144304,-0.0161
0.144308,-0.0
0.144312,-0.0161
0.144316,-0.0161
0.14432,-0.0161
0.144324,-0.0161
0.144328,-0.0161
0.144332,-0.0
0.144336,-0.0322
0.14434,-0.0
0.144344,-0.0161
0.144348,-0.0
0.144352,-0.0
0.144356,-0.0161
0.14436,-0.0
0.144364,-0.0
0.144368,-0.0161
0.144372,-0.0161
0.144376,-0.0
0.14438,-0.0161
0.144384,-0.0
0.144388,-0.0
0.144392,-0.0161
0.144396,-0.0161
0.1444,-0.0
0.144404,-0.0161
0.144408,-0.0161
0.144412,-0.0
0.144416,-0.0161
0.14442,-0.0
0.144424,-0.0
0.144428,-0.0161
0.144432,-0.0161
0.144436,0.0161
0.14444,-0.0161
0.144444,-0.0
0.144448,-0.0
0.144452,-0.0161
0.144456,-0.0161
0.14446,-0.0161
0.144464,-0.0161
0.144468,-0.0
0.144472,-0.0161
0.144476,-0.0
0.14448,-0.0161
0.144484,-0.0
0.144488,-0.0
0.144492,-0.0161
0.144496,-0.0161
0.1445,-0.0
0.144504,-0.0
0.144508,-0.0161
0.144512,-0.0
0.144516,-0.0161
0.14452,-0.0161
0.144524,-0.0
0.144528,-0.0161
0.144532,-0.0
0.144536,-0.0
0.14454,-0.0
0.144544,-0.0
0.144548,-0.0
0.144552,-0.0
0.144556,-0.0
0.14456,-0.0
0.144564,-0.0
0.144568,-0.0161
0.144572,-0.0
0.144576,-0.0
0.14458,0.0161
0.144584,-0.0
0.144588,-0.0
0.144592,0.0161
0.144596,-0.0
0.1446,-0.0
0.144604,0.0161
0.144608,-0.0
0.144612,-0.0
0.144616,-0.0161
0.14462,-0.0
0.144624,-0.0
0.144628,-0.0161
0.144632,-0.0
0.144636,-0.0
0.14464,-0.0
0.144644,-0.0
0.144648,-0.0
0.144652,-0.0
0.144656,-0.0
0.14466,-0.0
0.144664,-0.0161
0.144668,-0.0
0.144672,-0.0
0.144676,0.0161
0.14468,0.0161
0.144684,0.0161
0.144688,0.0161
0.144692,-0.0
0.144696,-0.0
0.1447,-0.0
0.144704,-0.0
0.144708,-0.0
0.144712,-0.0
0.144716,-0.0
0.14472,-0.0
0.144724,-0.0
0.144728,-0.0161
0.144732,0.0161
0.144736,0.0161
0.14474,0.0161
0.144744,-0.0
0.144748,0.0161
0.144752,0.0161
0.144756,0.0161
0.14476,0.0161
0.144764,0.0161
0.144768,0.0161
0.144772,0.0161
0.144776,0.0161
0.14478,-0.0
0.144784,-0.0
0.144788,-0.0
0.144792,-0.0
0.144796,-0.0
0.1448,-0.0
0.144804,-0.0
0.144808,-0.0
0.144812,0.0161
0.144816,0.0161
0.14482,-0.0
0.144824,-0.0
0.144828,-0.0161
0.144832,-0.0
0.144836,-0.0
0.14484,-0.0161
0.144844,0.0161
0.144848,-0.0
0.144852,-0.0
0.144856,-0.0161
0.14486,-0.0161
0.144864,0.0161
0.144868,0.0161
0.144872,-0.0
0.144876,-0.0
0.14488,-0.0
0.144884,-0.0
0.144888,-0.0
0.144892,-0.0
0.144896,-0.0322
0.1449,0.0161
0.144904,0.0161
0.144908,-0.0
0.144912,0.0161
0.144916,-0.0
0.14492,-0.0161
0.144924,0.0161
0.144928,-0.0
0.144932,-0.0
0.144936,-0.0161
0.14494,-0.0
0.144944,-0.0
0.144948,-0.0161
0.144952,-0.0
0.144956,-0.0
0.14496,-0.0
0.144964,0.0161
0.144968,-0.0
0.144972,-0.0
0.144976,-0.0
0.14498,-0.0
0.144984,0.0161
0.144988,-0.0
0.144992,-0.0161
0.144996,0.0161
0.145,0.0161
0.145004,-0.0
0.145008,-0.0
0.145012,-0.0
0.145016,0.0161
0.14502,-0.0
0.145024,-0.0
0.145028,-0.0
0.145032,-0.0
0.145036,-0.0
0.14504,-0.0161
0.145044,0.0161
0.145048,-0.0
0.145052,-0.0
0.145056,-0.0161
0.14506,-0.0
0.145064,-0.0
0.145068,-0.0161
0.145072,-0.0
0.145076,-0.0
0.14508,-0.0
0.145084,-0.0
0.145088,-0.0161
0.145092,-0.0
0.145096,-0.0
0.1451,0.0161
0.145104,0.0161
0.145108,-0.0
0.145112,-0.0
0.145116,-0.0161
0.14512,0.0161
0.145124,-0.0
0.145128,-0.0161
0.145132,-0.0
0.145136,-0.0
0.14514,0.0161
0.145144,-0.0161
0.145148,-0.0
0.145152,-0.0
0.145156,-0.0161
0.14516,0.0161
0.145164,-0.0161
0.145168,-0.0
0.145172,0.0161
0.145176,0.0161
0.14518,0.0161
0.145184,-0.0161
0.145188,-0.0
0.145192,-0.0161
0.145196,0.0161
0.1452,0.0161
0.145204,-0.0
0.145208,-0.0
0.145212,-0.0
0.145216,-0.0
0.14522,-0.0
0.145224,-0.0161
0.145228,-0.0161
0.145232,0.0161
0.145236,-0.0
0.14524,-0.0161
0.145244,0.0161
0.145248,-0.0161
0.145252,-0.0161
0.145256,-0.0
0.14526,0.0161
0.145264,0.0161
0.145268,-0.0
0.145272,-0.0
0.145276,-0.0
0.14528,-0.0
0.145284,0.0161
0.145288,0.0161
0.145292,-0.0
0.145296,-0.0
0.1453,0.0161
0.145304,-0.0
0.145308,-0.0
0.145312,-0.0
0.145316,0.0161
0.14532,-0.0
0.145324,-0.0
0.145328,-0.0
0.145332,0.0161
0.145336,0.0161
0.14534,-0.0
0.145344,-0.0
0.145348,0.0161
0.145352,0.0161
0.145356,0.0161
0.14536,0.0161
0.145364,0.0161
0.145368,0.0161
0.145372,-0.0
0.145376,-0.0
0.14538,-0.0
0.145384,-0.0
0.145388,0.0161
0.145392,-0.0
0.145396,-0.0
0.1454,-0.0161
0.145404,-0.0
0.145408,-0.0
0.145412,-0.0
0.145416,0.0161
0.14542,-0.0
0.145424,0.0161
0.145428,0.0161
0.145432,-0.0
0.145436,-0.0
0.14544,-0.0
0.145444,0.0161
0.145448,-0.0
0.145452,-0.0
0.145456,-0.0
0.14546,-0.0161
0.145464,-0.0
0.145468,-0.0161
0.145472,-0.0
0.145476,0.0161
0.14548,-0.0
0.145484,0.0161
0.145488,-0.0
0.145492,-0.0
0.145496,-0.0
0.1455,-0.0
0.145504,0.0161
0.145508,0.0161
0.145512,0.0161
0.145516,0.0161
0.14552,0.0161
0.145524,-0.0
0.145528,-0.0
0.145532,-0.0161
0.145536,0.0161
0.14554,0.0161
0.145544,0.0161
0.145548,-0.0
0.145552,-0.0
0.145556,-0.0161
0.14556,-0.0
0.145564,-0.0
0.145568,-0.0
0.145572,-0.0
0.145576,-0.0
0.14558,-0.0
0.145584,-0.0161
0.145588,-0.0
0.145592,-0.0
0.145596,-0.0161
0.1456,-0.0
0.145604,-0.0
0.145608,-0.0
0.145612,-0.0
0.145616,0.0161
0.14562,-0.0
0.145624,-0.0
0.145628,-0.0
0.145632,-0.0
0.145636,-0.0161
0.14564,-0.0
0.145644,-0.0
0.145648,-0.0
0.145652,-0.0
0.145656,-0.0
0.14566,-0.0161
0.145664,-0.0
0.145668,0.0161
0.145672,-0.0
0.145676,0.0161
0.14568,-0.0
0.145684,0.0161
0.145688,0.0161
0.145692,-0.0
0.145696,-0.0
0.1457,0.0161
0.145704,0.0161
0.145708,-0.0
0.145712,0.0161
0.145716,-0.0
0.14572,-0.0
0.145724,-0.0
0.145728,-0.0
0.145732,-0.0
0.145736,-0.0161
0.14574,0.0161
0.145744,0.0161
0.145748,0.0161
0.145752,0.0322
0.145756,0.0161
0.14576,0.0161
0.145764,0.0161
0.145768,-0.0
0.145772,-0.0
0.145776,-0.0
0.14578,-0.0
0.145784,-0.0
0.145788,-0.0
0.145792,-0.0
0.145796,-0.0161
0.1458,-0.0161
0.145804,-0.0
0.145808,-0.0
0.145812,-0.0161
0.145816,-0.0
0.14582,0.0161
0.145824,-0.0
0.145828,-0.0161
0.145832,-0.0
0.145836,-0.0
0.14584,0.0161
0.145844,0.0161
0.145848,0.0161
0.145852,0.0161
0.145856,0.0161
0.14586,0.0161
0.145864,-0.0
0.145868,-0.0
0.145872,-0.0
0.145876,-0.0
0.14588,-0.0
0.145884,0.0161
0.145888,0.0161
0.145892,-0.0
0.145896,0.0161
0.1459,-0.0
0.145904,0.0161
0.145908,-0.0
0.145912,-0.0
0.145916,0.0161
0.14592,-0.0161
0.145924,-0.0
0.145928,-0.0
0.145932,-0.0
0.145936,-0.0
0.14594,-0.0161
0.145944,0.0161
0.145948,0.0161
0.145952,0.0161
0.145956,0.0161
0.14596,-0.0
0.145964,-0.0
0.145968,-0.0161
0.145972,0.0161
0.145976,0.0161
0.14598,-0.0
0.145984,-0.0
0.145988,0.0161
0.145992,0.0161
0.145996,-0.0
0.146,-0.0161
0.146004,-0.0
0.146008,-0.0
0.146012,-0.0
0.146016,-0.0161
0.14602,0.0161
0.146024,-0.0
0.146028,-0.0161
0.146032,0.0161
0.146036,-0.0161
0.14604,0.0161
0.146044,-0.0
0.146048,-0.0
0.146052,0.0161
0.146056,-0.0
0.14606,-0.0
0.146064,-0.0
0.146068,-0.0161
0.146072,0.0161
0.146076,-0.0
0.14608,-0.0
0.146084,0.0161
0.146088,-0.0
0.146092,-0.0
0.146096,-0.0161
0.1461,-0.0
0.146104,0.0161
0.146108,-0.0
0.146112,-0.0161
0.146116,0.0161
0.14612,-0.0
0.146124,-0.0
0.146128,-0.0161
0.146132,-0.0
0.146136,0.0161
0.14614,-0.0
0.146144,0.0161
0.146148,-0.0
0.146152,-0.0161
0.146156,-0.0
0.14616,-0.0
0.146164,-0.0
0.146168,0.0161
0.146172,-0.0
0.146176,-0.0161
0.14618,0.0161
0.146184,0.0322
0.146188,-0.0322
0.146192,0.0322
0.146196,-0.0161
0.1462,0.048299999999999996
0.146204,-0.0322
0.146208,-0.0
0.146212,-0.0
0.146216,-0.0
0.14622,-0.0161
0.146224,0.0161
0.146228,-0.0
0.146232,0.0322
0.146236,-0.0322
0.14624,0.0161
0.146244,-0.0161
0.146248,0.0161
0.146252,0.0161
0.146256,-0.0161
0.14626,-0.0
0.146264,0.0161
0.146268,-0.0161
0.146272,0.0161
0.146276,0.0161
0.14628,-0.0
0.146284,0.0161
0.146288,0.0161
0.146292,0.0161
0.146296,-0.0
0.1463,-0.0
0.146304,0.0161
0.146308,-0.0
0.146312,0.0161
0.146316,0.0161
0.14632,-0.0
0.146324,0.0161
0.146328,-0.0
0.146332,0.0161
0.146336,0.0161
0.14634,-0.0
0.146344,0.0161
0.146348,0.0161
0.146352,0.0161
0.146356,0.0161
0.14636,0.0161
0.146364,-0.0
0.146368,0.0161
0.146372,-0.0161
0.146376,-0.0
0.14638,-0.0
0.146384,-0.0161
0.146388,0.0161
0.146392,-0.0161
0.146396,-0.0
0.1464,-0.0
0.146404,-0.0
0.146408,-0.0
0.146412,-0.0
0.146416,-0.0
0.14642,-0.0
0.146424,-0.0
0.146428,-0.0
0.146432,-0.0
0.146436,0.0161
0.14644,0.0161
0.146444,0.0161
0.146448,0.0161
0.146452,-0.0
0.146456,-0.0
0.14646,-0.0
0.146464,-0.0
0.146468,-0.0
0.146472,-0.0
0.146476,-0.0
0.14648,-0.0
0.146484,-0.0161
0.146488,-0.0
0.146492,-0.0
0.146496,-0.0
0.1465,0.0161
0.146504,-0.0161
0.146508,-0.0
0.146512,-0.0
0.146516,0.0161
0.14652,-0.0
0.146524,-0.0
0.146528,-0.0161
0.146532,-0.0
0.146536,-0.0
0.14654,-0.0
0.146544,-0.0
0.146548,-0.0
0.146552,0.0161
0.146556,-0.0161
0.14656,-0.0
0.146564,-0.0161
0.146568,0.0161
0.146572,-0.0
0.146576,-0.0
0.14658,0.0161
0.146584,-0.0
0.146588,-0.0
0.146592,-0.0
0.146596,-0.0161
0.1466,0.0161
0.146604,-0.0
0.146608,-0.0
0.146612,-0.0161
0.146616,-0.0
0.14662,-0.0161
0.146624,-0.0
0.146628,0.0161
0.146632,-0.0
0.146636,-0.0161
0.14664,-0.0161
0.146644,-0.0
0.146648,0.0161
0.146652,-0.0
0.146656,0.0161
0.14666,-0.0
0.146664,-0.0
0.146668,-0.0161
0.146672,-0.0
0.146676,-0.0
0.14668,-0.0
0.146684,-0.0
0.146688,-0.0
0.146692,-0.0322
0.146696,-0.0
0.1467,-0.0
0.146704,-0.0
0.146708,-0.0
0.146712,-0.0161
0.146716,-0.0
0.14672,-0.0
0.146724,-0.0
0.146728,-0.0161
0.146732,-0.0161
0.146736,-0.0
0.14674,-0.0
0.146744,-0.0161
0.146748,-0.0161
0.146752,-0.0
0.146756,0.0161
0.14676,0.0161
0.146764,-0.0
0.146768,-0.0161
0.146772,-0.0
0.146776,-0.0161
0.14678,-0.0
0.146784,-0.0
0.146788,-0.0161
0.146792,-0.0161
0.146796,-0.0
0.1468,-0.0322
0.146804,-0.0
0.146808,-0.0161
0.146812,-0.0
0.146816,-0.0
0.14682,-0.0161
0.146824,-0.0
0.146828,-0.0
0.146832,-0.0
0.146836,-0.0161
0.14684,-0.0161
0.146844,-0.0
0.146848,-0.0
0.146852,-0.0
0.146856,-0.0
0.14686,-0.0
0.146864,-0.0161
0.146868,-0.0161
0.146872,-0.0
0.146876,-0.0161
0.14688,-0.0
0.146884,-0.0
0.146888,-0.0161
0.146892,-0.0
0.146896,-0.0161
0.1469,-0.0
0.146904,0.0161
0.146908,-0.0161
0.146912,-0.0
0.146916,-0.0
0.14692,-0.0
0.146924,-0.0
0.146928,-0.0161
0.146932,0.0161
0.146936,0.0161
0.14694,0.0161
0.146944,0.0161
0.146948,-0.0
0.146952,-0.0
0.146956,-0.0161
0.14696,-0.0
0.146964,-0.0161
0.146968,-0.0
0.146972,-0.0161
0.146976,-0.0161
0.14698,0.0161
0.146984,-0.0161
0.146988,-0.0161
0.146992,-0.0
0.146996,-0.0161
0.147,-0.0
0.147004,-0.0161
0.147008,-0.0161
0.147012,-0.0
0.147016,0.0161
0.14702,-0.0
0.147024,-0.0
0.147028,-0.0
0.147032,-0.0161
0.147036,-0.0
0.14704,-0.0
0.147044,-0.0161
0.147048,-0.0
0.147052,0.0161
0.147056,-0.0161
0.14706,-0.0
0.147064,-0.0161
0.147068,-0.0
0.147072,0.0161
0.147076,-0.0161
0.14708,0.0161
0.147084,-0.0
0.147088,-0.0
0.147092,-0.0
0.147096,-0.0
0.1471,-0.0161
0.147104,-0.0
0.147108,-0.0
0.147112,-0.0
0.147116,-0.0
0.14712,-0.0161
0.147124,-0.0
0.147128,0.0161
0.147132,-0.0161
0.147136,-0.0
0.14714,-0.0161
0.147144,-0.0161
0.147148,-0.0
0.147152,-0.0161
0.147156,-0.0
0.14716,-0.0
0.147164,-0.0161
0.147168,-0.0161
0.147172,-0.0
0.147176,-0.0
0.14718,-0.0
0.147184,0.0161
0.147188,-0.0
0.147192,-0.0
0.147196,-0.0161
0.1472,0.0161
0.147204,-0.0
0.147208,-0.0
0.147212,0.0161
0.147216,-0.0161
0.14722,-0.0
0.147224,-0.0
0.147228,-0.0161
0.147232,-0.0161
0.147236,-0.0
0.14724,-0.0161
0.147244,-0.0
0.147248,-0.0
0.147252,-0.0161
0.147256,-0.0161
0.14726,-0.0161
0.147264,-0.0
0.147268,-0.0161
0.147272,-0.0
0.147276,0.0161
0.14728,-0.0
0.147284,-0.0
0.147288,0.0161
0.147292,0.0161
0.147296,-0.0
0.1473,-0.0161
0.147304,-0.0
0.147308,-0.0161
0.147312,-0.0161
0.147316,0.0161
0.14732,-0.0
0.147324,0.0161
0.147328,-0.0161
0.147332,-0.0161
0.147336,-0.0
0.14734,-0.0
0.147344,-0.0161
0.147348,0.0161
0.147352,-0.0
0.147356,-0.0
0.14736,-0.0161
0.147364,-0.0
0.147368,-0.0
0.147372,-0.0
0.147376,-0.0
0.14738,-0.0161
0.147384,-0.0
0.147388,-0.0161
0.147392,-0.0
0.147396,-0.0
0.1474,-0.0
0.147404,0.0161
0.147408,-0.0
0.147412,-0.0
0.147416,-0.0
0.14742,-0.0
0.147424,0.0161
0.147428,-0.0161
0.147432,-0.0
0.147436,-0.0161
0.14744,-0.0161
0.147444,-0.0
0.147448,-0.0161
0.147452,0.0161
0.147456,-0.0161
0.14746,-0.0
0.147464,-0.0
0.147468,-0.0161
0.147472,0.0161
0.147476,-0.0161
0.14748,0.0161
0.147484,0.0161
0.147488,-0.0
0.147492,-0.0161
0.147496,-0.0161
0.1475,-0.0
0.147504,-0.0161
0.147508,-0.0161
0.147512,-0.0
0.147516,-0.0161
0.14752,0.0161
0.147524,-0.0
0.147528,-0.0
0.147532,-0.0
0.147536,-0.0161
0.14754,-0.0
0.147544,-0.0161
0.147548,-0.0
0.147552,-0.0161
0.147556,-0.0161
0.14756,0.0161
0.147564,-0.0
0.147568,-0.0161
0.147572,-0.0
0.147576,-0.0
0.14758,-0.0161
0.147584,-0.0161
0.147588,-0.0
0.147592,-0.0
0.147596,-0.0
0.1476,-0.0161
0.147604,-0.0
0.147608,-0.0
0.147612,-0.0
0.147616,-0.0
0.14762,-0.0161
0.147624,-0.0
0.147628,-0.0161
0.147632,-0.0
0.147636,-0.0
0.14764,-0.0161
0.147644,-0.0
0.147648,-0.0
0.147652,-0.0
0.147656,-0.0
0.14766,-0.0
0.147664,-0.0
0.147668,-0.0
0.147672,-0.0161
0.147676,-0.0
0.14768,-0.0
0.147684,-0.0161
0.147688,-0.0
0.147692,-0.0161
0.147696,-0.0
0.1477,-0.0
0.147704,-0.0322
0.147708,-0.0
0.147712,-0.0
0.147716,-0.0
0.14772,-0.0
0.147724,-0.0161
0.147728,-0.0
0.147732,-0.0161
0.147736,-0.0
0.14774,-0.0
0.147744,-0.0161
0.147748,0.0161
0.147752,0.0161
0.147756,0.0161
0.14776,-0.0
0.147764,-0.0161
0.147768,-0.0
0.147772,0.0161
0.147776,-0.0
0.14778,-0.0161
0.147784,-0.0
0.147788,-0.0
0.147792,-0.0
0.147796,-0.0
0.1478,-0.0322
0.147804,-0.0161
0.147808,-0.0
0.147812,-0.0161
0.147816,-0.0
0.14782,-0.0322
0.147824,-0.0
0.147828,-0.0
0.147832,0.0161
0.147836,0.0161
0.14784,0.0161
0.147844,0.0161
0.147848,0.0161
0.147852,0.0161
0.147856,-0.0161
0.14786,-0.0
0.147864,-0.0
0.147868,-0.0161
0.147872,-0.0
0.147876,-0.0161
0.14788,-0.0
0.147884,0.0161
0.147888,0.0161
0.147892,-0.0
0.147896,-0.0161
0.1479,-0.0161
0.147904,0.0161
0.147908,-0.0
0.147912,-0.0
0.147916,-0.0
0.14792,-0.0
0.147924,-0.0
0.147928,-0.0161
0.147932,-0.0161
0.147936,-0.0
0.14794,-0.0161
0.147944,0.0161
0.147948,0.0161
0.147952,-0.0
0.147956,-0.0161
0.14796,-0.0
0.147964,-0.0
0.147968,-0.0161
0.147972,-0.0
0.147976,-0.0
0.14798,-0.0
0.147984,-0.0161
0.147988,-0.0
0.147992,-0.0161
0.147996,-0.0
0.148,-0.0
0.148004,-0.0161
0.148008,0.0161
0.148012,-0.0
0.148016,-0.0
0.14802,0.0161
0.148024,-0.0
0.148028,-0.0161
0.148032,-0.0
0.148036,-0.0161
0.14804,0.0161
0.148044,-0.0
0.148048,-0.0
0.148052,0.0161
0.148056,0.0161
0.14806,0.0161
0.148064,-0.0161
0.148068,-0.0
0.148072,0.0161
0.148076,-0.0
0.14808,-0.0
0.148084,0.0161
0.148088,-0.0
0.148092,-0.0161
0.148096,-0.0
0.1481,-0.0
0.148104,-0.0
0.148108,-0.0
0.148112,-0.0
0.148116,-0.0
0.14812,-0.0
0.148124,-0.0
0.148128,-0.0
0.148132,-0.0161
0.148136,-0.0
0.14814,-0.0
0.148144,-0.0161
0.148148,-0.0
0.148152,-0.0
0.148156,-0.0
0.14816,-0.0161
0.148164,-0.0
0.148168,-0.0161
0.148172,-0.0
0.148176,0.0161
0.14818,-0.0
0.148184,-0.0
0.148188,0.0161
0.148192,-0.0161
0.148196,-0.0
0.1482,-0.0
0.148204,-0.0161
0.148208,-0.0
0.148212,-0.0
0.148216,-0.0
0.14822,-0.0161
0.148224,-0.0
0.148228,0.0161
0.148232,-0.0
0.148236,-0.0161
0.14824,-0.0161
0.148244,-0.0
0.148248,-0.0
0.148252,0.0161
0.148256,-0.0
0.14826,-0.0161
0.148264,-0.0
0.148268,-0.0
0.148272,-0.0161
0.148276,-0.0
0.14828,-0.0
0.148284,-0.0161
0.148288,-0.0161
0.148292,-0.0161
0.148296,-0.0161
0.1483,-0.0161
0.148304,-0.0
0.148308,-0.0161
0.148312,-0.0
0.148316,-0.0
0.14832,-0.0161
0.148324,-0.0
0.148328,-0.0161
0.148332,-0.0
0.148336,-0.0
0.14834,-0.0161
0.148344,-0.0
0.148348,-0.0161
0.148352,-0.0161
0.148356,0.0161
0.14836,-0.0161
0.148364,-0.0161
0.148368,-0.0161
0.148372,-0.0
0.148376,-0.0161
0.14838,-0.0161
0.148384,-0.0
0.148388,-0.0161
0.148392,-0.0161
0.148396,-0.0
0.1484,-0.0161
0.148404,-0.0
0.148408,-0.0161
0.148412,-0.0
0.148416,-0.0161
0.14842,-0.0
0.148424,-0.0161
0.148428,-0.0161
0.148432,0.0161
0.148436,-0.0
0.14844,-0.0
0.148444,-0.0
0.148448,-0.0
0.148452,-0.0
0.148456,-0.0161
0.14846,-0.0161
0.148464,-0.0
0.148468,-0.0
0.148472,-0.0
0.148476,-0.0161
0.14848,-0.0161
0.148484,-0.0
0.148488,-0.0
0.148492,-0.0161
0.148496,-0.0
0.1485,-0.0322
0.148504,-0.0
0.148508,0.0161
0.148512,-0.0
0.148516,-0.0161
0.14852,0.0161
0.148524,-0.0
0.148528,-0.0161
0.148532,-0.0
0.148536,-0.0161
0.14854,-0.0
0.148544,-0.0161
0.148548,-0.0
0.148552,-0.0161
0.148556,-0.0
0.14856,-0.0161
0.148564,-0.0161
0.148568,-0.0
0.148572,-0.0
0.148576,-0.0
0.14858,0.0161
0.148584,-0.0
0.148588,-0.0161
0.148592,-0.0
0.148596,-0.0
0.1486,-0.0
0.148604,-0.0
0.148608,-0.0
0.148612,-0.0
0.148616,-0.0
0.14862,-0.0161
0.148624,-0.0
0.148628,-0.0
0.148632,-0.0161
0.148636,0.0161
0.14864,-0.0161
0.148644,-0.0
0.148648,0.0161
0.148652,-0.0
0.148656,-0.0161
0.14866,-0.0161
0.148664,-0.0
0.148668,-0.0
0.148672,-0.0
0.148676,0.0161
0.14868,0.0161
0.148684,-0.0
0.148688,-0.0161
0.148692,-0.0
0.148696,-0.0
0.1487,-0.0161
0.148704,-0.0161
0.148708,-0.0
0.148712,0.0161
0.148716,-0.0161
0.14872,-0.0
0.148724,-0.0161
0.148728,-0.0
0.148732,-0.0
0.148736,-0.0161
0.14874,-0.0
0.148744,0.0161
0.148748,-0.0
0.148752,-0.0161
0.148756,0.0161
0.14876,-0.0161
0.148764,0.0161
0.148768,-0.048299999999999996
0.148772,0.0322
0.148776,-0.0161
0.14878,0.0161
0.148784,-0.0
0.148788,-0.0161
0.148792,0.0161
0.148796,-0.0
0.1488,-0.0
0.148804,0.0161
0.148808,-0.0161
0.148812,-0.0
0.148816,-0.0161
0.14882,-0.0161
0.148824,0.0161
0.148828,-0.0322
0.148832,0.0161
0.148836,0.0161
0.14884,-0.0
0.148844,-0.0161
0.148848,-0.0
0.148852,-0.0161
0.148856,-0.0
0.14886,-0.0
0.148864,0.0161
0.148868,-0.0
0.148872,-0.0
0.148876,-0.0161
0.14888,-0.0161
0.148884,0.0161
0.148888,-0.0161
0.148892,-0.0
0.148896,-0.0
0.1489,-0.0
0.148904,0.0161
0.148908,-0.0
0.148912,-0.0
0.148916,-0.0161
0.14892,-0.0161
0.148924,0.0161
0.148928,-0.0161
0.148932,-0.0
0.148936,-0.0
0.14894,-0.0161
0.148944,0.0161
0.148948,-0.0161
0.148952,-0.0
0.148956,-0.0
0.14896,-0.0
0.148964,-0.0
0.148968,-0.0161
0.148972,0.0161
0.148976,-0.0161
0.14898,-0.0
0.148984,-0.0
0.148988,-0.0
0.148992,0.0161
0.148996,-0.0
0.149,-0.0161
0.149004,-0.0
0.149008,-0.0
0.149012,-0.0
0.149016,-0.0
0.14902,0.0161
0.149024,-0.0
0.149028,-0.0
0.149032,-0.0
0.149036,-0.0
0.14904,-0.0161
0.149044,-0.0161
0.149048,0.0161
0.149052,-0.0
0.149056,-0.0
0.14906,-0.0
0.149064,-0.0
0.149068,-0.0
0.149072,-0.0
0.149076,-0.0
0.14908,0.0161
0.149084,-0.0161
0.149088,-0.0
0.149092,-0.0161
0.149096,-0.0161
0.1491,0.0161
0.149104,-0.0161
0.149108,-0.0
0.149112,-0.0161
0.149116,-0.0
0.14912,-0.0
0.149124,-0.0
0.149128,-0.0
0.149132,-0.0161
0.149136,-0.0161
0.14914,-0.0
0.149144,-0.0
0.149148,-0.0161
0.149152,-0.0
0.149156,-0.0
0.14916,-0.0161
0.149164,-0.0
0.149168,-0.0161
0.149172,-0.0161
0.149176,-0.0
0.14918,0.0161
0.149184,0.0161
0.149188,-0.0161
0.149192,-0.0161
0.149196,-0.0
0.1492,-0.0161
0.149204,-0.0161
0.149208,-0.0
0.149212,-0.0
0.149216,-0.0
0.14922,-0.0
0.149224,-0.0161
0.149228,-0.0161
0.149232,-0.0161
0.149236,-0.0
0.14924,-0.0
0.149244,-0.0161
0.149248,-0.0
0.149252,-0.0161
0.149256,-0.0
0.14926,-0.0
0.149264,-0.0161
0.149268,-0.0
0.149272,-0.0161
0.149276,0.0161
0.14928,-0.0161
0.149284,-0.0161
0.149288,-0.0
0.149292,-0.0161
0.149296,0.0161
0.1493,-0.0161
0.149304,-0.0161
0.149308,-0.0161
0.149312,-0.0161
0.149316,0.0161
0.14932,-0.0161
0.149324,-0.0
0.149328,-0.0161
0.149332,-0.0
0.149336,-0.0
0.14934,-0.0322
0.149344,-0.0
0.149348,-0.0161
0.149352,-0.0
0.149356,-0.0
0.14936,0.0161
0.149364,-0.0
0.149368,-0.0161
0.149372,-0.0161
0.149376,-0.0
0.14938,-0.0161
0.149384,-0.0161
0.149388,0.0161
0.149392,-0.0161
0.149396,-0.0
0.1494,-0.0
0.149404,-0.0161
0.149408,-0.0
0.149412,-0.0
0.149416,-0.0161
0.14942,-0.0
0.149424,-0.0161
0.149428,-0.0161
0.149432,-0.0
0.149436,-0.0161
0.14944,-0.0161
0.149444,-0.0
0.149448,-0.0161
0.149452,-0.0161
0.149456,-0.0322
0.14946,-0.0161
0.149464,-0.0
0.149468,-0.0161
0.149472,-0.0
0.149476,-0.0161
0.14948,-0.0161
0.149484,-0.0161
0.149488,-0.0161
0.149492,-0.0
0.149496,-0.0161
0.1495,0.0161
0.149504,-0.0161
0.149508,-0.0161
0.149512,-0.0
0.149516,-0.0
0.14952,-0.0
0.149524,-0.0161
0.149528,-0.0
0.149532,-0.0161
0.149536,-0.0
0.14954,-0.0
0.149544,-0.0322
0.149548,-0.0
0.149552,-0.0161
0.149556,-0.0
0.14956,-0.0161
0.149564,-0.0322
0.149568,-0.0161
0.149572,-0.0161
0.149576,-0.0
0.14958,-0.0
0.149584,-0.0161
0.149588,-0.0
0.149592,-0.0161
0.149596,-0.0161
0.1496,-0.0161
0.149604,-0.0
0.149608,-0.0161
0.149612,-0.0161
0.149616,-0.0
0.14962,-0.0161
0.149624,-0.0161
0.149628,-0.0161
0.149632,-0.0
0.149636,-0.0161
0.14964,-0.0322
0.149644,-0.0161
0.149648,-0.0
0.149652,-0.0161
0.149656,-0.0161
0.14966,-0.0161
0.149664,-0.0161
0.149668,-0.0
0.149672,-0.0161
0.149676,-0.0
0.14968,0.0161
0.149684,-0.0161
0.149688,-0.0161
0.149692,-0.0322
0.149696,-0.0161
0.1497,-0.0161
0.149704,-0.0
0.149708,-0.0161
0.149712,-0.0
0.149716,-0.0161
0.14972,-0.0161
0.149724,-0.0161
0.149728,-0.0161
0.149732,-0.0
0.149736,-0.0
0.14974,-0.0161
0.149744,-0.0322
0.149748,-0.0161
0.149752,-0.0161
0.149756,-0.0
0.14976,-0.0
0.149764,-0.0161
0.149768,-0.0161
0.149772,-0.0161
0.149776,-0.0
0.14978,-0.0161
0.149784,-0.0
0.149788,-0.0
0.149792,-0.0161
0.149796,-0.0
0.1498,-0.0161
0.149804,-0.0161
0.149808,-0.0161
0.149812,-0.0161
0.149816,-0.0
0.14982,-0.0322
0.149824,-0.0
0.149828,-0.0
0.149832,-0.0322
0.149836,-0.0
0.14984,-0.0161
0.149844,-0.0161
0.149848,-0.0161
0.149852,-0.0
0.149856,-0.0161
0.14986,-0.0161
0.149864,-0.0
0.149868,-0.0161
0.149872,-0.0
0.149876,-0.0161
0.14988,-0.0161
0.149884,-0.0161
0.149888,-0.0161
0.149892,-0.0
0.149896,-0.0161
0.1499,-0.0
0.149904,-0.0
0.149908,-0.0161
0.149912,-0.0
0.149916,-0.0161
0.14992,-0.0322
0.149924,-0.0
0.149928,-0.0161
0.149932,-0.0
0.149936,-0.0161
0.14994,-0.0161
0.149944,-0.0
0.149948,-0.0322
0.149952,-0.0161
0.149956,-0.0161
0.14996,-0.0161
0.149964,-0.0161
0.149968,-0.0161
0.149972,-0.0
0.149976,-0.0161
0.14998,-0.0161
0.149984,-0.0161
0.149988,-0.0161
0.149992,-0.0
0.149996,-0.0161
0.15,-0.0
0.150004,-0.0161
0.150008,-0.0161
0.150012,0.0161
0.150016,-0.0
0.15002,-0.0322
0.150024,-0.0
0.150028,-0.0
0.150032,-0.0161
0.150036,-0.0
0.15004,0.0161
0.150044,-0.0161
0.150048,-0.0161
0.150052,-0.0
0.150056,-0.0161
0.15006,-0.0161
0.150064,-0.0161
0.150068,-0.0161
0.150072,-0.0161
0.150076,-0.0161
0.15008,-0.0
0.150084,-0.0161
0.150088,-0.0161
0.150092,-0.0
0.150096,-0.0161
0.1501,-0.0
0.150104,-0.0
0.150108,-0.0161
0.150112,-0.0
0.150116,-0.0161
0.15012,-0.0161
0.150124,-0.0
0.150128,-0.0161
0.150132,-0.0
0.150136,-0.0161
0.15014,-0.0161
0.150144,-0.0
0.150148,-0.0322
0.150152,-0.0161
0.150156,-0.0
0.15016,-0.0161
0.150164,-0.0161
0.150168,-0.0161
0.150172,-0.0
0.150176,-0.0161
0.15018,-0.0161
0.150184,-0.0161
0.150188,-0.0
0.150192,-0.0161
0.150196,-0.0161
0.1502,-0.0161
0.150204,-0.0
0.150208,-0.0161
0.150212,-0.0161
0.150216,-0.0
0.15022,-0.0161
0.150224,-0.0161
0.150228,-0.0161
0.150232,-0.0161
0.150236,-0.0161
0.15024,-0.0161
0.150244,-0.0
0.150248,-0.0161
0.150252,-0.0161
0.150256,-0.0161
0.15026,-0.0161
0.150264,-0.0161
0.150268,-0.0161
0.150272,-0.0
0.150276,-0.0161
0.15028,-0.0161
0.150284,-0.0
0.150288,-0.0161
0.150292,-0.0161
0.150296,-0.0161
0.1503,-0.0
0.150304,-0.0
0.150308,-0.0161
0.150312,-0.0161
0.150316,-0.0161
0.15032,-0.0161
0.150324,-0.0161
0.150328,-0.0161
0.150332,-0.0161
0.150336,-0.0161
0.15034,-0.0
0.150344,-0.0161
0.150348,-0.0161
0.150352,-0.0161
0.150356,-0.0161
0.15036,-0.0
0.150364,-0.0161
0.150368,-0.0161
0.150372,-0.0
0.150376,-0.0161
0.15038,-0.0
0.150384,-0.0161
0.150388,-0.0
0.150392,-0.0161
0.150396,-0.0161
0.1504,-0.0161
0.150404,-0.0161
0.150408,-0.0
0.150412,-0.0161
0.150416,-0.0161
0.15042,-0.0161
0.150424,-0.0
0.150428,-0.0161
0.150432,-0.0161
0.150436,-0.0161
0.15044,-0.0
0.150444,-0.0161
0.150448,-0.0161
0.150452,-0.0161
0.150456,-0.0161
0.15046,-0.0161
0.150464,-0.0161
0.150468,-0.0
0.150472,-0.0
0.150476,-0.0161
0.15048,-0.0161
0.150484,-0.0161
0.150488,-0.0161
0.150492,-0.0161
0.150496,-0.0161
0.1505,-0.0161
0.150504,-0.0
0.150508,-0.0161
0.150512,-0.0161
0.150516,-0.0161
0.15052,-0.0322
0.150524,-0.0161
0.150528,-0.0
0.150532,-0.0161
0.150536,-0.0
0.15054,-0.0
0.150544,-0.0322
0.150548,-0.0161
0.150552,-0.0161
0.150556,-0.0322
0.15056,-0.0161
0.150564,-0.0
0.150568,-0.0161
0.150572,-0.0
0.150576,-0.0322
0.15058,-0.0161
0.150584,-0.0
0.150588,-0.0322
0.150592,-0.0161
0.150596,-0.0161
0.1506,0.0161
0.150604,-0.0161
0.150608,-0.0161
0.150612,-0.0161
0.150616,-0.0322
0.15062,-0.0161
0.150624,-0.0161
0.150628,-0.0161
0.150632,-0.0161
0.150636,-0.0161
0.15064,-0.0161
0.150644,-0.0
0.150648,-0.0
0.150652,-0.0322
0.150656,-0.0161
0.15066,-0.0161
0.150664,-0.0161
0.150668,-0.0161
0.150672,-0.0161
0.150676,-0.0
0.15068,-0.0161
0.150684,-0.0322
0.150688,-0.0161
0.150692,-0.0161
0.150696,-0.0161
0.1507,-0.0161
0.150704,-0.0161
0.150708,-0.0
0.150712,-0.0161
0.150716,-0.0161
0.15072,-0.0161
0.150724,-0.0
0.150728,-0.0161
0.150732,-0.0161
0.150736,-0.0161
0.15074,-0.0161
0.150744,-0.0161
0.150748,-0.0
0.150752,-0.0161
0.150756,-0.0161
0.15076,-0.0
0.150764,-0.0161
0.150768,-0.0161
0.150772,-0.0
0.150776,-0.0161
0.15078,-0.0161
0.150784,-0.0
0.150788,-0.0161
0.150792,-0.0161
0.150796,-0.0161
0.1508,-0.0
0.150804,-0.0161
0.150808,-0.0
0.150812,-0.0161
0.150816,-0.0161
0.15082,-0.0161
0.150824,-0.0161
0.150828,0.0161
0.150832,-0.0
0.150836,-0.0161
0.15084,-0.0161
0.150844,-0.0161
0.150848,-0.0161
0.150852,-0.0161
0.150856,-0.0161
0.15086,-0.0
0.150864,-0.0
0.150868,-0.0161
0.150872,-0.0161
0.150876,-0.0161
0.15088,-0.0161
0.150884,-0.0161
0.150888,-0.0322
0.150892,-0.0
0.150896,-0.0161
0.1509,-0.0
0.150904,-0.0161
0.150908,-0.0161
0.150912,-0.0161
0.150916,-0.0161
0.15092,-0.0
0.150924,-0.0161
0.150928,-0.0161
0.150932,-0.0
0.150936,-0.0322
0.15094,-0.0
0.150944,-0.0161
0.150948,-0.0161
0.150952,-0.0161
0.150956,-0.0161
0.15096,-0.0161
0.150964,-0.0322
0.150968,-0.0161
0.150972,-0.0
0.150976,-0.0322
0.15098,-0.0161
0.150984,-0.0161
0.150988,-0.0322
0.150992,-0.0161
0.150996,-0.0322
0.151,-0.0322
0.151004,-0.0322
0.151008,-0.0161
0.151012,-0.0322
0.151016,-0.0322
0.15102,-0.0322
0.151024,-0.0161
0.151028,-0.0322
0.151032,-0.0322
0.151036,-0.0161
0.15104,-0.0322
0.151044,-0.0322
0.151048,-0.0322
0.151052,-0.048299999999999996
0.151056,-0.0161
0.15106,-0.0161
0.151064,-0.0322
0.151068,-0.0322
0.151072,-0.0322
0.151076,-0.0322
0.15108,-0.0322
0.151084,-0.048299999999999996
0.151088,-0.0161
0.151092,-0.048299999999999996
0.151096,-0.0322
0.1511,-0.0161
0.151104,-0.0322
0.151108,-0.0161
0.151112,-0.0322
0.151116,-0.0161
0.15112,-0.0161
0.151124,-0.0322
0.151128,-0.0161
0.151132,-0.0161
0.151136,-0.0161
0.15114,-0.0161
0.151144,-0.0161
0.151148,-0.0161
0.151152,-0.0161
0.151156,-0.0161
0.15116,-0.0161
0.151164,-0.0
0.151168,-0.0161
0.151172,-0.0161
0.151176,-0.0
0.15118,-0.0161
0.151184,-0.0161
0.151188,-0.0
0.151192,-0.0161
0.151196,-0.0161
0.1512,-0.0161
0.151204,-0.0161
0.151208,-0.0
0.151212,-0.0161
0.151216,-0.0
0.15122,-0.0322
0.151224,-0.0
0.151228,-0.0
0.151232,-0.0161
0.151236,-0.0161
0.15124,-0.0
0.151244,-0.0161
0.151248,-0.0
0.151252,-0.0
0.151256,-0.0161
0.15126,-0.0161
0.151264,-0.0
0.151268,-0.0
0.151272,-0.0
0.151276,-0.0
0.15128,-0.0
0.151284,0.0161
0.151288,-0.0161
0.151292,-0.0
0.151296,-0.0
0.1513,0.0161
0.151304,0.0161
0.151308,-0.0
0.151312,0.0161
0.151316,-0.0
0.15132,-0.0
0.151324,0.0161
0.151328,-0.0161
0.151332,0.0161
0.151336,0.0161
0.15134,-0.0
0.151344,0.0161
0.151348,0.0322
0.151352,-0.0
0.151356,0.0161
0.15136,0.0161
0.151364,-0.0
0.151368,0.0322
0.151372,-0.0
0.151376,0.0161
0.15138,0.048299999999999996
0.151384,-0.0
0.151388,-0.0
0.151392,0.0322
0.151396,0.0161
0.1514,0.0322
0.151404,0.0161
0.151408,0.0161
0.151412,0.0322
0.151416,0.0322
0.15142,0.0161
0.151424,0.0322
0.151428,0.0161
0.151432,0.0161
0.151436,0.048299999999999996
0.15144,0.0322
0.151444,0.0161
0.151448,0.0322
0.151452,0.0322
0.151456,0.048299999999999996
0.15146,0.0161
0.151464,0.048299999999999996
0.151468,0.0161
0.151472,0.0322
0.151476,0.0322
0.15148,0.0322
0.151484,0.0322
0.151488,0.0322
0.151492,0.048299999999999996
0.151496,0.0322
0.1515,0.0322
0.151504,0.0322
0.151508,0.0322
0.151512,0.0644
0.151516,0.0322
0.15152,0.048299999999999996
0.151524,0.048299999999999996
0.151528,0.048299999999999996
0.151532,0.048299999999999996
0.151536,0.048299999999999996
0.15154,0.0322
0.151544,0.048299999999999996
0.151548,0.048299999999999996
0.151552,0.048299999999999996
0.151556,0.0322
0.15156,0.048299999999999996
0.151564,0.0644
0.151568,0.048299999999999996
0.151572,0.048299999999999996
0.151576,0.048299999999999996
0.15158,0.048299999999999996
0.151584,0.0644
0.151588,0.0644
0.151592,0.048299999999999996
0.151596,0.0644
0.1516,0.0644
0.151604,0.0644
0.151608,0.0644
0.151612,0.0644
0.151616,0.0644
0.15162,0.048299999999999996
0.151624,0.0644
0.151628,0.048299999999999996
0.151632,0.0644
0.151636,0.0644
0.15164,0.0644
0.151644,0.0644
0.151648,0.0644
0.151652,0.0644
0.151656,0.0805
0.15166,0.0805
0.151664,0.0644
0.151668,0.0644
0.151672,0.0805
0.151676,0.0805
0.15168,0.0805
0.151684,0.0805
0.151688,0.0805
0.151692,0.0805
0.151696,0.0805
0.1517,0.0805
0.151704,0.0644
0.151708,0.0805
0.151712,0.0805
0.151716,0.09659999999999999
0.15172,0.0805
0.151724,0.0805
0.151728,0.09659999999999999
0.151732,0.0805
0.151736,0.09659999999999999
0.15174,0.09659999999999999
0.151744,0.09659999999999999
0.151748,0.0805
0.151752,0.09659999999999999
0.151756,0.09659999999999999
0.15176,0.09659999999999999
0.151764,0.09659999999999999
0.151768,0.0805
0.151772,0.09659999999999999
0.151776,0.09659999999999999
0.15178,0.1127
0.151784,0.0805
0.151788,0.1127
0.151792,0.09659999999999999
0.151796,0.09659999999999999
0.1518,0.1127
0.151804,0.1127
0.151808,0.1127
0.151812,0.1127
0.151816,0.09659999999999999
0.15182,0.1127
0.151824,0.1127
0.151828,0.1127
0.151832,0.1127
0.151836,0.1127
0.15184,0.1127
0.151844,0.1288
0.151848,0.09659999999999999
0.151852,0.1127
0.151856,0.1288
0.15186,0.1127
0.151864,0.1288
0.151868,0.1127
0.151872,0.1127
0.151876,0.1127
0.15188,0.1449
0.151884,0.1288
0.151888,0.1127
0.151892,0.1127
0.151896,0.1288
0.1519,0.1288
0.151904,0.1449
0.151908,0.1127
0.151912,0.1288
0.151916,0.1288
0.15192,0.1288
0.151924,0.1449
0.151928,0.1288
0.151932,0.1449
0.151936,0.1288
0.15194,0.1288
0.151944,0.1449
0.151948,0.1449
0.151952,0.1449
0.151956,0.1449
0.15196,0.1449
0.151964,0.1449
0.151968,0.161
0.151972,0.1449
0.151976,0.1449
0.15198,0.161
0.151984,0.1449
0.151988,0.161
0.151992,0.1449
0.151996,0.1449
0.152,0.161
0.152004,0.161
0.152008,0.1449
0.152012,0.161
0.152016,0.1449
0.15202,0.161
0.152024,0.161
0.152028,0.161
0.152032,0.1449
0.152036,0.161
0.15204,0.161
0.152044,0.161
0.152048,0.1771
0.152052,0.1449
0.152056,0.1771
0.15206,0.161
0.152064,0.1771
0.152068,0.161
0.152072,0.161
0.152076,0.161
0.15208,0.161
0.152084,0.1771
0.152088,0.1771
0.152092,0.161
0.152096,0.161
0.1521,0.1771
0.152104,0.1771
0.152108,0.19319999999999998
0.152112,0.1771
0.152116,0.1771
0.15212,0.161
0.152124,0.1771
0.152128,0.1771
0.152132,0.1771
0.152136,0.1771
0.15214,0.19319999999999998
0.152144,0.1771
0.152148,0.1771
0.152152,0.1771
0.152156,0.1771
0.15216,0.19319999999999998
0.152164,0.1771
0.152168,0.161
0.152172,0.19319999999999998
0.152176,0.19319999999999998
0.15218,0.19319999999999998
0.152184,0.1771
0.152188,0.19319999999999998
0.152192,0.19319999999999998
0.152196,0.20929999999999999
0.1522,0.19319999999999998
0.152204,0.19319999999999998
0.152208,0.19319999999999998
0.152212,0.19319999999999998
0.152216,0.20929999999999999
0.15222,0.1771
0.152224,0.19319999999999998
0.152228,0.19319999999999998
0.152232,0.1771
0.152236,0.20929999999999999
0.15224,0.19319999999999998
0.152244,0.20929999999999999
0.152248,0.19319999999999998
0.152252,0.19319999999999998
0.152256,0.20929999999999999
0.15226,0.20929999999999999
0.152264,0.19319999999999998
0.152268,0.20929999999999999
0.152272,0.19319999999999998
0.152276,0.20929999999999999
0.15228,0.20929999999999999
0.152284,0.20929999999999999
0.152288,0.20929999999999999
0.152292,0.20929999999999999
0.152296,0.20929999999999999
0.1523,0.2254
0.152304,0.20929999999999999
0.152308,0.19319999999999998
0.152312,0.20929999999999999
0.152316,0.20929999999999999
0.15232,0.20929999999999999
0.152324,0.2254
0.152328,0.20929999999999999
0.152332,0.20929999999999999
0.152336,0.2254
0.15234,0.19319999999999998
0.152344,0.20929999999999999
0.152348,0.20929999999999999
0.152352,0.20929999999999999
0.152356,0.20929999999999999
0.15236,0.20929999999999999
0.152364,0.20929999999999999
0.152368,0.20929999999999999
0.152372,0.20929999999999999
0.152376,0.19319999999999998
0.15238,0.20929999999999999
0.152384,0.2254
0.152388,0.20929999999999999
0.152392,0.20929999999999999
0.152396,0.20929999999999999
0.1524,0.20929999999999999
0.152404,0.2254
0.152408,0.2254
0.152412,0.20929999999999999
0.152416,0.20929999999999999
0.15242,0.2254
0.152424,0.20929999999999999
0.152428,0.20929999999999999
0.152432,0.2254
0.152436,0.20929999999999999
0.15244,0.20929999999999999
0.152444,0.20929999999999999
0.152448,0.20929999999999999
0.152452,0.20929999999999999
0.152456,0.20929999999999999
0.15246,0.2254
0.152464,0.2254
0.152468,0.2254
0.152472,0.20929999999999999
0.152476,0.20929999999999999
0.15248,0.2254
0.152484,0.2254
0.152488,0.2254
0.152492,0.20929999999999999
0.152496,0.20929999999999999
0.1525,0.2254
0.152504,0.2254
0.152508,0.2254
0.152512,0.19319999999999998
0.152516,0.2254
0.15252,0.20929999999999999
0.152524,0.2254
0.152528,0.2254
0.152532,0.20929999999999999
0.152536,0.20929999999999999
0.15254,0.2254
0.152544,0.2254
0.152548,0.2254
0.152552,0.20929999999999999
0.152556,0.20929999999999999
0.15256,0.2254
0.152564,0.2254
0.152568,0.20929999999999999
0.152572,0.20929999999999999
0.152576,0.20929999999999999
0.15258,0.2254
0.152584,0.2415
0.152588,0.20929999999999999
0.152592,0.2254
0.152596,0.2254
0.1526,0.20929999999999999
0.152604,0.2254
0.152608,0.2254
0.152612,0.2254
0.152616,0.2254
0.15262,0.20929999999999999
0.152624,0.2415
0.152628,0.20929999999999999
0.152632,0.2415
0.152636,0.2254
0.15264,0.20929999999999999
0.152644,0.2254
0.152648,0.20929999999999999
0.152652,0.2254
0.152656,0.20929999999999999
0.15266,0.2254
0.152664,0.2254
0.152668,0.20929999999999999
0.152672,0.2254
0.152676,0.2254
0.15268,0.2254
0.152684,0.20929999999999999
0.152688,0.2254
0.152692,0.20929999999999999
0.152696,0.2254
0.1527,0.2254
0.152704,0.2254
0.152708,0.20929999999999999
0.152712,0.2415
0.152716,0.2254
0.15272,0.20929999999999999
0.152724,0.2254
0.152728,0.20929999999999999
0.152732,0.2254
0.152736,0.2254
0.15274,0.2254
0.152744,0.2254
0.152748,0.2254
0.152752,0.20929999999999999
0.152756,0.20929999999999999
0.15276,0.2254
0.152764,0.20929999999999999
0.152768,0.2254
0.152772,0.2254
0.152776,0.20929999999999999
0.15278,0.2254
0.152784,0.20929999999999999
0.152788,0.20929999999999999
0.152792,0.20929999999999999
0.152796,0.20929999999999999
0.1528,0.2254
0.152804,0.20929999999999999
0.152808,0.2254
0.152812,0.2415
0.152816,0.19319999999999998
0.15282,0.2254
0.152824,0.20929999999999999
0.152828,0.20929999999999999
0.152832,0.20929999999999999
0.152836,0.2254
0.15284,0.2254
0.152844,0.20929999999999999
0.152848,0.20929999999999999
0.152852,0.20929999999999999
0.152856,0.20929999999999999
0.15286,0.2254
0.152864,0.20929999999999999
0.152868,0.20929999999999999
0.152872,0.20929999999999999
0.152876,0.2254
0.15288,0.20929999999999999
0.152884,0.20929999999999999
0.152888,0.20929999999999999
0.152892,0.2254
0.152896,0.2254
0.1529,0.20929999999999999
0.152904,0.20929999999999999
0.152908,0.20929999999999999
0.152912,0.20929999999999999
0.152916,0.2254
0.15292,0.20929999999999999
0.152924,0.20929999999999999
0.152928,0.20929999999999999
0.152932,0.20929999999999999
0.152936,0.2254
0.15294,0.20929999999999999
0.152944,0.20929999999999999
0.152948,0.2254
0.152952,0.19319999999999998
0.152956,0.20929999999999999
0.15296,0.20929999999999999
0.152964,0.20929999999999999
0.152968,0.2254
0.152972,0.2254
0.152976,0.20929999999999999
0.15298,0.20929999999999999
0.152984,0.2254
0.152988,0.20929999999999999
0.152992,0.20929999999999999
0.152996,0.20929999999999999
0.153,0.20929999999999999
0.153004,0.20929999999999999
0.153008,0.20929999999999999
0.153012,0.20929999999999999
0.153016,0.20929999999999999
0.15302,0.20929999999999999
0.153024,0.20929999999999999
0.153028,0.20929999999999999
0.153032,0.20929999999999999
0.153036,0.20929999999999999
0.15304,0.20929999999999999
0.153044,0.20929999999999999
0.153048,0.19319999999999998
0.153052,0.20929999999999999
0.153056,0.20929999999999999
0.15306,0.20929999999999999
0.153064,0.19319999999999998
0.153068,0.20929999999999999
0.153072,0.20929999999999999
0.153076,0.20929999999999999
0.15308,0.20929999999999999
0.153084,0.19319999999999998
0.153088,0.20929999999999999
0.153092,0.19319999999999998
0.153096,0.20929999999999999
0.1531,0.20929999999999999
0.153104,0.19319999999999998
0.153108,0.20929999999999999
0.153112,0.2254
0.153116,0.20929999999999999
0.15312,0.20929999999999999
0.153124,0.19319999999999998
0.153128,0.20929999999999999
0.153132,0.20929999999999999
0.153136,0.20929999999999999
0.15314,0.2254
0.153144,0.20929999999999999
0.153148,0.1771
0.153152,0.20929999999999999
0.153156,0.2254
0.15316,0.19319999999999998
0.153164,0.20929999999999999
0.153168,0.2254
0.153172,0.19319999999999998
0.153176,0.20929999999999999
0.15318,0.19319999999999998
0.153184,0.20929999999999999
0.153188,0.19319999999999998
0.153192,0.20929999999999999
0.153196,0.2415
0.1532,0.19319999999999998
0.153204,0.19319999999999998
0.153208,0.20929999999999999
0.153212,0.20929999999999999
0.153216,0.19319999999999998
0.15322,0.19319999999999998
0.153224,0.20929999999999999
0.153228,0.20929999999999999
0.153232,0.20929999999999999
0.153236,0.19319999999999998
0.15324,0.20929999999999999
0.153244,0.19319999999999998
0.153248,0.20929999999999999
0.153252,0.20929999999999999
0.153256,0.1771
0.15326,0.19319999999999998
0.153264,0.20929999999999999
0.153268,0.20929999999999999
0.153272,0.20929999999999999
0.153276,0.20929999999999999
0.15328,0.20929999999999999
0.153284,0.20929999999999999
0.153288,0.20929999999999999
0.153292,0.19319999999999998
0.153296,0.19319999999999998
0.1533,0.2254
0.153304,0.19319999999999998
0.153308,0.19319999999999998
0.153312,0.20929999999999999
0.153316,0.19319999999999998
0.15332,0.19319999999999998
0.153324,0.19319999999999998
0.153328,0.19319999999999998
0.153332,0.20929999999999999
0.153336,0.19319999999999998
0.15334,0.20929999999999999
0.153344,0.20929999999999999
0.153348,0.19319999999999998
0.153352,0.20929999999999999
0.153356,0.20929999999999999
0.15336,0.20929999999999999
0.153364,0.20929999999999999
0.153368,0.19319999999999998
0.153372,0.19319999999999998
0.153376,0.2254
0.15338,0.19319999999999998
0.153384,0.20929999999999999
0.153388,0.20929999999999999
0.153392,0.1771
0.153396,0.20929999999999999
0.1534,0.20929999999999999
0.153404,0.20929999999999999
0.153408,0.19319999999999998
0.153412,0.20929999999999999
0.153416,0.19319999999999998
0.15342,0.19319999999999998
0.153424,0.20929999999999999
0.153428,0.19319999999999998
0.153432,0.20929999999999999
0.153436,0.20929999999999999
0.15344,0.19319999999999998
0.153444,0.20929999999999999
0.153448,0.20929999999999999
0.153452,0.20929999999999999
0.153456,0.19319999999999998
0.15346,0.19319999999999998
0.153464,0.20929999999999999
0.153468,0.19319999999999998
0.153472,0.20929999999999999
0.153476,0.19319999999999998
0.15348,0.19319999999999998
0.153484,0.20929999999999999
0.153488,0.20929999999999999
0.153492,0.19319999999999998
0.153496,0.20929999999999999
0.1535,0.19319999999999998
0.153504,0.19319999999999998
0.153508,0.19319999999999998
0.153512,0.20929999999999999
0.153516,0.19319999999999998
0.15352,0.19319999999999998
0.153524,0.19319999999999998
0.153528,0.20929999999999999
0.153532,0.19319999999999998
0.153536,0.19319999999999998
0.15354,0.20929999999999999
0.153544,0.19319999999999998
0.153548,0.2254
0.153552,0.19319999999999998
0.153556,0.19319999999999998
0.15356,0.20929999999999999
0.153564,0.20929999999999999
0.153568,0.19319999999999998
0.153572,0.19319999999999998
0.153576,0.20929999999999999
0.15358,0.19319999999999998
0.153584,0.19319999999999998
0.153588,0.20929999999999999
0.153592,0.19319999999999998
0.153596,0.19319999999999998
0.1536,0.19319999999999998
0.153604,0.20929999999999999
0.153608,0.19319999999999998
0.153612,0.19319999999999998
0.153616,0.19319999999999998
0.15362,0.19319999999999998
0.153624,0.20929999999999999
0.153628,0.1771
0.153632,0.1771
0.153636,0.19319999999999998
0.15364,0.20929999999999999
0.153644,0.20929999999999999
0.153648,0.19319999999999998
0.153652,0.20929999999999999
0.153656,0.19319999999999998
0.15366,0.20929999999999999
0.153664,0.19319999999999998
0.153668,0.1771
0.153672,0.20929999999999999
0.153676,0.19319999999999998
0.15368,0.19319999999999998
0.153684,0.20929999999999999
0.153688,0.19319999999999998
0.153692,0.19319999999999998
0.153696,0.19319999999999998
0.1537,0.19319999999999998
0.153704,0.19319999999999998
0.153708,0.19319999999999998
0.153712,0.19319999999999998
0.153716,0.20929999999999999
0.15372,0.1771
0.153724,0.20929999999999999
0.153728,0.19319999999999998
0.153732,0.19319999999999998
0.153736,0.20929999999999999
0.15374,0.20929999999999999
0.153744,0.19319999999999998
0.153748,0.19319999999999998
0.153752,0.19319999999999998
0.153756,0.19319999999999998
0.15376,0.19319999999999998
0.153764,0.19319999999999998
0.153768,0.20929999999999999
0.153772,0.19319999999999998
0.153776,0.19319999999999998
0.15378,0.20929999999999999
0.153784,0.1771
0.153788,0.20929999999999999
0.153792,0.19319999999999998
0.153796,0.19319999999999998
0.1538,0.19319999999999998
0.153804,0.1771
0.153808,0.19319999999999998
0.153812,0.20929999999999999
0.153816,0.19319999999999998
0.15382,0.19319999999999998
0.153824,0.19319999999999998
0.153828,0.20929999999999999
0.153832,0.20929999999999999
0.153836,0.19319999999999998
0.15384,0.19319999999999998
0.153844,0.19319999999999998
0.153848,0.20929999999999999
0.153852,0.19319999999999998
0.153856,0.19319999999999998
0.15386,0.19319999999999998
0.153864,0.19319999999999998
0.153868,0.19319999999999998
0.153872,0.19319999999999998
0.153876,0.19319999999999998
0.15388,0.19319999999999998
0.153884,0.19319999999999998
0.153888,0.19319999999999998
0.153892,0.19319999999999998
0.153896,0.19319999999999998
0.1539,0.20929999999999999
0.153904,0.19319999999999998
0.153908,0.19319999999999998
0.153912,0.19319999999999998
0.153916,0.20929999999999999
0.15392,0.19319999999999998
0.153924,0.1771
0.153928,0.19319999999999998
0.153932,0.1771
0.153936,0.19319999999999998
0.15394,0.19319999999999998
0.153944,0.1771
0.153948,0.19319999999999998
0.153952,0.19319999999999998
0.153956,0.19319999999999998
0.15396,0.20929999999999999
0.153964,0.19319999999999998
0.153968,0.19319999999999998
0.153972,0.19319999999999998
0.153976,0.20929999999999999
0.15398,0.19319999999999998
0.153984,0.19319999999999998
0.153988,0.20929999999999999
0.153992,0.19319999999999998
0.153996,0.19319999999999998
0.154,0.1771
0.154004,0.19319999999999998
0.154008,0.19319999999999998
0.154012,0.19319999999999998
0.154016,0.20929999999999999
0.15402,0.1771
0.154024,0.19319999999999998
0.154028,0.20929999999999999
0.154032,0.19319999999999998
0.154036,0.19319999999999998
0.15404,0.19319999999999998
0.154044,0.19319999999999998
0.154048,0.20929999999999999
0.154052,0.1771
0.154056,0.19319999999999998
0.15406,0.1771
0.154064,0.19319999999999998
0.154068,0.19319999999999998
0.154072,0.19319999999999998
0.154076,0.19319999999999998
0.15408,0.19319999999999998
0.154084,0.20929999999999999
0.154088,0.19319999999999998
0.154092,0.19319999999999998
0.154096,0.19319999999999998
0.1541,0.19319999999999998
0.154104,0.20929999999999999
0.154108,0.1771
0.154112,0.19319999999999998
0.154116,0.19319999999999998
0.15412,0.19319999999999998
0.154124,0.20929999999999999
0.154128,0.1771
0.154132,0.19319999999999998
0.154136,0.19319999999999998
0.15414,0.19319999999999998
0.154144,0.20929999999999999
0.154148,0.1771
0.154152,0.19319999999999998
0.154156,0.19319999999999998
0.15416,0.19319999999999998
0.154164,0.19319999999999998
0.154168,0.1771
0.154172,0.19319999999999998
0.154176,0.19319999999999998
0.15418,0.19319999999999998
0.154184,0.19319999999999998
0.154188,0.19319999999999998
0.154192,0.1771
0.154196,0.19319999999999998
0.1542,0.20929999999999999
0.154204,0.19319999999999998
0.154208,0.19319999999999998
0.154212,0.19319999999999998
0.154216,0.19319999999999998
0.15422,0.19319999999999998
0.154224,0.1771
0.154228,0.19319999999999998
0.154232,0.19319999999999998
0.154236,0.19319999999999998
0.15424,0.19319999999999998
0.154244,0.1771
0.154248,0.19319999999999998
0.154252,0.19319999999999998
0.154256,0.19319999999999998
0.15426,0.19319999999999998
0.154264,0.19319999999999998
0.154268,0.19319999999999998
0.154272,0.19319999999999998
0.154276,0.19319999999999998
0.15428,0.19319999999999998
0.154284,0.19319999999999998
0.154288,0.1771
0.154292,0.19319999999999998
0.154296,0.19319999999999998
0.1543,0.19319999999999998
0.154304,0.1771
0.154308,0.19319999999999998
0.154312,0.20929999999999999
0.154316,0.19319999999999998
0.15432,0.1771
0.154324,0.19319999999999998
0.154328,0.1771
0.154332,0.19319999999999998
0.154336,0.19319999999999998
0.15434,0.19319999999999998
0.154344,0.1771
0.154348,0.1771
0.154352,0.19319999999999998
0.154356,0.1771
0.15436,0.19319999999999998
0.154364,0.1771
0.154368,0.1771
0.154372,0.19319999999999998
0.154376,0.19319999999999998
0.15438,0.19319999999999998
0.154384,0.1771
0.154388,0.19319999999999998
0.154392,0.161
0.154396,0.1771
0.1544,0.19319999999999998
0.154404,0.19319999999999998
0.154408,0.19319999999999998
0.154412,0.1771
0.154416,0.19319999999999998
0.15442,0.1771
0.154424,0.1771
0.154428,0.1771
0.154432,0.19319999999999998
0.154436,0.1771
0.15444,0.1771
0.154444,0.1771
0.154448,0.1771
0.154452,0.19319999999999998
0.154456,0.19319999999999998
0.15446,0.161
0.154464,0.1771
0.154468,0.19319999999999998
0.154472,0.1771
0.154476,0.1771
0.15448,0.19319999999999998
0.154484,0.1771
0.154488,0.20929999999999999
0.154492,0.1771
0.154496,0.1771
0.1545,0.19319999999999998
0.154504,0.1771
0.154508,0.19319999999999998
0.154512,0.19319999999999998
0.154516,0.1771
0.15452,0.1771
0.154524,0.19319999999999998
0.154528,0.19319999999999998
0.154532,0.1771
0.154536,0.1771
0.15454,0.19319999999999998
0.154544,0.161
0.154548,0.19319999999999998
0.154552,0.1771
0.154556,0.1771
0.15456,0.1771
0.154564,0.19319999999999998
0.154568,0.19319999999999998
0.154572,0.1449
0.154576,0.2415
0.15458,0.1288
0.154584,0.2415
0.154588,0.1449
0.154592,0.19319999999999998
0.154596,0.19319999999999998
0.1546,0.1771
0.154604,0.1771
0.154608,0.20929999999999999
0.154612,0.161
0.154616,0.19319999999999998
0.15462,0.161
0.154624,0.19319999999999998
0.154628,0.1771
0.154632,0.1771
0.154636,0.19319999999999998
0.15464,0.1771
0.154644,0.20929999999999999
0.154648,0.1771
0.154652,0.1771
0.154656,0.19319999999999998
0.15466,0.1771
0.154664,0.19319999999999998
0.154668,0.1771
0.154672,0.1771
0.154676,0.19319999999999998
0.15468,0.19319999999999998
0.154684,0.20929999999999999
0.154688,0.161
0.154692,0.19319999999999998
0.154696,0.19319999999999998
0.1547,0.19319999999999998
0.154704,0.1771
0.154708,0.19319999999999998
0.154712,0.19319999999999998
0.154716,0.19319999999999998
0.15472,0.161
0.154724,0.19319999999999998
0.154728,0.1771
0.154732,0.19319999999999998
0.154736,0.19319999999999998
0.15474,0.1771
0.154744,0.19319999999999998
0.154748,0.19319999999999998
0.154752,0.1771
0.154756,0.19319999999999998
0.15476,0.1771
0.154764,0.19319999999999998
0.154768,0.1771
0.154772,0.19319999999999998
0.154776,0.1771
0.15478,0.1771
0.154784,0.19319999999999998
0.154788,0.1771
0.154792,0.19319999999999998
0.154796,0.1771
0.1548,0.19319999999999998
0.154804,0.1771
0.154808,0.19319999999999998
0.154812,0.19319999999999998
0.154816,0.161
0.15482,0.19319999999999998
0.154824,0.19319999999999998
0.154828,0.1771
0.154832,0.19319999999999998
0.154836,0.1771
0.15484,0.1771
0.154844,0.19319999999999998
0.154848,0.1771
0.154852,0.1771
0.154856,0.1771
0.15486,0.1771
0.154864,0.1771
0.154868,0.1771
0.154872,0.1771
0.154876,0.1771
0.15488,0.1771
0.154884,0.19319999999999998
0.154888,0.1771
0.154892,0.1771
0.154896,0.19319999999999998
0.1549,0.1771
0.154904,0.19319999999999998
0.154908,0.19319999999999998
0.154912,0.1771
0.154916,0.1771
0.15492,0.1771
0.154924,0.1771
0.154928,0.1771
0.154932,0.1771
0.154936,0.1771
0.15494,0.19319999999999998
0.154944,0.161
0.154948,0.19319999999999998
0.154952,0.19319999999999998
0.154956,0.161
0.15496,0.1771
0.154964,0.1771
0.154968,0.1771
0.154972,0.19319999999999998
0.154976,0.19319999999999998
0.15498,0.1771
0.154984,0.1771
0.154988,0.1771
0.154992,0.20929999999999999
0.154996,0.161
0.155,0.19319999999999998
0.155004,0.19319999999999998
0.155008,0.1771
0.155012,0.19319999999999998
0.155016,0.19319999999999998
0.15502,0.1771
0.155024,0.19319999999999998
0.155028,0.1771
0.155032,0.1771
0.155036,0.19319999999999998
0.15504,0.1771
0.155044,0.20929999999999999
0.155048,0.1771
0.155052,0.19319999999999998
0.155056,0.1771
0.15506,0.1771
0.155064,0.19319999999999998
0.155068,0.1771
0.155072,0.1771
0.155076,0.19319999999999998
0.15508,0.1771
0.155084,0.19319999999999998
0.155088,0.1771
0.155092,0.1771
0.155096,0.19319999999999998
0.1551,0.1771
0.155104,0.19319999999999998
0.155108,0.19319999999999998
0.155112,0.1771
0.155116,0.1771
0.15512,0.19319999999999998
0.155124,0.19319999999999998
0.155128,0.1771
0.155132,0.1771
0.155136,0.19319999999999998
0.15514,0.1771
0.155144,0.19319999999999998
0.155148,0.161
0.155152,0.1771
0.155156,0.1771
0.15516,0.1771
0.155164,0.1771
0.155168,0.1771
0.155172,0.161
0.155176,0.19319999999999998
0.15518,0.19319999999999998
0.155184,0.1771
0.155188,0.19319999999999998
0.155192,0.1771
0.155196,0.1771
0.1552,0.19319999999999998
0.155204,0.161
0.155208,0.1771
0.155212,0.1771
0.155216,0.1771
0.15522,0.1771
0.155224,0.1771
0.155228,0.1771
0.155232,0.19319999999999998
0.155236,0.1771
0.15524,0.1771
0.155244,0.1771
0.155248,0.1771
0.155252,0.1771
0.155256,0.19319999999999998
0.15526,0.1771
0.155264,0.19319999999999998
0.155268,0.1771
0.155272,0.1771
0.155276,0.19319999999999998
0.15528,0.1771
0.155284,0.161
0.155288,0.1771
0.155292,0.19319999999999998
0.155296,0.1771
0.1553,0.1771
0.155304,0.1771
0.155308,0.19319999999999998
0.155312,0.1771
0.155316,0.1771
0.15532,0.1771
0.155324,0.1771
0.155328,0.1771
0.155332,0.1771
0.155336,0.19319999999999998
0.15534,0.1771
0.155344,0.19319999999999998
0.155348,0.1771
0.155352,0.1771
0.155356,0.19319999999999998
0.15536,0.1771
0.155364,0.1771
0.155368,0.1771
0.155372,0.19319999999999998
0.155376,0.1771
0.15538,0.161
0.155384,0.1771
0.155388,0.19319999999999998
0.155392,0.161
0.155396,0.1771
0.1554,0.1771
0.155404,0.19319999999999998
0.155408,0.1771
0.155412,0.19319999999999998
0.155416,0.19319999999999998
0.15542,0.161
0.155424,0.1771
0.155428,0.1771
0.155432,0.1771
0.155436,0.1771
0.15544,0.161
0.155444,0.1771
0.155448,0.1771
0.155452,0.19319999999999998
0.155456,0.1771
0.15546,0.1771
0.155464,0.19319999999999998
0.155468,0.1771
0.155472,0.1771
0.155476,0.1771
0.15548,0.161
0.155484,0.1771
0.155488,0.1771
0.155492,0.1771
0.155496,0.1771
0.1555,0.1771
0.155504,0.1771
0.155508,0.1771
0.155512,0.19319999999999998
0.155516,0.1771
0.15552,0.1771
0.155524,0.1771
0.155528,0.161
0.155532,0.1771
0.155536,0.1771
0.15554,0.1771
0.155544,0.19319999999999998
0.155548,0.161
0.155552,0.1771
0.155556,0.1771
0.15556,0.19319999999999998
0.155564,0.1771
0.155568,0.1771
0.155572,0.1771
0.155576,0.1771
0.15558,0.1771
0.155584,0.1771
0.155588,0.161
0.155592,0.1771
0.155596,0.1771
0.1556,0.1771
0.155604,0.1771
0.155608,0.1771
0.155612,0.1771
0.155616,0.1771
0.15562,0.19319999999999998
0.155624,0.161
0.155628,0.1771
0.155632,0.1771
0.155636,0.161
0.15564,0.1771
0.155644,0.161
0.155648,0.1771
0.155652,0.1771
0.155656,0.161
0.15566,0.1771
0.155664,0.161
0.155668,0.1771
0.155672,0.1771
0.155676,0.1771
0.15568,0.1771
0.155684,0.1771
0.155688,0.161
0.155692,0.1771
0.155696,0.1771
0.1557,0.1771
0.155704,0.1771
0.155708,0.19319999999999998
0.155712,0.161
0.155716,0.1771
0.15572,0.1771
0.155724,0.161
0.155728,0.19319999999999998
0.155732,0.161
0.155736,0.19319999999999998
0.15574,0.1771
0.155744,0.161
0.155748,0.1771
0.155752,0.161
0.155756,0.1771
0.15576,0.1771
0.155764,0.161
0.155768,0.1771
0.155772,0.161
0.155776,0.1771
0.15578,0.1771
0.155784,0.1771
0.155788,0.1771
0.155792,0.161
0.155796,0.1771
0.1558,0.1771
0.155804,0.1771
0.155808,0.161
0.155812,0.1771
0.155816,0.161
0.15582,0.1771
0.155824,0.19319999999999998
0.155828,0.161
0.155832,0.1771
0.155836,0.161
0.15584,0.1771
0.155844,0.1771
0.155848,0.161
0.155852,0.1771
0.155856,0.161
0.15586,0.1771
0.155864,0.1771
0.155868,0.161
0.155872,0.161
0.155876,0.19319999999999998
0.15588,0.161
0.155884,0.1771
0.155888,0.1771
0.155892,0.161
0.155896,0.161
0.1559,0.1771
0.155904,0.1771
0.155908,0.1771
0.155912,0.1771
0.155916,0.161
0.15592,0.161
0.155924,0.161
0.155928,0.1771
0.155932,0.1771
0.155936,0.1771
0.15594,0.1771
0.155944,0.161
0.155948,0.1771
0.155952,0.1771
0.155956,0.161
0.15596,0.1771
0.155964,0.1771
0.155968,0.1771
0.155972,0.1771
0.155976,0.1449
0.15598,0.1771
0.155984,0.161
0.155988,0.1771
0.155992,0.161
0.155996,0.161
0.156,0.1771
0.156004,0.161
0.156008,0.1771
0.156012,0.1771
0.156016,0.161
0.15602,0.1771
0.156024,0.161
0.156028,0.161
0.156032,0.161
0.156036,0.1771
0.15604,0.161
0.156044,0.1771
0.156048,0.1771
0.156052,0.1771
0.156056,0.161
0.15606,0.1771
0.156064,0.1771
0.156068,0.161
0.156072,0.1771
0.156076,0.161
0.15608,0.161
0.156084,0.1771
0.156088,0.1771
0.156092,0.161
0.156096,0.1771
0.1561,0.1771
0.156104,0.161
0.156108,0.1771
0.156112,0.1771
0.156116,0.161
0.15612,0.161
0.156124,0.1771
0.156128,0.161
0.156132,0.161
0.156136,0.1771
0.15614,0.161
0.156144,0.161
0.156148,0.161
0.156152,0.161
0.156156,0.161
0.15616,0.161
0.156164,0.161
0.156168,0.161
0.156172,0.1771
0.156176,0.1771
0.15618,0.161
0.156184,0.161
0.156188,0.1771
0.156192,0.1771
0.156196,0.1771
0.1562,0.161
0.156204,0.161
0.156208,0.1771
0.156212,0.1771
0.156216,0.1771
0.15622,0.1449
0.156224,0.1771
0.156228,0.161
0.156232,0.1771
0.156236,0.1771
0.15624,0.161
0.156244,0.161
0.156248,0.1771
0.156252,0.161
0.156256,0.161
0.15626,0.161
0.156264,0.1771
0.156268,0.161
0.156272,0.1771
0.156276,0.161
0.15628,0.161
0.156284,0.1771
0.156288,0.161
0.156292,0.161
0.156296,0.1771
0.1563,0.1771
0.156304,0.1771
0.156308,0.161
0.156312,0.1771
0.156316,0.161
0.15632,0.161
0.156324,0.161
0.156328,0.161
0.156332,0.161
0.156336,0.161
0.15634,0.161
0.156344,0.1771
0.156348,0.161
0.156352,0.161
0.156356,0.161
0.15636,0.161
0.156364,0.1771
0.156368,0.161
0.156372,0.161
0.156376,0.161
0.15638,0.161
0.156384,0.161
0.156388,0.1771
0.156392,0.161
0.156396,0.1771
0.1564,0.161
0.156404,0.161
0.156408,0.1771
0.156412,0.161
0.156416,0.1771
0.15642,0.161
0.156424,0.1771
0.156428,0.161
0.156432,0.161
0.156436,0.1771
0.15644,0.161
0.156444,0.161
0.156448,0.161
0.156452,0.1449
0.156456,0.161
0.15646,0.161
0.156464,0.161
0.156468,0.161
0.156472,0.161
0.156476,0.1771
0.15648,0.1771
0.156484,0.161
0.156488,0.161
0.156492,0.1771
0.156496,0.161
0.1565,0.1771
0.156504,0.161
0.156508,0.161
0.156512,0.161
0.156516,0.1449
0.15652,0.161
0.156524,0.161
0.156528,0.1771
0.156532,0.161
0.156536,0.161
0.15654,0.161
0.156544,0.1771
0.156548,0.1449
0.156552,0.1771
0.156556,0.161
0.15656,0.161
0.156564,0.161
0.156568,0.161
0.156572,0.1771
0.156576,0.161
0.15658,0.161
0.156584,0.161
0.156588,0.161
0.156592,0.161
0.156596,0.161
0.1566,0.161
0.156604,0.161
0.156608,0.1771
0.156612,0.161
0.156616,0.161
0.15662,0.1771
0.156624,0.1449
0.156628,0.161
0.156632,0.161
0.156636,0.161
0.15664,0.1771
0.156644,0.1449
0.156648,0.161
0.156652,0.1771
0.156656,0.1449
0.15666,0.161
0.156664,0.161
0.156668,0.161
0.156672,0.161
0.156676,0.161
0.15668,0.161
0.156684,0.1449
0.156688,0.1449
0.156692,0.161
0.156696,0.161
0.1567,0.161
0.156704,0.161
0.156708,0.1449
0.156712,0.1771
0.156716,0.1771
0.15672,0.1449
0.156724,0.161
0.156728,0.1771
0.156732,0.1449
0.156736,0.161
0.15674,0.161
0.156744,0.161
0.156748,0.1449
0.156752,0.161
0.156756,0.161
0.15676,0.161
0.156764,0.161
0.156768,0.161
0.156772,0.161
0.156776,0.161
0.15678,0.1771
0.156784,0.1449
0.156788,0.161
0.156792,0.161
0.156796,0.1449
0.1568,0.161
0.156804,0.161
0.156808,0.1449
0.156812,0.1449
0.156816,0.161
0.15682,0.1449
0.156824,0.161
0.156828,0.161
0.156832,0.161
0.156836,0.1449
0.15684,0.161
0.156844,0.1449
0.156848,0.161
0.156852,0.1449
0.156856,0.161
0.15686,0.1449
0.156864,0.161
0.156868,0.161
0.156872,0.161
0.156876,0.161
0.15688,0.1449
0.156884,0.161
0.156888,0.161
0.156892,0.1771
0.156896,0.161
0.1569,0.161
0.156904,0.161
0.156908,0.161
0.156912,0.161
0.156916,0.161
0.15692,0.1449
0.156924,0.161
0.156928,0.161
0.156932,0.1449
0.156936,0.161
0.15694,0.161
0.156944,0.1449
0.156948,0.161
0.156952,0.161
0.156956,0.161
0.15696,0.161
0.156964,0.161
0.156968,0.161
0.156972,0.1449
0.156976,0.1771
0.15698,0.1449
0.156984,0.1449
0.156988,0.161
0.156992,0.161
0.156996,0.161
0.157,0.1449
0.157004,0.1449
0.157008,0.1449
0.157012,0.161
0.157016,0.161
0.15702,0.1449
0.157024,0.161
0.157028,0.161
0.157032,0.161
0.157036,0.161
0.15704,0.161
0.157044,0.161
0.157048,0.1449
0.157052,0.1771
0.157056,0.1449
0.15706,0.161
0.157064,0.161
0.157068,0.161
0.157072,0.1771
0.157076,0.1288
0.15708,0.1449
0.157084,0.1449
0.157088,0.1771
0.157092,0.1771
0.157096,0.1288
0.1571,0.1771
0.157104,0.161
0.157108,0.1449
0.157112,0.161
0.157116,0.1449
0.15712,0.161
0.157124,0.1449
0.157128,0.161
0.157132,0.161
0.157136,0.161
0.15714,0.1449
0.157144,0.1771
0.157148,0.1288
0.157152,0.1771
0.157156,0.1449
0.15716,0.161
0.157164,0.161
0.157168,0.1449
0.157172,0.1449
0.157176,0.1449
0.15718,0.1449
0.157184,0.1771
0.157188,0.1449
0.157192,0.1771
0.157196,0.161
0.1572,0.161
0.157204,0.1449
0.157208,0.1449
0.157212,0.1771
0.157216,0.1449
0.15722,0.161
0.157224,0.1771
0.157228,0.1449
0.157232,0.161
0.157236,0.161
0.15724,0.1449
0.157244,0.1449
0.157248,0.161
0.157252,0.1449
0.157256,0.161
0.15726,0.161
0.157264,0.161
0.157268,0.161
0.157272,0.1288
0.157276,0.161
0.15728,0.161
0.157284,0.161
0.157288,0.161
0.157292,0.161
0.157296,0.161
0.1573,0.161
0.157304,0.161
0.157308,0.161
0.157312,0.161
0.157316,0.1449
0.15732,0.1449
0.157324,0.1449
0.157328,0.161
0.157332,0.161
0.157336,0.1449
0.15734,0.161
0.157344,0.1449
0.157348,0.161
0.157352,0.161
0.157356,0.1449
0.15736,0.161
0.157364,0.161
0.157368,0.1449
0.157372,0.161
0.157376,0.1449
0.15738,0.1449
0.157384,0.1449
0.157388,0.161
0.157392,0.1449
0.157396,0.1449
0.1574,0.1449
0.157404,0.1771
0.157408,0.1449
0.157412,0.161
0.157416,0.161
0.15742,0.1449
0.157424,0.1449
0.157428,0.161
0.157432,0.161
0.157436,0.1771
0.15744,0.1449
0.157444,0.161
0.157448,0.1449
0.157452,0.1449
0.157456,0.161
0.15746,0.1449
0.157464,0.1449
0.157468,0.1449
0.157472,0.161
0.157476,0.161
0.15748,0.1449
0.157484,0.1449
0.157488,0.161
0.157492,0.1449
0.157496,0.161
0.1575,0.1449
0.157504,0.161
0.157508,0.161
0.157512,0.161
0.157516,0.1449
0.15752,0.1449
0.157524,0.161
0.157528,0.161
0.157532,0.161
0.157536,0.161
0.15754,0.161
0.157544,0.161
0.157548,0.1449
0.157552,0.1449
0.157556,0.1449
0.15756,0.1449
0.157564,0.161
0.157568,0.1449
0.157572,0.161
0.157576,0.1449
0.15758,0.1449
0.157584,0.161
0.157588,0.161
0.157592,0.161
0.157596,0.1449
0.1576,0.1449
0.157604,0.161
0.157608,0.161
0.157612,0.1449
0.157616,0.161
0.15762,0.1449
0.157624,0.161
0.157628,0.161
0.157632,0.161
0.157636,0.1449
0.15764,0.161
0.157644,0.161
0.157648,0.1449
0.157652,0.161
0.157656,0.1449
0.15766,0.1449
0.157664,0.161
0.157668,0.1449
0.157672,0.161
0.157676,0.161
0.15768,0.1449
0.157684,0.161
0.157688,0.161
0.157692,0.161
0.157696,0.1449
0.1577,0.161
0.157704,0.1449
0.157708,0.161
0.157712,0.1449
0.157716,0.161
0.15772,0.1449
0.157724,0.1449
0.157728,0.161
0.157732,0.1449
0.157736,0.1449
0.15774,0.161
0.157744,0.1449
0.157748,0.161
0.157752,0.1449
0.157756,0.1449
0.15776,0.161
0.157764,0.1449
0.157768,0.1449
0.157772,0.1288
0.157776,0.161
0.15778,0.161
0.157784,0.1449
0.157788,0.1449
0.157792,0.1449
0.157796,0.1449
0.1578,0.1449
0.157804,0.161
0.157808,0.1449
0.157812,0.1449
0.157816,0.161
0.15782,0.1449
0.157824,0.1449
0.157828,0.161
0.157832,0.161
0.157836,0.1449
0.15784,0.161
0.157844,0.1449
0.157848,0.1449
0.157852,0.1771
0.157856,0.1449
0.15786,0.161
0.157864,0.1449
0.157868,0.1288
0.157872,0.161
0.157876,0.161
0.15788,0.161
0.157884,0.1449
0.157888,0.161
0.157892,0.1449
0.157896,0.1449
0.1579,0.161
0.157904,0.1449
0.157908,0.1449
0.157912,0.161
0.157916,0.1449
0.15792,0.161
0.157924,0.1288
0.157928,0.1288
0.157932,0.1449
0.157936,0.161
0.15794,0.1449
0.157944,0.1449
0.157948,0.1449
0.157952,0.1449
0.157956,0.1449
0.15796,0.161
0.157964,0.161
0.157968,0.161
0.157972,0.1449
0.157976,0.1449
0.15798,0.161
0.157984,0.1449
0.157988,0.1449
0.157992,0.161
0.157996,0.1449
0.158,0.1449
0.158004,0.1449
0.158008,0.1288
0.158012,0.1449
0.158016,0.1449
0.15802,0.161
0.158024,0.1449
0.158028,0.161
0.158032,0.161
0.158036,0.161
0.15804,0.1449
0.158044,0.1449
0.158048,0.1449
0.158052,0.1449
0.158056,0.1449
0.15806,0.1449
0.158064,0.1449
0.158068,0.161
0.158072,0.1449
0.158076,0.1449
0.15808,0.1449
0.158084,0.1449
0.158088,0.1449
0.158092,0.1449
0.158096,0.161
0.1581,0.161
0.158104,0.1449
0.158108,0.161
0.158112,0.161
0.158116,0.1449
0.15812,0.161
0.158124,0.1449
0.158128,0.1449
0.158132,0.1449
0.158136,0.161
0.15814,0.161
0.158144,0.1449
0.158148,0.1449
0.158152,0.161
0.158156,0.1449
0.15816,0.1449
0.158164,0.1449
0.158168,0.1449
0.158172,0.1449
0.158176,0.1449
0.15818,0.1449
0.158184,0.1449
0.158188,0.1449
0.158192,0.1449
0.158196,0.1449
0.1582,0.161
0.158204,0.1449
0.158208,0.1449
0.158212,0.1449
0.158216,0.161
0.15822,0.1449
0.158224,0.1449
0.158228,0.161
0.158232,0.1288
0.158236,0.1449
0.15824,0.1449
0.158244,0.161
0.158248,0.161
0.158252,0.1449
0.158256,0.161
0.15826,0.1449
0.158264,0.161
0.158268,0.1449
0.158272,0.1449
0.158276,0.1449
0.15828,0.1449
0.158284,0.1449
0.158288,0.161
0.158292,0.1288
0.158296,0.1449
0.1583,0.1449
0.158304,0.1449
0.158308,0.1449
0.158312,0.1449
0.158316,0.161
0.15832,0.1449
0.158324,0.1449
0.158328,0.1449
0.158332,0.1449
0.158336,0.1449
0.15834,0.1449
0.158344,0.1449
0.158348,0.1449
0.158352,0.161
0.158356,0.1288
0.15836,0.1449
0.158364,0.161
0.158368,0.1449
0.158372,0.1449
0.158376,0.1449
0.15838,0.1449
0.158384,0.1449
0.158388,0.1449
0.158392,0.1449
0.158396,0.1449
0.1584,0.1449
0.158404,0.161
0.158408,0.1449
0.158412,0.161
0.158416,0.161
0.15842,0.1288
0.158424,0.1449
0.158428,0.1449
0.158432,0.1449
0.158436,0.1449
0.15844,0.1449
0.158444,0.1449
0.158448,0.1449
0.158452,0.1449
0.158456,0.1449
0.15846,0.161
0.158464,0.1449
0.158468,0.1449
0.158472,0.1449
0.158476,0.1449
0.15848,0.1449
0.158484,0.1449
0.158488,0.1449
0.158492,0.1449
0.158496,0.1449
0.1585,0.161
0.158504,0.1449
0.158508,0.1449
0.158512,0.1449
0.158516,0.1288
0.15852,0.1449
0.158524,0.1449
0.158528,0.1449
0.158532,0.1449
0.158536,0.1449
0.15854,0.1449
0.158544,0.1449
0.158548,0.1449
0.158552,0.1449
0.158556,0.1288
0.15856,0.1449
0.158564,0.161
0.158568,0.1449
0.158572,0.161
0.158576,0.161
0.15858,0.1449
0.158584,0.1449
0.158588,0.161
0.158592,0.1449
0.158596,0.1449
0.1586,0.1449
0.158604,0.1449
0.158608,0.1449
0.158612,0.1449
0.158616,0.161
0.15862,0.1449
0.158624,0.1449
0.158628,0.1449
0.158632,0.1449
0.158636,0.1449
0.15864,0.161
0.158644,0.1288
0.158648,0.1449
0.158652,0.1449
0.158656,0.1449
0.15866,0.1449
0.158664,0.1449
0.158668,0.1449
0.158672,0.1449
0.158676,0.161
0.15868,0.1288
0.158684,0.1288
0.158688,0.1449
0.158692,0.161
0.158696,0.1288
0.1587,0.161
0.158704,0.1449
0.158708,0.1449
0.158712,0.1449
0.158716,0.1449
0.15872,0.161
0.158724,0.1449
0.158728,0.1449
0.158732,0.1288
0.158736,0.1449
0.15874,0.161
0.158744,0.1449
0.158748,0.1449
0.158752,0.1449
0.158756,0.1449
0.15876,0.1449
0.158764,0.1449
0.158768,0.1449
0.158772,0.1449
0.158776,0.1449
0.15878,0.1449
0.158784,0.1449
0.158788,0.161
0.158792,0.1449
0.158796,0.161
0.1588,0.1449
0.158804,0.1288
0.158808,0.1449
0.158812,0.1288
0.158816,0.1449
0.15882,0.1288
0.158824,0.1449
0.158828,0.1449
0.158832,0.1449
0.158836,0.1449
0.15884,0.1449
0.158844,0.1449
0.158848,0.1449
0.158852,0.1449
0.158856,0.1288
0.15886,0.1449
0.158864,0.1449
0.158868,0.1449
0.158872,0.1449
0.158876,0.161
0.15888,0.1288
0.158884,0.1449
0.158888,0.1449
0.158892,0.161
0.158896,0.1449
0.1589,0.1288
0.158904,0.1449
0.158908,0.1449
0.158912,0.1449
0.158916,0.1449
0.15892,0.1449
0.158924,0.1449
0.158928,0.161
0.158932,0.1288
0.158936,0.1288
0.15894,0.161
0.158944,0.1449
0.158948,0.1288
0.158952,0.1449
0.158956,0.1449
0.15896,0.1449
0.158964,0.1449
0.158968,0.1449
0.158972,0.1449
0.158976,0.1449
0.15898,0.1288
0.158984,0.1288
0.158988,0.1449
0.158992,0.1449
0.158996,0.1449
0.159,0.1288
0.159004,0.1449
0.159008,0.1449
0.159012,0.1288
0.159016,0.1449
0.15902,0.1449
0.159024,0.1288
0.159028,0.1449
0.159032,0.161
0.159036,0.1288
0.15904,0.1449
0.159044,0.1449
0.159048,0.1288
0.159052,0.1288
0.159056,0.161
0.15906,0.1449
0.159064,0.1288
0.159068,0.1449
0.159072,0.1449
0.159076,0.1449
0.15908,0.1288
0.159084,0.1449
0.159088,0.1449
0.159092,0.1449
0.159096,0.1288
0.1591,0.1288
0.159104,0.1449
0.159108,0.1449
0.159112,0.1449
0.159116,0.1449
0.15912,0.1288
0.159124,0.1449
0.159128,0.161
0.159132,0.1449
0.159136,0.1449
0.15914,0.1449
0.159144,0.1449
0.159148,0.1449
0.159152,0.1288
0.159156,0.1288
0.15916,0.1449
0.159164,0.1449
0.159168,0.1449
0.159172,0.1288
0.159176,0.1288
0.15918,0.1449
0.159184,0.1288
0.159188,0.1449
0.159192,0.1449
0.159196,0.1288
0.1592,0.1449
0.159204,0.1449
0.159208,0.1288
0.159212,0.1288
0.159216,0.1449
0.15922,0.1449
0.159224,0.1449
0.159228,0.1288
0.159232,0.1449
0.159236,0.1449
0.15924,0.1449
0.159244,0.161
0.159248,0.1288
0.159252,0.1288
0.159256,0.1449
0.15926,0.1288
0.159264,0.1449
0.159268,0.1449
0.159272,0.1288
0.159276,0.1449
0.15928,0.1288
0.159284,0.1449
0.159288,0.1288
0.159292,0.1288
0.159296,0.161
0.1593,0.1288
0.159304,0.1449
0.159308,0.1449
0.159312,0.1288
0.159316,0.1449
0.15932,0.1288
0.159324,0.1288
0.159328,0.1449
0.159332,0.1449
0.159336,0.1449
0.15934,0.1288
0.159344,0.1449
0.159348,0.1449
0.159352,0.1288
0.159356,0.1449
0.15936,0.1449
0.159364,0.1288
0.159368,0.1449
0.159372,0.1449
0.159376,0.1288
0.15938,0.1288
0.159384,0.1449
0.159388,0.1449
0.159392,0.1449
0.159396,0.1449
0.1594,0.1288
0.159404,0.1449
0.159408,0.1288
0.159412,0.1288
0.159416,0.1449
0.15942,0.1449
0.159424,0.1449
0.159428,0.1288
0.159432,0.1288
0.159436,0.1288
0.15944,0.1288
0.159444,0.1449
0.159448,0.1288
0.159452,0.1449
0.159456,0.1449
0.15946,0.1449
0.159464,0.1449
0.159468,0.1288
0.159472,0.1288
0.159476,0.1288
0.15948,0.1288
0.159484,0.1449
0.159488,0.1449
0.159492,0.1449
0.159496,0.1288
0.1595,0.1449
0.159504,0.1449
0.159508,0.1449
0.159512,0.1449
0.159516,0.1288
0.15952,0.1449
0.159524,0.1288
0.159528,0.1288
0.159532,0.1449
0.159536,0.1449
0.15954,0.1288
0.159544,0.1288
0.159548,0.1288
0.159552,0.1288
0.159556,0.1288
0.15956,0.1449
0.159564,0.1449
0.159568,0.1288
0.159572,0.1449
0.159576,0.1288
0.15958,0.1449
0.159584,0.1288
0.159588,0.1449
0.159592,0.1288
0.159596,0.1449
0.1596,0.1288
0.159604,0.1449
0.159608,0.1288
0.159612,0.1288
0.159616,0.1449
0.15962,0.1449
0.159624,0.1288
0.159628,0.1449
0.159632,0.1288
0.159636,0.1449
0.15964,0.1449
0.159644,0.1449
0.159648,0.1288
0.159652,0.1449
0.159656,0.1288
0.15966,0.161
0.159664,0.1288
0.159668,0.1449
0.159672,0.1288
0.159676,0.1288
0.15968,0.1288
0.159684,0.1127
0.159688,0.1449
0.159692,0.1288
0.159696,0.1288
0.1597,0.1449
0.159704,0.1449
0.159708,0.1449
0.159712,0.1288
0.159716,0.1449
0.15972,0.1449
0.159724,0.1449
0.159728,0.1449
0.159732,0.1288
0.159736,0.1288
0.15974,0.1449
0.159744,0.1288
0.159748,0.1288
0.159752,0.1288
0.159756,0.1449
0.15976,0.1288
0.159764,0.161
0.159768,0.1449
0.159772,0.1288
0.159776,0.1288
0.15978,0.1288
0.159784,0.1449
0.159788,0.1449
0.159792,0.1288
0.159796,0.1288
0.1598,0.1449
0.159804,0.1449
0.159808,0.1288
0.159812,0.1449
0.159816,0.1288
0.15982,0.1288
0.159824,0.1449
0.159828,0.09659999999999999
0.159832,0.161
0.159836,0.1288
0.15984,0.1449
0.159844,0.1288
0.159848,0.1288
0.159852,0.1288
0.159856,0.1449
0.15986,0.1288
0.159864,0.1449
0.159868,0.1288
0.159872,0.1449
0.159876,0.1288
0.15988,0.1288
0.159884,0.1288
0.159888,0.1449
0.159892,0.1288
0.159896,0.1449
0.1599,0.1288
0.159904,0.1449
0.159908,0.1127
0.159912,0.1288
0.159916,0.1288
0.15992,0.1449
0.159924,0.1288
0.159928,0.1288
0.159932,0.1288
0.159936,0.1288
0.15994,0.1449
0.159944,0.1449
0.159948,0.1127
0.159952,0.1449
0.159956,0.1449
0.15996,0.1449
0.159964,0.1288
0.159968,0.1288
0.159972,0.1449
0.159976,0.1288
0.15998,0.1449
0.159984,0.1288
0.159988,0.1288
0.159992,0.1449
0.159996,0.1288
0.16,0.1288
0.160004,0.1288
0.160008,0.1288
0.160012,0.1288
0.160016,0.1288
0.16002,0.1449
0.160024,0.1288
0.160028,0.1449
0.160032,0.1288
0.160036,0.1288
0.16004,0.1288
0.160044,0.1288
0.160048,0.1127
0.160052,0.1288
0.160056,0.1288
0.16006,0.1288
0.160064,0.1288
0.160068,0.1449
0.160072,0.1288
0.160076,0.1288
0.16008,0.1288
0.160084,0.1449
0.160088,0.1127
0.160092,0.1449
0.160096,0.1288
0.1601,0.1288
0.160104,0.1288
0.160108,0.1127
0.160112,0.1449
0.160116,0.1288
0.16012,0.1127
0.160124,0.1288
0.160128,0.1288
0.160132,0.1449
0.160136,0.1288
0.16014,0.1288
0.160144,0.1288
0.160148,0.1288
0.160152,0.1449
0.160156,0.1288
0.16016,0.1288
0.160164,0.1288
0.160168,0.1449
0.160172,0.1288
0.160176,0.1288
0.16018,0.1449
0.160184,0.1288
0.160188,0.1288
0.160192,0.1449
0.160196,0.1288
0.1602,0.1288
0.160204,0.1449
0.160208,0.1288
0.160212,0.1127
0.160216,0.1288
0.16022,0.1288
0.160224,0.1288
0.160228,0.1288
0.160232,0.1288
0.160236,0.1127
0.16024,0.1288
0.160244,0.1288
0.160248,0.1127
0.160252,0.1127
0.160256,0.1127
0.16026,0.1288
0.160264,0.1288
0.160268,0.1288
0.160272,0.1288
0.160276,0.1288
0.16028,0.1127
0.160284,0.1288
0.160288,0.1288
0.160292,0.1127
0.160296,0.1288
0.1603,0.1288
0.160304,0.1127
0.160308,0.1288
0.160312,0.1288
0.160316,0.1449
0.16032,0.1288
0.160324,0.1127
0.160328,0.1288
0.160332,0.1288
0.160336,0.1449
0.16034,0.1288
0.160344,0.1288
0.160348,0.1127
0.160352,0.1288
0.160356,0.1127
0.16036,0.1288
0.160364,0.1288
0.160368,0.1127
0.160372,0.1288
0.160376,0.1288
0.16038,0.1288
0.160384,0.1288
0.160388,0.1288
0.160392,0.1288
0.160396,0.1127
0.1604,0.1288
0.160404,0.1288
0.160408,0.1288
0.160412,0.1288
0.160416,0.1288
0.16042,0.1127
0.160424,0.1288
0.160428,0.1449
0.160432,0.1288
0.160436,0.1288
0.16044,0.1288
0.160444,0.1288
0.160448,0.1127
0.160452,0.1127
0.160456,0.1127
0.16046,0.1288
0.160464,0.1288
0.160468,0.1288
0.160472,0.1288
0.160476,0.1288
0.16048,0.1288
0.160484,0.1288
0.160488,0.1288
0.160492,0.1127
0.160496,0.1288
0.1605,0.1288
0.160504,0.1288
0.160508,0.1127
0.160512,0.1288
0.160516,0.1288
0.16052,0.1127
0.160524,0.1288
0.160528,0.1127
0.160532,0.1288
0.160536,0.1288
0.16054,0.1127
0.160544,0.1288
0.160548,0.1127
0.160552,0.1449
0.160556,0.1288
0.16056,0.1127
0.160564,0.1449
0.160568,0.1127
0.160572,0.1449
0.160576,0.1288
0.16058,0.1127
0.160584,0.1288
0.160588,0.1288
0.160592,0.1288
0.160596,0.1127
0.1606,0.1288
0.160604,0.1288
0.160608,0.1288
0.160612,0.1288
0.160616,0.1288
0.16062,0.1127
0.160624,0.1288
0.160628,0.1127
0.160632,0.1288
0.160636,0.1127
0.16064,0.1449
0.160644,0.1288
0.160648,0.1127
0.160652,0.1288
0.160656,0.1288
0.16066,0.1288
0.160664,0.1127
0.160668,0.1449
0.160672,0.1127
0.160676,0.1288
0.16068,0.1288
0.160684,0.1127
0.160688,0.1127
0.160692,0.1288
0.160696,0.09659999999999999
0.1607,0.1288
0.160704,0.1288
0.160708,0.1288
0.160712,0.1127
0.160716,0.1127
0.16072,0.1288
0.160724,0.1288
0.160728,0.1127
0.160732,0.1127
0.160736,0.1288
0.16074,0.1288
0.160744,0.1288
0.160748,0.1288
0.160752,0.1127
0.160756,0.1288
0.16076,0.1127
0.160764,0.1288
0.160768,0.1288
0.160772,0.1288
0.160776,0.1288
0.16078,0.1288
0.160784,0.1127
0.160788,0.1288
0.160792,0.1127
0.160796,0.1127
0.1608,0.1288
0.160804,0.1288
0.160808,0.1127
0.160812,0.1288
0.160816,0.1127
0.16082,0.1288
0.160824,0.1449
0.160828,0.1127
0.160832,0.1288
0.160836,0.1288
0.16084,0.1127
0.160844,0.1449
0.160848,0.1127
0.160852,0.1288
0.160856,0.1288
0.16086,0.1127
0.160864,0.1288
0.160868,0.1127
0.160872,0.1288
0.160876,0.1127
0.16088,0.1288
0.160884,0.1288
0.160888,0.09659999999999999
0.160892,0.1288
0.160896,0.1127
0.1609,0.1288
0.160904,0.1288
0.160908,0.1127
0.160912,0.1288
0.160916,0.1288
0.16092,0.1288
0.160924,0.1127
0.160928,0.1288
0.160932,0.1288
0.160936,0.1127
0.16094,0.1288
0.160944,0.1288
0.160948,0.1288
0.160952,0.1288
0.160956,0.1288
0.16096,0.1288
0.160964,0.1127
0.160968,0.1288
0.160972,0.1288
0.160976,0.1449
0.16098,0.1127
0.160984,0.1288
0.160988,0.1288
0.160992,0.1127
0.160996,0.1288
0.161,0.1288
0.161004,0.1127
0.161008,0.1288
0.161012,0.1288
0.161016,0.1127
0.16102,0.1288
0.161024,0.1127
0.161028,0.1288
0.161032,0.1127
0.161036,0.1288
0.16104,0.1288
0.161044,0.1127
0.161048,0.1127
0.161052,0.1288
0.161056,0.1127
0.16106,0.1288
0.161064,0.1127
0.161068,0.1288
0.161072,0.1288
0.161076,0.1127
0.16108,0.1288
0.161084,0.1288
0.161088,0.1127
0.161092,0.1288
0.161096,0.1127
0.1611,0.1127
0.161104,0.1449
0.161108,0.1288
0.161112,0.1127
0.161116,0.1288
0.16112,0.1127
0.161124,0.1288
0.161128,0.1288
0.161132,0.1127
0.161136,0.1288
0.16114,0.1288
0.161144,0.1127
0.161148,0.1127
0.161152,0.1288
0.161156,0.1288
0.16116,0.1127
0.161164,0.1288
0.161168,0.1288
0.161172,0.1127
0.161176,0.1127
0.16118,0.1288
0.161184,0.1127
0.161188,0.1288
0.161192,0.1288
0.161196,0.1288
0.1612,0.1127
0.161204,0.1127
0.161208,0.1288
0.161212,0.1288
0.161216,0.1288
0.16122,0.1288
0.161224,0.1288
0.161228,0.1127
0.161232,0.1127
0.161236,0.1288
0.16124,0.1288
0.161244,0.1288
0.161248,0.1127
0.161252,0.1127
0.161256,0.1127
0.16126,0.1127
0.161264,0.1288
0.161268,0.1288
0.161272,0.1127
0.161276,0.1127
0.16128,0.1288
0.161284,0.1127
0.161288,0.1127
0.161292,0.1127
0.161296,0.1288
0.1613,0.1288
0.161304,0.1127
0.161308,0.1127
0.161312,0.1127
0.161316,0.1288
0.16132,0.1288
0.161324,0.1127
0.161328,0.1127
0.161332,0.1127
0.161336,0.1127
0.16134,0.1449
0.161344,0.1127
0.161348,0.1288
0.161352,0.1288
0.161356,0.1288
0.16136,0.1288
0.161364,0.1127
0.161368,0.1288
0.161372,0.1288
0.161376,0.1127
0.16138,0.1127
0.161384,0.1127
0.161388,0.1127
0.161392,0.1127
0.161396,0.1288
0.1614,0.1127
0.161404,0.1288
0.161408,0.1288
0.161412,0.1127
0.161416,0.1288
0.16142,0.1127
0.161424,0.1127
0.161428,0.1288
0.161432,0.1288
0.161436,0.1127
0.16144,0.1288
0.161444,0.1127
0.161448,0.1127
0.161452,0.1288
0.161456,0.1127
0.16146,0.1288
0.161464,0.1127
0.161468,0.1288
0.161472,0.1127
0.161476,0.1288
0.16148,0.1288
0.161484,0.09659999999999999
0.161488,0.1288
0.161492,0.1127
0.161496,0.1127
0.1615,0.1127
0.161504,0.09659999999999999
0.161508,0.1288
0.161512,0.1288
0.161516,0.1127
0.16152,0.1127
0.161524,0.1288
0.161528,0.1288
0.161532,0.1127
0.161536,0.1288
0.16154,0.1288
0.161544,0.1127
0.161548,0.1288
0.161552,0.1127
0.161556,0.1127
0.16156,0.1127
0.161564,0.1127
0.161568,0.1127
0.161572,0.1288
0.161576,0.1127
0.16158,0.1288
0.161584,0.1127
0.161588,0.1127
0.161592,0.1288
0.161596,0.1127
0.1616,0.1127
0.161604,0.1288
0.161608,0.1127
0.161612,0.1288
0.161616,0.1127
0.16162,0.1127
0.161624,0.1288
0.161628,0.1288
0.161632,0.1127
0.161636,0.1127
0.16164,0.1127
0.161644,0.1288
0.161648,0.1127
0.161652,0.1127
0.161656,0.1288
0.16166,0.1127
0.161664,0.1288
0.161668,0.1127
0.161672,0.1127
0.161676,0.1288
0.16168,0.1127
0.161684,0.1127
0.161688,0.1127
0.161692,0.1127
0.161696,0.1127
0.1617,0.1127
0.161704,0.1288
0.161708,0.1127
0.161712,0.1127
0.161716,0.1288
0.16172,0.1288
0.161724,0.1288
0.161728,0.1127
0.161732,0.1288
0.161736,0.1449
0.16174,0.1127
0.161744,0.1127
0.161748,0.1127
0.161752,0.1127
0.161756,0.1288
0.16176,0.1127
0.161764,0.1288
0.161768,0.1127
0.161772,0.1127
0.161776,0.1127
0.16178,0.1127
0.161784,0.1127
0.161788,0.1127
0.161792,0.1288
0.161796,0.1127
0.1618,0.1127
0.161804,0.1288
0.161808,0.1127
0.161812,0.1127
0.161816,0.1127
0.16182,0.1127
0.161824,0.1127
0.161828,0.1127
0.161832,0.1288
0.161836,0.1127
0.16184,0.1288
0.161844,0.1127
0.161848,0.1127
0.161852,0.1288
0.161856,0.1127
0.16186,0.1127
0.161864,0.1288
0.161868,0.1127
0.161872,0.1288
0.161876,0.1127
0.16188,0.1288
0.161884,0.1127
0.161888,0.1288
0.161892,0.1127
0.161896,0.09659999999999999
0.1619,0.1288
0.161904,0.09659999999999999
0.161908,0.1288
0.161912,0.1288
0.161916,0.1127
0.16192,0.1127
0.161924,0.1288
0.161928,0.1127
0.161932,0.1127
0.161936,0.1127
0.16194,0.1288
0.161944,0.1127
0.161948,0.1127
0.161952,0.1127
0.161956,0.1127
0.16196,0.1127
0.161964,0.1288
0.161968,0.1127
0.161972,0.1127
0.161976,0.1127
0.16198,0.1127
0.161984,0.1127
0.161988,0.1288
0.161992,0.1127
0.161996,0.1288
0.162,0.1127
0.162004,0.1127
0.162008,0.1288
0.162012,0.09659999999999999
0.162016,0.1127
0.16202,0.1127
0.162024,0.1127
0.162028,0.1449
0.162032,0.1127
0.162036,0.1127
0.16204,0.1288
0.162044,0.09659999999999999
0.162048,0.1127
0.162052,0.1127
0.162056,0.09659999999999999
0.16206,0.1288
0.162064,0.1127
0.162068,0.1127
0.162072,0.1127
0.162076,0.1127
0.16208,0.1127
0.162084,0.1127
0.162088,0.1127
0.162092,0.1127
0.162096,0.1127
0.1621,0.1127
0.162104,0.1288
0.162108,0.1127
0.162112,0.1127
0.162116,0.1127
0.16212,0.09659999999999999
0.162124,0.1288
0.162128,0.1127
0.162132,0.1127
0.162136,0.1288
0.16214,0.1288
0.162144,0.1127
0.162148,0.1127
0.162152,0.1127
0.162156,0.1127
0.16216,0.1127
0.162164,0.1127
0.162168,0.1288
0.162172,0.1127
0.162176,0.1127
0.16218,0.1127
0.162184,0.1127
0.162188,0.1127
0.162192,0.1288
0.162196,0.1127
0.1622,0.1127
0.162204,0.1288
0.162208,0.1127
0.162212,0.1127
0.162216,0.1127
0.16222,0.1127
0.162224,0.1127
0.162228,0.1127
0.162232,0.1127
0.162236,0.1127
0.16224,0.1127
0.162244,0.1127
0.162248,0.09659999999999999
0.162252,0.1127
0.162256,0.1288
0.16226,0.09659999999999999
0.162264,0.1127
0.162268,0.1127
0.162272,0.1127
0.162276,0.1288
0.16228,0.1127
0.162284,0.1127
0.162288,0.1127
0.162292,0.1127
0.162296,0.1127
0.1623,0.1127
0.162304,0.1288
0.162308,0.1127
0.162312,0.1288
0.162316,0.1127
0.16232,0.09659999999999999
0.162324,0.1127
0.162328,0.1127
0.162332,0.1288
0.162336,0.09659999999999999
0.16234,0.1127
0.162344,0.1127
0.162348,0.09659999999999999
0.162352,0.1288
0.162356,0.09659999999999999
0.16236,0.1127
0.162364,0.1288
0.162368,0.09659999999999999
0.162372,0.1288
0.162376,0.09659999999999999
0.16238,0.1127
0.162384,0.1127
0.162388,0.09659999999999999
0.162392,0.1127
0.162396,0.1127
0.1624,0.1288
0.162404,0.1288
0.162408,0.1127
0.162412,0.1127
0.162416,0.1127
0.16242,0.1127
0.162424,0.1127
0.162428,0.1127
0.162432,0.1127
0.162436,0.1127
0.16244,0.1127
0.162444,0.1127
0.162448,0.1127
0.162452,0.1127
0.162456,0.1127
0.16246,0.1127
0.162464,0.1288
0.162468,0.1127
0.162472,0.1127
0.162476,0.1127
0.16248,0.1127
0.162484,0.1127
0.162488,0.1127
0.162492,0.09659999999999999
0.162496,0.1127
0.1625,0.1288
0.162504,0.1288
0.162508,0.09659999999999999
0.162512,0.1127
0.162516,0.1127
0.16252,0.1127
0.162524,0.1127
0.162528,0.09659999999999999
0.162532,0.1288
0.162536,0.09659999999999999
0.16254,0.1127
0.162544,0.1288
0.162548,0.1127
0.162552,0.1127
0.162556,0.1127
0.16256,0.1127
0.162564,0.1127
0.162568,0.09659999999999999
0.162572,0.1288
0.162576,0.1127
0.16258,0.1127
0.162584,0.1127
0.162588,0.1127
0.162592,0.1288
0.162596,0.1127
0.1626,0.1127
0.162604,0.1127
0.162608,0.1288
0.162612,0.1127
0.162616,0.1127
0.16262,0.09659999999999999
0.162624,0.09659999999999999
0.162628,0.1127
0.162632,0.1127
0.162636,0.1127
0.16264,0.1127
0.162644,0.1127
0.162648,0.1127
0.162652,0.1127
0.162656,0.1127
0.16266,0.09659999999999999
0.162664,0.1127
0.162668,0.1127
0.162672,0.1127
0.162676,0.1127
0.16268,0.09659999999999999
0.162684,0.1288
0.162688,0.1127
0.162692,0.0805
0.162696,0.1127
0.1627,0.1127
0.162704,0.1127
0.162708,0.09659999999999999
0.162712,0.1288
0.162716,0.1127
0.16272,0.1127
0.162724,0.1127
0.162728,0.09659999999999999
0.162732,0.1127
0.162736,0.1127
0.16274,0.1127
0.162744,0.1127
0.162748,0.09659999999999999
0.162752,0.1127
0.162756,0.09659999999999999
0.16276,0.1127
0.162764,0.1288
0.162768,0.09659999999999999
0.162772,0.1127
0.162776,0.1127
0.16278,0.1127
0.162784,0.1127
0.162788,0.09659999999999999
0.162792,0.1127
0.162796,0.1127
0.1628,0.1127
0.162804,0.1127
0.162808,0.1127
0.162812,0.1127
0.162816,0.1127
0.16282,0.09659999999999999
0.162824,0.1127
0.162828,0.1127
0.162832,0.09659999999999999
0.162836,0.1127
0.16284,0.1127
0.162844,0.1127
0.162848,0.1288
0.162852,0.09659999999999999
0.162856,0.1127
0.16286,0.1127
0.162864,0.0644
0.162868,0.161
0.162872,0.0644
0.162876,0.161
0.16288,0.0644
0.162884,0.1449
0.162888,0.09659999999999999
0.162892,0.09659999999999999
0.162896,0.09659999999999999
0.1629,0.1288
0.162904,0.09659999999999999
0.162908,0.1127
0.162912,0.09659999999999999
0.162916,0.1127
0.16292,0.09659999999999999
0.162924,0.1127
0.162928,0.1127
0.162932,0.09659999999999999
0.162936,0.1127
0.16294,0.1127
0.162944,0.09659999999999999
0.162948,0.09659999999999999
0.162952,0.09659999999999999
0.162956,0.1127
0.16296,0.09659999999999999
0.162964,0.1127
0.162968,0.09659999999999999
0.162972,0.09659999999999999
0.162976,0.1127
0.16298,0.1127
0.162984,0.1127
0.162988,0.1127
0.162992,0.09659999999999999
0.162996,0.09659999999999999
0.163,0.1127
0.163004,0.09659999999999999
0.163008,0.1127
0.163012,0.1127
0.163016,0.1127
0.16302,0.09659999999999999
0.163024,0.09659999999999999
0.163028,0.1127
0.163032,0.09659999999999999
0.163036,0.1127
0.16304,0.1127
0.163044,0.09659999999999999
0.163048,0.1127
0.163052,0.1127
0.163056,0.09659999999999999
0.16306,0.1127
0.163064,0.09659999999999999
0.163068,0.1127
0.163072,0.09659999999999999
0.163076,0.1127
0.16308,0.09659999999999999
0.163084,0.1127
0.163088,0.1127
0.163092,0.09659999999999999
0.163096,0.09659999999999999
0.1631,0.09659999999999999
0.163104,0.1127
0.163108,0.1127
0.163112,0.1127
0.163116,0.1127
0.16312,0.09659999999999999
0.163124,0.09659999999999999
0.163128,0.1127
0.163132,0.09659999999999999
0.163136,0.1127
0.16314,0.1127
0.163144,0.1127
0.163148,0.1127
0.163152,0.09659999999999999
0.163156,0.09659999999999999
0.16316,0.1127
0.163164,0.09659999999999999
0.163168,0.1127
0.163172,0.09659999999999999
0.163176,0.09659999999999999
0.16318,0.1127
0.163184,0.09659999999999999
0.163188,0.1127
0.163192,0.09659999999999999
0.163196,0.09659999999999999
0.1632,0.1127
0.163204,0.0805
0.163208,0.09659999999999999
0.163212,0.09659999999999999
0.163216,0.09659999999999999
0.16322,0.09659999999999999
0.163224,0.1127
0.163228,0.09659999999999999
0.163232,0.1127
0.163236,0.09659999999999999
0.16324,0.1127
0.163244,0.09659999999999999
0.163248,0.1127
0.163252,0.1127
0.163256,0.0805
0.16326,0.09659999999999999
0.163264,0.09659999999999999
0.163268,0.09659999999999999
0.163272,0.09659999999999999
0.163276,0.09659999999999999
0.16328,0.1127
0.163284,0.1127
0.163288,0.09659999999999999
0.163292,0.09659999999999999
0.163296,0.1127
0.1633,0.1127
0.163304,0.09659999999999999
0.163308,0.1127
0.163312,0.1127
0.163316,0.1127
0.16332,0.09659999999999999
0.163324,0.09659999999999999
0.163328,0.1127
0.163332,0.09659999999999999
0.163336,0.09659999999999999
0.16334,0.1127
0.163344,0.09659999999999999
0.163348,0.09659999999999999
0.163352,0.1127
0.163356,0.0805
0.16336,0.1127
0.163364,0.09659999999999999
0.163368,0.1127
0.163372,0.09659999999999999
0.163376,0.1127
0.16338,0.09659999999999999
0.163384,0.09659999999999999
0.163388,0.09659999999999999
0.163392,0.09659999999999999
0.163396,0.09659999999999999
0.1634,0.09659999999999999
0.163404,0.09659999999999999
0.163408,0.09659999999999999
0.163412,0.09659999999999999
0.163416,0.09659999999999999
0.16342,0.09659999999999999
0.163424,0.09659999999999999
0.163428,0.09659999999999999
0.163432,0.09659999999999999
0.163436,0.09659999999999999
0.16344,0.09659999999999999
0.163444,0.1127
0.163448,0.09659999999999999
0.163452,0.09659999999999999
0.163456,0.09659999999999999
0.16346,0.1127
0.163464,0.1127
0.163468,0.09659999999999999
0.163472,0.09659999999999999
0.163476,0.09659999999999999
0.16348,0.1127
0.163484,0.09659999999999999
0.163488,0.09659999999999999
0.163492,0.09659999999999999
0.163496,0.09659999999999999
0.1635,0.09659999999999999
0.163504,0.09659999999999999
0.163508,0.1127
0.163512,0.09659999999999999
0.163516,0.1127
0.16352,0.09659999999999999
0.163524,0.09659999999999999
0.163528,0.1127
0.163532,0.09659999999999999
0.163536,0.1127
0.16354,0.09659999999999999
0.163544,0.1127
0.163548,0.1127
0.163552,0.0805
0.163556,0.09659999999999999
0.16356,0.09659999999999999
0.163564,0.09659999999999999
0.163568,0.09659999999999999
0.163572,0.09659999999999999
0.163576,0.09659999999999999
0.16358,0.1127
0.163584,0.09659999999999999
0.163588,0.09659999999999999
0.163592,0.1127
0.163596,0.1127
0.1636,0.0805
0.163604,0.09659999999999999
0.163608,0.09659999999999999
0.163612,0.1288
0.163616,0.09659999999999999
0.16362,0.0805
0.163624,0.09659999999999999
0.163628,0.09659999999999999
0.163632,0.09659999999999999
0.163636,0.1127
0.16364,0.09659999999999999
0.163644,0.09659999999999999
0.163648,0.09659999999999999
0.163652,0.09659999999999999
0.163656,0.09659999999999999
0.16366,0.1127
0.163664,0.09659999999999999
0.163668,0.0805
0.163672,0.1127
0.163676,0.1127
0.16368,0.09659999999999999
0.163684,0.0805
0.163688,0.09659999999999999
0.163692,0.09659999999999999
0.163696,0.1127
0.1637,0.09659999999999999
0.163704,0.09659999999999999
0.163708,0.09659999999999999
0.163712,0.09659999999999999
0.163716,0.09659999999999999
0.16372,0.09659999999999999
0.163724,0.09659999999999999
0.163728,0.09659999999999999
0.163732,0.09659999999999999
0.163736,0.0805
0.16374,0.09659999999999999
0.163744,0.09659999999999999
0.163748,0.09659999999999999
0.163752,0.09659999999999999
0.163756,0.09659999999999999
0.16376,0.09659999999999999
0.163764,0.09659999999999999
0.163768,0.0805
0.163772,0.09659999999999999
0.163776,0.09659999999999999
0.16378,0.1127
0.163784,0.09659999999999999
0.163788,0.0805
0.163792,0.09659999999999999
0.163796,0.09659999999999999
0.1638,0.1127
0.163804,0.09659999999999999
0.163808,0.09659999999999999
0.163812,0.1127
0.163816,0.1127
0.16382,0.09659999999999999
0.163824,0.09659999999999999
0.163828,0.09659999999999999
0.163832,0.09659999999999999
0.163836,0.09659999999999999
0.16384,0.09659999999999999
0.163844,0.09659999999999999
0.163848,0.09659999999999999
0.163852,0.0805
0.163856,0.09659999999999999
0.16386,0.1127
0.163864,0.0805
0.163868,0.09659999999999999
0.163872,0.09659999999999999
0.163876,0.09659999999999999
0.16388,0.1288
0.163884,0.0805
0.163888,0.09659999999999999
0.163892,0.09659999999999999
0.163896,0.0805
0.1639,0.09659999999999999
0.163904,0.09659999999999999
0.163908,0.09659999999999999
0.163912,0.09659999999999999
0.163916,0.09659999999999999
0.16392,0.09659999999999999
0.163924,0.09659999999999999
0.163928,0.09659999999999999
0.163932,0.09659999999999999
0.163936,0.09659999999999999
0.16394,0.1127
0.163944,0.09659999999999999
0.163948,0.0805
0.163952,0.09659999999999999
0.163956,0.1127
0.16396,0.09659999999999999
0.163964,0.1127
0.163968,0.09659999999999999
0.163972,0.0805
0.163976,0.09659999999999999
0.16398,0.09659999999999999
0.163984,0.09659999999999999
0.163988,0.09659999999999999
0.163992,0.09659999999999999
0.163996,0.1127
0.164,0.09659999999999999
0.164004,0.09659999999999999
0.164008,0.09659999999999999
0.164012,0.09659999999999999
0.164016,0.09659999999999999
0.16402,0.09659999999999999
0.164024,0.0805
0.164028,0.09659999999999999
0.164032,0.09659999999999999
0.164036,0.09659999999999999
0.16404,0.09659999999999999
0.164044,0.09659999999999999
0.164048,0.1127
0.164052,0.0805
0.164056,0.09659999999999999
0.16406,0.09659999999999999
0.164064,0.09659999999999999
0.164068,0.09659999999999999
0.164072,0.09659999999999999
0.164076,0.09659999999999999
0.16408,0.09659999999999999
0.164084,0.09659999999999999
0.164088,0.09659999999999999
0.164092,0.09659999999999999
0.164096,0.09659999999999999
0.1641,0.09659999999999999
0.164104,0.09659999999999999
0.164108,0.09659999999999999
0.164112,0.09659999999999999
0.164116,0.09659999999999999
0.16412,0.0805
0.164124,0.09659999999999999
0.164128,0.09659999999999999
0.164132,0.1127
0.164136,0.09659999999999999
0.16414,0.0805
0.164144,0.09659999999999999
0.164148,0.09659999999999999
0.164152,0.1127
0.164156,0.0805
0.16416,0.09659999999999999
0.164164,0.09659999999999999
0.164168,0.0805
0.164172,0.1127
0.164176,0.09659999999999999
0.16418,0.09659999999999999
0.164184,0.0805
0.164188,0.0805
0.164192,0.1127
0.164196,0.0805
0.1642,0.09659999999999999
0.164204,0.1127
0.164208,0.0805
0.164212,0.1127
0.164216,0.09659999999999999
0.16422,0.0805
0.164224,0.09659999999999999
0.164228,0.09659999999999999
0.164232,0.09659999999999999
0.164236,0.0805
0.16424,0.1127
0.164244,0.09659999999999999
0.164248,0.0805
0.164252,0.09659999999999999
0.164256,0.09659999999999999
0.16426,0.1127
0.164264,0.09659999999999999
0.164268,0.09659999999999999
0.164272,0.1127
0.164276,0.09659999999999999
0.16428,0.09659999999999999
0.164284,0.0805
0.164288,0.09659999999999999
0.164292,0.09659999999999999
0.164296,0.09659999999999999
0.1643,0.09659999999999999
0.164304,0.09659999999999999
0.164308,0.09659999999999999
0.164312,0.1127
0.164316,0.0805
0.16432,0.09659999999999999
0.164324,0.0805
0.164328,0.09659999999999999
0.164332,0.0805
0.164336,0.09659999999999999
0.16434,0.09659999999999999
0.164344,0.0805
0.164348,0.09659999999999999
0.164352,0.1127
0.164356,0.0805
0.16436,0.09659999999999999
0.164364,0.1127
0.164368,0.09659999999999999
0.164372,0.09659999999999999
0.164376,0.1127
0.16438,0.0805
0.164384,0.0805
0.164388,0.09659999999999999
0.164392,0.0805
0.164396,0.09659999999999999
0.1644,0.09659999999999999
0.164404,0.09659999999999999
0.164408,0.09659999999999999
0.164412,0.09659999999999999
0.164416,0.09659999999999999
0.16442,0.09659999999999999
0.164424,0.09659999999999999
0.164428,0.09659999999999999
0.164432,0.0805
0.164436,0.09659999999999999
0.16444,0.09659999999999999
0.164444,0.09659999999999999
0.164448,0.09659999999999999
0.164452,0.09659999999999999
0.164456,0.09659999999999999
0.16446,0.0805
0.164464,0.09659999999999999
0.164468,0.09659999999999999
0.164472,0.09659999999999999
0.164476,0.1127
0.16448,0.09659999999999999
0.164484,0.09659999999999999
0.164488,0.09659999999999999
0.164492,0.09659999999999999
0.164496,0.0805
0.1645,0.09659999999999999
0.164504,0.09659999999999999
0.164508,0.09659999999999999
0.164512,0.09659999999999999
0.164516,0.09659999999999999
0.16452,0.09659999999999999
0.164524,0.09659999999999999
0.164528,0.1127
0.164532,0.09659999999999999
0.164536,0.09659999999999999
0.16454,0.0805
0.164544,0.09659999999999999
0.164548,0.09659999999999999
0.164552,0.09659999999999999
0.164556,0.09659999999999999
0.16456,0.1127
0.164564,0.0805
0.164568,0.09659999999999999
0.164572,0.09659999999999999
0.164576,0.09659999999999999
0.16458,0.0805
0.164584,0.09659999999999999
0.164588,0.09659999999999999
0.164592,0.09659999999999999
0.164596,0.09659999999999999
0.1646,0.09659999999999999
0.164604,0.09659999999999999
0.164608,0.0805
0.164612,0.09659999999999999
0.164616,0.09659999999999999
0.16462,0.09659999999999999
0.164624,0.09659999999999999
0.164628,0.0805
0.164632,0.09659999999999999
0.164636,0.09659999999999999
0.16464,0.0805
0.164644,0.1127
0.164648,0.0805
0.164652,0.09659999999999999
0.164656,0.09659999999999999
0.16466,0.0805
0.164664,0.09659999999999999
0.164668,0.0805
0.164672,0.1127
0.164676,0.09659999999999999
0.16468,0.0805
0.164684,0.0805
0.164688,0.0805
0.164692,0.1127
0.164696,0.09659999999999999
0.1647,0.09659999999999999
0.164704,0.09659999999999999
0.164708,0.1127
0.164712,0.09659999999999999
0.164716,0.0805
0.16472,0.09659999999999999
0.164724,0.0805
0.164728,0.09659999999999999
0.164732,0.1127
0.164736,0.0805
0.16474,0.09659999999999999
0.164744,0.09659999999999999
0.164748,0.09659999999999999
0.164752,0.09659999999999999
0.164756,0.0805
0.16476,0.09659999999999999
0.164764,0.0805
0.164768,0.09659999999999999
0.164772,0.09659999999999999
0.164776,0.0805
0.16478,0.09659999999999999
0.164784,0.09659999999999999
0.164788,0.09659999999999999
0.164792,0.09659999999999999
0.164796,0.09659999999999999
0.1648,0.0805
0.164804,0.09659999999999999
0.164808,0.1127
0.164812,0.0805
0.164816,0.09659999999999999
0.16482,0.09659999999999999
0.164824,0.0805
0.164828,0.09659999999999999
0.164832,0.09659999999999999
0.164836,0.09659999999999999
0.16484,0.09659999999999999
0.164844,0.09659999999999999
0.164848,0.09659999999999999
0.164852,0.0805
0.164856,0.09659999999999999
0.16486,0.09659999999999999
0.164864,0.0805
0.164868,0.09659999999999999
0.164872,0.09659999999999999
0.164876,0.09659999999999999
0.16488,0.1127
0.164884,0.0805
0.164888,0.09659999999999999
0.164892,0.09659999999999999
0.164896,0.0805
0.1649,0.1127
0.164904,0.09659999999999999
0.164908,0.0805
0.164912,0.09659999999999999
0.164916,0.0805
0.16492,0.0805
0.164924,0.1127
0.164928,0.0805
0.164932,0.09659999999999999
0.164936,0.0805
0.16494,0.09659999999999999
0.164944,0.09659999999999999
0.164948,0.09659999999999999
0.164952,0.0805
0.164956,0.09659999999999999
0.16496,0.0805
0.164964,0.09659999999999999
0.164968,0.09659999999999999
0.164972,0.0805
0.164976,0.09659999999999999
0.16498,0.1127
0.164984,0.0805
0.164988,0.09659999999999999
0.164992,0.09659999999999999
0.164996,0.0805
0.165,0.0805
0.165004,0.09659999999999999
0.165008,0.09659999999999999
0.165012,0.0805
0.165016,0.09659999999999999
0.16502,0.09659999999999999
0.165024,0.0805
0.165028,0.09659999999999999
0.165032,0.09659999999999999
0.165036,0.0805
0.16504,0.09659999999999999
0.165044,0.1127
0.165048,0.0805
0.165052,0.0805
0.165056,0.09659999999999999
0.16506,0.0805
0.165064,0.09659999999999999
0.165068,0.09659999999999999
0.165072,0.09659999999999999
0.165076,0.0805
0.16508,0.0805
0.165084,0.09659999999999999
0.165088,0.09659999999999999
0.165092,0.0805
0.165096,0.09659999999999999
0.1651,0.09659999999999999
0.165104,0.09659999999999999
0.165108,0.0805
0.165112,0.09659999999999999
0.165116,0.1127
0.16512,0.0805
0.165124,0.09659999999999999
0.165128,0.0805
0.165132,0.0805
0.165136,0.1127
0.16514,0.09659999999999999
0.165144,0.0805
0.165148,0.0805
0.165152,0.09659999999999999
0.165156,0.09659999999999999
0.16516,0.0805
0.165164,0.09659999999999999
0.165168,0.0805
0.165172,0.09659999999999999
0.165176,0.09659999999999999
0.16518,0.0805
0.165184,0.09659999999999999
0.165188,0.0805
0.165192,0.09659999999999999
0.165196,0.0805
0.1652,0.09659999999999999
0.165204,0.09659999999999999
0.165208,0.09659999999999999
0.165212,0.09659999999999999
0.165216,0.09659999999999999
0.16522,0.0805
0.165224,0.0805
0.165228,0.09659999999999999
0.165232,0.0805
0.165236,0.09659999999999999
0.16524,0.09659999999999999
0.165244,0.09659999999999999
0.165248,0.0805
0.165252,0.0805
0.165256,0.0805
0.16526,0.09659999999999999
0.165264,0.09659999999999999
0.165268,0.0805
0.165272,0.09659999999999999
0.165276,0.0805
0.16528,0.0805
0.165284,0.09659999999999999
0.165288,0.0805
0.165292,0.09659999999999999
0.165296,0.0805
0.1653,0.0805
0.165304,0.09659999999999999
0.165308,0.09659999999999999
0.165312,0.0805
0.165316,0.09659999999999999
0.16532,0.09659999999999999
0.165324,0.0805
0.165328,0.0805
0.165332,0.0805
0.165336,0.0805
0.16534,0.09659999999999999
0.165344,0.09659999999999999
0.165348,0.0805
0.165352,0.09659999999999999
0.165356,0.09659999999999999
0.16536,0.09659999999999999
0.165364,0.0805
0.165368,0.0805
0.165372,0.0805
0.165376,0.09659999999999999
0.16538,0.0805
0.165384,0.1127
0.165388,0.0805
0.165392,0.0805
0.165396,0.09659999999999999
0.1654,0.0805
0.165404,0.09659999999999999
0.165408,0.0805
0.165412,0.0644
0.165416,0.1127
0.16542,0.0805
0.165424,0.0805
0.165428,0.09659999999999999
0.165432,0.0805
0.165436,0.0644
0.16544,0.1449
0.165444,0.0322
0.165448,0.1449
0.165452,0.048299999999999996
0.165456,0.09659999999999999
0.16546,0.09659999999999999
0.165464,0.0805
0.165468,0.0805
0.165472,0.09659999999999999
0.165476,0.0644
0.16548,0.1127
0.165484,0.048299999999999996
0.165488,0.09659999999999999
0.165492,0.09659999999999999
0.165496,0.0805
0.1655,0.0805
0.165504,0.0805
0.165508,0.0805
0.165512,0.0805
0.165516,0.09659999999999999
0.16552,0.09659999999999999
0.165524,0.0805
0.165528,0.09659999999999999
0.165532,0.09659999999999999
0.165536,0.0644
0.16554,0.09659999999999999
0.165544,0.0805
0.165548,0.09659999999999999
0.165552,0.09659999999999999
0.165556,0.0805
0.16556,0.0805
0.165564,0.0805
0.165568,0.09659999999999999
0.165572,0.1127
0.165576,0.0805
0.16558,0.09659999999999999
0.165584,0.0805
0.165588,0.0805
0.165592,0.0805
0.165596,0.0805
0.1656,0.09659999999999999
0.165604,0.0805
0.165608,0.0805
0.165612,0.0805
0.165616,0.0805
0.16562,0.09659999999999999
0.165624,0.0805
0.165628,0.0805
0.165632,0.0805
0.165636,0.09659999999999999
0.16564,0.0644
0.165644,0.0805
0.165648,0.09659999999999999
0.165652,0.09659999999999999
0.165656,0.09659999999999999
0.16566,0.0805
0.165664,0.09659999999999999
0.165668,0.09659999999999999
0.165672,0.0805
0.165676,0.0805
0.16568,0.09659999999999999
0.165684,0.0805
0.165688,0.0805
0.165692,0.0805
0.165696,0.0805
0.1657,0.0805
0.165704,0.09659999999999999
0.165708,0.09659999999999999
0.165712,0.0805
0.165716,0.0805
0.16572,0.09659999999999999
0.165724,0.0805
0.165728,0.0805
0.165732,0.0805
0.165736,0.09659999999999999
0.16574,0.0805
0.165744,0.0805
0.165748,0.0805
0.165752,0.09659999999999999
0.165756,0.0805
0.16576,0.09659999999999999
0.165764,0.0805
0.165768,0.0805
0.165772,0.09659999999999999
0.165776,0.0805
0.16578,0.0805
0.165784,0.0805
0.165788,0.0805
0.165792,0.09659999999999999
0.165796,0.0805
0.1658,0.09659999999999999
0.165804,0.0805
0.165808,0.0805
0.165812,0.0805
0.165816,0.09659999999999999
0.16582,0.0805
0.165824,0.0805
0.165828,0.0805
0.165832,0.0805
0.165836,0.09659999999999999
0.16584,0.0805
0.165844,0.09659999999999999
0.165848,0.0805
0.165852,0.0805
0.165856,0.0805
0.16586,0.0805
0.165864,0.0805
0.165868,0.0805
0.165872,0.0644
0.165876,0.0805
0.16588,0.0805
0.165884,0.09659999999999999
0.165888,0.0805
0.165892,0.0805
0.165896,0.0805
0.1659,0.09659999999999999
0.165904,0.09659999999999999
0.165908,0.0805
0.165912,0.0805
0.165916,0.09659999999999999
0.16592,0.0805
0.165924,0.0805
0.165928,0.09659999999999999
0.165932,0.0805
0.165936,0.0805
0.16594,0.0805
0.165944,0.0805
0.165948,0.0805
0.165952,0.09659999999999999
0.165956,0.0805
0.16596,0.0805
0.165964,0.09659999999999999
0.165968,0.0805
0.165972,0.0805
0.165976,0.0805
0.16598,0.09659999999999999
0.165984,0.0805
0.165988,0.0805
0.165992,0.0805
0.165996,0.0805
0.166,0.0805
0.166004,0.0805
0.166008,0.0805
0.166012,0.0805
0.166016,0.0805
0.16602,0.0805
0.166024,0.0805
0.166028,0.0805
0.166032,0.0805
0.166036,0.0805
0.16604,0.09659999999999999
0.166044,0.0805
0.166048,0.0644
0.166052,0.0805
0.166056,0.0805
0.16606,0.0805
0.166064,0.0644
0.166068,0.0805
0.166072,0.0805
0.166076,0.0805
0.16608,0.0805
0.166084,0.0805
0.166088,0.0805
0.166092,0.0805
0.166096,0.0805
0.1661,0.0805
0.166104,0.0805
0.166108,0.0805
0.166112,0.0805
0.166116,0.09659999999999999
0.16612,0.0805
0.166124,0.0644
0.166128,0.0805
0.166132,0.0805
0.166136,0.09659999999999999
0.16614,0.0644
0.166144,0.0805
0.166148,0.0644
0.166152,0.09659999999999999
0.166156,0.0805
0.16616,0.0805
0.166164,0.0805
0.166168,0.0805
0.166172,0.0805
0.166176,0.0805
0.16618,0.0805
0.166184,0.0644
0.166188,0.0805
0.166192,0.0644
0.166196,0.09659999999999999
0.1662,0.0805
0.166204,0.0805
0.166208,0.09659999999999999
0.166212,0.0805
0.166216,0.0805
0.16622,0.0644
0.166224,0.0805
0.166228,0.0805
0.166232,0.0805
0.166236,0.0805
0.16624,0.0805
0.166244,0.0644
0.166248,0.0644
0.166252,0.0805
0.166256,0.0805
0.16626,0.0805
0.166264,0.0805
0.166268,0.0805
0.166272,0.0805
0.166276,0.0805
0.16628,0.0805
0.166284,0.0805
0.166288,0.0805
0.166292,0.0644
0.166296,0.0805
0.1663,0.0805
0.166304,0.0805
0.166308,0.0805
0.166312,0.0805
0.166316,0.0805
0.16632,0.0805
0.166324,0.0805
0.166328,0.0805
0.166332,0.0805
0.166336,0.0805
0.16634,0.0805
0.166344,0.0805
0.166348,0.0805
0.166352,0.0644
0.166356,0.0805
0.16636,0.0805
0.166364,0.09659999999999999
0.166368,0.0805
0.166372,0.0805
0.166376,0.0805
0.16638,0.0644
0.166384,0.0805
0.166388,0.0805
0.166392,0.0644
0.166396,0.0644
0.1664,0.0805
0.166404,0.0644
0.166408,0.0805
0.166412,0.0805
0.166416,0.0805
0.16642,0.0805
0.166424,0.0805
0.166428,0.0805
0.166432,0.0805
0.166436,0.0805
0.16644,0.0805
0.166444,0.0805
0.166448,0.0805
0.166452,0.0805
0.166456,0.0644
0.16646,0.0805
0.166464,0.09659999999999999
0.166468,0.0644
0.166472,0.0805
0.166476,0.0805
0.16648,0.0805
0.166484,0.0805
0.166488,0.0805
0.166492,0.0805
0.166496,0.0805
0.1665,0.0644
0.166504,0.0805
0.166508,0.0805
0.166512,0.0644
0.166516,0.0805
0.16652,0.0805
0.166524,0.0644
0.166528,0.0805
0.166532,0.0805
0.166536,0.0805
0.16654,0.0805
0.166544,0.0644
0.166548,0.0805
0.166552,0.0805
0.166556,0.0805
0.16656,0.0805
0.166564,0.0805
0.166568,0.0805
0.166572,0.0805
0.166576,0.0805
0.16658,0.0805
0.166584,0.0805
0.166588,0.0644
0.166592,0.0805
0.166596,0.0805
0.1666,0.0805
0.166604,0.0805
0.166608,0.0644
0.166612,0.09659999999999999
0.166616,0.0644
0.16662,0.0805
0.166624,0.0805
0.166628,0.0644
0.166632,0.0805
0.166636,0.0805
0.16664,0.0805
0.166644,0.0805
0.166648,0.0805
0.166652,0.0805
0.166656,0.0805
0.16666,0.0805
0.166664,0.0805
0.166668,0.0805
0.166672,0.0805
0.166676,0.0805
0.16668,0.0644
0.166684,0.0805
0.166688,0.0805
0.166692,0.0805
0.166696,0.0644
0.1667,0.0805
0.166704,0.0805
0.166708,0.0644
0.166712,0.09659999999999999
0.166716,0.0644
0.16672,0.0805
0.166724,0.0805
0.166728,0.0805
0.166732,0.0644
0.166736,0.0805
0.16674,0.0805
0.166744,0.0805
0.166748,0.0644
0.166752,0.0805
0.166756,0.0644
0.16676,0.0805
0.166764,0.0805
0.166768,0.0805
0.166772,0.0805
0.166776,0.0805
0.16678,0.0805
0.166784,0.0644
0.166788,0.0644
0.166792,0.09659999999999999
0.166796,0.0644
0.1668,0.0805
0.166804,0.0805
0.166808,0.0805
0.166812,0.0644
0.166816,0.0805
0.16682,0.0644
0.166824,0.0805
0.166828,0.0805
0.166832,0.0644
0.166836,0.0644
0.16684,0.0805
0.166844,0.0805
0.166848,0.0644
0.166852,0.0644
0.166856,0.0805
0.16686,0.0644
0.166864,0.0805
0.166868,0.0805
0.166872,0.0644
0.166876,0.0644
0.16688,0.0805
0.166884,0.0805
0.166888,0.0644
0.166892,0.0805
0.166896,0.0805
0.1669,0.0805
0.166904,0.0805
0.166908,0.0644
0.166912,0.0644
0.166916,0.0805
0.16692,0.0644
0.166924,0.0644
0.166928,0.0805
0.166932,0.0805
0.166936,0.0805
0.16694,0.0644
0.166944,0.0644
0.166948,0.0644
0.166952,0.0805
0.166956,0.0805
0.16696,0.0644
0.166964,0.0644
0.166968,0.0805
0.166972,0.0644
0.166976,0.0805
0.16698,0.0644
0.166984,0.0644
0.166988,0.0805
0.166992,0.0805
0.166996,0.0805
0.167,0.0644
0.167004,0.0644
0.167008,0.0805
0.167012,0.0805
0.167016,0.0644
0.16702,0.0805
0.167024,0.0805
0.167028,0.048299999999999996
0.167032,0.0805
0.167036,0.0644
0.16704,0.0644
0.167044,0.0805
0.167048,0.048299999999999996
0.167052,0.0805
0.167056,0.0644
0.16706,0.0805
0.167064,0.0805
0.167068,0.0644
0.167072,0.0805
0.167076,0.048299999999999996
0.16708,0.0805
0.167084,0.0644
0.167088,0.0644
0.167092,0.0805
0.167096,0.048299999999999996
0.1671,0.0805
0.167104,0.0644
0.167108,0.0644
0.167112,0.0805
0.167116,0.0644
0.16712,0.0805
0.167124,0.048299999999999996
0.167128,0.0644
0.167132,0.0805
0.167136,0.0805
0.16714,0.0805
0.167144,0.0644
0.167148,0.048299999999999996
0.167152,0.0805
0.167156,0.048299999999999996
0.16716,0.0805
0.167164,0.0644
0.167168,0.0644
0.167172,0.0805
0.167176,0.048299999999999996
0.16718,0.0805
0.167184,0.0805
0.167188,0.048299999999999996
0.167192,0.0805
0.167196,0.0644
0.1672,0.0644
0.167204,0.0805
0.167208,0.0805
0.167212,0.0644
0.167216,0.0644
0.16722,0.0644
0.167224,0.0805
0.167228,0.0644
0.167232,0.0644
0.167236,0.0644
0.16724,0.0644
0.167244,0.0644
0.167248,0.0644
0.167252,0.0805
0.167256,0.0644
0.16726,0.0805
0.167264,0.0805
0.167268,0.0805
0.167272,0.0644
0.167276,0.0644
0.16728,0.0805
0.167284,0.0644
0.167288,0.0805
0.167292,0.0805
0.167296,0.048299999999999996
0.1673,0.0644
0.167304,0.0805
0.167308,0.0644
0.167312,0.0644
0.167316,0.0805
0.16732,0.0644
0.167324,0.0644
0.167328,0.0805
0.167332,0.0644
0.167336,0.0644
0.16734,0.0644
0.167344,0.0644
0.167348,0.0805
0.167352,0.0644
0.167356,0.0805
0.16736,0.0644
0.167364,0.0805
0.167368,0.0805
0.167372,0.0644
0.167376,0.0644
0.16738,0.0805
0.167384,0.0644
0.167388,0.0644
0.167392,0.0644
0.167396,0.0644
0.1674,0.0644
0.167404,0.0805
0.167408,0.0805
0.167412,0.0644
0.167416,0.0644
0.16742,0.0644
0.167424,0.0805
0.167428,0.0805
0.167432,0.0644
0.167436,0.0644
0.16744,0.0644
0.167444,0.0644
0.167448,0.0644
0.167452,0.0805
0.167456,0.0644
0.16746,0.0805
0.167464,0.0805
0.167468,0.0644
0.167472,0.0644
0.167476,0.0805
0.16748,0.0644
0.167484,0.0644
0.167488,0.0644
0.167492,0.0644
0.167496,0.0644
0.1675,0.0644
0.167504,0.0805
0.167508,0.0644
0.167512,0.048299999999999996
0.167516,0.0644
0.16752,0.0644
0.167524,0.0644
0.167528,0.0644
0.167532,0.0644
0.167536,0.0805
0.16754,0.0644
0.167544,0.0644
0.167548,0.0644
0.167552,0.048299999999999996
0.167556,0.0805
0.16756,0.0805
0.167564,0.0644
0.167568,0.0805
0.167572,0.0644
0.167576,0.0805
0.16758,0.0805
0.167584,0.0644
0.167588,0.0644
0.167592,0.0805
0.167596,0.0644
0.1676,0.0644
0.167604,0.0805
0.167608,0.0644
0.167612,0.0644
0.167616,0.0644
0.16762,0.0644
0.167624,0.0644
0.167628,0.0644
0.167632,0.0805
0.167636,0.0644
0.16764,0.0644
0.167644,0.0644
0.167648,0.0644
0.167652,0.0644
0.167656,0.048299999999999996
0.16766,0.0644
0.167664,0.0644
0.167668,0.0805
0.167672,0.048299999999999996
0.167676,0.0644
0.16768,0.0644
0.167684,0.0644
0.167688,0.048299999999999996
0.167692,0.0644
0.167696,0.0805
0.1677,0.0644
0.167704,0.0644
0.167708,0.0644
0.167712,0.0805
0.167716,0.0644
0.16772,0.0805
0.167724,0.0644
0.167728,0.0644
0.167732,0.0644
0.167736,0.0805
0.16774,0.0805
0.167744,0.0644
0.167748,0.0644
0.167752,0.0644
0.167756,0.0644
0.16776,0.0644
0.167764,0.0805
0.167768,0.0644
0.167772,0.0644
0.167776,0.0805
0.16778,0.0644
0.167784,0.0644
0.167788,0.0805
0.167792,0.0644
0.167796,0.0644
0.1678,0.0805
0.167804,0.0644
0.167808,0.0644
0.167812,0.0644
0.167816,0.0644
0.16782,0.0644
0.167824,0.0644
0.167828,0.0644
0.167832,0.0644
0.167836,0.0644
0.16784,0.0805
0.167844,0.0644
0.167848,0.0644
0.167852,0.0644
0.167856,0.0644
0.16786,0.0644
0.167864,0.0644
0.167868,0.0805
0.167872,0.0805
0.167876,0.048299999999999996
0.16788,0.0644
0.167884,0.0644
0.167888,0.048299999999999996
0.167892,0.0644
0.167896,0.0644
0.1679,0.0644
0.167904,0.048299999999999996
0.167908,0.0644
0.167912,0.0805
0.167916,0.0644
0.16792,0.048299999999999996
0.167924,0.0644
0.167928,0.0644
0.167932,0.0805
0.167936,0.048299999999999996
0.16794,0.0644
0.167944,0.0644
0.167948,0.0644
0.167952,0.0805
0.167956,0.0805
0.16796,0.0644
0.167964,0.0644
0.167968,0.0644
0.167972,0.0644
0.167976,0.0805
0.16798,0.0644
0.167984,0.0644
0.167988,0.0644
0.167992,0.0644
0.167996,0.0644
0.168,0.0644
0.168004,0.048299999999999996
0.168008,0.0644
0.168012,0.0644
0.168016,0.0644
0.16802,0.0644
0.168024,0.0644
0.168028,0.0805
0.168032,0.0644
0.168036,0.0644
0.16804,0.0644
0.168044,0.0644
0.168048,0.0805
0.168052,0.0805
0.168056,0.048299999999999996
0.16806,0.0644
0.168064,0.0644
0.168068,0.0805
0.168072,0.0644
0.168076,0.048299999999999996
0.16808,0.0644
0.168084,0.0805
0.168088,0.0644
0.168092,0.0644
0.168096,0.0644
0.1681,0.0805
0.168104,0.048299999999999996
0.168108,0.0644
0.168112,0.048299999999999996
0.168116,0.0644
0.16812,0.0644
0.168124,0.0644
0.168128,0.0644
0.168132,0.0644
0.168136,0.0644
0.16814,0.0644
0.168144,0.0322
0.168148,0.09659999999999999
0.168152,0.0322
0.168156,0.09659999999999999
0.16816,0.048299999999999996
0.168164,0.0805
0.168168,0.0644
0.168172,0.0805
0.168176,0.0805
0.16818,0.0644
0.168184,0.048299999999999996
0.168188,0.0805
0.168192,0.0644
0.168196,0.0644
0.1682,0.0644
0.168204,0.0644
0.168208,0.0644
0.168212,0.0644
0.168216,0.0644
0.16822,0.0644
0.168224,0.0644
0.168228,0.0805
0.168232,0.0644
0.168236,0.0644
0.16824,0.0644
0.168244,0.0805
0.168248,0.0644
0.168252,0.0644
0.168256,0.0644
0.16826,0.0644
0.168264,0.048299999999999996
0.168268,0.0805
0.168272,0.0644
0.168276,0.0644
0.16828,0.0805
0.168284,0.048299999999999996
0.168288,0.0644
0.168292,0.0805
0.168296,0.0644
0.1683,0.0644
0.168304,0.0805
0.168308,0.0644
0.168312,0.0644
0.168316,0.0644
0.16832,0.0644
0.168324,0.048299999999999996
0.168328,0.0805
0.168332,0.0644
0.168336,0.0644
0.16834,0.0644
0.168344,0.0644
0.168348,0.0644
0.168352,0.048299999999999996
0.168356,0.0644
0.16836,0.0644
0.168364,0.0644
0.168368,0.0805
0.168372,0.0644
0.168376,0.0644
0.16838,0.0644
0.168384,0.0644
0.168388,0.0644
0.168392,0.0644
0.168396,0.0644
0.1684,0.048299999999999996
0.168404,0.0644
0.168408,0.0644
0.168412,0.0644
0.168416,0.0644
0.16842,0.0644
0.168424,0.0644
0.168428,0.0644
0.168432,0.0644
0.168436,0.0805
0.16844,0.0644
0.168444,0.0644
0.168448,0.0644
0.168452,0.0644
0.168456,0.0644
0.16846,0.0644
0.168464,0.0805
0.168468,0.048299999999999996
0.168472,0.0644
0.168476,0.0805
0.16848,0.0644
0.168484,0.0644
0.168488,0.0644
0.168492,0.0644
0.168496,0.0644
0.1685,0.048299999999999996
0.168504,0.0805
0.168508,0.0644
0.168512,0.0644
0.168516,0.0644
0.16852,0.0644
0.168524,0.048299999999999996
0.168528,0.0644
0.168532,0.0644
0.168536,0.0644
0.16854,0.0644
0.168544,0.0644
0.168548,0.0805
0.168552,0.0644
0.168556,0.048299999999999996
0.16856,0.0644
0.168564,0.0644
0.168568,0.0644
0.168572,0.0805
0.168576,0.048299999999999996
0.16858,0.0644
0.168584,0.0805
0.168588,0.0644
0.168592,0.048299999999999996
0.168596,0.048299999999999996
0.1686,0.0644
0.168604,0.0644
0.168608,0.0644
0.168612,0.0644
0.168616,0.048299999999999996
0.16862,0.0644
0.168624,0.0644
0.168628,0.048299999999999996
0.168632,0.0805
0.168636,0.0644
0.16864,0.048299999999999996
0.168644,0.0644
0.168648,0.0644
0.168652,0.0644
0.168656,0.0644
0.16866,0.0644
0.168664,0.0644
0.168668,0.048299999999999996
0.168672,0.0644
0.168676,0.0644
0.16868,0.048299999999999996
0.168684,0.0644
0.168688,0.0644
0.168692,0.0644
0.168696,0.0644
0.1687,0.0644
0.168704,0.0644
0.168708,0.0644
0.168712,0.0644
0.168716,0.0644
0.16872,0.0805
0.168724,0.048299999999999996
0.168728,0.0805
0.168732,0.0644
0.168736,0.0644
0.16874,0.0644
0.168744,0.0644
0.168748,0.0644
0.168752,0.0644
0.168756,0.048299999999999996
0.16876,0.0644
0.168764,0.0644
0.168768,0.0644
0.168772,0.0805
0.168776,0.048299999999999996
0.16878,0.0644
0.168784,0.0644
0.168788,0.0644
0.168792,0.0644
0.168796,0.0644
0.1688,0.048299999999999996
0.168804,0.0805
0.168808,0.0644
0.168812,0.048299999999999996
0.168816,0.0644
0.16882,0.0644
0.168824,0.0805
0.168828,0.0644
0.168832,0.0644
0.168836,0.0644
0.16884,0.0644
0.168844,0.0805
0.168848,0.048299999999999996
0.168852,0.0644
0.168856,0.0805
0.16886,0.0644
0.168864,0.0644
0.168868,0.0644
0.168872,0.0644
0.168876,0.048299999999999996
0.16888,0.0644
0.168884,0.0644
0.168888,0.048299999999999996
0.168892,0.0644
0.168896,0.0644
0.1689,0.048299999999999996
0.168904,0.0805
0.168908,0.048299999999999996
0.168912,0.048299999999999996
0.168916,0.0644
0.16892,0.0644
0.168924,0.0644
0.168928,0.0644
0.168932,0.048299999999999996
0.168936,0.0644
0.16894,0.0644
0.168944,0.0644
0.168948,0.048299999999999996
0.168952,0.0644
0.168956,0.0644
0.16896,0.0644
0.168964,0.0644
0.168968,0.048299999999999996
0.168972,0.0644
0.168976,0.0644
0.16898,0.0805
0.168984,0.048299999999999996
0.168988,0.0644
0.168992,0.0644
0.168996,0.0644
0.169,0.0644
0.169004,0.0644
0.169008,0.048299999999999996
0.169012,0.0644
0.169016,0.0805
0.16902,0.0644
0.169024,0.048299999999999996
0.169028,0.0644
0.169032,0.0644
0.169036,0.0644
0.16904,0.0644
0.169044,0.0644
0.169048,0.0644
0.169052,0.0805
0.169056,0.0644
0.16906,0.048299999999999996
0.169064,0.0644
0.169068,0.0644
0.169072,0.0644
0.169076,0.048299999999999996
0.16908,0.0644
0.169084,0.0644
0.169088,0.0644
0.169092,0.048299999999999996
0.169096,0.0644
0.1691,0.0644
0.169104,0.0644
0.169108,0.0805
0.169112,0.048299999999999996
0.169116,0.0805
0.16912,0.0644
0.169124,0.048299999999999996
0.169128,0.0805
0.169132,0.0644
0.169136,0.0644
0.16914,0.048299999999999996
0.169144,0.0644
0.169148,0.0644
0.169152,0.0644
0.169156,0.0644
0.16916,0.048299999999999996
0.169164,0.048299999999999996
0.169168,0.0644
0.169172,0.0644
0.169176,0.0644
0.16918,0.048299999999999996
0.169184,0.0644
0.169188,0.048299999999999996
0.169192,0.0644
0.169196,0.0644
0.1692,0.0644
0.169204,0.0644
0.169208,0.048299999999999996
0.169212,0.048299999999999996
0.169216,0.0805
0.16922,0.0644
0.169224,0.0644
0.169228,0.0805
0.169232,0.048299999999999996
0.169236,0.0644
0.16924,0.0644
0.169244,0.0322
0.169248,0.0644
0.169252,0.048299999999999996
0.169256,0.0644
0.16926,0.0644
0.169264,0.048299999999999996
0.169268,0.0644
0.169272,0.048299999999999996
0.169276,0.0644
0.16928,0.0644
0.169284,0.0644
0.169288,0.0644
0.169292,0.0644
0.169296,0.0805
0.1693,0.0644
0.169304,0.0644
0.169308,0.048299999999999996
0.169312,0.048299999999999996
0.169316,0.0644
0.16932,0.048299999999999996
0.169324,0.0644
0.169328,0.0644
0.169332,0.0644
0.169336,0.0644
0.16934,0.048299999999999996
0.169344,0.048299999999999996
0.169348,0.048299999999999996
0.169352,0.0644
0.169356,0.048299999999999996
0.16936,0.048299999999999996
0.169364,0.0644
0.169368,0.0644
0.169372,0.0644
0.169376,0.048299999999999996
0.16938,0.048299999999999996
0.169384,0.0644
0.169388,0.048299999999999996
0.169392,0.0805
0.169396,0.0644
0.1694,0.0644
0.169404,0.048299999999999996
0.169408,0.048299999999999996
0.169412,0.0644
0.169416,0.0644
0.16942,0.0644
0.169424,0.048299999999999996
0.169428,0.048299999999999996
0.169432,0.0644
0.169436,0.048299999999999996
0.16944,0.0644
0.169444,0.048299999999999996
0.169448,0.048299999999999996
0.169452,0.0644
0.169456,0.0644
0.16946,0.048299999999999996
0.169464,0.0644
0.169468,0.0644
0.169472,0.0644
0.169476,0.048299999999999996
0.16948,0.048299999999999996
0.169484,0.0644
0.169488,0.048299999999999996
0.169492,0.048299999999999996
0.169496,0.0644
0.1695,0.0644
0.169504,0.048299999999999996
0.169508,0.0644
0.169512,0.048299999999999996
0.169516,0.048299999999999996
0.16952,0.048299999999999996
0.169524,0.0644
0.169528,0.0644
0.169532,0.0644
0.169536,0.0644
0.16954,0.048299999999999996
0.169544,0.048299999999999996
0.169548,0.048299999999999996
0.169552,0.0644
0.169556,0.048299999999999996
0.16956,0.0644
0.169564,0.0644
0.169568,0.0644
0.169572,0.0644
0.169576,0.048299999999999996
0.16958,0.0644
0.169584,0.048299999999999996
0.169588,0.0644
0.169592,0.0644
0.169596,0.048299999999999996
0.1696,0.048299999999999996
0.169604,0.0644
0.169608,0.048299999999999996
0.169612,0.048299999999999996
0.169616,0.0644
0.16962,0.048299999999999996
0.169624,0.048299999999999996
0.169628,0.0644
0.169632,0.048299999999999996
0.169636,0.048299999999999996
0.16964,0.0644
0.169644,0.048299999999999996
0.169648,0.048299999999999996
0.169652,0.0644
0.169656,0.0644
0.16966,0.0644
0.169664,0.048299999999999996
0.169668,0.048299999999999996
0.169672,0.0644
0.169676,0.048299999999999996
0.16968,0.0644
0.169684,0.048299999999999996
0.169688,0.048299999999999996
0.169692,0.0644
0.169696,0.0644
0.1697,0.0644
0.169704,0.0644
0.169708,0.048299999999999996
0.169712,0.048299999999999996
0.169716,0.0644
0.16972,0.048299999999999996
0.169724,0.048299999999999996
0.169728,0.048299999999999996
0.169732,0.048299999999999996
0.169736,0.0644
0.16974,0.048299999999999996
0.169744,0.048299999999999996
0.169748,0.0644
0.169752,0.048299999999999996
0.169756,0.0644
0.16976,0.048299999999999996
0.169764,0.048299999999999996
0.169768,0.0644
0.169772,0.048299999999999996
0.169776,0.0644
0.16978,0.0322
0.169784,0.048299999999999996
0.169788,0.048299999999999996
0.169792,0.048299999999999996
0.169796,0.0644
0.1698,0.0644
0.169804,0.048299999999999996
0.169808,0.048299999999999996
0.169812,0.0644
0.169816,0.0644
0.16982,0.048299999999999996
0.169824,0.048299999999999996
0.169828,0.048299999999999996
0.169832,0.0644
0.169836,0.048299999999999996
0.16984,0.048299999999999996
0.169844,0.048299999999999996
0.169848,0.048299999999999996
0.169852,0.0644
0.169856,0.048299999999999996
0.16986,0.048299999999999996
0.169864,0.048299999999999996
0.169868,0.0644
0.169872,0.048299999999999996
0.169876,0.048299999999999996
0.16988,0.048299999999999996
0.169884,0.048299999999999996
0.169888,0.048299999999999996
0.169892,0.048299999999999996
0.169896,0.0644
0.1699,0.048299999999999996
0.169904,0.048299999999999996
0.169908,0.0644
0.169912,0.048299999999999996
0.169916,0.048299999999999996
0.16992,0.048299999999999996
0.169924,0.0644
0.169928,0.048299999999999996
0.169932,0.048299999999999996
0.169936,0.048299999999999996
0.16994,0.0644
0.169944,0.048299999999999996
0.169948,0.048299999999999996
0.169952,0.048299999999999996
0.169956,0.048299999999999996
0.16996,0.0644
0.169964,0.0644
0.169968,0.048299999999999996
0.169972,0.048299999999999996
0.169976,0.048299999999999996
0.16998,0.048299999999999996
0.169984,0.048299999999999996
0.169988,0.048299999999999996
0.169992,0.048299999999999996
0.169996,0.0322
0.17,0.0644
0.170004,0.048299999999999996
0.170008,0.048299999999999996
0.170012,0.048299999999999996
0.170016,0.0322
0.17002,0.0644
0.170024,0.048299999999999996
0.170028,0.0644
0.170032,0.048299999999999996
0.170036,0.0644
0.17004,0.048299999999999996
0.170044,0.0644
0.170048,0.048299999999999996
0.170052,0.048299999999999996
0.170056,0.048299999999999996
0.17006,0.0644
0.170064,0.048299999999999996
0.170068,0.048299999999999996
0.170072,0.0644
0.170076,0.048299999999999996
0.17008,0.048299999999999996
0.170084,0.048299999999999996
0.170088,0.048299999999999996
0.170092,0.048299999999999996
0.170096,0.0644
0.1701,0.048299999999999996
0.170104,0.048299999999999996
0.170108,0.0644
0.170112,0.048299999999999996
0.170116,0.0644
0.17012,0.048299999999999996
0.170124,0.048299999999999996
0.170128,0.048299999999999996
0.170132,0.048299999999999996
0.170136,0.048299999999999996
0.17014,0.0644
0.170144,0.048299999999999996
0.170148,0.048299999999999996
0.170152,0.048299999999999996
0.170156,0.0644
0.17016,0.048299999999999996
0.170164,0.048299999999999996
0.170168,0.048299999999999996
0.170172,0.048299999999999996
0.170176,0.048299999999999996
0.17018,0.048299999999999996
0.170184,0.048299999999999996
0.170188,0.048299999999999996
0.170192,0.048299999999999996
0.170196,0.048299999999999996
0.1702,0.048299999999999996
0.170204,0.048299999999999996
0.170208,0.048299999999999996
0.170212,0.048299999999999996
0.170216,0.048299999999999996
0.17022,0.048299999999999996
0.170224,0.048299999999999996
0.170228,0.048299999999999996
0.170232,0.048299999999999996
0.170236,0.048299999999999996
0.17024,0.048299999999999996
0.170244,0.0322
0.170248,0.048299999999999996
0.170252,0.0644
0.170256,0.0322
0.17026,0.048299999999999996
0.170264,0.0322
0.170268,0.048299999999999996
0.170272,0.0644
0.170276,0.048299999999999996
0.17028,0.048299999999999996
0.170284,0.048299999999999996
0.170288,0.048299999999999996
0.170292,0.0644
0.170296,0.048299999999999996
0.1703,0.048299999999999996
0.170304,0.048299999999999996
0.170308,0.048299999999999996
0.170312,0.0644
0.170316,0.048299999999999996
0.17032,0.048299999999999996
0.170324,0.0644
0.170328,0.0322
0.170332,0.048299999999999996
0.170336,0.0644
0.17034,0.0322
0.170344,0.048299999999999996
0.170348,0.0322
0.170352,0.048299999999999996
0.170356,0.048299999999999996
0.17036,0.048299999999999996
0.170364,0.048299999999999996
0.170368,0.048299999999999996
0.170372,0.048299999999999996
0.170376,0.048299999999999996
0.17038,0.048299999999999996
0.170384,0.048299999999999996
0.170388,0.0644
0.170392,0.048299999999999996
0.170396,0.048299999999999996
0.1704,0.0644
0.170404,0.048299999999999996
0.170408,0.0644
0.170412,0.048299999999999996
0.170416,0.0644
0.17042,0.0322
0.170424,0.048299999999999996
0.170428,0.0644
0.170432,0.048299999999999996
0.170436,0.0644
0.17044,0.0644
0.170444,0.048299999999999996
0.170448,0.048299999999999996
0.170452,0.0644
0.170456,0.048299999999999996
0.17046,0.048299999999999996
0.170464,0.048299999999999996
0.170468,0.0644
0.170472,0.048299999999999996
0.170476,0.048299999999999996
0.17048,0.048299999999999996
0.170484,0.048299999999999996
0.170488,0.0644
0.170492,0.048299999999999996
0.170496,0.048299999999999996
0.1705,0.048299999999999996
0.170504,0.0644
0.170508,0.048299999999999996
0.170512,0.0644
0.170516,0.048299999999999996
0.17052,0.048299999999999996
0.170524,0.048299999999999996
0.170528,0.0322
0.170532,0.048299999999999996
0.170536,0.048299999999999996
0.17054,0.048299999999999996
0.170544,0.0322
0.170548,0.048299999999999996
0.170552,0.0322
0.170556,0.048299999999999996
0.17056,0.048299999999999996
0.170564,0.0644
0.170568,0.048299999999999996
0.170572,0.048299999999999996
0.170576,0.048299999999999996
0.17058,0.048299999999999996
0.170584,0.048299999999999996
0.170588,0.048299999999999996
0.170592,0.0644
0.170596,0.048299999999999996
0.1706,0.0644
0.170604,0.0322
0.170608,0.048299999999999996
0.170612,0.048299999999999996
0.170616,0.0644
0.17062,0.048299999999999996
0.170624,0.048299999999999996
0.170628,0.048299999999999996
0.170632,0.0322
0.170636,0.0644
0.17064,0.048299999999999996
0.170644,0.048299999999999996
0.170648,0.048299999999999996
0.170652,0.0322
0.170656,0.048299999999999996
0.17066,0.048299999999999996
0.170664,0.048299999999999996
0.170668,0.048299999999999996
0.170672,0.0322
0.170676,0.048299999999999996
0.17068,0.048299999999999996
0.170684,0.048299999999999996
0.170688,0.048299999999999996
0.170692,0.0322
0.170696,0.048299999999999996
0.1707,0.048299999999999996
0.170704,0.048299999999999996
0.170708,0.0644
0.170712,0.0322
0.170716,0.048299999999999996
0.17072,0.048299999999999996
0.170724,0.0644
0.170728,0.048299999999999996
0.170732,0.0322
0.170736,0.048299999999999996
0.17074,0.048299999999999996
0.170744,0.048299999999999996
0.170748,0.0322
0.170752,0.048299999999999996
0.170756,0.048299999999999996
0.17076,0.048299999999999996
0.170764,0.048299999999999996
0.170768,0.048299999999999996
0.170772,0.048299999999999996
0.170776,0.048299999999999996
0.17078,0.048299999999999996
0.170784,0.048299999999999996
0.170788,0.048299999999999996
0.170792,0.048299999999999996
0.170796,0.048299999999999996
0.1708,0.048299999999999996
0.170804,0.0322
0.170808,0.048299999999999996
0.170812,0.048299999999999996
0.170816,0.0644
0.17082,0.048299999999999996
0.170824,0.048299999999999996
0.170828,0.048299999999999996
0.170832,0.048299999999999996
0.170836,0.0644
0.17084,0.048299999999999996
0.170844,0.048299999999999996
0.170848,0.0322
0.170852,0.0644
0.170856,0.0322
0.17086,0.048299999999999996
0.170864,0.048299999999999996
0.170868,0.048299999999999996
0.170872,0.048299999999999996
0.170876,0.048299999999999996
0.17088,0.048299999999999996
0.170884,0.0322
0.170888,0.048299999999999996
0.170892,0.048299999999999996
0.170896,0.048299999999999996
0.1709,0.048299999999999996
0.170904,0.048299999999999996
0.170908,0.0322
0.170912,0.048299999999999996
0.170916,0.048299999999999996
0.17092,0.048299999999999996
0.170924,0.048299999999999996
0.170928,0.048299999999999996
0.170932,0.048299999999999996
0.170936,0.048299999999999996
0.17094,0.048299999999999996
0.170944,0.048299999999999996
0.170948,0.048299999999999996
0.170952,0.048299999999999996
0.170956,0.048299999999999996
0.17096,0.048299999999999996
0.170964,0.048299999999999996
0.170968,0.048299999999999996
0.170972,0.048299999999999996
0.170976,0.048299999999999996
0.17098,0.048299999999999996
0.170984,0.0322
0.170988,0.048299999999999996
0.170992,0.0644
0.170996,0.048299999999999996
0.171,0.048299999999999996
0.171004,0.048299999999999996
0.171008,0.048299999999999996
0.171012,0.048299999999999996
0.171016,0.0644
0.17102,0.0322
0.171024,0.048299999999999996
0.171028,0.048299999999999996
0.171032,0.048299999999999996
0.171036,0.048299999999999996
0.17104,0.048299999999999996
0.171044,0.048299999999999996
0.171048,0.048299999999999996
0.171052,0.0322
0.171056,0.048299999999999996
0.17106,0.048299999999999996
0.171064,0.048299999999999996
0.171068,0.048299999999999996
0.171072,0.0322
0.171076,0.0644
0.17108,0.048299999999999996
0.171084,0.0322
0.171088,0.048299999999999996
0.171092,0.0322
0.171096,0.048299999999999996
0.1711,0.048299999999999996
0.171104,0.048299999999999996
0.171108,0.0322
0.171112,0.048299999999999996
0.171116,0.0322
0.17112,0.048299999999999996
0.171124,0.0644
0.171128,0.048299999999999996
0.171132,0.0322
0.171136,0.0322
0.17114,0.0644
0.171144,0.048299999999999996
0.171148,0.0322
0.171152,0.048299999999999996
0.171156,0.048299999999999996
0.17116,0.048299999999999996
0.171164,0.048299999999999996
0.171168,0.048299999999999996
0.171172,0.048299999999999996
0.171176,0.048299999999999996
0.17118,0.0322
0.171184,0.048299999999999996
0.171188,0.048299999999999996
0.171192,0.0322
0.171196,0.048299999999999996
0.1712,0.0644
0.171204,0.0322
0.171208,0.048299999999999996
0.171212,0.0322
0.171216,0.048299999999999996
0.17122,0.048299999999999996
0.171224,0.0322
0.171228,0.048299999999999996
0.171232,0.048299999999999996
0.171236,0.048299999999999996
0.17124,0.0644
0.171244,0.0161
0.171248,0.0644
0.171252,0.0322
0.171256,0.048299999999999996
0.17126,0.0644
0.171264,0.0322
0.171268,0.048299999999999996
0.171272,0.048299999999999996
0.171276,0.0322
0.17128,0.0644
0.171284,0.0161
0.171288,0.0644
0.171292,0.0322
0.171296,0.048299999999999996
0.1713,0.0644
0.171304,0.048299999999999996
0.171308,0.0322
0.171312,0.048299999999999996
0.171316,0.0322
0.17132,0.0644
0.171324,0.0322
0.171328,0.048299999999999996
0.171332,0.0322
0.171336,0.048299999999999996
0.17134,0.0322
0.171344,0.048299999999999996
0.171348,0.048299999999999996
0.171352,0.0644
0.171356,0.0322
0.17136,0.0644
0.171364,0.048299999999999996
0.171368,0.048299999999999996
0.171372,0.048299999999999996
0.171376,0.048299999999999996
0.17138,0.048299999999999996
0.171384,0.048299999999999996
0.171388,0.048299999999999996
0.171392,0.0322
0.171396,0.048299999999999996
0.1714,0.048299999999999996
0.171404,0.048299999999999996
0.171408,0.048299999999999996
0.171412,0.048299999999999996
0.171416,0.0322
0.17142,0.0644
0.171424,0.048299999999999996
0.171428,0.048299999999999996
0.171432,0.048299999999999996
0.171436,0.0644
0.17144,0.048299999999999996
0.171444,0.0322
0.171448,0.0322
0.171452,0.048299999999999996
0.171456,0.048299999999999996
0.17146,0.048299999999999996
0.171464,0.048299999999999996
0.171468,0.048299999999999996
0.171472,0.048299999999999996
0.171476,0.048299999999999996
0.17148,0.048299999999999996
0.171484,0.048299999999999996
0.171488,0.048299999999999996
0.171492,0.048299999999999996
0.171496,0.0644
0.1715,0.0322
0.171504,0.048299999999999996
0.171508,0.048299999999999996
0.171512,0.048299999999999996
0.171516,0.0644
0.17152,0.0322
0.171524,0.048299999999999996
0.171528,0.048299999999999996
0.171532,0.0644
0.171536,0.048299999999999996
0.17154,0.048299999999999996
0.171544,0.048299999999999996
0.171548,0.0322
0.171552,0.048299999999999996
0.171556,0.048299999999999996
0.17156,0.048299999999999996
0.171564,0.048299999999999996
0.171568,0.0644
0.171572,0.048299999999999996
0.171576,0.048299999999999996
0.17158,0.048299999999999996
0.171584,0.0322
0.171588,0.048299999999999996
0.171592,0.048299999999999996
0.171596,0.0322
0.1716,0.048299999999999996
0.171604,0.048299999999999996
0.171608,0.0644
0.171612,0.048299999999999996
0.171616,0.048299999999999996
0.17162,0.048299999999999996
0.171624,0.048299999999999996
0.171628,0.0644
0.171632,0.048299999999999996
0.171636,0.048299999999999996
0.17164,0.048299999999999996
0.171644,0.0322
0.171648,0.048299999999999996
0.171652,0.0322
0.171656,0.048299999999999996
0.17166,0.048299999999999996
0.171664,0.048299999999999996
0.171668,0.0644
0.171672,0.048299999999999996
0.171676,0.048299999999999996
0.17168,0.048299999999999996
0.171684,0.0322
0.171688,0.048299999999999996
0.171692,0.048299999999999996
0.171696,0.0322
0.1717,0.0322
0.171704,0.048299999999999996
0.171708,0.048299999999999996
0.171712,0.0644
0.171716,0.048299999999999996
0.17172,0.0322
0.171724,0.048299999999999996
0.171728,0.048299999999999996
0.171732,0.0644
0.171736,0.048299999999999996
0.17174,0.0322
0.171744,0.048299999999999996
0.171748,0.048299999999999996
0.171752,0.048299999999999996
0.171756,0.048299999999999996
0.17176,0.048299999999999996
0.171764,0.0322
0.171768,0.048299999999999996
0.171772,0.0322
0.171776,0.048299999999999996
0.17178,0.048299999999999996
0.171784,0.0322
0.171788,0.048299999999999996
0.171792,0.0322
0.171796,0.048299999999999996
0.1718,0.048299999999999996
0.171804,0.0644
0.171808,0.048299999999999996
0.171812,0.0322
0.171816,0.0322
0.17182,0.048299999999999996
0.171824,0.0644
0.171828,0.0322
0.171832,0.048299999999999996
0.171836,0.0644
0.17184,0.048299999999999996
0.171844,0.048299999999999996
0.171848,0.048299999999999996
0.171852,0.048299999999999996
0.171856,0.0322
0.17186,0.048299999999999996
0.171864,0.048299999999999996
0.171868,0.0644
0.171872,0.048299999999999996
0.171876,0.0322
0.17188,0.048299999999999996
0.171884,0.048299999999999996
0.171888,0.0322
0.171892,0.048299999999999996
0.171896,0.048299999999999996
0.1719,0.048299999999999996
0.171904,0.048299999999999996
0.171908,0.048299999999999996
0.171912,0.048299999999999996
0.171916,0.048299999999999996
0.17192,0.0322
0.171924,0.048299999999999996
0.171928,0.0644
0.171932,0.048299999999999996
0.171936,0.048299999999999996
0.17194,0.048299999999999996
0.171944,0.048299999999999996
0.171948,0.048299999999999996
0.171952,0.048299999999999996
0.171956,0.048299999999999996
0.17196,0.048299999999999996
0.171964,0.0322
0.171968,0.048299999999999996
0.171972,0.048299999999999996
0.171976,0.048299999999999996
0.17198,0.0644
0.171984,0.0322
0.171988,0.048299999999999996
0.171992,0.048299999999999996
0.171996,0.0644
0.172,0.048299999999999996
0.172004,0.048299999999999996
0.172008,0.048299999999999996
0.172012,0.048299999999999996
0.172016,0.048299999999999996
0.17202,0.048299999999999996
0.172024,0.048299999999999996
0.172028,0.048299999999999996
0.172032,0.048299999999999996
0.172036,0.0644
0.17204,0.0322
0.172044,0.048299999999999996
0.172048,0.048299999999999996
0.172052,0.0322
0.172056,0.048299999999999996
0.17206,0.048299999999999996
0.172064,0.048299999999999996
0.172068,0.048299999999999996
0.172072,0.048299999999999996
0.172076,0.0644
0.17208,0.048299999999999996
0.172084,0.048299999999999996
0.172088,0.048299999999999996
0.172092,0.0322
0.172096,0.0322
0.1721,0.048299999999999996
0.172104,0.048299999999999996
0.172108,0.048299999999999996
0.172112,0.048299999999999996
0.172116,0.048299999999999996
0.17212,0.048299999999999996
0.172124,0.048299999999999996
0.172128,0.0322
0.172132,0.048299999999999996
0.172136,0.048299999999999996
0.17214,0.048299999999999996
0.172144,0.048299999999999996
0.172148,0.0322
0.172152,0.048299999999999996
0.172156,0.0322
0.17216,0.048299999999999996
0.172164,0.048299999999999996
0.172168,0.048299999999999996
0.172172,0.0644
0.172176,0.048299999999999996
0.17218,0.0322
0.172184,0.048299999999999996
0.172188,0.048299999999999996
0.172192,0.0322
0.172196,0.048299999999999996
0.1722,0.0322
0.172204,0.048299999999999996
0.172208,0.0322
0.172212,0.048299999999999996
0.172216,0.048299999999999996
0.17222,0.048299999999999996
0.172224,0.048299999999999996
0.172228,0.048299999999999996
0.172232,0.048299999999999996
0.172236,0.0644
0.17224,0.048299999999999996
0.172244,0.048299999999999996
0.172248,0.048299999999999996
0.172252,0.0322
0.172256,0.0322
0.17226,0.048299999999999996
0.172264,0.048299999999999996
0.172268,0.0322
0.172272,0.0644
0.172276,0.048299999999999996
0.17228,0.048299999999999996
0.172284,0.048299999999999996
0.172288,0.048299999999999996
0.172292,0.048299999999999996
0.172296,0.048299999999999996
0.1723,0.048299999999999996
0.172304,0.048299999999999996
0.172308,0.0322
0.172312,0.048299999999999996
0.172316,0.0322
0.17232,0.048299999999999996
0.172324,0.0644
0.172328,0.048299999999999996
0.172332,0.048299999999999996
0.172336,0.048299999999999996
0.17234,0.048299999999999996
0.172344,0.048299999999999996
0.172348,0.0644
0.172352,0.048299999999999996
0.172356,0.048299999999999996
0.17236,0.048299999999999996
0.172364,0.0322
0.172368,0.048299999999999996
0.172372,0.048299999999999996
0.172376,0.048299999999999996
0.17238,0.0644
0.172384,0.048299999999999996
0.172388,0.0322
0.172392,0.048299999999999996
0.172396,0.048299999999999996
0.1724,0.048299999999999996
0.172404,0.048299999999999996
0.172408,0.0322
0.172412,0.048299999999999996
0.172416,0.0322
0.17242,0.048299999999999996
0.172424,0.048299999999999996
0.172428,0.048299999999999996
0.172432,0.0644
0.172436,0.0322
0.17244,0.048299999999999996
0.172444,0.048299999999999996
0.172448,0.0322
0.172452,0.048299999999999996
0.172456,0.048299999999999996
0.17246,0.048299999999999996
0.172464,0.0322
0.172468,0.048299999999999996
0.172472,0.048299999999999996
0.172476,0.048299999999999996
0.17248,0.048299999999999996
0.172484,0.0322
0.172488,0.048299999999999996
0.172492,0.048299999999999996
0.172496,0.048299999999999996
0.1725,0.048299999999999996
0.172504,0.048299999999999996
0.172508,0.0644
0.172512,0.048299999999999996
0.172516,0.048299999999999996
0.17252,0.0322
0.172524,0.048299999999999996
0.172528,0.048299999999999996
0.172532,0.048299999999999996
0.172536,0.048299999999999996
0.17254,0.048299999999999996
0.172544,0.048299999999999996
0.172548,0.048299999999999996
0.172552,0.048299999999999996
0.172556,0.0322
0.17256,0.048299999999999996
0.172564,0.048299999999999996
0.172568,0.048299999999999996
0.172572,0.048299999999999996
0.172576,0.048299999999999996
0.17258,0.048299999999999996
0.172584,0.048299999999999996
0.172588,0.048299999999999996
0.172592,0.0322
0.172596,0.048299999999999996
0.1726,0.0322
0.172604,0.048299999999999996
0.172608,0.0644
0.172612,0.0322
0.172616,0.0322
0.17262,0.0322
0.172624,0.0322
0.172628,0.048299999999999996
0.172632,0.0322
0.172636,0.048299999999999996
0.17264,0.048299999999999996
0.172644,0.0322
0.172648,0.048299999999999996
0.172652,0.048299999999999996
0.172656,0.0322
0.17266,0.048299999999999996
0.172664,0.0644
0.172668,0.0322
0.172672,0.0322
0.172676,0.048299999999999996
0.17268,0.0322
0.172684,0.048299999999999996
0.172688,0.048299999999999996
0.172692,0.048299999999999996
0.172696,0.048299999999999996
0.1727,0.048299999999999996
0.172704,0.048299999999999996
0.172708,0.0322
0.172712,0.048299999999999996
0.172716,0.048299999999999996
0.17272,0.0322
0.172724,0.048299999999999996
0.172728,0.0322
0.172732,0.048299999999999996
0.172736,0.0644
0.17274,0.048299999999999996
0.172744,0.0322
0.172748,0.048299999999999996
0.172752,0.048299999999999996
0.172756,0.048299999999999996
0.17276,0.0322
0.172764,0.048299999999999996
0.172768,0.048299999999999996
0.172772,0.048299999999999996
0.172776,0.048299999999999996
0.17278,0.048299999999999996
0.172784,0.0322
0.172788,0.048299999999999996
0.172792,0.048299999999999996
0.172796,0.0322
0.1728,0.048299999999999996
0.172804,0.048299999999999996
0.172808,0.048299999999999996
0.172812,0.048299999999999996
0.172816,0.0322
0.17282,0.048299999999999996
0.172824,0.0322
0.172828,0.048299999999999996
0.172832,0.048299999999999996
0.172836,0.048299999999999996
0.17284,0.048299999999999996
0.172844,0.048299999999999996
0.172848,0.0322
0.172852,0.048299999999999996
0.172856,0.0161
0.17286,0.048299999999999996
0.172864,0.048299999999999996
0.172868,0.0322
0.172872,0.048299999999999996
0.172876,0.0322
0.17288,0.048299999999999996
0.172884,0.048299999999999996
0.172888,0.0322
0.172892,0.048299999999999996
0.172896,0.048299999999999996
0.1729,0.048299999999999996
0.172904,0.0322
0.172908,0.0322
0.172912,0.048299999999999996
0.172916,0.048299999999999996
0.17292,0.0644
0.172924,0.0322
0.172928,0.048299999999999996
0.172932,0.048299999999999996
0.172936,0.048299999999999996
0.17294,0.048299999999999996
0.172944,0.0322
0.172948,0.048299999999999996
0.172952,0.048299999999999996
0.172956,0.048299999999999996
0.17296,0.048299999999999996
0.172964,0.0322
0.172968,0.048299999999999996
0.172972,0.048299999999999996
0.172976,0.048299999999999996
0.17298,0.048299999999999996
0.172984,0.0322
0.172988,0.048299999999999996
0.172992,0.048299999999999996
0.172996,0.0644
0.173,0.0322
0.173004,0.0322
0.173008,0.048299999999999996
0.173012,0.0322
0.173016,0.0644
0.17302,0.0322
0.173024,0.048299999999999996
0.173028,0.048299999999999996
0.173032,0.048299999999999996
0.173036,0.048299999999999996
0.17304,0.0322
0.173044,0.048299999999999996
0.173048,0.0322
0.173052,0.048299999999999996
0.173056,0.0322
0.17306,0.0322
0.173064,0.048299999999999996
0.173068,0.048299999999999996
0.173072,0.048299999999999996
0.173076,0.048299999999999996
0.17308,0.0322
0.173084,0.048299999999999996
0.173088,0.048299999999999996
0.173092,0.048299999999999996
0.173096,0.0322
0.1731,0.048299999999999996
0.173104,0.048299999999999996
0.173108,0.048299999999999996
0.173112,0.048299999999999996
0.173116,0.0322
0.17312,0.0322
0.173124,0.048299999999999996
0.173128,0.048299999999999996
0.173132,0.048299999999999996
0.173136,0.0322
0.17314,0.048299999999999996
0.173144,0.0322
0.173148,0.048299999999999996
0.173152,0.048299999999999996
0.173156,0.048299999999999996
0.17316,0.0322
0.173164,0.048299999999999996
0.173168,0.048299999999999996
0.173172,0.048299999999999996
0.173176,0.0322
0.17318,0.0322
0.173184,0.048299999999999996
0.173188,0.0322
0.173192,0.048299999999999996
0.173196,0.048299999999999996
0.1732,0.0322
0.173204,0.0322
0.173208,0.048299999999999996
0.173212,0.0322
0.173216,0.048299999999999996
0.17322,0.048299999999999996
0.173224,0.048299999999999996
0.173228,0.048299999999999996
0.173232,0.048299999999999996
0.173236,0.048299999999999996
0.17324,0.0322
0.173244,0.048299999999999996
0.173248,0.048299999999999996
0.173252,0.0322
0.173256,0.0322
0.17326,0.048299999999999996
0.173264,0.0322
0.173268,0.048299999999999996
0.173272,0.0322
0.173276,0.0322
0.17328,0.048299999999999996
0.173284,0.048299999999999996
0.173288,0.048299999999999996
0.173292,0.0322
0.173296,0.0322
0.1733,0.0322
0.173304,0.048299999999999996
0.173308,0.048299999999999996
0.173312,0.0322
0.173316,0.048299999999999996
0.17332,0.048299999999999996
0.173324,0.0322
0.173328,0.0644
0.173332,0.0322
0.173336,0.0322
0.17334,0.0644
0.173344,0.0322
0.173348,0.0322
0.173352,0.048299999999999996
0.173356,0.0322
0.17336,0.0322
0.173364,0.048299999999999996
0.173368,0.048299999999999996
0.173372,0.048299999999999996
0.173376,0.0322
0.17338,0.048299999999999996
0.173384,0.048299999999999996
0.173388,0.048299999999999996
0.173392,0.048299999999999996
0.173396,0.0322
0.1734,0.0322
0.173404,0.048299999999999996
0.173408,0.0322
0.173412,0.0322
0.173416,0.048299999999999996
0.17342,0.0322
0.173424,0.0322
0.173428,0.0322
0.173432,0.0322
0.173436,0.048299999999999996
0.17344,0.048299999999999996
0.173444,0.0322
0.173448,0.0322
0.173452,0.048299999999999996
0.173456,0.0322
0.17346,0.048299999999999996
0.173464,0.0322
0.173468,0.048299999999999996
0.173472,0.0322
0.173476,0.048299999999999996
0.17348,0.048299999999999996
0.173484,0.0322
0.173488,0.0322
0.173492,0.0322
0.173496,0.048299999999999996
0.1735,0.048299999999999996
0.173504,0.0322
0.173508,0.0322
0.173512,0.0322
0.173516,0.048299999999999996
0.17352,0.048299999999999996
0.173524,0.0322
0.173528,0.0322
0.173532,0.0322
0.173536,0.0322
0.17354,0.048299999999999996
0.173544,0.048299999999999996
0.173548,0.0322
0.173552,0.0322
0.173556,0.048299999999999996
0.17356,0.0322
0.173564,0.048299999999999996
0.173568,0.0322
0.173572,0.0322
0.173576,0.0322
0.17358,0.0322
0.173584,0.048299999999999996
0.173588,0.048299999999999996
0.173592,0.0322
0.173596,0.0322
0.1736,0.0322
0.173604,0.0322
0.173608,0.048299999999999996
0.173612,0.0161
0.173616,0.0322
0.17362,0.048299999999999996
0.173624,0.048299999999999996
0.173628,0.048299999999999996
0.173632,0.048299999999999996
0.173636,0.0322
0.17364,0.048299999999999996
0.173644,0.0322
0.173648,0.0322
0.173652,0.048299999999999996
0.173656,0.048299999999999996
0.17366,0.0322
0.173664,0.0161
0.173668,0.048299999999999996
0.173672,0.048299999999999996
0.173676,0.048299999999999996
0.17368,0.0322
0.173684,0.0322
0.173688,0.0322
0.173692,0.048299999999999996
0.173696,0.048299999999999996
0.1737,0.0322
0.173704,0.048299999999999996
0.173708,0.0322
0.173712,0.0644
0.173716,0.0322
0.17372,0.0322
0.173724,0.048299999999999996
0.173728,0.0322
0.173732,0.048299999999999996
0.173736,0.0322
0.17374,0.0322
0.173744,0.048299999999999996
0.173748,0.0322
0.173752,0.048299999999999996
0.173756,0.0322
0.17376,0.048299999999999996
0.173764,0.0322
0.173768,0.0805
0.173772,0.0161
0.173776,0.048299999999999996
0.17378,0.0322
0.173784,0.0322
0.173788,0.0322
0.173792,0.048299999999999996
0.173796,0.0322
0.1738,0.048299999999999996
0.173804,0.0322
0.173808,0.048299999999999996
0.173812,0.0322
0.173816,0.0322
0.17382,0.0322
0.173824,0.0322
0.173828,0.048299999999999996
0.173832,0.0322
0.173836,0.0161
0.17384,0.048299999999999996
0.173844,0.0322
0.173848,0.048299999999999996
0.173852,0.048299999999999996
0.173856,0.0322
0.17386,0.048299999999999996
0.173864,0.0322
0.173868,0.0644
0.173872,0.0322
0.173876,0.048299999999999996
0.17388,0.0322
0.173884,0.048299999999999996
0.173888,0.048299999999999996
0.173892,0.048299999999999996
0.173896,0.0322
0.1739,0.048299999999999996
0.173904,0.0322
0.173908,0.0322
0.173912,0.0322
0.173916,0.0322
0.17392,0.048299999999999996
0.173924,0.0322
0.173928,0.048299999999999996
0.173932,0.048299999999999996
0.173936,0.0322
0.17394,0.048299999999999996
0.173944,0.0322
0.173948,0.048299999999999996
0.173952,0.0322
0.173956,0.0322
0.17396,0.048299999999999996
0.173964,0.0322
0.173968,0.0322
0.173972,0.048299999999999996
0.173976,0.0161
0.17398,0.0322
0.173984,0.0322
0.173988,0.048299999999999996
0.173992,0.048299999999999996
0.173996,0.0322
0.174,0.0322
0.174004,0.0322
0.174008,0.048299999999999996
0.174012,0.0322
0.174016,0.0322
0.17402,0.0322
0.174024,0.048299999999999996
0.174028,0.0644
0.174032,0.0322
0.174036,0.0322
0.17404,0.048299999999999996
0.174044,0.048299999999999996
0.174048,0.048299999999999996
0.174052,0.0322
0.174056,0.048299999999999996
0.17406,0.048299999999999996
0.174064,0.048299999999999996
0.174068,0.0322
0.174072,0.0322
0.174076,0.0322
0.17408,0.0161
0.174084,0.0322
0.174088,0.048299999999999996
0.174092,0.048299999999999996
0.174096,0.048299999999999996
0.1741,0.048299999999999996
0.174104,0.0322
0.174108,0.0322
0.174112,0.0322
0.174116,0.048299999999999996
0.17412,0.0322
0.174124,0.0322
0.174128,0.048299999999999996
0.174132,0.0322
0.174136,0.0322
0.17414,0.0322
0.174144,0.0322
0.174148,0.048299999999999996
0.174152,0.048299999999999996
0.174156,0.0322
0.17416,0.048299999999999996
0.174164,0.048299999999999996
0.174168,0.0322
0.174172,0.048299999999999996
0.174176,0.0161
0.17418,0.048299999999999996
0.174184,0.048299999999999996
0.174188,0.048299999999999996
0.174192,0.0322
0.174196,0.048299999999999996
0.1742,0.048299999999999996
0.174204,0.048299999999999996
0.174208,0.0322
0.174212,0.048299999999999996
0.174216,0.048299999999999996
0.17422,0.0322
0.174224,0.0322
0.174228,0.0322
0.174232,0.048299999999999996
0.174236,0.048299999999999996
0.17424,0.048299999999999996
0.174244,0.048299999999999996
0.174248,0.0322
0.174252,0.0322
0.174256,0.048299999999999996
0.17426,0.048299999999999996
0.174264,0.0322
0.174268,0.048299999999999996
0.174272,0.0322
0.174276,0.0322
0.17428,0.0322
0.174284,0.048299999999999996
0.174288,0.0322
0.174292,0.0322
0.174296,0.0322
0.1743,0.048299999999999996
0.174304,0.0322
0.174308,0.048299999999999996
0.174312,0.0322
0.174316,0.0322
0.17432,0.048299999999999996
0.174324,0.0322
0.174328,0.0322
0.174332,0.048299999999999996
0.174336,0.048299999999999996
0.17434,0.0322
0.174344,0.0322
0.174348,0.048299999999999996
0.174352,0.0644
0.174356,0.048299999999999996
0.17436,0.0322
0.174364,0.048299999999999996
0.174368,0.048299999999999996
0.174372,0.048299999999999996
0.174376,0.048299999999999996
0.17438,0.0322
0.174384,0.048299999999999996
0.174388,0.0322
0.174392,0.048299999999999996
0.174396,0.0322
0.1744,0.0322
0.174404,0.0322
0.174408,0.048299999999999996
0.174412,0.0322
0.174416,0.048299999999999996
0.17442,0.0322
0.174424,0.0322
0.174428,0.048299999999999996
0.174432,0.0322
0.174436,0.0322
0.17444,0.048299999999999996
0.174444,0.0322
0.174448,0.048299999999999996
0.174452,0.0322
0.174456,0.0322
0.17446,0.048299999999999996
0.174464,0.0322
0.174468,0.048299999999999996
0.174472,0.0322
0.174476,0.048299999999999996
0.17448,0.0322
0.174484,0.0322
0.174488,0.0322
0.174492,0.0322
0.174496,0.048299999999999996
0.1745,0.048299999999999996
0.174504,0.048299999999999996
0.174508,0.0322
0.174512,0.0322
0.174516,0.0322
0.17452,0.048299999999999996
0.174524,0.048299999999999996
0.174528,0.048299999999999996
0.174532,0.0322
0.174536,0.048299999999999996
0.17454,0.0322
0.174544,0.0644
0.174548,0.0322
0.174552,0.0322
0.174556,0.048299999999999996
0.17456,0.0322
0.174564,0.0322
0.174568,0.048299999999999996
0.174572,0.0322
0.174576,0.048299999999999996
0.17458,0.0322
0.174584,0.048299999999999996
0.174588,0.0322
0.174592,0.048299999999999996
0.174596,0.048299999999999996
0.1746,0.048299999999999996
0.174604,0.0322
0.174608,0.0322
0.174612,0.048299999999999996
0.174616,0.0322
0.17462,0.048299999999999996
0.174624,0.0322
0.174628,0.048299999999999996
0.174632,0.0644
0.174636,0.048299999999999996
0.17464,0.0322
0.174644,0.0322
0.174648,0.048299999999999996
0.174652,0.0322
0.174656,0.048299999999999996
0.17466,0.048299999999999996
0.174664,0.048299999999999996
0.174668,0.048299999999999996
0.174672,0.048299999999999996
0.174676,0.0322
0.17468,0.0322
0.174684,0.048299999999999996
0.174688,0.0322
0.174692,0.048299999999999996
0.174696,0.048299999999999996
0.1747,0.0322
0.174704,0.048299999999999996
0.174708,0.0322
0.174712,0.048299999999999996
0.174716,0.048299999999999996
0.17472,0.0322
0.174724,0.048299999999999996
0.174728,0.048299999999999996
0.174732,0.048299999999999996
0.174736,0.048299999999999996
0.17474,0.048299999999999996
0.174744,0.048299999999999996
0.174748,0.0322
0.174752,0.0322
0.174756,0.0322
0.17476,0.0644
0.174764,0.0322
0.174768,0.048299999999999996
0.174772,0.048299999999999996
0.174776,0.0322
0.17478,0.0322
0.174784,0.0322
0.174788,0.048299999999999996
0.174792,0.048299999999999996
0.174796,0.0322
0.1748,0.048299999999999996
0.174804,0.0322
0.174808,0.048299999999999996
0.174812,0.048299999999999996
0.174816,0.0322
0.17482,0.048299999999999996
0.174824,0.0322
0.174828,0.0322
0.174832,0.048299999999999996
0.174836,0.0322
0.17484,0.048299999999999996
0.174844,0.0322
0.174848,0.048299999999999996
0.174852,0.048299999999999996
0.174856,0.0322
0.17486,0.048299999999999996
0.174864,0.0322
0.174868,0.0322
0.174872,0.048299999999999996
0.174876,0.048299999999999996
0.17488,0.048299999999999996
0.174884,0.0322
0.174888,0.048299999999999996
0.174892,0.048299999999999996
0.174896,0.0322
0.1749,0.0322
0.174904,0.0322
0.174908,0.048299999999999996
0.174912,0.0322
0.174916,0.0322
0.17492,0.048299999999999996
0.174924,0.0322
0.174928,0.0644
0.174932,0.0322
0.174936,0.048299999999999996
0.17494,0.048299999999999996
0.174944,0.048299999999999996
0.174948,0.0322
0.174952,0.048299999999999996
0.174956,0.0322
0.17496,0.0322
0.174964,0.048299999999999996
0.174968,0.048299999999999996
0.174972,0.0322
0.174976,0.0322
0.17498,0.048299999999999996
0.174984,0.0322
0.174988,0.048299999999999996
0.174992,0.0322
0.174996,0.0322
0.175,0.048299999999999996
0.175004,0.048299999999999996
0.175008,0.048299999999999996
0.175012,0.048299999999999996
0.175016,0.048299999999999996
0.17502,0.048299999999999996
0.175024,0.0322
0.175028,0.048299999999999996
0.175032,0.0322
0.175036,0.0322
0.17504,0.048299999999999996
0.175044,0.048299999999999996
0.175048,0.0322
0.175052,0.0322
0.175056,0.048299999999999996
0.17506,0.0322
0.175064,0.048299999999999996
0.175068,0.048299999999999996
0.175072,0.048299999999999996
0.175076,0.0322
0.17508,0.048299999999999996
0.175084,0.048299999999999996
0.175088,0.0322
0.175092,0.048299999999999996
0.175096,0.048299999999999996
0.1751,0.0322
0.175104,0.048299999999999996
0.175108,0.0322
0.175112,0.048299999999999996
0.175116,0.048299999999999996
0.17512,0.048299999999999996
0.175124,0.0322
0.175128,0.0322
0.175132,0.048299999999999996
0.175136,0.048299999999999996
0.17514,0.0322
0.175144,0.048299999999999996
0.175148,0.048299999999999996
0.175152,0.048299999999999996
0.175156,0.048299999999999996
0.17516,0.048299999999999996
0.175164,0.048299999999999996
0.175168,0.048299999999999996
0.175172,0.048299999999999996
0.175176,0.0161
0.17518,0.0322
0.175184,0.048299999999999996
0.175188,0.0322
0.175192,0.0322
0.175196,0.0322
0.1752,0.048299999999999996
0.175204,0.0322
0.175208,0.0322
0.175212,0.0322
0.175216,0.048299999999999996
0.17522,0.048299999999999996
0.175224,0.048299999999999996
0.175228,0.048299999999999996
0.175232,0.048299999999999996
0.175236,0.0322
0.17524,0.048299999999999996
0.175244,0.048299999999999996
0.175248,0.0322
0.175252,0.048299999999999996
0.175256,0.0322
0.17526,0.048299999999999996
0.175264,0.048299999999999996
0.175268,0.048299999999999996
0.175272,0.0322
0.175276,0.0322
0.17528,0.0322
0.175284,0.048299999999999996
0.175288,0.048299999999999996
0.175292,0.048299999999999996
0.175296,0.0322
0.1753,0.048299999999999996
0.175304,0.048299999999999996
0.175308,0.048299999999999996
0.175312,0.0322
0.175316,0.0322
0.17532,0.048299999999999996
0.175324,0.0322
0.175328,0.048299999999999996
0.175332,0.048299999999999996
0.175336,0.0322
0.17534,0.048299999999999996
0.175344,0.0322
0.175348,0.048299999999999996
0.175352,0.048299999999999996
0.175356,0.0322
0.17536,0.048299999999999996
0.175364,0.0322
0.175368,0.048299999999999996
0.175372,0.048299999999999996
0.175376,0.0322
0.17538,0.0322
0.175384,0.0322
0.175388,0.048299999999999996
0.175392,0.048299999999999996
0.175396,0.048299999999999996
0.1754,0.0322
0.175404,0.048299999999999996
0.175408,0.048299999999999996
0.175412,0.0322
0.175416,0.048299999999999996
0.17542,0.0322
0.175424,0.0322
0.175428,0.048299999999999996
0.175432,0.0322
0.175436,0.048299999999999996
0.17544,0.0161
0.175444,0.048299999999999996
0.175448,0.048299999999999996
0.175452,0.0322
0.175456,0.048299999999999996
0.17546,0.0322
0.175464,0.0322
0.175468,0.0322
0.175472,0.0322
0.175476,0.0322
0.17548,0.0322
0.175484,0.048299999999999996
0.175488,0.048299999999999996
0.175492,0.0322
0.175496,0.0322
0.1755,0.048299999999999996
0.175504,0.0322
0.175508,0.048299999999999996
0.175512,0.0322
0.175516,0.0322
0.17552,0.0322
0.175524,0.048299999999999996
0.175528,0.0322
0.175532,0.0322
0.175536,0.0322
0.17554,0.048299999999999996
0.175544,0.0322
0.175548,0.048299999999999996
0.175552,0.048299999999999996
0.175556,0.0322
0.17556,0.048299999999999996
0.175564,0.0322
0.175568,0.048299999999999996
0.175572,0.0322
0.175576,0.0322
0.17558,0.0322
0.175584,0.0322
0.175588,0.048299999999999996
0.175592,0.048299999999999996
0.175596,0.048299999999999996
0.1756,0.0322
0.175604,0.048299999999999996
0.175608,0.0322
0.175612,0.048299999999999996
0.175616,0.048299999999999996
0.17562,0.0322
0.175624,0.0322
0.175628,0.048299999999999996
0.175632,0.0322
0.175636,0.0322
0.17564,0.0322
0.175644,0.0322
0.175648,0.048299999999999996
0.175652,0.0322
0.175656,0.0322
0.17566,0.048299999999999996
0.175664,0.0322
0.175668,0.0161
0.175672,0.048299999999999996
0.175676,0.048299999999999996
0.17568,0.048299999999999996
0.175684,0.0322
0.175688,0.0322
0.175692,0.0322
0.175696,0.048299999999999996
0.1757,0.0322
0.175704,0.048299999999999996
0.175708,0.0322
0.175712,0.0322
0.175716,0.048299999999999996
0.17572,0.0322
0.175724,0.048299999999999996
0.175728,0.0322
0.175732,0.048299999999999996
0.175736,0.048299999999999996
0.17574,0.0322
0.175744,0.048299999999999996
0.175748,0.0322
0.175752,0.048299999999999996
0.175756,0.0322
0.17576,0.0322
0.175764,0.0322
0.175768,0.048299999999999996
0.175772,0.048299999999999996
0.175776,0.0322
0.17578,0.0322
0.175784,0.048299999999999996
0.175788,0.0322
0.175792,0.0322
0.175796,0.048299999999999996
0.1758,0.048299999999999996
0.175804,0.0322
0.175808,0.0322
0.175812,0.0322
0.175816,0.0322
0.17582,0.048299999999999996
0.175824,0.0322
0.175828,0.0322
0.175832,0.048299999999999996
0.175836,0.0322
0.17584,0.0322
0.175844,0.0322
0.175848,0.0322
0.175852,0.0322
0.175856,0.048299999999999996
0.17586,0.0322
0.175864,0.0322
0.175868,0.0322
0.175872,0.0322
0.175876,0.0322
0.17588,0.048299999999999996
0.175884,0.0322
0.175888,0.0322
0.175892,0.048299999999999996
0.175896,0.048299999999999996
0.1759,0.048299999999999996
0.175904,0.048299999999999996
0.175908,0.0322
0.175912,0.048299999999999996
0.175916,0.048299999999999996
0.17592,0.0322
0.175924,0.0322
0.175928,0.048299999999999996
0.175932,0.0322
0.175936,0.0322
0.17594,0.048299999999999996
0.175944,0.048299999999999996
0.175948,0.0322
0.175952,0.0322
0.175956,0.048299999999999996
0.17596,0.048299999999999996
0.175964,0.0322
0.175968,0.0322
0.175972,0.0322
0.175976,0.0322
0.17598,0.048299999999999996
0.175984,0.048299999999999996
0.175988,0.0322
0.175992,0.0322
0.175996,0.048299999999999996
0.176,0.048299999999999996
0.176004,0.0322
0.176008,0.048299999999999996
0.176012,0.0322
0.176016,0.0322
0.17602,0.048299999999999996
0.176024,0.0322
0.176028,0.0322
0.176032,0.048299999999999996
0.176036,0.0322
0.17604,0.0322
0.176044,0.048299999999999996
0.176048,0.0322
0.176052,0.0322
0.176056,0.0322
0.17606,0.048299999999999996
0.176064,0.0322
0.176068,0.0322
0.176072,0.048299999999999996
0.176076,0.0322
0.17608,0.048299999999999996
0.176084,0.048299999999999996
0.176088,0.048299999999999996
0.176092,0.0322
0.176096,0.048299999999999996
0.1761,0.0322
0.176104,0.0322
0.176108,0.048299999999999996
0.176112,0.048299999999999996
0.176116,0.0161
0.17612,0.048299999999999996
0.176124,0.0322
0.176128,0.0322
0.176132,0.0322
0.176136,0.0322
0.17614,0.0322
0.176144,0.048299999999999996
0.176148,0.0322
0.176152,0.048299999999999996
0.176156,0.048299999999999996
0.17616,0.048299999999999996
0.176164,0.048299999999999996
0.176168,0.0322
0.176172,0.048299999999999996
0.176176,0.0322
0.17618,0.048299999999999996
0.176184,0.0322
0.176188,0.0322
0.176192,0.048299999999999996
0.176196,0.048299999999999996
0.1762,0.048299999999999996
0.176204,0.0322
0.176208,0.0322
0.176212,0.0322
0.176216,0.048299999999999996
0.17622,0.048299999999999996
0.176224,0.0322
0.176228,0.048299999999999996
0.176232,0.0322
0.176236,0.048299999999999996
0.17624,0.0322
0.176244,0.0322
0.176248,0.048299999999999996
0.176252,0.048299999999999996
0.176256,0.048299999999999996
0.17626,0.0322
0.176264,0.048299999999999996
0.176268,0.048299999999999996
0.176272,0.048299999999999996
0.176276,0.0322
0.17628,0.048299999999999996
0.176284,0.0322
0.176288,0.0322
0.176292,0.0322
0.176296,0.0322
0.1763,0.0644
0.176304,0.048299999999999996
0.176308,0.0322
0.176312,0.0322
0.176316,0.048299999999999996
0.17632,0.048299999999999996
0.176324,0.0322
0.176328,0.048299999999999996
0.176332,0.048299999999999996
0.176336,0.0322
0.17634,0.0322
0.176344,0.0161
0.176348,0.048299999999999996
0.176352,0.0322
0.176356,0.048299999999999996
0.17636,0.048299999999999996
0.176364,0.0322
0.176368,0.0322
0.176372,0.048299999999999996
0.176376,0.048299999999999996
0.17638,0.048299999999999996
0.176384,0.0322
0.176388,0.048299999999999996
0.176392,0.048299999999999996
0.176396,0.048299999999999996
0.1764,0.0322
0.176404,0.0322
0.176408,0.048299999999999996
0.176412,0.048299999999999996
0.176416,0.048299999999999996
0.17642,0.048299999999999996
0.176424,0.048299999999999996
0.176428,0.0322
0.176432,0.048299999999999996
0.176436,0.0322
0.17644,0.0322
0.176444,0.048299999999999996
0.176448,0.0322
0.176452,0.0161
0.176456,0.048299999999999996
0.17646,0.0322
0.176464,0.048299999999999996
0.176468,0.048299999999999996
0.176472,0.0322
0.176476,0.048299999999999996
0.17648,0.048299999999999996
0.176484,0.048299999999999996
0.176488,0.048299999999999996
0.176492,0.0322
0.176496,0.048299999999999996
0.1765,0.048299999999999996
0.176504,0.0161
0.176508,0.0644
0.176512,0.0161
0.176516,0.048299999999999996
0.17652,0.0161
0.176524,0.048299999999999996
0.176528,0.0322
0.176532,0.048299999999999996
0.176536,0.0322
0.17654,0.048299999999999996
0.176544,0.0322
0.176548,0.048299999999999996
0.176552,0.0322
0.176556,0.048299999999999996
0.17656,0.0322
0.176564,0.0322
0.176568,0.048299999999999996
0.176572,0.0322
0.176576,0.0322
0.17658,0.048299999999999996
0.176584,0.0322
0.176588,0.048299999999999996
0.176592,0.0161
0.176596,0.048299999999999996
0.1766,0.0322
0.176604,0.0322
0.176608,0.048299999999999996
0.176612,0.0322
0.176616,0.0322
0.17662,0.0322
0.176624,0.048299999999999996
0.176628,0.0322
0.176632,0.0322
0.176636,0.0322
0.17664,0.048299999999999996
0.176644,0.0322
0.176648,0.0322
0.176652,0.0322
0.176656,0.0322
0.17666,0.048299999999999996
0.176664,0.048299999999999996
0.176668,0.0322
0.176672,0.048299999999999996
0.176676,0.0161
0.17668,0.048299999999999996
0.176684,0.048299999999999996
0.176688,0.0322
0.176692,0.048299999999999996
0.176696,0.048299999999999996
0.1767,0.048299999999999996
0.176704,0.0322
0.176708,0.0322
0.176712,0.048299999999999996
0.176716,0.0322
0.17672,0.0322
0.176724,0.0322
0.176728,0.0322
0.176732,0.048299999999999996
0.176736,0.0322
0.17674,0.0161
0.176744,0.0322
0.176748,0.048299999999999996
0.176752,0.0161
0.176756,0.0322
0.17676,0.048299999999999996
0.176764,0.0322
0.176768,0.048299999999999996
0.176772,0.0322
0.176776,0.0322
0.17678,0.0322
0.176784,0.0322
0.176788,0.0322
0.176792,0.0322
0.176796,0.048299999999999996
0.1768,0.0322
0.176804,0.0322
0.176808,0.048299999999999996
0.176812,0.0322
0.176816,0.048299999999999996
0.17682,0.048299999999999996
0.176824,0.0161
0.176828,0.048299999999999996
0.176832,0.0322
0.176836,0.048299999999999996
0.17684,0.0322
0.176844,0.0322
0.176848,0.0322
0.176852,0.0322
0.176856,0.0322
0.17686,0.0322
0.176864,0.0322
0.176868,0.0322
0.176872,0.048299999999999996
0.176876,0.0322
0.17688,0.0322
0.176884,0.048299999999999996
0.176888,0.0322
0.176892,0.0322
0.176896,0.0644
0.1769,0.0322
0.176904,0.0322
0.176908,0.0322
0.176912,0.0322
0.176916,0.0322
0.17692,0.048299999999999996
0.176924,0.0322
0.176928,0.0322
0.176932,0.0322
0.176936,0.048299999999999996
0.17694,0.0322
0.176944,0.0322
0.176948,0.0322
0.176952,0.0322
0.176956,0.0322
0.17696,0.0322
0.176964,0.0322
0.176968,0.0322
0.176972,0.0322
0.176976,0.0322
0.17698,0.0322
0.176984,0.048299999999999996
0.176988,0.0322
0.176992,0.0322
0.176996,0.0322
0.177,0.0322
0.177004,0.048299999999999996
0.177008,0.0322
0.177012,0.0322
0.177016,0.0322
0.17702,0.0322
0.177024,0.048299999999999996
0.177028,0.0322
0.177032,0.0322
0.177036,0.0322
0.17704,0.0322
0.177044,0.048299999999999996
0.177048,0.0322
0.177052,0.0322
0.177056,0.0322
0.17706,0.0322
0.177064,0.0322
0.177068,0.0161
0.177072,0.0322
0.177076,0.0322
0.17708,0.048299999999999996
0.177084,0.0322
0.177088,0.0322
0.177092,0.0322
0.177096,0.0322
0.1771,0.048299999999999996
0.177104,0.0322
0.177108,0.0322
0.177112,0.0322
0.177116,0.0322
0.17712,0.0322
0.177124,0.0322
0.177128,0.0322
0.177132,0.0322
0.177136,0.0322
0.17714,0.0322
0.177144,0.0322
0.177148,0.0322
0.177152,0.0161
0.177156,0.0322
0.17716,0.0322
0.177164,0.048299999999999996
0.177168,0.0322
0.177172,0.0322
0.177176,0.0322
0.17718,0.0322
0.177184,0.048299999999999996
0.177188,0.0322
0.177192,0.0322
0.177196,0.0322
0.1772,0.048299999999999996
0.177204,0.048299999999999996
0.177208,0.0322
0.177212,0.0322
0.177216,0.0161
0.17722,0.0322
0.177224,0.048299999999999996
0.177228,0.0322
0.177232,0.0322
0.177236,0.0322
0.17724,0.0322
0.177244,0.0322
0.177248,0.0322
0.177252,0.0322
0.177256,0.0322
0.17726,0.048299999999999996
0.177264,0.0322
0.177268,0.0322
0.177272,0.0322
0.177276,0.0322
0.17728,0.0322
0.177284,0.0161
0.177288,0.0322
0.177292,0.0322
0.177296,0.048299999999999996
0.1773,0.0322
0.177304,0.0322
0.177308,0.048299999999999996
0.177312,0.0161
0.177316,0.0322
0.17732,0.048299999999999996
0.177324,0.0161
0.177328,0.0322
0.177332,0.0322
0.177336,0.0322
0.17734,0.048299999999999996
0.177344,0.0161
0.177348,0.048299999999999996
0.177352,0.0322
0.177356,0.0322
0.17736,0.048299999999999996
0.177364,0.0322
0.177368,0.0322
0.177372,0.0322
0.177376,0.0161
0.17738,0.048299999999999996
0.177384,0.0322
0.177388,0.0322
0.177392,0.048299999999999996
0.177396,0.0161
0.1774,0.0322
0.177404,0.0322
0.177408,0.0322
0.177412,0.0322
0.177416,0.048299999999999996
0.17742,0.0161
0.177424,0.0322
0.177428,0.048299999999999996
0.177432,0.0322
0.177436,0.0322
0.17744,0.0322
0.177444,0.0322
0.177448,0.0322
0.177452,0.0322
0.177456,0.0322
0.17746,0.048299999999999996
0.177464,0.0322
0.177468,0.048299999999999996
0.177472,0.0322
0.177476,0.0322
0.17748,0.0322
0.177484,0.0322
0.177488,0.0322
0.177492,0.0322
0.177496,0.0322
0.1775,0.0322
0.177504,0.0322
0.177508,0.0322
0.177512,0.0322
0.177516,0.0322
0.17752,0.0322
0.177524,0.0322
0.177528,0.0161
0.177532,0.0322
0.177536,0.0322
0.17754,0.0322
0.177544,0.0322
0.177548,0.0322
0.177552,0.0322
0.177556,0.0322
0.17756,0.0322
0.177564,0.048299999999999996
0.177568,0.0161
0.177572,0.0322
0.177576,0.048299999999999996
0.17758,0.0322
0.177584,0.0322
0.177588,0.0322
0.177592,0.048299999999999996
0.177596,0.0322
0.1776,0.0322
0.177604,0.048299999999999996
0.177608,0.0322
0.177612,0.0322
0.177616,0.048299999999999996
0.17762,0.0322
0.177624,0.0161
0.177628,0.048299999999999996
0.177632,0.0322
0.177636,0.0322
0.17764,0.048299999999999996
0.177644,0.0322
0.177648,0.0322
0.177652,0.0322
0.177656,0.0322
0.17766,0.0322
0.177664,0.048299999999999996
0.177668,0.048299999999999996
0.177672,0.048299999999999996
0.177676,0.0322
0.17768,0.0322
0.177684,0.0322
0.177688,0.0322
0.177692,0.048299999999999996
0.177696,0.0322
0.1777,0.0322
0.177704,0.0322
0.177708,0.048299999999999996
0.177712,0.0322
0.177716,0.0322
0.17772,0.0322
0.177724,0.048299999999999996
0.177728,0.048299999999999996
0.177732,0.0322
0.177736,0.0322
0.17774,0.0161
0.177744,0.0322
0.177748,0.0322
0.177752,0.0322
0.177756,0.0322
0.17776,0.048299999999999996
0.177764,0.0322
0.177768,0.0322
0.177772,0.0322
0.177776,0.0322
0.17778,0.0322
0.177784,0.0322
0.177788,0.0322
0.177792,0.0322
0.177796,0.0322
0.1778,0.048299999999999996
0.177804,0.0322
0.177808,0.0322
0.177812,0.0322
0.177816,0.0322
0.17782,0.0322
0.177824,0.0322
0.177828,0.0322
0.177832,0.0322
0.177836,0.0322
0.17784,0.048299999999999996
0.177844,0.0322
0.177848,0.048299999999999996
0.177852,0.0322
0.177856,0.0161
0.17786,0.0322
0.177864,0.0322
0.177868,0.0322
0.177872,0.0322
0.177876,0.0322
0.17788,0.048299999999999996
0.177884,0.0161
0.177888,0.0322
0.177892,0.048299999999999996
0.177896,0.0322
0.1779,0.0322
0.177904,0.0322
0.177908,0.0322
0.177912,0.0322
0.177916,0.048299999999999996
0.17792,0.0161
0.177924,0.0322
0.177928,0.0322
0.177932,0.0322
0.177936,0.0322
0.17794,0.0322
0.177944,0.0322
0.177948,0.0322
0.177952,0.0322
0.177956,0.0322
0.17796,0.0322
0.177964,0.048299999999999996
0.177968,0.0322
0.177972,0.048299999999999996
0.177976,0.048299999999999996
0.17798,0.0322
0.177984,0.0322
0.177988,0.0322
0.177992,0.0322
0.177996,0.0322
0.178,0.0322
0.178004,0.0322
0.178008,0.0322
0.178012,0.0322
0.178016,0.0322
0.17802,0.048299999999999996
0.178024,0.0322
0.178028,0.0322
0.178032,0.0322
0.178036,0.0322
0.17804,0.0322
0.178044,0.0322
0.178048,0.0161
0.178052,0.0322
0.178056,0.0322
0.17806,0.0322
0.178064,0.0322
0.178068,0.048299999999999996
0.178072,0.048299999999999996
0.178076,0.0322
0.17808,0.048299999999999996
0.178084,0.048299999999999996
0.178088,0.0322
0.178092,0.0322
0.178096,0.0161
0.1781,0.0161
0.178104,0.0322
0.178108,0.0161
0.178112,0.0322
0.178116,0.0161
0.17812,0.048299999999999996
0.178124,0.0322
0.178128,0.0322
0.178132,0.048299999999999996
0.178136,0.0322
0.17814,0.0322
0.178144,0.0322
0.178148,0.0322
0.178152,0.0322
0.178156,0.0161
0.17816,0.048299999999999996
0.178164,0.0322
0.178168,0.0322
0.178172,0.048299999999999996
0.178176,0.0322
0.17818,0.0322
0.178184,0.0322
0.178188,0.0322
0.178192,0.0322
0.178196,0.0322
0.1782,0.0322
0.178204,0.0161
0.178208,0.0322
0.178212,0.0322
0.178216,0.048299999999999996
0.17822,0.0322
0.178224,0.0322
0.178228,0.0322
0.178232,0.048299999999999996
0.178236,0.0322
0.17824,0.0322
0.178244,0.0322
0.178248,0.0161
0.178252,0.048299999999999996
0.178256,0.0322
0.17826,0.0161
0.178264,0.0322
0.178268,0.048299999999999996
0.178272,0.048299999999999996
0.178276,0.0322
0.17828,0.0161
0.178284,0.048299999999999996
0.178288,0.048299999999999996
0.178292,0.0322
0.178296,0.048299999999999996
0.1783,0.0322
0.178304,0.0322
0.178308,0.0322
0.178312,0.0322
0.178316,0.0322
0.17832,0.048299999999999996
0.178324,0.0322
0.178328,0.0322
0.178332,0.0322
0.178336,0.0322
0.17834,0.0322
0.178344,0.0322
0.178348,0.0322
0.178352,0.0322
0.178356,0.0322
0.17836,0.0322
0.178364,0.0161
0.178368,0.0322
0.178372,0.0322
0.178376,0.0161
0.17838,0.0322
0.178384,0.0161
0.178388,0.048299999999999996
0.178392,0.048299999999999996
0.178396,0.0322
0.1784,0.0322
0.178404,0.0322
0.178408,0.0322
0.178412,0.0322
0.178416,0.048299999999999996
0.17842,0.0322
0.178424,0.0322
0.178428,0.0322
0.178432,0.0322
0.178436,0.048299999999999996
0.17844,0.0161
0.178444,0.0322
0.178448,0.0322
0.178452,0.0322
0.178456,0.0322
0.17846,0.0322
0.178464,0.0322
0.178468,0.0322
0.178472,0.0322
0.178476,0.0322
0.17848,0.0322
0.178484,0.0322
0.178488,0.0322
0.178492,0.0322
0.178496,0.0322
0.1785,0.048299999999999996
0.178504,0.0322
0.178508,0.0322
0.178512,0.048299999999999996
0.178516,0.0161
0.17852,0.0322
0.178524,0.0322
0.178528,0.0322
0.178532,0.0322
0.178536,0.0322
0.17854,0.0322
0.178544,0.0322
0.178548,0.0322
0.178552,0.0322
0.178556,0.048299999999999996
0.17856,0.0161
0.178564,0.048299999999999996
0.178568,0.0322
0.178572,0.0322
0.178576,0.048299999999999996
0.17858,0.0322
0.178584,0.0322
0.178588,0.0322
0.178592,0.0322
0.178596,0.048299999999999996
0.1786,0.0322
0.178604,0.0322
0.178608,0.0322
0.178612,0.0322
0.178616,0.0161
0.17862,0.0161
0.178624,0.0322
0.178628,0.0322
0.178632,0.0322
0.178636,0.0322
0.17864,0.0322
0.178644,0.0322
0.178648,0.0322
0.178652,0.0322
0.178656,0.0161
0.17866,0.048299999999999996
0.178664,0.0161
0.178668,0.048299999999999996
0.178672,0.0322
0.178676,0.0322
0.17868,0.0322
0.178684,0.048299999999999996
0.178688,0.0161
0.178692,0.0322
0.178696,0.048299999999999996
0.1787,0.0161
0.178704,0.0322
0.178708,0.0322
0.178712,0.0322
0.178716,0.0161
0.17872,0.0322
0.178724,0.0322
0.178728,0.0322
0.178732,0.048299999999999996
0.178736,0.0322
0.17874,0.0322
0.178744,0.048299999999999996
0.178748,0.0322
0.178752,0.0322
0.178756,0.0322
0.17876,0.0322
0.178764,0.0322
0.178768,0.0322
0.178772,0.0322
0.178776,0.0161
0.17878,0.0322
0.178784,0.048299999999999996
0.178788,0.0322
0.178792,0.0322
0.178796,0.048299999999999996
0.1788,0.0322
0.178804,0.0322
0.178808,0.0322
0.178812,0.0322
0.178816,0.0322
0.17882,0.0322
0.178824,0.0322
0.178828,0.0322
0.178832,0.0322
0.178836,0.0322
0.17884,0.0322
0.178844,0.0322
0.178848,0.048299999999999996
0.178852,0.0161
0.178856,0.0161
0.17886,0.048299999999999996
0.178864,0.0322
0.178868,0.0322
0.178872,0.0322
0.178876,0.0161
0.17888,0.0161
0.178884,0.0322
0.178888,0.0322
0.178892,0.048299999999999996
0.178896,0.0322
0.1789,0.0322
0.178904,0.0322
0.178908,0.0322
0.178912,0.0322
0.178916,0.048299999999999996
0.17892,0.0322
0.178924,0.0322
0.178928,0.0322
0.178932,0.0322
0.178936,0.0322
0.17894,0.0161
0.178944,0.0322
0.178948,0.0322
0.178952,0.0322
0.178956,0.0322
0.17896,0.0322
0.178964,0.0322
0.178968,0.0322
0.178972,0.0322
0.178976,0.0322
0.17898,0.0322
0.178984,0.0322
0.178988,0.0322
0.178992,0.0322
0.178996,0.0322
0.179,0.048299999999999996
0.179004,0.0322
0.179008,0.0322
0.179012,0.048299999999999996
0.179016,0.0322
0.17902,0.0322
0.179024,0.0161
0.179028,0.048299999999999996
0.179032,0.0322
0.179036,0.0322
0.17904,0.048299999999999996
0.179044,0.0161
0.179048,0.0322
0.179052,0.0322
0.179056,0.0161
0.17906,0.0322
0.179064,0.048299999999999996
0.179068,0.0322
0.179072,0.0322
0.179076,0.0322
0.17908,0.048299999999999996
0.179084,0.0322
0.179088,0.0322
0.179092,0.0322
0.179096,0.0322
0.1791,0.0322
0.179104,0.0322
0.179108,0.0161
0.179112,0.0322
0.179116,0.0322
0.17912,0.0322
0.179124,0.0322
0.179128,0.0322
0.179132,0.0322
0.179136,0.0322
0.17914,0.048299999999999996
0.179144,0.0161
0.179148,0.0322
0.179152,0.0322
0.179156,0.0322
0.17916,0.048299999999999996
0.179164,0.0161
0.179168,0.0322
0.179172,0.0322
0.179176,0.048299999999999996
0.17918,0.0322
0.179184,0.0161
0.179188,0.048299999999999996
0.179192,0.0322
0.179196,0.048299999999999996
0.1792,0.0322
0.179204,0.0322
0.179208,0.048299999999999996
0.179212,0.0322
0.179216,0.0322
0.17922,0.0322
0.179224,0.0322
0.179228,0.048299999999999996
0.179232,0.0322
0.179236,0.0322
0.17924,0.0322
0.179244,0.0322
0.179248,0.0322
0.179252,0.0322
0.179256,0.048299999999999996
0.17926,0.0322
0.179264,0.0322
0.179268,0.0322
0.179272,0.0322
0.179276,0.0322
0.17928,0.0161
0.179284,0.048299999999999996
0.179288,0.0322
0.179292,0.0322
0.179296,0.0322
0.1793,0.0322
0.179304,0.0322
0.179308,0.0322
0.179312,0.0161
0.179316,0.0322
0.17932,0.0322
0.179324,0.0322
0.179328,0.0322
0.179332,0.0161
0.179336,0.048299999999999996
0.17934,0.0322
0.179344,0.0322
0.179348,0.0161
0.179352,0.048299999999999996
0.179356,0.0322
0.17936,0.0322
0.179364,0.0322
0.179368,0.048299999999999996
0.179372,0.0322
0.179376,0.0322
0.17938,0.0322
0.179384,0.0322
0.179388,0.0161
0.179392,0.0322
0.179396,0.048299999999999996
0.1794,0.0322
0.179404,0.0322
0.179408,0.0161
0.179412,0.0322
0.179416,0.0322
0.17942,0.048299999999999996
0.179424,0.0322
0.179428,0.0322
0.179432,0.0322
0.179436,0.048299999999999996
0.17944,0.0322
0.179444,0.0322
0.179448,0.0161
0.179452,0.0322
0.179456,0.0322
0.17946,0.0161
0.179464,0.0322
0.179468,0.0322
0.179472,0.048299999999999996
0.179476,0.0322
0.17948,0.0322
0.179484,0.0322
0.179488,0.0322
0.179492,0.048299999999999996
0.179496,0.0322
0.1795,0.0322
0.179504,0.0322
0.179508,0.0322
0.179512,0.048299999999999996
0.179516,0.0322
0.17952,0.0322
0.179524,0.0322
0.179528,0.0322
0.179532,0.0322
0.179536,0.048299999999999996
0.17954,0.0161
0.179544,0.048299999999999996
0.179548,0.0161
0.179552,0.0805
0.179556,-0.0161
0.17956,0.048299999999999996
0.179564,0.0161
0.179568,0.0322
0.179572,0.048299999999999996
0.179576,0.0161
0.17958,0.0322
0.179584,0.0322
0.179588,0.0161
0.179592,0.048299999999999996
0.179596,0.0161
0.1796,0.048299999999999996
0.179604,0.0322
0.179608,0.0161
0.179612,0.048299999999999996
0.179616,0.0161
0.17962,0.0322
0.179624,0.0161
0.179628,0.0322
0.179632,0.0322
0.179636,0.0322
0.17964,0.0161
0.179644,0.0322
0.179648,0.0161
0.179652,0.0322
0.179656,0.0322
0.17966,0.048299999999999996
0.179664,0.0161
0.179668,0.0322
0.179672,0.048299999999999996
0.179676,0.0322
0.17968,0.0322
0.179684,0.0322
0.179688,0.0322
0.179692,0.0322
0.179696,0.0322
0.1797,0.0322
0.179704,0.0161
0.179708,0.048299999999999996
0.179712,0.0322
0.179716,0.0322
0.17972,0.0322
0.179724,0.0161
0.179728,0.0161
0.179732,0.0322
0.179736,0.0322
0.17974,0.0322
0.179744,0.0322
0.179748,0.0322
0.179752,0.0322
0.179756,0.0161
0.17976,0.0322
0.179764,0.0322
0.179768,0.0161
0.179772,0.0322
0.179776,0.0322
0.17978,0.0161
0.179784,0.0161
0.179788,0.0322
0.179792,0.0322
0.179796,0.0322
0.1798,0.0322
0.179804,0.0322
0.179808,0.0161
0.179812,0.0322
0.179816,0.0322
0.17982,0.0161
0.179824,0.0322
0.179828,0.0322
0.179832,0.0322
0.179836,0.0322
0.17984,0.0161
0.179844,0.0322
0.179848,0.048299999999999996
0.179852,0.0161
0.179856,0.0322
0.17986,0.0322
0.179864,0.0161
0.179868,0.0322
0.179872,0.0161
0.179876,0.0322
0.17988,0.0322
0.179884,0.0161
0.179888,0.0161
0.179892,0.0322
0.179896,0.0161
0.1799,0.0322
0.179904,0.0322
0.179908,0.0161
0.179912,0.0161
0.179916,0.0322
0.17992,0.0161
0.179924,0.0322
0.179928,0.0161
0.179932,0.0322
0.179936,0.0322
0.17994,0.0322
0.179944,0.048299999999999996
0.179948,0.0161
0.179952,0.0322
0.179956,0.0322
0.17996,0.0322
0.179964,0.0161
0.179968,0.0322
0.179972,0.0322
0.179976,0.0161
0.17998,0.0322
0.179984,0.0322
0.179988,0.0161
0.179992,0.048299999999999996
0.179996,0.0322
