time,signal
0.0,-2.49856
4e-06,2.49734
8e-06,-0.00122
1.2e-05,0.0
1.6e-05,0.0
2e-05,0.0
2.4e-05,0.0
2.8e-05,0.0
3.2e-05,0.0
3.6e-05,0.0
4e-05,0.0
4.4e-05,0.0
4.8e-05,-0.00122
5.2e-05,-0.00122
5.6e-05,0.0
6e-05,-0.00122
6.4e-05,0.0
6.8e-05,0.0
7.2e-05,0.0
7.6e-05,0.0
8e-05,-0.00122
8.4e-05,-0.00122
8.8e-05,0.0
9.2e-05,-0.00122
9.6e-05,0.0
0.0001,0.0
0.000104,-0.00122
0.000108,-0.00122
0.000112,0.0
0.000116,-0.00122
0.00012,-0.00122
0.000124,-0.00122
0.000128,-0.00122
0.000132,-0.00122
0.000136,-0.00122
0.00014,0.0
0.000144,0.0
0.000148,-0.00122
0.000152,0.0
0.000156,-0.00122
0.00016,-0.00366
0.000164,-0.24766
0.000168,0.01098
0.000172,0.00976
0.000176,-0.00122
0.00018,-0.00122
0.000184,-0.00122
0.000188,-0.00122
0.000192,-0.00122
0.000196,0.0
0.0002,-0.00244
0.000204,-0.00122
0.000208,0.0
0.000212,-0.00122
0.000216,-0.00122
0.00022,-0.00122
0.000224,-0.00122
0.000228,-0.00122
0.000232,-0.00122
0.000236,-0.00122
0.00024,-0.00122
0.000244,-0.00122
0.000248,-0.00122
0.000252,-0.00244
0.000256,-0.00122
0.00026,-0.00122
0.000264,-0.00122
0.000268,-0.00122
0.000272,-0.00122
0.000276,-0.00122
0.00028,-0.00122
0.000284,-0.00122
0.000288,-0.00122
0.000292,-0.00244
0.000296,-0.00122
0.0003,-0.00122
0.000304,-0.00122
0.000308,-0.00122
0.000312,-0.00244
0.000316,-0.00122
0.00032,-0.00122
0.000324,-0.00122
0.000328,-0.00244
0.000332,-0.00244
0.000336,-0.00122
0.00034,-0.00122
0.000344,-0.00122
0.000348,-0.00122
0.000352,-0.00122
0.000356,-0.00122
0.00036,-0.00122
0.000364,-0.00122
0.000368,-0.00122
0.000372,-0.00122
0.000376,-0.00122
0.00038,-0.00244
0.000384,-0.00244
0.000388,-0.00122
0.000392,-0.00122
0.000396,-0.00244
0.0004,-0.00122
0.000404,-0.00122
0.000408,-0.00122
0.000412,-0.00122
0.000416,-0.00122
0.00042,-0.00122
0.000424,-0.00244
0.000428,-0.00244
0.000432,-0.00244
0.000436,-0.00122
0.00044,-0.00122
0.000444,-0.00122
0.000448,-0.00244
0.000452,-0.00122
0.000456,-0.00122
0.00046,-0.00122
0.000464,-0.00122
0.000468,-0.00122
0.000472,-0.00122
0.000476,-0.00122
0.00048,-0.00122
0.000484,-0.00122
0.000488,-0.00122
0.000492,-0.00122
0.000496,-0.00122
0.0005,-0.00122
0.000504,-0.00244
0.000508,-0.00122
0.000512,-0.00122
0.000516,-0.00122
0.00052,-0.00122
0.000524,-0.00122
0.000528,-0.00244
0.000532,-0.00122
0.000536,-0.00122
0.00054,-0.00122
0.000544,-0.00122
0.000548,-0.00122
0.000552,-0.00122
0.000556,-0.00122
0.00056,-0.00122
0.000564,-0.00122
0.000568,-0.00122
0.000572,-0.00122
0.000576,-0.00122
0.00058,-0.00122
0.000584,-0.00122
0.000588,-0.00122
0.000592,-0.00122
0.000596,-0.00122
0.0006,-0.00122
0.000604,-0.00122
0.000608,-0.00122
0.000612,-0.00122
0.000616,-0.00122
0.00062,-0.00122
0.000624,-0.00244
0.000628,-0.00122
0.000632,-0.00122
0.000636,-0.00122
0.00064,-0.00122
0.000644,-0.00122
0.000648,-0.00122
0.000652,-0.00122
0.000656,-0.00122
0.00066,-0.00122
0.000664,-0.00122
0.000668,-0.00122
0.000672,-0.00122
0.000676,-0.00122
0.00068,-0.00122
0.000684,-0.00122
0.000688,0.0
0.000692,-0.00122
0.000696,-0.00122
0.0007,-0.00122
0.000704,-0.00122
0.000708,-0.00122
0.000712,-0.00122
0.000716,-0.00122
0.00072,-0.00122
0.000724,-0.00122
0.000728,-0.00122
0.000732,-0.00122
0.000736,-0.00122
0.00074,-0.00122
0.000744,-0.00122
0.000748,-0.00122
0.000752,-0.00122
0.000756,-0.00122
0.00076,-0.00122
0.000764,-0.00122
0.000768,-0.00122
0.000772,-0.00122
0.000776,-0.00122
0.00078,-0.00122
0.000784,-0.00122
0.000788,-0.00122
0.000792,-0.00122
0.000796,-0.00122
0.0008,-0.00122
0.000804,-0.00122
0.000808,-0.00122
0.000812,-0.00122
0.000816,-0.00122
0.00082,-0.00122
0.000824,-0.00122
0.000828,-0.00122
0.000832,-0.00122
0.000836,-0.00122
0.00084,-0.00122
0.000844,-0.00122
0.000848,-0.00122
0.000852,-0.00122
0.000856,-0.00122
0.00086,-0.00122
0.000864,-0.00122
0.000868,-0.00122
0.000872,-0.00122
0.000876,-0.00122
0.00088,-0.00122
0.000884,-0.00122
0.000888,-0.00122
0.000892,-0.00122
0.000896,-0.00122
0.0009,-0.00122
0.000904,0.0
0.000908,-0.00122
0.000912,-0.00122
0.000916,-0.00122
0.00092,-0.00122
0.000924,-0.00122
0.000928,-0.00122
0.000932,-0.00122
0.000936,-0.00122
0.00094,0.0
0.000944,-0.00122
0.000948,-0.00122
0.000952,-0.00122
0.000956,0.0
0.00096,-0.00122
0.000964,-0.00122
0.000968,0.0
0.000972,-0.00122
0.000976,-0.00122
0.00098,-0.00122
0.000984,-0.00122
0.000988,-0.00122
0.000992,-0.00122
0.000996,-0.00122
0.001,-0.00122
0.001004,-0.00122
0.001008,-0.00122
0.001012,-0.00122
0.001016,-0.00122
0.00102,-0.00122
0.001024,-0.00122
0.001028,-0.00122
0.001032,-0.00122
0.001036,-0.00122
0.00104,-0.00122
0.001044,-0.00122
0.001048,-0.00122
0.001052,-0.00122
0.001056,-0.00122
0.00106,-0.00122
0.001064,-0.00122
0.001068,-0.00122
0.001072,-0.00122
0.001076,-0.00122
0.00108,-0.00122
0.001084,-0.00122
0.001088,-0.00122
0.001092,-0.00122
0.001096,-0.00122
0.0011,-0.00122
0.001104,-0.00122
0.001108,-0.00122
0.001112,-0.00122
0.001116,-0.00122
0.00112,-0.00122
0.001124,-0.00122
0.001128,-0.00122
0.001132,-0.00122
0.001136,-0.00122
0.00114,-0.00122
0.001144,-0.00122
0.001148,-0.00122
0.001152,-0.00122
0.001156,0.0
0.00116,0.0
0.001164,-0.00122
0.001168,-0.00122
0.001172,-0.00122
0.001176,-0.00122
0.00118,-0.00122
0.001184,-0.00122
0.001188,-0.00122
0.001192,-0.00122
0.001196,-0.00122
0.0012,-0.00122
0.001204,-0.00122
0.001208,-0.00122
0.001212,-0.00122
0.001216,-0.00122
0.00122,-0.00122
0.001224,-0.00122
0.001228,-0.00122
0.001232,-0.00122
0.001236,-0.00122
0.00124,0.0
0.001244,-0.00122
0.001248,0.0
0.001252,-0.00122
0.001256,-0.00122
0.00126,-0.00122
0.001264,-0.00122
0.001268,-0.00122
0.001272,-0.00122
0.001276,0.0
0.00128,0.0
0.001284,-0.00122
0.001288,-0.00122
0.001292,-0.00122
0.001296,-0.00122
0.0013,0.0
0.001304,-0.00122
0.001308,0.0
0.001312,-0.00122
0.001316,-0.00122
0.00132,-0.00122
0.001324,-0.00122
0.001328,0.0
0.001332,0.0
0.001336,0.0
0.00134,0.0
0.001344,0.0
0.001348,0.0
0.001352,0.0
0.001356,-0.00122
0.00136,0.0
0.001364,-0.00122
0.001368,-0.00122
0.001372,-0.00122
0.001376,0.0
0.00138,-0.00122
0.001384,-0.00122
0.001388,-0.00122
0.001392,-0.00122
0.001396,-0.00122
0.0014,-0.00122
0.001404,-0.00122
0.001408,-0.00122
0.001412,-0.00122
0.001416,-0.00122
0.00142,0.0
0.001424,0.0
0.001428,-0.00122
0.001432,-0.00122
0.001436,0.0
0.00144,0.0
0.001444,0.0
0.001448,-0.00122
0.001452,-0.00122
0.001456,-0.00122
0.00146,0.0
0.001464,-0.00122
0.001468,0.0
0.001472,0.0
0.001476,0.0
0.00148,0.0
0.001484,0.0
0.001488,0.0
0.001492,0.0
0.001496,-0.00122
0.0015,-0.00122
0.001504,0.0
0.001508,0.0
0.001512,0.0
0.001516,0.0
0.00152,0.0
0.001524,-0.00122
0.001528,-0.00122
0.001532,-0.00122
0.001536,-0.00122
0.00154,0.0
0.001544,0.0
0.001548,0.0
0.001552,0.0
0.001556,0.0
0.00156,0.0
0.001564,0.0
0.001568,0.0
0.001572,0.0
0.001576,-0.00122
0.00158,0.00122
0.001584,0.0
0.001588,0.0
0.001592,0.0
0.001596,0.0
0.0016,0.0
0.001604,0.0
0.001608,0.0
0.001612,0.0
0.001616,0.0
0.00162,0.0
0.001624,0.0
0.001628,0.0
0.001632,0.0
0.001636,0.0
0.00164,0.0
0.001644,0.0
0.001648,0.0
0.001652,0.00122
0.001656,0.0
0.00166,0.0
0.001664,0.0
0.001668,0.0
0.001672,0.0
0.001676,0.0
0.00168,0.0
0.001684,0.0
0.001688,0.0
0.001692,0.0
0.001696,0.0
0.0017,-0.00122
0.001704,0.0
0.001708,0.00122
0.001712,0.0
0.001716,0.0
0.00172,0.00122
0.001724,0.0
0.001728,0.00122
0.001732,0.00122
0.001736,0.0
0.00174,0.0
0.001744,0.0
0.001748,0.00122
0.001752,0.0
0.001756,0.0
0.00176,0.00122
0.001764,0.00122
0.001768,0.00122
0.001772,-0.00122
0.001776,0.0
0.00178,0.0
0.001784,0.0
0.001788,0.0
0.001792,0.0
0.001796,0.0
0.0018,0.0
0.001804,0.00122
0.001808,0.00122
0.001812,0.0
0.001816,0.0
0.00182,0.0
0.001824,0.00122
0.001828,0.00122
0.001832,0.0
0.001836,0.00122
0.00184,0.00122
0.001844,0.00122
0.001848,0.0
0.001852,0.00122
0.001856,0.0
0.00186,0.0
0.001864,0.00122
0.001868,0.0
0.001872,0.00122
0.001876,0.00122
0.00188,0.0
0.001884,0.00122
0.001888,0.0
0.001892,0.0
0.001896,0.00122
0.0019,0.00122
0.001904,0.00122
0.001908,0.0
0.001912,0.00122
0.001916,0.0
0.00192,0.00122
0.001924,0.0
0.001928,0.0
0.001932,0.00122
0.001936,0.0
0.00194,0.00122
0.001944,0.0
0.001948,0.00122
0.001952,0.0
0.001956,0.00122
0.00196,0.0
0.001964,0.0
0.001968,0.00122
0.001972,0.00122
0.001976,0.00122
0.00198,0.00122
0.001984,0.0
0.001988,0.0
0.001992,0.0
0.001996,0.00122
0.002,0.00122
0.002004,0.00122
0.002008,0.0
0.002012,0.00122
0.002016,0.0
0.00202,0.0
0.002024,0.00122
0.002028,0.00122
0.002032,0.00122
0.002036,0.00122
0.00204,0.0
0.002044,0.00122
0.002048,0.0
0.002052,0.0
0.002056,0.0
0.00206,0.00122
0.002064,0.0
0.002068,0.00122
0.002072,0.00122
0.002076,0.0
0.00208,0.0
0.002084,0.00122
0.002088,0.00122
0.002092,0.00122
0.002096,0.0
0.0021,0.0
0.002104,0.0
0.002108,0.0
0.002112,0.0
0.002116,0.00122
0.00212,0.00122
0.002124,0.00122
0.002128,-0.00122
0.002132,0.0
0.002136,0.0
0.00214,0.0
0.002144,0.0
0.002148,0.00122
0.002152,0.00122
0.002156,0.0
0.00216,0.0
0.002164,0.00122
0.002168,0.0
0.002172,0.00122
0.002176,0.0
0.00218,0.00122
0.002184,0.0
0.002188,0.0
0.002192,0.00122
0.002196,0.00122
0.0022,0.0
0.002204,0.0
0.002208,0.0
0.002212,0.0
0.002216,0.0
0.00222,0.00122
0.002224,0.0
0.002228,0.0
0.002232,0.0
0.002236,0.0
0.00224,0.00122
0.002244,0.0
0.002248,0.0
0.002252,0.0
0.002256,0.0
0.00226,0.00122
0.002264,0.0
0.002268,0.0
0.002272,0.00122
0.002276,0.0
0.00228,0.00122
0.002284,0.0
0.002288,0.0
0.002292,0.00122
0.002296,0.0
0.0023,0.0
0.002304,0.0
0.002308,0.0
0.002312,0.00122
0.002316,0.0
0.00232,0.0
0.002324,0.0
0.002328,0.0
0.002332,0.0
0.002336,0.00122
0.00234,0.0
0.002344,0.0
0.002348,0.00122
0.002352,0.0
0.002356,0.0
0.00236,0.0
0.002364,0.0
0.002368,-0.00122
0.002372,0.0
0.002376,-0.00122
0.00238,0.0
0.002384,0.0
0.002388,0.0
0.002392,0.0
0.002396,0.0
0.0024,0.0
0.002404,0.0
0.002408,0.0
0.002412,0.0
0.002416,-0.00122
0.00242,-0.00122
0.002424,0.0
0.002428,0.0
0.002432,0.0
0.002436,0.0
0.00244,0.0
0.002444,0.0
0.002448,0.0
0.002452,-0.00122
0.002456,-0.00122
0.00246,-0.00122
0.002464,-0.00122
0.002468,0.0
0.002472,0.0
0.002476,0.0
0.00248,0.0
0.002484,-0.00122
0.002488,0.0
0.002492,0.0
0.002496,-0.00122
0.0025,0.0
0.002504,0.0
0.002508,0.0
0.002512,0.0
0.002516,0.0
0.00252,-0.00122
0.002524,0.0
0.002528,0.00122
0.002532,-0.00122
0.002536,0.00122
0.00254,0.0
0.002544,0.0
0.002548,0.0
0.002552,0.0
0.002556,0.0
0.00256,-0.00122
0.002564,0.0
0.002568,-0.00122
0.002572,0.0
0.002576,0.0
0.00258,0.0
0.002584,0.0
0.002588,0.0
0.002592,0.0
0.002596,0.0
0.0026,0.0
0.002604,0.0
0.002608,-0.00122
0.002612,-0.00122
0.002616,-0.00122
0.00262,-0.00122
0.002624,0.0
0.002628,-0.00122
0.002632,-0.00122
0.002636,0.0
0.00264,0.0
0.002644,0.0
0.002648,0.0
0.002652,0.0
0.002656,0.0
0.00266,0.0
0.002664,-0.00122
0.002668,-0.00122
0.002672,0.0
0.002676,-0.00122
0.00268,-0.00122
0.002684,0.0
0.002688,-0.00122
0.002692,0.0
0.002696,0.0
0.0027,-0.00122
0.002704,-0.00122
0.002708,-0.00122
0.002712,0.0
0.002716,-0.00122
0.00272,-0.00122
0.002724,-0.00122
0.002728,-0.00122
0.002732,0.0
0.002736,0.0
0.00274,0.0
0.002744,-0.00122
0.002748,0.0
0.002752,-0.00122
0.002756,-0.00122
0.00276,-0.00122
0.002764,-0.00122
0.002768,-0.00122
0.002772,-0.00122
0.002776,0.0
0.00278,0.0
0.002784,0.0
0.002788,0.0
0.002792,-0.00122
0.002796,-0.00122
0.0028,-0.00122
0.002804,0.0
0.002808,-0.00122
0.002812,-0.00122
0.002816,-0.00122
0.00282,-0.00122
0.002824,-0.00122
0.002828,0.0
0.002832,-0.00122
0.002836,-0.00122
0.00284,-0.00122
0.002844,0.0
0.002848,-0.00122
0.002852,-0.00122
0.002856,-0.00122
0.00286,0.0
0.002864,0.0
0.002868,-0.00122
0.002872,-0.00122
0.002876,-0.00122
0.00288,-0.00122
0.002884,-0.00122
0.002888,0.0
0.002892,-0.00122
0.002896,-0.00122
0.0029,-0.00122
0.002904,-0.00122
0.002908,-0.00122
0.002912,-0.00122
0.002916,-0.00122
0.00292,-0.00122
0.002924,-0.00122
0.002928,-0.00122
0.002932,-0.00122
0.002936,-0.00122
0.00294,-0.00122
0.002944,0.0
0.002948,-0.00122
0.002952,-0.00122
0.002956,-0.00122
0.00296,-0.00122
0.002964,-0.00122
0.002968,-0.00122
0.002972,-0.00122
0.002976,-0.00122
0.00298,-0.00122
0.002984,-0.00122
0.002988,-0.00122
0.002992,-0.00122
0.002996,-0.00122
0.003,-0.00122
0.003004,-0.00122
0.003008,-0.00122
0.003012,-0.00122
0.003016,-0.00122
0.00302,-0.00122
0.003024,-0.00122
0.003028,-0.00122
0.003032,-0.00122
0.003036,-0.00122
0.00304,-0.00122
0.003044,-0.00122
0.003048,-0.00122
0.003052,-0.00122
0.003056,-0.00122
0.00306,0.0
0.003064,-0.00122
0.003068,-0.00122
0.003072,-0.00122
0.003076,-0.00122
0.00308,-0.00122
0.003084,-0.00122
0.003088,-0.00122
0.003092,-0.00122
0.003096,-0.00122
0.0031,-0.00122
0.003104,-0.00122
0.003108,-0.00122
0.003112,-0.00122
0.003116,-0.00122
0.00312,-0.00122
0.003124,-0.00122
0.003128,-0.00244
0.003132,-0.00122
0.003136,-0.00122
0.00314,-0.00122
0.003144,-0.00122
0.003148,-0.00122
0.003152,-0.00122
0.003156,-0.00122
0.00316,-0.00122
0.003164,-0.00122
0.003168,-0.00122
0.003172,-0.00122
0.003176,-0.00122
0.00318,-0.00122
0.003184,-0.00244
0.003188,-0.00244
0.003192,-0.00244
0.003196,-0.00122
0.0032,-0.00244
0.003204,-0.00122
0.003208,-0.00122
0.003212,-0.00122
0.003216,-0.00244
0.00322,-0.00122
0.003224,-0.00122
0.003228,-0.00122
0.003232,-0.00244
0.003236,-0.00122
0.00324,-0.00122
0.003244,-0.00122
0.003248,-0.00122
0.003252,-0.00122
0.003256,-0.00122
0.00326,-0.00122
0.003264,-0.00122
0.003268,-0.00122
0.003272,-0.00122
0.003276,-0.00122
0.00328,-0.00122
0.003284,-0.00122
0.003288,-0.00122
0.003292,-0.00122
0.003296,-0.00122
0.0033,-0.00122
0.003304,-0.00122
0.003308,-0.00122
0.003312,-0.00122
0.003316,-0.00244
0.00332,-0.00244
0.003324,-0.00122
0.003328,-0.00122
0.003332,-0.00244
0.003336,-0.00122
0.00334,-0.00122
0.003344,-0.00122
0.003348,-0.00122
0.003352,-0.00244
0.003356,-0.00122
0.00336,-0.00122
0.003364,-0.00122
0.003368,-0.00122
0.003372,-0.00122
0.003376,-0.00122
0.00338,-0.00122
0.003384,-0.00122
0.003388,-0.00122
0.003392,-0.00122
0.003396,-0.00122
0.0034,-0.00122
0.003404,-0.00122
0.003408,-0.00122
0.003412,-0.00122
0.003416,-0.00122
0.00342,-0.00122
0.003424,-0.00122
0.003428,-0.00122
0.003432,-0.00122
0.003436,-0.00122
0.00344,-0.00122
0.003444,-0.00122
0.003448,-0.00122
0.003452,-0.00122
0.003456,-0.00122
0.00346,-0.00122
0.003464,-0.00122
0.003468,-0.00122
0.003472,-0.00122
0.003476,-0.00122
0.00348,-0.00122
0.003484,-0.00122
0.003488,-0.00122
0.003492,-0.00122
0.003496,-0.00122
0.0035,-0.00122
0.003504,-0.00122
0.003508,-0.00122
0.003512,-0.00122
0.003516,-0.00122
0.00352,-0.00244
0.003524,-0.00122
0.003528,-0.00122
0.003532,-0.00122
0.003536,-0.00122
0.00354,-0.00122
0.003544,-0.00122
0.003548,-0.00122
0.003552,-0.00122
0.003556,-0.00244
0.00356,-0.00122
0.003564,-0.00244
0.003568,-0.00122
0.003572,-0.00122
0.003576,-0.00122
0.00358,-0.00122
0.003584,-0.00122
0.003588,-0.00122
0.003592,-0.00122
0.003596,-0.00122
0.0036,-0.00122
0.003604,-0.00122
0.003608,-0.00122
0.003612,-0.00122
0.003616,-0.00122
0.00362,-0.00122
0.003624,-0.00122
0.003628,-0.00122
0.003632,-0.00122
0.003636,-0.00122
0.00364,-0.00122
0.003644,-0.00122
0.003648,0.0
0.003652,-0.00122
0.003656,-0.00122
0.00366,-0.00122
0.003664,-0.00122
0.003668,-0.00122
0.003672,-0.00122
0.003676,-0.00122
0.00368,-0.00122
0.003684,-0.00122
0.003688,-0.00122
0.003692,-0.00122
0.003696,0.0
0.0037,-0.00122
0.003704,-0.00122
0.003708,-0.00122
0.003712,-0.00122
0.003716,-0.00122
0.00372,-0.00122
0.003724,-0.00122
0.003728,-0.00122
0.003732,-0.00122
0.003736,-0.00122
0.00374,-0.00122
0.003744,0.0
0.003748,-0.00122
0.003752,-0.00122
0.003756,-0.00122
0.00376,-0.00122
0.003764,-0.00122
0.003768,-0.00122
0.003772,-0.00122
0.003776,-0.00122
0.00378,-0.00122
0.003784,-0.00122
0.003788,-0.00122
0.003792,-0.00122
0.003796,-0.00122
0.0038,-0.00122
0.003804,-0.00122
0.003808,-0.00122
0.003812,-0.00122
0.003816,-0.00122
0.00382,0.00122
0.003824,-0.00122
0.003828,-0.00122
0.003832,-0.00122
0.003836,-0.00122
0.00384,0.0
0.003844,0.0
0.003848,0.0
0.003852,-0.00122
0.003856,-0.00122
0.00386,-0.00122
0.003864,-0.00122
0.003868,-0.00122
0.003872,-0.00122
0.003876,-0.00122
0.00388,-0.00122
0.003884,-0.00122
0.003888,0.0
0.003892,-0.00122
0.003896,-0.00122
0.0039,-0.00122
0.003904,-0.00122
0.003908,-0.00122
0.003912,-0.00122
0.003916,0.0
0.00392,0.0
0.003924,-0.00122
0.003928,-0.00122
0.003932,-0.00122
0.003936,0.0
0.00394,0.0
0.003944,-0.00122
0.003948,-0.00122
0.003952,-0.00122
0.003956,-0.00122
0.00396,-0.00122
0.003964,-0.00122
0.003968,-0.00122
0.003972,-0.00122
0.003976,0.0
0.00398,0.00122
0.003984,-0.00122
0.003988,-0.00122
0.003992,-0.00122
0.003996,-0.00122
0.004,-0.00122
0.004004,0.0
0.004008,0.0
0.004012,-0.00122
0.004016,-0.00122
0.00402,-0.00122
0.004024,-0.00122
0.004028,0.0
0.004032,-0.00122
0.004036,-0.00122
0.00404,-0.00122
0.004044,-0.00122
0.004048,0.0
0.004052,0.0
0.004056,-0.00122
0.00406,-0.00122
0.004064,-0.00122
0.004068,-0.00122
0.004072,0.0
0.004076,-0.00122
0.00408,-0.00122
0.004084,-0.00122
0.004088,-0.00122
0.004092,0.0
0.004096,-0.00122
0.0041,-0.00122
0.004104,-0.00122
0.004108,-0.00122
0.004112,-0.00122
0.004116,-0.00122
0.00412,-0.00122
0.004124,-0.00122
0.004128,0.0
0.004132,-0.00122
0.004136,-0.00122
0.00414,-0.00122
0.004144,0.0
0.004148,-0.00122
0.004152,-0.00122
0.004156,0.0
0.00416,0.0
0.004164,-0.00122
0.004168,-0.00122
0.004172,0.0
0.004176,-0.00122
0.00418,-0.00122
0.004184,-0.00122
0.004188,-0.00122
0.004192,0.0
0.004196,0.0
0.0042,0.0
0.004204,0.0
0.004208,0.0
0.004212,0.0
0.004216,-0.00122
0.00422,0.0
0.004224,0.0
0.004228,0.0
0.004232,0.0
0.004236,-0.00122
0.00424,0.0
0.004244,-0.00122
0.004248,-0.00122
0.004252,-0.00122
0.004256,-0.00122
0.00426,0.0
0.004264,-0.00122
0.004268,0.0
0.004272,0.0
0.004276,0.0
0.00428,0.0
0.004284,0.0
0.004288,0.0
0.004292,0.0
0.004296,0.0
0.0043,0.0
0.004304,-0.00122
0.004308,-0.00122
0.004312,-0.00122
0.004316,-0.00122
0.00432,-0.00122
0.004324,-0.00122
0.004328,0.0
0.004332,0.0
0.004336,-0.00122
0.00434,-0.00122
0.004344,0.0
0.004348,0.0
0.004352,0.0
0.004356,0.0
0.00436,0.0
0.004364,-0.00122
0.004368,0.0
0.004372,0.0
0.004376,0.0
0.00438,0.0
0.004384,0.0
0.004388,0.0
0.004392,0.00122
0.004396,0.0
0.0044,0.0
0.004404,0.0
0.004408,0.0
0.004412,0.0
0.004416,0.0
0.00442,0.0
0.004424,0.0
0.004428,0.0
0.004432,0.0
0.004436,0.0
0.00444,0.0
0.004444,0.0
0.004448,0.0
0.004452,0.0
0.004456,0.0
0.00446,0.00122
0.004464,0.00122
0.004468,0.0
0.004472,0.0
0.004476,0.0
0.00448,-0.00122
0.004484,0.0
0.004488,0.0
0.004492,0.0
0.004496,0.0
0.0045,0.0
0.004504,0.0
0.004508,0.0
0.004512,0.0
0.004516,0.0
0.00452,0.0
0.004524,0.00122
0.004528,-0.00122
0.004532,0.0
0.004536,0.00122
0.00454,0.0
0.004544,0.00122
0.004548,0.0
0.004552,0.0
0.004556,0.0
0.00456,0.0
0.004564,0.0
0.004568,0.0
0.004572,0.0
0.004576,0.0
0.00458,0.0
0.004584,0.0
0.004588,0.00122
0.004592,0.0
0.004596,0.00122
0.0046,0.00122
0.004604,0.00122
0.004608,0.00122
0.004612,0.0
0.004616,0.0
0.00462,0.00122
0.004624,0.0
0.004628,0.0
0.004632,0.00122
0.004636,0.0
0.00464,0.00122
0.004644,0.00122
0.004648,0.00122
0.004652,0.00122
0.004656,0.0
0.00466,0.0
0.004664,-0.00122
0.004668,-0.00122
0.004672,0.0
0.004676,0.0
0.00468,0.0
0.004684,0.0
0.004688,0.0
0.004692,0.0
0.004696,0.00122
0.0047,0.0
0.004704,0.0
0.004708,0.00122
0.004712,0.00122
0.004716,-0.00122
0.00472,0.0
0.004724,0.0
0.004728,0.0
0.004732,0.0
0.004736,0.0
0.00474,0.0
0.004744,0.00122
0.004748,0.0
0.004752,0.0
0.004756,0.0
0.00476,0.00122
0.004764,0.00122
0.004768,0.00122
0.004772,-0.00122
0.004776,0.0
0.00478,0.0
0.004784,0.0
0.004788,0.0
0.004792,0.00122
0.004796,0.0
0.0048,0.00122
0.004804,0.0
0.004808,0.0
0.004812,0.00122
0.004816,0.0
0.00482,0.0
0.004824,0.00122
0.004828,0.0
0.004832,0.0
0.004836,0.0
0.00484,0.0
0.004844,0.0
0.004848,0.00122
0.004852,0.0
0.004856,-0.00122
0.00486,0.0
0.004864,0.0
0.004868,0.00122
0.004872,0.0
0.004876,0.0
0.00488,0.0
0.004884,0.0
0.004888,0.0
0.004892,0.0
0.004896,0.0
0.0049,0.0
0.004904,0.0
0.004908,0.0
0.004912,0.00122
0.004916,0.0
0.00492,0.0
0.004924,0.00122
0.004928,0.0
0.004932,0.00122
0.004936,0.0
0.00494,0.0
0.004944,0.0
0.004948,0.00122
0.004952,0.00122
0.004956,0.00122
0.00496,0.0
0.004964,0.00122
0.004968,0.00122
0.004972,0.0
0.004976,0.00122
0.00498,0.00122
0.004984,0.0
0.004988,0.00122
0.004992,0.0
0.004996,0.00122
0.005,0.0
0.005004,0.0
0.005008,0.00122
0.005012,0.0
0.005016,0.0
0.00502,0.0
0.005024,0.0
0.005028,0.0
0.005032,0.0
0.005036,0.0
0.00504,0.0
0.005044,0.0
0.005048,0.0
0.005052,0.0
0.005056,0.0
0.00506,0.0
0.005064,0.0
0.005068,0.00122
0.005072,0.0
0.005076,0.0
0.00508,0.0
0.005084,0.0
0.005088,0.0
0.005092,0.0
0.005096,0.00122
0.0051,0.0
0.005104,0.00122
0.005108,0.0
0.005112,0.0
0.005116,0.0
0.00512,0.0
0.005124,0.0
0.005128,0.00122
0.005132,0.0
0.005136,0.0
0.00514,0.0
0.005144,0.0
0.005148,0.00122
0.005152,0.0
0.005156,0.0
0.00516,0.0
0.005164,0.0
0.005168,0.0
0.005172,0.0
0.005176,0.0
0.00518,0.00122
0.005184,0.00122
0.005188,0.0
0.005192,0.00122
0.005196,0.0
0.0052,0.0
0.005204,0.0
0.005208,0.0
0.005212,-0.00122
0.005216,0.0
0.00522,0.00122
0.005224,0.0
0.005228,0.00122
0.005232,0.0
0.005236,-0.00122
0.00524,0.00122
0.005244,0.0
0.005248,0.00122
0.005252,0.00122
0.005256,0.0
0.00526,0.0
0.005264,0.0
0.005268,-0.00122
0.005272,0.00122
0.005276,0.0
0.00528,0.0
0.005284,0.0
0.005288,0.0
0.005292,0.0
0.005296,0.00122
0.0053,0.0
0.005304,0.0
0.005308,0.0
0.005312,0.0
0.005316,-0.00122
0.00532,0.0
0.005324,0.0
0.005328,0.0
0.005332,0.0
0.005336,0.0
0.00534,0.0
0.005344,0.0
0.005348,0.0
0.005352,0.0
0.005356,0.0
0.00536,0.0
0.005364,0.0
0.005368,0.0
0.005372,0.00122
0.005376,0.00122
0.00538,0.00122
0.005384,0.0
0.005388,0.0
0.005392,0.0
0.005396,0.0
0.0054,0.0
0.005404,-0.00122
0.005408,0.0
0.005412,0.0
0.005416,0.0
0.00542,0.0
0.005424,0.0
0.005428,0.0
0.005432,0.0
0.005436,0.0
0.00544,0.0
0.005444,0.0
0.005448,0.0
0.005452,0.0
0.005456,0.00122
0.00546,0.0
0.005464,0.0
0.005468,0.0
0.005472,0.0
0.005476,-0.00122
0.00548,0.0
0.005484,0.0
0.005488,0.0
0.005492,0.0
0.005496,0.0
0.0055,0.00122
0.005504,0.0
0.005508,0.0
0.005512,-0.00122
0.005516,0.0
0.00552,0.0
0.005524,0.0
0.005528,0.0
0.005532,0.0
0.005536,0.0
0.00554,-0.00122
0.005544,-0.00122
0.005548,0.0
0.005552,0.0
0.005556,0.0
0.00556,0.0
0.005564,0.0
0.005568,0.0
0.005572,0.0
0.005576,0.0
0.00558,-0.00122
0.005584,0.0
0.005588,0.0
0.005592,0.0
0.005596,0.0
0.0056,0.0
0.005604,-0.00122
0.005608,0.0
0.005612,0.0
0.005616,0.00122
0.00562,-0.00122
0.005624,0.0
0.005628,-0.00122
0.005632,0.0
0.005636,0.0
0.00564,0.0
0.005644,-0.00122
0.005648,0.0
0.005652,-0.00122
0.005656,-0.00122
0.00566,-0.00122
0.005664,0.0
0.005668,0.0
0.005672,0.0
0.005676,0.0
0.00568,-0.00122
0.005684,-0.00122
0.005688,0.0
0.005692,0.0
0.005696,0.0
0.0057,0.0
0.005704,-0.00122
0.005708,-0.00122
0.005712,-0.00122
0.005716,-0.00122
0.00572,-0.00122
0.005724,0.0
0.005728,-0.00122
0.005732,-0.00122
0.005736,-0.00122
0.00574,-0.00122
0.005744,0.0
0.005748,0.0
0.005752,0.0
0.005756,-0.00122
0.00576,-0.00122
0.005764,0.0
0.005768,-0.00122
0.005772,-0.00122
0.005776,-0.00122
0.00578,-0.00122
0.005784,-0.00122
0.005788,-0.00122
0.005792,-0.00122
0.005796,-0.00122
0.0058,-0.00122
0.005804,-0.00122
0.005808,-0.00122
0.005812,0.0
0.005816,-0.00122
0.00582,-0.00122
0.005824,-0.00122
0.005828,-0.00122
0.005832,-0.00122
0.005836,-0.00122
0.00584,-0.00122
0.005844,-0.00122
0.005848,-0.00122
0.005852,-0.00122
0.005856,-0.00122
0.00586,-0.00122
0.005864,-0.00122
0.005868,-0.00122
0.005872,-0.00122
0.005876,-0.00122
0.00588,-0.00122
0.005884,-0.00122
0.005888,-0.00122
0.005892,-0.00122
0.005896,-0.00122
0.0059,-0.00122
0.005904,-0.00122
0.005908,-0.00122
0.005912,-0.00122
0.005916,-0.00122
0.00592,-0.00122
0.005924,-0.00244
0.005928,-0.00122
0.005932,-0.00122
0.005936,-0.00122
0.00594,-0.00122
0.005944,-0.00122
0.005948,-0.00122
0.005952,-0.00122
0.005956,-0.00122
0.00596,-0.00122
0.005964,-0.00122
0.005968,-0.00244
0.005972,-0.00122
0.005976,-0.00244
0.00598,-0.00122
0.005984,-0.00122
0.005988,-0.00122
0.005992,-0.00122
0.005996,-0.00122
0.006,-0.00122
0.006004,-0.00122
0.006008,-0.00122
0.006012,-0.00122
0.006016,-0.00122
0.00602,-0.00122
0.006024,-0.00122
0.006028,-0.00122
0.006032,-0.00122
0.006036,-0.00122
0.00604,-0.00122
0.006044,-0.00122
0.006048,-0.00122
0.006052,-0.00122
0.006056,-0.00122
0.00606,-0.00122
0.006064,-0.00122
0.006068,-0.00122
0.006072,-0.00122
0.006076,-0.00122
0.00608,-0.00122
0.006084,-0.00122
0.006088,-0.00122
0.006092,-0.00244
0.006096,-0.00122
0.0061,-0.00122
0.006104,-0.00122
0.006108,-0.00122
0.006112,-0.00122
0.006116,-0.00122
0.00612,-0.00122
0.006124,-0.00122
0.006128,-0.00122
0.006132,-0.00122
0.006136,-0.00122
0.00614,-0.00122
0.006144,-0.00122
0.006148,-0.00122
0.006152,-0.00122
0.006156,-0.00122
0.00616,-0.00122
0.006164,-0.00122
0.006168,-0.00122
0.006172,-0.00122
0.006176,-0.00122
0.00618,-0.00122
0.006184,-0.00244
0.006188,-0.00122
0.006192,-0.00122
0.006196,-0.00122
0.0062,-0.00122
0.006204,-0.00122
0.006208,-0.00122
0.006212,-0.00122
0.006216,-0.00122
0.00622,-0.00122
0.006224,-0.00122
0.006228,-0.00122
0.006232,-0.00122
0.006236,-0.00122
0.00624,-0.00122
0.006244,-0.00122
0.006248,-0.00122
0.006252,-0.00122
0.006256,-0.00122
0.00626,-0.00122
0.006264,-0.00122
0.006268,-0.00122
0.006272,-0.00122
0.006276,-0.00122
0.00628,-0.00122
0.006284,-0.00122
0.006288,-0.00122
0.006292,-0.00122
0.006296,-0.00122
0.0063,-0.00122
0.006304,-0.00122
0.006308,-0.00244
0.006312,-0.00122
0.006316,-0.00122
0.00632,-0.00122
0.006324,-0.00122
0.006328,-0.00122
0.006332,-0.00244
0.006336,-0.00244
0.00634,-0.00244
0.006344,-0.00122
0.006348,-0.00122
0.006352,-0.00122
0.006356,-0.00244
0.00636,-0.00122
0.006364,-0.00122
0.006368,-0.00244
0.006372,-0.00122
0.006376,-0.00122
0.00638,-0.00122
0.006384,-0.00122
0.006388,-0.00122
0.006392,-0.00122
0.006396,-0.00122
0.0064,-0.00244
0.006404,-0.00122
0.006408,-0.00122
0.006412,-0.00122
0.006416,-0.00244
0.00642,-0.00122
0.006424,-0.00122
0.006428,-0.00122
0.006432,-0.00122
0.006436,-0.00122
0.00644,-0.00122
0.006444,-0.00122
0.006448,-0.00122
0.006452,-0.00122
0.006456,-0.00122
0.00646,-0.00122
0.006464,-0.00122
0.006468,-0.00122
0.006472,-0.00244
0.006476,-0.00122
0.00648,-0.00122
0.006484,-0.00122
0.006488,-0.00122
0.006492,-0.00122
0.006496,-0.00122
0.0065,-0.00122
0.006504,-0.00122
0.006508,-0.00122
0.006512,-0.00122
0.006516,-0.00122
0.00652,-0.00122
0.006524,-0.00122
0.006528,-0.00244
0.006532,-0.00122
0.006536,-0.00122
0.00654,-0.00122
0.006544,-0.00244
0.006548,-0.00122
0.006552,-0.00122
0.006556,-0.00122
0.00656,-0.00122
0.006564,-0.00122
0.006568,-0.00122
0.006572,-0.00122
0.006576,-0.00122
0.00658,-0.00122
0.006584,-0.00122
0.006588,-0.00122
0.006592,-0.00122
0.006596,-0.00122
0.0066,-0.00122
0.006604,-0.00122
0.006608,-0.00122
0.006612,-0.00122
0.006616,-0.00122
0.00662,-0.00122
0.006624,-0.00244
0.006628,-0.00122
0.006632,-0.00122
0.006636,-0.00122
0.00664,-0.00122
0.006644,-0.00122
0.006648,-0.00122
0.006652,-0.00122
0.006656,-0.00122
0.00666,-0.00122
0.006664,-0.00122
0.006668,-0.00122
0.006672,-0.00122
0.006676,-0.00122
0.00668,-0.00122
0.006684,-0.00122
0.006688,-0.00122
0.006692,-0.00122
0.006696,-0.00122
0.0067,-0.00122
0.006704,-0.00122
0.006708,-0.00122
0.006712,-0.00122
0.006716,-0.00122
0.00672,-0.00122
0.006724,-0.00122
0.006728,-0.00122
0.006732,-0.00122
0.006736,-0.00122
0.00674,-0.00122
0.006744,-0.00122
0.006748,-0.00122
0.006752,-0.00122
0.006756,-0.00122
0.00676,-0.00122
0.006764,-0.00122
0.006768,-0.00122
0.006772,-0.00122
0.006776,-0.00122
0.00678,0.0
0.006784,-0.00122
0.006788,-0.00122
0.006792,-0.00122
0.006796,0.0
0.0068,-0.00122
0.006804,-0.00122
0.006808,-0.00122
0.006812,-0.00122
0.006816,-0.00122
0.00682,-0.00122
0.006824,-0.00122
0.006828,-0.00122
0.006832,-0.00122
0.006836,-0.00122
0.00684,-0.00244
0.006844,-0.00122
0.006848,-0.00122
0.006852,-0.00122
0.006856,-0.00122
0.00686,-0.00122
0.006864,-0.00122
0.006868,-0.00122
0.006872,-0.00122
0.006876,-0.00122
0.00688,-0.00122
0.006884,-0.00122
0.006888,-0.00122
0.006892,-0.00122
0.006896,-0.00122
0.0069,0.0
0.006904,0.0
0.006908,-0.00122
0.006912,-0.00122
0.006916,-0.00122
0.00692,-0.00122
0.006924,-0.00122
0.006928,-0.00122
0.006932,-0.00122
0.006936,-0.00122
0.00694,-0.00122
0.006944,-0.00122
0.006948,-0.00122
0.006952,-0.00122
0.006956,-0.00122
0.00696,-0.00122
0.006964,-0.00122
0.006968,0.0
0.006972,0.0
0.006976,0.0
0.00698,0.0
0.006984,-0.00122
0.006988,-0.00122
0.006992,-0.00122
0.006996,-0.00122
0.007,-0.00122
0.007004,-0.00122
0.007008,-0.00122
0.007012,-0.00122
0.007016,-0.00122
0.00702,0.0
0.007024,-0.00122
0.007028,-0.00122
0.007032,-0.00122
0.007036,-0.00122
0.00704,-0.00122
0.007044,-0.00122
0.007048,0.0
0.007052,0.0
0.007056,0.0
0.00706,-0.00122
0.007064,0.0
0.007068,0.0
0.007072,0.0
0.007076,0.0
0.00708,0.0
0.007084,0.0
0.007088,0.0
0.007092,0.0
0.007096,0.0
0.0071,-0.00122
0.007104,-0.00122
0.007108,0.0
0.007112,0.0
0.007116,0.0
0.00712,-0.00122
0.007124,0.0
0.007128,0.0
0.007132,0.0
0.007136,0.00122
0.00714,0.0
0.007144,0.0
0.007148,0.0
0.007152,0.00122
0.007156,0.0
0.00716,0.0
0.007164,0.0
0.007168,0.0
0.007172,0.0
0.007176,0.0
0.00718,0.0
0.007184,0.0
0.007188,-0.00122
0.007192,0.0
0.007196,-0.00122
0.0072,0.0
0.007204,0.0
0.007208,-0.00122
0.007212,0.0
0.007216,0.00122
0.00722,-0.00122
0.007224,0.0
0.007228,0.0
0.007232,0.0
0.007236,0.0
0.00724,0.0
0.007244,0.0
0.007248,0.0
0.007252,0.0
0.007256,0.0
0.00726,0.00122
0.007264,-0.00122
0.007268,0.0
0.007272,0.0
0.007276,0.0
0.00728,0.00122
0.007284,0.0
0.007288,0.0
0.007292,0.0
0.007296,0.00122
0.0073,0.0
0.007304,0.0
0.007308,0.00122
0.007312,0.0
0.007316,0.0
0.00732,0.00122
0.007324,0.0
0.007328,0.0
0.007332,0.00122
0.007336,0.0
0.00734,0.00122
0.007344,0.0
0.007348,0.00122
0.007352,0.0
0.007356,0.0
0.00736,0.00122
0.007364,0.0
0.007368,-0.00122
0.007372,0.0
0.007376,0.0
0.00738,0.00122
0.007384,0.0
0.007388,0.0
0.007392,0.00122
0.007396,0.0
0.0074,0.0
0.007404,0.00122
0.007408,0.00122
0.007412,0.00122
0.007416,0.00122
0.00742,0.0
0.007424,0.00122
0.007428,0.0
0.007432,0.0
0.007436,0.0
0.00744,0.00122
0.007444,0.0
0.007448,0.0
0.007452,0.0
0.007456,0.0
0.00746,0.00122
0.007464,0.0
0.007468,0.0
0.007472,0.00122
0.007476,0.00122
0.00748,0.0
0.007484,0.0
0.007488,0.00122
0.007492,0.00122
0.007496,0.00122
0.0075,0.00122
0.007504,0.0
0.007508,0.00122
0.007512,0.00122
0.007516,0.00122
0.00752,0.00122
0.007524,0.00122
0.007528,0.00122
0.007532,0.0
0.007536,0.00122
0.00754,0.0
0.007544,0.00122
0.007548,0.0
0.007552,0.00122
0.007556,0.0
0.00756,0.00122
0.007564,0.00122
0.007568,0.00122
0.007572,0.0
0.007576,0.0
0.00758,0.0
0.007584,0.0
0.007588,0.00122
0.007592,0.00122
0.007596,0.0
0.0076,0.00122
0.007604,0.00122
0.007608,0.00122
0.007612,0.00122
0.007616,0.0
0.00762,0.00122
0.007624,0.0
0.007628,0.00122
0.007632,0.0
0.007636,0.00122
0.00764,0.0
0.007644,0.0
0.007648,0.0
0.007652,0.0
0.007656,0.0
0.00766,0.00122
0.007664,0.0
0.007668,0.00122
0.007672,0.00122
0.007676,0.0
0.00768,0.0
0.007684,0.00122
0.007688,0.0
0.007692,0.00122
0.007696,0.0
0.0077,0.0
0.007704,0.00122
0.007708,0.0
0.007712,0.0
0.007716,0.00122
0.00772,0.00122
0.007724,0.0
0.007728,0.00122
0.007732,0.00122
0.007736,0.0
0.00774,0.0
0.007744,0.0
0.007748,0.0
0.007752,0.00122
0.007756,0.00122
0.00776,0.0
0.007764,0.00122
0.007768,0.0
0.007772,0.0
0.007776,0.00122
0.00778,0.00122
0.007784,0.0
0.007788,0.0
0.007792,0.0
0.007796,0.0
0.0078,0.0
0.007804,0.0
0.007808,0.0
0.007812,0.0
0.007816,0.0
0.00782,0.00122
0.007824,0.0
0.007828,0.00122
0.007832,0.0
0.007836,0.00122
0.00784,0.0
0.007844,0.00122
0.007848,0.00122
0.007852,0.0
0.007856,0.0
0.00786,0.0
0.007864,-0.00122
0.007868,0.0
0.007872,0.0
0.007876,0.0
0.00788,0.0
0.007884,0.0
0.007888,0.0
0.007892,0.0
0.007896,0.0
0.0079,0.0
0.007904,0.00122
0.007908,0.00122
0.007912,0.00122
0.007916,0.0
0.00792,0.0
0.007924,0.0
0.007928,0.00122
0.007932,0.0
0.007936,0.0
0.00794,0.0
0.007944,0.0
0.007948,0.0
0.007952,0.0
0.007956,0.0
0.00796,0.0
0.007964,0.0
0.007968,0.0
0.007972,0.0
0.007976,0.0
0.00798,0.0
0.007984,0.0
0.007988,0.0
0.007992,0.0
0.007996,0.0
0.008,0.0
0.008004,0.0
0.008008,0.0
0.008012,0.0
0.008016,0.0
0.00802,0.0
0.008024,-0.00122
0.008028,-0.00122
0.008032,0.0
0.008036,0.0
0.00804,0.0
0.008044,0.00122
0.008048,0.0
0.008052,0.0
0.008056,0.00122
0.00806,0.0
0.008064,0.0
0.008068,-0.00122
0.008072,0.0
0.008076,0.0
0.00808,0.0
0.008084,0.0
0.008088,-0.00122
0.008092,-0.00122
0.008096,0.0
0.0081,0.0
0.008104,0.0
0.008108,-0.00122
0.008112,0.0
0.008116,-0.00122
0.00812,-0.00122
0.008124,-0.00122
0.008128,-0.00122
0.008132,-0.00122
0.008136,-0.00122
0.00814,0.0
0.008144,0.0
0.008148,-0.00122
0.008152,0.0
0.008156,0.0
0.00816,0.0
0.008164,-0.00122
0.008168,-0.00122
0.008172,0.0
0.008176,-0.00122
0.00818,-0.00122
0.008184,-0.00122
0.008188,0.0
0.008192,0.0
0.008196,-0.00122
0.0082,-0.00122
0.008204,-0.00122
0.008208,0.0
0.008212,-0.00122
0.008216,-0.00122
0.00822,-0.00122
0.008224,-0.00122
0.008228,-0.00122
0.008232,-0.00122
0.008236,-0.00122
0.00824,0.0
0.008244,-0.00122
0.008248,-0.00122
0.008252,-0.00122
0.008256,-0.00122
0.00826,-0.00122
0.008264,-0.00122
0.008268,-0.00122
0.008272,-0.00122
0.008276,-0.00122
0.00828,0.0
0.008284,-0.00122
0.008288,0.0
0.008292,0.0
0.008296,0.0
0.0083,-0.00122
0.008304,-0.00122
0.008308,-0.00122
0.008312,-0.00122
0.008316,-0.00122
0.00832,-0.00122
0.008324,-0.00122
0.008328,-0.00122
0.008332,-0.00122
0.008336,-0.00122
0.00834,-0.00122
0.008344,-0.00122
0.008348,-0.00122
0.008352,-0.00122
0.008356,-0.00122
0.00836,-0.00122
0.008364,-0.00122
0.008368,-0.00122
0.008372,-0.00122
0.008376,-0.00122
0.00838,-0.00122
0.008384,-0.00122
0.008388,-0.00122
0.008392,-0.00122
0.008396,-0.00122
0.0084,-0.00122
0.008404,0.0
0.008408,-0.00122
0.008412,-0.00122
0.008416,-0.00122
0.00842,-0.00122
0.008424,-0.00122
0.008428,-0.00122
0.008432,-0.00122
0.008436,-0.00122
0.00844,-0.00122
0.008444,-0.00122
0.008448,-0.00122
0.008452,-0.00122
0.008456,-0.00122
0.00846,-0.00122
0.008464,-0.00122
0.008468,-0.00122
0.008472,-0.00122
0.008476,-0.00122
0.00848,-0.00122
0.008484,-0.00122
0.008488,-0.00122
0.008492,-0.00122
0.008496,-0.00122
0.0085,-0.00244
0.008504,-0.00122
0.008508,-0.00122
0.008512,-0.00244
0.008516,-0.00122
0.00852,-0.00122
0.008524,-0.00122
0.008528,-0.00244
0.008532,-0.00122
0.008536,-0.00122
0.00854,-0.00122
0.008544,-0.00122
0.008548,-0.00122
0.008552,-0.00122
0.008556,-0.00244
0.00856,-0.00122
0.008564,-0.00122
0.008568,-0.00122
0.008572,-0.00122
0.008576,-0.00122
0.00858,-0.00122
0.008584,-0.00122
0.008588,-0.00122
0.008592,-0.00244
0.008596,-0.00122
0.0086,-0.00122
0.008604,-0.00122
0.008608,-0.00122
0.008612,-0.00122
0.008616,-0.00244
0.00862,-0.00244
0.008624,-0.00122
0.008628,-0.00122
0.008632,-0.00244
0.008636,-0.00122
0.00864,-0.00122
0.008644,-0.00244
0.008648,-0.00244
0.008652,-0.00244
0.008656,-0.00244
0.00866,-0.00244
0.008664,-0.00244
0.008668,-0.00244
0.008672,-0.00122
0.008676,-0.00244
0.00868,-0.00122
0.008684,-0.00122
0.008688,-0.00122
0.008692,-0.00122
0.008696,-0.00122
0.0087,-0.00244
0.008704,-0.00244
0.008708,-0.00122
0.008712,-0.00122
0.008716,-0.00244
0.00872,-0.00122
0.008724,-0.00122
0.008728,-0.00122
0.008732,-0.00244
0.008736,-0.00244
0.00874,-0.00244
0.008744,-0.00244
0.008748,-0.00122
0.008752,-0.00244
0.008756,-0.00244
0.00876,-0.00122
0.008764,-0.00244
0.008768,-0.00244
0.008772,-0.00244
0.008776,-0.00244
0.00878,-0.00122
0.008784,-0.00244
0.008788,-0.00244
0.008792,-0.00244
0.008796,-0.00244
0.0088,-0.00244
0.008804,-0.00244
0.008808,-0.00244
0.008812,-0.00122
0.008816,-0.00244
0.00882,-0.00244
0.008824,-0.00244
0.008828,-0.00244
0.008832,-0.00122
0.008836,-0.00244
0.00884,-0.00244
0.008844,-0.00244
0.008848,-0.00244
0.008852,-0.00122
0.008856,-0.00244
0.00886,-0.00244
0.008864,-0.00122
0.008868,-0.00244
0.008872,-0.00122
0.008876,-0.00244
0.00888,-0.00122
0.008884,-0.00244
0.008888,-0.00244
0.008892,-0.00244
0.008896,-0.00244
0.0089,-0.00244
0.008904,-0.00244
0.008908,-0.00244
0.008912,-0.00122
0.008916,-0.00244
0.00892,-0.00244
0.008924,-0.00244
0.008928,-0.00244
0.008932,-0.00244
0.008936,-0.00244
0.00894,-0.00244
0.008944,-0.00244
0.008948,-0.00244
0.008952,-0.00244
0.008956,-0.00366
0.00896,-0.00244
0.008964,-0.00122
0.008968,-0.00244
0.008972,-0.00244
0.008976,-0.00244
0.00898,-0.00244
0.008984,-0.00244
0.008988,-0.00244
0.008992,-0.00244
0.008996,-0.00122
0.009,-0.00244
0.009004,-0.00244
0.009008,-0.00244
0.009012,-0.00244
0.009016,-0.00244
0.00902,-0.00244
0.009024,-0.00122
0.009028,-0.00244
0.009032,-0.00244
0.009036,-0.00244
0.00904,-0.00244
0.009044,-0.00244
0.009048,-0.00244
0.009052,-0.00244
0.009056,-0.00244
0.00906,-0.00244
0.009064,-0.00244
0.009068,-0.00244
0.009072,-0.00244
0.009076,-0.00122
0.00908,-0.00244
0.009084,-0.00244
0.009088,-0.00244
0.009092,-0.00244
0.009096,-0.00122
0.0091,-0.00244
0.009104,-0.00244
0.009108,-0.00244
0.009112,-0.00244
0.009116,-0.00122
0.00912,-0.00244
0.009124,-0.00244
0.009128,-0.00244
0.009132,-0.00244
0.009136,-0.00244
0.00914,-0.00366
0.009144,-0.00244
0.009148,-0.00244
0.009152,-0.00244
0.009156,-0.00244
0.00916,-0.00244
0.009164,-0.00244
0.009168,-0.00244
0.009172,-0.00244
0.009176,-0.00244
0.00918,-0.00244
0.009184,-0.00244
0.009188,-0.00244
0.009192,-0.00244
0.009196,-0.00244
0.0092,-0.00244
0.009204,-0.00244
0.009208,-0.00244
0.009212,-0.00244
0.009216,-0.00244
0.00922,-0.00244
0.009224,-0.00244
0.009228,-0.00122
0.009232,-0.00244
0.009236,-0.00244
0.00924,-0.00122
0.009244,-0.00122
0.009248,-0.00244
0.009252,-0.00244
0.009256,-0.00244
0.00926,-0.00244
0.009264,-0.00122
0.009268,-0.00244
0.009272,-0.00244
0.009276,-0.00244
0.00928,-0.00244
0.009284,-0.00122
0.009288,-0.00122
0.009292,-0.00122
0.009296,-0.00244
0.0093,-0.00122
0.009304,-0.00122
0.009308,-0.00122
0.009312,-0.00122
0.009316,-0.00244
0.00932,-0.00244
0.009324,-0.00122
0.009328,-0.00244
0.009332,-0.00244
0.009336,-0.00122
0.00934,-0.00244
0.009344,-0.00122
0.009348,-0.00244
0.009352,-0.00244
0.009356,-0.00244
0.00936,-0.00122
0.009364,-0.00244
0.009368,-0.00244
0.009372,-0.00244
0.009376,-0.00122
0.00938,-0.00244
0.009384,-0.00122
0.009388,-0.00122
0.009392,-0.00122
0.009396,-0.00122
0.0094,-0.00244
0.009404,-0.00244
0.009408,-0.00122
0.009412,-0.00122
0.009416,-0.00122
0.00942,-0.00122
0.009424,-0.00122
0.009428,-0.00122
0.009432,-0.00122
0.009436,-0.00122
0.00944,-0.00122
0.009444,-0.00122
0.009448,-0.00122
0.009452,-0.00122
0.009456,-0.00122
0.00946,-0.00122
0.009464,-0.00244
0.009468,-0.00244
0.009472,-0.00122
0.009476,-0.00244
0.00948,-0.00122
0.009484,-0.00122
0.009488,-0.00122
0.009492,-0.00122
0.009496,-0.00122
0.0095,-0.00122
0.009504,-0.00244
0.009508,-0.00122
0.009512,-0.00122
0.009516,-0.00244
0.00952,-0.00122
0.009524,-0.00122
0.009528,-0.00122
0.009532,-0.00122
0.009536,-0.00122
0.00954,-0.00122
0.009544,-0.00244
0.009548,-0.00122
0.009552,-0.00122
0.009556,-0.00122
0.00956,-0.00244
0.009564,-0.00122
0.009568,0.0
0.009572,-0.00122
0.009576,-0.00122
0.00958,-0.00122
0.009584,-0.00122
0.009588,-0.00122
0.009592,-0.00122
0.009596,-0.00122
0.0096,-0.00122
0.009604,-0.00122
0.009608,-0.00122
0.009612,-0.00122
0.009616,-0.00122
0.00962,-0.00122
0.009624,-0.00122
0.009628,-0.00122
0.009632,-0.00122
0.009636,-0.00122
0.00964,-0.00122
0.009644,-0.00122
0.009648,-0.00122
0.009652,-0.00122
0.009656,-0.00122
0.00966,-0.00122
0.009664,-0.00122
0.009668,-0.00122
0.009672,-0.00122
0.009676,-0.00122
0.00968,-0.00122
0.009684,-0.00122
0.009688,-0.00122
0.009692,-0.00122
0.009696,-0.00122
0.0097,-0.00122
0.009704,-0.00122
0.009708,-0.00122
0.009712,-0.00122
0.009716,-0.00122
0.00972,-0.00122
0.009724,-0.00122
0.009728,-0.00122
0.009732,-0.00122
0.009736,-0.00122
0.00974,-0.00122
0.009744,-0.00122
0.009748,-0.00122
0.009752,-0.00122
0.009756,-0.00122
0.00976,-0.00122
0.009764,-0.00122
0.009768,-0.00122
0.009772,-0.00122
0.009776,-0.00122
0.00978,-0.00122
0.009784,-0.00122
0.009788,-0.00122
0.009792,-0.00122
0.009796,-0.00122
0.0098,-0.00122
0.009804,-0.00122
0.009808,-0.00122
0.009812,-0.00122
0.009816,-0.00122
0.00982,-0.00122
0.009824,-0.00122
0.009828,0.0
0.009832,-0.00122
0.009836,-0.00122
0.00984,-0.00122
0.009844,-0.00122
0.009848,-0.00122
0.009852,-0.00122
0.009856,0.0
0.00986,-0.00122
0.009864,-0.00122
0.009868,-0.00122
0.009872,-0.00122
0.009876,-0.00122
0.00988,-0.00122
0.009884,-0.00122
0.009888,-0.00122
0.009892,-0.00122
0.009896,-0.00122
0.0099,-0.00122
0.009904,-0.00122
0.009908,0.0
0.009912,-0.00122
0.009916,-0.00122
0.00992,0.0
0.009924,-0.00122
0.009928,-0.00122
0.009932,-0.00122
0.009936,-0.00122
0.00994,-0.00122
0.009944,-0.00122
0.009948,-0.00122
0.009952,-0.00122
0.009956,-0.00122
0.00996,-0.00122
0.009964,-0.00122
0.009968,-0.00122
0.009972,0.0
0.009976,-0.00122
0.00998,-0.00122
0.009984,-0.00122
0.009988,-0.00122
0.009992,-0.00122
0.009996,-0.00122
0.01,-0.00122
0.010004,0.0
0.010008,-0.00122
0.010012,0.0
0.010016,-0.00122
0.01002,0.0
0.010024,0.0
0.010028,0.0
0.010032,-0.00122
0.010036,0.0
0.01004,-0.00122
0.010044,0.0
0.010048,0.0
0.010052,-0.00122
0.010056,0.0
0.01006,0.0
0.010064,0.0
0.010068,-0.00122
0.010072,-0.00122
0.010076,-0.00122
0.01008,0.0
0.010084,-0.00122
0.010088,-0.00122
0.010092,0.0
0.010096,-0.00122
0.0101,-0.00122
0.010104,-0.00122
0.010108,-0.00122
0.010112,-0.00122
0.010116,-0.00122
0.01012,-0.00122
0.010124,-0.00122
0.010128,0.0
0.010132,0.0
0.010136,0.0
0.01014,-0.00122
0.010144,-0.00122
0.010148,-0.00122
0.010152,-0.00122
0.010156,-0.00122
0.01016,0.0
0.010164,0.0
0.010168,-0.00122
0.010172,-0.00122
0.010176,-0.00122
0.01018,0.0
0.010184,0.0
0.010188,0.0
0.010192,0.0
0.010196,0.0
0.0102,0.0
0.010204,0.0
0.010208,0.0
0.010212,0.0
0.010216,0.0
0.01022,0.0
0.010224,0.0
0.010228,0.0
0.010232,0.0
0.010236,0.0
0.01024,0.0
0.010244,0.0
0.010248,0.0
0.010252,0.0
0.010256,0.0
0.01026,0.0
0.010264,-0.00122
0.010268,-0.00122
0.010272,-0.00122
0.010276,0.0
0.01028,0.00122
0.010284,0.0
0.010288,0.0
0.010292,0.0
0.010296,0.0
0.0103,0.0
0.010304,0.0
0.010308,0.0
0.010312,0.0
0.010316,0.0
0.01032,0.0
0.010324,0.0
0.010328,0.0
0.010332,0.00122
0.010336,0.0
0.01034,-0.00122
0.010344,0.0
0.010348,0.00122
0.010352,0.0
0.010356,0.0
0.01036,0.0
0.010364,0.0
0.010368,0.0
0.010372,0.00122
0.010376,-0.00122
0.01038,0.0
0.010384,0.00122
0.010388,0.00122
0.010392,0.00122
0.010396,0.0
0.0104,0.0
0.010404,0.0
0.010408,0.0
0.010412,0.0
0.010416,0.0
0.01042,0.0
0.010424,0.00122
0.010428,0.0
0.010432,0.0
0.010436,0.0
0.01044,0.0
0.010444,0.00122
0.010448,0.0
0.010452,0.0
0.010456,0.0
0.01046,0.00122
0.010464,0.0
0.010468,0.00122
0.010472,0.0
0.010476,0.0
0.01048,0.0
0.010484,0.0
0.010488,0.0
0.010492,-0.00122
0.010496,0.0
0.0105,0.0
0.010504,0.0
0.010508,0.0
0.010512,0.00122
0.010516,-0.00122
0.01052,0.0
0.010524,0.0
0.010528,0.0
0.010532,0.0
0.010536,0.0
0.01054,0.0
0.010544,0.0
0.010548,0.0
0.010552,0.0
0.010556,0.00122
0.01056,0.00122
0.010564,0.00122
0.010568,0.0
0.010572,0.00122
0.010576,0.00122
0.01058,0.0
0.010584,0.0
0.010588,0.00122
0.010592,0.0
0.010596,-0.00122
0.0106,0.0
0.010604,0.0
0.010608,0.0
0.010612,0.0
0.010616,-0.00122
0.01062,0.0
0.010624,-0.00122
0.010628,0.0
0.010632,0.0
0.010636,0.0
0.01064,0.0
0.010644,-0.00122
0.010648,0.0
0.010652,0.0
0.010656,0.0
0.01066,0.0
0.010664,0.0
0.010668,0.0
0.010672,0.0
0.010676,0.0
0.01068,-0.00122
0.010684,0.0
0.010688,0.0
0.010692,0.0
0.010696,0.0
0.0107,0.0
0.010704,-0.00122
0.010708,0.0
0.010712,-0.00122
0.010716,0.0
0.01072,-0.00122
0.010724,0.0
0.010728,-0.00122
0.010732,-0.00122
0.010736,-0.00122
0.01074,0.0
0.010744,0.0
0.010748,0.0
0.010752,0.0
0.010756,-0.00122
0.01076,0.0
0.010764,-0.00122
0.010768,-0.00122
0.010772,0.0
0.010776,-0.00122
0.01078,0.0
0.010784,-0.00122
0.010788,-0.00122
0.010792,0.0
0.010796,-0.00122
0.0108,-0.00122
0.010804,-0.00122
0.010808,0.0
0.010812,0.0
0.010816,-0.00122
0.01082,-0.00122
0.010824,-0.00122
0.010828,-0.00122
0.010832,-0.00122
0.010836,-0.00122
0.01084,-0.00122
0.010844,-0.00122
0.010848,-0.00122
0.010852,-0.00122
0.010856,-0.00122
0.01086,-0.00122
0.010864,-0.00122
0.010868,-0.00122
0.010872,-0.00122
0.010876,-0.00122
0.01088,-0.00122
0.010884,-0.00122
0.010888,-0.00122
0.010892,0.0
0.010896,-0.00122
0.0109,-0.00122
0.010904,-0.00122
0.010908,-0.00122
0.010912,-0.00122
0.010916,-0.00122
0.01092,-0.00122
0.010924,-0.00122
0.010928,-0.00122
0.010932,-0.00122
0.010936,-0.00122
0.01094,-0.00122
0.010944,-0.00122
0.010948,-0.00122
0.010952,-0.00122
0.010956,-0.00122
0.01096,-0.00122
0.010964,-0.00122
0.010968,-0.00122
0.010972,-0.00122
0.010976,-0.00122
0.01098,-0.00122
0.010984,-0.00122
0.010988,-0.00122
0.010992,-0.00122
0.010996,-0.00122
0.011,-0.00122
0.011004,-0.00122
0.011008,-0.00122
0.011012,0.0
0.011016,-0.00122
0.01102,-0.00122
0.011024,-0.00122
0.011028,-0.00122
0.011032,-0.00122
0.011036,-0.00122
0.01104,-0.00122
0.011044,-0.00122
0.011048,-0.00122
0.011052,-0.00122
0.011056,-0.00122
0.01106,-0.00122
0.011064,-0.00122
0.011068,-0.00122
0.011072,-0.00122
0.011076,-0.00122
0.01108,-0.00122
0.011084,-0.00122
0.011088,-0.00122
0.011092,-0.00122
0.011096,-0.00122
0.0111,-0.00122
0.011104,-0.00122
0.011108,-0.00122
0.011112,-0.00122
0.011116,-0.00122
0.01112,-0.00122
0.011124,-0.00122
0.011128,-0.00122
0.011132,-0.00122
0.011136,-0.00122
0.01114,-0.00122
0.011144,-0.00122
0.011148,-0.00122
0.011152,-0.00122
0.011156,-0.00122
0.01116,-0.00122
0.011164,-0.00122
0.011168,-0.00122
0.011172,-0.00122
0.011176,-0.00122
0.01118,-0.00122
0.011184,-0.00122
0.011188,-0.00122
0.011192,-0.00122
0.011196,-0.00122
0.0112,-0.00122
0.011204,-0.00122
0.011208,-0.00122
0.011212,-0.00122
0.011216,-0.00122
0.01122,-0.00122
0.011224,-0.00122
0.011228,-0.00122
0.011232,-0.00122
0.011236,-0.00122
0.01124,-0.00122
0.011244,-0.00122
0.011248,-0.00122
0.011252,-0.00122
0.011256,-0.00122
0.01126,-0.00122
0.011264,-0.00122
0.011268,-0.00122
0.011272,-0.00122
0.011276,-0.00244
0.01128,-0.00122
0.011284,-0.00122
0.011288,-0.00122
0.011292,-0.00122
0.011296,-0.00122
0.0113,-0.00122
0.011304,-0.00122
0.011308,-0.00122
0.011312,-0.00122
0.011316,-0.00122
0.01132,-0.00122
0.011324,-0.00122
0.011328,-0.00122
0.011332,-0.00122
0.011336,-0.00122
0.01134,-0.00122
0.011344,-0.00122
0.011348,-0.00122
0.011352,-0.00122
0.011356,-0.00244
0.01136,-0.00122
0.011364,-0.00244
0.011368,-0.00122
0.011372,-0.00122
0.011376,-0.00122
0.01138,-0.00122
0.011384,-0.00122
0.011388,-0.00244
0.011392,-0.00122
0.011396,-0.00122
0.0114,-0.00122
0.011404,-0.00122
0.011408,-0.00244
0.011412,-0.00122
0.011416,-0.00122
0.01142,-0.00244
0.011424,-0.00122
0.011428,-0.00122
0.011432,-0.00122
0.011436,-0.00122
0.01144,-0.00122
0.011444,-0.00122
0.011448,-0.00244
0.011452,-0.00122
0.011456,-0.00122
0.01146,-0.00122
0.011464,-0.00244
0.011468,-0.00244
0.011472,-0.00244
0.011476,-0.00122
0.01148,-0.00244
0.011484,-0.00122
0.011488,-0.00122
0.011492,-0.00122
0.011496,-0.00244
0.0115,-0.00122
0.011504,-0.00122
0.011508,-0.00122
0.011512,-0.00122
0.011516,-0.00122
0.01152,-0.00122
0.011524,-0.00122
0.011528,-0.00244
0.011532,-0.00122
0.011536,-0.00244
0.01154,-0.00122
0.011544,-0.00122
0.011548,-0.00122
0.011552,-0.00122
0.011556,-0.00122
0.01156,-0.00122
0.011564,-0.00122
0.011568,-0.00122
0.011572,-0.00122
0.011576,-0.00122
0.01158,-0.00122
0.011584,-0.00122
0.011588,-0.00244
0.011592,-0.00122
0.011596,-0.00122
0.0116,-0.00244
0.011604,-0.00122
0.011608,-0.00244
0.011612,-0.00122
0.011616,-0.00244
0.01162,-0.00244
0.011624,-0.00244
0.011628,-0.00122
0.011632,-0.00122
0.011636,-0.00122
0.01164,-0.00244
0.011644,-0.00244
0.011648,-0.00122
0.011652,-0.00244
0.011656,-0.00122
0.01166,-0.00122
0.011664,-0.00244
0.011668,-0.00244
0.011672,-0.00122
0.011676,-0.00244
0.01168,-0.00244
0.011684,-0.00244
0.011688,-0.00122
0.011692,-0.00244
0.011696,-0.00122
0.0117,-0.00122
0.011704,-0.00244
0.011708,-0.00244
0.011712,-0.00122
0.011716,-0.00244
0.01172,-0.00122
0.011724,-0.00244
0.011728,-0.00122
0.011732,-0.00122
0.011736,-0.00244
0.01174,-0.00244
0.011744,-0.00244
0.011748,-0.00244
0.011752,-0.00244
0.011756,-0.00244
0.01176,-0.00244
0.011764,-0.00122
0.011768,-0.00244
0.011772,-0.00122
0.011776,-0.00244
0.01178,-0.00244
0.011784,-0.00244
0.011788,-0.00244
0.011792,-0.00244
0.011796,-0.00244
0.0118,-0.00244
0.011804,-0.00244
0.011808,-0.00122
0.011812,-0.00122
0.011816,-0.00122
0.01182,-0.00244
0.011824,-0.00244
0.011828,-0.00244
0.011832,-0.00122
0.011836,-0.00122
0.01184,-0.00122
0.011844,-0.00244
0.011848,-0.00122
0.011852,-0.00244
0.011856,-0.00244
0.01186,-0.00244
0.011864,-0.00122
0.011868,-0.00244
0.011872,-0.00244
0.011876,-0.00244
0.01188,-0.00122
0.011884,-0.00244
0.011888,-0.00244
0.011892,-0.00122
0.011896,-0.00122
0.0119,-0.00244
0.011904,-0.00122
0.011908,-0.00122
0.011912,-0.00122
0.011916,-0.00122
0.01192,-0.00122
0.011924,-0.00244
0.011928,-0.00244
0.011932,-0.00122
0.011936,-0.00122
0.01194,-0.00122
0.011944,-0.00122
0.011948,-0.00244
0.011952,-0.00122
0.011956,-0.00122
0.01196,-0.00122
0.011964,-0.00122
0.011968,-0.00122
0.011972,-0.00122
0.011976,-0.00244
0.01198,-0.00122
0.011984,-0.00122
0.011988,-0.00244
0.011992,-0.00122
0.011996,-0.00122
0.012,-0.00122
0.012004,-0.00122
0.012008,-0.00122
0.012012,-0.00244
0.012016,-0.00122
0.01202,-0.00122
0.012024,-0.00244
0.012028,-0.00122
0.012032,-0.00122
0.012036,-0.00122
0.01204,-0.00244
0.012044,-0.00244
0.012048,-0.00122
0.012052,-0.00122
0.012056,-0.00122
0.01206,-0.00122
0.012064,-0.00244
0.012068,-0.00122
0.012072,-0.00122
0.012076,-0.00122
0.01208,-0.00122
0.012084,-0.00122
0.012088,-0.00244
0.012092,-0.00122
0.012096,-0.00244
0.0121,-0.00122
0.012104,-0.00244
0.012108,-0.00122
0.012112,-0.00122
0.012116,-0.00122
0.01212,-0.00122
0.012124,-0.00122
0.012128,-0.00122
0.012132,-0.00244
0.012136,-0.00122
0.01214,-0.00122
0.012144,-0.00122
0.012148,-0.00122
0.012152,-0.00122
0.012156,-0.00122
0.01216,-0.00122
0.012164,-0.00122
0.012168,-0.00122
0.012172,-0.00122
0.012176,-0.00122
0.01218,-0.00122
0.012184,-0.00122
0.012188,-0.00122
0.012192,-0.00122
0.012196,-0.00122
0.0122,-0.00122
0.012204,-0.00122
0.012208,-0.00122
0.012212,-0.00122
0.012216,-0.00122
0.01222,-0.00122
0.012224,-0.00122
0.012228,-0.00122
0.012232,-0.00122
0.012236,-0.00122
0.01224,-0.00122
0.012244,-0.00122
0.012248,-0.00122
0.012252,-0.00122
0.012256,-0.00122
0.01226,-0.00122
0.012264,-0.00122
0.012268,-0.00122
0.012272,-0.00122
0.012276,-0.00122
0.01228,-0.00122
0.012284,-0.00122
0.012288,-0.00122
0.012292,-0.00122
0.012296,-0.00122
0.0123,-0.00122
0.012304,-0.00122
0.012308,-0.00122
0.012312,-0.00122
0.012316,-0.00122
0.01232,-0.00122
0.012324,-0.00122
0.012328,-0.00122
0.012332,-0.00122
0.012336,-0.00122
0.01234,-0.00122
0.012344,-0.00122
0.012348,-0.00122
0.012352,-0.00122
0.012356,-0.00244
0.01236,-0.00122
0.012364,-0.00122
0.012368,-0.00122
0.012372,-0.00122
0.012376,-0.00122
0.01238,-0.00122
0.012384,-0.00122
0.012388,-0.00122
0.012392,-0.00122
0.012396,-0.00122
0.0124,-0.00122
0.012404,-0.00122
0.012408,-0.00122
0.012412,-0.00122
0.012416,-0.00122
0.01242,-0.00122
0.012424,-0.00122
0.012428,-0.00122
0.012432,-0.00122
0.012436,-0.00122
0.01244,-0.00122
0.012444,-0.00122
0.012448,-0.00122
0.012452,-0.00122
0.012456,-0.00122
0.01246,-0.00122
0.012464,-0.00122
0.012468,-0.00122
0.012472,-0.00122
0.012476,-0.00122
0.01248,-0.00122
0.012484,-0.00122
0.012488,-0.00122
0.012492,-0.00122
0.012496,-0.00122
0.0125,-0.00122
0.012504,-0.00122
0.012508,-0.00122
0.012512,-0.00122
0.012516,-0.00122
0.01252,-0.00122
0.012524,-0.00122
0.012528,-0.00122
0.012532,-0.00122
0.012536,-0.00122
0.01254,-0.00122
0.012544,-0.00122
0.012548,-0.00122
0.012552,-0.00122
0.012556,-0.00122
0.01256,-0.00122
0.012564,0.0
0.012568,-0.00122
0.012572,-0.00122
0.012576,-0.00122
0.01258,0.0
0.012584,0.0
0.012588,-0.00122
0.012592,-0.00122
0.012596,-0.00122
0.0126,0.0
0.012604,0.0
0.012608,-0.00122
0.012612,0.0
0.012616,-0.00122
0.01262,-0.00122
0.012624,0.0
0.012628,0.0
0.012632,0.0
0.012636,0.0
0.01264,0.0
0.012644,0.0
0.012648,0.00122
0.012652,0.00122
0.012656,-0.00122
0.01266,-0.00122
0.012664,-0.00122
0.012668,-0.00122
0.012672,0.0
0.012676,0.0
0.01268,0.00122
0.012684,0.0
0.012688,-0.00122
0.012692,-0.00244
0.012696,0.00122
0.0127,0.00122
0.012704,0.0
0.012708,0.00244
0.012712,-0.00122
0.012716,-0.00366
0.01272,-0.00122
0.012724,0.00122
0.012728,0.0
0.012732,0.00488
0.012736,-0.00122
0.01274,0.00244
0.012744,0.0
0.012748,0.00122
0.012752,-0.00366
0.012756,-0.00122
0.01276,0.00244
0.012764,0.00488
0.012768,0.0
0.012772,-0.00244
0.012776,0.00122
0.01278,0.00366
0.012784,0.00732
0.012788,-0.00244
0.012792,0.012199999999999999
0.012796,0.0
0.0128,-0.00244
0.012804,-0.00488
0.012808,0.0
0.012812,0.00488
0.012816,-0.00244
0.01282,0.0
0.012824,-0.00732
0.012828,0.00244
0.012832,0.00976
0.012836,-0.00122
0.01284,0.00976
0.012844,0.0
0.012848,0.00732
0.012852,-0.01098
0.012856,0.00366
0.01286,0.0060999999999999995
0.012864,0.01952
0.012868,0.0183
0.012872,0.00244
0.012876,0.00976
0.01288,0.01586
0.012884,0.01342
0.012888,0.00976
0.012892,-0.01098
0.012896,-0.00244
0.0129,0.0
0.012904,0.01342
0.012908,0.01952
0.012912,-0.00122
0.012916,0.00488
0.01292,0.01586
0.012924,-0.008539999999999999
0.012928,0.03538
0.012932,-0.01098
0.012936,0.017079999999999998
0.01294,0.00976
0.012944,0.020739999999999998
0.012948,0.01464
0.012952,-0.00976
0.012956,0.01586
0.01296,0.041479999999999996
0.012964,0.02196
0.012968,-0.00366
0.012972,0.00244
0.012976,0.02196
0.01298,0.04636
0.012984,0.028059999999999998
0.012988,0.01586
0.012992,-0.00244
0.012996,0.02928
0.013,0.020739999999999998
0.013004,0.01342
0.013008,0.02684
0.013012,0.017079999999999998
0.013016,0.04758
0.01302,0.06831999999999999
0.013024,0.02928
0.013028,0.03172
0.013032,0.03294
0.013036,0.041479999999999996
0.01304,0.028059999999999998
0.013044,0.04636
0.013048,0.05124
0.013052,0.042699999999999995
0.013056,0.057339999999999995
0.01306,0.06953999999999999
0.013064,0.050019999999999995
0.013068,0.06222
0.013072,0.061
0.013076,0.08052
0.01308,0.050019999999999995
0.013084,0.0732
0.013088,0.09516
0.013092,0.09028
0.013096,0.10492
0.0131,0.07442
0.013104,0.07198
0.013108,0.09272
0.013112,0.11467999999999999
0.013116,0.10736
0.01312,0.10125999999999999
0.013124,0.048799999999999996
0.013128,0.042699999999999995
0.013132,0.06831999999999999
0.013136,0.08784
0.01314,0.1098
0.013144,0.11956
0.013148,0.12688
0.013152,0.12688
0.013156,0.10736
0.01316,0.13419999999999999
0.013164,0.11834
0.013168,0.07198
0.013172,0.12688
0.013176,0.08174
0.01318,0.04514
0.013184,0.11467999999999999
0.013188,0.17202
0.013192,0.12444
0.013196,-0.028059999999999998
0.0132,0.14152
0.013204,0.10003999999999999
0.013208,0.10492
0.013212,0.020739999999999998
0.013216,0.020739999999999998
0.01322,0.14884
0.013224,-0.16348
0.013228,-0.028059999999999998
0.013232,0.01098
0.013236,0.048799999999999996
0.01324,0.05246
0.013244,-0.05246
0.013248,0.16226
0.013252,-0.12444
0.013256,0.1098
0.01326,0.08174
0.013264,0.05856
0.013268,0.0183
0.013272,-0.17812
0.013276,0.19154
0.01328,-0.14274
0.013284,0.13907999999999998
0.013288,-0.01342
0.013292,-0.183
0.013296,0.0915
0.0133,-0.08784
0.013304,0.14152
0.013308,0.056119999999999996
0.013312,-0.00488
0.013316,-0.01586
0.01332,0.01952
0.013324,-0.01342
0.013328,-0.13541999999999998
0.013332,0.04636
0.013336,0.0
0.01334,-0.01586
0.013344,-0.00366
0.013348,0.0060999999999999995
0.013352,-0.034159999999999996
0.013356,0.06953999999999999
0.01336,-0.02318
0.013364,0.01464
0.013368,0.00976
0.013372,0.04026
0.013376,0.0732
0.01338,-0.028059999999999998
0.013384,0.0183
0.013388,0.00488
0.013392,-0.0366
0.013396,0.024399999999999998
0.0134,0.05124
0.013404,0.061
0.013408,-0.1281
0.013412,-0.11102
0.013416,-0.017079999999999998
0.01342,0.03294
0.013424,-0.04392
0.013428,0.04636
0.013432,0.0
0.013436,-0.08174
0.01344,-0.034159999999999996
0.013444,0.0305
0.013448,0.04392
0.013452,0.034159999999999996
0.013456,-0.012199999999999999
0.01346,0.02684
0.013464,-0.0183
0.013468,-0.03294
0.013472,-0.10125999999999999
0.013476,0.048799999999999996
0.01348,-0.09759999999999999
0.013484,-0.07442
0.013488,-0.10003999999999999
0.013492,0.02318
0.013496,-0.041479999999999996
0.0135,0.03538
0.013504,0.04636
0.013508,0.008539999999999999
0.013512,0.03172
0.013516,-0.00244
0.01352,0.04514
0.013524,0.08539999999999999
0.013528,0.00976
0.013532,0.017079999999999998
0.013536,-0.10492
0.01354,-0.04392
0.013544,-0.04026
0.013548,-0.020739999999999998
0.013552,-0.04392
0.013556,-0.07076
0.01356,-0.04514
0.013564,-0.1098
0.013568,0.11102
0.013572,-0.028059999999999998
0.013576,-0.05124
0.01358,-0.03172
0.013584,0.14884
0.013588,0.05124
0.013592,0.01952
0.013596,0.00122
0.0136,0.0732
0.013604,-0.06588
0.013608,0.042699999999999995
0.013612,0.01342
0.013616,0.02196
0.01362,0.00366
0.013624,-0.061
0.013628,0.02318
0.013632,0.07808
0.013636,-0.01586
0.01364,-0.00366
0.013644,-0.09881999999999999
0.013648,0.10003999999999999
0.013652,-0.00976
0.013656,-0.01464
0.01366,0.07198
0.013664,-0.04514
0.013668,-0.041479999999999996
0.013672,-0.09881999999999999
0.013676,-0.028059999999999998
0.01368,-0.06466
0.013684,0.03538
0.013688,-0.04026
0.013692,-0.07808
0.013696,-0.06588
0.0137,-0.11956
0.013704,0.061
0.013708,0.0060999999999999995
0.013712,0.02562
0.013716,0.0366
0.01372,0.04758
0.013724,0.03172
0.013728,-0.01098
0.013732,-0.028059999999999998
0.013736,-0.09028
0.01374,-0.0060999999999999995
0.013744,-0.008539999999999999
0.013748,-0.02684
0.013752,0.020739999999999998
0.013756,-0.0305
0.01376,-0.03904
0.013764,-0.11102
0.013768,-0.15006
0.013772,-0.048799999999999996
0.013776,0.01952
0.01378,0.07686
0.013784,0.07564
0.013788,0.0183
0.013792,0.041479999999999996
0.013796,0.06953999999999999
0.0138,0.07442
0.013804,0.0366
0.013808,0.042699999999999995
0.013812,0.07198
0.013816,0.10125999999999999
0.01382,0.06588
0.013824,0.06709999999999999
0.013828,0.09028
0.013832,0.06953999999999999
0.013836,0.08417999999999999
0.01384,0.10003999999999999
0.013844,0.11223999999999999
0.013848,0.07076
0.013852,0.07198
0.013856,0.0915
0.01386,0.10003999999999999
0.013864,0.1037
0.013868,0.06831999999999999
0.013872,0.061
0.013876,0.06709999999999999
0.01388,0.10125999999999999
0.013884,0.0549
0.013888,0.06953999999999999
0.013892,0.00244
0.013896,0.06709999999999999
0.0139,-0.00488
0.013904,0.13054
0.013908,0.0060999999999999995
0.013912,0.08662
0.013916,-0.01952
0.01392,0.11589999999999999
0.013924,-0.0183
0.013928,0.00976
0.013932,-0.15006
0.013936,0.05368
0.01394,-0.32574
0.013944,-0.19276
0.013948,-0.01952
0.013952,0.020739999999999998
0.013956,-0.14274
0.01396,0.16348
0.013964,0.00366
0.013968,-0.0915
0.013972,-0.20862
0.013976,-0.12322
0.01398,-0.06831999999999999
0.013984,-0.07442
0.013988,0.061
0.013992,-0.22935999999999998
0.013996,-0.06588
0.014,-0.04758
0.014004,-0.05978
0.014008,-0.02318
0.014012,-0.03172
0.014016,-0.13176
0.01402,-0.08052
0.014024,0.01586
0.014028,0.056119999999999996
0.014032,0.0732
0.014036,0.05368
0.01404,0.05246
0.014044,0.0183
0.014048,0.02684
0.014052,0.0366
0.014056,0.07076
0.01406,0.08174
0.014064,0.06222
0.014068,0.06466
0.014072,0.08295999999999999
0.014076,0.09272
0.01408,0.08417999999999999
0.014084,0.09638
0.014088,0.1098
0.014092,0.11956
0.014096,0.11712
0.0141,0.11467999999999999
0.014104,0.09881999999999999
0.014108,0.14152
0.014112,0.09881999999999999
0.014116,0.10003999999999999
0.01412,0.11712
0.014124,0.08417999999999999
0.014128,0.09638
0.014132,0.10614
0.014136,0.1525
0.01414,0.061
0.014144,0.09028
0.014148,0.03294
0.014152,0.09881999999999999
0.014156,0.03904
0.01416,0.05856
0.014164,0.06953999999999999
0.014168,0.00732
0.014172,0.10003999999999999
0.014176,-0.07686
0.01418,0.04392
0.014184,-0.15982
0.014188,-0.05124
0.014192,-0.17202
0.014196,0.05978
0.0142,-0.13663999999999998
0.014204,-0.008539999999999999
0.014208,-0.19154
0.014212,-0.20374
0.014216,-0.15738
0.01422,-0.22935999999999998
0.014224,-0.07442
0.014228,-0.31598
0.014232,0.05124
0.014236,-0.13663999999999998
0.01424,-0.14884
0.014244,-0.19641999999999998
0.014248,-0.2135
0.014252,-0.11102
0.014256,-0.01586
0.01426,-0.07442
0.014264,-0.07686
0.014268,-0.06953999999999999
0.014272,-0.061
0.014276,0.04026
0.01428,0.08906
0.014284,-0.00488
0.014288,-0.028059999999999998
0.014292,0.00122
0.014296,0.00976
0.0143,0.0305
0.014304,-0.07198
0.014308,-0.04514
0.014312,-0.07198
0.014316,-0.07076
0.01432,-0.00488
0.014324,0.028059999999999998
0.014328,-0.00366
0.014332,0.00244
0.014336,-0.02684
0.01434,0.02318
0.014344,0.03782
0.014348,-0.02196
0.014352,0.0
0.014356,0.00488
0.01436,-0.00732
0.014364,-0.0060999999999999995
0.014368,0.03538
0.014372,0.024399999999999998
0.014376,0.0
0.01438,-0.00366
0.014384,-0.0060999999999999995
0.014388,0.00122
0.014392,-0.00732
0.014396,-0.04514
0.0144,-0.05368
0.014404,-0.024399999999999998
0.014408,-0.00732
0.014412,0.02318
0.014416,-0.02562
0.01442,0.01586
0.014424,0.0305
0.014428,0.02318
0.014432,0.028059999999999998
0.014436,0.01098
0.01444,0.01586
0.014444,0.02196
0.014448,0.017079999999999998
0.014452,0.0
0.014456,-0.028059999999999998
0.01446,-0.034159999999999996
0.014464,-0.04758
0.014468,-0.048799999999999996
0.014472,-0.06953999999999999
0.014476,-0.06466
0.01448,0.00244
0.014484,0.08295999999999999
0.014488,0.0305
0.014492,0.03904
0.014496,0.04026
0.0145,0.0183
0.014504,0.05368
0.014508,0.041479999999999996
0.014512,0.042699999999999995
0.014516,0.01952
0.01452,0.028059999999999998
0.014524,0.01098
0.014528,-0.00488
0.014532,-0.06466
0.014536,-0.12566
0.01454,-0.13054
0.014544,-0.01952
0.014548,-0.08906
0.014552,-0.01464
0.014556,-0.04758
0.01456,0.01098
0.014564,0.0
0.014568,0.02684
0.014572,0.02196
0.014576,0.041479999999999996
0.01458,0.01098
0.014584,0.03904
0.014588,0.01952
0.014592,0.01952
0.014596,-0.0183
0.0146,0.02318
0.014604,-0.024399999999999998
0.014608,-0.06709999999999999
0.014612,-0.05978
0.014616,0.03782
0.01462,-0.05856
0.014624,0.0
0.014628,-0.00976
0.014632,-0.01586
0.014636,-0.024399999999999998
0.01464,-0.01342
0.014644,-0.01342
0.014648,-0.03294
0.014652,-0.01342
0.014656,-0.017079999999999998
0.01466,-0.017079999999999998
0.014664,0.012199999999999999
0.014668,-0.00366
0.014672,0.01586
0.014676,0.024399999999999998
0.01468,-0.02318
0.014684,-0.02562
0.014688,-0.017079999999999998
0.014692,0.01342
0.014696,0.02562
0.0147,0.07442
0.014704,0.08052
0.014708,0.06709999999999999
0.014712,0.050019999999999995
0.014716,0.07686
0.01472,0.06344
0.014724,0.07076
0.014728,0.0793
0.014732,0.0732
0.014736,0.06831999999999999
0.01474,0.09516
0.014744,0.042699999999999995
0.014748,0.09759999999999999
0.014752,0.0183
0.014756,0.04514
0.01476,0.00488
0.014764,-0.06953999999999999
0.014768,-0.04026
0.014772,-0.15616
0.014776,-0.23179999999999998
0.01478,-0.20496
0.014784,-0.22569999999999998
0.014788,-0.07442
0.014792,-0.15006
0.014796,-0.050019999999999995
0.0148,-0.02318
0.014804,0.05368
0.014808,0.05856
0.014812,0.06222
0.014816,0.06588
0.01482,0.03294
0.014824,0.06466
0.014828,0.03904
0.014832,0.06953999999999999
0.014836,0.08295999999999999
0.01484,0.05978
0.014844,0.08662
0.014848,0.06953999999999999
0.014852,0.06222
0.014856,0.06709999999999999
0.01486,0.07808
0.014864,0.01342
0.014868,-0.07564
0.014872,-0.1525
0.014876,-0.2501
0.01488,-0.31598
0.014884,-0.27815999999999996
0.014888,-0.12322
0.014892,-0.00244
0.014896,0.020739999999999998
0.0149,0.02928
0.014904,0.05368
0.014908,0.03904
0.014912,0.04026
0.014916,0.0183
0.01492,-0.0060999999999999995
0.014924,-0.01952
0.014928,-0.03904
0.014932,-0.01098
0.014936,-0.04758
0.01494,-0.01952
0.014944,0.00244
0.014948,0.028059999999999998
0.014952,0.03538
0.014956,0.01586
0.01496,0.00732
0.014964,0.01098
0.014968,0.0183
0.014972,0.02318
0.014976,0.02318
0.01498,0.01952
0.014984,0.02196
0.014988,-0.012199999999999999
0.014992,-0.012199999999999999
0.014996,-0.0549
0.015,-0.04758
0.015004,-0.07076
0.015008,-0.012199999999999999
0.015012,-0.02684
0.015016,0.00366
0.01502,0.00122
0.015024,0.00488
0.015028,0.05246
0.015032,0.034159999999999996
0.015036,0.05978
0.01504,0.01952
0.015044,0.04758
0.015048,0.008539999999999999
0.015052,0.028059999999999998
0.015056,-0.03294
0.01506,-0.03294
0.015064,-0.08295999999999999
0.015068,-0.056119999999999996
0.015072,-0.10858
0.015076,-0.042699999999999995
0.01508,-0.01586
0.015084,0.0060999999999999995
0.015088,0.00488
0.015092,0.00976
0.015096,0.05124
0.0151,0.012199999999999999
0.015104,0.04758
0.015108,0.008539999999999999
0.015112,0.01342
0.015116,0.00976
0.01512,0.01098
0.015124,-0.02928
0.015128,-0.0305
0.015132,-0.06344
0.015136,-0.06222
0.01514,-0.042699999999999995
0.015144,-0.06222
0.015148,0.00732
0.015152,0.02196
0.015156,0.06466
0.01516,0.0183
0.015164,0.05124
0.015168,0.04026
0.015172,0.028059999999999998
0.015176,0.034159999999999996
0.01518,0.00366
0.015184,0.028059999999999998
0.015188,-0.017079999999999998
0.015192,-0.00244
0.015196,-0.041479999999999996
0.0152,-0.04636
0.015204,-0.09272
0.015208,-0.06222
0.015212,-0.0549
0.015216,-0.02562
0.01522,-0.00244
0.015224,0.00976
0.015228,0.05368
0.015232,0.00976
0.015236,0.04758
0.01524,0.041479999999999996
0.015244,0.042699999999999995
0.015248,0.0183
0.015252,0.01952
0.015256,-0.00244
0.01526,0.024399999999999998
0.015264,-0.01342
0.015268,-0.08417999999999999
0.015272,-0.07564
0.015276,-0.10492
0.01528,-0.0366
0.015284,-0.03782
0.015288,0.00976
0.015292,0.00366
0.015296,0.04758
0.0153,0.0366
0.015304,0.02562
0.015308,0.04636
0.015312,0.02684
0.015316,0.020739999999999998
0.01532,0.017079999999999998
0.015324,0.017079999999999998
0.015328,-0.028059999999999998
0.015332,-0.04026
0.015336,-0.07198
0.01534,-0.10492
0.015344,-0.06466
0.015348,-0.04514
0.015352,-0.01464
0.015356,0.01342
0.01536,0.041479999999999996
0.015364,0.06222
0.015368,0.02562
0.015372,0.041479999999999996
0.015376,0.02928
0.01538,0.02928
0.015384,0.012199999999999999
0.015388,0.017079999999999998
0.015392,-0.03172
0.015396,-0.02928
0.0154,-0.034159999999999996
0.015404,-0.05856
0.015408,-0.07564
0.015412,-0.0305
0.015416,-0.00122
0.01542,-0.00976
0.015424,0.01464
0.015428,0.0060999999999999995
0.015432,0.020739999999999998
0.015436,0.02684
0.01544,0.02562
0.015444,0.01098
0.015448,0.01098
0.015452,0.00976
0.015456,-0.01342
0.01546,-0.00122
0.015464,-0.0183
0.015468,-0.017079999999999998
0.015472,-0.0366
0.015476,-0.028059999999999998
0.01548,-0.008539999999999999
0.015484,0.008539999999999999
0.015488,0.042699999999999995
0.015492,0.01342
0.015496,0.03538
0.0155,0.0183
0.015504,0.008539999999999999
0.015508,-0.00122
0.015512,-0.0183
0.015516,-0.01586
0.01552,-0.04514
0.015524,-0.028059999999999998
0.015528,-0.041479999999999996
0.015532,0.012199999999999999
0.015536,-0.01098
0.01554,0.01464
0.015544,0.02318
0.015548,0.01098
0.015552,0.03538
0.015556,-0.020739999999999998
0.01556,0.01586
0.015564,-0.01586
0.015568,0.00732
0.015572,-0.01464
0.015576,-0.028059999999999998
0.01558,-0.00366
0.015584,-0.0183
0.015588,0.008539999999999999
0.015592,-0.01952
0.015596,0.008539999999999999
0.0156,0.00732
0.015604,0.00732
0.015608,0.012199999999999999
0.015612,-0.00976
0.015616,0.01098
0.01562,-0.0183
0.015624,0.0
0.015628,-0.03538
0.015632,-0.028059999999999998
0.015636,-0.01342
0.01564,-0.00732
0.015644,0.024399999999999998
0.015648,-0.00488
0.015652,0.024399999999999998
0.015656,-0.00488
0.01566,0.00488
0.015664,-0.008539999999999999
0.015668,-0.01342
0.015672,0.00976
0.015676,-0.02684
0.01568,0.00366
0.015684,-0.02318
0.015688,-0.01098
0.015692,-0.008539999999999999
0.015696,0.0
0.0157,0.02684
0.015704,-0.01342
0.015708,0.01098
0.015712,-0.01464
0.015716,0.017079999999999998
0.01572,-0.01098
0.015724,-0.00122
0.015728,0.00122
0.015732,-0.02562
0.015736,-0.00976
0.01574,-0.020739999999999998
0.015744,0.01342
0.015748,0.02684
0.015752,-0.008539999999999999
0.015756,0.008539999999999999
0.01576,-0.00366
0.015764,0.00366
0.015768,-0.008539999999999999
0.015772,0.00488
0.015776,-0.00122
0.01578,0.00122
0.015784,-0.0060999999999999995
0.015788,-0.01464
0.015792,-0.008539999999999999
0.015796,-0.00488
0.0158,-0.0060999999999999995
0.015804,0.00122
0.015808,-0.00122
0.015812,0.01952
0.015816,-0.00366
0.01582,0.00976
0.015824,-0.01098
0.015828,0.0
0.015832,0.00122
0.015836,-0.01464
0.01584,-0.01342
0.015844,-0.0060999999999999995
0.015848,-0.00732
0.015852,-0.0183
0.015856,0.00122
0.01586,0.00244
0.015864,-0.0060999999999999995
0.015868,0.00366
0.015872,-0.03172
0.015876,-0.00366
0.01588,-0.00488
0.015884,0.00122
0.015888,0.017079999999999998
0.015892,-0.02318
0.015896,-0.017079999999999998
0.0159,0.00366
0.015904,0.00366
0.015908,-0.00122
0.015912,0.00366
0.015916,-0.01342
0.01592,0.00732
0.015924,-0.00976
0.015928,0.00732
0.015932,-0.00488
0.015936,-0.01342
0.01594,-0.0060999999999999995
0.015944,-0.02318
0.015948,0.00732
0.015952,-0.00732
0.015956,0.00122
0.01596,-0.00244
0.015964,-0.01586
0.015968,0.0060999999999999995
0.015972,-0.00122
0.015976,-0.01464
0.01598,-0.00244
0.015984,-0.01586
0.015988,-0.00244
0.015992,0.01342
0.015996,-0.00732
0.016,-0.00122
0.016004,-0.01586
0.016008,0.00122
0.016012,0.00122
0.016016,-0.00732
0.01602,0.012199999999999999
0.016024,-0.0060999999999999995
0.016028,0.00366
0.016032,0.00732
0.016036,-0.00244
0.01604,0.012199999999999999
0.016044,0.0
0.016048,-0.00244
0.016052,0.00488
0.016056,-0.01098
0.01606,0.00366
0.016064,-0.01342
0.016068,-0.01098
0.016072,-0.00244
0.016076,-0.024399999999999998
0.01608,0.01464
0.016084,-0.00488
0.016088,0.02196
0.016092,-0.00976
0.016096,-0.0183
0.0161,0.008539999999999999
0.016104,-0.01464
0.016108,0.0060999999999999995
0.016112,0.00732
0.016116,-0.01098
0.01612,0.00976
0.016124,-0.012199999999999999
0.016128,-0.00366
0.016132,-0.020739999999999998
0.016136,-0.00732
0.01614,-0.00488
0.016144,-0.01098
0.016148,0.00732
0.016152,-0.020739999999999998
0.016156,0.0060999999999999995
0.01616,-0.00976
0.016164,-0.0060999999999999995
0.016168,-0.00244
0.016172,-0.02318
0.016176,-0.01342
0.01618,-0.028059999999999998
0.016184,0.00976
0.016188,-0.01342
0.016192,-0.008539999999999999
0.016196,-0.012199999999999999
0.0162,-0.01464
0.016204,0.00976
0.016208,-0.012199999999999999
0.016212,0.00732
0.016216,-0.00488
0.01622,0.00976
0.016224,0.00732
0.016228,-0.008539999999999999
0.016232,-0.00244
0.016236,-0.0183
0.01624,0.00366
0.016244,-0.008539999999999999
0.016248,-0.00732
0.016252,0.01098
0.016256,-0.01586
0.01626,0.00366
0.016264,-0.008539999999999999
0.016268,-0.008539999999999999
0.016272,-0.00122
0.016276,-0.017079999999999998
0.01628,-0.00244
0.016284,-0.0060999999999999995
0.016288,-0.00244
0.016292,0.00366
0.016296,-0.01952
0.0163,-0.01098
0.016304,-0.0183
0.016308,0.0
0.016312,-0.00366
0.016316,-0.020739999999999998
0.01632,0.00122
0.016324,-0.00976
0.016328,-0.00122
0.016332,0.00366
0.016336,-0.008539999999999999
0.01634,0.01098
0.016344,-0.01098
0.016348,0.01098
0.016352,0.0
0.016356,0.00122
0.01636,0.00244
0.016364,-0.02684
0.016368,0.00244
0.016372,-0.01464
0.016376,0.00122
0.01638,0.0
0.016384,-0.01586
0.016388,0.008539999999999999
0.016392,-0.012199999999999999
0.016396,-0.00366
0.0164,0.00122
0.016404,-0.00732
0.016408,0.0060999999999999995
0.016412,-0.01098
0.016416,-0.00244
0.01642,0.00488
0.016424,-0.00732
0.016428,0.00488
0.016432,-0.008539999999999999
0.016436,0.00122
0.01644,0.00244
0.016444,0.00488
0.016448,0.00244
0.016452,-0.01952
0.016456,-0.01098
0.01646,-0.01342
0.016464,-0.0060999999999999995
0.016468,-0.00732
0.016472,-0.0183
0.016476,-0.00976
0.01648,-0.00366
0.016484,-0.0060999999999999995
0.016488,0.0060999999999999995
0.016492,-0.012199999999999999
0.016496,-0.00488
0.0165,0.0
0.016504,-0.00122
0.016508,0.00366
0.016512,-0.01098
0.016516,-0.00366
0.01652,0.012199999999999999
0.016524,-0.00244
0.016528,0.0060999999999999995
0.016532,-0.008539999999999999
0.016536,-0.00732
0.01654,0.00976
0.016544,-0.01098
0.016548,0.00366
0.016552,-0.008539999999999999
0.016556,-0.01098
0.01656,0.00732
0.016564,-0.008539999999999999
0.016568,-0.00122
0.016572,-0.00976
0.016576,-0.01586
0.01658,-0.00244
0.016584,-0.01342
0.016588,-0.00366
0.016592,-0.0060999999999999995
0.016596,-0.01342
0.0166,0.00122
0.016604,-0.020739999999999998
0.016608,0.0
0.016612,-0.01952
0.016616,-0.00732
0.01662,0.00488
0.016624,-0.01342
0.016628,-0.00244
0.016632,0.00244
0.016636,-0.00366
0.01664,0.00366
0.016644,-0.00488
0.016648,-0.00366
0.016652,0.00122
0.016656,0.00122
0.01666,0.00122
0.016664,0.00122
0.016668,0.0
0.016672,-0.01098
0.016676,0.00244
0.01668,-0.01586
0.016684,-0.00732
0.016688,0.00244
0.016692,-0.00366
0.016696,0.00244
0.0167,-0.0060999999999999995
0.016704,-0.017079999999999998
0.016708,-0.0060999999999999995
0.016712,-0.008539999999999999
0.016716,-0.00366
0.01672,0.00122
0.016724,-0.01342
0.016728,-0.0060999999999999995
0.016732,-0.00488
0.016736,-0.00732
0.01674,-0.0060999999999999995
0.016744,-0.00488
0.016748,-0.00488
0.016752,-0.00244
0.016756,-0.008539999999999999
0.01676,-0.0060999999999999995
0.016764,0.00122
0.016768,0.00244
0.016772,-0.00488
0.016776,-0.00244
0.01678,-0.00366
0.016784,-0.00122
0.016788,-0.0060999999999999995
0.016792,-0.01342
0.016796,0.00122
0.0168,0.00122
0.016804,0.00122
0.016808,-0.00732
0.016812,-0.00732
0.016816,-0.00366
0.01682,0.00122
0.016824,-0.008539999999999999
0.016828,-0.012199999999999999
0.016832,-0.00244
0.016836,-0.00732
0.01684,-0.00366
0.016844,-0.0060999999999999995
0.016848,-0.008539999999999999
0.016852,-0.00366
0.016856,-0.01098
0.01686,-0.00366
0.016864,0.00366
0.016868,-0.0060999999999999995
0.016872,-0.01098
0.016876,-0.00732
0.01688,-0.00366
0.016884,-0.00366
0.016888,-0.00976
0.016892,-0.00488
0.016896,-0.00366
0.0169,-0.01586
0.016904,-0.01586
0.016908,-0.008539999999999999
0.016912,-0.00122
0.016916,-0.008539999999999999
0.01692,-0.00366
0.016924,-0.00732
0.016928,0.00244
0.016932,0.00732
0.016936,-0.0060999999999999995
0.01694,-0.00366
0.016944,-0.00366
0.016948,-0.00244
0.016952,-0.00488
0.016956,-0.00366
0.01696,-0.00244
0.016964,-0.008539999999999999
0.016968,0.0
0.016972,-0.008539999999999999
0.016976,0.0
0.01698,0.0
0.016984,-0.00244
0.016988,-0.00366
0.016992,-0.00488
0.016996,-0.0060999999999999995
0.017,-0.00366
0.017004,-0.00732
0.017008,-0.00366
0.017012,-0.008539999999999999
0.017016,-0.00732
0.01702,-0.0183
0.017024,-0.0060999999999999995
0.017028,-0.012199999999999999
0.017032,-0.01098
0.017036,-0.012199999999999999
0.01704,-0.01098
0.017044,-0.00244
0.017048,-0.01098
0.017052,-0.0060999999999999995
0.017056,-0.00488
0.01706,-0.008539999999999999
0.017064,-0.00244
0.017068,-0.00122
0.017072,0.00122
0.017076,0.00244
0.01708,-0.0060999999999999995
0.017084,-0.01098
0.017088,-0.01464
0.017092,0.00122
0.017096,-0.00244
0.0171,-0.008539999999999999
0.017104,-0.00366
0.017108,-0.0060999999999999995
0.017112,-0.00732
0.017116,-0.01342
0.01712,-0.00488
0.017124,-0.00244
0.017128,-0.00732
0.017132,-0.00732
0.017136,-0.00976
0.01714,-0.008539999999999999
0.017144,0.00366
0.017148,-0.00122
0.017152,0.00122
0.017156,-0.012199999999999999
0.01716,-0.00488
0.017164,-0.00244
0.017168,0.00122
0.017172,0.00488
0.017176,-0.0060999999999999995
0.01718,-0.00366
0.017184,-0.00122
0.017188,-0.00366
0.017192,-0.00976
0.017196,-0.01586
0.0172,0.0
0.017204,0.00488
0.017208,-0.0060999999999999995
0.017212,-0.00488
0.017216,-0.00976
0.01722,-0.00122
0.017224,0.008539999999999999
0.017228,0.0
0.017232,0.0
0.017236,-0.008539999999999999
0.01724,-0.00732
0.017244,0.0
0.017248,-0.00366
0.017252,-0.00488
0.017256,-0.00488
0.01726,-0.00366
0.017264,-0.0060999999999999995
0.017268,-0.00732
0.017272,-0.00122
0.017276,-0.00244
0.01728,0.0
0.017284,-0.00732
0.017288,-0.008539999999999999
0.017292,-0.008539999999999999
0.017296,-0.00244
0.0173,0.00244
0.017304,-0.00244
0.017308,0.00122
0.017312,-0.00732
0.017316,-0.008539999999999999
0.01732,0.0
0.017324,-0.00488
0.017328,-0.00122
0.017332,0.0
0.017336,-0.0060999999999999995
0.01734,-0.00244
0.017344,-0.00122
0.017348,0.00244
0.017352,-0.0060999999999999995
0.017356,-0.00366
0.01736,-0.008539999999999999
0.017364,-0.00732
0.017368,0.0060999999999999995
0.017372,0.00122
0.017376,-0.008539999999999999
0.01738,-0.00976
0.017384,-0.00732
0.017388,-0.00366
0.017392,-0.00122
0.017396,-0.00244
0.0174,0.00488
0.017404,-0.00366
0.017408,-0.00122
0.017412,-0.00244
0.017416,-0.008539999999999999
0.01742,0.00244
0.017424,-0.00488
0.017428,-0.00732
0.017432,-0.012199999999999999
0.017436,-0.01464
0.01744,0.0
0.017444,-0.0060999999999999995
0.017448,0.00122
0.017452,0.00488
0.017456,0.00366
0.01746,-0.00366
0.017464,-0.0060999999999999995
0.017468,-0.00732
0.017472,-0.00244
0.017476,-0.00244
0.01748,-0.00976
0.017484,-0.012199999999999999
0.017488,-0.01342
0.017492,-0.008539999999999999
0.017496,0.00366
0.0175,0.0
0.017504,-0.00244
0.017508,-0.00488
0.017512,-0.00366
0.017516,-0.00366
0.01752,0.0
0.017524,-0.008539999999999999
0.017528,-0.00366
0.017532,0.00122
0.017536,-0.0060999999999999995
0.01754,-0.01098
0.017544,-0.01586
0.017548,-0.01342
0.017552,-0.0060999999999999995
0.017556,0.00122
0.01756,-0.01586
0.017564,-0.00122
0.017568,-0.00366
0.017572,0.008539999999999999
0.017576,0.00366
0.01758,0.00122
0.017584,0.0
0.017588,-0.00122
0.017592,0.0
0.017596,-0.00122
0.0176,-0.00366
0.017604,-0.008539999999999999
0.017608,-0.00366
0.017612,-0.01464
0.017616,-0.012199999999999999
0.01762,-0.0060999999999999995
0.017624,0.00122
0.017628,-0.00488
0.017632,-0.00488
0.017636,-0.00732
0.01764,-0.01098
0.017644,-0.00122
0.017648,0.00244
0.017652,0.00244
0.017656,-0.00366
0.01766,-0.008539999999999999
0.017664,-0.00244
0.017668,0.00244
0.017672,-0.00488
0.017676,-0.00244
0.01768,-0.00366
0.017684,0.00122
0.017688,-0.008539999999999999
0.017692,-0.00732
0.017696,0.00244
0.0177,-0.00488
0.017704,-0.012199999999999999
0.017708,-0.01464
0.017712,-0.00366
0.017716,-0.0060999999999999995
0.01772,-0.0060999999999999995
0.017724,-0.00244
0.017728,0.0
0.017732,0.0
0.017736,-0.00122
0.01774,-0.00488
0.017744,-0.00976
0.017748,-0.00122
0.017752,0.00122
0.017756,-0.00244
0.01776,-0.00122
0.017764,-0.00122
0.017768,0.0
0.017772,-0.00244
0.017776,-0.00244
0.01778,-0.00366
0.017784,-0.00122
0.017788,-0.00366
0.017792,-0.0060999999999999995
0.017796,-0.01464
0.0178,-0.01342
0.017804,-0.00488
0.017808,-0.00122
0.017812,-0.00488
0.017816,-0.012199999999999999
0.01782,-0.00732
0.017824,-0.00122
0.017828,-0.00366
0.017832,-0.00976
0.017836,-0.00366
0.01784,0.0
0.017844,-0.00732
0.017848,-0.0060999999999999995
0.017852,0.00122
0.017856,0.0
0.01786,-0.00122
0.017864,-0.00366
0.017868,-0.01464
0.017872,-0.00366
0.017876,0.00244
0.01788,-0.00366
0.017884,-0.00366
0.017888,0.00122
0.017892,0.00122
0.017896,0.00366
0.0179,-0.008539999999999999
0.017904,-0.00244
0.017908,0.00244
0.017912,-0.00122
0.017916,-0.0060999999999999995
0.01792,-0.00244
0.017924,-0.00366
0.017928,-0.00488
0.017932,-0.00244
0.017936,-0.0060999999999999995
0.01794,-0.0060999999999999995
0.017944,0.00244
0.017948,-0.00488
0.017952,-0.00488
0.017956,0.00122
0.01796,0.0
0.017964,-0.00366
0.017968,-0.00732
0.017972,-0.00366
0.017976,0.00488
0.01798,-0.00488
0.017984,-0.01098
0.017988,-0.00122
0.017992,0.0060999999999999995
0.017996,-0.00366
0.018,-0.012199999999999999
0.018004,-0.0060999999999999995
0.018008,0.00122
0.018012,0.00244
0.018016,-0.00976
0.01802,-0.00976
0.018024,0.00122
0.018028,0.0
0.018032,-0.00732
0.018036,-0.00732
0.01804,-0.0060999999999999995
0.018044,-0.00488
0.018048,-0.00366
0.018052,-0.00488
0.018056,-0.00488
0.01806,-0.008539999999999999
0.018064,0.0
0.018068,0.00122
0.018072,0.00244
0.018076,-0.00122
0.01808,-0.00732
0.018084,-0.00244
0.018088,-0.00366
0.018092,-0.00122
0.018096,-0.00244
0.0181,0.0
0.018104,0.00122
0.018108,-0.0060999999999999995
0.018112,-0.00488
0.018116,0.00366
0.01812,0.0060999999999999995
0.018124,-0.00244
0.018128,-0.00244
0.018132,-0.008539999999999999
0.018136,0.00244
0.01814,0.01098
0.018144,-0.00366
0.018148,-0.017079999999999998
0.018152,-0.00122
0.018156,0.00244
0.01816,-0.00732
0.018164,-0.012199999999999999
0.018168,-0.00366
0.018172,0.00366
0.018176,0.00244
0.01818,0.0
0.018184,-0.00732
0.018188,-0.0060999999999999995
0.018192,-0.00366
0.018196,-0.00122
0.0182,0.01098
0.018204,0.00366
0.018208,-0.00976
0.018212,-0.00732
0.018216,-0.00122
0.01822,0.00488
0.018224,-0.00122
0.018228,-0.01342
0.018232,-0.00366
0.018236,0.00732
0.01824,0.0
0.018244,-0.00732
0.018248,-0.00732
0.018252,-0.00244
0.018256,0.0
0.01826,-0.00122
0.018264,-0.00244
0.018268,0.0
0.018272,-0.00366
0.018276,-0.0060999999999999995
0.01828,0.0
0.018284,-0.00366
0.018288,-0.01098
0.018292,-0.0060999999999999995
0.018296,-0.00122
0.0183,-0.00122
0.018304,0.0060999999999999995
0.018308,-0.00122
0.018312,-0.0060999999999999995
0.018316,-0.0060999999999999995
0.01832,0.00244
0.018324,0.00122
0.018328,-0.00244
0.018332,-0.00488
0.018336,-0.00244
0.01834,-0.00122
0.018344,0.00366
0.018348,0.00366
0.018352,0.00122
0.018356,-0.01098
0.01836,-0.00488
0.018364,-0.00366
0.018368,-0.00122
0.018372,-0.00366
0.018376,-0.00488
0.01838,-0.0060999999999999995
0.018384,-0.00122
0.018388,0.00244
0.018392,-0.00122
0.018396,-0.0060999999999999995
0.0184,-0.00122
0.018404,0.0
0.018408,-0.00366
0.018412,-0.00122
0.018416,0.00366
0.01842,0.0060999999999999995
0.018424,-0.00366
0.018428,-0.00122
0.018432,-0.00366
0.018436,-0.00122
0.01844,0.00122
0.018444,-0.00122
0.018448,-0.00488
0.018452,-0.00488
0.018456,0.00366
0.01846,-0.00122
0.018464,-0.00366
0.018468,-0.00122
0.018472,-0.00488
0.018476,-0.0060999999999999995
0.01848,-0.00244
0.018484,-0.00366
0.018488,-0.0060999999999999995
0.018492,0.00244
0.018496,-0.00366
0.0185,-0.00122
0.018504,0.00122
0.018508,-0.00244
0.018512,-0.008539999999999999
0.018516,0.00366
0.01852,0.0
0.018524,-0.00366
0.018528,-0.00366
0.018532,-0.00122
0.018536,0.00122
0.01854,-0.00244
0.018544,-0.00488
0.018548,-0.00244
0.018552,-0.00122
0.018556,-0.00122
0.01856,0.0
0.018564,-0.0060999999999999995
0.018568,-0.00488
0.018572,0.00366
0.018576,0.0
0.01858,0.0
0.018584,-0.00488
0.018588,-0.00488
0.018592,0.00122
0.018596,-0.00488
0.0186,-0.012199999999999999
0.018604,0.00122
0.018608,0.0060999999999999995
0.018612,-0.00366
0.018616,-0.00732
0.01862,-0.0060999999999999995
0.018624,-0.00122
0.018628,-0.00122
0.018632,0.00244
0.018636,-0.00732
0.01864,-0.00488
0.018644,0.0
0.018648,-0.00488
0.018652,-0.00122
0.018656,-0.00122
0.01866,-0.00488
0.018664,-0.00122
0.018668,-0.00244
0.018672,-0.00244
0.018676,0.00122
0.01868,0.00488
0.018684,-0.00366
0.018688,-0.00732
0.018692,0.0
0.018696,-0.00122
0.0187,-0.00122
0.018704,-0.00366
0.018708,0.00244
0.018712,-0.00244
0.018716,-0.00244
0.01872,-0.00244
0.018724,0.0
0.018728,0.00122
0.018732,-0.00366
0.018736,-0.00244
0.01874,-0.00122
0.018744,-0.00244
0.018748,-0.00366
0.018752,-0.00122
0.018756,0.00122
0.01876,0.00244
0.018764,0.0
0.018768,-0.00122
0.018772,-0.00366
0.018776,-0.00488
0.01878,0.00488
0.018784,-0.00732
0.018788,-0.01342
0.018792,-0.00488
0.018796,-0.00122
0.0188,0.0
0.018804,-0.00366
0.018808,-0.00366
0.018812,-0.00244
0.018816,0.00244
0.01882,0.00488
0.018824,-0.00366
0.018828,-0.00488
0.018832,0.00244
0.018836,0.00488
0.01884,0.0
0.018844,0.0
0.018848,0.00122
0.018852,-0.00732
0.018856,-0.01464
0.01886,-0.00244
0.018864,-0.00244
0.018868,0.0
0.018872,-0.00366
0.018876,-0.00366
0.01888,-0.00244
0.018884,-0.00732
0.018888,0.00244
0.018892,0.00366
0.018896,-0.0060999999999999995
0.0189,-0.00244
0.018904,0.00122
0.018908,-0.00366
0.018912,-0.00122
0.018916,0.00366
0.01892,0.0
0.018924,0.0
0.018928,0.00366
0.018932,0.00244
0.018936,0.00244
0.01894,-0.00976
0.018944,0.0
0.018948,0.00122
0.018952,-0.00244
0.018956,-0.00244
0.01896,-0.00122
0.018964,-0.00488
0.018968,0.00122
0.018972,0.00366
0.018976,-0.00244
0.01898,-0.00488
0.018984,-0.00488
0.018988,0.00122
0.018992,-0.00122
0.018996,0.0
0.019,0.0
0.019004,-0.00244
0.019008,-0.00488
0.019012,0.00366
0.019016,-0.00244
0.01902,-0.00366
0.019024,-0.00366
0.019028,0.00244
0.019032,-0.00488
0.019036,-0.00732
0.01904,0.00122
0.019044,-0.00122
0.019048,-0.00122
0.019052,-0.00244
0.019056,-0.00488
0.01906,0.00488
0.019064,-0.00122
0.019068,-0.00122
0.019072,-0.00366
0.019076,-0.00122
0.01908,0.00122
0.019084,0.0
0.019088,-0.00366
0.019092,0.00122
0.019096,0.00122
0.0191,-0.00366
0.019104,0.00244
0.019108,0.00122
0.019112,-0.00122
0.019116,-0.0060999999999999995
0.01912,0.00366
0.019124,-0.00122
0.019128,-0.00366
0.019132,0.0
0.019136,-0.00366
0.01914,-0.0060999999999999995
0.019144,0.00122
0.019148,-0.00366
0.019152,-0.0060999999999999995
0.019156,-0.008539999999999999
0.01916,-0.00122
0.019164,0.00488
0.019168,-0.00366
0.019172,0.0
0.019176,0.00488
0.01918,0.00244
0.019184,0.00244
0.019188,0.00244
0.019192,-0.00366
0.019196,-0.00122
0.0192,0.00122
0.019204,-0.00366
0.019208,-0.00488
0.019212,0.00122
0.019216,0.0060999999999999995
0.01922,-0.00366
0.019224,-0.00366
0.019228,-0.00366
0.019232,0.00976
0.019236,-0.00122
0.01924,-0.00366
0.019244,-0.00122
0.019248,0.00122
0.019252,-0.0060999999999999995
0.019256,-0.00732
0.01926,0.0060999999999999995
0.019264,0.00122
0.019268,-0.0060999999999999995
0.019272,-0.00122
0.019276,-0.00122
0.01928,-0.00488
0.019284,-0.00488
0.019288,0.0
0.019292,-0.00122
0.019296,-0.00244
0.0193,-0.00122
0.019304,0.0
0.019308,-0.00366
0.019312,-0.00244
0.019316,0.0
0.01932,0.0
0.019324,0.00244
0.019328,0.00122
0.019332,-0.00244
0.019336,-0.0060999999999999995
0.01934,0.0
0.019344,0.00122
0.019348,-0.00732
0.019352,-0.00244
0.019356,0.00732
0.01936,-0.00366
0.019364,-0.00488
0.019368,0.00122
0.019372,-0.00244
0.019376,-0.00366
0.01938,-0.00244
0.019384,-0.00366
0.019388,-0.00122
0.019392,-0.00488
0.019396,-0.00244
0.0194,-0.00366
0.019404,-0.00244
0.019408,-0.00244
0.019412,-0.00244
0.019416,-0.0060999999999999995
0.01942,-0.0060999999999999995
0.019424,-0.00122
0.019428,0.00488
0.019432,-0.00122
0.019436,-0.008539999999999999
0.01944,-0.00244
0.019444,-0.00732
0.019448,-0.00244
0.019452,-0.00122
0.019456,-0.00244
0.01946,-0.00244
0.019464,-0.0060999999999999995
0.019468,-0.00244
0.019472,0.0
0.019476,-0.0060999999999999995
0.01948,0.00122
0.019484,-0.00488
0.019488,-0.00244
0.019492,0.00122
0.019496,-0.00366
0.0195,0.00122
0.019504,0.00366
0.019508,-0.00488
0.019512,-0.00122
0.019516,-0.00366
0.01952,0.0
0.019524,-0.0060999999999999995
0.019528,-0.00122
0.019532,0.00366
0.019536,-0.00366
0.01954,-0.00366
0.019544,-0.00122
0.019548,-0.00366
0.019552,-0.00122
0.019556,0.0
0.01956,-0.00122
0.019564,-0.00122
0.019568,-0.00976
0.019572,-0.00122
0.019576,-0.00366
0.01958,-0.00366
0.019584,-0.00244
0.019588,-0.00488
0.019592,-0.00122
0.019596,-0.00244
0.0196,-0.00244
0.019604,0.00366
0.019608,0.0
0.019612,-0.00488
0.019616,-0.00732
0.01962,-0.00732
0.019624,-0.00122
0.019628,-0.00122
0.019632,-0.00122
0.019636,-0.00366
0.01964,-0.00488
0.019644,-0.00366
0.019648,0.0
0.019652,-0.00366
0.019656,0.00244
0.01966,-0.00732
0.019664,-0.0060999999999999995
0.019668,-0.00244
0.019672,-0.00488
0.019676,-0.00122
0.01968,-0.00366
0.019684,-0.0060999999999999995
0.019688,-0.00244
0.019692,0.00122
0.019696,0.0
0.0197,0.00122
0.019704,-0.00244
0.019708,-0.00122
0.019712,-0.00244
0.019716,-0.0060999999999999995
0.01972,-0.008539999999999999
0.019724,-0.00122
0.019728,-0.0060999999999999995
0.019732,-0.00366
0.019736,-0.00244
0.01974,-0.00366
0.019744,-0.00244
0.019748,-0.00488
0.019752,0.0
0.019756,-0.00244
0.01976,0.0
0.019764,0.00244
0.019768,-0.00122
0.019772,-0.00244
0.019776,-0.00732
0.01978,-0.00488
0.019784,-0.00122
0.019788,-0.00366
0.019792,-0.0060999999999999995
0.019796,0.00244
0.0198,-0.00488
0.019804,-0.00122
0.019808,-0.00366
0.019812,-0.0060999999999999995
0.019816,-0.00122
0.01982,-0.00732
0.019824,-0.00244
0.019828,-0.00366
0.019832,-0.00488
0.019836,-0.00244
0.01984,0.00244
0.019844,0.0
0.019848,-0.00488
0.019852,-0.00732
0.019856,-0.00366
0.01986,-0.00244
0.019864,0.0
0.019868,-0.00366
0.019872,0.0
0.019876,-0.00244
0.01988,-0.00244
0.019884,-0.00122
0.019888,-0.00122
0.019892,0.00244
0.019896,-0.00122
0.0199,-0.008539999999999999
0.019904,-0.00244
0.019908,0.00366
0.019912,-0.0060999999999999995
0.019916,-0.00488
0.01992,-0.00488
0.019924,-0.00732
0.019928,-0.00488
0.019932,-0.00488
0.019936,-0.0060999999999999995
0.01994,0.00122
0.019944,-0.00244
0.019948,0.0
0.019952,-0.00244
0.019956,0.00366
0.01996,-0.00244
0.019964,-0.00488
0.019968,0.0
0.019972,-0.0060999999999999995
0.019976,-0.00488
0.01998,-0.00122
0.019984,-0.00488
0.019988,-0.00488
0.019992,-0.00244
0.019996,-0.00366
0.02,-0.00244
0.020004,-0.008539999999999999
0.020008,-0.00366
0.020012,-0.00244
0.020016,-0.00244
0.02002,-0.00366
0.020024,0.00122
0.020028,-0.00122
0.020032,-0.0060999999999999995
0.020036,0.0
0.02004,0.00122
0.020044,0.00122
0.020048,-0.00244
0.020052,-0.00122
0.020056,-0.00244
0.02006,0.0
0.020064,-0.00366
0.020068,-0.00366
0.020072,-0.00122
0.020076,-0.00122
0.02008,-0.0060999999999999995
0.020084,0.0
0.020088,0.00244
0.020092,0.0
0.020096,-0.00366
0.0201,0.0
0.020104,-0.00122
0.020108,-0.00732
0.020112,-0.0060999999999999995
0.020116,-0.00366
0.02012,-0.00122
0.020124,-0.00244
0.020128,-0.00366
0.020132,-0.00366
0.020136,-0.00244
0.02014,0.00122
0.020144,-0.00122
0.020148,-0.00366
0.020152,0.0
0.020156,0.00366
0.02016,-0.00488
0.020164,-0.00488
0.020168,-0.00122
0.020172,-0.00122
0.020176,-0.00732
0.02018,-0.00244
0.020184,-0.00488
0.020188,0.0
0.020192,-0.00122
0.020196,-0.00122
0.0202,-0.00122
0.020204,0.0
0.020208,-0.00122
0.020212,0.0
0.020216,0.00122
0.02022,0.00122
0.020224,-0.00244
0.020228,-0.00366
0.020232,-0.00488
0.020236,-0.00366
0.02024,0.00244
0.020244,0.00122
0.020248,-0.00244
0.020252,-0.00366
0.020256,-0.00244
0.02026,-0.00122
0.020264,-0.0060999999999999995
0.020268,-0.00488
0.020272,-0.00244
0.020276,-0.00366
0.02028,-0.0060999999999999995
0.020284,0.0
0.020288,0.00122
0.020292,-0.00244
0.020296,-0.00488
0.0203,-0.00244
0.020304,-0.00488
0.020308,-0.0060999999999999995
0.020312,-0.00122
0.020316,-0.00244
0.02032,-0.00366
0.020324,-0.00366
0.020328,-0.00244
0.020332,-0.00122
0.020336,-0.00244
0.02034,-0.00244
0.020344,-0.00244
0.020348,-0.00366
0.020352,0.00122
0.020356,-0.00122
0.02036,-0.00244
0.020364,0.0
0.020368,-0.00366
0.020372,-0.00244
0.020376,-0.00122
0.02038,-0.00488
0.020384,-0.00244
0.020388,-0.00122
0.020392,-0.0060999999999999995
0.020396,-0.0060999999999999995
0.0204,-0.00244
0.020404,-0.00366
0.020408,-0.00122
0.020412,-0.00122
0.020416,-0.00122
0.02042,-0.00366
0.020424,-0.00732
0.020428,-0.00122
0.020432,0.0
0.020436,-0.00488
0.02044,-0.00122
0.020444,0.0
0.020448,-0.00122
0.020452,-0.00732
0.020456,-0.00488
0.02046,-0.00732
0.020464,-0.00122
0.020468,-0.00122
0.020472,-0.00122
0.020476,-0.00488
0.02048,-0.00244
0.020484,-0.00244
0.020488,-0.00366
0.020492,-0.00122
0.020496,-0.00122
0.0205,0.0
0.020504,-0.00366
0.020508,-0.00366
0.020512,-0.00122
0.020516,-0.00122
0.02052,-0.00366
0.020524,-0.00244
0.020528,0.00122
0.020532,0.0
0.020536,-0.0060999999999999995
0.02054,-0.0060999999999999995
0.020544,0.00122
0.020548,-0.00122
0.020552,-0.00122
0.020556,-0.00122
0.02056,-0.00244
0.020564,-0.00244
0.020568,-0.00122
0.020572,0.0
0.020576,-0.00488
0.02058,-0.00366
0.020584,-0.00122
0.020588,-0.00244
0.020592,-0.00488
0.020596,0.0
0.0206,-0.00244
0.020604,-0.00122
0.020608,-0.00122
0.020612,-0.00366
0.020616,-0.00122
0.02062,-0.00244
0.020624,-0.00244
0.020628,-0.00366
0.020632,-0.00244
0.020636,-0.00244
0.02064,-0.00244
0.020644,0.00122
0.020648,0.0
0.020652,0.00122
0.020656,-0.00122
0.02066,-0.00366
0.020664,-0.00488
0.020668,-0.00244
0.020672,0.00122
0.020676,0.0
0.02068,0.00244
0.020684,-0.00122
0.020688,-0.00366
0.020692,-0.00488
0.020696,-0.00488
0.0207,0.0
0.020704,-0.00244
0.020708,-0.00366
0.020712,-0.00244
0.020716,-0.00122
0.02072,0.00122
0.020724,-0.00122
0.020728,-0.00122
0.020732,-0.00366
0.020736,-0.00244
0.02074,-0.00244
0.020744,-0.00244
0.020748,-0.00366
0.020752,0.0
0.020756,-0.00122
0.02076,-0.00244
0.020764,-0.00122
0.020768,-0.00366
0.020772,-0.00244
0.020776,0.00122
0.02078,0.00488
0.020784,-0.00122
0.020788,0.0
0.020792,0.0
0.020796,-0.00122
0.0208,-0.00366
0.020804,-0.00244
0.020808,-0.00244
0.020812,-0.00488
0.020816,-0.00122
0.02082,-0.00244
0.020824,-0.00244
0.020828,0.00122
0.020832,-0.00244
0.020836,-0.00488
0.02084,-0.00244
0.020844,-0.00366
0.020848,-0.00122
0.020852,-0.00244
0.020856,-0.00244
0.02086,-0.00366
0.020864,0.0
0.020868,-0.00122
0.020872,-0.00244
0.020876,-0.00122
0.02088,0.00122
0.020884,-0.00366
0.020888,0.0
0.020892,0.0
0.020896,-0.00244
0.0209,-0.00122
0.020904,-0.00122
0.020908,0.00122
0.020912,-0.00122
0.020916,-0.00122
0.02092,-0.00122
0.020924,-0.00122
0.020928,-0.00122
0.020932,-0.00244
0.020936,-0.00366
0.02094,0.00122
0.020944,-0.00244
0.020948,-0.00244
0.020952,-0.00366
0.020956,-0.00122
0.02096,0.0
0.020964,-0.00122
0.020968,-0.00122
0.020972,-0.00366
0.020976,-0.00244
0.02098,-0.00366
0.020984,-0.00244
0.020988,0.00366
0.020992,0.00122
0.020996,-0.00244
0.021,-0.00488
0.021004,-0.00122
0.021008,-0.00122
0.021012,-0.00244
0.021016,0.00122
0.02102,-0.00122
0.021024,0.0
0.021028,0.00244
0.021032,-0.00122
0.021036,0.00244
0.02104,0.0
0.021044,0.0
0.021048,-0.00122
0.021052,-0.00122
0.021056,-0.00122
0.02106,-0.00122
0.021064,-0.00122
0.021068,-0.00244
0.021072,-0.00122
0.021076,0.00122
0.02108,-0.00366
0.021084,-0.00122
0.021088,0.00488
0.021092,0.00122
0.021096,0.00122
0.0211,0.0
0.021104,-0.00366
0.021108,-0.00488
0.021112,-0.00244
0.021116,-0.00366
0.02112,-0.00244
0.021124,0.00244
0.021128,0.0
0.021132,-0.00122
0.021136,-0.00244
0.02114,-0.00244
0.021144,-0.00244
0.021148,-0.00122
0.021152,-0.00122
0.021156,-0.00122
0.02116,-0.00122
0.021164,0.00122
0.021168,0.0
0.021172,-0.00122
0.021176,-0.00122
0.02118,0.0
0.021184,-0.00244
0.021188,-0.00122
0.021192,0.00122
0.021196,0.00122
0.0212,0.00122
0.021204,0.00244
0.021208,0.00122
0.021212,0.00244
0.021216,0.0
0.02122,-0.00122
0.021224,0.0
0.021228,0.0
0.021232,0.00366
0.021236,0.0
0.02124,0.0
0.021244,-0.00244
0.021248,-0.00366
0.021252,-0.00366
0.021256,-0.00122
0.02126,-0.00122
0.021264,-0.00122
0.021268,-0.00244
0.021272,0.00122
0.021276,-0.00122
0.02128,-0.00366
0.021284,0.00122
0.021288,0.00366
0.021292,-0.00244
0.021296,-0.00244
0.0213,0.00122
0.021304,-0.00122
0.021308,-0.00122
0.021312,-0.00122
0.021316,-0.00366
0.02132,-0.00122
0.021324,0.00122
0.021328,0.00122
0.021332,-0.00122
0.021336,-0.00122
0.02134,0.0
0.021344,0.00122
0.021348,-0.00122
0.021352,0.0
0.021356,0.0
0.02136,-0.00122
0.021364,0.0
0.021368,0.0
0.021372,0.0
0.021376,0.0
0.02138,-0.00244
0.021384,-0.00244
0.021388,-0.00122
0.021392,0.00244
0.021396,0.0
0.0214,0.0
0.021404,0.00122
0.021408,-0.00122
0.021412,0.00244
0.021416,0.00122
0.02142,0.00122
0.021424,0.00122
0.021428,0.0
0.021432,0.00122
0.021436,0.00122
0.02144,-0.00244
0.021444,0.00122
0.021448,0.00122
0.021452,0.00244
0.021456,0.00122
0.02146,-0.00122
0.021464,-0.00366
0.021468,-0.00366
0.021472,0.00244
0.021476,0.00366
0.02148,0.00366
0.021484,0.00122
0.021488,0.00122
0.021492,-0.00122
0.021496,-0.00122
0.0215,-0.00122
0.021504,-0.00122
0.021508,-0.00122
0.021512,-0.00244
0.021516,0.00122
0.02152,-0.00122
0.021524,-0.00122
0.021528,-0.00122
0.021532,-0.00244
0.021536,0.00244
0.02154,0.00122
0.021544,0.0
0.021548,0.0
0.021552,-0.00244
0.021556,0.00122
0.02156,0.0
0.021564,-0.00244
0.021568,-0.00122
0.021572,0.0
0.021576,0.0
0.02158,-0.00366
0.021584,-0.00366
0.021588,-0.00244
0.021592,0.0
0.021596,-0.00244
0.0216,0.00122
0.021604,-0.00122
0.021608,-0.00122
0.021612,-0.00244
0.021616,-0.00122
0.02162,0.00122
0.021624,0.0
0.021628,0.00488
0.021632,0.0
0.021636,0.0
0.02164,-0.00244
0.021644,-0.00122
0.021648,-0.00366
0.021652,0.0
0.021656,0.00244
0.02166,-0.00122
0.021664,0.00366
0.021668,-0.00122
0.021672,-0.00244
0.021676,0.0
0.02168,0.0
0.021684,-0.00122
0.021688,-0.00244
0.021692,-0.00122
0.021696,-0.00244
0.0217,-0.00122
0.021704,0.00122
0.021708,-0.00122
0.021712,-0.00122
0.021716,-0.00122
0.02172,-0.00122
0.021724,0.0
0.021728,0.0
0.021732,0.00122
0.021736,-0.00122
0.02174,0.0
0.021744,0.00122
0.021748,0.0
0.021752,0.00122
0.021756,-0.00122
0.02176,0.0
0.021764,0.0
0.021768,-0.00122
0.021772,-0.00244
0.021776,-0.00244
0.02178,-0.00366
0.021784,-0.00122
0.021788,-0.00122
0.021792,-0.00122
0.021796,-0.00122
0.0218,-0.00122
0.021804,0.0
0.021808,0.00122
0.021812,-0.00122
0.021816,-0.00244
0.02182,-0.00122
0.021824,0.0
0.021828,0.0
0.021832,-0.00122
0.021836,-0.00244
0.02184,-0.00122
0.021844,-0.00122
0.021848,-0.00122
0.021852,0.0
0.021856,-0.00122
0.02186,0.00244
0.021864,-0.00122
0.021868,-0.00122
0.021872,0.0
0.021876,-0.00366
0.02188,0.0
0.021884,0.0
0.021888,-0.00122
0.021892,0.00244
0.021896,0.0
0.0219,-0.00122
0.021904,0.00122
0.021908,-0.00244
0.021912,-0.00122
0.021916,-0.00122
0.02192,0.00122
0.021924,-0.00122
0.021928,-0.00122
0.021932,-0.00122
0.021936,-0.00244
0.02194,-0.00122
0.021944,-0.00122
0.021948,-0.00122
0.021952,-0.00366
0.021956,-0.00244
0.02196,-0.00122
0.021964,0.0
0.021968,-0.00122
0.021972,0.0
0.021976,-0.00122
0.02198,0.0
0.021984,0.00122
0.021988,-0.00122
0.021992,-0.00244
0.021996,-0.00244
0.022,0.00244
0.022004,-0.00122
0.022008,-0.00122
0.022012,-0.00122
0.022016,-0.00244
0.02202,0.00366
0.022024,0.00244
0.022028,-0.00122
0.022032,-0.00122
0.022036,-0.00122
0.02204,-0.00122
0.022044,-0.00122
0.022048,-0.00366
0.022052,0.0
0.022056,0.0
0.02206,-0.00122
0.022064,0.00122
0.022068,-0.00122
0.022072,-0.00122
0.022076,0.0
0.02208,-0.00122
0.022084,-0.00244
0.022088,-0.00122
0.022092,-0.00122
0.022096,-0.00122
0.0221,-0.00122
0.022104,0.00122
0.022108,0.0
0.022112,0.00122
0.022116,0.00244
0.02212,-0.00122
0.022124,0.0
0.022128,0.00122
0.022132,-0.00122
0.022136,0.00244
0.02214,0.0
0.022144,-0.00122
0.022148,-0.00122
0.022152,-0.00366
0.022156,0.0
0.02216,0.00122
0.022164,0.00122
0.022168,-0.00122
0.022172,-0.00122
0.022176,-0.00244
0.02218,0.00122
0.022184,0.00122
0.022188,-0.00244
0.022192,0.00122
0.022196,-0.00122
0.0222,0.0
0.022204,0.00122
0.022208,-0.00122
0.022212,-0.00244
0.022216,-0.00244
0.02222,-0.00244
0.022224,-0.00122
0.022228,0.0
0.022232,0.00122
0.022236,0.0
0.02224,0.0
0.022244,0.0
0.022248,-0.00122
0.022252,-0.00122
0.022256,-0.00122
0.02226,-0.00244
0.022264,-0.00122
0.022268,0.00122
0.022272,-0.00122
0.022276,-0.00244
0.02228,-0.00244
0.022284,-0.00366
0.022288,0.00122
0.022292,0.0
0.022296,0.0
0.0223,-0.00122
0.022304,-0.00244
0.022308,-0.00122
0.022312,-0.00122
0.022316,0.0
0.02232,0.0
0.022324,-0.00122
0.022328,-0.00122
0.022332,0.00122
0.022336,-0.00122
0.02234,-0.00244
0.022344,0.00244
0.022348,0.0
0.022352,-0.00122
0.022356,0.00122
0.02236,-0.00244
0.022364,-0.00244
0.022368,-0.00244
0.022372,0.00122
0.022376,-0.00122
0.02238,0.0
0.022384,-0.00122
0.022388,-0.00244
0.022392,-0.00244
0.022396,-0.00244
0.0224,0.00122
0.022404,-0.00122
0.022408,0.0
0.022412,0.0
0.022416,-0.00244
0.02242,-0.00244
0.022424,0.0
0.022428,-0.00244
0.022432,-0.00366
0.022436,-0.00122
0.02244,0.00122
0.022444,-0.00122
0.022448,-0.00244
0.022452,-0.00122
0.022456,-0.00244
0.02246,-0.00244
0.022464,-0.00122
0.022468,-0.00244
0.022472,-0.00366
0.022476,0.00122
0.02248,-0.00244
0.022484,-0.00244
0.022488,0.00122
0.022492,0.00122
0.022496,-0.00122
0.0225,-0.00122
0.022504,0.0
0.022508,-0.00122
0.022512,-0.00122
0.022516,-0.00366
0.02252,-0.00244
0.022524,-0.00244
0.022528,-0.00244
0.022532,-0.00122
0.022536,0.00122
0.02254,-0.00244
0.022544,-0.00244
0.022548,-0.00122
0.022552,-0.00244
0.022556,-0.00244
0.02256,-0.00366
0.022564,-0.00122
0.022568,-0.00122
0.022572,0.0
0.022576,-0.00244
0.02258,-0.00122
0.022584,-0.00244
0.022588,-0.00244
0.022592,-0.00366
0.022596,0.0
0.0226,-0.00366
0.022604,-0.00122
0.022608,-0.00122
0.022612,-0.00122
0.022616,-0.00122
0.02262,-0.00122
0.022624,-0.00122
0.022628,-0.00244
0.022632,-0.00122
0.022636,0.0
0.02264,-0.00122
0.022644,-0.00244
0.022648,-0.00244
0.022652,-0.00244
0.022656,-0.00244
0.02266,-0.00122
0.022664,0.0
0.022668,-0.00366
0.022672,-0.00244
0.022676,0.0
0.02268,-0.00122
0.022684,-0.00244
0.022688,-0.00122
0.022692,-0.00244
0.022696,-0.00122
0.0227,-0.00122
0.022704,-0.00366
0.022708,0.0
0.022712,-0.00122
0.022716,-0.00244
0.02272,-0.00244
0.022724,-0.00122
0.022728,-0.00122
0.022732,-0.00122
0.022736,-0.00122
0.02274,-0.00366
0.022744,-0.00122
0.022748,-0.00122
0.022752,-0.00122
0.022756,-0.00366
0.02276,-0.00244
0.022764,-0.00244
0.022768,-0.00122
0.022772,-0.00122
0.022776,-0.00366
0.02278,-0.00244
0.022784,-0.00244
0.022788,-0.00244
0.022792,-0.00122
0.022796,-0.00244
0.0228,-0.00366
0.022804,-0.00122
0.022808,-0.00366
0.022812,-0.00244
0.022816,-0.00244
0.02282,-0.00244
0.022824,-0.00244
0.022828,0.0
0.022832,-0.00244
0.022836,-0.00122
0.02284,-0.00244
0.022844,-0.00122
0.022848,-0.00122
0.022852,-0.00122
0.022856,-0.00244
0.02286,-0.00244
0.022864,-0.00122
0.022868,-0.00244
0.022872,-0.00244
0.022876,-0.00122
0.02288,-0.00244
0.022884,-0.00122
0.022888,-0.00366
0.022892,-0.00244
0.022896,-0.00122
0.0229,-0.00122
0.022904,-0.00122
0.022908,-0.00122
0.022912,-0.00366
0.022916,-0.00244
0.02292,-0.00244
0.022924,-0.00122
0.022928,-0.00366
0.022932,-0.00244
0.022936,-0.00122
0.02294,-0.00244
0.022944,0.00122
0.022948,-0.00244
0.022952,-0.00122
0.022956,-0.00122
0.02296,-0.00244
0.022964,-0.00122
0.022968,-0.00244
0.022972,-0.00366
0.022976,-0.00244
0.02298,-0.00122
0.022984,-0.00244
0.022988,-0.00122
0.022992,-0.00122
0.022996,-0.00244
0.023,-0.00244
0.023004,-0.00244
0.023008,-0.00122
0.023012,-0.00122
0.023016,-0.00244
0.02302,-0.00244
0.023024,-0.00366
0.023028,-0.00366
0.023032,-0.00122
0.023036,-0.00122
0.02304,-0.00244
0.023044,-0.00244
0.023048,0.0
0.023052,-0.00244
0.023056,-0.00122
0.02306,-0.00122
0.023064,-0.00244
0.023068,-0.00122
0.023072,-0.00122
0.023076,0.0
0.02308,-0.00244
0.023084,-0.00122
0.023088,-0.00244
0.023092,-0.00244
0.023096,0.0
0.0231,-0.00122
0.023104,0.00122
0.023108,-0.00122
0.023112,-0.00244
0.023116,-0.00122
0.02312,-0.00244
0.023124,-0.00122
0.023128,-0.00244
0.023132,-0.00122
0.023136,-0.00122
0.02314,-0.00244
0.023144,-0.00244
0.023148,-0.00122
0.023152,-0.00244
0.023156,-0.00122
0.02316,0.0
0.023164,-0.00122
0.023168,-0.00122
0.023172,-0.00244
0.023176,-0.00122
0.02318,-0.00244
0.023184,-0.00366
0.023188,0.0
0.023192,-0.00122
0.023196,-0.00366
0.0232,-0.00122
0.023204,-0.00366
0.023208,0.0
0.023212,-0.00122
0.023216,-0.00244
0.02322,-0.00122
0.023224,-0.00366
0.023228,-0.00366
0.023232,-0.00122
0.023236,-0.00122
0.02324,-0.00122
0.023244,-0.00122
0.023248,-0.00244
0.023252,-0.00122
0.023256,-0.00122
0.02326,-0.00122
0.023264,-0.00122
0.023268,-0.00244
0.023272,-0.00122
0.023276,-0.00122
0.02328,-0.00366
0.023284,-0.00122
0.023288,-0.00122
0.023292,-0.00122
0.023296,-0.00366
0.0233,-0.00122
0.023304,-0.00122
0.023308,-0.00244
0.023312,-0.00122
0.023316,-0.00122
0.02332,-0.00122
0.023324,-0.00122
0.023328,-0.00122
0.023332,-0.00244
0.023336,-0.00122
0.02334,-0.00122
0.023344,-0.00122
0.023348,-0.00122
0.023352,0.0
0.023356,-0.00244
0.02336,-0.00244
0.023364,-0.00122
0.023368,-0.00244
0.023372,-0.00244
0.023376,-0.00244
0.02338,-0.00244
0.023384,-0.00122
0.023388,-0.00122
0.023392,-0.00122
0.023396,0.0
0.0234,-0.00122
0.023404,-0.00122
0.023408,-0.00244
0.023412,-0.00244
0.023416,-0.00122
0.02342,0.0
0.023424,0.0
0.023428,-0.00244
0.023432,-0.00122
0.023436,-0.00244
0.02344,-0.00122
0.023444,-0.00244
0.023448,-0.00122
0.023452,-0.00122
0.023456,0.0
0.02346,-0.00244
0.023464,-0.00244
0.023468,-0.00244
0.023472,-0.00244
0.023476,-0.00244
0.02348,-0.00122
0.023484,-0.00122
0.023488,-0.00122
0.023492,-0.00122
0.023496,-0.00244
0.0235,-0.00122
0.023504,-0.00244
0.023508,-0.00244
0.023512,0.0
0.023516,-0.00122
0.02352,-0.00122
0.023524,-0.00122
0.023528,-0.00122
0.023532,-0.00122
0.023536,-0.00122
0.02354,-0.00122
0.023544,0.0
0.023548,-0.00122
0.023552,-0.00244
0.023556,-0.00122
0.02356,0.0
0.023564,-0.00122
0.023568,-0.00122
0.023572,-0.00122
0.023576,-0.00122
0.02358,-0.00122
0.023584,-0.00122
0.023588,-0.00122
0.023592,-0.00122
0.023596,-0.00244
0.0236,-0.00244
0.023604,-0.00122
0.023608,0.0
0.023612,-0.00122
0.023616,-0.00244
0.02362,-0.00122
0.023624,0.0
0.023628,-0.00122
0.023632,-0.00122
0.023636,0.0
0.02364,-0.00122
0.023644,-0.00122
0.023648,-0.00122
0.023652,-0.00122
0.023656,0.0
0.02366,-0.00122
0.023664,-0.00122
0.023668,-0.00122
0.023672,-0.00122
0.023676,-0.00122
0.02368,-0.00122
0.023684,-0.00122
0.023688,-0.00122
0.023692,-0.00122
0.023696,0.0
0.0237,-0.00122
0.023704,-0.00122
0.023708,-0.00122
0.023712,0.0
0.023716,-0.00244
0.02372,0.00122
0.023724,-0.00122
0.023728,-0.00122
0.023732,-0.00122
0.023736,0.0
0.02374,-0.00122
0.023744,0.0
0.023748,-0.00122
0.023752,-0.00122
0.023756,-0.00122
0.02376,0.0
0.023764,0.0
0.023768,-0.00122
0.023772,-0.00122
0.023776,-0.00122
0.02378,-0.00244
0.023784,0.00122
0.023788,0.0
0.023792,-0.00122
0.023796,-0.00122
0.0238,0.0
0.023804,0.0
0.023808,-0.00122
0.023812,0.0
0.023816,0.0
0.02382,0.0
0.023824,-0.00122
0.023828,-0.00122
0.023832,-0.00122
0.023836,-0.00122
0.02384,0.0
0.023844,-0.00122
0.023848,-0.00122
0.023852,-0.00122
0.023856,-0.00122
0.02386,-0.00122
0.023864,0.0
0.023868,0.0
0.023872,0.00122
0.023876,0.0
0.02388,0.0
0.023884,0.0
0.023888,0.0
0.023892,-0.00122
0.023896,-0.00122
0.0239,0.0
0.023904,-0.00122
0.023908,0.0
0.023912,0.0
0.023916,0.0
0.02392,0.00122
0.023924,-0.00122
0.023928,-0.00122
0.023932,0.0
0.023936,-0.00122
0.02394,-0.00122
0.023944,-0.00122
0.023948,-0.00122
0.023952,0.00122
0.023956,0.0
0.02396,0.0
0.023964,0.0
0.023968,0.0
0.023972,0.0
0.023976,0.0
0.02398,0.00122
0.023984,0.0
0.023988,0.0
0.023992,0.0
0.023996,-0.00122
0.024,0.0
0.024004,0.0
0.024008,0.0
0.024012,0.0
0.024016,0.00122
0.02402,0.0
0.024024,0.0
0.024028,0.0
0.024032,0.00122
0.024036,0.0
0.02404,0.00122
0.024044,0.00122
0.024048,-0.00122
0.024052,0.0
0.024056,0.0
0.02406,0.00122
0.024064,0.00122
0.024068,0.0
0.024072,0.00122
0.024076,0.0
0.02408,0.0
0.024084,0.0
0.024088,-0.00122
0.024092,0.0
0.024096,0.0
0.0241,-0.00122
0.024104,0.00122
0.024108,0.00122
0.024112,-0.00122
0.024116,0.0
0.02412,0.00122
0.024124,0.00122
0.024128,0.0
0.024132,0.00122
0.024136,0.0
0.02414,0.00122
0.024144,0.00122
0.024148,0.00122
0.024152,0.0
0.024156,0.00122
0.02416,0.0
0.024164,0.00122
0.024168,0.00244
0.024172,0.00122
0.024176,0.00122
0.02418,0.0
0.024184,0.0
0.024188,0.0
0.024192,0.0
0.024196,0.0
0.0242,0.00122
0.024204,0.00122
0.024208,0.0
0.024212,0.00122
0.024216,0.0
0.02422,0.0
0.024224,0.0
0.024228,0.0
0.024232,0.00122
0.024236,0.00122
0.02424,0.0
0.024244,-0.00122
0.024248,-0.00122
0.024252,0.0
0.024256,0.00122
0.02426,0.0
0.024264,0.00122
0.024268,0.00122
0.024272,0.00122
0.024276,0.0
0.02428,0.00122
0.024284,0.00122
0.024288,0.0
0.024292,0.0
0.024296,0.00122
0.0243,0.00122
0.024304,0.0
0.024308,0.00122
0.024312,0.00122
0.024316,0.0
0.02432,0.0
0.024324,0.0
0.024328,0.00122
0.024332,0.0
0.024336,0.00122
0.02434,0.00122
0.024344,0.00122
0.024348,0.00122
0.024352,0.00122
0.024356,0.0
0.02436,0.0
0.024364,0.0
0.024368,0.00122
0.024372,0.00122
0.024376,0.0
0.02438,0.00122
0.024384,0.00122
0.024388,0.0
0.024392,0.0
0.024396,0.00122
0.0244,0.00122
0.024404,0.00122
0.024408,0.0
0.024412,0.00122
0.024416,0.0
0.02442,0.0
0.024424,0.0
0.024428,0.0
0.024432,0.00122
0.024436,0.0
0.02444,0.0
0.024444,0.00122
0.024448,0.0
0.024452,-0.00122
0.024456,0.00122
0.02446,0.00122
0.024464,0.0
0.024468,0.0
0.024472,0.00122
0.024476,0.00122
0.02448,0.0
0.024484,0.0
0.024488,0.0
0.024492,0.00122
0.024496,0.00122
0.0245,0.0
0.024504,0.0
0.024508,0.00122
0.024512,0.0
0.024516,0.0
0.02452,0.0
0.024524,0.00122
0.024528,0.0
0.024532,0.00122
0.024536,0.0
0.02454,0.0
0.024544,0.00122
0.024548,0.0
0.024552,0.0
0.024556,0.0
0.02456,0.00122
0.024564,0.0
0.024568,0.0
0.024572,0.0
0.024576,0.0
0.02458,0.0
0.024584,0.00122
0.024588,0.0
0.024592,0.0
0.024596,0.0
0.0246,0.0
0.024604,0.00122
0.024608,0.0
0.024612,0.0
0.024616,0.0
0.02462,0.0
0.024624,0.00122
0.024628,0.0
0.024632,0.0
0.024636,0.00122
0.02464,0.00122
0.024644,0.0
0.024648,-0.00122
0.024652,0.00122
0.024656,0.0
0.02466,0.0
0.024664,0.0
0.024668,-0.00122
0.024672,-0.00122
0.024676,-0.00122
0.02468,0.00122
0.024684,0.0
0.024688,-0.00122
0.024692,0.0
0.024696,0.0
0.0247,0.0
0.024704,0.0
0.024708,0.0
0.024712,0.00122
0.024716,0.0
0.02472,0.0
0.024724,0.0
0.024728,0.0
0.024732,0.00122
0.024736,0.0
0.02474,0.0
0.024744,0.00122
0.024748,0.00122
0.024752,0.0
0.024756,0.0
0.02476,0.0
0.024764,-0.00122
0.024768,-0.00122
0.024772,-0.00122
0.024776,0.0
0.02478,-0.00122
0.024784,0.0
0.024788,-0.00122
0.024792,0.00122
0.024796,0.0
0.0248,0.0
0.024804,0.0
0.024808,-0.00122
0.024812,0.0
0.024816,0.0
0.02482,0.0
0.024824,-0.00122
0.024828,-0.00122
0.024832,0.0
0.024836,0.0
0.02484,0.0
0.024844,-0.00122
0.024848,-0.00122
0.024852,-0.00122
0.024856,-0.00122
0.02486,-0.00122
0.024864,-0.00122
0.024868,-0.00122
0.024872,0.0
0.024876,-0.00122
0.02488,0.0
0.024884,-0.00122
0.024888,-0.00122
0.024892,-0.00122
0.024896,-0.00122
0.0249,0.0
0.024904,-0.00122
0.024908,-0.00122
0.024912,-0.00122
0.024916,-0.00122
0.02492,-0.00122
0.024924,0.0
0.024928,-0.00122
0.024932,-0.00122
0.024936,-0.00122
0.02494,-0.00122
0.024944,0.0
0.024948,-0.00122
0.024952,-0.00122
0.024956,-0.00122
0.02496,0.0
0.024964,-0.00122
0.024968,-0.00122
0.024972,-0.00122
0.024976,-0.00122
0.02498,-0.00122
0.024984,-0.00122
0.024988,-0.00122
0.024992,0.0
0.024996,0.0
0.025,-0.00122
0.025004,-0.00122
0.025008,0.0
0.025012,-0.00122
0.025016,-0.00122
0.02502,-0.00122
0.025024,-0.00122
0.025028,-0.00122
0.025032,-0.00122
0.025036,-0.00122
0.02504,-0.00122
0.025044,-0.00122
0.025048,-0.00122
0.025052,-0.00122
0.025056,-0.00122
0.02506,-0.00122
0.025064,-0.00122
0.025068,-0.00122
0.025072,0.0
0.025076,-0.00122
0.02508,-0.00122
0.025084,-0.00122
0.025088,-0.00122
0.025092,-0.00122
0.025096,-0.00122
0.0251,-0.00122
0.025104,-0.00122
0.025108,-0.00122
0.025112,0.0
0.025116,-0.00122
0.02512,-0.00122
0.025124,-0.00122
0.025128,-0.00122
0.025132,-0.00122
0.025136,0.0
0.02514,-0.00122
0.025144,-0.00122
0.025148,-0.00122
0.025152,-0.00122
0.025156,-0.00122
0.02516,-0.00122
0.025164,-0.00122
0.025168,-0.00122
0.025172,-0.00244
0.025176,-0.00122
0.02518,-0.00122
0.025184,-0.00122
0.025188,-0.00122
0.025192,-0.00122
0.025196,-0.00244
0.0252,-0.00122
0.025204,-0.00122
0.025208,-0.00122
0.025212,-0.00122
0.025216,-0.00122
0.02522,-0.00122
0.025224,-0.00122
0.025228,-0.00122
0.025232,-0.00122
0.025236,-0.00122
0.02524,-0.00122
0.025244,-0.00122
0.025248,-0.00122
0.025252,-0.00122
0.025256,-0.00122
0.02526,-0.00122
0.025264,-0.00122
0.025268,-0.00122
0.025272,-0.00122
0.025276,-0.00122
0.02528,-0.00122
0.025284,-0.00122
0.025288,-0.00244
0.025292,-0.00122
0.025296,-0.00122
0.0253,-0.00122
0.025304,-0.00244
0.025308,-0.00122
0.025312,-0.00122
0.025316,-0.00122
0.02532,-0.00122
0.025324,-0.00244
0.025328,-0.00122
0.025332,-0.00122
0.025336,-0.00122
0.02534,-0.00244
0.025344,-0.00122
0.025348,-0.00244
0.025352,-0.00122
0.025356,-0.00122
0.02536,-0.00244
0.025364,-0.00122
0.025368,-0.00122
0.025372,-0.00122
0.025376,-0.00122
0.02538,-0.00244
0.025384,-0.00122
0.025388,-0.00122
0.025392,-0.00244
0.025396,-0.00122
0.0254,-0.00244
0.025404,-0.00244
0.025408,-0.00122
0.025412,-0.00122
0.025416,-0.00244
0.02542,-0.00122
0.025424,-0.00122
0.025428,-0.00244
0.025432,-0.00122
0.025436,-0.00122
0.02544,-0.00122
0.025444,-0.00244
0.025448,-0.00244
0.025452,-0.00122
0.025456,-0.00244
0.02546,-0.00244
0.025464,-0.00122
0.025468,-0.00122
0.025472,-0.00244
0.025476,-0.00244
0.02548,-0.00122
0.025484,-0.00122
0.025488,-0.00244
0.025492,-0.00244
0.025496,-0.00244
0.0255,-0.00244
0.025504,-0.00244
0.025508,-0.00244
0.025512,-0.00244
0.025516,-0.00244
0.02552,-0.00244
0.025524,-0.00122
0.025528,-0.00244
0.025532,-0.00244
0.025536,-0.00244
0.02554,-0.00122
0.025544,-0.00122
0.025548,-0.00122
0.025552,-0.00244
0.025556,-0.00122
0.02556,-0.00244
0.025564,-0.00244
0.025568,-0.00244
0.025572,-0.00244
0.025576,-0.00244
0.02558,-0.00122
0.025584,-0.00244
0.025588,-0.00244
0.025592,-0.00244
0.025596,-0.00244
0.0256,-0.00244
0.025604,-0.00244
0.025608,-0.00244
0.025612,-0.00244
0.025616,-0.00244
0.02562,-0.00244
0.025624,-0.00244
0.025628,-0.00244
0.025632,-0.00244
0.025636,-0.00244
0.02564,-0.00244
0.025644,-0.00122
0.025648,-0.00244
0.025652,-0.00244
0.025656,-0.00122
0.02566,-0.00122
0.025664,-0.00244
0.025668,-0.00122
0.025672,-0.00122
0.025676,-0.00244
0.02568,-0.00244
0.025684,-0.00122
0.025688,-0.00122
0.025692,-0.00244
0.025696,-0.00244
0.0257,-0.00244
0.025704,-0.00244
0.025708,-0.00244
0.025712,-0.00244
0.025716,-0.00244
0.02572,-0.00122
0.025724,-0.00244
0.025728,-0.00244
0.025732,-0.00244
0.025736,-0.00244
0.02574,-0.00122
0.025744,-0.00244
0.025748,-0.00244
0.025752,-0.00122
0.025756,-0.00244
0.02576,-0.00244
0.025764,-0.00244
0.025768,-0.00244
0.025772,-0.00244
0.025776,-0.00244
0.02578,-0.00244
0.025784,-0.00244
0.025788,-0.00244
0.025792,-0.00122
0.025796,-0.00244
0.0258,-0.00244
0.025804,-0.00122
0.025808,-0.00244
0.025812,-0.00244
0.025816,-0.00244
0.02582,-0.00244
0.025824,-0.00244
0.025828,-0.00244
0.025832,-0.00244
0.025836,-0.00244
0.02584,-0.00244
0.025844,-0.00244
0.025848,-0.00244
0.025852,-0.00122
0.025856,-0.00244
0.02586,-0.00244
0.025864,-0.00244
0.025868,-0.00244
0.025872,-0.00244
0.025876,-0.00244
0.02588,-0.00244
0.025884,-0.00244
0.025888,-0.00122
0.025892,-0.00122
0.025896,-0.00122
0.0259,-0.00244
0.025904,-0.00122
0.025908,-0.00244
0.025912,-0.00244
0.025916,-0.00244
0.02592,-0.00244
0.025924,-0.00244
0.025928,-0.00244
0.025932,-0.00122
0.025936,-0.00244
0.02594,-0.00244
0.025944,-0.00122
0.025948,-0.00122
0.025952,-0.00244
0.025956,-0.00244
0.02596,-0.00244
0.025964,-0.00244
0.025968,-0.00244
0.025972,-0.00244
0.025976,-0.00122
0.02598,-0.00244
0.025984,-0.00122
0.025988,-0.00244
0.025992,-0.00244
0.025996,-0.00244
0.026,-0.00244
0.026004,-0.00122
0.026008,-0.00244
0.026012,-0.00122
0.026016,-0.00122
0.02602,-0.00122
0.026024,-0.00244
0.026028,-0.00122
0.026032,-0.00122
0.026036,-0.00244
0.02604,-0.00122
0.026044,-0.00244
0.026048,-0.00244
0.026052,-0.00244
0.026056,-0.00122
0.02606,-0.00122
0.026064,-0.00122
0.026068,-0.00122
0.026072,-0.00122
0.026076,-0.00122
0.02608,-0.00244
0.026084,-0.00122
0.026088,-0.00244
0.026092,-0.00244
0.026096,-0.00122
0.0261,-0.00244
0.026104,-0.00122
0.026108,-0.00244
0.026112,-0.00122
0.026116,-0.00122
0.02612,-0.00122
0.026124,-0.00244
0.026128,-0.00244
0.026132,-0.00122
0.026136,-0.00122
0.02614,-0.00244
0.026144,-0.00122
0.026148,-0.00122
0.026152,-0.00122
0.026156,0.0
0.02616,-0.00122
0.026164,-0.00122
0.026168,-0.00122
0.026172,-0.00122
0.026176,-0.00122
0.02618,-0.00122
0.026184,-0.00122
0.026188,-0.00122
0.026192,-0.00122
0.026196,-0.00122
0.0262,-0.00122
0.026204,-0.00122
0.026208,-0.00122
0.026212,-0.00122
0.026216,-0.00122
0.02622,-0.00122
0.026224,-0.00122
0.026228,-0.00122
0.026232,-0.00122
0.026236,-0.00122
0.02624,-0.00244
0.026244,-0.00122
0.026248,-0.00122
0.026252,-0.00122
0.026256,-0.00122
0.02626,-0.00244
0.026264,-0.00122
0.026268,-0.00122
0.026272,-0.00122
0.026276,-0.00122
0.02628,-0.00122
0.026284,-0.00122
0.026288,-0.00122
0.026292,-0.00122
0.026296,-0.00122
0.0263,-0.00122
0.026304,-0.00122
0.026308,-0.00122
0.026312,-0.00122
0.026316,-0.00122
0.02632,-0.00122
0.026324,-0.00244
0.026328,-0.00122
0.026332,-0.00122
0.026336,-0.00122
0.02634,-0.00122
0.026344,-0.00122
0.026348,-0.00122
0.026352,-0.00122
0.026356,-0.00122
0.02636,-0.00122
0.026364,-0.00122
0.026368,-0.00122
0.026372,-0.00122
0.026376,-0.00122
0.02638,-0.00122
0.026384,-0.00122
0.026388,-0.00122
0.026392,-0.00122
0.026396,-0.00122
0.0264,-0.00122
0.026404,-0.00122
0.026408,-0.00122
0.026412,-0.00122
0.026416,-0.00122
0.02642,-0.00122
0.026424,-0.00122
0.026428,-0.00122
0.026432,-0.00122
0.026436,-0.00122
0.02644,-0.00122
0.026444,-0.00122
0.026448,0.0
0.026452,-0.00122
0.026456,-0.00122
0.02646,-0.00122
0.026464,-0.00122
0.026468,-0.00122
0.026472,-0.00122
0.026476,-0.00122
0.02648,-0.00122
0.026484,0.0
0.026488,-0.00122
0.026492,-0.00122
0.026496,0.0
0.0265,-0.00122
0.026504,-0.00122
0.026508,0.0
0.026512,-0.00122
0.026516,-0.00122
0.02652,-0.00122
0.026524,-0.00122
0.026528,-0.00122
0.026532,-0.00122
0.026536,-0.00122
0.02654,-0.00122
0.026544,-0.00122
0.026548,-0.00122
0.026552,0.0
0.026556,0.0
0.02656,0.0
0.026564,-0.00122
0.026568,-0.00122
0.026572,-0.00122
0.026576,-0.00122
0.02658,0.0
0.026584,0.0
0.026588,-0.00122
0.026592,-0.00122
0.026596,-0.00122
0.0266,-0.00122
0.026604,-0.00122
0.026608,-0.00122
0.026612,-0.00122
0.026616,-0.00122
0.02662,-0.00122
0.026624,-0.00122
0.026628,0.0
0.026632,0.0
0.026636,0.0
0.02664,-0.00122
0.026644,-0.00122
0.026648,-0.00122
0.026652,-0.00122
0.026656,-0.00122
0.02666,-0.00122
0.026664,-0.00122
0.026668,-0.00122
0.026672,-0.00122
0.026676,0.0
0.02668,-0.00122
0.026684,-0.00122
0.026688,-0.00122
0.026692,-0.00122
0.026696,0.0
0.0267,0.0
0.026704,-0.00122
0.026708,0.0
0.026712,0.0
0.026716,0.0
0.02672,0.0
0.026724,0.0
0.026728,-0.00122
0.026732,-0.00122
0.026736,-0.00122
0.02674,-0.00122
0.026744,-0.00122
0.026748,-0.00122
0.026752,0.0
0.026756,0.0
0.02676,-0.00122
0.026764,0.0
0.026768,-0.00122
0.026772,0.0
0.026776,-0.00122
0.02678,-0.00122
0.026784,0.0
0.026788,-0.00122
0.026792,-0.00122
0.026796,0.0
0.0268,0.0
0.026804,-0.00122
0.026808,0.0
0.026812,-0.00122
0.026816,-0.00122
0.02682,-0.00122
0.026824,0.0
0.026828,0.0
0.026832,0.0
0.026836,0.0
0.02684,0.0
0.026844,0.0
0.026848,0.0
0.026852,0.0
0.026856,0.0
0.02686,0.0
0.026864,0.0
0.026868,0.0
0.026872,0.0
0.026876,0.0
0.02688,0.0
0.026884,0.00122
0.026888,0.0
0.026892,0.0
0.026896,0.0
0.0269,0.0
0.026904,0.0
0.026908,0.0
0.026912,0.0
0.026916,0.0
0.02692,0.0
0.026924,0.0
0.026928,0.00122
0.026932,0.0
0.026936,0.0
0.02694,0.0
0.026944,0.0
0.026948,0.0
0.026952,-0.00122
0.026956,0.0
0.02696,0.00122
0.026964,0.00122
0.026968,0.0
0.026972,0.0
0.026976,0.0
0.02698,0.0
0.026984,0.0
0.026988,0.0
0.026992,0.0
0.026996,0.0
0.027,0.0
0.027004,0.0
0.027008,0.00122
0.027012,0.0
0.027016,0.0
0.02702,0.0
0.027024,0.0
0.027028,0.0
0.027032,0.0
0.027036,0.0
0.02704,0.0
0.027044,0.0
0.027048,0.0
0.027052,0.0
0.027056,0.00122
0.02706,0.0
0.027064,0.00122
0.027068,0.0
0.027072,0.0
0.027076,0.00122
0.02708,0.0
0.027084,0.00122
0.027088,0.00122
0.027092,0.0
0.027096,0.0
0.0271,0.0
0.027104,0.0
0.027108,0.00122
0.027112,0.0
0.027116,0.0
0.02712,0.0
0.027124,0.0
0.027128,0.0
0.027132,0.0
0.027136,0.0
0.02714,0.00122
0.027144,0.00122
0.027148,0.00122
0.027152,0.0
0.027156,0.00122
0.02716,0.00122
0.027164,0.0
0.027168,0.0
0.027172,0.00122
0.027176,0.0
0.02718,0.0
0.027184,0.0
0.027188,0.0
0.027192,0.0
0.027196,0.0
0.0272,0.0
0.027204,0.0
0.027208,0.0
0.027212,0.00122
0.027216,0.0
0.02722,0.0
0.027224,0.0
0.027228,0.00122
0.027232,0.0
0.027236,0.0
0.02724,0.0
0.027244,0.0
0.027248,0.0
0.027252,0.0
0.027256,0.0
0.02726,0.0
0.027264,0.0
0.027268,-0.00122
0.027272,0.0
0.027276,0.0
0.02728,0.0
0.027284,0.0
0.027288,0.0
0.027292,0.0
0.027296,0.0
0.0273,0.0
0.027304,0.0
0.027308,0.0
0.027312,0.0
0.027316,0.0
0.02732,0.0
0.027324,-0.00122
0.027328,0.0
0.027332,0.0
0.027336,0.00122
0.02734,0.0
0.027344,0.0
0.027348,0.0
0.027352,-0.00122
0.027356,0.0
0.02736,0.0
0.027364,-0.00122
0.027368,0.0
0.027372,0.00122
0.027376,0.0
0.02738,0.0
0.027384,0.0
0.027388,0.0
0.027392,0.0
0.027396,0.0
0.0274,0.0
0.027404,0.0
0.027408,0.0
0.027412,0.0
0.027416,0.0
0.02742,0.0
0.027424,0.0
0.027428,0.0
0.027432,0.0
0.027436,0.0
0.02744,0.0
0.027444,-0.00122
0.027448,0.0
0.027452,0.0
0.027456,0.0
0.02746,0.0
0.027464,0.0
0.027468,-0.00122
0.027472,-0.00122
0.027476,0.0
0.02748,0.0
0.027484,0.0
0.027488,0.0
0.027492,0.0
0.027496,0.0
0.0275,0.0
0.027504,0.0
0.027508,-0.00122
0.027512,-0.00122
0.027516,0.0
0.02752,-0.00122
0.027524,0.0
0.027528,0.0
0.027532,-0.00122
0.027536,-0.00122
0.02754,0.0
0.027544,-0.00122
0.027548,-0.00122
0.027552,-0.00122
0.027556,0.0
0.02756,0.0
0.027564,-0.00122
0.027568,-0.00122
0.027572,-0.00122
0.027576,-0.00122
0.02758,-0.00122
0.027584,0.0
0.027588,0.0
0.027592,-0.00122
0.027596,-0.00122
0.0276,-0.00122
0.027604,-0.00122
0.027608,-0.00122
0.027612,-0.00122
0.027616,-0.00122
0.02762,-0.00122
0.027624,-0.00122
0.027628,-0.00122
0.027632,-0.00122
0.027636,-0.00122
0.02764,-0.00122
0.027644,0.0
0.027648,-0.00122
0.027652,-0.00122
0.027656,-0.00122
0.02766,-0.00122
0.027664,-0.00122
0.027668,-0.00122
0.027672,-0.00122
0.027676,-0.00122
0.02768,0.0
0.027684,-0.00122
0.027688,0.0
0.027692,0.0
0.027696,-0.00122
0.0277,-0.00122
0.027704,-0.00122
0.027708,-0.00122
0.027712,0.0
0.027716,-0.00122
0.02772,-0.00122
0.027724,-0.00122
0.027728,-0.00122
0.027732,-0.00122
0.027736,-0.00122
0.02774,-0.00122
0.027744,-0.00122
0.027748,-0.00122
0.027752,-0.00122
0.027756,-0.00122
0.02776,-0.00122
0.027764,-0.00122
0.027768,0.0
0.027772,-0.00122
0.027776,-0.00122
0.02778,-0.00122
0.027784,-0.00122
0.027788,-0.00122
0.027792,-0.00122
0.027796,-0.00122
0.0278,-0.00122
0.027804,-0.00122
0.027808,-0.00122
0.027812,-0.00122
0.027816,-0.00122
0.02782,-0.00122
0.027824,-0.00122
0.027828,-0.00122
0.027832,-0.00122
0.027836,-0.00122
0.02784,-0.00244
0.027844,-0.00122
0.027848,-0.00122
0.027852,-0.00122
0.027856,-0.00122
0.02786,-0.00122
0.027864,-0.00122
0.027868,-0.00122
0.027872,-0.00122
0.027876,-0.00122
0.02788,-0.00122
0.027884,-0.00122
0.027888,-0.00122
0.027892,-0.00122
0.027896,-0.00122
0.0279,-0.00122
0.027904,-0.00122
0.027908,-0.00122
0.027912,-0.00122
0.027916,-0.00122
0.02792,-0.00122
0.027924,-0.00122
0.027928,-0.00122
0.027932,-0.00122
0.027936,-0.00122
0.02794,-0.00122
0.027944,-0.00122
0.027948,-0.00122
0.027952,-0.00122
0.027956,-0.00122
0.02796,-0.00122
0.027964,-0.00122
0.027968,-0.00122
0.027972,-0.00122
0.027976,-0.00122
0.02798,-0.00122
0.027984,-0.00122
0.027988,-0.00122
0.027992,-0.00122
0.027996,-0.00122
0.028,-0.00122
0.028004,-0.00122
0.028008,-0.00122
0.028012,-0.00122
0.028016,-0.00122
0.02802,-0.00122
0.028024,-0.00122
0.028028,-0.00122
0.028032,-0.00122
0.028036,-0.00122
0.02804,-0.00122
0.028044,-0.00122
0.028048,-0.00122
0.028052,-0.00122
0.028056,-0.00122
0.02806,-0.00122
0.028064,-0.00122
0.028068,-0.00122
0.028072,-0.00122
0.028076,-0.00122
0.02808,-0.00122
0.028084,-0.00122
0.028088,-0.00122
0.028092,-0.00122
0.028096,-0.00122
0.0281,-0.00122
0.028104,-0.00122
0.028108,-0.00122
0.028112,-0.00122
0.028116,-0.00122
0.02812,-0.00122
0.028124,-0.00122
0.028128,-0.00122
0.028132,-0.00122
0.028136,-0.00122
0.02814,-0.00122
0.028144,-0.00122
0.028148,-0.00122
0.028152,-0.00122
0.028156,-0.00122
0.02816,-0.00122
0.028164,-0.00122
0.028168,-0.00122
0.028172,-0.00122
0.028176,-0.00122
0.02818,-0.00122
0.028184,-0.00122
0.028188,-0.00122
0.028192,-0.00122
0.028196,-0.00122
0.0282,-0.00122
0.028204,-0.00122
0.028208,-0.00122
0.028212,-0.00122
0.028216,-0.00122
0.02822,-0.00122
0.028224,-0.00122
0.028228,-0.00122
0.028232,-0.00122
0.028236,-0.00122
0.02824,-0.00122
0.028244,-0.00122
0.028248,-0.00122
0.028252,-0.00122
0.028256,-0.00122
0.02826,-0.00244
0.028264,-0.00122
0.028268,-0.00122
0.028272,-0.00122
0.028276,-0.00122
0.02828,-0.00122
0.028284,-0.00122
0.028288,-0.00244
0.028292,-0.00122
0.028296,-0.00122
0.0283,-0.00122
0.028304,-0.00122
0.028308,-0.00122
0.028312,-0.00122
0.028316,-0.00122
0.02832,-0.00122
0.028324,-0.00122
0.028328,-0.00122
0.028332,-0.00122
0.028336,-0.00122
0.02834,-0.00122
0.028344,-0.00122
0.028348,-0.00244
0.028352,-0.00122
0.028356,-0.00122
0.02836,-0.00122
0.028364,-0.00122
0.028368,-0.00122
0.028372,-0.00122
0.028376,-0.00122
0.02838,-0.00122
0.028384,-0.00122
0.028388,-0.00122
0.028392,-0.00122
0.028396,-0.00122
0.0284,-0.00122
0.028404,-0.00122
0.028408,-0.00122
0.028412,-0.00122
0.028416,-0.00244
0.02842,-0.00122
0.028424,-0.00122
0.028428,-0.00122
0.028432,-0.00244
0.028436,-0.00122
0.02844,-0.00122
0.028444,-0.00122
0.028448,-0.00122
0.028452,-0.00122
0.028456,-0.00122
0.02846,-0.00122
0.028464,-0.00122
0.028468,-0.00122
0.028472,-0.00122
0.028476,-0.00244
0.02848,-0.00122
0.028484,-0.00122
0.028488,-0.00122
0.028492,-0.00244
0.028496,-0.00122
0.0285,-0.00122
0.028504,-0.00122
0.028508,-0.00122
0.028512,-0.00122
0.028516,-0.00122
0.02852,-0.00122
0.028524,-0.00122
0.028528,-0.00122
0.028532,-0.00122
0.028536,-0.00122
0.02854,-0.00122
0.028544,-0.00122
0.028548,-0.00122
0.028552,-0.00122
0.028556,-0.00122
0.02856,0.0
0.028564,-0.00122
0.028568,-0.00122
0.028572,-0.00122
0.028576,-0.00122
0.02858,-0.00122
0.028584,-0.00122
0.028588,-0.00122
0.028592,-0.00122
0.028596,-0.00122
0.0286,-0.00122
0.028604,-0.00122
0.028608,-0.00122
0.028612,-0.00122
0.028616,-0.00122
0.02862,-0.00122
0.028624,-0.00122
0.028628,-0.00122
0.028632,-0.00122
0.028636,-0.00122
0.02864,-0.00122
0.028644,-0.00122
0.028648,-0.00122
0.028652,-0.00122
0.028656,-0.00122
0.02866,-0.00122
0.028664,0.024399999999999998
0.028668,-0.01342
0.028672,0.00122
0.028676,-0.01342
0.02868,0.00366
0.028684,0.00366
0.028688,-0.008539999999999999
0.028692,0.0
0.028696,-0.01464
0.0287,0.012199999999999999
0.028704,-0.020739999999999998
0.028708,-0.00488
0.028712,0.01342
0.028716,-0.012199999999999999
0.02872,-0.00122
0.028724,-0.0060999999999999995
0.028728,0.00488
0.028732,0.00732
0.028736,-0.017079999999999998
0.02874,0.00122
0.028744,0.00488
0.028748,-0.00122
0.028752,-0.00366
0.028756,-0.01098
0.02876,0.008539999999999999
0.028764,0.00244
0.028768,-0.00976
0.028772,0.0
0.028776,0.00122
0.02878,0.0060999999999999995
0.028784,-0.0060999999999999995
0.028788,-0.008539999999999999
0.028792,0.0060999999999999995
0.028796,0.00122
0.0288,-0.00366
0.028804,-0.00366
0.028808,0.0
0.028812,0.00488
0.028816,-0.00488
0.02882,-0.00366
0.028824,0.00122
0.028828,0.00122
0.028832,0.0
0.028836,-0.00488
0.02884,-0.00122
0.028844,0.00122
0.028848,-0.00122
0.028852,-0.00244
0.028856,-0.00122
0.02886,0.00122
0.028864,0.00122
0.028868,-0.00244
0.028872,-0.00122
0.028876,0.0
0.02888,0.00122
0.028884,-0.00122
0.028888,-0.00244
0.028892,0.00122
0.028896,-0.00122
0.0289,-0.00122
0.028904,-0.00122
0.028908,0.0
0.028912,0.0
0.028916,-0.00122
0.02892,-0.00244
0.028924,0.0
0.028928,0.0
0.028932,-0.00122
0.028936,-0.00122
0.02894,0.0
0.028944,0.00122
0.028948,-0.00122
0.028952,0.0
0.028956,0.00122
0.02896,0.00122
0.028964,0.0
0.028968,0.0
0.028972,0.0
0.028976,-0.00122
0.02898,-0.00122
0.028984,-0.00122
0.028988,-0.00244
0.028992,0.0
0.028996,0.0
0.029,0.00122
0.029004,-0.00122
0.029008,-0.00244
0.029012,-0.00122
0.029016,0.0
0.02902,0.0
0.029024,0.0
0.029028,-0.00122
0.029032,-0.00122
0.029036,-0.00122
0.02904,-0.00122
0.029044,0.0
0.029048,0.0
0.029052,-0.00122
0.029056,-0.00122
0.02906,0.00122
0.029064,-0.00122
0.029068,0.0
0.029072,0.0
0.029076,0.00122
0.02908,-0.00122
0.029084,0.00244
0.029088,0.0
0.029092,-0.00122
0.029096,0.00122
0.0291,-0.00122
0.029104,-0.00122
0.029108,0.00244
0.029112,0.00122
0.029116,-0.00122
0.02912,-0.00244
0.029124,0.00244
0.029128,0.0
0.029132,-0.00122
0.029136,-0.00244
0.02914,-0.00244
0.029144,0.00122
0.029148,-0.00122
0.029152,0.00122
0.029156,0.00366
0.02916,0.00122
0.029164,-0.00366
0.029168,0.00732
0.029172,-0.00122
0.029176,0.0
0.02918,-0.00244
0.029184,0.00244
0.029188,-0.00122
0.029192,-0.00244
0.029196,-0.00244
0.0292,-0.00122
0.029204,0.00366
0.029208,-0.0060999999999999995
0.029212,-0.00244
0.029216,0.00244
0.02922,0.0
0.029224,-0.00366
0.029228,-0.00122
0.029232,-0.00366
0.029236,-0.00366
0.02924,0.00244
0.029244,0.0
0.029248,-0.00122
0.029252,0.00122
0.029256,-0.00976
0.02926,0.0
0.029264,-0.00366
0.029268,-0.00366
0.029272,-0.00732
0.029276,-0.00366
0.02928,-0.00122
0.029284,-0.012199999999999999
0.029288,0.00244
0.029292,-0.0060999999999999995
0.029296,-0.01464
0.0293,0.00122
0.029304,-0.008539999999999999
0.029308,-0.00366
0.029312,-0.0060999999999999995
0.029316,0.00122
0.02932,-0.00122
0.029324,0.00122
0.029328,-0.00488
0.029332,-0.00488
0.029336,-0.01464
0.02934,-0.008539999999999999
0.029344,-0.01586
0.029348,-0.0183
0.029352,0.0
0.029356,0.00244
0.02936,-0.008539999999999999
0.029364,-0.02318
0.029368,-0.0060999999999999995
0.029372,-0.017079999999999998
0.029376,-0.020739999999999998
0.02938,-0.00488
0.029384,-0.02562
0.029388,0.00366
0.029392,-0.012199999999999999
0.029396,-0.020739999999999998
0.0294,0.00122
0.029404,0.00244
0.029408,-0.02318
0.029412,-0.00122
0.029416,-0.028059999999999998
0.02942,-0.00366
0.029424,-0.008539999999999999
0.029428,-0.00244
0.029432,-0.008539999999999999
0.029436,-0.0183
0.02944,-0.01098
0.029444,-0.0549
0.029448,0.00976
0.029452,-0.01098
0.029456,-0.012199999999999999
0.02946,-0.01464
0.029464,-0.028059999999999998
0.029468,-0.02562
0.029472,-0.0183
0.029476,-0.01098
0.02948,-0.020739999999999998
0.029484,-0.00488
0.029488,-0.0183
0.029492,-0.02928
0.029496,-0.00122
0.0295,0.00488
0.029504,-0.012199999999999999
0.029508,-0.04636
0.029512,0.0
0.029516,-0.00732
0.02952,-0.00244
0.029524,-0.01464
0.029528,-0.012199999999999999
0.029532,-0.03782
0.029536,-0.0060999999999999995
0.02954,0.00366
0.029544,-0.04514
0.029548,-0.028059999999999998
0.029552,-0.01586
0.029556,0.00122
0.02956,-0.012199999999999999
0.029564,-0.00244
0.029568,-0.03538
0.029572,-0.01098
0.029576,-0.01098
0.02958,-0.01342
0.029584,-0.05856
0.029588,-0.01464
0.029592,-0.03904
0.029596,-0.02684
0.0296,-0.02196
0.029604,-0.02684
0.029608,-0.0305
0.029612,0.01586
0.029616,-0.02928
0.02962,-0.02562
0.029624,-0.01586
0.029628,-0.01952
0.029632,0.020739999999999998
0.029636,-0.0183
0.02964,-0.028059999999999998
0.029644,-0.017079999999999998
0.029648,-0.024399999999999998
0.029652,-0.01952
0.029656,-0.028059999999999998
0.02966,-0.00976
0.029664,-0.00366
0.029668,0.00244
0.029672,-0.0183
0.029676,-0.02928
0.02968,-0.0183
0.029684,-0.01464
0.029688,-0.0183
0.029692,0.00732
0.029696,0.00488
0.0297,-0.008539999999999999
0.029704,0.00122
0.029708,-0.00976
0.029712,-0.012199999999999999
0.029716,-0.008539999999999999
0.02972,0.00366
0.029724,-0.024399999999999998
0.029728,-0.00732
0.029732,-0.00732
0.029736,-0.01464
0.02974,-0.0366
0.029744,-0.024399999999999998
0.029748,0.017079999999999998
0.029752,-0.05978
0.029756,-0.0060999999999999995
0.02976,-0.00122
0.029764,-0.05246
0.029768,-0.06344
0.029772,-0.01464
0.029776,0.00244
0.02978,0.0
0.029784,-0.0060999999999999995
0.029788,-0.034159999999999996
0.029792,-0.0549
0.029796,-0.00244
0.0298,-0.07564
0.029804,-0.028059999999999998
0.029808,-0.00976
0.029812,-0.02318
0.029816,-0.02928
0.02982,-0.07442
0.029824,-0.041479999999999996
0.029828,-0.03538
0.029832,-0.028059999999999998
0.029836,-0.06831999999999999
0.02984,-0.028059999999999998
0.029844,-0.048799999999999996
0.029848,-0.07442
0.029852,-0.04758
0.029856,-0.06344
0.02986,-0.0366
0.029864,-0.05978
0.029868,-0.08174
0.029872,-0.06953999999999999
0.029876,-0.07442
0.02988,-0.0915
0.029884,-0.06588
0.029888,-0.06588
0.029892,-0.06709999999999999
0.029896,-0.09394
0.0299,-0.08784
0.029904,-0.08052
0.029908,-0.08784
0.029912,-0.08784
0.029916,-0.08906
0.02992,-0.09028
0.029924,-0.09028
0.029928,-0.09516
0.029932,-0.1098
0.029936,-0.09028
0.02994,-0.1098
0.029944,-0.1037
0.029948,-0.09881999999999999
0.029952,-0.10248
0.029956,-0.10125999999999999
0.02996,-0.10125999999999999
0.029964,-0.10858
0.029968,-0.10614
0.029972,-0.1037
0.029976,-0.10492
0.02998,-0.11223999999999999
0.029984,-0.10736
0.029988,-0.11102
0.029992,-0.11589999999999999
0.029996,-0.11102
0.03,-0.11102
0.030004,-0.12078
0.030008,-0.11467999999999999
0.030012,-0.11834
0.030016,-0.11956
0.03002,-0.11102
0.030024,-0.11712
0.030028,-0.11956
0.030032,-0.11956
0.030036,-0.11956
0.03004,-0.1281
0.030044,-0.11467999999999999
0.030048,-0.1281
0.030052,-0.11834
0.030056,-0.12322
0.03006,-0.12688
0.030064,-0.11834
0.030068,-0.12932
0.030072,-0.11712
0.030076,-0.13663999999999998
0.03008,-0.12078
0.030084,-0.1281
0.030088,-0.1281
0.030092,-0.1281
0.030096,-0.12688
0.0301,-0.12322
0.030104,-0.13419999999999999
0.030108,-0.12688
0.030112,-0.13298
0.030116,-0.12932
0.03012,-0.12566
0.030124,-0.12688
0.030128,-0.13054
0.030132,-0.13298
0.030136,-0.1281
0.03014,-0.12932
0.030144,-0.13663999999999998
0.030148,-0.1281
0.030152,-0.13663999999999998
0.030156,-0.12322
0.03016,-0.13419999999999999
0.030164,-0.13054
0.030168,-0.1281
0.030172,-0.13907999999999998
0.030176,-0.13176
0.03018,-0.14274
0.030184,-0.13907999999999998
0.030188,-0.12932
0.030192,-0.14274
0.030196,-0.1281
0.0302,-0.14029999999999998
0.030204,-0.14029999999999998
0.030208,-0.14396
0.030212,-0.12688
0.030216,-0.13785999999999998
0.03022,-0.13298
0.030224,-0.13419999999999999
0.030228,-0.14152
0.030232,-0.13054
0.030236,-0.13907999999999998
0.03024,-0.14152
0.030244,-0.14152
0.030248,-0.14274
0.030252,-0.1464
0.030256,-0.14762
0.03026,-0.13541999999999998
0.030264,-0.14274
0.030268,-0.13541999999999998
0.030272,-0.14396
0.030276,-0.14029999999999998
0.03028,-0.13419999999999999
0.030284,-0.1464
0.030288,-0.14396
0.030292,-0.13541999999999998
0.030296,-0.12322
0.0303,-0.15128
0.030304,-0.11589999999999999
0.030308,-0.12322
0.030312,-0.1464
0.030316,-0.13785999999999998
0.03032,-0.12078
0.030324,-0.12932
0.030328,-0.16957999999999998
0.030332,-0.13419999999999999
0.030336,-0.14029999999999998
0.03034,-0.12078
0.030344,-0.16591999999999998
0.030348,-0.14152
0.030352,-0.14152
0.030356,-0.11223999999999999
0.03036,-0.13176
0.030364,-0.16835999999999998
0.030368,-0.15006
0.030372,-0.14029999999999998
0.030376,-0.12566
0.03038,-0.10736
0.030384,-0.14518
0.030388,-0.17812
0.030392,-0.1464
0.030396,-0.183
0.0304,-0.11223999999999999
0.030404,-0.13663999999999998
0.030408,-0.08417999999999999
0.030412,-0.2135
0.030416,-0.10492
0.03042,-0.15128
0.030424,-0.11834
0.030428,-0.21228
0.030432,-0.056119999999999996
0.030436,-0.17079999999999998
0.03044,-0.13663999999999998
0.030444,-0.20374
0.030448,-0.10248
0.030452,-0.16957999999999998
0.030456,-0.11956
0.03046,-0.17324
0.030464,-0.11345999999999999
0.030468,-0.14274
0.030472,-0.14152
0.030476,-0.13663999999999998
0.03048,-0.15616
0.030484,-0.0793
0.030488,-0.13541999999999998
0.030492,-0.14152
0.030496,-0.14884
0.0305,-0.17324
0.030504,-0.13419999999999999
0.030508,-0.1769
0.030512,-0.19641999999999998
0.030516,-0.12932
0.03052,-0.15006
0.030524,-0.12444
0.030528,-0.13663999999999998
0.030532,-0.16469999999999999
0.030536,-0.13176
0.03054,-0.11956
0.030544,-0.12932
0.030548,-0.04636
0.030552,-0.15128
0.030556,-0.24156
0.03056,-0.042699999999999995
0.030564,-0.1037
0.030568,-0.21228
0.030572,-0.07076
0.030576,-0.14152
0.03058,-0.15738
0.030584,-0.0793
0.030588,-0.12932
0.030592,-0.08052
0.030596,-0.09881999999999999
0.0306,-0.22569999999999998
0.030604,-0.15372
0.030608,-0.15616
0.030612,-0.13298
0.030616,-0.14029999999999998
0.03062,-0.13785999999999998
0.030624,-0.07808
0.030628,-0.17202
0.030632,-0.12322
0.030636,-0.14518
0.03064,-0.04026
0.030644,-0.1525
0.030648,-0.24156
0.030652,-0.20862
0.030656,-0.01464
0.03066,-0.19885999999999998
0.030664,-0.07442
0.030668,-0.10125999999999999
0.030672,-0.11712
0.030676,-0.08539999999999999
0.03068,-0.08662
0.030684,-0.10003999999999999
0.030688,-0.09394
0.030692,-0.0549
0.030696,0.00244
0.0307,-0.11467999999999999
0.030704,-0.11589999999999999
0.030708,-0.061
0.030712,-0.00976
0.030716,-0.057339999999999995
0.03072,-0.11345999999999999
0.030724,-0.10003999999999999
0.030728,-0.057339999999999995
0.030732,-0.00488
0.030736,-0.06344
0.03074,0.041479999999999996
0.030744,-0.056119999999999996
0.030748,-0.1037
0.030752,-0.06709999999999999
0.030756,-0.03904
0.03076,-0.09881999999999999
0.030764,-0.11956
0.030768,-0.07076
0.030772,0.02562
0.030776,-0.056119999999999996
0.03078,-0.0915
0.030784,-0.03782
0.030788,-0.0793
0.030792,-0.122
0.030796,-0.03538
0.0308,-0.028059999999999998
0.030804,-0.10003999999999999
0.030808,-0.11589999999999999
0.030812,-0.09516
0.030816,-0.057339999999999995
0.03082,-0.06588
0.030824,-0.00366
0.030828,-0.08052
0.030832,0.00488
0.030836,-0.08662
0.03084,-0.06588
0.030844,-0.04026
0.030848,-0.01952
0.030852,-0.07808
0.030856,-0.01342
0.03086,-0.14396
0.030864,-0.12322
0.030868,-0.008539999999999999
0.030872,-0.05368
0.030876,-0.04758
0.03088,-0.15006
0.030884,-0.0549
0.030888,-0.0183
0.030892,-0.048799999999999996
0.030896,-0.05246
0.0309,-0.07442
0.030904,-0.06222
0.030908,-0.08052
0.030912,-0.008539999999999999
0.030916,-0.11102
0.03092,-0.05856
0.030924,-0.01098
0.030928,-0.061
0.030932,-0.0183
0.030936,-0.03538
0.03094,-0.04636
0.030944,-0.0915
0.030948,-0.13785999999999998
0.030952,-0.08662
0.030956,-0.057339999999999995
0.03096,-0.11102
0.030964,-0.11102
0.030968,-0.03294
0.030972,-0.08662
0.030976,-0.02684
0.03098,-0.15006
0.030984,-0.10614
0.030988,-0.01952
0.030992,-0.061
0.030996,0.01464
0.031,-0.12932
0.031004,-0.15006
0.031008,-0.1525
0.031012,0.03538
0.031016,-0.13663999999999998
0.03102,-0.041479999999999996
0.031024,-0.09759999999999999
0.031028,-0.14396
0.031032,0.024399999999999998
0.031036,-0.0793
0.03104,-0.06344
0.031044,-0.1769
0.031048,-0.02684
0.031052,-0.05246
0.031056,-0.1281
0.03106,0.050019999999999995
0.031064,-0.08417999999999999
0.031068,-0.08539999999999999
0.031072,-0.0793
0.031076,-0.01952
0.03108,-0.06709999999999999
0.031084,-0.08174
0.031088,-0.048799999999999996
0.031092,-0.03294
0.031096,-0.10003999999999999
0.0311,-0.01098
0.031104,-0.07564
0.031108,0.07686
0.031112,-0.08052
0.031116,-0.03782
0.03112,-0.02318
0.031124,-0.11589999999999999
0.031128,-0.07686
0.031132,-0.08662
0.031136,-0.07564
0.03114,-0.03294
0.031144,-0.09516
0.031148,-0.0793
0.031152,-0.01098
0.031156,-0.0060999999999999995
0.03116,-0.13785999999999998
0.031164,0.017079999999999998
0.031168,-0.12078
0.031172,-0.1037
0.031176,-0.04636
0.03118,0.01342
0.031184,0.08174
0.031188,-0.09881999999999999
0.031192,0.0915
0.031196,-0.2074
0.0312,-0.09394
0.031204,-0.10003999999999999
0.031208,-0.07198
0.031212,-0.04758
0.031216,-0.1281
0.03122,-0.034159999999999996
0.031224,-0.042699999999999995
0.031228,-0.09881999999999999
0.031232,-0.02318
0.031236,-0.024399999999999998
0.03124,-0.10003999999999999
0.031244,-0.13054
0.031248,-0.0732
0.031252,-0.061
0.031256,-0.12444
0.03126,-0.03782
0.031264,-0.06953999999999999
0.031268,-0.050019999999999995
0.031272,-0.041479999999999996
0.031276,-0.06222
0.03128,-0.08052
0.031284,-0.0305
0.031288,-0.09759999999999999
0.031292,-0.09394
0.031296,-0.13785999999999998
0.0313,-0.08174
0.031304,-0.017079999999999998
0.031308,-0.1098
0.031312,0.00244
0.031316,-0.08906
0.03132,0.11345999999999999
0.031324,-0.061
0.031328,-0.11223999999999999
0.031332,0.017079999999999998
0.031336,-0.16348
0.03134,-0.10614
0.031344,0.0183
0.031348,-0.00366
0.031352,0.05246
0.031356,-0.03904
0.03136,0.056119999999999996
0.031364,0.05856
0.031368,-0.09759999999999999
0.031372,-0.03538
0.031376,-0.14762
0.03138,0.05246
0.031384,-0.19154
0.031388,-0.11712
0.031392,-0.03904
0.031396,-0.11467999999999999
0.0314,-0.056119999999999996
0.031404,-0.16469999999999999
0.031408,-0.042699999999999995
0.031412,-0.0366
0.031416,-0.13419999999999999
0.03142,-0.12932
0.031424,-0.04514
0.031428,-0.056119999999999996
0.031432,0.00732
0.031436,0.01952
0.03144,-0.12688
0.031444,-0.041479999999999996
0.031448,0.0366
0.031452,-0.056119999999999996
0.031456,-0.01098
0.03146,-0.020739999999999998
0.031464,-0.01098
0.031468,-0.19519999999999998
0.031472,-0.03904
0.031476,0.02928
0.03148,-0.07076
0.031484,-0.21106
0.031488,-0.0060999999999999995
0.031492,-0.08539999999999999
0.031496,-0.19641999999999998
0.0315,-0.07442
0.031504,0.05978
0.031508,-0.041479999999999996
0.031512,0.05368
0.031516,-0.042699999999999995
0.03152,-0.11223999999999999
0.031524,-0.057339999999999995
0.031528,-0.1098
0.031532,0.02318
0.031536,-0.04026
0.03154,-0.08662
0.031544,0.034159999999999996
0.031548,-0.15616
0.031552,-0.012199999999999999
0.031556,-0.034159999999999996
0.03156,-0.061
0.031564,-0.15616
0.031568,-0.041479999999999996
0.031572,0.03904
0.031576,-0.05856
0.03158,-0.11834
0.031584,-0.01952
0.031588,-0.1037
0.031592,-0.305
0.031596,-0.10858
0.0316,-0.19154
0.031604,0.00732
0.031608,0.020739999999999998
0.031612,-0.22569999999999998
0.031616,0.034159999999999996
0.03162,-0.00122
0.031624,-0.06466
0.031628,-0.00122
0.031632,0.017079999999999998
0.031636,-0.01464
0.03164,-0.09394
0.031644,-0.05856
0.031648,-0.11589999999999999
0.031652,-0.12322
0.031656,-0.04758
0.03166,-0.020739999999999998
0.031664,-0.0915
0.031668,-0.14518
0.031672,-0.03538
0.031676,0.020739999999999998
0.03168,-0.06466
0.031684,-0.06831999999999999
0.031688,-0.050019999999999995
0.031692,-0.12932
0.031696,-0.0305
0.0317,-0.05246
0.031704,-0.06466
0.031708,-0.03172
0.031712,-0.14884
0.031716,-0.042699999999999995
0.03172,-0.08784
0.031724,-0.0183
0.031728,0.07076
0.031732,-0.012199999999999999
0.031736,-0.03294
0.03174,0.06588
0.031744,-0.03782
0.031748,-0.16104
0.031752,-0.06831999999999999
0.031756,-0.042699999999999995
0.03176,0.07076
0.031764,-0.11345999999999999
0.031768,-0.04758
0.031772,-0.10736
0.031776,-0.18788
0.03178,-0.04636
0.031784,-0.10614
0.031788,0.01952
0.031792,0.06466
0.031796,-0.0549
0.0318,-0.03294
0.031804,-0.0305
0.031808,-0.08539999999999999
0.031812,0.00976
0.031816,-0.034159999999999996
0.03182,0.09272
0.031824,-0.17568
0.031828,-0.22082
0.031832,0.02684
0.031836,0.13907999999999998
0.03184,-0.29524
0.031844,-0.07686
0.031848,0.00976
0.031852,-0.15128
0.031856,0.07076
0.03186,-0.03538
0.031864,-0.11589999999999999
0.031868,-0.020739999999999998
0.031872,0.07808
0.031876,0.1464
0.03188,-0.12688
0.031884,-0.16348
0.031888,0.00976
0.031892,0.057339999999999995
0.031896,-0.08174
0.0319,-0.13054
0.031904,-0.05978
0.031908,-0.06953999999999999
0.031912,0.25742
0.031916,0.0732
0.03192,0.04636
0.031924,0.07686
0.031928,-0.07686
0.031932,-0.0183
0.031936,-0.06466
0.03194,-0.1098
0.031944,-0.09028
0.031948,-0.05246
0.031952,-0.0793
0.031956,-0.0549
0.03196,-0.08052
0.031964,-0.11589999999999999
0.031968,-0.05856
0.031972,-0.00732
0.031976,-0.2196
0.03198,-0.00976
0.031984,-0.11834
0.031988,-0.02318
0.031992,-0.028059999999999998
0.031996,-0.05368
0.032,0.02196
0.032004,-0.01952
0.032008,-0.08906
0.032012,-0.08295999999999999
0.032016,-0.07076
0.03202,-0.041479999999999996
0.032024,-0.09272
0.032028,-0.06466
0.032032,-0.09394
0.032036,-0.1281
0.03204,-0.10003999999999999
0.032044,-0.06953999999999999
0.032048,-0.06588
0.032052,0.02318
0.032056,-0.020739999999999998
0.03206,-0.01952
0.032064,0.048799999999999996
0.032068,0.050019999999999995
0.032072,-0.09759999999999999
0.032076,-0.01342
0.03208,0.09028
0.032084,0.02928
0.032088,-0.19519999999999998
0.032092,-0.16469999999999999
0.032096,-0.22813999999999998
0.0321,-0.05368
0.032104,-0.00488
0.032108,-0.01952
0.032112,-0.13541999999999998
0.032116,-0.08174
0.03212,-0.00122
0.032124,-0.0549
0.032128,-0.00122
0.032132,0.0305
0.032136,0.05856
0.03214,-0.17446
0.032144,-0.18666
0.032148,-0.17812
0.032152,0.1281
0.032156,-0.19276
0.03216,-0.11223999999999999
0.032164,0.23179999999999998
0.032168,-0.20251999999999998
0.032172,0.17812
0.032176,0.01464
0.03218,0.01952
0.032184,-0.05368
0.032188,-0.20374
0.032192,-0.11467999999999999
0.032196,0.08295999999999999
0.0322,0.08662
0.032204,-0.056119999999999996
0.032208,-0.00244
0.032212,-0.01342
0.032216,0.024399999999999998
0.03222,0.15982
0.032224,-0.06466
0.032228,-0.08052
0.032232,-0.061
0.032236,-0.07564
0.03224,-0.13054
0.032244,-0.10736
0.032248,-0.08174
0.032252,-0.008539999999999999
0.032256,-0.01342
0.03226,-0.18056
0.032264,-0.11834
0.032268,0.0
0.032272,-0.10492
0.032276,-0.09881999999999999
0.03228,0.01952
0.032284,-0.04758
0.032288,-0.07686
0.032292,-0.13541999999999998
0.032296,0.024399999999999998
0.0323,0.01098
0.032304,-0.04392
0.032308,-0.07076
0.032312,-0.09272
0.032316,-0.12566
0.03232,-0.10248
0.032324,-0.10125999999999999
0.032328,-0.06953999999999999
0.032332,-0.09272
0.032336,-0.05978
0.03234,0.042699999999999995
0.032344,-0.09638
0.032348,-0.0305
0.032352,-0.16104
0.032356,-0.17568
0.03236,-0.09759999999999999
0.032364,-0.05856
0.032368,-0.008539999999999999
0.032372,-0.1098
0.032376,-0.04636
0.03238,-0.03172
0.032384,-0.06588
0.032388,0.020739999999999998
0.032392,-0.056119999999999996
0.032396,-0.01586
0.0324,-0.028059999999999998
0.032404,-0.04514
0.032408,-0.122
0.032412,-0.10125999999999999
0.032416,-0.05124
0.03242,-0.02684
0.032424,-0.01586
0.032428,-0.09028
0.032432,-0.04392
0.032436,-0.0366
0.03244,-0.14518
0.032444,-0.13176
0.032448,0.08052
0.032452,-0.02196
0.032456,-0.11102
0.03246,-0.09516
0.032464,-0.06953999999999999
0.032468,-0.06831999999999999
0.032472,-0.18544
0.032476,-0.11712
0.03248,0.04636
0.032484,0.048799999999999996
0.032488,-0.01952
0.032492,-0.07198
0.032496,-0.09881999999999999
0.0325,-0.10858
0.032504,-0.13663999999999998
0.032508,-0.017079999999999998
0.032512,0.00122
0.032516,-0.00122
0.03252,-0.20007999999999998
0.032524,-0.09638
0.032528,-0.09394
0.032532,0.10858
0.032536,0.05246
0.03254,-0.06344
0.032544,-0.0183
0.032548,0.10614
0.032552,-0.028059999999999998
0.032556,0.13541999999999998
0.03256,0.18788
0.032564,0.00122
0.032568,0.1586
0.032572,-0.05246
0.032576,-0.18788
0.03258,-0.17446
0.032584,-0.13054
0.032588,0.0793
0.032592,0.07198
0.032596,-0.02196
0.0326,-0.056119999999999996
0.032604,0.0366
0.032608,-0.12322
0.032612,0.02196
0.032616,0.03172
0.03262,-0.03782
0.032624,-0.01098
0.032628,0.034159999999999996
0.032632,-0.12078
0.032636,-0.19763999999999998
0.03264,-0.09394
0.032644,-0.00488
0.032648,-0.03538
0.032652,-0.00366
0.032656,-0.12444
0.03266,0.01952
0.032664,-0.08784
0.032668,-0.06344
0.032672,-0.020739999999999998
0.032676,-0.04026
0.03268,-0.14884
0.032684,-0.0305
0.032688,-0.00366
0.032692,-0.10614
0.032696,-0.09881999999999999
0.0327,-0.15616
0.032704,-0.04758
0.032708,-0.16713999999999998
0.032712,0.02928
0.032716,0.012199999999999999
0.03272,-0.08295999999999999
0.032724,-0.05368
0.032728,0.024399999999999998
0.032732,-0.061
0.032736,-0.07076
0.03274,-0.12932
0.032744,-0.02318
0.032748,-0.02562
0.032752,-0.05124
0.032756,-0.02684
0.03276,-0.09272
0.032764,-0.11467999999999999
0.032768,-0.06709999999999999
0.032772,-0.01342
0.032776,0.00976
0.03278,-0.07564
0.032784,-0.04392
0.032788,-0.16713999999999998
0.032792,-0.04514
0.032796,0.01952
0.0328,-0.06344
0.032804,-0.061
0.032808,-0.05124
0.032812,-0.09272
0.032816,-0.10125999999999999
0.03282,-0.09028
0.032824,-0.042699999999999995
0.032828,-0.07076
0.032832,-0.03294
0.032836,-0.07442
0.03284,-0.01098
0.032844,-0.0732
0.032848,-0.08662
0.032852,-0.16835999999999998
0.032856,0.01586
0.03286,0.0
0.032864,-0.122
0.032868,-0.10614
0.032872,-0.04026
0.032876,-0.048799999999999996
0.03288,-0.04514
0.032884,-0.020739999999999998
0.032888,-0.024399999999999998
0.032892,0.1464
0.032896,-0.00122
0.0329,0.07442
0.032904,-0.17812
0.032908,-0.41724
0.032912,0.23301999999999998
0.032916,-0.14518
0.03292,-0.00244
0.032924,-0.16104
0.032928,-0.11223999999999999
0.032932,0.04026
0.032936,-0.13541999999999998
0.03294,-0.21472
0.032944,0.08174
0.032948,0.00122
0.032952,0.09516
0.032956,-0.05368
0.03296,0.26474
0.032964,0.008539999999999999
0.032968,0.06466
0.032972,0.16104
0.032976,-0.06709999999999999
0.03298,-0.21472
0.032984,-0.17079999999999998
0.032988,-0.22082
0.032992,0.020739999999999998
0.032996,-0.01464
0.033,-0.04758
0.033004,-0.03538
0.033008,0.0305
0.033012,-0.09759999999999999
0.033016,0.042699999999999995
0.03302,-0.00122
0.033024,-0.07564
0.033028,-0.11223999999999999
0.033032,-0.15372
0.033036,-0.10248
0.03304,-0.05246
0.033044,-0.0793
0.033048,-0.09028
0.033052,-0.042699999999999995
0.033056,-0.057339999999999995
0.03306,0.05856
0.033064,-0.017079999999999998
0.033068,-0.048799999999999996
0.033072,-0.1281
0.033076,0.04392
0.03308,-0.09759999999999999
0.033084,-0.07198
0.033088,-0.10736
0.033092,-0.01586
0.033096,0.04758
0.0331,0.08784
0.033104,0.05978
0.033108,-0.00976
0.033112,0.02684
0.033116,-0.23057999999999998
0.03312,-0.19276
0.033124,-0.17324
0.033128,0.08174
0.033132,0.01342
0.033136,0.0305
0.03314,-0.05978
0.033144,-0.13176
0.033148,-0.10125999999999999
0.033152,-0.042699999999999995
0.033156,-0.1037
0.03316,-0.13663999999999998
0.033164,-0.09759999999999999
0.033168,-0.04026
0.033172,-0.042699999999999995
0.033176,-0.0793
0.03318,-0.056119999999999996
0.033184,-0.06344
0.033188,-0.07442
0.033192,-0.06466
0.033196,-0.03782
0.0332,-0.08784
0.033204,-0.056119999999999996
0.033208,-0.16591999999999998
0.033212,-0.11102
0.033216,-0.03904
0.03322,-0.02318
0.033224,-0.057339999999999995
0.033228,-0.03172
0.033232,0.0549
0.033236,-0.02318
0.03324,-0.10858
0.033244,-0.21106
0.033248,-0.10736
0.033252,-0.056119999999999996
0.033256,-0.00976
0.03326,0.02928
0.033264,-0.09881999999999999
0.033268,-0.07076
0.033272,-0.03294
0.033276,-0.041479999999999996
0.03328,-0.10492
0.033284,-0.15128
0.033288,-0.04636
0.033292,-0.017079999999999998
0.033296,-0.042699999999999995
0.0333,0.04026
0.033304,0.00366
0.033308,-0.0305
0.033312,-0.050019999999999995
0.033316,-0.09272
0.03332,-0.18056
0.033324,-0.07198
0.033328,-0.11345999999999999
0.033332,0.04514
0.033336,-0.0183
0.03334,-0.00366
0.033344,-0.1525
0.033348,-0.19032
0.033352,-0.1586
0.033356,-0.057339999999999995
0.03336,-0.0183
0.033364,0.00488
0.033368,0.061
0.033372,-0.028059999999999998
0.033376,-0.08784
0.03338,-0.1098
0.033384,-0.1281
0.033388,-0.08174
0.033392,-0.048799999999999996
0.033396,-0.04514
0.0334,-0.0366
0.033404,-0.03172
0.033408,0.01464
0.033412,-0.08539999999999999
0.033416,-0.10003999999999999
0.03342,-0.10614
0.033424,-0.056119999999999996
0.033428,-0.14518
0.033432,-0.04758
0.033436,-0.02196
0.03344,0.0
0.033444,0.008539999999999999
0.033448,0.024399999999999998
0.033452,-0.00244
0.033456,-0.17934
0.03346,-0.14762
0.033464,-0.17202
0.033468,-0.06709999999999999
0.033472,0.03172
0.033476,-0.03782
0.03348,0.08417999999999999
0.033484,0.28914
0.033488,0.26474
0.033492,0.29402
0.033496,-0.45505999999999996
0.0335,0.61366
0.033504,-0.52826
0.033508,-0.0549
0.033512,0.14884
0.033516,-0.10736
0.03352,0.08295999999999999
0.033524,-0.07686
0.033528,-0.06831999999999999
0.033532,-0.07686
0.033536,-0.15982
0.03354,-0.17079999999999998
0.033544,-0.13419999999999999
0.033548,-0.05978
0.033552,0.0793
0.033556,0.056119999999999996
0.03356,-0.01342
0.033564,-0.10492
0.033568,-0.14762
0.033572,-0.15738
0.033576,-0.14518
0.03358,-0.057339999999999995
0.033584,-0.024399999999999998
0.033588,0.028059999999999998
0.033592,0.11102
0.033596,-0.017079999999999998
0.0336,-0.09881999999999999
0.033604,-0.13419999999999999
0.033608,-0.2196
0.033612,-0.15006
0.033616,-0.03172
0.03362,0.07442
0.033624,0.12688
0.033628,0.01464
0.033632,0.0793
0.033636,-0.00122
0.03364,-0.17446
0.033644,-0.14762
0.033648,-0.15616
0.033652,-0.21716
0.033656,-0.061
0.03366,-0.057339999999999995
0.033664,0.10248
0.033668,0.10492
0.033672,-0.11956
0.033676,-0.07076
0.03368,-0.13785999999999998
0.033684,-0.15738
0.033688,-0.244
0.033692,0.10248
0.033696,0.0793
0.0337,0.020739999999999998
0.033704,0.00488
0.033708,-0.07076
0.033712,-0.12566
0.033716,-0.14518
0.03372,-0.17934
0.033724,-0.09028
0.033728,-0.061
0.033732,-0.01342
0.033736,0.05856
0.03374,0.00244
0.033744,-0.0183
0.033748,-0.06831999999999999
0.033752,-0.15982
0.033756,-0.13907999999999998
0.03376,-0.10858
0.033764,-0.00976
0.033768,0.02196
0.033772,0.0549
0.033776,-0.01464
0.03378,-0.06588
0.033784,-0.12688
0.033788,-0.14762
0.033792,-0.18544
0.033796,-0.12688
0.0338,-0.06953999999999999
0.033804,0.024399999999999998
0.033808,0.02928
0.033812,0.00976
0.033816,-0.07686
0.03382,-0.09516
0.033824,-0.16591999999999998
0.033828,-0.11589999999999999
0.033832,-0.1464
0.033836,0.05368
0.03384,0.01464
0.033844,0.04758
0.033848,-0.012199999999999999
0.033852,-0.042699999999999995
0.033856,-0.1098
0.03386,-0.14274
0.033864,-0.20374
0.033868,-0.06344
0.033872,0.01464
0.033876,-0.01586
0.03388,-0.00366
0.033884,-0.03294
0.033888,-0.0915
0.033892,-0.07686
0.033896,-0.11223999999999999
0.0339,-0.12444
0.033904,-0.09638
0.033908,-0.0366
0.033912,-0.017079999999999998
0.033916,-0.02196
0.03392,-0.024399999999999998
0.033924,-0.08052
0.033928,-0.06222
0.033932,-0.09638
0.033936,-0.12322
0.03394,-0.16957999999999998
0.033944,-0.00488
0.033948,-0.0183
0.033952,-0.056119999999999996
0.033956,0.0366
0.03396,0.0
0.033964,-0.050019999999999995
0.033968,-0.11102
0.033972,-0.0793
0.033976,-0.17568
0.03398,-0.11956
0.033984,-0.05856
0.033988,-0.01586
0.033992,0.017079999999999998
0.033996,-0.050019999999999995
0.034,-0.050019999999999995
0.034004,-0.08174
0.034008,-0.04026
0.034012,-0.11102
0.034016,-0.02562
0.03402,-0.13785999999999998
0.034024,-0.14274
0.034028,-0.04636
0.034032,0.06588
0.034036,-0.00244
0.03404,0.06953999999999999
0.034044,0.008539999999999999
0.034048,-0.09394
0.034052,-0.17446
0.034056,-0.122
0.03406,-0.05856
0.034064,-0.14396
0.034068,0.041479999999999996
0.034072,0.03172
0.034076,0.02562
0.03408,-0.04758
0.034084,0.00976
0.034088,-0.08662
0.034092,-0.13176
0.034096,-0.16348
0.0341,-0.15372
0.034104,-0.11345999999999999
0.034108,0.09881999999999999
0.034112,0.06466
0.034116,-0.028059999999999998
0.03412,-0.0060999999999999995
0.034124,-0.04636
0.034128,-0.09394
0.034132,-0.13054
0.034136,-0.13176
0.03414,-0.11712
0.034144,-0.14029999999999998
0.034148,0.06831999999999999
0.034152,0.15738
0.034156,0.1037
0.03416,-0.01952
0.034164,-0.00366
0.034168,-0.20374
0.034172,-0.17079999999999998
0.034176,-0.23424
0.03418,0.09272
0.034184,0.08052
0.034188,0.00122
0.034192,-0.08295999999999999
0.034196,-0.13907999999999998
0.0342,-0.09638
0.034204,-0.06466
0.034208,-0.1586
0.034212,-0.19397999999999999
0.034216,0.04636
0.03422,0.14518
0.034224,-0.00122
0.034228,0.017079999999999998
0.034232,-0.056119999999999996
0.034236,-0.11956
0.03424,-0.19032
0.034244,-0.13663999999999998
0.034248,-0.11956
0.034252,-0.08539999999999999
0.034256,-0.20129999999999998
0.03426,-0.01464
0.034264,0.16469999999999999
0.034268,0.09881999999999999
0.034272,0.056119999999999996
0.034276,0.10248
0.03428,0.12932
0.034284,-0.11834
0.034288,0.14396
0.034292,-0.30012
0.034296,-0.15372
0.0343,0.07076
0.034304,-0.14152
0.034308,0.11712
0.034312,0.1525
0.034316,0.16348
0.03432,-0.06709999999999999
0.034324,-0.22569999999999998
0.034328,-0.27449999999999997
0.034332,-0.16957999999999998
0.034336,-0.0549
0.03434,-0.00366
0.034344,0.13907999999999998
0.034348,0.07442
0.034352,-0.04636
0.034356,0.00366
0.03436,-0.10003999999999999
0.034364,-0.1281
0.034368,-0.19397999999999999
0.034372,-0.20251999999999998
0.034376,-0.19154
0.03438,-0.08295999999999999
0.034384,0.01098
0.034388,0.16713999999999998
0.034392,0.08539999999999999
0.034396,-0.0366
0.0344,-0.13785999999999998
0.034404,-0.0793
0.034408,-0.12688
0.034412,-0.15128
0.034416,-0.19032
0.03442,-0.08906
0.034424,-0.01952
0.034428,0.01952
0.034432,0.08174
0.034436,0.05124
0.03444,-0.04514
0.034444,-0.09272
0.034448,-0.0732
0.034452,-0.09028
0.034456,-0.11589999999999999
0.03446,-0.09516
0.034464,-0.18178
0.034468,-0.20618
0.034472,-0.05978
0.034476,0.00732
0.03448,0.050019999999999995
0.034484,0.05856
0.034488,0.02318
0.034492,-0.061
0.034496,-0.13176
0.0345,-0.11223999999999999
0.034504,-0.2135
0.034508,-0.06466
0.034512,0.012199999999999999
0.034516,0.0366
0.03452,0.02196
0.034524,-0.028059999999999998
0.034528,-0.00976
0.034532,-0.00732
0.034536,-0.17568
0.03454,-0.20251999999999998
0.034544,-0.20618
0.034548,-0.20374
0.034552,-0.0549
0.034556,0.10614
0.03456,0.11345999999999999
0.034564,0.12078
0.034568,0.0305
0.034572,-0.08784
0.034576,-0.1769
0.03458,-0.19032
0.034584,-0.20251999999999998
0.034588,0.08539999999999999
0.034592,0.09881999999999999
0.034596,0.05246
0.0346,0.01098
0.034604,-0.03538
0.034608,-0.22326
0.034612,-0.19276
0.034616,-0.16591999999999998
0.03462,-0.18666
0.034624,-0.061
0.034628,0.11102
0.034632,0.04026
0.034636,-0.02562
0.03464,-0.06953999999999999
0.034644,-0.05978
0.034648,-0.08784
0.034652,-0.08784
0.034656,-0.17079999999999998
0.03466,-0.09881999999999999
0.034664,-0.024399999999999998
0.034668,-0.04636
0.034672,-0.02928
0.034676,-0.05368
0.03468,0.01098
0.034684,0.02318
0.034688,-0.07808
0.034692,-0.12078
0.034696,-0.15494
0.0347,-0.13907999999999998
0.034704,-0.0793
0.034708,0.08539999999999999
0.034712,0.10858
0.034716,-0.00366
0.03472,-0.03782
0.034724,-0.11956
0.034728,-0.12566
0.034732,-0.22691999999999998
0.034736,-0.10492
0.03474,-0.017079999999999998
0.034744,0.01586
0.034748,0.0793
0.034752,0.08174
0.034756,-0.1037
0.03476,-0.09272
0.034764,-0.22447999999999999
0.034768,-0.22326
0.034772,-0.20129999999999998
0.034776,0.05246
0.03478,0.09881999999999999
0.034784,0.057339999999999995
0.034788,-0.00244
0.034792,0.06831999999999999
0.034796,-0.057339999999999995
0.0348,-0.08662
0.034804,-0.14518
0.034808,-0.20251999999999998
0.034812,-0.08662
0.034816,-0.07442
0.03482,0.034159999999999996
0.034824,0.012199999999999999
0.034828,0.09516
0.034832,-0.0183
0.034836,-0.08784
0.03484,-0.21106
0.034844,-0.18422
0.034848,-0.17324
0.034852,-0.04758
0.034856,0.01952
0.03486,0.008539999999999999
0.034864,-0.048799999999999996
0.034868,-0.020739999999999998
0.034872,-0.10248
0.034876,-0.12566
0.03488,-0.05246
0.034884,-0.11467999999999999
0.034888,-0.09516
0.034892,-0.02562
0.034896,-0.028059999999999998
0.0349,-0.05856
0.034904,-0.11589999999999999
0.034908,-0.09028
0.034912,-0.0915
0.034916,-0.08662
0.03492,-0.04758
0.034924,-0.008539999999999999
0.034928,0.01342
0.034932,-0.02928
0.034936,-0.09881999999999999
0.03494,-0.050019999999999995
0.034944,-0.07564
0.034948,-0.11712
0.034952,-0.1525
0.034956,-0.03294
0.03496,0.02318
0.034964,-0.0305
0.034968,-0.04026
0.034972,-0.12444
0.034976,-0.20251999999999998
0.03498,-0.14152
0.034984,-0.034159999999999996
0.034988,0.03904
0.034992,0.0305
0.034996,-0.0366
0.035,-0.10248
0.035004,-0.11467999999999999
0.035008,-0.1525
0.035012,-0.13541999999999998
0.035016,-0.15372
0.03502,-0.06222
0.035024,-0.01586
0.035028,0.024399999999999998
0.035032,0.00244
0.035036,-0.02318
0.03504,-0.15372
0.035044,-0.14884
0.035048,-0.05856
0.035052,-0.13785999999999998
0.035056,0.01098
0.03506,0.02928
0.035064,-0.028059999999999998
0.035068,-0.0549
0.035072,-0.12444
0.035076,-0.15128
0.03508,-0.08295999999999999
0.035084,-0.05124
0.035088,-0.0366
0.035092,0.05124
0.035096,-0.11589999999999999
0.0351,-0.0732
0.035104,-0.18178
0.035108,-0.23668
0.035112,-0.06709999999999999
0.035116,0.04392
0.03512,0.22447999999999999
0.035124,0.06222
0.035128,-0.08174
0.035132,-0.17079999999999998
0.035136,-0.2074
0.03514,-0.18178
0.035144,-0.16713999999999998
0.035148,-0.08906
0.035152,-0.03172
0.035156,0.00488
0.03516,0.13176
0.035164,0.08662
0.035168,-0.008539999999999999
0.035172,-0.04758
0.035176,-0.11102
0.03518,-0.29158
0.035184,-0.25376
0.035188,-0.08539999999999999
0.035192,0.04636
0.035196,-0.041479999999999996
0.0352,0.0549
0.035204,0.03782
0.035208,0.06222
0.035212,-0.08906
0.035216,-0.17446
0.03522,-0.25376
0.035224,-0.14762
0.035228,-0.1281
0.035232,-0.08417999999999999
0.035236,0.00732
0.03524,0.122
0.035244,0.09028
0.035248,0.122
0.035252,-0.0060999999999999995
0.035256,-0.12566
0.03526,-0.12078
0.035264,-0.29158
0.035268,-0.19763999999999998
0.035272,-0.09638
0.035276,0.05124
0.03528,0.0183
0.035284,0.09881999999999999
0.035288,0.03782
0.035292,0.15494
0.035296,-0.03538
0.0353,-0.19519999999999998
0.035304,-0.11345999999999999
0.035308,-0.22691999999999998
0.035312,-0.09272
0.035316,-0.08052
0.03532,0.06466
0.035324,0.11467999999999999
0.035328,0.07198
0.035332,0.048799999999999996
0.035336,0.01586
0.03534,-0.09516
0.035344,-0.08052
0.035348,-0.24888
0.035352,-0.1769
0.035356,-0.20496
0.03536,-0.07808
0.035364,-0.06709999999999999
0.035368,0.034159999999999996
0.035372,0.028059999999999998
0.035376,0.02562
0.03538,0.0060999999999999995
0.035384,-0.10003999999999999
0.035388,-0.13419999999999999
0.035392,-0.22691999999999998
0.035396,-0.19519999999999998
0.0354,-0.122
0.035404,-0.09881999999999999
0.035408,-0.03294
0.035412,0.10492
0.035416,0.183
0.03542,0.18666
0.035424,0.07686
0.035428,0.0793
0.035432,-0.27937999999999996
0.035436,-0.35624
0.03544,-0.26108
0.035444,-0.09638
0.035448,0.05978
0.035452,0.00366
0.035456,0.0793
0.03546,0.14029999999999998
0.035464,-0.02928
0.035468,-0.0183
0.035472,-0.19397999999999999
0.035476,-0.35014
0.03548,-0.22813999999999998
0.035484,-0.04514
0.035488,-0.057339999999999995
0.035492,0.048799999999999996
0.035496,0.09028
0.0355,0.19032
0.035504,0.17324
0.035508,0.00976
0.035512,-0.02562
0.035516,-0.17079999999999998
0.03552,-0.25254
0.035524,-0.20862
0.035528,-0.17079999999999998
0.035532,-0.008539999999999999
0.035536,0.06953999999999999
0.03554,0.12688
0.035544,0.10125999999999999
0.035548,0.122
0.035552,-0.028059999999999998
0.035556,-0.02928
0.03556,-0.15738
0.035564,-0.16469999999999999
0.035568,-0.24888
0.035572,-0.24888
0.035576,-0.12322
0.03558,0.09638
0.035584,0.22569999999999998
0.035588,0.048799999999999996
0.035592,0.012199999999999999
0.035596,0.02684
0.0356,-0.017079999999999998
0.035604,-0.10614
0.035608,-0.30134
0.035612,-0.35868
0.035616,-0.21716
0.03562,-0.16348
0.035624,0.08906
0.035628,0.23668
0.035632,0.22326
0.035636,0.00976
0.03564,0.06344
0.035644,-0.06709999999999999
0.035648,-0.25864
0.035652,-0.31964
0.035656,-0.24034
0.03566,-0.10248
0.035664,-0.034159999999999996
0.035668,0.00122
0.035672,0.012199999999999999
0.035676,0.18178
0.03568,0.02684
0.035684,-0.06953999999999999
0.035688,-0.09272
0.035692,-0.30012
0.035696,-0.31842
0.0357,-0.27571999999999997
0.035704,-0.15616
0.035708,-0.050019999999999995
0.035712,0.07442
0.035716,0.10248
0.03572,0.09272
0.035724,0.0549
0.035728,-0.03538
0.035732,-0.11223999999999999
0.035736,-0.366
0.03574,-0.38064
0.035744,-0.26718
0.035748,-0.20251999999999998
0.035752,-0.06222
0.035756,0.13298
0.03576,0.40626
0.035764,0.36478
0.035768,0.1891
0.035772,0.08662
0.035776,0.00488
0.03578,-0.42944
0.035784,-0.41968
0.035788,-0.23668
0.035792,-0.07442
0.035796,0.11589999999999999
0.0358,0.26961999999999997
0.035804,0.14762
0.035808,0.14274
0.035812,0.05856
0.035816,-0.11102
0.03582,-0.19763999999999998
0.035824,-0.35136
0.035828,-0.46115999999999996
0.035832,-0.25742
0.035836,0.09759999999999999
0.03584,0.19276
0.035844,0.29646
0.035848,0.1769
0.035852,0.02196
0.035856,-0.04392
0.03586,-0.13419999999999999
0.035864,-0.244
0.035868,-0.28304
0.035872,-0.24156
0.035876,-0.17568
0.03588,-0.12566
0.035884,0.061
0.035888,0.23057999999999998
0.035892,0.07076
0.035896,0.17934
0.0359,0.02684
0.035904,-0.2074
0.035908,-0.12078
0.035912,-0.34892
0.035916,-0.32939999999999997
0.03592,-0.19641999999999998
0.035924,-0.122
0.035928,-0.08784
0.035932,0.0366
0.035936,0.1586
0.03594,0.2562
0.035944,0.22447999999999999
0.035948,-0.017079999999999998
0.035952,-0.057339999999999995
0.035956,-0.31842
0.03596,-0.43066
0.035964,-0.4087
0.035968,-0.15128
0.035972,0.07686
0.035976,0.18788
0.03598,0.11834
0.035984,0.19519999999999998
0.035988,0.14884
0.035992,-0.09881999999999999
0.035996,-0.21106
0.036,-0.31476
0.036004,-0.3599
0.036008,-0.2379
0.036012,-0.01952
0.036016,0.00366
0.03602,0.08539999999999999
0.036024,0.14884
0.036028,0.18666
0.036032,0.061
0.036036,-0.18666
0.03604,-0.22691999999999998
0.036044,-0.28548
0.036048,-0.20984
0.036052,-0.16957999999999998
0.036056,-0.09394
0.03606,-0.11345999999999999
0.036064,0.11834
0.036068,0.14396
0.036072,0.05368
0.036076,0.03904
0.03608,0.00732
0.036084,-0.0549
0.036088,-0.22326
0.036092,-0.24156
0.036096,-0.20862
0.0361,-0.0915
0.036104,-0.20251999999999998
0.036108,-0.15738
0.036112,0.09759999999999999
0.036116,0.25864
0.03612,0.16469999999999999
0.036124,0.10248
0.036128,-0.19885999999999998
0.036132,-0.19641999999999998
0.036136,-0.33305999999999997
0.03614,-0.27571999999999997
0.036144,-0.11345999999999999
0.036148,-0.01586
0.036152,-0.01342
0.036156,-0.024399999999999998
0.03616,0.26108
0.036164,0.22082
0.036168,0.02562
0.036172,-0.23424
0.036176,-0.39893999999999996
0.03618,-0.33061999999999997
0.036184,-0.17446
0.036188,0.028059999999999998
0.036192,0.16348
0.036196,0.10248
0.0362,0.05368
0.036204,0.01342
0.036208,-0.08295999999999999
0.036212,-0.028059999999999998
0.036216,-0.16713999999999998
0.03622,-0.2074
0.036224,-0.17202
0.036228,-0.2501
0.036232,-0.15006
0.036236,-0.02562
0.03624,0.05856
0.036244,0.00244
0.036248,0.08662
0.036252,0.08539999999999999
0.036256,0.0549
0.03626,-0.04392
0.036264,-0.22204
0.036268,-0.1525
0.036272,-0.427
0.036276,-0.2196
0.03628,-0.00976
0.036284,0.19641999999999998
0.036288,0.26108
0.036292,0.024399999999999998
0.036296,-0.06831999999999999
0.0363,-0.28304
0.036304,-0.22569999999999998
0.036308,-0.19519999999999998
0.036312,0.11834
0.036316,0.30012
0.03632,0.17324
0.036324,-0.0549
0.036328,-0.16469999999999999
0.036332,-0.30256
0.036336,-0.31964
0.03634,-0.08174
0.036344,0.19276
0.036348,0.15128
0.036352,0.04026
0.036356,-0.048799999999999996
0.03636,-0.23179999999999998
0.036364,-0.23301999999999998
0.036368,-0.27083999999999997
0.036372,-0.11956
0.036376,0.056119999999999996
0.03638,0.11712
0.036384,0.07442
0.036388,0.020739999999999998
0.036392,-0.11956
0.036396,-0.18788
0.0364,-0.11467999999999999
0.036404,-0.25498
0.036408,-0.18788
0.036412,0.23301999999999998
0.036416,0.36112
0.03642,0.12444
0.036424,-0.21838
0.036428,-0.23179999999999998
0.036432,-0.30866
0.036436,-0.22082
0.03644,-0.14884
0.036444,0.14518
0.036448,0.23546
0.036452,0.00122
0.036456,0.02196
0.03646,-0.33549999999999996
0.036464,-0.34648
0.036468,-0.21106
0.036472,0.00122
0.036476,0.22691999999999998
0.03648,0.41602
0.036484,0.02928
0.036488,-0.06466
0.036492,-0.26474
0.036496,-0.33183999999999997
0.0365,-0.37942
0.036504,-0.041479999999999996
0.036508,0.09638
0.036512,0.13298
0.036516,0.20374
0.03652,0.028059999999999998
0.036524,-0.0732
0.036528,-0.24522
0.036532,-0.305
0.036536,-0.08906
0.03654,0.15494
0.036544,0.10614
0.036548,0.11345999999999999
0.036552,0.12078
0.036556,-0.12444
0.03656,-0.36112
0.036564,-0.35258
0.036568,-0.01952
0.036572,0.32086
0.036576,0.16591999999999998
0.03658,0.04026
0.036584,-0.19641999999999998
0.036588,-0.2989
0.036592,-0.40503999999999996
0.036596,-0.11102
0.0366,0.30134
0.036604,0.25254
0.036608,0.20496
0.036612,-0.16591999999999998
0.036616,-0.36112
0.03662,-0.35136
0.036624,-0.10736
0.036628,0.24766
0.036632,0.13419999999999999
0.036636,-0.00122
0.03664,-0.041479999999999996
0.036644,-0.04392
0.036648,-0.0793
0.036652,-0.15738
0.036656,-0.04758
0.03666,0.034159999999999996
0.036664,0.08906
0.036668,-0.01342
0.036672,-0.13907999999999998
0.036676,-0.02562
0.03668,-0.11834
0.036684,-0.19397999999999999
0.036688,-0.10492
0.036692,0.06588
0.036696,0.14884
0.0367,-0.03782
0.036704,-0.06466
0.036708,-0.20496
0.036712,-0.27205999999999997
0.036716,-0.05246
0.03672,-0.0793
0.036724,0.12078
0.036728,0.1464
0.036732,-0.08174
0.036736,-0.14762
0.03674,-0.27449999999999997
0.036744,-0.26352
0.036748,0.06831999999999999
0.036752,0.00244
0.036756,0.14518
0.03676,-0.01952
0.036764,-0.10125999999999999
0.036768,-0.17446
0.036772,-0.07808
0.036776,-0.03172
0.03678,-0.034159999999999996
0.036784,0.08539999999999999
0.036788,-0.09759999999999999
0.036792,-0.00122
0.036796,-0.14029999999999998
0.0368,-0.16835999999999998
0.036804,-0.23179999999999998
0.036808,-0.017079999999999998
0.036812,0.02318
0.036816,0.10858
0.03682,0.01952
0.036824,-0.061
0.036828,-0.22935999999999998
0.036832,-0.1586
0.036836,-0.23912
0.03684,0.1098
0.036844,0.17568
0.036848,-0.00366
0.036852,-0.00366
0.036856,-0.06831999999999999
0.03686,-0.23668
0.036864,-0.27571999999999997
0.036868,-0.26352
0.036872,-0.15372
0.036876,0.15128
0.03688,0.08417999999999999
0.036884,0.07686
0.036888,-0.09638
0.036892,-0.08174
0.036896,-0.26352
0.0369,-0.2501
0.036904,0.15372
0.036908,0.14396
0.036912,0.10003999999999999
0.036916,0.1891
0.03692,-0.08295999999999999
0.036924,-0.30744
0.036928,-0.32939999999999997
0.036932,-0.04026
0.036936,0.2196
0.03694,0.14762
0.036944,0.028059999999999998
0.036948,-0.37454
0.036952,-0.25986
0.036956,-0.20862
0.03696,-0.12932
0.036964,0.1098
0.036968,0.13054
0.036972,0.07442
0.036976,0.08417999999999999
0.03698,-0.19763999999999998
0.036984,-0.35014
0.036988,-0.30744
0.036992,-0.13419999999999999
0.036996,0.08052
0.037,0.09638
0.037004,0.14518
0.037008,0.07442
0.037012,-0.08417999999999999
0.037016,-0.17079999999999998
0.03702,-0.22326
0.037024,-0.12566
0.037028,-0.07686
0.037032,0.19154
0.037036,0.15372
0.03704,-0.07564
0.037044,-0.2562
0.037048,-0.24644
0.037052,-0.04514
0.037056,-0.16469999999999999
0.03706,0.09759999999999999
0.037064,0.1891
0.037068,0.06588
0.037072,-0.06588
0.037076,-0.08784
0.03708,-0.28792
0.037084,-0.40381999999999996
0.037088,-0.18056
0.037092,-0.0793
0.037096,0.03172
0.0371,0.22813999999999998
0.037104,0.09881999999999999
0.037108,0.05124
0.037112,-0.15616
0.037116,-0.1525
0.03712,-0.39771999999999996
0.037124,-0.32574
0.037128,0.04026
0.037132,0.15494
0.037136,0.06466
0.03714,-0.05856
0.037144,-0.03904
0.037148,-0.16591999999999998
0.037152,-0.09516
0.037156,-0.21472
0.03716,0.13298
0.037164,0.08417999999999999
0.037168,-0.14762
0.037172,-0.10858
0.037176,-0.16713999999999998
0.03718,-0.19397999999999999
0.037184,-0.1891
0.037188,0.08295999999999999
0.037192,0.14029999999999998
0.037196,0.19519999999999998
0.0372,0.06588
0.037204,-0.10736
0.037208,-0.12322
0.037212,-0.0366
0.037216,-0.26596
0.03722,-0.26596
0.037224,-0.28792
0.037228,0.22082
0.037232,0.1586
0.037236,-0.02318
0.03724,-0.05368
0.037244,-0.23912
0.037248,-0.16469999999999999
0.037252,-0.12688
0.037256,0.0549
0.03726,0.07686
0.037264,0.008539999999999999
0.037268,0.08906
0.037272,-0.02196
0.037276,-0.15982
0.03728,-0.26596
0.037284,-0.41358
0.037288,-0.041479999999999996
0.037292,-0.00488
0.037296,0.11345999999999999
0.0373,0.00366
0.037304,0.05368
0.037308,0.02684
0.037312,-0.122
0.037316,-0.15494
0.03732,-0.28059999999999996
0.037324,-0.19032
0.037328,-0.03538
0.037332,0.22326
0.037336,0.30866
0.03734,-0.05246
0.037344,-0.08417999999999999
0.037348,0.0183
0.037352,-0.23912
0.037356,-0.31842
0.03736,-0.24888
0.037364,-0.01464
0.037368,0.24278
0.037372,0.04392
0.037376,-0.06344
0.03738,0.0793
0.037384,-0.01098
0.037388,-0.32696
0.037392,-0.25498
0.037396,-0.11223999999999999
0.0374,0.11712
0.037404,0.20251999999999998
0.037408,0.042699999999999995
0.037412,0.02196
0.037416,0.042699999999999995
0.03742,-0.122
0.037424,-0.34159999999999996
0.037428,-0.34526
0.037432,-0.23057999999999998
0.037436,0.0305
0.03744,0.08784
0.037444,0.02196
0.037448,0.16226
0.037452,0.16713999999999998
0.037456,-0.15738
0.03746,-0.0793
0.037464,-0.06709999999999999
0.037468,-0.34648
0.037472,-0.41114
0.037476,-0.19397999999999999
0.03748,0.4148
0.037484,0.30988
0.037488,-0.09394
0.037492,0.21106
0.037496,0.25986
0.0375,0.22691999999999998
0.037504,0.020739999999999998
0.037508,-0.33915999999999996
0.037512,-0.46725999999999995
0.037516,-0.73444
0.03752,-0.6612399999999999
0.037524,0.30012
0.037528,1.21146
0.037532,1.3273599999999999
0.037536,0.5441199999999999
0.03754,-0.03538
0.037544,-0.8954799999999999
0.037548,-0.7015
0.037552,-0.42822
0.037556,-0.45261999999999997
0.03756,-0.47092
0.037564,0.1525
0.037568,0.30378
0.037572,0.20862
0.037576,0.11712
0.03758,-0.057339999999999995
0.037584,0.27205999999999997
0.037588,0.26352
0.037592,-0.13054
0.037596,-0.2989
0.0376,-0.2867
0.037604,-0.4392
0.037608,-0.36844
0.037612,-0.27937999999999996
0.037616,0.16104
0.03762,0.33061999999999997
0.037624,0.30744
0.037628,0.08295999999999999
0.037632,-0.02196
0.037636,0.10248
0.03764,-0.09759999999999999
0.037644,-0.2196
0.037648,-0.44895999999999997
0.037652,-0.45749999999999996
0.037656,-0.17934
0.03766,0.22813999999999998
0.037664,0.23668
0.037668,0.09516
0.037672,-0.08784
0.037676,0.07076
0.03768,0.048799999999999996
0.037684,-0.11712
0.037688,-0.38795999999999997
0.037692,-0.41846
0.037696,-0.35868
0.0377,-0.24766
0.037704,0.10614
0.037708,0.29402
0.037712,0.24278
0.037716,0.01098
0.03772,0.09272
0.037724,0.2074
0.037728,0.17079999999999998
0.037732,-0.19641999999999998
0.037736,-0.5587599999999999
0.03774,-0.47214
0.037744,-0.62098
0.037748,-0.17446
0.037752,-0.017079999999999998
0.037756,0.11345999999999999
0.03776,0.35258
0.037764,0.65514
0.037768,0.7198
0.037772,0.3843
0.037776,-0.06709999999999999
0.03778,-0.40137999999999996
0.037784,-0.20984
0.037788,-0.46481999999999996
0.037792,-0.29524
0.037796,-0.95282
0.0378,-0.9455
0.037804,0.017079999999999998
0.037808,0.82106
0.037812,0.7978799999999999
0.037816,0.27571999999999997
0.03782,0.04514
0.037824,0.017079999999999998
0.037828,-0.12688
0.037832,-0.22204
0.037836,-0.29646
0.03784,-0.4758
0.037844,-0.45383999999999997
0.037848,-0.21472
0.037852,-0.01098
0.037856,0.2074
0.03786,0.17446
0.037864,0.00244
0.037868,0.09028
0.037872,0.041479999999999996
0.037876,0.05978
0.03788,0.00488
0.037884,-0.03782
0.037888,-0.21594
0.037892,-0.3111
0.037896,-0.42334
0.0379,-0.18788
0.037904,-0.02928
0.037908,0.22813999999999998
0.037912,0.20007999999999998
0.037916,0.13176
0.03792,0.0366
0.037924,0.15982
0.037928,-0.05978
0.037932,-0.03538
0.037936,-0.14762
0.03794,-0.29036
0.037944,-0.38186
0.037948,-0.35624
0.037952,-0.27571999999999997
0.037956,0.23301999999999998
0.03796,0.427
0.037964,0.13298
0.037968,0.034159999999999996
0.037972,0.19397999999999999
0.037976,0.13419999999999999
0.03798,-0.1281
0.037984,-0.46115999999999996
0.037988,-0.44042
0.037992,-0.4941
0.037996,-0.36722
0.038,0.23057999999999998
0.038004,0.5489999999999999
0.038008,0.15128
0.038012,0.042699999999999995
0.038016,-0.048799999999999996
0.03802,0.1098
0.038024,0.06709999999999999
0.038028,-0.22204
0.038032,-0.45505999999999996
0.038036,-0.51606
0.03804,-0.27571999999999997
0.038044,-0.28059999999999996
0.038048,0.2867
0.038052,0.26474
0.038056,0.06831999999999999
0.03806,0.041479999999999996
0.038064,0.01098
0.038068,0.16348
0.038072,0.02562
0.038076,-0.38917999999999997
0.03808,-0.56486
0.038084,-0.58438
0.038088,-0.4209
0.038092,0.10614
0.038096,0.56608
0.0381,0.5380199999999999
0.038104,0.5978
0.038108,0.64782
0.038112,0.08174
0.038116,-0.08052
0.03812,-0.38795999999999997
0.038124,-0.18056
0.038128,-0.72956
0.038132,-1.02846
0.038136,-1.14192
0.03814,0.18544
0.038144,1.3200399999999999
0.038148,1.13826
0.038152,0.33183999999999997
0.038156,-0.15372
0.03816,0.02318
0.038164,-0.08295999999999999
0.038168,-0.11102
0.038172,-0.58804
0.038176,-0.8015399999999999
0.03818,-0.88572
0.038184,-0.34281999999999996
0.038188,0.183
0.038192,0.57462
0.038196,0.60268
0.0382,0.32208
0.038204,0.0305
0.038208,0.02196
0.038212,0.01464
0.038216,-0.10614
0.03822,-0.30378
0.038224,-0.3233
0.038228,-0.27449999999999997
0.038232,-0.22082
0.038236,-0.22569999999999998
0.03824,-0.305
0.038244,-0.06588
0.038248,0.07808
0.038252,0.14396
0.038256,0.183
0.03826,0.15982
0.038264,0.244
0.038268,0.24644
0.038272,0.024399999999999998
0.038276,-0.44164
0.03828,-0.34404
0.038284,-0.33427999999999997
0.038288,-0.44286
0.038292,-0.43432
0.038296,-0.23057999999999998
0.0383,0.05124
0.038304,0.05856
0.038308,0.09759999999999999
0.038312,0.22447999999999999
0.038316,0.28182
0.03832,0.35502
0.038324,0.15128
0.038328,-0.012199999999999999
0.038332,-0.08052
0.038336,-0.35868
0.03834,-0.3843
0.038344,-0.49898
0.038348,-0.4087
0.038352,-0.31842
0.038356,-0.00366
0.03836,0.12444
0.038364,0.24888
0.038368,0.13541999999999998
0.038372,0.17202
0.038376,0.305
0.03838,0.31598
0.038384,0.06588
0.038388,-0.31964
0.038392,-0.5538799999999999
0.038396,-0.48556
0.0384,-0.32452
0.038404,-0.31964
0.038408,-0.29524
0.038412,0.01342
0.038416,0.3233
0.03842,0.40259999999999996
0.038424,0.38795999999999997
0.038428,0.20251999999999998
0.038432,0.02928
0.038436,-0.0915
0.03844,-0.20374
0.038444,-0.23546
0.038448,-0.5477799999999999
0.038452,-0.60268
0.038456,-0.3843
0.03846,-0.07808
0.038464,0.1037
0.038468,0.13785999999999998
0.038472,0.23179999999999998
0.038476,0.24156
0.03848,0.38552
0.038484,0.21594
0.038488,0.041479999999999996
0.038492,-0.18178
0.038496,-0.30744
0.0385,-0.30622
0.038504,-0.36478
0.038508,-0.48922
0.038512,-0.30988
0.038516,-0.06831999999999999
0.03852,-0.0183
0.038524,-0.14518
0.038528,0.305
0.038532,0.25376
0.038536,0.37576
0.03854,0.33915999999999996
0.038544,0.10492
0.038548,-0.26108
0.038552,-0.07686
0.038556,-0.183
0.03856,-0.5978
0.038564,-0.36234
0.038568,-0.24522
0.038572,-0.08417999999999999
0.038576,-0.23424
0.03858,0.06466
0.038584,0.16713999999999998
0.038588,0.30134
0.038592,0.16957999999999998
0.038596,0.1586
0.0386,0.27327999999999997
0.038604,0.0060999999999999995
0.038608,-0.12932
0.038612,-0.28182
0.038616,-0.57218
0.03862,-0.5416799999999999
0.038624,-0.20984
0.038628,-0.29158
0.038632,-0.05368
0.038636,0.25742
0.03864,0.02684
0.038644,0.23546
0.038648,0.2867
0.038652,0.40015999999999996
0.038656,0.04514
0.03866,-0.050019999999999995
0.038664,-0.12566
0.038668,-0.23912
0.038672,-0.46237999999999996
0.038676,-0.52338
0.03868,-0.1525
0.038684,-0.18056
0.038688,-0.10492
0.038692,0.04514
0.038696,0.19276
0.0387,0.12566
0.038704,0.12444
0.038708,0.18666
0.038712,0.27449999999999997
0.038716,0.041479999999999996
0.03872,-0.2867
0.038724,-0.37332
0.038728,-0.35868
0.038732,-0.18666
0.038736,-0.15738
0.03874,-0.18544
0.038744,0.19154
0.038748,0.32939999999999997
0.038752,0.18056
0.038756,0.1037
0.03876,-0.02684
0.038764,-0.19519999999999998
0.038768,-0.25864
0.038772,-0.35258
0.038776,-0.39649999999999996
0.03878,0.15372
0.038784,0.40503999999999996
0.038788,0.4331
0.038792,0.244
0.038796,0.0305
0.0388,-0.10736
0.038804,-0.21716
0.038808,-0.00122
0.038812,-0.32452
0.038816,-0.5502199999999999
0.03882,-0.18544
0.038824,-0.21594
0.038828,-0.02318
0.038832,-0.020739999999999998
0.038836,0.36356
0.03884,0.5416799999999999
0.038844,0.1037
0.038848,0.04392
0.038852,-0.23424
0.038856,-0.2623
0.03886,-0.22082
0.038864,-0.44286
0.038868,-0.09638
0.038872,-0.048799999999999996
0.038876,0.17446
0.03888,0.10125999999999999
0.038884,-0.05368
0.038888,0.1769
0.038892,0.050019999999999995
0.038896,0.14884
0.0389,-0.16348
0.038904,-0.43432
0.038908,-0.1891
0.038912,-0.12078
0.038916,-0.10614
0.03892,0.04026
0.038924,-0.05246
0.038928,0.09394
0.038932,0.0915
0.038936,-0.00366
0.03894,-0.10858
0.038944,-0.24156
0.038948,-0.35136
0.038952,-0.10736
0.038956,0.13907999999999998
0.03896,0.00976
0.038964,0.04026
0.038968,0.15006
0.038972,0.15616
0.038976,-0.27571999999999997
0.03898,-0.18178
0.038984,-0.14152
0.038988,-0.10492
0.038992,-0.16835999999999998
0.038996,-0.24034
0.039,-0.13907999999999998
0.039004,-0.16469999999999999
0.039008,-0.13541999999999998
0.039012,0.23912
0.039016,0.25986
0.03902,0.03172
0.039024,-0.18788
0.039028,-0.01464
0.039032,0.08906
0.039036,-0.244
0.03904,-0.19763999999999998
0.039044,-0.21472
0.039048,-0.08417999999999999
0.039052,-0.39405999999999997
0.039056,0.32208
0.03906,0.07808
0.039064,0.050019999999999995
0.039068,-0.08662
0.039072,-0.14884
0.039076,-0.19397999999999999
0.03908,-0.0915
0.039084,-0.08052
0.039088,0.03172
0.039092,-0.11467999999999999
0.039096,0.24278
0.0391,0.10003999999999999
0.039104,-0.22935999999999998
0.039108,0.1037
0.039112,0.01098
0.039116,-0.25376
0.03912,-0.29402
0.039124,-0.17446
0.039128,0.1281
0.039132,-0.17202
0.039136,0.05246
0.03914,-0.00732
0.039144,0.00732
0.039148,0.08295999999999999
0.039152,-0.09028
0.039156,-0.29768
0.03916,-0.25132
0.039164,-0.048799999999999996
0.039168,-0.27937999999999996
0.039172,0.19885999999999998
0.039176,-0.11956
0.03918,-0.15006
0.039184,0.20129999999999998
0.039188,-0.13419999999999999
0.039192,-0.41114
0.039196,-0.16469999999999999
0.0392,-0.35746
0.039204,-0.26474
0.039208,-0.21594
0.039212,0.14396
0.039216,0.61488
0.03922,0.024399999999999998
0.039224,-0.13054
0.039228,0.23668
0.039232,0.00122
0.039236,-0.5575399999999999
0.03924,-0.50142
0.039244,-0.061
0.039248,0.1586
0.039252,0.36722
0.039256,0.04026
0.03926,0.06831999999999999
0.039264,0.08052
0.039268,0.14884
0.039272,-0.25498
0.039276,-0.35014
0.03928,-0.29524
0.039284,-0.14396
0.039288,0.07564
0.039292,0.1769
0.039296,-0.04026
0.0393,0.31476
0.039304,0.13298
0.039308,-0.16835999999999998
0.039312,-0.19885999999999998
0.039316,-0.32574
0.03932,-0.42456
0.039324,-0.27571999999999997
0.039328,-0.08295999999999999
0.039332,0.22935999999999998
0.039336,0.41846
0.03934,0.20984
0.039344,-0.07564
0.039348,-0.034159999999999996
0.039352,-0.050019999999999995
0.039356,-0.11467999999999999
0.03936,-0.30622
0.039364,-0.25254
0.039368,-0.30256
0.039372,-0.01952
0.039376,0.09759999999999999
0.03938,0.15128
0.039384,0.12078
0.039388,-0.09394
0.039392,0.17812
0.039396,-0.22204
0.0394,-0.06466
0.039404,-0.28182
0.039408,-0.27815999999999996
0.039412,-0.1769
0.039416,0.06222
0.03942,-0.04636
0.039424,-0.0366
0.039428,0.08906
0.039432,0.25864
0.039436,0.06466
0.03944,-0.39527999999999996
0.039444,-0.2135
0.039448,-0.19885999999999998
0.039452,-0.050019999999999995
0.039456,-0.10003999999999999
0.03946,-0.0732
0.039464,0.10125999999999999
0.039468,-0.07808
0.039472,0.01342
0.039476,0.10125999999999999
0.03948,-0.15494
0.039484,-0.37698
0.039488,-0.11956
0.039492,-0.08784
0.039496,0.15616
0.0395,-0.14029999999999998
0.039504,0.13419999999999999
0.039508,-0.11589999999999999
0.039512,0.2867
0.039516,-0.03172
0.03952,-0.33915999999999996
0.039524,-0.08906
0.039528,0.10736
0.039532,-0.19519999999999998
0.039536,0.056119999999999996
0.03954,0.050019999999999995
0.039544,-0.15738
0.039548,-0.1525
0.039552,0.36844
0.039556,0.35868
0.03956,-0.32086
0.039564,-0.05368
0.039568,-0.056119999999999996
0.039572,-0.04636
0.039576,-0.45017999999999997
0.03958,0.09516
0.039584,-0.22204
0.039588,-0.19032
0.039592,-0.02318
0.039596,0.028059999999999998
0.0396,-0.10614
0.039604,0.11589999999999999
0.039608,-0.09638
0.039612,-0.07808
0.039616,-0.24522
0.03962,-0.24156
0.039624,-0.31964
0.039628,0.1586
0.039632,0.33427999999999997
0.039636,0.1891
0.03964,-0.09516
0.039644,-0.16348
0.039648,0.03538
0.039652,-0.40015999999999996
0.039656,-0.34892
0.03966,-0.20618
0.039664,-0.122
0.039668,0.24766
0.039672,0.11467999999999999
0.039676,-0.01464
0.03968,0.17934
0.039684,0.03538
0.039688,-0.09028
0.039692,-0.3111
0.039696,-0.44042
0.0397,-0.11102
0.039704,-0.08052
0.039708,0.13663999999999998
0.039712,0.048799999999999996
0.039716,0.09272
0.03972,-0.05124
0.039724,0.23912
0.039728,-0.15738
0.039732,-0.16226
0.039736,-0.23301999999999998
0.03974,-0.1098
0.039744,0.40137999999999996
0.039748,0.23912
0.039752,-0.12322
0.039756,-0.00488
0.03976,-0.13541999999999998
0.039764,-0.09881999999999999
0.039768,-0.15616
0.039772,-0.06831999999999999
0.039776,0.15006
0.03978,0.28548
0.039784,0.26718
0.039788,0.03904
0.039792,0.017079999999999998
0.039796,-0.12688
0.0398,-0.22204
0.039804,-0.10003999999999999
0.039808,-0.12932
0.039812,-0.26108
0.039816,0.05124
0.03982,-0.04636
0.039824,0.1281
0.039828,-0.01098
0.039832,-0.20618
0.039836,-0.1769
0.03984,-0.01586
0.039844,-0.06222
0.039848,-0.13419999999999999
0.039852,0.048799999999999996
0.039856,-0.21838
0.03986,0.08539999999999999
0.039864,-0.17079999999999998
0.039868,-0.22447999999999999
0.039872,0.07564
0.039876,0.03782
0.03988,0.1281
0.039884,-0.25376
0.039888,0.10248
0.039892,-0.04514
0.039896,0.20007999999999998
0.0399,-0.13785999999999998
0.039904,-0.14029999999999998
0.039908,-0.32208
0.039912,-0.18178
0.039916,0.0549
0.03992,-0.32939999999999997
0.039924,-0.13419999999999999
0.039928,0.16104
0.039932,0.05246
0.039936,-0.2928
0.03994,0.15006
0.039944,-0.0060999999999999995
0.039948,0.02196
0.039952,-0.24278
0.039956,-0.15494
0.03996,-0.11712
0.039964,0.11589999999999999
0.039968,0.12322
0.039972,-0.034159999999999996
0.039976,0.028059999999999998
0.03998,0.061
0.039984,0.14762
0.039988,-0.2928
0.039992,-0.08052
0.039996,-0.23179999999999998
0.04,-0.04026
0.040004,-0.09759999999999999
0.040008,0.024399999999999998
0.040012,0.14762
0.040016,0.1891
0.04002,0.15982
0.040024,-0.024399999999999998
0.040028,-0.45139999999999997
0.040032,-0.23179999999999998
0.040036,-0.0915
0.04004,0.05124
0.040044,0.33183999999999997
0.040048,0.08174
0.040052,0.00488
0.040056,-0.07564
0.04006,-0.14762
0.040064,-0.26961999999999997
0.040068,-0.30988
0.040072,-0.1098
0.040076,0.08174
0.04008,0.30012
0.040084,0.06222
0.040088,0.12444
0.040092,-0.1525
0.040096,-0.2501
0.0401,-0.37332
0.040104,-0.4087
0.040108,0.16469999999999999
0.040112,0.09638
0.040116,0.48556
0.04012,0.050019999999999995
0.040124,-0.15128
0.040128,-0.00244
0.040132,0.00366
0.040136,-0.41114
0.04014,-0.13419999999999999
0.040144,-0.1586
0.040148,0.3477
0.040152,0.18544
0.040156,0.14518
0.04016,0.1098
0.040164,0.04514
0.040168,-0.10125999999999999
0.040172,-0.25742
0.040176,-0.49898
0.04018,-0.40748
0.040184,0.2928
0.040188,0.45505999999999996
0.040192,0.08174
0.040196,0.12444
0.0402,-0.02684
0.040204,-0.31964
0.040208,-0.20129999999999998
0.040212,-0.43676
0.040216,-0.41114
0.04022,0.13419999999999999
0.040224,0.36966
0.040228,0.45261999999999997
0.040232,0.34404
0.040236,0.00976
0.04024,-0.37698
0.040244,-0.27327999999999997
0.040248,-0.29036
0.040252,-0.24888
0.040256,0.10736
0.04026,0.32817999999999997
0.040264,0.30744
0.040268,0.11956
0.040272,-0.16591999999999998
0.040276,0.020739999999999998
0.04028,-0.42456
0.040284,0.10736
0.040288,-0.49166
0.040292,0.06709999999999999
0.040296,0.31476
0.0403,0.34404
0.040304,0.02684
0.040308,-0.21594
0.040312,0.05856
0.040316,-0.04026
0.04032,-0.56852
0.040324,-0.46481999999999996
0.040328,-0.3477
0.040332,0.38064
0.040336,0.08417999999999999
0.04034,0.3538
0.040344,-0.056119999999999996
0.040348,-0.02196
0.040352,-0.17934
0.040356,-0.5563199999999999
0.04036,-0.28059999999999996
0.040364,-0.53436
0.040368,0.3538
0.040372,0.35014
0.040376,0.23546
0.04038,0.16591999999999998
0.040384,0.39039999999999997
0.040388,-0.39039999999999997
0.040392,-0.71126
0.040396,-0.97966
0.0404,0.244
0.040404,0.42578
0.040408,0.41846
0.040412,0.32574
0.040416,-0.00244
0.04042,-0.21838
0.040424,-0.29646
0.040428,-0.13541999999999998
0.040432,-0.43676
0.040436,-0.34892
0.04044,-0.24278
0.040444,0.45749999999999996
0.040448,0.2501
0.040452,0.21106
0.040456,0.08174
0.04046,-0.13907999999999998
0.040464,-0.33427999999999997
0.040468,-0.48678
0.040472,-0.51484
0.040476,0.20984
0.04048,0.40137999999999996
0.040484,0.27205999999999997
0.040488,0.13541999999999998
0.040492,0.25132
0.040496,0.01342
0.0405,-0.0366
0.040504,-0.21228
0.040508,-0.5514399999999999
0.040512,-0.57462
0.040516,-0.06344
0.04052,0.32939999999999997
0.040524,0.5477799999999999
0.040528,0.29158
0.040532,0.11102
0.040536,-0.020739999999999998
0.04054,0.03782
0.040544,-0.06466
0.040548,-0.20862
0.040552,-0.22082
0.040556,-0.59536
0.04056,0.37698
0.040564,0.49776
0.040568,0.3111
0.040572,0.07808
0.040576,-0.041479999999999996
0.04058,-0.2562
0.040584,-0.51972
0.040588,-0.6587999999999999
0.040592,-0.15616
0.040596,0.40015999999999996
0.0406,0.22204
0.040604,0.4148
0.040608,0.16957999999999998
0.040612,-0.13176
0.040616,-0.20862
0.04062,-0.6624599999999999
0.040624,-0.70882
0.040628,-0.12322
0.040632,0.49044
0.040636,0.30012
0.04064,0.056119999999999996
0.040644,0.10736
0.040648,0.041479999999999996
0.040652,-0.26108
0.040656,-0.45871999999999996
0.04066,-0.5526599999999999
0.040664,-0.06466
0.040668,0.57218
0.040672,0.17812
0.040676,0.16348
0.04068,-0.02928
0.040684,-0.16104
0.040688,-0.20251999999999998
0.040692,-0.32939999999999997
0.040696,-0.56364
0.0407,-0.25498
0.040704,0.36478
0.040708,0.31598
0.040712,0.28059999999999996
0.040716,0.1769
0.04072,0.00122
0.040724,0.04392
0.040728,-0.27327999999999997
0.040732,-0.6856399999999999
0.040736,-0.94428
0.04074,0.29036
0.040744,0.5307
0.040748,0.366
0.040752,0.183
0.040756,0.15982
0.04076,-0.16348
0.040764,-0.09516
0.040768,-0.12444
0.040772,-0.42212
0.040776,-0.60634
0.04078,-0.6868599999999999
0.040784,0.48556
0.040788,0.6600199999999999
0.040792,0.22691999999999998
0.040796,0.41236
0.0408,-0.02196
0.040804,-0.34892
0.040808,-0.61976
0.040812,-0.6856399999999999
0.040816,-0.64294
0.04082,-0.23546
0.040824,0.74176
0.040828,0.47092
0.040832,0.23424
0.040836,0.70516
0.04084,0.33427999999999997
0.040844,-0.19397999999999999
0.040848,-1.0431
0.040852,-0.99186
0.040856,-0.6648999999999999
0.04086,-0.35868
0.040864,0.7503
0.040868,0.8845
0.040872,1.16144
0.040876,0.305
0.04088,0.05368
0.040884,0.03172
0.040888,1.14802
0.040892,2.06302
0.040896,1.9276
0.0409,2.49734
0.040904,-0.50142
0.040908,-2.41682
0.040912,-1.18706
0.040916,-0.6563599999999999
0.04092,-1.0784799999999999
0.040924,-1.02968
0.040928,-0.9003599999999999
0.040932,0.35502
0.040936,0.33915999999999996
0.04094,0.52582
0.040944,0.36722
0.040948,0.16348
0.040952,0.06831999999999999
0.040956,0.25376
0.04096,0.51362
0.040964,0.12566
0.040968,-0.01952
0.040972,-0.42212
0.040976,-0.30256
0.04098,-0.39405999999999997
0.040984,-0.15372
0.040988,-0.5453399999999999
0.040992,-0.51118
0.040996,-0.36356
0.041,-0.15616
0.041004,0.09394
0.041008,0.08295999999999999
0.041012,0.06709999999999999
0.041016,0.20618
0.04102,0.35746
0.041024,0.35014
0.041028,0.21472
0.041032,0.0549
0.041036,0.06953999999999999
0.04104,-0.01464
0.041044,-0.244
0.041048,-0.14762
0.041052,-0.3233
0.041056,-0.50752
0.04106,-0.52948
0.041064,-0.3843
0.041068,-0.25742
0.041072,-0.28304
0.041076,0.00244
0.04108,0.06344
0.041084,0.28059999999999996
0.041088,0.21594
0.041092,0.32452
0.041096,0.22326
0.0411,0.33427999999999997
0.041104,0.12566
0.041108,-0.017079999999999998
0.041112,-0.048799999999999996
0.041116,-0.15128
0.04112,-0.21594
0.041124,-0.28426
0.041128,-0.44042
0.041132,-0.5307
0.041136,-0.5380199999999999
0.04114,-0.38308
0.041144,0.12444
0.041148,0.51362
0.041152,0.19519999999999998
0.041156,0.19763999999999998
0.04116,0.20129999999999998
0.041164,0.30012
0.041168,0.14152
0.041172,-0.05246
0.041176,-0.12566
0.04118,-0.22935999999999998
0.041184,-0.34281999999999996
0.041188,-0.2501
0.041192,-0.29402
0.041196,-0.36112
0.0412,-0.33671999999999996
0.041204,-0.18544
0.041208,0.34892
0.041212,0.15982
0.041216,0.03294
0.04122,0.19397999999999999
0.041224,0.11102
0.041228,0.14518
0.041232,0.11467999999999999
0.041236,0.07564
0.04124,-0.14518
0.041244,-0.17812
0.041248,-0.36112
0.041252,-0.3233
0.041256,-0.40381999999999996
0.04126,-0.34526
0.041264,0.028059999999999998
0.041268,0.22447999999999999
0.041272,0.23301999999999998
0.041276,0.19032
0.04128,0.14029999999999998
0.041284,0.21594
0.041288,0.20618
0.041292,0.10125999999999999
0.041296,-0.0366
0.0413,-0.17446
0.041304,-0.16957999999999998
0.041308,-0.23057999999999998
0.041312,-0.4148
0.041316,-0.45627999999999996
0.04132,-0.3782
0.041324,-0.11467999999999999
0.041328,0.1281
0.041332,0.12078
0.041336,0.23668
0.04134,0.25254
0.041344,0.29402
0.041348,0.24034
0.041352,-0.017079999999999998
0.041356,0.08539999999999999
0.04136,-0.35868
0.041364,-0.37454
0.041368,-0.44286
0.041372,-0.37576
0.041376,-0.50264
0.04138,-0.30256
0.041384,0.36112
0.041388,0.41236
0.041392,0.28182
0.041396,0.3782
0.0414,0.18788
0.041404,0.32086
0.041408,0.10736
0.041412,-0.1525
0.041416,-0.56486
0.04142,-0.60268
0.041424,-0.57584
0.041428,-0.45627999999999996
0.041432,-0.17812
0.041436,0.07442
0.04144,0.25498
0.041444,0.43066
0.041448,0.29646
0.041452,0.24156
0.041456,0.12688
0.04146,0.08295999999999999
0.041464,-0.03538
0.041468,-0.11223999999999999
0.041472,-0.35624
0.041476,-0.4209
0.04148,-0.40015999999999996
0.041484,-0.58438
0.041488,-0.3111
0.041492,0.09028
0.041496,0.58438
0.0415,0.3538
0.041504,0.35746
0.041508,0.40015999999999996
0.041512,0.09881999999999999
0.041516,-0.06588
0.04152,-0.008539999999999999
0.041524,-0.04758
0.041528,-0.27571999999999997
0.041532,-0.41358
0.041536,-0.57462
0.04154,-0.60146
0.041544,-0.25498
0.041548,0.22447999999999999
0.041552,0.37332
0.041556,0.19154
0.04156,0.00488
0.041564,0.44164
0.041568,0.31476
0.041572,0.04392
0.041576,-0.27205999999999997
0.04158,-0.30866
0.041584,-0.39161999999999997
0.041588,-0.45871999999999996
0.041592,-0.35502
0.041596,-0.33305999999999997
0.0416,-0.28914
0.041604,0.31476
0.041608,0.30988
0.041612,0.32817999999999997
0.041616,0.42456
0.04162,0.17446
0.041624,0.1525
0.041628,-0.01586
0.041632,-0.06222
0.041636,-0.52338
0.04164,-0.70516
0.041644,-0.8076399999999999
0.041648,-0.38552
0.041652,0.305
0.041656,0.42944
0.04166,0.34037999999999996
0.041664,0.03782
0.041668,0.35868
0.041672,0.59414
0.041676,0.15616
0.04168,-0.23179999999999998
0.041684,-0.53192
0.041688,-0.45261999999999997
0.041692,-0.3599
0.041696,-0.41724
0.0417,-0.5550999999999999
0.041704,-0.43188
0.041708,0.16226
0.041712,0.39771999999999996
0.041716,0.20618
0.04172,0.11834
0.041724,0.23301999999999998
0.041728,0.44408
0.041732,0.21228
0.041736,0.061
0.04174,-0.24034
0.041744,-0.35014
0.041748,-0.5673
0.041752,-0.36722
0.041756,-0.5599799999999999
0.04176,-0.60268
0.041764,-0.13907999999999998
0.041768,0.43432
0.041772,0.45017999999999997
0.041776,0.25376
0.04178,0.46481999999999996
0.041784,0.6039
0.041788,0.1891
0.041792,-0.16835999999999998
0.041796,-0.04514
0.0418,-0.42456
0.041804,-0.39283999999999997
0.041808,-0.36234
0.041812,-0.72834
0.041816,-0.7015
0.04182,-0.06953999999999999
0.041824,0.76982
0.041828,0.59414
0.041832,0.23301999999999998
0.041836,-0.16348
0.04184,0.20129999999999998
0.041844,0.5380199999999999
0.041848,-0.12078
0.041852,-0.36234
0.041856,-0.65514
0.04186,-0.41114
0.041864,-0.34159999999999996
0.041868,-0.40137999999999996
0.041872,-0.26474
0.041876,0.07564
0.04188,0.40992
0.041884,0.38064
0.041888,0.36478
0.041892,0.15006
0.041896,0.37576
0.0419,0.10248
0.041904,-0.11956
0.041908,-0.18666
0.041912,-0.27327999999999997
0.041916,-0.49288
0.04192,-0.61976
0.041924,-0.73688
0.041928,-0.39405999999999997
0.041932,0.24278
0.041936,0.20129999999999998
0.04194,0.1586
0.041944,0.2928
0.041948,0.64416
0.041952,0.44286
0.041956,0.05246
0.04196,-0.02928
0.041964,-0.20129999999999998
0.041968,-0.24522
0.041972,-0.46603999999999995
0.041976,-0.8015399999999999
0.04198,-0.7966599999999999
0.041984,-0.56364
0.041988,0.305
0.041992,0.38552
0.041996,0.06344
0.042,0.46359999999999996
0.042004,0.74542
0.042008,0.15494
0.042012,0.03538
0.042016,-0.15616
0.04202,-0.23179999999999998
0.042024,-0.30866
0.042028,-0.28548
0.042032,-0.6661199999999999
0.042036,-0.73932
0.04204,-0.33915999999999996
0.042044,-0.15128
0.042048,0.048799999999999996
0.042052,0.10614
0.042056,0.61122
0.04206,0.6893
0.042064,0.36966
0.042068,0.05978
0.042072,0.27571999999999997
0.042076,0.44164
0.04208,-0.21106
0.042084,-0.57096
0.042088,-0.70028
0.042092,-0.61488
0.042096,-0.47702
0.0421,-0.28059999999999996
0.042104,-0.17446
0.042108,-0.08662
0.042112,0.6161
0.042116,0.5124
0.04212,0.32696
0.042124,0.42944
0.042128,0.57584
0.042132,0.44773999999999997
0.042136,-0.061
0.04214,-0.64172
0.042144,-0.73444
0.042148,-0.6673399999999999
0.042152,-0.57584
0.042156,-0.31354
0.04216,-0.26718
0.042164,-0.0060999999999999995
0.042168,0.49044
0.042172,0.17568
0.042176,0.11956
0.04218,0.2196
0.042184,0.61732
0.042188,0.6734399999999999
0.042192,0.23057999999999998
0.042196,-0.30256
0.0422,-0.8027599999999999
0.042204,-0.23179999999999998
0.042208,-0.366
0.042212,-0.68808
0.042216,-0.75396
0.04222,-0.56608
0.042224,0.41236
0.042228,0.2928
0.042232,0.19397999999999999
0.042236,0.34526
0.04224,1.1956
0.042244,0.4087
0.042248,0.23424
0.042252,0.00366
0.042256,-0.19885999999999998
0.04226,-0.34648
0.042264,-0.3599
0.042268,-0.83936
0.042272,-0.9247599999999999
0.042276,-0.44408
0.04228,0.07442
0.042284,0.35258
0.042288,-0.04026
0.042292,0.31476
0.042296,1.1285
0.0423,0.28426
0.042304,0.11834
0.042308,0.33793999999999996
0.042312,0.10248
0.042316,-0.08662
0.04232,-0.58804
0.042324,-0.9015799999999999
0.042328,-0.57462
0.042332,-0.36356
0.042336,-0.11956
0.04234,-0.0305
0.042344,-0.16835999999999998
0.042348,0.40503999999999996
0.042352,0.63562
0.042356,0.46603999999999995
0.04236,0.08662
0.042364,0.35746
0.042368,0.39039999999999997
0.042372,0.19276
0.042376,-0.06344
0.04238,-0.59414
0.042384,-0.366
0.042388,-0.4331
0.042392,-0.64416
0.042396,-0.63074
0.0424,-0.36478
0.042404,0.00976
0.042408,-0.034159999999999996
0.042412,0.2074
0.042416,0.32817999999999997
0.04242,0.5002
0.042424,0.46359999999999996
0.042428,0.26839999999999997
0.042432,0.48312
0.042436,0.43066
0.04244,-0.26474
0.042444,-0.6575799999999999
0.042448,-0.42456
0.042452,-0.3538
0.042456,-0.36722
0.04246,-0.7807999999999999
0.042464,-0.64904
0.042468,-0.01586
0.042472,0.6344
0.042476,0.38795999999999997
0.04248,0.13176
0.042484,0.28059999999999996
0.042488,1.16266
0.042492,0.51728
0.042496,-0.024399999999999998
0.0425,-0.38795999999999997
0.042504,-0.38674
0.042508,-0.36234
0.042512,-0.28059999999999996
0.042516,-0.58926
0.04252,-0.56974
0.042524,-0.46115999999999996
0.042528,-0.14029999999999998
0.042532,-0.11712
0.042536,-0.09638
0.04254,0.45871999999999996
0.042544,0.71858
0.042548,0.17934
0.042552,0.38917999999999997
0.042556,0.60512
0.04256,0.51728
0.042564,-0.07076
0.042568,-0.50264
0.042572,-0.6283
0.042576,-0.47458
0.04258,-0.25254
0.042584,-0.45505999999999996
0.042588,-0.76372
0.042592,-0.18666
0.042596,0.13176
0.0426,0.11712
0.042604,0.09759999999999999
0.042608,0.6527
0.042612,0.8174
0.042616,0.36966
0.04262,0.05368
0.042624,0.39649999999999996
0.042628,0.51484
0.042632,-0.22691999999999998
0.042636,-0.6612399999999999
0.04264,-0.74786
0.042644,-0.43554
0.042648,-0.41846
0.042652,-0.39527999999999996
0.042656,-0.3599
0.04266,-0.22569999999999998
0.042664,0.27449999999999997
0.042668,0.77226
0.042672,0.43676
0.042676,0.39405999999999997
0.04268,0.47702
0.042684,0.57828
0.042688,-0.020739999999999998
0.042692,-0.488
0.042696,-0.51606
0.0427,-0.44408
0.042704,-0.30012
0.042708,-0.48068
0.042712,-0.5856
0.042716,-0.38064
0.04272,-0.35258
0.042724,0.20007999999999998
0.042728,0.09394
0.042732,0.23912
0.042736,0.5734
0.04274,0.6722199999999999
0.042744,0.44895999999999997
0.042748,0.0732
0.042752,0.33305999999999997
0.042756,0.02928
0.04276,-0.31476
0.042764,-0.15128
0.042768,-0.02562
0.042772,-0.44286
0.042776,-0.60512
0.04278,-0.5416799999999999
0.042784,-0.32696
0.042788,-0.3538
0.042792,-0.36966
0.042796,-0.16348
0.0428,0.56974
0.042804,1.0845799999999999
0.042808,0.5795
0.042812,0.23301999999999998
0.042816,0.19763999999999998
0.04282,0.29036
0.042824,0.49654
0.042828,-0.35014
0.042832,-0.34037999999999996
0.042836,-0.49654
0.04284,-0.46848
0.042844,-0.51728
0.042848,-0.52704
0.042852,-0.5856
0.042856,-0.22204
0.04286,0.19519999999999998
0.042864,0.5477799999999999
0.042868,0.12932
0.042872,-0.05246
0.042876,0.70394
0.04288,0.76128
0.042884,0.23912
0.042888,0.1891
0.042892,0.10736
0.042896,-0.31476
0.0429,-0.48312
0.042904,-0.4331
0.042908,-0.6868599999999999
0.042912,-0.6636799999999999
0.042916,-0.31964
0.04292,-0.24766
0.042924,-0.41724
0.042928,-0.18666
0.042932,0.21106
0.042936,0.32452
0.04294,0.17934
0.042944,0.5611999999999999
0.042948,0.48922
0.042952,-0.041479999999999996
0.042956,0.53436
0.04296,0.041479999999999996
0.042964,-0.34281999999999996
0.042968,-0.5246
0.042972,-0.75152
0.042976,-0.6344
0.04298,-0.48678
0.042984,-0.47214
0.042988,-0.012199999999999999
0.042992,0.56608
0.042996,0.41602
0.043,0.19397999999999999
0.043004,-0.16591999999999998
0.043008,0.29402
0.043012,0.87718
0.043016,0.42822
0.04302,-0.04636
0.043024,-0.13785999999999998
0.043028,-0.07808
0.043032,-0.03172
0.043036,-0.0915
0.04304,-0.52704
0.043044,-0.46237999999999996
0.043048,-0.2928
0.043052,-0.33793999999999996
0.043056,-0.38308
0.04306,-0.23546
0.043064,0.427
0.043068,0.0183
0.043072,0.08784
0.043076,0.4331
0.04308,0.6283
0.043084,0.07686
0.043088,0.2989
0.043092,0.39527999999999996
0.043096,0.05124
0.0431,-0.47946
0.043104,-0.6527
0.043108,-0.41724
0.043112,-0.4697
0.043116,-0.2623
0.04312,-0.35746
0.043124,-0.51484
0.043128,0.08052
0.043132,0.14152
0.043136,0.49044
0.04314,0.3172
0.043144,-0.057339999999999995
0.043148,0.17812
0.043152,0.85156
0.043156,0.01952
0.04316,0.09881999999999999
0.043164,-0.28304
0.043168,-0.47092
0.043172,-0.27571999999999997
0.043176,-0.37332
0.04318,-0.57584
0.043184,-0.50264
0.043188,-0.36356
0.043192,-0.06831999999999999
0.043196,-0.18666
0.0432,0.24644
0.043204,0.2989
0.043208,0.01952
0.043212,0.36478
0.043216,0.43554
0.04322,0.31354
0.043224,0.12078
0.043228,-0.00488
0.043232,-0.18544
0.043236,-0.25864
0.04324,-0.40015999999999996
0.043244,-0.28059999999999996
0.043248,-0.47458
0.043252,-0.42334
0.043256,-0.20618
0.04326,0.14884
0.043264,-0.23301999999999998
0.043268,-0.06831999999999999
0.043272,0.45139999999999997
0.043276,0.39039999999999997
0.04328,0.35136
0.043284,0.4148
0.043288,0.15006
0.043292,0.26718
0.043296,0.23179999999999998
0.0433,-0.05856
0.043304,-0.38186
0.043308,-0.64294
0.043312,-0.52094
0.043316,-0.32086
0.04332,-0.23912
0.043324,-0.50996
0.043328,0.034159999999999996
0.043332,0.10248
0.043336,0.3477
0.04334,0.41236
0.043344,0.4331
0.043348,0.27449999999999997
0.043352,0.14029999999999998
0.043356,0.28914
0.04336,-0.16713999999999998
0.043364,-0.14029999999999998
0.043368,-0.38674
0.043372,-0.4453
0.043376,-0.5416799999999999
0.04338,-0.48922
0.043384,-0.27327999999999997
0.043388,-0.35624
0.043392,-0.01586
0.043396,0.18544
0.0434,-0.020739999999999998
0.043404,0.32208
0.043408,0.28792
0.043412,0.19032
0.043416,0.14884
0.04342,0.62586
0.043424,0.1281
0.043428,0.04758
0.043432,-0.34648
0.043436,-0.6575799999999999
0.04344,-0.5428999999999999
0.043444,-0.75396
0.043448,-0.3843
0.043452,-0.488
0.043456,-0.36356
0.04346,-0.09028
0.043464,0.366
0.043468,0.00732
0.043472,0.45139999999999997
0.043476,0.04392
0.04348,0.4758
0.043484,0.2623
0.043488,0.18056
0.043492,0.05856
0.043496,0.02196
0.0435,-0.18666
0.043504,-0.2928
0.043508,-0.58804
0.043512,-0.47702
0.043516,-0.23668
0.04352,0.00976
0.043524,-0.08174
0.043528,-0.30256
0.043532,-0.20618
0.043536,0.64172
0.04354,0.09272
0.043544,0.2867
0.043548,0.44164
0.043552,0.17568
0.043556,0.03294
0.04356,-0.02318
0.043564,-0.1464
0.043568,-0.20618
0.043572,-0.32086
0.043576,-0.16104
0.04358,-0.29524
0.043584,-0.38552
0.043588,-0.32208
0.043592,-0.21106
0.043596,-0.30866
0.0436,-0.26596
0.043604,0.24766
0.043608,0.61244
0.043612,0.01586
0.043616,0.09516
0.04362,0.17812
0.043624,0.02318
0.043628,-0.1891
0.043632,-0.03782
0.043636,0.1098
0.04364,-0.2501
0.043644,-0.028059999999999998
0.043648,-0.47824
0.043652,-0.17079999999999998
0.043656,-0.23057999999999998
0.04366,-0.33915999999999996
0.043664,-0.10125999999999999
0.043668,-0.00488
0.043672,-0.0549
0.043676,0.056119999999999996
0.04368,0.74786
0.043684,-0.13054
0.043688,0.33793999999999996
0.043692,0.4453
0.043696,0.18666
0.0437,-0.1037
0.043704,-0.1281
0.043708,-0.2196
0.043712,-0.3538
0.043716,-0.57218
0.04372,-0.38308
0.043724,-0.62586
0.043728,-0.38552
0.043732,0.183
0.043736,0.17568
0.04374,-0.12322
0.043744,-0.10248
0.043748,0.39405999999999997
0.043752,0.59048
0.043756,0.04636
0.04376,-0.13663999999999998
0.043764,0.44164
0.043768,0.18544
0.043772,-0.10736
0.043776,-0.24278
0.04378,-0.40259999999999996
0.043784,0.05368
0.043788,-0.4392
0.043792,-0.24522
0.043796,-0.40137999999999996
0.0438,-0.15372
0.043804,-0.1525
0.043808,-0.25986
0.043812,-0.01952
0.043816,0.17568
0.04382,0.23179999999999998
0.043824,0.2562
0.043828,0.16348
0.043832,0.09394
0.043836,0.1098
0.04384,0.19641999999999998
0.043844,-0.14884
0.043848,-0.13541999999999998
0.043852,-0.0305
0.043856,-0.57706
0.04386,-0.41602
0.043864,-0.27449999999999997
0.043868,-0.09516
0.043872,0.24156
0.043876,-0.43676
0.04388,-0.27815999999999996
0.043884,0.30256
0.043888,0.33671999999999996
0.043892,0.09272
0.043896,0.11589999999999999
0.0439,0.20984
0.043904,-0.20007999999999998
0.043908,0.32452
0.043912,0.13176
0.043916,0.05978
0.04392,-0.44895999999999997
0.043924,-0.27815999999999996
0.043928,-0.22569999999999998
0.043932,-0.13419999999999999
0.043936,0.01586
0.04394,-0.3111
0.043944,-0.30866
0.043948,0.2928
0.043952,-0.16713999999999998
0.043956,-0.01464
0.04396,0.50508
0.043964,0.1891
0.043968,0.01342
0.043972,0.29646
0.043976,0.39161999999999997
0.04398,0.06831999999999999
0.043984,-0.0060999999999999995
0.043988,-0.244
0.043992,-0.27571999999999997
0.043996,-0.50264
0.044,-0.46115999999999996
0.044004,-0.1586
0.044008,-0.16469999999999999
0.044012,0.11345999999999999
0.044016,-0.13541999999999998
0.04402,0.21106
0.044024,-0.10125999999999999
0.044028,0.11712
0.044032,0.33793999999999996
0.044036,0.10858
0.04404,-0.12566
0.044044,-0.0549
0.044048,-0.17324
0.044052,-0.16469999999999999
0.044056,-0.25132
0.04406,-0.020739999999999998
0.044064,-0.19276
0.044068,-0.40626
0.044072,-0.27327999999999997
0.044076,-0.04758
0.04408,-0.07686
0.044084,0.12688
0.044088,-0.3843
0.044092,-0.10858
0.044096,0.33671999999999996
0.0441,-0.05978
0.044104,0.38552
0.044108,-0.22082
0.044112,-0.10736
0.044116,0.23057999999999998
0.04412,0.12932
0.044124,-0.10614
0.044128,-0.21594
0.044132,0.07808
0.044136,-0.244
0.04414,-0.51484
0.044144,0.19397999999999999
0.044148,-0.0793
0.044152,-0.22569999999999998
0.044156,0.02196
0.04416,0.05246
0.044164,-0.17202
0.044168,-0.10858
0.044172,0.61
0.044176,0.057339999999999995
0.04418,-0.03904
0.044184,-0.034159999999999996
0.044188,-0.07564
0.044192,0.17568
0.044196,-0.35014
0.0442,-0.0305
0.044204,-0.08417999999999999
0.044208,0.05368
0.044212,-0.04392
0.044216,-0.305
0.04422,-0.19641999999999998
0.044224,0.02684
0.044228,0.20984
0.044232,0.16226
0.044236,-0.41724
0.04424,0.15494
0.044244,0.6648999999999999
0.044248,-0.31842
0.044252,0.17446
0.044256,0.21594
0.04426,-0.1281
0.044264,0.33305999999999997
0.044268,0.03294
0.044272,-0.12688
0.044276,-0.35502
0.04428,0.12688
0.044284,0.35746
0.044288,-0.26961999999999997
0.044292,0.0183
0.044296,0.04636
0.0443,0.21838
0.044304,-0.12322
0.044308,-0.26961999999999997
0.044312,0.183
0.044316,0.12444
0.04432,0.06709999999999999
0.044324,0.01098
0.044328,0.1464
0.044332,0.26352
0.044336,-0.08417999999999999
0.04434,-0.10248
0.044344,0.16591999999999998
0.044348,0.1525
0.044352,-0.23301999999999998
0.044356,0.122
0.04436,-0.23912
0.044364,-0.11467999999999999
0.044368,0.0915
0.044372,-0.02562
0.044376,-0.05978
0.04438,-0.24034
0.044384,0.20129999999999998
0.044388,-0.122
0.044392,0.18422
0.044396,0.19397999999999999
0.0444,0.24278
0.044404,-0.0793
0.044408,0.05124
0.044412,0.122
0.044416,-0.2074
0.04442,0.30866
0.044424,-0.02562
0.044428,-0.25986
0.044432,0.06344
0.044436,-0.05856
0.04444,-0.37454
0.044444,0.11102
0.044448,0.13907999999999998
0.044452,0.20618
0.044456,-0.13176
0.04446,0.36722
0.044464,0.39161999999999997
0.044468,-0.0732
0.044472,0.008539999999999999
0.044476,-0.1525
0.04448,0.057339999999999995
0.044484,0.09394
0.044488,-0.034159999999999996
0.044492,-0.07198
0.044496,-0.25254
0.0445,0.26352
0.044504,-0.19641999999999998
0.044508,0.02562
0.044512,-0.008539999999999999
0.044516,0.31598
0.04452,-0.11223999999999999
0.044524,-0.16104
0.044528,0.03294
0.044532,0.050019999999999995
0.044536,0.00122
0.04454,-0.0915
0.044544,0.08174
0.044548,-0.15738
0.044552,-0.20007999999999998
0.044556,-0.048799999999999996
0.04456,-0.061
0.044564,0.22569999999999998
0.044568,-0.16469999999999999
0.044572,-0.02928
0.044576,0.01098
0.04458,-0.34648
0.044584,0.18056
0.044588,-0.1037
0.044592,-0.14762
0.044596,-0.22691999999999998
0.0446,-0.11712
0.044604,0.08052
0.044608,-0.22935999999999998
0.044612,0.12566
0.044616,0.33305999999999997
0.04462,0.05368
0.044624,0.22691999999999998
0.044628,0.183
0.044632,-0.02562
0.044636,-0.01586
0.04464,-0.2196
0.044644,-0.23912
0.044648,-0.21716
0.044652,-0.15372
0.044656,-0.01586
0.04466,-0.366
0.044664,0.14884
0.044668,0.12078
0.044672,-0.00976
0.044676,0.17079999999999998
0.04468,-0.13907999999999998
0.044684,0.00122
0.044688,-0.1464
0.044692,0.10858
0.044696,0.19276
0.0447,0.1037
0.044704,-0.13907999999999998
0.044708,0.0549
0.044712,-0.08539999999999999
0.044716,-0.16226
0.04472,-0.10248
0.044724,-0.17202
0.044728,0.061
0.044732,-0.2196
0.044736,-0.16226
0.04474,-0.19397999999999999
0.044744,0.31964
0.044748,-0.061
0.044752,-0.05246
0.044756,0.29158
0.04476,0.33061999999999997
0.044764,0.03538
0.044768,0.25864
0.044772,0.06831999999999999
0.044776,0.08539999999999999
0.04478,-0.057339999999999995
0.044784,0.0305
0.044788,-0.18544
0.044792,-0.24644
0.044796,0.11223999999999999
0.0448,0.05978
0.044804,-0.23546
0.044808,-0.06344
0.044812,-0.10248
0.044816,0.12932
0.04482,0.11712
0.044824,-0.15128
0.044828,-0.11345999999999999
0.044832,-0.24888
0.044836,0.56486
0.04484,0.122
0.044844,0.00366
0.044848,0.32208
0.044852,0.01586
0.044856,-0.028059999999999998
0.04486,-0.24278
0.044864,0.01952
0.044868,0.05978
0.044872,-0.24644
0.044876,0.08052
0.04488,-0.1586
0.044884,-0.056119999999999996
0.044888,-0.05124
0.044892,0.028059999999999998
0.044896,-0.30622
0.0449,0.02928
0.044904,0.10858
0.044908,0.3111
0.044912,0.04636
0.044916,0.19397999999999999
0.04492,0.11589999999999999
0.044924,-0.01098
0.044928,0.26352
0.044932,-0.24156
0.044936,0.13054
0.04494,-0.03904
0.044944,-0.16835999999999998
0.044948,-0.25498
0.044952,-0.11712
0.044956,-0.1281
0.04496,-0.05124
0.044964,0.028059999999999998
0.044968,0.26718
0.044972,-0.04636
0.044976,0.32696
0.04498,-0.04758
0.044984,-0.020739999999999998
0.044988,-0.14274
0.044992,0.18788
0.044996,-0.11102
0.045,-0.28548
0.045004,-0.11589999999999999
0.045008,0.15128
0.045012,0.02318
0.045016,-0.13785999999999998
0.04502,0.16469999999999999
0.045024,-0.16957999999999998
0.045028,0.31354
0.045032,-0.09516
0.045036,-0.041479999999999996
0.04504,-0.07564
0.045044,-0.29646
0.045048,0.01586
0.045052,-0.012199999999999999
0.045056,-0.03294
0.04506,-0.2379
0.045064,0.32939999999999997
0.045068,0.042699999999999995
0.045072,0.18666
0.045076,0.012199999999999999
0.04508,-0.11589999999999999
0.045084,0.01464
0.045088,0.09759999999999999
0.045092,-0.18056
0.045096,-0.30012
0.0451,-0.40503999999999996
0.045104,-0.13785999999999998
0.045108,-0.1098
0.045112,0.042699999999999995
0.045116,-0.23179999999999998
0.04512,0.01952
0.045124,0.10003999999999999
0.045128,0.02562
0.045132,-0.05124
0.045136,-0.01586
0.04514,-0.07564
0.045144,0.00976
0.045148,-0.09759999999999999
0.045152,0.19885999999999998
0.045156,-0.0793
0.04516,-0.14884
0.045164,0.04758
0.045168,-0.08539999999999999
0.045172,-0.09272
0.045176,-0.31232
0.04518,-0.14274
0.045184,0.061
0.045188,0.04514
0.045192,0.14762
0.045196,-0.23424
0.0452,-0.14762
0.045204,0.2562
0.045208,-0.10492
0.045212,0.14884
0.045216,0.1586
0.04522,0.21594
0.045224,0.16469999999999999
0.045228,-0.06222
0.045232,-0.02684
0.045236,-0.25254
0.04524,-0.10736
0.045244,0.07076
0.045248,-0.06709999999999999
0.045252,-0.26961999999999997
0.045256,0.19885999999999998
0.04526,0.18544
0.045264,0.1769
0.045268,0.12566
0.045272,-0.25864
0.045276,0.28059999999999996
0.04528,0.0732
0.045284,-0.19397999999999999
0.045288,-0.034159999999999996
0.045292,0.03294
0.045296,0.03294
0.0453,-0.08539999999999999
0.045304,-0.10614
0.045308,0.03294
0.045312,-0.21594
0.045316,0.05124
0.04532,0.034159999999999996
0.045324,-0.25376
0.045328,-0.09272
0.045332,-0.15128
0.045336,0.06466
0.04534,0.183
0.045344,-0.11467999999999999
0.045348,-0.06588
0.045352,0.04026
0.045356,0.07808
0.04536,0.05368
0.045364,0.06953999999999999
0.045368,0.25742
0.045372,-0.03172
0.045376,0.1525
0.04538,-0.00976
0.045384,-0.08784
0.045388,-0.05856
0.045392,0.06709999999999999
0.045396,-0.10492
0.0454,-0.33915999999999996
0.045404,-0.06222
0.045408,0.15982
0.045412,-0.041479999999999996
0.045416,-0.08539999999999999
0.04542,0.25864
0.045424,0.05246
0.045428,0.18422
0.045432,0.08295999999999999
0.045436,-0.10003999999999999
0.04544,-0.01952
0.045444,-0.14518
0.045448,0.06466
0.045452,-0.0060999999999999995
0.045456,0.06222
0.04546,0.14518
0.045464,-0.02318
0.045468,-0.00976
0.045472,-0.0549
0.045476,-0.1891
0.04548,0.02928
0.045484,-0.13176
0.045488,-0.2196
0.045492,0.08906
0.045496,0.05856
0.0455,-0.08906
0.045504,0.22569999999999998
0.045508,-0.11956
0.045512,0.012199999999999999
0.045516,-0.10614
0.04552,0.0183
0.045524,0.30744
0.045528,-0.0915
0.045532,-0.12444
0.045536,-0.028059999999999998
0.04554,0.04026
0.045544,-0.020739999999999998
0.045548,0.11223999999999999
0.045552,-0.04026
0.045556,-0.07442
0.04556,-0.12444
0.045564,0.15982
0.045568,0.14029999999999998
0.045572,-0.0305
0.045576,0.15128
0.04558,0.04758
0.045584,0.08662
0.045588,0.13663999999999998
0.045592,0.05978
0.045596,0.32939999999999997
0.0456,0.07564
0.045604,-0.11956
0.045608,0.20862
0.045612,-0.21472
0.045616,0.19276
0.04562,-0.00122
0.045624,-0.19276
0.045628,-0.017079999999999998
0.045632,-0.09272
0.045636,-0.06222
0.04564,-0.11956
0.045644,0.08174
0.045648,0.22691999999999998
0.045652,-0.048799999999999996
0.045656,0.1891
0.04566,-0.15738
0.045664,0.09394
0.045668,0.1098
0.045672,0.13785999999999998
0.045676,-0.15738
0.04568,0.07808
0.045684,-0.09516
0.045688,0.01342
0.045692,-0.14518
0.045696,-0.10736
0.0457,0.15372
0.045704,0.08662
0.045708,-0.17934
0.045712,-0.39771999999999996
0.045716,-0.050019999999999995
0.04572,0.09759999999999999
0.045724,0.11712
0.045728,-0.22569999999999998
0.045732,0.1464
0.045736,-0.00122
0.04574,0.30134
0.045744,0.05978
0.045748,-0.10492
0.045752,0.08784
0.045756,0.04026
0.04576,-0.27815999999999996
0.045764,-0.07564
0.045768,-0.02562
0.045772,-0.17324
0.045776,-0.22082
0.04578,0.09394
0.045784,0.03172
0.045788,0.10248
0.045792,-0.10492
0.045796,-0.08174
0.0458,0.2623
0.045804,0.10248
0.045808,0.050019999999999995
0.045812,0.01342
0.045816,-0.22935999999999998
0.04582,0.15738
0.045824,-0.03172
0.045828,-0.12688
0.045832,-0.1037
0.045836,0.12444
0.04584,-0.05246
0.045844,0.0549
0.045848,-0.11345999999999999
0.045852,0.00244
0.045856,-0.11467999999999999
0.04586,-0.06953999999999999
0.045864,0.048799999999999996
0.045868,-0.03538
0.045872,0.10125999999999999
0.045876,0.11834
0.04588,-0.11589999999999999
0.045884,0.42822
0.045888,0.008539999999999999
0.045892,0.042699999999999995
0.045896,0.11345999999999999
0.0459,-0.056119999999999996
0.045904,-0.04636
0.045908,-0.06222
0.045912,0.0183
0.045916,0.16104
0.04592,-0.19397999999999999
0.045924,0.056119999999999996
0.045928,-0.20618
0.045932,0.041479999999999996
0.045936,-0.18666
0.04594,-0.32574
0.045944,0.13054
0.045948,0.042699999999999995
0.045952,-0.15128
0.045956,0.0793
0.04596,0.1464
0.045964,-0.12688
0.045968,-0.1891
0.045972,0.20862
0.045976,0.18666
0.04598,-0.050019999999999995
0.045984,0.02562
0.045988,0.13907999999999998
0.045992,-0.042699999999999995
0.045996,-0.09638
0.046,-0.06222
0.046004,-0.13785999999999998
0.046008,-0.17324
0.046012,-0.0060999999999999995
0.046016,0.01952
0.04602,-0.061
0.046024,-0.08662
0.046028,0.24034
0.046032,0.03538
0.046036,-0.15616
0.04604,-0.18056
0.046044,0.1525
0.046048,0.1769
0.046052,-0.13907999999999998
0.046056,-0.09759999999999999
0.04606,0.00366
0.046064,0.17812
0.046068,0.23546
0.046072,-0.23179999999999998
0.046076,-0.29524
0.04608,0.12444
0.046084,0.0183
0.046088,-0.30012
0.046092,-0.26961999999999997
0.046096,-0.012199999999999999
0.0461,0.3538
0.046104,0.02318
0.046108,-0.03904
0.046112,0.13054
0.046116,-0.20984
0.04612,0.01586
0.046124,-0.06222
0.046128,-0.12078
0.046132,0.16348
0.046136,0.06588
0.04614,-0.15372
0.046144,0.08417999999999999
0.046148,0.03172
0.046152,-0.17568
0.046156,-0.03538
0.04616,-0.21838
0.046164,-0.11102
0.046168,-0.04636
0.046172,-0.09759999999999999
0.046176,0.03538
0.04618,0.15372
0.046184,0.11956
0.046188,-0.122
0.046192,-0.00732
0.046196,0.17079999999999998
0.0462,-0.050019999999999995
0.046204,0.25376
0.046208,0.06344
0.046212,-0.21838
0.046216,0.27327999999999997
0.04622,-0.1525
0.046224,-0.10492
0.046228,0.1037
0.046232,0.012199999999999999
0.046236,0.01098
0.04624,-0.17079999999999998
0.046244,-0.18056
0.046248,-0.18178
0.046252,-0.041479999999999996
0.046256,0.3172
0.04626,-0.26474
0.046264,0.21838
0.046268,-0.06344
0.046272,0.09881999999999999
0.046276,-0.06588
0.04628,0.15006
0.046284,-0.09638
0.046288,0.11589999999999999
0.046292,-0.15616
0.046296,-0.15128
0.0463,0.04026
0.046304,-0.14152
0.046308,-0.21594
0.046312,0.06344
0.046316,-0.03294
0.04632,-0.14884
0.046324,-0.08784
0.046328,-0.18788
0.046332,0.10858
0.046336,-0.13541999999999998
0.04634,-0.08052
0.046344,0.24278
0.046348,-0.22447999999999999
0.046352,0.05124
0.046356,0.09272
0.04636,-0.017079999999999998
0.046364,0.10492
0.046368,0.14029999999999998
0.046372,-0.25498
0.046376,0.17568
0.04638,-0.08174
0.046384,-0.07808
0.046388,-0.18056
0.046392,-0.0732
0.046396,0.06588
0.0464,0.19154
0.046404,0.0793
0.046408,-0.10736
0.046412,-0.13298
0.046416,-0.07686
0.04642,0.26596
0.046424,0.30866
0.046428,-0.08906
0.046432,-0.08295999999999999
0.046436,0.10003999999999999
0.04644,0.427
0.046444,0.19885999999999998
0.046448,-0.00732
0.046452,-0.12444
0.046456,-0.04514
0.04646,0.07076
0.046464,0.06466
0.046468,-0.09394
0.046472,-0.21594
0.046476,-0.05124
0.04648,0.18788
0.046484,0.15616
0.046488,-0.12688
0.046492,-0.28182
0.046496,-0.02562
0.0465,0.17446
0.046504,-0.12688
0.046508,-0.02684
0.046512,0.0305
0.046516,0.39405999999999997
0.04652,-0.26474
0.046524,0.06344
0.046528,-0.07808
0.046532,-0.13298
0.046536,-0.14518
0.04654,0.028059999999999998
0.046544,0.18056
0.046548,-0.34281999999999996
0.046552,0.2196
0.046556,-0.2623
0.04656,0.21228
0.046564,-0.050019999999999995
0.046568,0.00732
0.046572,0.27083999999999997
0.046576,0.27693999999999996
0.04658,0.08052
0.046584,-0.09759999999999999
0.046588,0.18422
0.046592,0.00244
0.046596,-0.028059999999999998
0.0466,0.041479999999999996
0.046604,0.13785999999999998
0.046608,0.042699999999999995
0.046612,-0.23546
0.046616,0.04758
0.04662,0.024399999999999998
0.046624,-0.12688
0.046628,-0.25742
0.046632,0.11467999999999999
0.046636,-0.32696
0.04664,0.034159999999999996
0.046644,-0.012199999999999999
0.046648,0.11834
0.046652,0.02196
0.046656,-0.09394
0.04666,0.16469999999999999
0.046664,0.23301999999999998
0.046668,-0.10492
0.046672,0.3538
0.046676,0.07808
0.04668,-0.14396
0.046684,-0.28059999999999996
0.046688,0.0305
0.046692,0.17568
0.046696,-0.07442
0.0467,0.02684
0.046704,0.00366
0.046708,0.07564
0.046712,-0.050019999999999995
0.046716,0.10003999999999999
0.04672,-0.03538
0.046724,-0.14029999999999998
0.046728,0.14518
0.046732,-0.1891
0.046736,0.12444
0.04674,-0.04514
0.046744,0.08174
0.046748,0.07564
0.046752,-0.3233
0.046756,0.11102
0.04676,0.15128
0.046764,0.30012
0.046768,-0.15616
0.046772,-0.13541999999999998
0.046776,0.12322
0.04678,-0.11834
0.046784,-0.11102
0.046788,-0.10003999999999999
0.046792,-0.03172
0.046796,-0.08906
0.0468,0.06588
0.046804,0.08052
0.046808,-0.00488
0.046812,0.01464
0.046816,0.21838
0.04682,0.0183
0.046824,0.04392
0.046828,0.11345999999999999
0.046832,0.122
0.046836,-0.2196
0.04684,-0.04636
0.046844,0.034159999999999996
0.046848,0.26718
0.046852,-0.12932
0.046856,-0.06222
0.04686,-0.06222
0.046864,-0.21106
0.046868,-0.20862
0.046872,-0.08295999999999999
0.046876,-0.30622
0.04688,0.18178
0.046884,-0.012199999999999999
0.046888,0.06344
0.046892,-0.2989
0.046896,-0.0305
0.0469,0.13176
0.046904,0.06466
0.046908,0.14396
0.046912,-0.15738
0.046916,0.26961999999999997
0.04692,-0.00122
0.046924,-0.13176
0.046928,-0.12932
0.046932,0.14029999999999998
0.046936,0.024399999999999998
0.04694,-0.00488
0.046944,-0.00122
0.046948,-0.00244
0.046952,0.04636
0.046956,-0.00366
0.04696,-0.10858
0.046964,-0.23179999999999998
0.046968,0.09881999999999999
0.046972,0.16104
0.046976,-0.03782
0.04698,-0.06831999999999999
0.046984,-0.03782
0.046988,0.03904
0.046992,0.1891
0.046996,0.02562
0.047,0.00976
0.047004,-0.28914
0.047008,0.10858
0.047012,0.0305
0.047016,0.03904
0.04702,-0.39283999999999997
0.047024,-0.09516
0.047028,-0.22813999999999998
0.047032,0.38917999999999997
0.047036,0.01098
0.04704,-0.12444
0.047044,-0.061
0.047048,0.10125999999999999
0.047052,0.10003999999999999
0.047056,0.21594
0.04706,0.14029999999999998
0.047064,-0.017079999999999998
0.047068,-0.27449999999999997
0.047072,0.12444
0.047076,-0.04636
0.04708,-0.22691999999999998
0.047084,-0.0915
0.047088,-0.14396
0.047092,0.08174
0.047096,-0.12566
0.0471,-0.12078
0.047104,-0.04636
0.047108,-0.20496
0.047112,0.13298
0.047116,-0.04758
0.04712,-0.18422
0.047124,-0.03782
0.047128,0.21106
0.047132,-0.11956
0.047136,0.02318
0.04714,0.25864
0.047144,0.33427999999999997
0.047148,0.057339999999999995
0.047152,-0.05246
0.047156,0.06953999999999999
0.04716,-0.10614
0.047164,-0.2135
0.047168,-0.08539999999999999
0.047172,-0.05246
0.047176,-0.25742
0.04718,0.09028
0.047184,-0.06709999999999999
0.047188,-0.0732
0.047192,0.37332
0.047196,0.3111
0.0472,-0.3111
0.047204,-0.07686
0.047208,-0.02928
0.047212,0.30622
0.047216,-0.16835999999999998
0.04722,0.02196
0.047224,0.0060999999999999995
0.047228,0.05246
0.047232,0.14884
0.047236,-0.43554
0.04724,0.20374
0.047244,-0.25254
0.047248,-0.1098
0.047252,0.20251999999999998
0.047256,-0.00122
0.04726,-0.06953999999999999
0.047264,-0.24034
0.047268,0.13663999999999998
0.047272,-0.1586
0.047276,0.00732
0.04728,-0.27083999999999997
0.047284,-0.0305
0.047288,0.057339999999999995
0.047292,0.06344
0.047296,0.1525
0.0473,-0.06588
0.047304,0.14029999999999998
0.047308,0.14152
0.047312,-0.05368
0.047316,-0.14396
0.04732,-0.12688
0.047324,0.09759999999999999
0.047328,-0.12566
0.047332,-0.20984
0.047336,0.01464
0.04734,0.14274
0.047344,-0.15982
0.047348,0.15128
0.047352,-0.19763999999999998
0.047356,0.06953999999999999
0.04736,-0.16226
0.047364,0.00488
0.047368,-0.00244
0.047372,0.1098
0.047376,0.08662
0.04738,0.01342
0.047384,-0.05856
0.047388,0.18666
0.047392,-0.20129999999999998
0.047396,0.12322
0.0474,-0.23179999999999998
0.047404,-0.28059999999999996
0.047408,-0.024399999999999998
0.047412,-0.05246
0.047416,0.02318
0.04742,0.0793
0.047424,-0.0060999999999999995
0.047428,-0.10003999999999999
0.047432,0.04026
0.047436,0.16957999999999998
0.04744,-0.08906
0.047444,-0.06953999999999999
0.047448,0.1891
0.047452,-0.03538
0.047456,-0.12566
0.04746,-0.01098
0.047464,0.0549
0.047468,-0.020739999999999998
0.047472,0.00244
0.047476,0.10614
0.04748,-0.11223999999999999
0.047484,-0.042699999999999995
0.047488,-0.0793
0.047492,0.1037
0.047496,0.10248
0.0475,-0.06709999999999999
0.047504,-0.07808
0.047508,-0.06466
0.047512,0.07198
0.047516,0.1281
0.04752,-0.32574
0.047524,0.2867
0.047528,0.16226
0.047532,0.14518
0.047536,-0.1464
0.04754,0.05368
0.047544,0.22935999999999998
0.047548,0.12444
0.047552,-0.18788
0.047556,0.03294
0.04756,0.19154
0.047564,-0.11712
0.047568,-0.056119999999999996
0.047572,-0.32086
0.047576,-0.07442
0.04758,0.21716
0.047584,0.13541999999999998
0.047588,-0.05124
0.047592,-0.27571999999999997
0.047596,0.028059999999999998
0.0476,0.2135
0.047604,-0.08174
0.047608,0.11956
0.047612,-0.048799999999999996
0.047616,-0.01586
0.04762,0.23668
0.047624,0.122
0.047628,-0.21106
0.047632,-0.13054
0.047636,-0.0732
0.04764,-0.23546
0.047644,-0.041479999999999996
0.047648,-0.06831999999999999
0.047652,-0.25254
0.047656,-0.0060999999999999995
0.04766,-0.06344
0.047664,-0.07442
0.047668,-0.1281
0.047672,0.25498
0.047676,0.31232
0.04768,-0.03904
0.047684,-0.028059999999999998
0.047688,-0.03538
0.047692,0.17079999999999998
0.047696,0.19519999999999998
0.0477,-0.16104
0.047704,-0.14884
0.047708,0.32574
0.047712,-0.13054
0.047716,-0.10492
0.04772,-0.24766
0.047724,0.08174
0.047728,-0.08662
0.047732,-0.05368
0.047736,-0.024399999999999998
0.04774,0.35258
0.047744,-0.10736
0.047748,0.17079999999999998
0.047752,0.024399999999999998
0.047756,0.06222
0.04776,0.2867
0.047764,-0.09881999999999999
0.047768,0.05856
0.047772,-0.03538
0.047776,-0.0183
0.04778,0.07198
0.047784,-0.08662
0.047788,-0.19154
0.047792,0.0793
0.047796,-0.08295999999999999
0.0478,0.042699999999999995
0.047804,-0.14152
0.047808,-0.04636
0.047812,-0.29646
0.047816,-0.11102
0.04782,0.07076
0.047824,0.0060999999999999995
0.047828,-0.11834
0.047832,-0.15738
0.047836,-0.22813999999999998
0.04784,0.36356
0.047844,0.00976
0.047848,-0.034159999999999996
0.047852,0.0060999999999999995
0.047856,0.14762
0.04786,-0.2562
0.047864,-0.11223999999999999
0.047868,-0.02928
0.047872,-0.020739999999999998
0.047876,-0.05856
0.04788,-0.00366
0.047884,0.01342
0.047888,-0.12932
0.047892,-0.10492
0.047896,0.057339999999999995
0.0479,0.14029999999999998
0.047904,-0.07442
0.047908,0.02562
0.047912,0.18422
0.047916,0.05978
0.04792,-0.21106
0.047924,-0.23424
0.047928,0.17934
0.047932,-0.12932
0.047936,-0.14396
0.04794,-0.061
0.047944,-0.19519999999999998
0.047948,-0.0183
0.047952,0.20007999999999998
0.047956,-0.20496
0.04796,-0.11712
0.047964,-0.12444
0.047968,-0.056119999999999996
0.047972,0.04392
0.047976,-0.05246
0.04798,-0.10614
0.047984,-0.02928
0.047988,0.10614
0.047992,0.20129999999999998
0.047996,-0.061
0.048,0.08784
0.048004,0.22813999999999998
0.048008,0.11102
0.048012,-0.061
0.048016,-0.0549
0.04802,-0.11956
0.048024,-0.11834
0.048028,-0.09272
0.048032,0.08539999999999999
0.048036,-0.07198
0.04804,0.0183
0.048044,-0.17812
0.048048,-0.20251999999999998
0.048052,-0.18056
0.048056,0.38917999999999997
0.04806,-0.0305
0.048064,0.19763999999999998
0.048068,-0.04392
0.048072,-0.05856
0.048076,0.1525
0.04808,-0.00366
0.048084,0.02928
0.048088,0.05246
0.048092,-0.12322
0.048096,0.10492
0.0481,0.10003999999999999
0.048104,0.13663999999999998
0.048108,-0.04514
0.048112,0.020739999999999998
0.048116,-0.19276
0.04812,0.00366
0.048124,0.056119999999999996
0.048128,0.09272
0.048132,0.10492
0.048136,-0.03904
0.04814,-0.13663999999999998
0.048144,0.03782
0.048148,-0.12566
0.048152,-0.00122
0.048156,-0.03904
0.04816,-0.02928
0.048164,0.21838
0.048168,0.1586
0.048172,0.13663999999999998
0.048176,-0.1769
0.04818,0.03294
0.048184,-0.15372
0.048188,-0.03172
0.048192,-0.11589999999999999
0.048196,-0.30744
0.0482,0.11589999999999999
0.048204,-0.0732
0.048208,0.024399999999999998
0.048212,-0.20618
0.048216,0.13785999999999998
0.04822,-0.01098
0.048224,-0.09272
0.048228,-0.18788
0.048232,0.15372
0.048236,-0.18056
0.04824,0.18422
0.048244,-0.13298
0.048248,-0.050019999999999995
0.048252,0.10003999999999999
0.048256,-0.00366
0.04826,0.050019999999999995
0.048264,-0.10614
0.048268,-0.0183
0.048272,-0.26839999999999997
0.048276,0.17446
0.04828,-0.024399999999999998
0.048284,-0.19154
0.048288,0.11345999999999999
0.048292,-0.24644
0.048296,-0.07442
0.0483,0.13419999999999999
0.048304,0.19763999999999998
0.048308,-0.15494
0.048312,0.0793
0.048316,0.183
0.04832,0.00732
0.048324,-0.056119999999999996
0.048328,0.057339999999999995
0.048332,0.14396
0.048336,-0.02684
0.04834,-0.12932
0.048344,-0.19276
0.048348,-0.13663999999999998
0.048352,0.05124
0.048356,-0.03294
0.04836,-0.2562
0.048364,-0.10736
0.048368,-0.05368
0.048372,-0.09638
0.048376,0.02562
0.04838,0.16713999999999998
0.048384,0.21594
0.048388,0.017079999999999998
0.048392,-0.1281
0.048396,0.2562
0.0484,0.23057999999999998
0.048404,0.034159999999999996
0.048408,-0.12078
0.048412,0.04758
0.048416,0.06831999999999999
0.04842,0.11102
0.048424,-0.21716
0.048428,-0.08417999999999999
0.048432,-0.3172
0.048436,0.1098
0.04844,0.01586
0.048444,-0.14518
0.048448,0.10492
0.048452,-0.04514
0.048456,0.11589999999999999
0.04846,0.1586
0.048464,-0.18056
0.048468,-0.2928
0.048472,0.3599
0.048476,0.0305
0.04848,-0.0549
0.048484,0.05246
0.048488,0.20496
0.048492,-0.05124
0.048496,0.08174
0.0485,-0.04514
0.048504,0.08906
0.048508,-0.35014
0.048512,-0.0793
0.048516,0.06222
0.04852,0.03904
0.048524,-0.13419999999999999
0.048528,0.17324
0.048532,0.14029999999999998
0.048536,-0.14029999999999998
0.04854,0.24278
0.048544,0.20618
0.048548,0.08052
0.048552,0.028059999999999998
0.048556,-0.020739999999999998
0.04856,-0.024399999999999998
0.048564,-0.017079999999999998
0.048568,-0.12932
0.048572,0.12078
0.048576,-0.20618
0.04858,-0.16226
0.048584,0.18178
0.048588,-0.01952
0.048592,-0.06709999999999999
0.048596,-0.08052
0.0486,0.1586
0.048604,-0.13298
0.048608,-0.07076
0.048612,-0.04758
0.048616,0.34526
0.04862,-0.1281
0.048624,0.00366
0.048628,0.20862
0.048632,0.09638
0.048636,-0.122
0.04864,-0.31354
0.048644,0.28792
0.048648,0.2074
0.048652,-0.15372
0.048656,-0.18544
0.04866,0.05856
0.048664,-0.1098
0.048668,0.02684
0.048672,0.00976
0.048676,0.0366
0.04868,0.17324
0.048684,-0.07564
0.048688,-0.02196
0.048692,-0.017079999999999998
0.048696,0.06588
0.0487,-0.04026
0.048704,0.048799999999999996
0.048708,0.0793
0.048712,0.01342
0.048716,-0.13419999999999999
0.04872,0.07564
0.048724,0.05124
0.048728,0.22935999999999998
0.048732,0.034159999999999996
0.048736,-0.23057999999999998
0.04874,-0.25376
0.048744,0.21106
0.048748,0.12932
0.048752,-0.25498
0.048756,-0.041479999999999996
0.04876,0.00976
0.048764,0.19519999999999998
0.048768,-0.042699999999999995
0.048772,0.30012
0.048776,0.19397999999999999
0.04878,-0.02928
0.048784,0.183
0.048788,-0.15494
0.048792,0.02318
0.048796,0.15372
0.0488,0.00244
0.048804,-0.09028
0.048808,-0.00122
0.048812,0.08174
0.048816,-0.19641999999999998
0.04882,-0.23057999999999998
0.048824,0.08539999999999999
0.048828,-0.07808
0.048832,-0.15128
0.048836,0.15616
0.04884,-0.15494
0.048844,-0.028059999999999998
0.048848,-0.01098
0.048852,0.06222
0.048856,0.00244
0.04886,-0.01342
0.048864,0.07564
0.048868,0.14152
0.048872,0.08174
0.048876,-0.00366
0.04888,-0.020739999999999998
0.048884,0.34159999999999996
0.048888,0.02562
0.048892,-0.17202
0.048896,-0.04758
0.0489,0.19154
0.048904,-0.24522
0.048908,-0.13663999999999998
0.048912,0.057339999999999995
0.048916,-0.05246
0.04892,0.2379
0.048924,0.03294
0.048928,-0.00488
0.048932,-0.12566
0.048936,0.21838
0.04894,0.041479999999999996
0.048944,-0.041479999999999996
0.048948,-0.09881999999999999
0.048952,0.16713999999999998
0.048956,0.01098
0.04896,0.042699999999999995
0.048964,-0.06222
0.048968,-0.24156
0.048972,0.16713999999999998
0.048976,-0.1281
0.04898,-0.0366
0.048984,-0.03904
0.048988,-0.2501
0.048992,-0.21228
0.048996,0.05368
0.049,-0.427
0.049004,0.00366
0.049008,-0.10614
0.049012,0.024399999999999998
0.049016,0.18178
0.04902,-0.13785999999999998
0.049024,0.32817999999999997
0.049028,-0.08174
0.049032,-0.17324
0.049036,-0.16957999999999998
0.04904,0.01952
0.049044,-0.024399999999999998
0.049048,-0.16348
0.049052,-0.10125999999999999
0.049056,-0.12566
0.04906,0.04392
0.049064,0.21106
0.049068,-0.1037
0.049072,-0.21716
0.049076,-0.00488
0.04908,0.07076
0.049084,0.07564
0.049088,-0.04514
0.049092,-0.25376
0.049096,0.03904
0.0491,0.09516
0.049104,-0.01586
0.049108,0.06831999999999999
0.049112,0.04026
0.049116,0.26108
0.04912,-0.057339999999999995
0.049124,0.12078
0.049128,0.03782
0.049132,-0.05978
0.049136,-0.00976
0.04914,-0.07808
0.049144,-0.34281999999999996
0.049148,-0.06466
0.049152,-0.11589999999999999
0.049156,-0.12566
0.04916,-0.10858
0.049164,0.17324
0.049168,-0.13176
0.049172,-0.10003999999999999
0.049176,0.00366
0.04918,0.18422
0.049184,-0.02196
0.049188,-0.02196
0.049192,0.13907999999999998
0.049196,0.04758
0.0492,-0.08662
0.049204,0.10248
0.049208,-0.12078
0.049212,-0.028059999999999998
0.049216,0.024399999999999998
0.04922,-0.28182
0.049224,0.20984
0.049228,-0.29524
0.049232,-0.056119999999999996
0.049236,-0.16713999999999998
0.04924,0.11589999999999999
0.049244,-0.36844
0.049248,-0.01586
0.049252,-0.18544
0.049256,-0.04514
0.04926,0.04758
0.049264,0.2928
0.049268,-0.07808
0.049272,0.33183999999999997
0.049276,-0.1525
0.04928,0.0183
0.049284,0.09638
0.049288,-0.19397999999999999
0.049292,0.14152
0.049296,0.01342
0.0493,0.22935999999999998
0.049304,-0.21716
0.049308,0.056119999999999996
0.049312,-0.1525
0.049316,0.15372
0.04932,0.15372
0.049324,-0.01342
0.049328,0.05856
0.049332,-0.10614
0.049336,-0.24644
0.04934,0.21594
0.049344,0.24034
0.049348,0.06466
0.049352,-0.07808
0.049356,-0.122
0.04936,-0.08662
0.049364,0.15006
0.049368,-0.16469999999999999
0.049372,0.15494
0.049376,-0.14029999999999998
0.04938,-0.10736
0.049384,-0.061
0.049388,-0.04514
0.049392,0.14274
0.049396,0.01952
0.0494,0.12566
0.049404,0.02318
0.049408,0.12566
0.049412,0.06953999999999999
0.049416,-0.00732
0.04942,0.12566
0.049424,0.00122
0.049428,0.12688
0.049432,0.01952
0.049436,0.0793
0.04944,-0.024399999999999998
0.049444,-0.14518
0.049448,-0.23301999999999998
0.049452,-0.06588
0.049456,-0.0549
0.04946,-0.15372
0.049464,-0.08417999999999999
0.049468,0.0366
0.049472,-0.09394
0.049476,0.244
0.04948,-0.20618
0.049484,-0.048799999999999996
0.049488,-0.05368
0.049492,0.23424
0.049496,-0.0915
0.0495,0.042699999999999995
0.049504,0.05124
0.049508,0.10003999999999999
0.049512,0.05978
0.049516,0.09028
0.04952,-0.10003999999999999
0.049524,0.07686
0.049528,0.08784
0.049532,-0.11223999999999999
0.049536,-0.15006
0.04954,0.03294
0.049544,-0.12444
0.049548,-0.0366
0.049552,-0.0183
0.049556,-0.09881999999999999
0.04956,0.0183
0.049564,-0.20374
0.049568,0.17568
0.049572,0.08174
0.049576,-0.012199999999999999
0.04958,0.08539999999999999
0.049584,-0.00488
0.049588,-0.0732
0.049592,0.2501
0.049596,0.0549
0.0496,0.0
0.049604,0.00732
0.049608,-0.11956
0.049612,0.22326
0.049616,-0.06709999999999999
0.04962,-0.024399999999999998
0.049624,-0.28182
0.049628,-0.09516
0.049632,0.12932
0.049636,-0.25742
0.04964,0.12688
0.049644,-0.08539999999999999
0.049648,-0.12322
0.049652,-0.25742
0.049656,0.22082
0.04966,0.305
0.049664,0.19885999999999998
0.049668,0.13907999999999998
0.049672,0.048799999999999996
0.049676,-0.03294
0.04968,0.17079999999999998
0.049684,-0.25986
0.049688,-0.13541999999999998
0.049692,-0.1586
0.049696,-0.11589999999999999
0.0497,0.00122
0.049704,0.05978
0.049708,0.0732
0.049712,-0.23057999999999998
0.049716,-0.00122
0.04972,-0.13298
0.049724,-0.01342
0.049728,-0.03538
0.049732,0.15372
0.049736,-0.02318
0.04974,-0.1037
0.049744,0.0915
0.049748,0.04392
0.049752,-0.19032
0.049756,0.05124
0.04976,0.11467999999999999
0.049764,0.02684
0.049768,-0.31598
0.049772,-0.22813999999999998
0.049776,-0.08052
0.04978,-0.11345999999999999
0.049784,0.01586
0.049788,0.09881999999999999
0.049792,-0.08052
0.049796,-0.13054
0.0498,0.30378
0.049804,0.35258
0.049808,0.1037
0.049812,-0.06709999999999999
0.049816,0.07442
0.04982,0.03172
0.049824,0.32696
0.049828,0.07686
0.049832,0.1464
0.049836,0.12322
0.04984,-0.05246
0.049844,0.06222
0.049848,0.07076
0.049852,-0.22204
0.049856,0.1586
0.04986,-0.20496
0.049864,-0.11223999999999999
0.049868,0.2501
0.049872,-0.048799999999999996
0.049876,0.06222
0.04988,0.22935999999999998
0.049884,-0.08295999999999999
0.049888,-0.04758
0.049892,0.28548
0.049896,0.06222
0.0499,-0.048799999999999996
0.049904,0.12566
0.049908,0.048799999999999996
0.049912,-0.020739999999999998
0.049916,0.27205999999999997
0.04992,-0.19032
0.049924,-0.17324
0.049928,-0.02196
0.049932,0.02684
0.049936,-0.27693999999999996
0.04994,0.10858
0.049944,0.00122
0.049948,0.183
0.049952,-0.05246
0.049956,0.01586
0.04996,-0.10003999999999999
0.049964,0.04758
0.049968,-0.17079999999999998
0.049972,0.36478
0.049976,-0.19154
0.04998,0.017079999999999998
0.049984,0.22691999999999998
0.049988,-0.00366
0.049992,0.18544
0.049996,-0.04392
0.05,-0.23301999999999998
0.050004,0.19032
0.050008,-0.10125999999999999
0.050012,-0.25254
0.050016,-0.02196
0.05002,-0.28182
0.050024,-0.08906
0.050028,-0.061
0.050032,-0.061
0.050036,-0.048799999999999996
0.05004,-0.08174
0.050044,-0.1891
0.050048,0.06344
0.050052,-0.00122
0.050056,-0.22082
0.05006,0.11467999999999999
0.050064,-0.034159999999999996
0.050068,0.017079999999999998
0.050072,0.21716
0.050076,0.08174
0.05008,-0.07564
0.050084,0.05368
0.050088,-0.0732
0.050092,-0.21472
0.050096,0.0060999999999999995
0.0501,-0.29158
0.050104,-0.14762
0.050108,0.21838
0.050112,-0.042699999999999995
0.050116,-0.2074
0.05012,0.1464
0.050124,0.1586
0.050128,-0.16713999999999998
0.050132,0.12566
0.050136,0.1281
0.05014,-0.12322
0.050144,-0.10125999999999999
0.050148,0.122
0.050152,-0.08906
0.050156,-0.04392
0.05016,0.04514
0.050164,-0.09516
0.050168,-0.11467999999999999
0.050172,-0.24522
0.050176,-0.33915999999999996
0.05018,0.17934
0.050184,0.16713999999999998
0.050188,-0.048799999999999996
0.050192,0.18666
0.050196,0.0305
0.0502,-0.16713999999999998
0.050204,0.08784
0.050208,0.04392
0.050212,0.13907999999999998
0.050216,0.024399999999999998
0.05022,0.06831999999999999
0.050224,-0.08539999999999999
0.050228,-0.02684
0.050232,-0.01342
0.050236,0.16835999999999998
0.05024,-0.03294
0.050244,-0.16348
0.050248,-0.07076
0.050252,-0.050019999999999995
0.050256,-0.12322
0.05026,-0.04026
0.050264,0.28426
0.050268,-0.01342
0.050272,-0.02196
0.050276,0.06709999999999999
0.05028,-0.10614
0.050284,0.13298
0.050288,0.11467999999999999
0.050292,-0.04392
0.050296,0.09394
0.0503,0.08052
0.050304,0.01098
0.050308,0.07808
0.050312,-0.04514
0.050316,0.122
0.05032,0.16104
0.050324,0.0
0.050328,-0.14152
0.050332,-0.27449999999999997
0.050336,0.1586
0.05034,-0.14274
0.050344,-0.12566
0.050348,0.00488
0.050352,0.01586
0.050356,-0.11345999999999999
0.05036,0.122
0.050364,0.16469999999999999
0.050368,0.19885999999999998
0.050372,-0.03538
0.050376,0.01586
0.05038,-0.057339999999999995
0.050384,0.07198
0.050388,0.13176
0.050392,-0.041479999999999996
0.050396,0.00122
0.0504,-0.32817999999999997
0.050404,-0.050019999999999995
0.050408,-0.31354
0.050412,0.0549
0.050416,-0.16104
0.05042,-0.25498
0.050424,0.3782
0.050428,-0.18178
0.050432,-0.2135
0.050436,-0.034159999999999996
0.05044,0.1281
0.050444,-0.29158
0.050448,0.21472
0.050452,-0.05978
0.050456,-0.23424
0.05046,0.0732
0.050464,0.18788
0.050468,0.09516
0.050472,0.17812
0.050476,0.13907999999999998
0.05048,-0.19641999999999998
0.050484,-0.11345999999999999
0.050488,0.20618
0.050492,-0.26108
0.050496,-0.14396
0.0505,-0.04392
0.050504,-0.00366
0.050508,0.17934
0.050512,0.07442
0.050516,0.09272
0.05052,-0.15128
0.050524,0.15616
0.050528,0.024399999999999998
0.050532,0.07808
0.050536,0.06831999999999999
0.05054,-0.04758
0.050544,-0.02196
0.050548,0.11345999999999999
0.050552,0.017079999999999998
0.050556,-0.01098
0.05056,-0.15494
0.050564,0.16835999999999998
0.050568,-0.1769
0.050572,-0.16957999999999998
0.050576,0.06953999999999999
0.05058,-0.008539999999999999
0.050584,-0.27449999999999997
0.050588,0.04758
0.050592,-0.19397999999999999
0.050596,0.18666
0.0506,0.08417999999999999
0.050604,0.02684
0.050608,0.03294
0.050612,0.05368
0.050616,-0.45383999999999997
0.05062,0.44652
0.050624,0.03904
0.050628,0.0
0.050632,0.10492
0.050636,0.15738
0.05064,-0.07076
0.050644,-0.012199999999999999
0.050648,-0.27815999999999996
0.050652,-0.12688
0.050656,-0.24766
0.05066,-0.17934
0.050664,-0.01098
0.050668,-0.21716
0.050672,0.183
0.050676,0.13663999999999998
0.05068,0.16713999999999998
0.050684,0.00366
0.050688,-0.00122
0.050692,-0.07808
0.050696,-0.05978
0.0507,0.09759999999999999
0.050704,-0.11102
0.050708,0.01952
0.050712,-0.16713999999999998
0.050716,0.21228
0.05072,-0.02928
0.050724,-0.02684
0.050728,-0.00488
0.050732,-0.18422
0.050736,-0.18544
0.05074,-0.10614
0.050744,-0.16591999999999998
0.050748,0.14396
0.050752,-0.057339999999999995
0.050756,-0.14396
0.05076,-0.08784
0.050764,0.34037999999999996
0.050768,-0.02928
0.050772,-0.02684
0.050776,0.36478
0.05078,-0.00732
0.050784,0.32452
0.050788,-0.1525
0.050792,0.07564
0.050796,-0.1464
0.0508,-0.08052
0.050804,-0.17079999999999998
0.050808,0.00244
0.050812,-0.11712
0.050816,-0.18178
0.05082,0.19763999999999998
0.050824,-0.07564
0.050828,0.06831999999999999
0.050832,0.12688
0.050836,-0.24034
0.05084,-0.11834
0.050844,0.11834
0.050848,-0.1037
0.050852,-0.0060999999999999995
0.050856,0.11223999999999999
0.05086,0.11834
0.050864,-0.00488
0.050868,0.02928
0.050872,0.25254
0.050876,0.26474
0.05088,-0.02684
0.050884,-0.08052
0.050888,-0.22813999999999998
0.050892,-0.11834
0.050896,-0.14518
0.0509,0.2501
0.050904,-0.056119999999999996
0.050908,0.19032
0.050912,-0.042699999999999995
0.050916,-0.024399999999999998
0.05092,-0.1525
0.050924,0.13907999999999998
0.050928,0.17812
0.050932,0.10003999999999999
0.050936,-0.10858
0.05094,0.14274
0.050944,0.30988
0.050948,-0.07442
0.050952,0.034159999999999996
0.050956,0.07076
0.05096,-0.09028
0.050964,-0.050019999999999995
0.050968,-0.36844
0.050972,-0.034159999999999996
0.050976,0.14762
0.05098,-0.12932
0.050984,0.24766
0.050988,-0.23424
0.050992,0.13298
0.050996,0.17812
0.051,-0.07564
0.051004,0.04636
0.051008,-0.09881999999999999
0.051012,0.27205999999999997
0.051016,0.31476
0.05102,-0.00976
0.051024,0.00122
0.051028,0.05124
0.051032,0.14152
0.051036,-0.16713999999999998
0.05104,-0.20374
0.051044,-0.0366
0.051048,0.0183
0.051052,-0.01464
0.051056,0.10614
0.05106,-0.008539999999999999
0.051064,-0.0366
0.051068,-0.08539999999999999
0.051072,0.13054
0.051076,-0.06831999999999999
0.05108,-0.04636
0.051084,-0.08662
0.051088,-0.10492
0.051092,0.11467999999999999
0.051096,-0.03172
0.0511,-0.23179999999999998
0.051104,-0.07686
0.051108,-0.10125999999999999
0.051112,-0.06709999999999999
0.051116,0.21838
0.05112,-0.2379
0.051124,0.02928
0.051128,-0.11956
0.051132,0.0305
0.051136,-0.22082
0.05114,-0.11956
0.051144,-0.09638
0.051148,0.09638
0.051152,0.056119999999999996
0.051156,0.07198
0.05116,0.08052
0.051164,0.16835999999999998
0.051168,0.034159999999999996
0.051172,0.034159999999999996
0.051176,-0.0060999999999999995
0.05118,0.0060999999999999995
0.051184,0.23179999999999998
0.051188,0.13054
0.051192,-0.06588
0.051196,-0.06588
0.0512,0.10614
0.051204,-0.14884
0.051208,0.13907999999999998
0.051212,-0.07076
0.051216,-0.18788
0.05122,-0.02562
0.051224,-0.16835999999999998
0.051228,0.07686
0.051232,-0.02562
0.051236,0.1586
0.05124,-0.46603999999999995
0.051244,0.25498
0.051248,0.06953999999999999
0.051252,0.08417999999999999
0.051256,-0.04758
0.05126,-0.057339999999999995
0.051264,-0.15982
0.051268,0.0366
0.051272,-0.14518
0.051276,0.02684
0.05128,-0.10736
0.051284,-0.0793
0.051288,-0.16591999999999998
0.051292,0.26961999999999997
0.051296,-0.05124
0.0513,-0.07564
0.051304,0.02318
0.051308,-0.10125999999999999
0.051312,-0.20984
0.051316,0.09881999999999999
0.05132,-0.18666
0.051324,0.19154
0.051328,-0.11834
0.051332,0.16226
0.051336,0.11589999999999999
0.05134,0.024399999999999998
0.051344,-0.11589999999999999
0.051348,-0.08662
0.051352,0.16104
0.051356,-0.01586
0.05136,-0.26961999999999997
0.051364,-0.13054
0.051368,0.13298
0.051372,-0.03904
0.051376,-0.02928
0.05138,-0.07808
0.051384,-0.0366
0.051388,-0.06466
0.051392,0.00366
0.051396,-0.08784
0.0514,-0.02318
0.051404,-0.24644
0.051408,0.24278
0.051412,0.15006
0.051416,0.05368
0.05142,-0.02318
0.051424,0.07564
0.051428,0.0183
0.051432,-0.305
0.051436,-0.23179999999999998
0.05144,-0.20618
0.051444,-0.14884
0.051448,0.1281
0.051452,-0.31598
0.051456,0.07564
0.05146,0.008539999999999999
0.051464,-0.024399999999999998
0.051468,-0.00244
0.051472,-0.061
0.051476,0.14029999999999998
0.05148,0.1098
0.051484,-0.05978
0.051488,-0.06709999999999999
0.051492,-0.06953999999999999
0.051496,0.29036
0.0515,0.20129999999999998
0.051504,0.11834
0.051508,-0.08417999999999999
0.051512,-0.0793
0.051516,-0.07076
0.05152,-0.0060999999999999995
0.051524,0.13298
0.051528,-0.22813999999999998
0.051532,-0.1037
0.051536,-0.08052
0.05154,-0.06466
0.051544,0.041479999999999996
0.051548,0.03172
0.051552,-0.08295999999999999
0.051556,-0.07198
0.05156,0.36966
0.051564,-0.09272
0.051568,0.042699999999999995
0.051572,0.04636
0.051576,-0.11589999999999999
0.05158,0.14152
0.051584,-0.14152
0.051588,0.0793
0.051592,-0.02196
0.051596,-0.31598
0.0516,0.02318
0.051604,-0.24766
0.051608,0.14029999999999998
0.051612,0.06344
0.051616,-0.23301999999999998
0.05162,-0.00488
0.051624,0.07076
0.051628,-0.04636
0.051632,0.00244
0.051636,0.2379
0.05164,-0.05978
0.051644,-0.10003999999999999
0.051648,-0.00244
0.051652,0.35136
0.051656,0.10492
0.05166,-0.10003999999999999
0.051664,-0.05368
0.051668,-0.2135
0.051672,-0.08906
0.051676,-0.00244
0.05168,-0.03782
0.051684,0.07808
0.051688,-0.14152
0.051692,-0.042699999999999995
0.051696,0.24034
0.0517,-0.05368
0.051704,-0.17324
0.051708,-0.11589999999999999
0.051712,0.08417999999999999
0.051716,-0.16348
0.05172,0.11467999999999999
0.051724,0.06222
0.051728,0.20129999999999998
0.051732,0.02562
0.051736,-0.050019999999999995
0.05174,0.20496
0.051744,-0.11223999999999999
0.051748,-0.034159999999999996
0.051752,-0.29646
0.051756,0.04392
0.05176,0.02684
0.051764,0.01342
0.051768,-0.01586
0.051772,0.24888
0.051776,0.14762
0.05178,0.10125999999999999
0.051784,-0.07686
0.051788,-0.00366
0.051792,-0.09272
0.051796,0.43676
0.0518,-0.034159999999999996
0.051804,0.14884
0.051808,-0.21472
0.051812,0.09881999999999999
0.051816,-0.10248
0.05182,-0.20984
0.051824,-0.12444
0.051828,-0.06344
0.051832,-0.06831999999999999
0.051836,0.05246
0.05184,-0.13663999999999998
0.051844,-0.056119999999999996
0.051848,-0.1098
0.051852,-0.01342
0.051856,0.02196
0.05186,-0.13663999999999998
0.051864,-0.056119999999999996
0.051868,0.056119999999999996
0.051872,0.1525
0.051876,0.1891
0.05188,-0.20007999999999998
0.051884,0.06953999999999999
0.051888,0.01342
0.051892,-0.12322
0.051896,0.1098
0.0519,-0.08906
0.051904,-0.18788
0.051908,0.15006
0.051912,-0.04392
0.051916,0.017079999999999998
0.05192,-0.01098
0.051924,-0.0366
0.051928,0.06709999999999999
0.051932,0.020739999999999998
0.051936,-0.05856
0.05194,0.034159999999999996
0.051944,-0.14029999999999998
0.051948,0.36112
0.051952,-0.18178
0.051956,0.16469999999999999
0.05196,0.02684
0.051964,0.00976
0.051968,0.11956
0.051972,-0.13785999999999998
0.051976,-0.06953999999999999
0.05198,-0.10736
0.051984,0.11102
0.051988,-0.0183
0.051992,-0.08784
0.051996,-0.29158
0.052,-0.00122
0.052004,0.22447999999999999
0.052008,-0.19519999999999998
0.052012,-0.048799999999999996
0.052016,0.10125999999999999
0.05202,0.25376
0.052024,-0.08662
0.052028,-0.08295999999999999
0.052032,-0.18178
0.052036,0.10248
0.05204,0.00122
0.052044,-0.00366
0.052048,-0.03172
0.052052,-0.0060999999999999995
0.052056,0.057339999999999995
0.05206,-0.10248
0.052064,0.05246
0.052068,-0.21716
0.052072,-0.050019999999999995
0.052076,-0.06344
0.05208,-0.00976
0.052084,-0.01586
0.052088,-0.21716
0.052092,0.12566
0.052096,0.08295999999999999
0.0521,-0.16835999999999998
0.052104,0.13541999999999998
0.052108,0.21472
0.052112,-0.0549
0.052116,0.18666
0.05212,-0.13663999999999998
0.052124,-0.09028
0.052128,0.00732
0.052132,0.30134
0.052136,-0.06588
0.05214,-0.09759999999999999
0.052144,-0.16104
0.052148,0.20129999999999998
0.052152,-0.03294
0.052156,-0.26718
0.05216,0.06588
0.052164,0.30866
0.052168,0.1464
0.052172,0.0793
0.052176,0.19154
0.05218,0.10858
0.052184,0.21838
0.052188,-0.11712
0.052192,-0.16713999999999998
0.052196,-0.1891
0.0522,-0.02928
0.052204,0.11712
0.052208,-0.0549
0.052212,0.01586
0.052216,-0.07198
0.05222,-0.04636
0.052224,0.042699999999999995
0.052228,0.22447999999999999
0.052232,-0.1098
0.052236,-0.0366
0.05224,-0.07564
0.052244,-0.05246
0.052248,0.08662
0.052252,-0.09272
0.052256,0.24644
0.05226,0.07442
0.052264,-0.03782
0.052268,0.14518
0.052272,-0.01464
0.052276,0.14518
0.05228,0.034159999999999996
0.052284,0.02318
0.052288,0.00976
0.052292,-0.16226
0.052296,0.08417999999999999
0.0523,-0.20984
0.052304,-0.02318
0.052308,0.18544
0.052312,0.05368
0.052316,-0.244
0.05232,0.13054
0.052324,0.056119999999999996
0.052328,-0.18178
0.052332,0.1586
0.052336,0.19032
0.05234,-0.21106
0.052344,0.3782
0.052348,0.02196
0.052352,0.13785999999999998
0.052356,-0.16226
0.05236,0.06588
0.052364,-0.15982
0.052368,-0.24278
0.052372,0.07808
0.052376,-0.1037
0.05238,-0.05124
0.052384,-0.13785999999999998
0.052388,-0.13785999999999998
0.052392,0.05978
0.052396,-0.11102
0.0524,0.27449999999999997
0.052404,0.00732
0.052408,-0.10858
0.052412,0.20374
0.052416,0.11345999999999999
0.05242,-0.0793
0.052424,-0.056119999999999996
0.052428,-0.09394
0.052432,0.18666
0.052436,-0.19519999999999998
0.05244,-0.042699999999999995
0.052444,-0.11467999999999999
0.052448,-0.09881999999999999
0.052452,-0.22326
0.052456,0.03538
0.05246,-0.10614
0.052464,0.23668
0.052468,-0.14762
0.052472,0.08784
0.052476,-0.19519999999999998
0.05248,0.041479999999999996
0.052484,-0.04514
0.052488,0.19154
0.052492,-0.183
0.052496,0.11956
0.0525,-0.00366
0.052504,0.10248
0.052508,0.06222
0.052512,-0.0183
0.052516,-0.16469999999999999
0.05252,-0.03294
0.052524,-0.13298
0.052528,0.041479999999999996
0.052532,0.05368
0.052536,-0.19519999999999998
0.05254,0.03294
0.052544,-0.03172
0.052548,-0.11345999999999999
0.052552,-0.00366
0.052556,-0.2379
0.05256,-0.08174
0.052564,0.42822
0.052568,-0.07808
0.052572,0.017079999999999998
0.052576,0.34648
0.05258,-0.1098
0.052584,-0.1281
0.052588,0.012199999999999999
0.052592,-0.12322
0.052596,0.10858
0.0526,-0.08052
0.052604,-0.0732
0.052608,0.00976
0.052612,0.04026
0.052616,0.056119999999999996
0.05262,-0.06466
0.052624,0.13663999999999998
0.052628,-0.09881999999999999
0.052632,-0.1281
0.052636,-0.050019999999999995
0.05264,-0.15616
0.052644,-0.02196
0.052648,0.00122
0.052652,-0.08417999999999999
0.052656,-0.0549
0.05266,-0.1281
0.052664,0.01098
0.052668,0.08052
0.052672,0.27693999999999996
0.052676,-0.25864
0.05268,0.14518
0.052684,0.11467999999999999
0.052688,-0.0305
0.052692,-0.27083999999999997
0.052696,0.17324
0.0527,-0.04514
0.052704,0.08174
0.052708,-0.13785999999999998
0.052712,-0.08052
0.052716,-0.14762
0.05272,0.19519999999999998
0.052724,-0.12688
0.052728,0.20862
0.052732,-0.034159999999999996
0.052736,0.0915
0.05274,-0.04026
0.052744,0.10858
0.052748,0.017079999999999998
0.052752,0.1525
0.052756,-0.01586
0.05276,-0.02196
0.052764,-0.0183
0.052768,0.10736
0.052772,0.20129999999999998
0.052776,-0.09028
0.05278,-0.01464
0.052784,-0.08295999999999999
0.052788,-0.00488
0.052792,0.07198
0.052796,-0.034159999999999996
0.0528,-0.020739999999999998
0.052804,-0.10614
0.052808,0.20129999999999998
0.052812,-0.050019999999999995
0.052816,-0.18788
0.05282,0.08539999999999999
0.052824,-0.00366
0.052828,0.0183
0.052832,0.02196
0.052836,0.04636
0.05284,-0.11223999999999999
0.052844,0.22935999999999998
0.052848,0.05246
0.052852,-0.020739999999999998
0.052856,0.00732
0.05286,-0.0305
0.052864,-0.01586
0.052868,-0.09516
0.052872,0.03782
0.052876,0.09516
0.05288,0.08295999999999999
0.052884,0.05368
0.052888,0.07686
0.052892,-0.056119999999999996
0.052896,-0.01098
0.0529,-0.04026
0.052904,-0.00122
0.052908,0.01586
0.052912,-0.14152
0.052916,-0.18666
0.05292,0.05856
0.052924,0.0
0.052928,0.06953999999999999
0.052932,0.122
0.052936,-0.19032
0.05294,-0.050019999999999995
0.052944,-0.09759999999999999
0.052948,-0.15616
0.052952,-0.0060999999999999995
0.052956,-0.028059999999999998
0.05296,0.024399999999999998
0.052964,-0.04514
0.052968,0.14274
0.052972,0.20618
0.052976,-0.1525
0.05298,-0.00488
0.052984,-0.11589999999999999
0.052988,0.09881999999999999
0.052992,-0.08052
0.052996,-0.2074
0.053,-0.02684
0.053004,-0.19032
0.053008,-0.024399999999999998
0.053012,0.15128
0.053016,0.12322
0.05302,0.11102
0.053024,-0.05856
0.053028,-0.048799999999999996
0.053032,-0.13663999999999998
0.053036,-0.028059999999999998
0.05304,-0.18788
0.053044,0.00244
0.053048,0.06588
0.053052,-0.0305
0.053056,-0.03172
0.05306,-0.056119999999999996
0.053064,0.12932
0.053068,0.07198
0.053072,-0.09028
0.053076,-0.0549
0.05308,-0.10492
0.053084,0.12932
0.053088,-0.08662
0.053092,0.15738
0.053096,0.18178
0.0531,0.00366
0.053104,-0.04026
0.053108,0.02928
0.053112,0.05246
0.053116,-0.27693999999999996
0.05312,0.07076
0.053124,-0.11102
0.053128,-0.0732
0.053132,-0.024399999999999998
0.053136,-0.01464
0.05314,0.017079999999999998
0.053144,0.13419999999999999
0.053148,0.04514
0.053152,-0.03782
0.053156,0.10248
0.05316,-0.13541999999999998
0.053164,-0.22691999999999998
0.053168,0.0060999999999999995
0.053172,-0.09028
0.053176,-0.0549
0.05318,0.09394
0.053184,0.061
0.053188,-0.17568
0.053192,-0.06466
0.053196,-0.00488
0.0532,0.08174
0.053204,-0.10614
0.053208,-0.08539999999999999
0.053212,0.06588
0.053216,0.05856
0.05322,0.02684
0.053224,0.07442
0.053228,-0.08174
0.053232,0.05368
0.053236,-0.0366
0.05324,0.24766
0.053244,-0.04758
0.053248,0.00976
0.053252,-0.07686
0.053256,-0.008539999999999999
0.05326,-0.03294
0.053264,0.07808
0.053268,-0.06344
0.053272,-0.1037
0.053276,-0.061
0.05328,0.012199999999999999
0.053284,-0.305
0.053288,0.21838
0.053292,-0.26352
0.053296,0.00122
0.0533,-0.22813999999999998
0.053304,0.02684
0.053308,0.23301999999999998
0.053312,-0.00122
0.053316,-0.028059999999999998
0.05332,0.26108
0.053324,-0.36478
0.053328,-0.024399999999999998
0.053332,-0.10492
0.053336,-0.00732
0.05334,0.17934
0.053344,-0.01464
0.053348,0.13054
0.053352,0.10125999999999999
0.053356,-0.06466
0.05336,0.20618
0.053364,-0.17568
0.053368,0.050019999999999995
0.053372,-0.08662
0.053376,0.03904
0.05338,0.09638
0.053384,-0.10858
0.053388,-0.041479999999999996
0.053392,0.23912
0.053396,-0.2501
0.0534,0.04758
0.053404,-0.0305
0.053408,-0.0366
0.053412,-0.08417999999999999
0.053416,0.15982
0.05342,-0.06222
0.053424,-0.034159999999999996
0.053428,-0.020739999999999998
0.053432,-0.05856
0.053436,-0.08417999999999999
0.05344,-0.1891
0.053444,-0.26474
0.053448,0.06344
0.053452,-0.09881999999999999
0.053456,0.012199999999999999
0.05346,0.034159999999999996
0.053464,0.22691999999999998
0.053468,-0.00732
0.053472,-0.01342
0.053476,0.1098
0.05348,0.24034
0.053484,0.0915
0.053488,-0.0183
0.053492,-0.05856
0.053496,0.06466
0.0535,-0.061
0.053504,0.028059999999999998
0.053508,0.061
0.053512,-0.13663999999999998
0.053516,-0.08784
0.05352,0.04514
0.053524,0.00244
0.053528,0.09516
0.053532,0.19154
0.053536,0.02196
0.05354,0.03904
0.053544,-0.21228
0.053548,0.13054
0.053552,0.0305
0.053556,0.12932
0.05356,-0.05124
0.053564,0.061
0.053568,-0.3233
0.053572,0.048799999999999996
0.053576,0.06344
0.05358,-0.16957999999999998
0.053584,-0.1281
0.053588,-0.29524
0.053592,0.11467999999999999
0.053596,-0.08417999999999999
0.0536,-0.03172
0.053604,-0.03538
0.053608,0.12932
0.053612,0.024399999999999998
0.053616,0.042699999999999995
0.05362,0.03294
0.053624,0.00488
0.053628,-0.08539999999999999
0.053632,0.16835999999999998
0.053636,0.23179999999999998
0.05364,-0.01342
0.053644,-0.12932
0.053648,0.10248
0.053652,-0.07686
0.053656,0.050019999999999995
0.05366,0.01586
0.053664,-0.00488
0.053668,-0.02196
0.053672,-0.03782
0.053676,0.10736
0.05368,0.06953999999999999
0.053684,0.0915
0.053688,0.06831999999999999
0.053692,-0.0915
0.053696,-0.042699999999999995
0.0537,-0.00732
0.053704,-0.21716
0.053708,0.10248
0.053712,-0.1464
0.053716,-0.18422
0.05372,0.14029999999999998
0.053724,0.10003999999999999
0.053728,-0.01098
0.053732,-0.02318
0.053736,-0.11589999999999999
0.05374,-0.19519999999999998
0.053744,0.11102
0.053748,-0.03294
0.053752,-0.09881999999999999
0.053756,0.07564
0.05376,-0.024399999999999998
0.053764,-0.0915
0.053768,0.028059999999999998
0.053772,-0.0305
0.053776,-0.10858
0.05378,0.061
0.053784,-0.04514
0.053788,-0.0183
0.053792,0.19641999999999998
0.053796,-0.06344
0.0538,-0.2196
0.053804,-0.017079999999999998
0.053808,-0.028059999999999998
0.053812,0.10003999999999999
0.053816,-0.00488
0.05382,0.15616
0.053824,-0.024399999999999998
0.053828,0.042699999999999995
0.053832,-0.1037
0.053836,0.18544
0.05384,-0.16713999999999998
0.053844,0.00366
0.053848,-0.09638
0.053852,-0.017079999999999998
0.053856,0.02318
0.05386,0.11956
0.053864,0.04392
0.053868,0.008539999999999999
0.053872,-0.056119999999999996
0.053876,0.26718
0.05388,-0.028059999999999998
0.053884,0.14884
0.053888,-0.0793
0.053892,-0.16348
0.053896,0.0732
0.0539,0.06831999999999999
0.053904,0.050019999999999995
0.053908,-0.020739999999999998
0.053912,-0.12322
0.053916,0.0366
0.05392,0.13054
0.053924,-0.08784
0.053928,0.06344
0.053932,-0.10248
0.053936,0.10736
0.05394,0.10736
0.053944,-0.034159999999999996
0.053948,-0.07808
0.053952,0.21228
0.053956,-0.02928
0.05396,0.05246
0.053964,-0.04514
0.053968,-0.03904
0.053972,0.04392
0.053976,-0.19032
0.05398,0.42334
0.053984,-0.29402
0.053988,-0.042699999999999995
0.053992,-0.024399999999999998
0.053996,-0.061
0.054,0.08052
0.054004,0.11467999999999999
0.054008,-0.028059999999999998
0.054012,0.0549
0.054016,0.07076
0.05402,0.00976
0.054024,0.03172
0.054028,-0.16104
0.054032,0.01952
0.054036,0.024399999999999998
0.05404,-0.12932
0.054044,0.03782
0.054048,0.056119999999999996
0.054052,-0.1037
0.054056,-0.10003999999999999
0.05406,0.04636
0.054064,-0.2867
0.054068,0.03782
0.054072,-0.09516
0.054076,-0.04636
0.05408,0.04758
0.054084,0.24522
0.054088,-0.1098
0.054092,0.04392
0.054096,-0.06953999999999999
0.0541,-0.00244
0.054104,0.057339999999999995
0.054108,-0.042699999999999995
0.054112,-0.08417999999999999
0.054116,0.15006
0.05412,-0.09881999999999999
0.054124,-0.0183
0.054128,-0.04026
0.054132,-0.32817999999999997
0.054136,0.05246
0.05414,0.00732
0.054144,-0.07198
0.054148,0.0366
0.054152,0.1281
0.054156,0.017079999999999998
0.05416,-0.07198
0.054164,-0.017079999999999998
0.054168,-0.07686
0.054172,0.10125999999999999
0.054176,-0.1281
0.05418,-0.10858
0.054184,0.06588
0.054188,-0.06831999999999999
0.054192,-0.06222
0.054196,0.15982
0.0542,0.07686
0.054204,0.09028
0.054208,-0.06953999999999999
0.054212,-0.13054
0.054216,-0.057339999999999995
0.05422,0.11834
0.054224,0.0060999999999999995
0.054228,-0.28426
0.054232,0.2196
0.054236,-0.061
0.05424,-0.23912
0.054244,0.10125999999999999
0.054248,-0.05246
0.054252,-0.0060999999999999995
0.054256,-0.22691999999999998
0.05426,-0.16104
0.054264,-0.00488
0.054268,-0.1464
0.054272,0.22326
0.054276,-0.10858
0.05428,-0.18422
0.054284,0.07564
0.054288,-0.0793
0.054292,-0.00488
0.054296,0.12566
0.0543,-0.1037
0.054304,0.06466
0.054308,-0.19154
0.054312,-0.29768
0.054316,0.0
0.05432,-0.122
0.054324,-0.04758
0.054328,-0.16713999999999998
0.054332,-0.11102
0.054336,-0.07686
0.05434,-0.14274
0.054344,0.2135
0.054348,0.024399999999999998
0.054352,0.16591999999999998
0.054356,-0.07564
0.05436,0.18666
0.054364,-0.2623
0.054368,0.02318
0.054372,-0.05856
0.054376,-0.01952
0.05438,-0.16104
0.054384,0.1098
0.054388,0.1037
0.054392,0.18788
0.054396,0.14762
0.0544,-0.05368
0.054404,0.10858
0.054408,-0.02562
0.054412,0.08417999999999999
0.054416,-0.00122
0.05442,0.03294
0.054424,-0.03904
0.054428,-0.16591999999999998
0.054432,0.10858
0.054436,-0.22691999999999998
0.05444,-0.12322
0.054444,0.02318
0.054448,0.08662
0.054452,0.00366
0.054456,-0.17934
0.05446,-0.050019999999999995
0.054464,0.00976
0.054468,0.05978
0.054472,-0.11345999999999999
0.054476,0.10614
0.05448,-0.10003999999999999
0.054484,0.10492
0.054488,-0.0305
0.054492,0.04758
0.054496,-0.04026
0.0545,-0.05124
0.054504,-0.03538
0.054508,0.06953999999999999
0.054512,0.04392
0.054516,-0.09272
0.05452,0.10003999999999999
0.054524,0.04026
0.054528,0.00488
0.054532,-0.09638
0.054536,0.09028
0.05454,0.11223999999999999
0.054544,-0.05978
0.054548,0.041479999999999996
0.054552,-0.10003999999999999
0.054556,0.17568
0.05456,-0.042699999999999995
0.054564,0.06831999999999999
0.054568,-0.3538
0.054572,-0.00244
0.054576,-0.15494
0.05458,-0.08417999999999999
0.054584,-0.042699999999999995
0.054588,0.16835999999999998
0.054592,-0.06588
0.054596,0.008539999999999999
0.0546,0.057339999999999995
0.054604,-0.06466
0.054608,0.05368
0.054612,0.11712
0.054616,0.122
0.05462,-0.00122
0.054624,-0.09759999999999999
0.054628,0.08174
0.054632,-0.29524
0.054636,-0.1098
0.05464,-0.00366
0.054644,0.17934
0.054648,0.08784
0.054652,0.17324
0.054656,-0.03294
0.05466,0.01342
0.054664,-0.122
0.054668,-0.14884
0.054672,-0.08539999999999999
0.054676,0.02196
0.05468,0.11834
0.054684,-0.16957999999999998
0.054688,0.20129999999999998
0.054692,-0.017079999999999998
0.054696,0.1464
0.0547,-0.0732
0.054704,0.09638
0.054708,-0.22082
0.054712,0.08174
0.054716,0.11712
0.05472,-0.09759999999999999
0.054724,-0.028059999999999998
0.054728,0.24278
0.054732,-0.028059999999999998
0.054736,0.1037
0.05474,-0.15128
0.054744,0.08539999999999999
0.054748,0.05856
0.054752,-0.02562
0.054756,-0.06588
0.05476,-0.17202
0.054764,0.13541999999999998
0.054768,0.11712
0.054772,-0.056119999999999996
0.054776,0.01464
0.05478,0.30622
0.054784,0.00488
0.054788,-0.22813999999999998
0.054792,0.26474
0.054796,-0.13419999999999999
0.0548,-0.22082
0.054804,0.00244
0.054808,-0.0183
0.054812,0.02928
0.054816,0.22691999999999998
0.05482,0.00976
0.054824,0.12322
0.054828,-0.14884
0.054832,0.13054
0.054836,0.03172
0.05484,-0.26596
0.054844,-0.0060999999999999995
0.054848,0.01098
0.054852,-0.1586
0.054856,0.07076
0.05486,-0.20374
0.054864,0.09272
0.054868,-0.056119999999999996
0.054872,0.10736
0.054876,0.056119999999999996
0.05488,0.08174
0.054884,0.04026
0.054888,-0.00244
0.054892,-0.08662
0.054896,0.04636
0.0549,-0.10492
0.054904,-0.06831999999999999
0.054908,0.1586
0.054912,0.017079999999999998
0.054916,-0.11102
0.05492,0.008539999999999999
0.054924,0.09516
0.054928,-0.17202
0.054932,0.13054
0.054936,-0.19397999999999999
0.05494,0.1586
0.054944,-0.28914
0.054948,0.22082
0.054952,-0.0915
0.054956,0.14274
0.05496,-0.27327999999999997
0.054964,0.1037
0.054968,0.017079999999999998
0.054972,0.14274
0.054976,-0.10003999999999999
0.05498,0.0793
0.054984,-0.27449999999999997
0.054988,-0.18666
0.054992,-0.25986
0.054996,0.06344
0.055,-0.14029999999999998
0.055004,0.18056
0.055008,-0.11467999999999999
0.055012,-0.16348
0.055016,-0.05978
0.05502,0.05246
0.055024,0.01098
0.055028,-0.122
0.055032,0.10858
0.055036,0.034159999999999996
0.05504,-0.11223999999999999
0.055044,0.1098
0.055048,0.25986
0.055052,0.04514
0.055056,-0.07076
0.05506,0.01464
0.055064,-0.11589999999999999
0.055068,0.23546
0.055072,-0.1037
0.055076,-0.14029999999999998
0.05508,0.0732
0.055084,-0.00732
0.055088,0.04636
0.055092,0.09272
0.055096,-0.1037
0.0551,-0.0549
0.055104,-0.13298
0.055108,0.1037
0.055112,-0.07808
0.055116,-0.14396
0.05512,0.09028
0.055124,-0.11589999999999999
0.055128,0.11102
0.055132,-0.11956
0.055136,-0.20374
0.05514,0.08906
0.055144,0.06344
0.055148,-0.08662
0.055152,0.11223999999999999
0.055156,-0.20129999999999998
0.05516,0.03172
0.055164,0.01586
0.055168,-0.19032
0.055172,0.17079999999999998
0.055176,0.02928
0.05518,-0.08906
0.055184,0.07564
0.055188,-0.03782
0.055192,0.10736
0.055196,-0.14396
0.0552,-0.02928
0.055204,0.20251999999999998
0.055208,-0.0183
0.055212,-0.12444
0.055216,0.17934
0.05522,-0.00122
0.055224,0.04758
0.055228,-0.30378
0.055232,0.13054
0.055236,-0.32452
0.05524,0.012199999999999999
0.055244,-0.1769
0.055248,0.07686
0.055252,-0.06831999999999999
0.055256,0.07686
0.05526,0.0305
0.055264,0.20251999999999998
0.055268,-0.034159999999999996
0.055272,0.24766
0.055276,-0.03904
0.05528,0.02928
0.055284,-0.11467999999999999
0.055288,-0.08417999999999999
0.055292,0.06222
0.055296,0.12444
0.0553,-0.07442
0.055304,-0.008539999999999999
0.055308,0.11589999999999999
0.055312,0.050019999999999995
0.055316,-0.0793
0.05532,0.02684
0.055324,-0.22691999999999998
0.055328,0.122
0.055332,0.17324
0.055336,-0.057339999999999995
0.05534,0.041479999999999996
0.055344,0.10125999999999999
0.055348,0.03904
0.055352,-0.20129999999999998
0.055356,-0.15738
0.05536,0.22813999999999998
0.055364,0.04636
0.055368,0.03538
0.055372,-0.02562
0.055376,0.02318
0.05538,-0.00976
0.055384,0.05978
0.055388,0.10248
0.055392,0.01342
0.055396,-0.01464
0.0554,0.14884
0.055404,0.04758
0.055408,-0.07442
0.055412,-0.22691999999999998
0.055416,0.050019999999999995
0.05542,0.05368
0.055424,0.008539999999999999
0.055428,-0.09028
0.055432,-0.15372
0.055436,0.15372
0.05544,-0.20007999999999998
0.055444,0.08906
0.055448,-0.19885999999999998
0.055452,-0.22569999999999998
0.055456,0.02318
0.05546,-0.24766
0.055464,0.14884
0.055468,-0.13054
0.055472,0.17446
0.055476,0.20251999999999998
0.05548,0.11102
0.055484,0.06953999999999999
0.055488,0.18178
0.055492,-0.20251999999999998
0.055496,0.03294
0.0555,0.05978
0.055504,-0.1525
0.055508,-0.21472
0.055512,0.09272
0.055516,0.17202
0.05552,-0.12566
0.055524,0.03904
0.055528,0.13419999999999999
0.055532,0.08906
0.055536,-0.01464
0.05554,0.061
0.055544,-0.20496
0.055548,0.1098
0.055552,0.02562
0.055556,0.08906
0.05556,0.122
0.055564,-0.042699999999999995
0.055568,-0.00976
0.055572,-0.056119999999999996
0.055576,-0.16104
0.05558,-0.34648
0.055584,0.0732
0.055588,-0.1464
0.055592,0.14274
0.055596,0.07686
0.0556,-0.13785999999999998
0.055604,0.05124
0.055608,-0.08662
0.055612,-0.11102
0.055616,-0.03904
0.05562,0.017079999999999998
0.055624,-0.057339999999999995
0.055628,0.09516
0.055632,-0.13663999999999998
0.055636,-0.14884
0.05564,0.2196
0.055644,-0.11589999999999999
0.055648,-0.024399999999999998
0.055652,-0.14274
0.055656,0.13419999999999999
0.05566,-0.09759999999999999
0.055664,-0.08662
0.055668,0.0915
0.055672,0.13663999999999998
0.055676,-0.28304
0.05568,0.14762
0.055684,0.0732
0.055688,-0.20496
0.055692,0.22326
0.055696,0.09638
0.0557,-0.0060999999999999995
0.055704,-0.2623
0.055708,-0.06344
0.055712,-0.024399999999999998
0.055716,0.034159999999999996
0.05572,0.0
0.055724,0.050019999999999995
0.055728,-0.27083999999999997
0.055732,0.24766
0.055736,-0.36112
0.05574,-0.00244
0.055744,0.034159999999999996
0.055748,-0.017079999999999998
0.055752,-0.06831999999999999
0.055756,-0.03538
0.05576,0.048799999999999996
0.055764,-0.23912
0.055768,0.11712
0.055772,0.06709999999999999
0.055776,-0.02684
0.05578,-0.00976
0.055784,0.18788
0.055788,-0.10858
0.055792,-0.1098
0.055796,-0.19641999999999998
0.0558,0.10736
0.055804,0.012199999999999999
0.055808,0.08174
0.055812,-0.02318
0.055816,0.16348
0.05582,0.028059999999999998
0.055824,0.01098
0.055828,0.22447999999999999
0.055832,-0.11712
0.055836,0.04392
0.05584,0.0732
0.055844,0.012199999999999999
0.055848,0.13663999999999998
0.055852,-0.11834
0.055856,0.09028
0.05586,0.05246
0.055864,-0.008539999999999999
0.055868,0.07808
0.055872,0.2135
0.055876,0.0915
0.05588,0.04514
0.055884,-0.19763999999999998
0.055888,-0.02684
0.055892,0.00366
0.055896,0.05246
0.0559,0.17568
0.055904,-0.11834
0.055908,0.17202
0.055912,-0.08539999999999999
0.055916,0.0183
0.05592,0.061
0.055924,-0.16104
0.055928,-0.01464
0.055932,0.02684
0.055936,0.02928
0.05594,0.20496
0.055944,-0.15006
0.055948,0.13785999999999998
0.055952,0.0305
0.055956,0.08906
0.05596,-0.09516
0.055964,0.07442
0.055968,0.122
0.055972,0.14884
0.055976,-0.00122
0.05598,0.00366
0.055984,0.00244
0.055988,0.14274
0.055992,-0.07686
0.055996,-0.02928
0.056,0.13541999999999998
0.056004,-0.041479999999999996
0.056008,0.06709999999999999
0.056012,0.1525
0.056016,-0.17812
0.05602,0.18666
0.056024,-0.15128
0.056028,0.18178
0.056032,-0.11712
0.056036,-0.03294
0.05604,-0.06222
0.056044,-0.06953999999999999
0.056048,0.11102
0.056052,0.122
0.056056,-0.0183
0.05606,0.03782
0.056064,-0.19154
0.056068,-0.14396
0.056072,-0.122
0.056076,-0.0305
0.05608,-0.09759999999999999
0.056084,0.050019999999999995
0.056088,-0.05856
0.056092,0.20007999999999998
0.056096,-0.12566
0.0561,0.07808
0.056104,-0.0732
0.056108,-0.02684
0.056112,0.0915
0.056116,-0.04026
0.05612,-0.024399999999999998
0.056124,0.122
0.056128,-0.06953999999999999
0.056132,0.18666
0.056136,-0.17812
0.05614,-0.0732
0.056144,-0.19885999999999998
0.056148,-0.08662
0.056152,-0.00488
0.056156,0.12688
0.05616,0.04636
0.056164,-0.00488
0.056168,-0.05978
0.056172,0.12932
0.056176,0.08784
0.05618,-0.13907999999999998
0.056184,-0.00976
0.056188,0.06344
0.056192,0.16469999999999999
0.056196,-0.19641999999999998
0.0562,-0.11589999999999999
0.056204,0.00732
0.056208,-0.057339999999999995
0.056212,0.03538
0.056216,-0.008539999999999999
0.05622,0.0
0.056224,-0.050019999999999995
0.056228,-0.012199999999999999
0.056232,0.16104
0.056236,0.09272
0.05624,0.0915
0.056244,-0.10003999999999999
0.056248,0.16104
0.056252,-0.04392
0.056256,0.0915
0.05626,0.06831999999999999
0.056264,-0.042699999999999995
0.056268,-0.00976
0.056272,-0.04636
0.056276,-0.0305
0.05628,-0.0915
0.056284,-0.1464
0.056288,0.03172
0.056292,-0.09638
0.056296,0.0
0.0563,-0.0793
0.056304,0.03538
0.056308,-0.0915
0.056312,0.03538
0.056316,-0.14396
0.05632,-0.02928
0.056324,0.18544
0.056328,-0.07076
0.056332,0.0060999999999999995
0.056336,-0.0060999999999999995
0.05634,0.11834
0.056344,-0.0305
0.056348,0.03294
0.056352,-0.05856
0.056356,0.04514
0.05636,-0.0366
0.056364,-0.16957999999999998
0.056368,-0.01342
0.056372,-0.09272
0.056376,-0.09028
0.05638,0.14396
0.056384,-0.06831999999999999
0.056388,-0.02562
0.056392,-0.061
0.056396,-0.25986
0.0564,0.23057999999999998
0.056404,0.122
0.056408,0.056119999999999996
0.056412,-0.22204
0.056416,0.0732
0.05642,-0.042699999999999995
0.056424,-0.01342
0.056428,0.00244
0.056432,0.25864
0.056436,0.20862
0.05644,0.03172
0.056444,0.00122
0.056448,-0.01586
0.056452,-0.05124
0.056456,-0.02684
0.05646,0.00366
0.056464,-0.07442
0.056468,0.20251999999999998
0.056472,-0.13541999999999998
0.056476,0.15372
0.05648,-0.10858
0.056484,0.18666
0.056488,-0.10858
0.056492,-0.02928
0.056496,0.15738
0.0565,-0.32817999999999997
0.056504,0.19641999999999998
0.056508,0.03538
0.056512,0.1037
0.056516,0.05978
0.05652,-0.042699999999999995
0.056524,-0.20129999999999998
0.056528,0.14762
0.056532,0.02318
0.056536,0.23301999999999998
0.05654,0.10492
0.056544,-0.19641999999999998
0.056548,0.13541999999999998
0.056552,0.09638
0.056556,0.1769
0.05656,0.048799999999999996
0.056564,0.012199999999999999
0.056568,-0.22813999999999998
0.056572,0.13663999999999998
0.056576,-0.05856
0.05658,-0.25254
0.056584,0.122
0.056588,0.020739999999999998
0.056592,0.04392
0.056596,0.0060999999999999995
0.0566,0.10492
0.056604,-0.042699999999999995
0.056608,0.3599
0.056612,-0.16835999999999998
0.056616,0.01586
0.05662,-0.02318
0.056624,0.0366
0.056628,0.11467999999999999
0.056632,0.09028
0.056636,0.16957999999999998
0.05664,-0.05246
0.056644,-0.06709999999999999
0.056648,-0.08417999999999999
0.056652,0.10736
0.056656,-0.02684
0.05666,0.0183
0.056664,0.06222
0.056668,-0.04758
0.056672,-0.061
0.056676,-0.13419999999999999
0.05668,0.02928
0.056684,0.0366
0.056688,0.00366
0.056692,-0.00732
0.056696,-0.04514
0.0567,-0.15494
0.056704,0.05246
0.056708,-0.15982
0.056712,0.02562
0.056716,0.04758
0.05672,-0.1037
0.056724,-0.12932
0.056728,-0.048799999999999996
0.056732,-0.04636
0.056736,0.11223999999999999
0.05674,0.00976
0.056744,-0.08906
0.056748,0.034159999999999996
0.056752,-0.0305
0.056756,0.03172
0.05676,-0.06344
0.056764,0.07076
0.056768,-0.048799999999999996
0.056772,0.11834
0.056776,0.0732
0.05678,-0.14762
0.056784,0.1464
0.056788,0.08784
0.056792,-0.0915
0.056796,0.16226
0.0568,-0.1098
0.056804,0.1037
0.056808,0.050019999999999995
0.056812,0.09028
0.056816,-0.041479999999999996
0.05682,-0.00244
0.056824,-0.1525
0.056828,-0.0183
0.056832,-0.07564
0.056836,-0.00122
0.05684,-0.11223999999999999
0.056844,0.02196
0.056848,0.04758
0.056852,0.2074
0.056856,-0.042699999999999995
0.05686,-0.012199999999999999
0.056864,-0.06831999999999999
0.056868,-0.11712
0.056872,0.12566
0.056876,-0.11223999999999999
0.05688,0.07686
0.056884,-0.01342
0.056888,-0.15982
0.056892,0.028059999999999998
0.056896,-0.11956
0.0569,-0.00122
0.056904,-0.00488
0.056908,-0.0060999999999999995
0.056912,-0.14518
0.056916,0.017079999999999998
0.05692,-0.10614
0.056924,0.05124
0.056928,-0.01586
0.056932,0.04026
0.056936,0.25986
0.05694,-0.02562
0.056944,-0.02562
0.056948,-0.13663999999999998
0.056952,-0.11223999999999999
0.056956,-0.034159999999999996
0.05696,0.01098
0.056964,0.08784
0.056968,0.10614
0.056972,-0.02196
0.056976,-0.01586
0.05698,0.00976
0.056984,-0.04758
0.056988,-0.07686
0.056992,-0.06344
0.056996,0.17079999999999998
0.057,0.08784
0.057004,0.1769
0.057008,-0.18788
0.057012,-0.06709999999999999
0.057016,-0.07198
0.05702,-0.2135
0.057024,0.13785999999999998
0.057028,0.26961999999999997
0.057032,-0.25132
0.057036,0.12566
0.05704,0.12688
0.057044,-0.0366
0.057048,-0.0732
0.057052,0.2867
0.057056,-0.24522
0.05706,-0.13541999999999998
0.057064,0.00488
0.057068,0.17446
0.057072,-0.012199999999999999
0.057076,-0.012199999999999999
0.05708,0.0549
0.057084,-0.034159999999999996
0.057088,-0.21228
0.057092,0.15616
0.057096,0.00488
0.0571,0.16226
0.057104,-0.14396
0.057108,0.21838
0.057112,-0.13419999999999999
0.057116,0.28059999999999996
0.05712,-0.04758
0.057124,-0.0060999999999999995
0.057128,-0.18056
0.057132,0.042699999999999995
0.057136,0.0793
0.05714,0.15128
0.057144,-0.11834
0.057148,0.01464
0.057152,-0.09759999999999999
0.057156,-0.017079999999999998
0.05716,-0.02196
0.057164,0.03782
0.057168,-0.14884
0.057172,-0.10736
0.057176,0.12322
0.05718,0.06831999999999999
0.057184,0.050019999999999995
0.057188,-0.08052
0.057192,0.3599
0.057196,-0.11102
0.0572,-0.06588
0.057204,0.01464
0.057208,0.042699999999999995
0.057212,0.1037
0.057216,-0.20862
0.05722,-0.012199999999999999
0.057224,0.23424
0.057228,-0.13907999999999998
0.057232,-0.15616
0.057236,0.01342
0.05724,0.09881999999999999
0.057244,0.04392
0.057248,0.061
0.057252,-0.20007999999999998
0.057256,0.00122
0.05726,-0.13419999999999999
0.057264,-0.15982
0.057268,0.08295999999999999
0.057272,-0.11834
0.057276,0.12932
0.05728,-0.14029999999999998
0.057284,-0.13054
0.057288,0.07564
0.057292,-0.0732
0.057296,-0.16348
0.0573,-0.11712
0.057304,0.08417999999999999
0.057308,-0.15616
0.057312,0.10003999999999999
0.057316,0.07564
0.05732,0.06344
0.057324,-0.10492
0.057328,0.28548
0.057332,-0.050019999999999995
0.057336,0.00976
0.05734,0.00488
0.057344,0.07076
0.057348,-0.09759999999999999
0.057352,-0.11834
0.057356,0.13054
0.05736,0.0183
0.057364,0.1586
0.057368,0.028059999999999998
0.057372,0.19397999999999999
0.057376,-0.08784
0.05738,0.057339999999999995
0.057384,-0.05856
0.057388,-0.02928
0.057392,-0.15128
0.057396,-0.06466
0.0574,0.19397999999999999
0.057404,-0.06222
0.057408,-0.08052
0.057412,-0.09881999999999999
0.057416,0.034159999999999996
0.05742,-0.04636
0.057424,-0.03294
0.057428,-0.04636
0.057432,0.0732
0.057436,0.08052
0.05744,0.01464
0.057444,-0.21106
0.057448,-0.16104
0.057452,0.18056
0.057456,-0.1037
0.05746,0.06831999999999999
0.057464,-0.1281
0.057468,-0.09394
0.057472,0.0305
0.057476,-0.01586
0.05748,0.01464
0.057484,-0.057339999999999995
0.057488,-0.11589999999999999
0.057492,0.09881999999999999
0.057496,0.19885999999999998
0.0575,-0.11712
0.057504,0.1037
0.057508,-0.07198
0.057512,-0.08295999999999999
0.057516,-0.11834
0.05752,-0.05856
0.057524,-0.06466
0.057528,-0.04514
0.057532,0.05856
0.057536,0.07564
0.05754,-0.13298
0.057544,-0.024399999999999998
0.057548,0.06588
0.057552,-0.08906
0.057556,0.0305
0.05756,-0.16226
0.057564,0.26718
0.057568,0.00122
0.057572,0.17934
0.057576,0.008539999999999999
0.05758,-0.056119999999999996
0.057584,0.017079999999999998
0.057588,0.012199999999999999
0.057592,-0.048799999999999996
0.057596,-0.11102
0.0576,-0.02928
0.057604,-0.14029999999999998
0.057608,0.08906
0.057612,-0.02684
0.057616,-0.0183
0.05762,-0.08539999999999999
0.057624,-0.00122
0.057628,0.04392
0.057632,-0.008539999999999999
0.057636,-0.13785999999999998
0.05764,0.042699999999999995
0.057644,-0.0305
0.057648,0.0366
0.057652,0.09638
0.057656,-0.07076
0.05766,-0.03172
0.057664,0.00366
0.057668,-0.17568
0.057672,0.09881999999999999
0.057676,-0.08906
0.05768,0.07686
0.057684,0.01952
0.057688,-0.041479999999999996
0.057692,-0.21716
0.057696,0.11589999999999999
0.0577,-0.012199999999999999
0.057704,0.17568
0.057708,-0.04392
0.057712,-0.2562
0.057716,-0.1037
0.05772,0.14029999999999998
0.057724,-0.04636
0.057728,-0.08295999999999999
0.057732,0.13541999999999998
0.057736,0.30622
0.05774,-0.017079999999999998
0.057744,-0.06588
0.057748,0.03172
0.057752,-0.09028
0.057756,0.09028
0.05776,0.13419999999999999
0.057764,-0.04514
0.057768,0.27693999999999996
0.057772,-0.20129999999999998
0.057776,0.09516
0.05778,-0.28182
0.057784,0.23424
0.057788,-0.050019999999999995
0.057792,-0.03538
0.057796,0.0793
0.0578,0.16591999999999998
0.057804,-0.08662
0.057808,-0.0549
0.057812,-0.14518
0.057816,-0.16348
0.05782,-0.14152
0.057824,-0.09638
0.057828,0.07564
0.057832,-0.16348
0.057836,-0.050019999999999995
0.05784,-0.18056
0.057844,0.057339999999999995
0.057848,0.244
0.057852,-0.17568
0.057856,-0.10248
0.05786,0.09028
0.057864,-0.08417999999999999
0.057868,-0.07198
0.057872,0.22447999999999999
0.057876,0.02318
0.05788,0.1098
0.057884,-0.16226
0.057888,0.12688
0.057892,-0.21594
0.057896,-0.03782
0.0579,-0.00732
0.057904,-0.13419999999999999
0.057908,0.11467999999999999
0.057912,0.27205999999999997
0.057916,-0.16835999999999998
0.05792,0.05246
0.057924,0.16591999999999998
0.057928,-0.00244
0.057932,0.08417999999999999
0.057936,-0.11345999999999999
0.05794,-0.01586
0.057944,-0.06466
0.057948,0.03782
0.057952,0.00976
0.057956,-0.17446
0.05796,0.048799999999999996
0.057964,0.24156
0.057968,0.22204
0.057972,-0.30744
0.057976,0.12566
0.05798,-0.10492
0.057984,-0.13298
0.057988,0.01464
0.057992,-0.33427999999999997
0.057996,0.05246
0.058,0.19885999999999998
0.058004,-0.0549
0.058008,-0.08417999999999999
0.058012,-0.041479999999999996
0.058016,0.02928
0.05802,-0.16469999999999999
0.058024,-0.10003999999999999
0.058028,0.02562
0.058032,-0.04514
0.058036,0.09638
0.05804,0.05978
0.058044,0.05856
0.058048,0.05856
0.058052,-0.02928
0.058056,-0.02318
0.05806,-0.034159999999999996
0.058064,-0.024399999999999998
0.058068,0.02196
0.058072,0.0060999999999999995
0.058076,0.0793
0.05808,0.0183
0.058084,0.11589999999999999
0.058088,-0.16104
0.058092,0.061
0.058096,0.06222
0.0581,0.0305
0.058104,-0.00488
0.058108,-0.11712
0.058112,-0.03538
0.058116,-0.16469999999999999
0.05812,0.11345999999999999
0.058124,-0.1525
0.058128,0.15128
0.058132,0.017079999999999998
0.058136,0.03538
0.05814,0.30134
0.058144,-0.20374
0.058148,0.18422
0.058152,-0.13541999999999998
0.058156,-0.05124
0.05816,-0.00488
0.058164,-0.19763999999999998
0.058168,0.00488
0.058172,-0.20251999999999998
0.058176,0.0732
0.05818,-0.06953999999999999
0.058184,0.11589999999999999
0.058188,-0.10003999999999999
0.058192,0.10125999999999999
0.058196,0.07442
0.0582,-0.024399999999999998
0.058204,-0.04636
0.058208,-0.02318
0.058212,-0.07686
0.058216,-0.00488
0.05822,-0.02928
0.058224,-0.04514
0.058228,-0.034159999999999996
0.058232,-0.020739999999999998
0.058236,-0.10003999999999999
0.05824,0.10614
0.058244,-0.07808
0.058248,0.04392
0.058252,-0.14274
0.058256,0.0305
0.05826,-0.02196
0.058264,0.00366
0.058268,0.21716
0.058272,-0.19763999999999998
0.058276,0.10736
0.05828,-0.12322
0.058284,-0.08417999999999999
0.058288,-0.0549
0.058292,-0.24644
0.058296,-0.07198
0.0583,0.12566
0.058304,-0.02928
0.058308,-0.0732
0.058312,0.012199999999999999
0.058316,-0.01342
0.05832,0.07198
0.058324,-0.0915
0.058328,0.04026
0.058332,0.1769
0.058336,-0.03294
0.05834,0.11102
0.058344,-0.06953999999999999
0.058348,0.08417999999999999
0.058352,-0.18788
0.058356,-0.01952
0.05836,-0.09394
0.058364,-0.06709999999999999
0.058368,-0.00488
0.058372,0.034159999999999996
0.058376,-0.03538
0.05838,-0.12932
0.058384,0.020739999999999998
0.058388,0.00976
0.058392,-0.0060999999999999995
0.058396,-0.13541999999999998
0.0584,0.11467999999999999
0.058404,-0.008539999999999999
0.058408,0.1037
0.058412,0.10736
0.058416,0.03782
0.05842,-0.23668
0.058424,0.11712
0.058428,0.12932
0.058432,0.09516
0.058436,-0.15006
0.05844,-0.1769
0.058444,-0.03782
0.058448,0.06222
0.058452,0.18056
0.058456,0.0366
0.05846,-0.22569999999999998
0.058464,0.07808
0.058468,-0.1464
0.058472,0.057339999999999995
0.058476,-0.11102
0.05848,0.01464
0.058484,0.07808
0.058488,0.0366
0.058492,-0.01586
0.058496,-0.07442
0.0585,0.07076
0.058504,0.11956
0.058508,0.06222
0.058512,-0.034159999999999996
0.058516,0.04514
0.05852,0.06709999999999999
0.058524,0.03172
0.058528,-0.09638
0.058532,0.012199999999999999
0.058536,0.10125999999999999
0.05854,0.29524
0.058544,0.28182
0.058548,-0.061
0.058552,0.15006
0.058556,0.10125999999999999
0.05856,-0.10858
0.058564,-0.1525
0.058568,0.13907999999999998
0.058572,-0.18666
0.058576,0.2562
0.05858,-0.22326
0.058584,0.11467999999999999
0.058588,-0.08295999999999999
0.058592,0.23668
0.058596,-0.08539999999999999
0.0586,-0.0060999999999999995
0.058604,0.0366
0.058608,0.08417999999999999
0.058612,0.08784
0.058616,-0.13419999999999999
0.05862,0.08662
0.058624,0.03538
0.058628,0.02684
0.058632,-0.01098
0.058636,-0.02318
0.05864,-0.3477
0.058644,-0.08784
0.058648,0.1769
0.058652,-0.0915
0.058656,-0.08662
0.05866,0.00366
0.058664,-0.07076
0.058668,-0.14518
0.058672,0.2501
0.058676,0.16104
0.05868,-0.03172
0.058684,0.0366
0.058688,-0.10614
0.058692,0.017079999999999998
0.058696,0.14762
0.0587,-0.03538
0.058704,-0.09881999999999999
0.058708,0.024399999999999998
0.058712,-0.22569999999999998
0.058716,-0.01586
0.05872,-0.05246
0.058724,-0.00732
0.058728,0.10125999999999999
0.058732,0.10492
0.058736,-0.2196
0.05874,0.06466
0.058744,0.11223999999999999
0.058748,-0.08906
0.058752,-0.13419999999999999
0.058756,0.15128
0.05876,0.07076
0.058764,0.02684
0.058768,-0.04636
0.058772,-0.13663999999999998
0.058776,-0.06831999999999999
0.05878,0.16348
0.058784,0.17324
0.058788,0.024399999999999998
0.058792,-0.01098
0.058796,0.06344
0.0588,-0.0915
0.058804,0.07076
0.058808,-0.12688
0.058812,0.08539999999999999
0.058816,0.26108
0.05882,-0.15006
0.058824,0.10614
0.058828,-0.03172
0.058832,0.03904
0.058836,-0.09516
0.05884,0.16835999999999998
0.058844,-0.10614
0.058848,-0.0732
0.058852,0.0915
0.058856,-0.02196
0.05886,-0.13907999999999998
0.058864,0.0732
0.058868,0.0060999999999999995
0.058872,0.18666
0.058876,0.020739999999999998
0.05888,0.1525
0.058884,-0.10248
0.058888,0.20251999999999998
0.058892,-0.0793
0.058896,0.01586
0.0589,-0.25864
0.058904,-0.017079999999999998
0.058908,0.048799999999999996
0.058912,0.16835999999999998
0.058916,-0.18178
0.05892,-0.1098
0.058924,-0.09272
0.058928,-0.06466
0.058932,0.01342
0.058936,-0.06831999999999999
0.05894,0.20618
0.058944,-0.11223999999999999
0.058948,0.11223999999999999
0.058952,0.00122
0.058956,-0.041479999999999996
0.05896,0.09272
0.058964,-0.06344
0.058968,-0.00122
0.058972,-0.09516
0.058976,-0.07686
0.05898,-0.00244
0.058984,0.10248
0.058988,-0.05368
0.058992,0.07564
0.058996,0.10003999999999999
0.059,-0.020739999999999998
0.059004,-0.0366
0.059008,-0.09881999999999999
0.059012,-0.06222
0.059016,0.18178
0.05902,-0.0549
0.059024,0.07198
0.059028,0.13419999999999999
0.059032,0.1037
0.059036,0.04636
0.05904,-0.09272
0.059044,0.07076
0.059048,0.04636
0.059052,-0.09028
0.059056,0.2501
0.05906,-0.06709999999999999
0.059064,0.05368
0.059068,-0.15982
0.059072,-0.041479999999999996
0.059076,-0.22813999999999998
0.05908,0.17324
0.059084,-0.01342
0.059088,-0.00976
0.059092,0.24888
0.059096,-0.07808
0.0591,0.09272
0.059104,0.08539999999999999
0.059108,0.01586
0.059112,-0.04026
0.059116,0.09272
0.05912,-0.17812
0.059124,0.057339999999999995
0.059128,-0.08662
0.059132,0.01952
0.059136,-0.24888
0.05914,0.050019999999999995
0.059144,0.0305
0.059148,-0.22326
0.059152,0.056119999999999996
0.059156,-0.07808
0.05916,-0.020739999999999998
0.059164,-0.05246
0.059168,0.04758
0.059172,-0.00366
0.059176,0.01464
0.05918,-0.30012
0.059184,0.13785999999999998
0.059188,0.13907999999999998
0.059192,0.012199999999999999
0.059196,0.13176
0.0592,-0.11102
0.059204,0.17079999999999998
0.059208,0.01464
0.059212,0.0732
0.059216,-0.01342
0.05922,0.041479999999999996
0.059224,0.06466
0.059228,0.02318
0.059232,0.02562
0.059236,-0.15616
0.05924,0.061
0.059244,-0.14884
0.059248,0.13054
0.059252,-0.24766
0.059256,0.1891
0.05926,-0.13785999999999998
0.059264,-0.03538
0.059268,0.13541999999999998
0.059272,0.26839999999999997
0.059276,-0.034159999999999996
0.05928,0.13663999999999998
0.059284,-0.0732
0.059288,-0.08052
0.059292,-0.07564
0.059296,0.12322
0.0593,0.03538
0.059304,0.17446
0.059308,0.08052
0.059312,-0.13419999999999999
0.059316,0.017079999999999998
0.05932,-0.042699999999999995
0.059324,-0.08174
0.059328,0.00732
0.059332,0.03904
0.059336,-0.12078
0.05934,0.17079999999999998
0.059344,-0.07686
0.059348,0.05368
0.059352,0.1525
0.059356,0.028059999999999998
0.05936,-0.06344
0.059364,0.06709999999999999
0.059368,0.1037
0.059372,0.10614
0.059376,-0.07198
0.05938,-0.00976
0.059384,-0.07442
0.059388,0.0183
0.059392,0.00244
0.059396,-0.17202
0.0594,0.13907999999999998
0.059404,0.06588
0.059408,-0.04514
0.059412,-0.122
0.059416,0.05978
0.05942,0.0305
0.059424,0.00244
0.059428,0.10736
0.059432,-0.2867
0.059436,0.0732
0.05944,-0.04392
0.059444,0.01098
0.059448,0.07686
0.059452,0.00122
0.059456,-0.028059999999999998
0.05946,-0.050019999999999995
0.059464,0.01464
0.059468,-0.23546
0.059472,0.1769
0.059476,-0.01464
0.05948,-0.11589999999999999
0.059484,0.01342
0.059488,-0.1281
0.059492,0.07198
0.059496,0.27571999999999997
0.0595,0.041479999999999996
0.059504,0.0060999999999999995
0.059508,0.06953999999999999
0.059512,0.18422
0.059516,0.1281
0.05952,-0.27327999999999997
0.059524,-0.23668
0.059528,0.14762
0.059532,-0.29768
0.059536,0.10736
0.05954,0.12688
0.059544,0.09516
0.059548,-0.11956
0.059552,0.00122
0.059556,0.35624
0.05956,-0.16713999999999998
0.059564,0.10248
0.059568,0.16348
0.059572,-0.10003999999999999
0.059576,0.04636
0.05958,0.02562
0.059584,0.02928
0.059588,-0.07198
0.059592,-0.05124
0.059596,-0.01586
0.0596,-0.07198
0.059604,-0.02562
0.059608,0.17568
0.059612,0.028059999999999998
0.059616,0.061
0.05962,-0.16713999999999998
0.059624,-0.122
0.059628,-0.04514
0.059632,0.22569999999999998
0.059636,0.06588
0.05964,0.12322
0.059644,0.18056
0.059648,0.10248
0.059652,0.03538
0.059656,-0.048799999999999996
0.05966,-0.13176
0.059664,-0.08295999999999999
0.059668,0.07564
0.059672,0.0
0.059676,0.034159999999999996
0.05968,-0.11956
0.059684,0.0732
0.059688,-0.07564
0.059692,-0.30134
0.059696,0.056119999999999996
0.0597,-0.17324
0.059704,0.04392
0.059708,0.07686
0.059712,-0.02684
0.059716,-0.10736
0.05972,0.20007999999999998
0.059724,-0.11589999999999999
0.059728,0.06831999999999999
0.059732,0.04392
0.059736,-0.13541999999999998
0.05974,-0.15982
0.059744,0.32208
0.059748,-0.10614
0.059752,0.01952
0.059756,-0.15128
0.05976,0.04392
0.059764,0.06709999999999999
0.059768,-0.09272
0.059772,-0.0793
0.059776,0.0305
0.05978,-0.19641999999999998
0.059784,0.34404
0.059788,-0.07686
0.059792,0.10614
0.059796,-0.12078
0.0598,-0.11102
0.059804,0.0793
0.059808,-0.05368
0.059812,-0.08052
0.059816,-0.17446
0.05982,0.028059999999999998
0.059824,0.10125999999999999
0.059828,-0.13785999999999998
0.059832,0.28426
0.059836,0.06466
0.05984,-0.03294
0.059844,0.00244
0.059848,-0.024399999999999998
0.059852,-0.08784
0.059856,-0.09881999999999999
0.05986,0.028059999999999998
0.059864,-0.048799999999999996
0.059868,-0.0549
0.059872,-0.057339999999999995
0.059876,0.14152
0.05988,-0.07442
0.059884,-0.11589999999999999
0.059888,-0.1281
0.059892,0.057339999999999995
0.059896,0.03538
0.0599,-0.06831999999999999
0.059904,0.00366
0.059908,-0.04026
0.059912,0.183
0.059916,-0.11223999999999999
0.05992,0.27693999999999996
0.059924,-0.07442
0.059928,-0.05368
0.059932,-0.09759999999999999
0.059936,-0.00244
0.05994,0.01464
0.059944,0.1769
0.059948,0.03538
0.059952,-0.07076
0.059956,0.18178
0.05996,-0.15006
0.059964,-0.22813999999999998
0.059968,-0.12688
0.059972,0.08295999999999999
0.059976,-0.06466
0.05998,0.09759999999999999
0.059984,-0.17202
0.059988,-0.18422
0.059992,-0.11345999999999999
0.059996,0.05978
0.06,-0.1098
0.060004,-0.00244
0.060008,0.2501
0.060012,0.13419999999999999
0.060016,-0.034159999999999996
0.06002,-0.13663999999999998
0.060024,-0.041479999999999996
0.060028,-0.18788
0.060032,0.08052
0.060036,0.16957999999999998
0.06004,-0.03904
0.060044,-0.024399999999999998
0.060048,-0.08784
0.060052,-0.02928
0.060056,0.17446
0.06006,-0.04636
0.060064,-0.06709999999999999
0.060068,-0.17812
0.060072,0.16591999999999998
0.060076,-0.048799999999999996
0.06008,0.183
0.060084,0.06953999999999999
0.060088,-0.0793
0.060092,0.122
0.060096,0.03172
0.0601,-0.09638
0.060104,-0.08052
0.060108,0.07564
0.060112,-0.00244
0.060116,0.05246
0.06012,0.00366
0.060124,-0.0305
0.060128,0.13054
0.060132,0.17812
0.060136,0.00732
0.06014,-0.10858
0.060144,0.01464
0.060148,-0.00976
0.060152,-0.09394
0.060156,-0.13419999999999999
0.06016,0.1037
0.060164,-0.08417999999999999
0.060168,-0.08539999999999999
0.060172,0.06831999999999999
0.060176,-0.21228
0.06018,-0.11956
0.060184,0.04636
0.060188,-0.050019999999999995
0.060192,-0.03782
0.060196,-0.07076
0.0602,-0.05124
0.060204,0.01342
0.060208,0.08539999999999999
0.060212,0.43432
0.060216,-0.17812
0.06022,-0.1769
0.060224,0.00122
0.060228,-0.10736
0.060232,0.07076
0.060236,0.024399999999999998
0.06024,-0.18422
0.060244,-0.02684
0.060248,0.11589999999999999
0.060252,0.01342
0.060256,-0.012199999999999999
0.06026,0.0060999999999999995
0.060264,-0.10858
0.060268,-0.15982
0.060272,0.10125999999999999
0.060276,0.04636
0.06028,-0.00732
0.060284,0.17812
0.060288,-0.12078
0.060292,-0.13054
0.060296,-0.06588
0.0603,-0.08295999999999999
0.060304,-0.01952
0.060308,-0.24156
0.060312,0.12078
0.060316,-0.00488
0.06032,-0.034159999999999996
0.060324,0.15006
0.060328,-0.00488
0.060332,-0.17202
0.060336,0.2928
0.06034,-0.1098
0.060344,0.19763999999999998
0.060348,-0.06344
0.060352,0.03904
0.060356,0.25376
0.06036,-0.0183
0.060364,-0.10003999999999999
0.060368,0.12322
0.060372,0.10614
0.060376,-0.048799999999999996
0.06038,0.09028
0.060384,0.04392
0.060388,0.042699999999999995
0.060392,0.12688
0.060396,-0.26108
0.0604,-0.04026
0.060404,0.01098
0.060408,-0.06588
0.060412,-0.04758
0.060416,0.0549
0.06042,-0.20007999999999998
0.060424,0.01586
0.060428,0.09881999999999999
0.060432,-0.0183
0.060436,0.16591999999999998
0.06044,0.0549
0.060444,0.26474
0.060448,-0.08539999999999999
0.060452,-0.00122
0.060456,-0.23301999999999998
0.06046,0.12688
0.060464,-0.15616
0.060468,0.11467999999999999
0.060472,-0.0305
0.060476,0.01098
0.06048,-0.15006
0.060484,-0.2074
0.060488,0.04026
0.060492,-0.11345999999999999
0.060496,0.01586
0.0605,0.06831999999999999
0.060504,0.04514
0.060508,-0.08295999999999999
0.060512,-0.00732
0.060516,0.03782
0.06052,-0.16348
0.060524,-0.27083999999999997
0.060528,-0.03294
0.060532,0.05246
0.060536,-0.2501
0.06054,0.03294
0.060544,-0.0793
0.060548,0.00732
0.060552,-0.00366
0.060556,-0.10736
0.06056,0.008539999999999999
0.060564,0.16226
0.060568,0.13419999999999999
0.060572,-0.00244
0.060576,0.1098
0.06058,0.056119999999999996
0.060584,0.16713999999999998
0.060588,0.19885999999999998
0.060592,-0.06588
0.060596,-0.07076
0.0606,0.10003999999999999
0.060604,-0.00366
0.060608,0.07076
0.060612,0.12322
0.060616,0.0793
0.06062,-0.00366
0.060624,0.09028
0.060628,-0.1037
0.060632,0.1525
0.060636,-0.2623
0.06064,-0.0366
0.060644,0.017079999999999998
0.060648,0.09759999999999999
0.060652,-0.21228
0.060656,-0.07564
0.06066,-0.0305
0.060664,0.17934
0.060668,0.15372
0.060672,-0.12932
0.060676,-0.1098
0.06068,-0.05368
0.060684,0.06222
0.060688,0.12688
0.060692,0.10125999999999999
0.060696,-0.15128
0.0607,-0.00366
0.060704,0.048799999999999996
0.060708,-0.024399999999999998
0.060712,0.04026
0.060716,-0.13907999999999998
0.06072,0.24034
0.060724,-0.04026
0.060728,-0.10492
0.060732,0.08295999999999999
0.060736,0.00732
0.06074,0.0915
0.060744,-0.15006
0.060748,-0.028059999999999998
0.060752,0.02196
0.060756,0.14518
0.06076,-0.14274
0.060764,-0.1098
0.060768,-0.06709999999999999
0.060772,-0.18178
0.060776,-0.12078
0.06078,0.22813999999999998
0.060784,-0.10858
0.060788,0.23057999999999998
0.060792,-0.32086
0.060796,-0.0915
0.0608,-0.11467999999999999
0.060804,0.14884
0.060808,0.01586
0.060812,-0.20007999999999998
0.060816,0.15616
0.06082,0.10614
0.060824,0.048799999999999996
0.060828,-0.00244
0.060832,-0.1281
0.060836,0.07686
0.06084,0.00976
0.060844,-0.17324
0.060848,0.16348
0.060852,-0.00732
0.060856,-0.14274
0.06086,-0.07564
0.060864,-0.034159999999999996
0.060868,0.024399999999999998
0.060872,-0.06466
0.060876,-0.04636
0.06088,0.19397999999999999
0.060884,-0.28304
0.060888,0.12322
0.060892,-0.19154
0.060896,0.14884
0.0609,0.13663999999999998
0.060904,-0.1891
0.060908,-0.008539999999999999
0.060912,-0.05368
0.060916,-0.03904
0.06092,-0.08295999999999999
0.060924,0.0915
0.060928,-0.00366
0.060932,-0.11589999999999999
0.060936,0.15006
0.06094,-0.11102
0.060944,0.00122
0.060948,0.08784
0.060952,-0.034159999999999996
0.060956,-0.008539999999999999
0.06096,0.01952
0.060964,-0.02928
0.060968,0.057339999999999995
0.060972,0.017079999999999998
0.060976,-0.21228
0.06098,0.11589999999999999
0.060984,0.012199999999999999
0.060988,-0.00122
0.060992,-0.13419999999999999
0.060996,-0.02318
0.061,-0.19519999999999998
0.061004,0.11712
0.061008,-0.1586
0.061012,0.05856
0.061016,0.12932
0.06102,-0.00976
0.061024,-0.06222
0.061028,-0.04636
0.061032,-0.12444
0.061036,-0.12444
0.06104,0.08295999999999999
0.061044,-0.09638
0.061048,0.36234
0.061052,-0.23179999999999998
0.061056,-0.0366
0.06106,-0.15982
0.061064,-0.00244
0.061068,0.13785999999999998
0.061072,0.20374
0.061076,-0.10125999999999999
0.06108,0.11345999999999999
0.061084,0.0060999999999999995
0.061088,-0.08662
0.061092,0.18056
0.061096,-0.01342
0.0611,0.06466
0.061104,-0.15006
0.061108,-0.01098
0.061112,-0.18178
0.061116,0.00976
0.06112,-0.2074
0.061124,-0.04026
0.061128,-0.09028
0.061132,0.08174
0.061136,-0.00488
0.06114,-0.11223999999999999
0.061144,0.15128
0.061148,-0.10736
0.061152,-0.05978
0.061156,0.11834
0.06116,-0.16713999999999998
0.061164,-0.06344
0.061168,0.08906
0.061172,0.09759999999999999
0.061176,-0.0732
0.06118,-0.01586
0.061184,0.04636
0.061188,-0.17324
0.061192,0.14152
0.061196,-0.057339999999999995
0.0612,-0.05124
0.061204,0.16469999999999999
0.061208,0.050019999999999995
0.061212,0.06466
0.061216,-0.05246
0.06122,0.01098
0.061224,-0.00976
0.061228,0.24644
0.061232,-0.08539999999999999
0.061236,0.24156
0.06124,-0.13419999999999999
0.061244,-0.05246
0.061248,-0.12444
0.061252,-0.0183
0.061256,-0.09516
0.06126,-0.08174
0.061264,0.0915
0.061268,-0.03538
0.061272,-0.034159999999999996
0.061276,0.32696
0.06128,0.16835999999999998
0.061284,-0.22691999999999998
0.061288,0.16835999999999998
0.061292,-0.19397999999999999
0.061296,0.00366
0.0613,-0.06709999999999999
0.061304,-0.11589999999999999
0.061308,0.07076
0.061312,-0.19641999999999998
0.061316,-0.0549
0.06132,0.03538
0.061324,0.14274
0.061328,-0.02562
0.061332,0.01342
0.061336,-0.0732
0.06134,0.05124
0.061344,0.20984
0.061348,-0.28182
0.061352,0.06709999999999999
0.061356,-0.0366
0.06136,0.09638
0.061364,-0.13541999999999998
0.061368,0.14274
0.061372,0.00732
0.061376,-0.08174
0.06138,0.13054
0.061384,-0.06588
0.061388,-0.05856
0.061392,-0.01952
0.061396,-0.050019999999999995
0.0614,-0.012199999999999999
0.061404,0.04636
0.061408,-0.048799999999999996
0.061412,-0.10003999999999999
0.061416,0.06831999999999999
0.06142,0.22569999999999998
0.061424,-0.13663999999999998
0.061428,0.048799999999999996
0.061432,0.20251999999999998
0.061436,-0.01464
0.06144,0.17934
0.061444,0.0183
0.061448,-0.23668
0.061452,-0.02562
0.061456,-0.11956
0.06146,-0.04026
0.061464,-0.024399999999999998
0.061468,-0.01952
0.061472,0.11467999999999999
0.061476,-0.09638
0.06148,-0.02318
0.061484,-0.10125999999999999
0.061488,0.22447999999999999
0.061492,-0.13054
0.061496,-0.03904
0.0615,0.008539999999999999
0.061504,0.04026
0.061508,-0.0183
0.061512,0.050019999999999995
0.061516,-0.20984
0.06152,-0.02928
0.061524,-0.10003999999999999
0.061528,0.0732
0.061532,-0.30134
0.061536,0.13176
0.06154,-0.24156
0.061544,0.050019999999999995
0.061548,0.19397999999999999
0.061552,-0.16226
0.061556,0.04392
0.06156,-0.02562
0.061564,-0.06344
0.061568,0.017079999999999998
0.061572,-0.05368
0.061576,0.15738
0.06158,-0.08417999999999999
0.061584,0.08295999999999999
0.061588,-0.0366
0.061592,-0.05856
0.061596,-0.14029999999999998
0.0616,0.0
0.061604,-0.09028
0.061608,-0.056119999999999996
0.061612,-0.09881999999999999
0.061616,-0.02318
0.06162,-0.01586
0.061624,-0.17324
0.061628,0.10492
0.061632,-0.09028
0.061636,0.04392
0.06164,0.01952
0.061644,0.020739999999999998
0.061648,-0.16104
0.061652,0.057339999999999995
0.061656,0.11467999999999999
0.06166,-0.00366
0.061664,0.27815999999999996
0.061668,-0.30134
0.061672,0.0183
0.061676,0.19032
0.06168,0.04026
0.061684,0.17812
0.061688,0.05246
0.061692,-0.00488
0.061696,-0.14518
0.0617,-0.1769
0.061704,0.10492
0.061708,-0.05124
0.061712,0.034159999999999996
0.061716,0.07808
0.06172,-0.1098
0.061724,-0.00122
0.061728,-0.19519999999999998
0.061732,0.01464
0.061736,0.10125999999999999
0.06174,0.08784
0.061744,0.057339999999999995
0.061748,0.15738
0.061752,-0.2501
0.061756,0.08295999999999999
0.06176,0.02318
0.061764,-0.07198
0.061768,0.20007999999999998
0.061772,-0.08539999999999999
0.061776,-0.0549
0.06178,-0.02684
0.061784,-0.11834
0.061788,0.11712
0.061792,-0.32939999999999997
0.061796,0.1281
0.0618,-0.024399999999999998
0.061804,-0.20374
0.061808,-0.03782
0.061812,-0.034159999999999996
0.061816,0.01952
0.06182,-0.11834
0.061824,-0.09759999999999999
0.061828,0.034159999999999996
0.061832,-0.14396
0.061836,0.13176
0.06184,0.04026
0.061844,-0.16835999999999998
0.061848,0.11712
0.061852,0.061
0.061856,-0.14518
0.06186,0.10614
0.061864,0.07198
0.061868,-0.08784
0.061872,0.16591999999999998
0.061876,0.00732
0.06188,-0.04636
0.061884,-0.20129999999999998
0.061888,-0.00732
0.061892,-0.05246
0.061896,0.11102
0.0619,0.10248
0.061904,0.034159999999999996
0.061908,0.10003999999999999
0.061912,-0.01586
0.061916,0.19397999999999999
0.06192,0.07442
0.061924,-0.01952
0.061928,-0.16469999999999999
0.061932,-0.16591999999999998
0.061936,0.13907999999999998
0.06194,0.08539999999999999
0.061944,0.09028
0.061948,-0.008539999999999999
0.061952,-0.0793
0.061956,0.07564
0.06196,-0.08174
0.061964,0.23668
0.061968,-0.03782
0.061972,0.057339999999999995
0.061976,0.23546
0.06198,-0.04026
0.061984,0.1098
0.061988,-0.16469999999999999
0.061992,0.24644
0.061996,-0.048799999999999996
0.062,-0.16469999999999999
0.062004,0.11223999999999999
0.062008,-0.06831999999999999
0.062012,0.050019999999999995
0.062016,0.05856
0.06202,0.10614
0.062024,-0.020739999999999998
0.062028,-0.048799999999999996
0.062032,-0.12322
0.062036,-0.17934
0.06204,-0.11223999999999999
0.062044,0.08174
0.062048,0.01464
0.062052,0.07076
0.062056,0.04392
0.06206,-0.0549
0.062064,-0.14274
0.062068,-0.012199999999999999
0.062072,0.017079999999999998
0.062076,-0.11712
0.06208,-0.09028
0.062084,0.01342
0.062088,-0.0060999999999999995
0.062092,-0.06466
0.062096,0.00732
0.0621,-0.04636
0.062104,-0.048799999999999996
0.062108,-0.09516
0.062112,-0.07198
0.062116,0.07198
0.06212,0.01952
0.062124,0.04636
0.062128,0.17324
0.062132,0.10125999999999999
0.062136,-0.06466
0.06214,0.15494
0.062144,-0.23301999999999998
0.062148,0.13785999999999998
0.062152,-0.10003999999999999
0.062156,0.19519999999999998
0.06216,-0.12932
0.062164,-0.03294
0.062168,0.0793
0.062172,-0.08295999999999999
0.062176,0.06344
0.06218,0.10003999999999999
0.062184,-0.13176
0.062188,-0.061
0.062192,-0.03782
0.062196,-0.13907999999999998
0.0622,0.06709999999999999
0.062204,-0.18422
0.062208,-0.03294
0.062212,-0.034159999999999996
0.062216,-0.034159999999999996
0.06222,-0.10858
0.062224,0.03172
0.062228,-0.11345999999999999
0.062232,-0.06709999999999999
0.062236,0.00122
0.06224,0.008539999999999999
0.062244,0.13419999999999999
0.062248,-0.19276
0.062252,-0.02318
0.062256,0.24034
0.06226,0.16591999999999998
0.062264,-0.09272
0.062268,0.15372
0.062272,-0.06466
0.062276,-0.13663999999999998
0.06228,0.18178
0.062284,-0.27327999999999997
0.062288,-0.13541999999999998
0.062292,-0.09881999999999999
0.062296,0.10248
0.0623,-0.11467999999999999
0.062304,-0.00488
0.062308,0.08539999999999999
0.062312,-0.0732
0.062316,-0.122
0.06232,0.12078
0.062324,0.04514
0.062328,-0.11834
0.062332,-0.16591999999999998
0.062336,-0.05978
0.06234,0.11102
0.062344,0.21838
0.062348,0.05856
0.062352,-0.00366
0.062356,-0.02684
0.06236,-0.06953999999999999
0.062364,0.061
0.062368,0.01342
0.062372,0.20496
0.062376,-0.1098
0.06238,-0.17568
0.062384,-0.05124
0.062388,0.11223999999999999
0.062392,0.02318
0.062396,0.0366
0.0624,0.017079999999999998
0.062404,-0.07198
0.062408,-0.04758
0.062412,-0.09272
0.062416,-0.10003999999999999
0.06242,-0.048799999999999996
0.062424,-0.10492
0.062428,0.06588
0.062432,0.23668
0.062436,0.0183
0.06244,0.12932
0.062444,0.05124
0.062448,-0.2135
0.062452,-0.06222
0.062456,-0.050019999999999995
0.06246,-0.09638
0.062464,0.16713999999999998
0.062468,0.07076
0.062472,0.028059999999999998
0.062476,-0.06831999999999999
0.06248,0.02196
0.062484,-0.19885999999999998
0.062488,0.057339999999999995
0.062492,-0.03782
0.062496,-0.048799999999999996
0.0625,0.16104
0.062504,-0.27327999999999997
0.062508,-0.0793
0.062512,0.050019999999999995
0.062516,-0.03538
0.06252,-0.057339999999999995
0.062524,0.057339999999999995
0.062528,0.13907999999999998
0.062532,-0.01098
0.062536,0.10248
0.06254,0.10248
0.062544,0.01342
0.062548,-0.12932
0.062552,-0.00122
0.062556,0.09394
0.06256,-0.2135
0.062564,-0.06222
0.062568,-0.06588
0.062572,-0.13176
0.062576,-0.02684
0.06258,0.12932
0.062584,-0.11223999999999999
0.062588,-0.06466
0.062592,0.11223999999999999
0.062596,0.14274
0.0626,-0.042699999999999995
0.062604,0.024399999999999998
0.062608,-0.00488
0.062612,0.05978
0.062616,0.024399999999999998
0.06262,-0.10003999999999999
0.062624,-0.2074
0.062628,0.25742
0.062632,0.11223999999999999
0.062636,0.00244
0.06264,-0.21472
0.062644,0.07442
0.062648,0.06831999999999999
0.062652,0.09638
0.062656,-0.17812
0.06266,-0.09394
0.062664,0.008539999999999999
0.062668,-0.14884
0.062672,0.00488
0.062676,0.06222
0.06268,-0.01342
0.062684,-0.13054
0.062688,-0.0366
0.062692,-0.07198
0.062696,0.02196
0.0627,0.02196
0.062704,0.07686
0.062708,0.06588
0.062712,0.09394
0.062716,-0.14396
0.06272,-0.10125999999999999
0.062724,0.00244
0.062728,-0.09272
0.062732,0.06222
0.062736,-0.23546
0.06274,-0.03538
0.062744,0.01098
0.062748,-0.00122
0.062752,-0.00244
0.062756,-0.31354
0.06276,0.13785999999999998
0.062764,0.12078
0.062768,-0.05246
0.062772,0.03294
0.062776,0.06831999999999999
0.06278,0.19641999999999998
0.062784,-0.19276
0.062788,0.0060999999999999995
0.062792,0.057339999999999995
0.062796,0.00244
0.0628,-0.09759999999999999
0.062804,0.042699999999999995
0.062808,-0.06466
0.062812,-0.00732
0.062816,0.0549
0.06282,-0.0366
0.062824,-0.07198
0.062828,0.00122
0.062832,0.16104
0.062836,-0.034159999999999996
0.06284,-0.12322
0.062844,-0.07808
0.062848,0.3172
0.062852,0.01098
0.062856,0.08539999999999999
0.06286,-0.0793
0.062864,0.00488
0.062868,-0.041479999999999996
0.062872,-0.1525
0.062876,0.012199999999999999
0.06288,0.0
0.062884,-0.056119999999999996
0.062888,0.041479999999999996
0.062892,-0.057339999999999995
0.062896,0.1098
0.0629,0.02562
0.062904,0.03538
0.062908,0.06953999999999999
0.062912,-0.05124
0.062916,0.06344
0.06292,-0.07564
0.062924,0.0732
0.062928,0.09394
0.062932,-0.17812
0.062936,-0.07076
0.06294,0.06222
0.062944,-0.08539999999999999
0.062948,0.03904
0.062952,0.03172
0.062956,-0.10858
0.06296,0.00244
0.062964,0.06709999999999999
0.062968,0.19885999999999998
0.062972,-0.16957999999999998
0.062976,0.13176
0.06298,-0.11956
0.062984,-0.00732
0.062988,0.16104
0.062992,-0.09394
0.062996,0.06466
0.063,-0.028059999999999998
0.063004,-0.15738
0.063008,0.012199999999999999
0.063012,0.22447999999999999
0.063016,-0.012199999999999999
0.06302,0.05368
0.063024,0.1098
0.063028,-0.09759999999999999
0.063032,0.04758
0.063036,-0.050019999999999995
0.06304,-0.13663999999999998
0.063044,0.20251999999999998
0.063048,-0.05124
0.063052,0.19032
0.063056,0.06466
0.06306,-0.034159999999999996
0.063064,0.14518
0.063068,0.22935999999999998
0.063072,-0.06222
0.063076,-0.01342
0.06308,0.23546
0.063084,-0.20129999999999998
0.063088,0.07076
0.063092,0.24034
0.063096,0.00244
0.0631,0.32208
0.063104,-0.11345999999999999
0.063108,-0.00488
0.063112,-0.14029999999999998
0.063116,0.00976
0.06312,0.008539999999999999
0.063124,-0.09881999999999999
0.063128,-0.08174
0.063132,0.10125999999999999
0.063136,-0.07442
0.06314,-0.05978
0.063144,-0.11589999999999999
0.063148,0.07686
0.063152,-0.024399999999999998
0.063156,0.17079999999999998
0.06316,-0.22935999999999998
0.063164,-0.05368
0.063168,-0.04636
0.063172,0.05368
0.063176,-0.008539999999999999
0.06318,-0.00244
0.063184,-0.08417999999999999
0.063188,-0.08539999999999999
0.063192,-0.05978
0.063196,-0.04514
0.0632,0.07198
0.063204,-0.19885999999999998
0.063208,0.11956
0.063212,-0.20374
0.063216,-0.04392
0.06322,0.07442
0.063224,0.0549
0.063228,0.024399999999999998
0.063232,-0.11102
0.063236,0.06588
0.06324,0.2501
0.063244,0.10858
0.063248,-0.1098
0.063252,0.08784
0.063256,-0.008539999999999999
0.06326,-0.15494
0.063264,0.05368
0.063268,-0.22082
0.063272,0.041479999999999996
0.063276,0.041479999999999996
0.06328,0.0183
0.063284,0.04026
0.063288,0.07564
0.063292,-0.04636
0.063296,-0.01342
0.0633,-0.01342
0.063304,0.04514
0.063308,0.21228
0.063312,0.01952
0.063316,-0.03294
0.06332,-0.10736
0.063324,-0.1525
0.063328,-0.012199999999999999
0.063332,-0.04026
0.063336,-0.00732
0.06334,0.11102
0.063344,-0.25376
0.063348,0.01952
0.063352,-0.05124
0.063356,0.1037
0.06336,0.15372
0.063364,-0.18788
0.063368,-0.07686
0.063372,0.22691999999999998
0.063376,0.01342
0.06338,-0.01098
0.063384,-0.12322
0.063388,-0.1525
0.063392,0.13785999999999998
0.063396,0.008539999999999999
0.0634,-0.09272
0.063404,-0.03294
0.063408,0.06588
0.063412,-0.17079999999999998
0.063416,0.07442
0.06342,0.17324
0.063424,0.10125999999999999
0.063428,-0.14396
0.063432,-0.01098
0.063436,-0.07198
0.06344,0.24644
0.063444,-0.041479999999999996
0.063448,0.01952
0.063452,0.0549
0.063456,-0.020739999999999998
0.06346,-0.13298
0.063464,0.08295999999999999
0.063468,-0.041479999999999996
0.063472,-0.03782
0.063476,-0.02684
0.06348,0.13541999999999998
0.063484,-0.02562
0.063488,0.10003999999999999
0.063492,-0.00732
0.063496,0.04636
0.0635,-0.01342
0.063504,0.0793
0.063508,0.12566
0.063512,-0.02684
0.063516,-0.0305
0.06352,-0.10614
0.063524,-0.07442
0.063528,-0.08174
0.063532,0.10858
0.063536,-0.05368
0.06354,-0.02684
0.063544,-0.06466
0.063548,0.03904
0.063552,0.10003999999999999
0.063556,0.10125999999999999
0.06356,0.08662
0.063564,-0.020739999999999998
0.063568,0.15494
0.063572,0.05124
0.063576,0.06831999999999999
0.06358,-0.02196
0.063584,0.10858
0.063588,0.07198
0.063592,-0.041479999999999996
0.063596,-0.23301999999999998
0.0636,-0.02318
0.063604,0.10736
0.063608,0.12444
0.063612,-0.0549
0.063616,0.11712
0.06362,-0.00976
0.063624,0.14029999999999998
0.063628,0.10003999999999999
0.063632,0.02196
0.063636,0.06831999999999999
0.06364,0.01342
0.063644,0.17812
0.063648,0.06953999999999999
0.063652,-0.14762
0.063656,-0.08662
0.06366,-0.18788
0.063664,-0.1098
0.063668,-0.06831999999999999
0.063672,-0.02684
0.063676,0.048799999999999996
0.06368,0.00488
0.063684,0.07076
0.063688,0.00976
0.063692,0.08784
0.063696,0.14029999999999998
0.0637,0.03538
0.063704,0.13663999999999998
0.063708,0.12932
0.063712,0.16469999999999999
0.063716,0.09759999999999999
0.06372,0.13785999999999998
0.063724,0.13176
0.063728,0.041479999999999996
0.063732,-0.05856
0.063736,-0.10492
0.06374,-0.03294
0.063744,-0.01586
0.063748,-0.16348
0.063752,-0.19641999999999998
0.063756,-0.20374
0.06376,-0.20618
0.063764,-0.11467999999999999
0.063768,-0.05856
0.063772,-0.05124
0.063776,0.00244
0.06378,0.18056
0.063784,0.08295999999999999
0.063788,0.14762
0.063792,0.050019999999999995
0.063796,0.1281
0.0638,0.19641999999999998
0.063804,0.09394
0.063808,0.33793999999999996
0.063812,0.16957999999999998
0.063816,0.22447999999999999
0.06382,0.23668
0.063824,0.29036
0.063828,0.29524
0.063832,0.35258
0.063836,0.305
0.06384,0.35258
0.063844,0.27083999999999997
0.063848,0.13176
0.063852,0.06953999999999999
0.063856,-0.16348
0.06386,-0.24156
0.063864,-0.31964
0.063868,-0.44164
0.063872,-0.5563199999999999
0.063876,-0.53314
0.06388,-0.53436
0.063884,-0.44164
0.063888,-0.64294
0.063892,-0.72346
0.063896,-0.50386
0.0639,-1.1114199999999999
0.063904,-0.49654
0.063908,-0.16469999999999999
0.063912,0.0549
0.063916,0.02928
0.06392,0.47214
0.063924,0.40992
0.063928,0.48068
0.063932,0.6819799999999999
0.063936,0.5514399999999999
0.06394,0.5563199999999999
0.063944,0.50386
0.063948,0.8296
0.063952,0.98332
0.063956,0.98942
0.06396,1.02358
0.063964,1.0967799999999999
0.063968,1.21146
0.063972,1.21878
0.063976,1.1028799999999999
0.06398,0.9516
0.063984,0.60756
0.063988,0.37088
0.063992,0.11589999999999999
0.063996,0.27205999999999997
0.064,0.244
0.064004,0.05368
0.064008,-0.32574
0.064012,-0.60634
0.064016,-0.43554
0.06402,-0.57218
0.064024,-0.32086
0.064028,-0.0915
0.064032,-0.17446
0.064036,-0.31354
0.06404,0.11223999999999999
0.064044,0.048799999999999996
0.064048,-0.13785999999999998
0.064052,0.00976
0.064056,-0.49288
0.06406,-0.59902
0.064064,-0.81496
0.064068,-0.61976
0.064072,-0.01098
0.064076,0.10858
0.06408,0.65026
0.064084,1.21634
0.064088,1.54574
0.064092,1.68116
0.064096,2.49734
0.0641,2.36924
0.064104,0.7832399999999999
0.064108,-0.13663999999999998
0.064112,1.77388
0.064116,0.3599
0.06412,-0.07442
0.064124,1.05896
0.064128,-0.050019999999999995
0.064132,2.27652
0.064136,-2.49856
0.06414,2.49734
0.064144,-2.49856
0.064148,-2.49856
0.064152,2.49734
0.064156,2.49734
0.06416,2.27408
0.064164,2.49734
0.064168,2.11182
0.064172,-0.16957999999999998
0.064176,1.06994
0.06418,1.17608
0.064184,-2.49856
0.064188,-0.52094
0.064192,-0.04392
0.064196,0.9882
0.0642,1.3590799999999998
0.064204,2.49734
0.064208,0.05246
0.064212,2.07522
0.064216,0.11345999999999999
0.06422,1.03456
0.064224,0.95282
0.064228,0.427
0.064232,1.06994
0.064236,0.45139999999999997
0.06424,0.76128
0.064244,0.15982
0.064248,0.23668
0.064252,0.22447999999999999
0.064256,1.04066
0.06426,0.58438
0.064264,-0.1769
0.064268,0.4758
0.064272,0.52338
0.064276,-0.30988
0.06428,0.98332
0.064284,-0.06953999999999999
0.064288,0.99064
0.064292,0.5599799999999999
0.064296,0.21228
0.0643,-0.24644
0.064304,0.08052
0.064308,0.16469999999999999
0.064312,0.51606
0.064316,-0.26596
0.06432,0.9174399999999999
0.064324,0.3111
0.064328,0.244
0.064332,-0.01098
0.064336,1.3151599999999999
0.06434,0.7856799999999999
0.064344,0.21594
0.064348,0.8979199999999999
0.064352,0.75152
0.064356,0.26839999999999997
0.06436,0.38674
0.064364,0.34526
0.064368,0.3538
0.064372,0.37698
0.064376,0.31598
0.06438,0.3477
0.064384,0.46237999999999996
0.064388,0.47824
0.064392,0.50874
0.064396,0.56852
0.0644,0.47336
0.064404,0.41236
0.064408,0.26839999999999997
0.064412,0.12566
0.064416,0.27327999999999997
0.06442,0.18666
0.064424,0.20496
0.064428,-0.24888
0.064432,-0.45261999999999997
0.064436,-0.0732
0.06444,0.32208
0.064444,0.6795399999999999
0.064448,-0.65026
0.064452,2.49734
0.064456,1.29808
0.06446,0.63318
0.064464,0.20129999999999998
0.064468,0.7137
0.064472,0.3111
0.064476,0.15982
0.06448,0.31476
0.064484,0.32696
0.064488,0.43188
0.064492,0.30866
0.064496,0.27815999999999996
0.0645,0.26718
0.064504,0.20129999999999998
0.064508,0.19641999999999998
0.064512,0.29768
0.064516,0.34159999999999996
0.06452,0.31964
0.064524,0.22447999999999999
0.064528,0.16957999999999998
0.064532,0.15982
0.064536,0.08906
0.06454,0.2379
0.064544,0.47946
0.064548,0.6405
0.064552,0.6770999999999999
0.064556,0.6575799999999999
0.06456,0.7844599999999999
0.064564,0.8076399999999999
0.064568,0.73322
0.064572,0.3782
0.064576,0.75274
0.06458,0.72712
0.064584,0.50386
0.064588,0.30622
0.064592,0.24766
0.064596,0.26839999999999997
0.0646,0.2379
0.064604,0.28426
0.064608,0.31354
0.064612,0.2501
0.064616,0.15982
0.06462,0.17568
0.064624,0.13176
0.064628,0.10125999999999999
0.064632,0.14029999999999998
0.064636,0.13298
0.06464,0.13541999999999998
0.064644,0.21594
0.064648,0.20984
0.064652,0.20618
0.064656,0.24888
0.06466,0.26474
0.064664,0.34037999999999996
0.064668,0.32696
0.064672,0.36234
0.064676,0.3477
0.06468,0.33183999999999997
0.064684,0.41724
0.064688,0.32086
0.064692,0.38674
0.064696,0.44652
0.0647,0.39527999999999996
0.064704,0.37454
0.064708,0.37332
0.064712,0.35624
0.064716,0.35136
0.06472,0.35868
0.064724,0.38917999999999997
0.064728,0.39405999999999997
0.064732,0.39527999999999996
0.064736,0.3599
0.06474,0.32939999999999997
0.064744,0.40381999999999996
0.064748,0.33549999999999996
0.064752,0.26352
0.064756,0.29646
0.06476,0.15982
0.064764,0.32939999999999997
0.064768,0.58072
0.064772,0.59902
0.064776,0.5441199999999999
0.06478,0.32696
0.064784,-0.13054
0.064788,0.06953999999999999
0.064792,-0.39283999999999997
0.064796,-2.49368
0.0648,0.17934
0.064804,1.38714
0.064808,2.49734
0.064812,0.31476
0.064816,-0.12322
0.06482,0.73932
0.064824,1.1199599999999998
0.064828,0.5392399999999999
0.064832,0.51606
0.064836,0.9235399999999999
0.06484,0.72468
0.064844,0.43676
0.064848,0.63806
0.064852,0.50752
0.064856,0.8966999999999999
0.06486,1.0004
0.064864,0.71736
0.064868,0.8174
0.064872,0.81252
0.064876,0.7807999999999999
0.06488,0.5734
0.064884,0.6758799999999999
0.064888,0.60146
0.064892,0.69784
0.064896,0.71492
0.0649,0.62342
0.064904,0.69906
0.064908,1.00406
0.064912,0.88938
0.064916,0.7844599999999999
0.06492,0.7893399999999999
0.064924,0.83082
0.064928,0.64782
0.064932,0.58804
0.064936,0.37088
0.06494,0.63196
0.064944,0.59536
0.064948,0.39283999999999997
0.064952,0.2867
0.064956,0.31232
0.06496,0.47214
0.064964,0.10125999999999999
0.064968,0.57828
0.064972,0.35746
0.064976,0.46603999999999995
0.06498,0.49044
0.064984,0.8296
0.064988,0.6039
0.064992,0.56486
0.064996,0.41114
0.065,0.49288
0.065004,0.49166
0.065008,0.5673
0.065012,0.48678
0.065016,0.49288
0.06502,0.5246
0.065024,0.5380199999999999
0.065028,0.5404599999999999
0.065032,0.5489999999999999
0.065036,0.44895999999999997
0.06504,0.47092
0.065044,0.47214
0.065048,0.5526599999999999
0.065052,0.5441199999999999
0.065056,0.45139999999999997
0.06506,0.4331
0.065064,0.41602
0.065068,0.44652
0.065072,0.4087
0.065076,0.40626
0.06508,0.45749999999999996
0.065084,0.42334
0.065088,0.33427999999999997
0.065092,0.33671999999999996
0.065096,0.30378
0.0651,0.35868
0.065104,0.26474
0.065108,0.30256
0.065112,0.33671999999999996
0.065116,0.33793999999999996
0.06512,0.52826
0.065124,0.7198
0.065128,0.854
0.065132,0.58194
0.065136,0.72468
0.06514,-0.64172
0.065144,-1.769
0.065148,-0.82472
0.065152,0.41846
0.065156,0.017079999999999998
0.06516,0.10125999999999999
0.065164,0.61732
0.065168,0.43554
0.065172,0.7564
0.065176,0.72956
0.06518,0.5246
0.065184,0.1525
0.065188,0.22447999999999999
0.065192,0.53436
0.065196,0.61366
0.0652,0.5124
0.065204,0.5514399999999999
0.065208,0.65392
0.065212,0.72102
0.065216,0.6734399999999999
0.06522,0.69174
0.065224,0.83936
0.065228,0.6575799999999999
0.065232,0.59048
0.065236,0.51728
0.06524,0.65392
0.065244,0.51362
0.065248,0.5587599999999999
0.065252,0.52948
0.065256,0.51728
0.06526,0.5917
0.065264,0.57096
0.065268,0.5587599999999999
0.065272,0.50508
0.065276,0.61488
0.06528,0.488
0.065284,0.39405999999999997
0.065288,0.3721
0.065292,0.45505999999999996
0.065296,0.6563599999999999
0.0653,0.51484
0.065304,0.42944
0.065308,0.427
0.065312,0.43188
0.065316,0.40137999999999996
0.06532,0.35014
0.065324,0.38917999999999997
0.065328,0.49898
0.065332,0.63928
0.065336,0.38917999999999997
0.06534,0.41602
0.065344,0.28059999999999996
0.065348,0.28792
0.065352,0.50874
0.065356,0.47824
0.06536,0.3599
0.065364,0.48678
0.065368,0.39527999999999996
0.065372,0.43432
0.065376,0.42822
0.06538,0.39283999999999997
0.065384,0.24644
0.065388,0.47946
0.065392,0.61122
0.065396,0.60268
0.0654,0.42334
0.065404,0.3599
0.065408,0.3111
0.065412,0.37576
0.065416,0.305
0.06542,0.34404
0.065424,0.38917999999999997
0.065428,0.41358
0.065432,0.38308
0.065436,0.11102
0.06544,0.58438
0.065444,0.4209
0.065448,0.29402
0.065452,0.31232
0.065456,0.3721
0.06546,0.14396
0.065464,0.39649999999999996
0.065468,0.122
0.065472,0.19154
0.065476,0.21106
0.06548,0.1525
0.065484,0.23057999999999998
0.065488,0.30988
0.065492,0.30134
0.065496,0.36722
0.0655,0.26474
0.065504,0.31598
0.065508,0.32086
0.065512,0.32452
0.065516,0.33305999999999997
0.06552,0.26839999999999997
0.065524,0.15616
0.065528,0.15494
0.065532,0.22082
0.065536,0.28304
0.06554,0.2074
0.065544,0.30988
0.065548,0.29524
0.065552,0.2379
0.065556,0.27937999999999996
0.06556,0.31964
0.065564,0.25376
0.065568,0.25986
0.065572,0.21594
0.065576,0.22813999999999998
0.06558,0.23546
0.065584,0.22569999999999998
0.065588,0.24156
0.065592,0.26108
0.065596,0.27327999999999997
0.0656,0.22447999999999999
0.065604,0.19763999999999998
0.065608,0.13054
0.065612,0.17202
0.065616,0.21594
0.06562,0.11102
0.065624,0.16835999999999998
0.065628,0.1586
0.065632,0.16835999999999998
0.065636,0.16104
0.06564,0.15982
0.065644,0.15738
0.065648,0.13054
0.065652,0.14762
0.065656,0.13419999999999999
0.06566,0.11712
0.065664,0.11589999999999999
0.065668,0.1281
0.065672,0.11223999999999999
0.065676,0.09759999999999999
0.06568,0.09028
0.065684,0.07564
0.065688,0.07198
0.065692,0.07076
0.065696,0.07076
0.0657,0.06709999999999999
0.065704,0.05978
0.065708,0.05978
0.065712,0.05978
0.065716,0.05246
0.06572,0.050019999999999995
0.065724,0.048799999999999996
0.065728,0.03904
0.065732,0.04026
0.065736,0.04026
0.06574,0.042699999999999995
0.065744,0.03904
0.065748,0.0366
0.065752,0.03904
0.065756,0.03172
0.06576,0.0305
0.065764,0.0305
0.065768,0.02928
0.065772,0.02928
0.065776,0.028059999999999998
0.06578,0.024399999999999998
0.065784,0.024399999999999998
0.065788,0.02318
0.065792,0.02196
0.065796,0.020739999999999998
0.0658,0.020739999999999998
0.065804,0.02196
0.065808,0.0183
0.065812,0.01952
0.065816,0.01952
0.06582,0.0183
0.065824,0.017079999999999998
0.065828,0.017079999999999998
0.065832,0.01586
0.065836,0.012199999999999999
0.06584,0.01098
0.065844,0.01098
0.065848,0.012199999999999999
0.065852,0.01464
0.065856,0.01098
0.06586,0.012199999999999999
0.065864,0.01098
0.065868,0.01098
0.065872,0.01098
0.065876,0.01098
0.06588,0.01098
0.065884,0.00976
0.065888,0.00976
0.065892,0.01098
0.065896,0.01098
0.0659,0.00976
0.065904,0.00976
0.065908,0.00732
0.065912,0.00732
0.065916,0.0060999999999999995
0.06592,0.0060999999999999995
0.065924,0.008539999999999999
0.065928,0.00732
0.065932,0.0060999999999999995
0.065936,0.00732
0.06594,0.00732
0.065944,0.00732
0.065948,0.008539999999999999
0.065952,0.008539999999999999
0.065956,0.00732
0.06596,0.00732
0.065964,0.008539999999999999
0.065968,0.00732
0.065972,0.00732
0.065976,0.00732
0.06598,0.0060999999999999995
0.065984,0.0060999999999999995
0.065988,0.0060999999999999995
0.065992,0.0060999999999999995
0.065996,0.0060999999999999995
0.066,0.00488
0.066004,0.00366
0.066008,0.00366
0.066012,0.00366
0.066016,0.00366
0.06602,0.00366
0.066024,0.00244
0.066028,0.00366
0.066032,0.00366
0.066036,0.00366
0.06604,0.00366
0.066044,0.00244
0.066048,0.00244
0.066052,0.00366
0.066056,0.00366
0.06606,0.00366
0.066064,0.00244
0.066068,0.00366
0.066072,0.00244
0.066076,0.00244
0.06608,0.00244
0.066084,0.00122
0.066088,0.00122
0.066092,0.00122
0.066096,0.0
0.0661,0.0
0.066104,0.0
0.066108,0.0
0.066112,0.00122
0.066116,0.00366
0.06612,0.00244
0.066124,0.00244
0.066128,0.00122
0.066132,0.00244
0.066136,0.00244
0.06614,0.00244
0.066144,0.00122
0.066148,0.00244
0.066152,0.00122
0.066156,0.00244
0.06616,0.0
0.066164,0.00244
0.066168,0.00122
0.066172,0.00122
0.066176,0.00244
0.06618,0.00122
0.066184,0.00122
0.066188,0.00122
0.066192,0.00122
0.066196,0.0
0.0662,0.00122
0.066204,0.00122
0.066208,0.00244
0.066212,0.00122
0.066216,0.0
0.06622,0.00122
0.066224,0.0
0.066228,0.0
0.066232,0.00122
0.066236,0.0
0.06624,0.00122
0.066244,0.00122
0.066248,0.0
0.066252,0.0
0.066256,-0.00122
0.06626,-0.00122
0.066264,-0.00122
0.066268,-0.00122
0.066272,-0.00122
0.066276,-0.00122
0.06628,-0.00122
0.066284,0.0
0.066288,0.0
0.066292,-0.00122
0.066296,-0.00122
0.0663,-0.00122
0.066304,-0.00122
0.066308,-0.00122
0.066312,0.0
0.066316,0.00122
0.06632,0.0
0.066324,0.00122
0.066328,0.0
0.066332,0.0
0.066336,0.0
0.06634,0.0
0.066344,-0.00122
0.066348,-0.00122
0.066352,-0.00122
0.066356,-0.00122
0.06636,-0.00122
0.066364,-0.00122
0.066368,-0.00244
0.066372,-0.00122
0.066376,-0.00122
0.06638,-0.00122
0.066384,-0.00122
0.066388,-0.00122
0.066392,-0.00122
0.066396,-0.00122
0.0664,0.0
0.066404,-0.00122
0.066408,-0.00122
0.066412,-0.00122
0.066416,-0.00122
0.06642,-0.00122
0.066424,-0.00122
0.066428,-0.00122
0.066432,-0.00122
0.066436,-0.00122
0.06644,-0.00244
0.066444,-0.00244
0.066448,-0.00244
0.066452,-0.00122
0.066456,-0.00122
0.06646,0.0
0.066464,-0.00122
0.066468,-0.00122
0.066472,-0.00122
0.066476,-0.00122
0.06648,-0.00122
0.066484,-0.00122
0.066488,-0.00122
0.066492,-0.00122
0.066496,-0.00122
0.0665,-0.00122
0.066504,-0.00122
0.066508,-0.00122
0.066512,-0.00122
0.066516,-0.00244
0.06652,-0.00122
0.066524,-0.00122
0.066528,-0.00122
0.066532,-0.00122
0.066536,-0.00122
0.06654,-0.00122
0.066544,-0.00244
0.066548,-0.00244
0.066552,-0.00244
0.066556,-0.00244
0.06656,-0.00244
0.066564,-0.00244
0.066568,-0.00244
0.066572,-0.00244
0.066576,-0.00244
0.06658,-0.00244
0.066584,-0.00122
0.066588,-0.00244
0.066592,-0.00122
0.066596,-0.00244
0.0666,-0.00122
0.066604,-0.00122
0.066608,-0.00122
0.066612,-0.00244
0.066616,-0.00122
0.06662,-0.00122
0.066624,-0.00122
0.066628,-0.00122
0.066632,-0.00122
0.066636,-0.00244
0.06664,-0.00366
0.066644,-0.00244
0.066648,-0.00244
0.066652,-0.00244
0.066656,-0.00244
0.06666,-0.00244
0.066664,-0.00244
0.066668,-0.00366
0.066672,-0.00244
0.066676,-0.00244
0.06668,-0.00244
0.066684,-0.00244
0.066688,-0.00244
0.066692,-0.00244
0.066696,-0.00122
0.0667,-0.00122
0.066704,-0.00122
0.066708,-0.00244
0.066712,-0.00122
0.066716,-0.00122
0.06672,-0.00122
0.066724,-0.00122
0.066728,-0.00244
0.066732,-0.00244
0.066736,-0.00244
0.06674,-0.00244
0.066744,-0.00244
0.066748,-0.00244
0.066752,-0.00244
0.066756,-0.00366
0.06676,-0.00366
0.066764,-0.00366
0.066768,-0.00244
0.066772,-0.00244
0.066776,-0.00244
0.06678,-0.00366
0.066784,-0.00244
0.066788,-0.00244
0.066792,-0.00244
0.066796,-0.00244
0.0668,-0.00122
0.066804,-0.00244
0.066808,-0.00122
0.066812,-0.00122
0.066816,-0.00122
0.06682,-0.00122
0.066824,-0.00122
0.066828,-0.00122
0.066832,-0.00122
0.066836,-0.00244
0.06684,-0.00366
0.066844,-0.00244
0.066848,-0.00244
0.066852,-0.00122
0.066856,-0.00244
0.06686,-0.00244
0.066864,-0.00122
0.066868,-0.00122
0.066872,-0.00244
0.066876,-0.00122
0.06688,-0.00244
0.066884,-0.00122
0.066888,-0.00244
0.066892,-0.00122
0.066896,-0.00122
0.0669,-0.00122
0.066904,-0.00122
0.066908,-0.00122
0.066912,-0.00122
0.066916,-0.00122
0.06692,-0.00122
0.066924,-0.00122
0.066928,-0.00122
0.066932,-0.00122
0.066936,-0.00122
0.06694,-0.00122
0.066944,-0.00122
0.066948,-0.00122
0.066952,-0.00122
0.066956,-0.00122
0.06696,-0.00122
0.066964,-0.00122
0.066968,-0.00122
0.066972,-0.00122
0.066976,-0.00122
0.06698,0.0
0.066984,0.0
0.066988,0.0
0.066992,0.0
0.066996,0.0
0.067,0.0
0.067004,0.0
0.067008,0.00122
0.067012,0.0
0.067016,-0.00122
0.06702,-0.00122
0.067024,-0.00122
0.067028,-0.00122
0.067032,-0.00122
0.067036,-0.00122
0.06704,-0.00122
0.067044,-0.00122
0.067048,-0.00122
0.067052,-0.00122
0.067056,0.0
0.06706,-0.00122
0.067064,0.0
0.067068,0.0
0.067072,-0.00122
0.067076,0.0
0.06708,0.0
0.067084,0.0
0.067088,0.00122
0.067092,0.0
0.067096,0.0
0.0671,0.0
0.067104,0.0
0.067108,0.00122
0.067112,0.0
0.067116,0.00122
0.06712,0.0
0.067124,0.00122
0.067128,0.0
0.067132,0.00122
0.067136,0.00122
0.06714,0.0
0.067144,0.00122
0.067148,0.0
0.067152,0.0
0.067156,0.00122
0.06716,0.00122
0.067164,0.00122
0.067168,0.0
0.067172,0.0
0.067176,0.00122
0.06718,0.0
0.067184,0.0
0.067188,0.00122
0.067192,0.00122
0.067196,0.0
0.0672,0.00122
0.067204,0.0
0.067208,0.0
0.067212,0.00122
0.067216,0.00122
0.06722,0.00122
0.067224,0.00122
0.067228,0.00122
0.067232,0.00122
0.067236,0.00122
0.06724,0.00122
0.067244,0.00122
0.067248,0.00122
0.067252,0.00122
0.067256,0.00122
0.06726,0.00122
0.067264,0.00122
0.067268,0.00122
0.067272,0.00122
0.067276,0.00122
0.06728,0.00122
0.067284,0.00122
0.067288,0.00122
0.067292,0.00122
0.067296,0.00122
0.0673,0.00244
0.067304,0.00122
0.067308,0.00122
0.067312,0.00244
0.067316,0.00122
0.06732,0.00122
0.067324,0.00122
0.067328,0.00122
0.067332,0.00244
0.067336,0.00122
0.06734,0.00122
0.067344,0.00244
0.067348,0.00122
0.067352,0.00122
0.067356,0.00244
0.06736,0.00122
0.067364,0.00244
0.067368,0.00122
0.067372,0.00122
0.067376,0.00122
0.06738,0.00122
0.067384,0.00244
0.067388,0.00122
0.067392,0.00122
0.067396,0.00122
0.0674,0.00122
0.067404,0.00122
0.067408,0.00122
0.067412,0.00244
0.067416,0.00122
0.06742,0.00244
0.067424,0.00122
0.067428,0.00122
0.067432,0.00244
0.067436,0.00122
0.06744,0.00122
0.067444,0.00122
0.067448,0.00244
0.067452,0.00122
0.067456,0.00244
0.06746,0.00122
0.067464,0.00244
0.067468,0.00244
0.067472,0.00122
0.067476,0.00244
0.06748,0.00122
0.067484,0.00122
0.067488,0.00244
0.067492,0.00244
0.067496,0.00122
0.0675,0.00244
0.067504,0.00244
0.067508,0.00244
0.067512,0.00244
0.067516,0.00244
0.06752,0.00244
0.067524,0.00244
0.067528,0.00244
0.067532,0.00244
0.067536,0.00244
0.06754,0.00122
0.067544,0.00244
0.067548,0.00244
0.067552,0.00244
0.067556,0.00244
0.06756,0.00244
0.067564,0.00122
0.067568,0.00122
0.067572,0.00244
0.067576,0.00244
0.06758,0.00122
0.067584,0.00122
0.067588,0.00244
0.067592,0.00122
0.067596,0.00244
0.0676,0.00244
0.067604,0.00122
0.067608,0.00122
0.067612,0.00122
0.067616,0.00244
0.06762,0.00244
0.067624,0.00244
0.067628,0.00122
0.067632,0.00244
0.067636,0.00122
0.06764,0.00244
0.067644,0.00244
0.067648,0.00122
0.067652,0.00244
0.067656,0.00122
0.06766,0.00244
0.067664,0.00122
0.067668,0.00244
0.067672,0.00244
0.067676,0.00244
0.06768,0.00122
0.067684,0.00244
0.067688,0.00122
0.067692,0.00122
0.067696,0.00244
0.0677,0.00244
0.067704,0.00244
0.067708,0.00244
0.067712,0.00122
0.067716,0.00244
0.06772,0.00244
0.067724,0.00244
0.067728,0.00122
0.067732,0.00244
0.067736,0.00122
0.06774,0.00122
0.067744,0.00122
0.067748,0.00122
0.067752,0.00122
0.067756,0.00122
0.06776,0.00122
0.067764,0.00122
0.067768,0.00122
0.067772,0.00122
0.067776,0.00122
0.06778,0.00244
0.067784,0.00244
0.067788,0.00244
0.067792,0.00244
0.067796,0.00122
0.0678,0.00122
0.067804,0.00244
0.067808,0.00122
0.067812,0.00122
0.067816,0.00122
0.06782,0.00122
0.067824,0.00122
0.067828,0.00122
0.067832,0.0
0.067836,0.0
0.06784,0.0
0.067844,0.0
0.067848,0.00122
0.067852,0.00122
0.067856,0.0
0.06786,0.00122
0.067864,0.0
0.067868,0.00122
0.067872,0.0
0.067876,0.00122
0.06788,0.0
0.067884,0.0
0.067888,0.0
0.067892,0.0
0.067896,0.0
0.0679,0.0
0.067904,0.0
0.067908,0.0
0.067912,0.00122
0.067916,0.00122
0.06792,0.00122
0.067924,0.00122
0.067928,0.0
0.067932,0.0
0.067936,0.0
0.06794,0.00122
0.067944,0.0
0.067948,0.0
0.067952,0.00122
0.067956,0.0
0.06796,0.00122
0.067964,0.0
0.067968,0.00122
0.067972,0.00122
0.067976,0.0
0.06798,0.0
0.067984,-0.00122
0.067988,0.00122
0.067992,0.0
0.067996,0.00122
0.068,0.0
0.068004,0.0
0.068008,0.0
0.068012,0.0
0.068016,0.0
0.06802,0.00122
0.068024,0.0
0.068028,0.0
0.068032,0.0
0.068036,0.00122
0.06804,0.0
0.068044,0.0
0.068048,0.0
0.068052,0.0
0.068056,0.0
0.06806,0.0
0.068064,0.00122
0.068068,0.0
0.068072,0.0
0.068076,0.0
0.06808,0.0
0.068084,0.0
0.068088,0.0
0.068092,-0.00122
0.068096,0.0
0.0681,0.0
0.068104,0.0
0.068108,-0.00122
0.068112,0.0
0.068116,-0.00122
0.06812,0.0
0.068124,0.0
0.068128,0.0
0.068132,0.0
0.068136,0.0
0.06814,-0.00122
0.068144,-0.00122
0.068148,-0.00122
0.068152,-0.00122
0.068156,0.0
0.06816,-0.00122
0.068164,-0.00122
0.068168,0.0
0.068172,0.0
0.068176,0.0
0.06818,0.0
0.068184,-0.00122
0.068188,0.0
0.068192,0.0
0.068196,0.0
0.0682,0.0
0.068204,-0.00122
0.068208,-0.00122
0.068212,0.0
0.068216,0.0
0.06822,-0.00122
0.068224,-0.00122
0.068228,-0.00122
0.068232,-0.00122
0.068236,0.0
0.06824,-0.00122
0.068244,-0.00122
0.068248,-0.00122
0.068252,-0.00122
0.068256,-0.00122
0.06826,-0.00122
0.068264,-0.00122
0.068268,-0.00122
0.068272,-0.00122
0.068276,-0.00122
0.06828,-0.00122
0.068284,-0.00122
0.068288,-0.00122
0.068292,-0.00122
0.068296,-0.00122
0.0683,-0.00122
0.068304,-0.00122
0.068308,-0.00122
0.068312,-0.00122
0.068316,-0.00122
0.06832,-0.00122
0.068324,0.0
0.068328,-0.00122
0.068332,-0.00122
0.068336,-0.00122
0.06834,-0.00122
0.068344,-0.00122
0.068348,-0.00122
0.068352,-0.00122
0.068356,-0.00122
0.06836,-0.00122
0.068364,-0.00122
0.068368,-0.00122
0.068372,-0.00122
0.068376,-0.00122
0.06838,-0.00122
0.068384,-0.00122
0.068388,-0.00122
0.068392,-0.00122
0.068396,-0.00122
0.0684,-0.00122
0.068404,-0.00122
0.068408,-0.00122
0.068412,-0.00122
0.068416,-0.00122
0.06842,-0.00122
0.068424,-0.00122
0.068428,-0.00122
0.068432,-0.00122
0.068436,-0.00122
0.06844,-0.00122
0.068444,-0.00122
0.068448,-0.00122
0.068452,-0.00122
0.068456,-0.00122
0.06846,-0.00122
0.068464,-0.00122
0.068468,-0.00122
0.068472,-0.00244
0.068476,-0.00122
0.06848,-0.00122
0.068484,-0.00244
0.068488,-0.00122
0.068492,-0.00244
0.068496,-0.00122
0.0685,-0.00244
0.068504,-0.00244
0.068508,-0.00244
0.068512,-0.00244
0.068516,-0.00122
0.06852,-0.00122
0.068524,-0.00244
0.068528,-0.00122
0.068532,-0.00244
0.068536,-0.00244
0.06854,-0.00244
0.068544,-0.00244
0.068548,-0.00122
0.068552,-0.00244
0.068556,-0.00244
0.06856,-0.00244
0.068564,-0.00244
0.068568,-0.00244
0.068572,-0.00244
0.068576,-0.00244
0.06858,-0.00244
0.068584,-0.00244
0.068588,-0.00244
0.068592,-0.00244
0.068596,-0.00244
0.0686,-0.00244
0.068604,-0.00244
0.068608,-0.00122
0.068612,-0.00244
0.068616,-0.00244
0.06862,-0.00366
0.068624,-0.00244
0.068628,-0.00244
0.068632,-0.00244
0.068636,-0.00244
0.06864,-0.00366
0.068644,-0.00244
0.068648,-0.00244
0.068652,-0.00244
0.068656,-0.00366
0.06866,-0.00366
0.068664,-0.00366
0.068668,-0.00366
0.068672,-0.00366
0.068676,-0.00366
0.06868,-0.00366
0.068684,-0.00366
0.068688,-0.00366
0.068692,-0.00366
0.068696,-0.00366
0.0687,-0.00366
0.068704,-0.00366
0.068708,-0.00366
0.068712,-0.00366
0.068716,-0.00366
0.06872,-0.00488
0.068724,-0.00366
0.068728,-0.00366
0.068732,-0.00366
0.068736,-0.00366
0.06874,-0.00366
0.068744,-0.00366
0.068748,-0.00488
0.068752,-0.00366
0.068756,-0.00366
0.06876,-0.00366
0.068764,-0.00366
0.068768,-0.00366
0.068772,-0.00366
0.068776,-0.00366
0.06878,-0.00488
0.068784,-0.00366
0.068788,-0.00366
0.068792,-0.00366
0.068796,-0.00488
0.0688,-0.00366
0.068804,-0.00488
0.068808,-0.00366
0.068812,-0.00488
0.068816,-0.00488
0.06882,-0.00488
0.068824,-0.00366
0.068828,-0.00366
0.068832,-0.00488
0.068836,-0.00488
0.06884,-0.00488
0.068844,-0.00488
0.068848,-0.00488
0.068852,-0.00488
0.068856,-0.00488
0.06886,-0.00488
0.068864,-0.00488
0.068868,-0.00488
0.068872,-0.00488
0.068876,-0.00488
0.06888,-0.00488
0.068884,-0.00488
0.068888,-0.00488
0.068892,-0.00366
0.068896,-0.00488
0.0689,-0.00488
0.068904,-0.00488
0.068908,-0.00488
0.068912,-0.00488
0.068916,-0.00488
0.06892,-0.00488
0.068924,-0.00488
0.068928,-0.00488
0.068932,-0.00488
0.068936,-0.00488
0.06894,-0.00488
0.068944,-0.00488
0.068948,-0.00488
0.068952,-0.00488
0.068956,-0.00488
0.06896,-0.00488
0.068964,-0.00488
0.068968,-0.00488
0.068972,-0.00488
0.068976,-0.00488
0.06898,-0.00488
0.068984,-0.00488
0.068988,-0.0060999999999999995
0.068992,-0.00488
0.068996,-0.0060999999999999995
0.069,-0.00488
0.069004,-0.0060999999999999995
0.069008,-0.00488
0.069012,-0.00488
0.069016,-0.00488
0.06902,-0.00488
0.069024,-0.00488
0.069028,-0.00488
0.069032,-0.00488
0.069036,-0.00488
0.06904,-0.00488
0.069044,-0.00488
0.069048,-0.00488
0.069052,-0.00488
0.069056,-0.00488
0.06906,-0.00488
0.069064,-0.00488
0.069068,-0.00488
0.069072,-0.00488
0.069076,-0.0060999999999999995
0.06908,-0.00488
0.069084,-0.00488
0.069088,-0.00488
0.069092,-0.00488
0.069096,-0.0060999999999999995
0.0691,-0.00488
0.069104,-0.00488
0.069108,-0.00488
0.069112,-0.00488
0.069116,-0.00488
0.06912,-0.00488
0.069124,-0.00488
0.069128,-0.00488
0.069132,-0.00488
0.069136,-0.00488
0.06914,-0.00488
0.069144,-0.00488
0.069148,-0.00488
0.069152,-0.00488
0.069156,-0.00488
0.06916,-0.00488
0.069164,-0.00488
0.069168,-0.00488
0.069172,-0.00488
0.069176,-0.00488
0.06918,-0.00488
0.069184,-0.00488
0.069188,-0.00488
0.069192,-0.00488
0.069196,-0.00488
0.0692,-0.00488
0.069204,-0.00488
0.069208,-0.00488
0.069212,-0.00366
0.069216,-0.00488
0.06922,-0.00488
0.069224,-0.00488
0.069228,-0.00488
0.069232,-0.0060999999999999995
0.069236,-0.00488
0.06924,-0.00488
0.069244,-0.00488
0.069248,-0.00488
0.069252,-0.00488
0.069256,-0.00488
0.06926,-0.00488
0.069264,-0.00488
0.069268,-0.00366
0.069272,-0.00366
0.069276,-0.00366
0.06928,-0.00488
0.069284,-0.00488
0.069288,-0.00488
0.069292,-0.00488
0.069296,-0.00488
0.0693,-0.00366
0.069304,-0.00366
0.069308,-0.00366
0.069312,-0.00488
0.069316,-0.00488
0.06932,-0.00366
0.069324,-0.00488
0.069328,-0.00488
0.069332,-0.00488
0.069336,-0.00488
0.06934,-0.00488
0.069344,-0.00488
0.069348,-0.00488
0.069352,-0.00366
0.069356,-0.00366
0.06936,-0.00366
0.069364,-0.00488
0.069368,-0.00366
0.069372,-0.00366
0.069376,-0.00366
0.06938,-0.00366
0.069384,-0.00366
0.069388,-0.00366
0.069392,-0.00366
0.069396,-0.00366
0.0694,-0.00366
0.069404,-0.00366
0.069408,-0.00366
0.069412,-0.00244
0.069416,-0.00366
0.06942,-0.00366
0.069424,-0.00366
0.069428,-0.00366
0.069432,-0.00366
0.069436,-0.00244
0.06944,-0.00366
0.069444,-0.00366
0.069448,-0.00244
0.069452,-0.00244
0.069456,-0.00244
0.06946,-0.00244
0.069464,-0.00244
0.069468,-0.00244
0.069472,-0.00244
0.069476,-0.00244
0.06948,-0.00244
0.069484,-0.00244
0.069488,-0.00244
0.069492,-0.00244
0.069496,-0.00244
0.0695,-0.00244
0.069504,-0.00244
0.069508,-0.00244
0.069512,-0.00366
0.069516,-0.00244
0.06952,-0.00244
0.069524,-0.00244
0.069528,-0.00244
0.069532,-0.00244
0.069536,-0.00122
0.06954,-0.00244
0.069544,-0.00122
0.069548,-0.00122
0.069552,-0.00244
0.069556,-0.00122
0.06956,-0.00244
0.069564,-0.00244
0.069568,-0.00122
0.069572,-0.00122
0.069576,-0.00122
0.06958,-0.00122
0.069584,-0.00122
0.069588,-0.00122
0.069592,-0.00122
0.069596,-0.00244
0.0696,-0.00122
0.069604,-0.00122
0.069608,-0.00122
0.069612,-0.00122
0.069616,-0.00122
0.06962,-0.00122
0.069624,-0.00122
0.069628,-0.00122
0.069632,-0.00122
0.069636,-0.00122
0.06964,-0.00122
0.069644,-0.00122
0.069648,-0.00122
0.069652,-0.00122
0.069656,-0.00122
0.06966,0.0
0.069664,-0.00122
0.069668,-0.00122
0.069672,-0.00122
0.069676,-0.00122
0.06968,-0.00122
0.069684,-0.00122
0.069688,0.0
0.069692,0.0
0.069696,-0.00122
0.0697,-0.00122
0.069704,-0.00122
0.069708,-0.00122
0.069712,-0.00122
0.069716,0.0
0.06972,0.0
0.069724,0.0
0.069728,0.00122
0.069732,-0.00122
0.069736,0.0
0.06974,0.0
0.069744,0.00122
0.069748,0.0
0.069752,0.0
0.069756,0.00122
0.06976,0.0
0.069764,0.0
0.069768,0.00122
0.069772,0.0
0.069776,0.0
0.06978,0.0
0.069784,0.00122
0.069788,0.0
0.069792,0.0
0.069796,0.0
0.0698,0.00122
0.069804,0.00122
0.069808,0.00122
0.069812,0.00122
0.069816,0.00122
0.06982,0.00122
0.069824,0.00122
0.069828,0.00122
0.069832,0.00122
0.069836,0.00122
0.06984,0.00122
0.069844,0.00122
0.069848,0.00122
0.069852,0.0
0.069856,0.00122
0.06986,0.00122
0.069864,0.00122
0.069868,0.00122
0.069872,0.00122
0.069876,0.00122
0.06988,0.00122
0.069884,0.00122
0.069888,0.00122
0.069892,0.00122
0.069896,0.00122
0.0699,0.00244
0.069904,0.00122
0.069908,0.00122
0.069912,0.00122
0.069916,0.00122
0.06992,0.00244
0.069924,0.00122
0.069928,0.00122
0.069932,0.00122
0.069936,0.00122
0.06994,0.00122
0.069944,0.00122
0.069948,0.00122
0.069952,0.00122
0.069956,0.00244
0.06996,0.00122
0.069964,0.00244
0.069968,0.00122
0.069972,0.00244
0.069976,0.00122
0.06998,0.00122
0.069984,0.00244
0.069988,0.00244
0.069992,0.00122
0.069996,0.00244
0.07,0.00244
0.070004,0.00244
0.070008,0.00244
0.070012,0.00244
0.070016,0.00244
0.07002,0.00244
0.070024,0.00122
0.070028,0.00244
0.070032,0.00244
0.070036,0.00244
0.07004,0.00366
0.070044,0.00244
0.070048,0.00244
0.070052,0.00244
0.070056,0.00366
0.07006,0.00366
0.070064,0.00244
0.070068,0.00366
0.070072,0.00244
0.070076,0.00244
0.07008,0.00366
0.070084,0.00366
0.070088,0.00366
0.070092,0.00244
0.070096,0.00366
0.0701,0.00244
0.070104,0.00244
0.070108,0.00366
0.070112,0.00244
0.070116,0.00244
0.07012,0.00244
0.070124,0.00366
0.070128,0.00244
0.070132,0.00244
0.070136,0.00366
0.07014,0.00366
0.070144,0.00366
0.070148,0.00366
0.070152,0.00366
0.070156,0.00366
0.07016,0.00366
0.070164,0.00366
0.070168,0.00366
0.070172,0.00366
0.070176,0.00366
0.07018,0.00366
0.070184,0.00366
0.070188,0.00366
0.070192,0.00366
0.070196,0.00366
0.0702,0.00366
0.070204,0.00366
0.070208,0.00366
0.070212,0.00366
0.070216,0.00366
0.07022,0.00244
0.070224,0.00366
0.070228,0.00366
0.070232,0.00366
0.070236,0.00366
0.07024,0.00488
0.070244,0.00366
0.070248,0.00488
0.070252,0.00488
0.070256,0.00366
0.07026,0.00366
0.070264,0.00488
0.070268,0.00488
0.070272,0.00366
0.070276,0.00366
0.07028,0.00366
0.070284,0.00366
0.070288,0.00366
0.070292,0.00366
0.070296,0.00366
0.0703,0.00366
0.070304,0.00366
0.070308,0.00366
0.070312,0.00366
0.070316,0.00366
0.07032,0.00366
0.070324,0.00488
0.070328,0.00366
0.070332,0.00244
0.070336,0.00366
0.07034,0.00488
0.070344,0.00366
0.070348,0.00366
0.070352,0.00366
0.070356,0.00366
0.07036,0.00366
0.070364,0.00366
0.070368,0.00366
0.070372,0.00366
0.070376,0.00488
0.07038,0.00488
0.070384,0.00488
0.070388,0.00488
0.070392,0.00366
0.070396,0.00488
0.0704,0.00488
0.070404,0.00488
0.070408,0.00488
0.070412,0.00488
0.070416,0.00488
0.07042,0.00366
0.070424,0.00488
0.070428,0.00488
0.070432,0.00488
0.070436,0.00488
0.07044,0.00488
0.070444,0.00366
0.070448,0.00488
0.070452,0.00488
0.070456,0.00488
0.07046,0.00488
0.070464,0.00488
0.070468,0.00488
0.070472,0.00488
0.070476,0.00488
0.07048,0.00488
0.070484,0.0060999999999999995
0.070488,0.00488
0.070492,0.00488
0.070496,0.00488
0.0705,0.00488
0.070504,0.00488
0.070508,0.00488
0.070512,0.00488
0.070516,0.00488
0.07052,0.00488
0.070524,0.00488
0.070528,0.00488
0.070532,0.00488
0.070536,0.00488
0.07054,0.00488
0.070544,0.00488
0.070548,0.00488
0.070552,0.0060999999999999995
0.070556,0.00488
0.07056,0.00488
0.070564,0.00488
0.070568,0.00488
0.070572,0.00488
0.070576,0.0060999999999999995
0.07058,0.00488
0.070584,0.00488
0.070588,0.00488
0.070592,0.00488
0.070596,0.00488
0.0706,0.0060999999999999995
0.070604,0.00488
0.070608,0.00488
0.070612,0.00488
0.070616,0.00488
0.07062,0.00488
0.070624,0.00488
0.070628,0.00488
0.070632,0.00488
0.070636,0.00488
0.07064,0.00488
0.070644,0.0060999999999999995
0.070648,0.00488
0.070652,0.00488
0.070656,0.0060999999999999995
0.07066,0.00488
0.070664,0.00488
0.070668,0.0060999999999999995
0.070672,0.00488
0.070676,0.0060999999999999995
0.07068,0.00366
0.070684,0.0060999999999999995
0.070688,0.00488
0.070692,0.00366
0.070696,0.00366
0.0707,0.00488
0.070704,0.00488
0.070708,0.00488
0.070712,0.00488
0.070716,0.00488
0.07072,0.00488
0.070724,0.00488
0.070728,0.00488
0.070732,0.00366
0.070736,0.00366
0.07074,0.00488
0.070744,0.00488
0.070748,0.00366
0.070752,0.00488
0.070756,0.00488
0.07076,0.00366
0.070764,0.00488
0.070768,0.00488
0.070772,0.00366
0.070776,0.00488
0.07078,0.00366
0.070784,0.00366
0.070788,0.00366
0.070792,0.00366
0.070796,0.00366
0.0708,0.00488
0.070804,0.00366
0.070808,0.00366
0.070812,0.00366
0.070816,0.00366
0.07082,0.00366
0.070824,0.00366
0.070828,0.00366
0.070832,0.00366
0.070836,0.00488
0.07084,0.00366
0.070844,0.00488
0.070848,0.00366
0.070852,0.00366
0.070856,0.00366
0.07086,0.00366
0.070864,0.00366
0.070868,0.00366
0.070872,0.00366
0.070876,0.00366
0.07088,0.00244
0.070884,0.00366
0.070888,0.00366
0.070892,0.00366
0.070896,0.00244
0.0709,0.00366
0.070904,0.00366
0.070908,0.00366
0.070912,0.00366
0.070916,0.00366
0.07092,0.00366
0.070924,0.00366
0.070928,0.00366
0.070932,0.00366
0.070936,0.00244
0.07094,0.00244
0.070944,0.00244
0.070948,0.00244
0.070952,0.00244
0.070956,0.00244
0.07096,0.00244
0.070964,0.00244
0.070968,0.00244
0.070972,0.00244
0.070976,0.00244
0.07098,0.00244
0.070984,0.00244
0.070988,0.00244
0.070992,0.00244
0.070996,0.00244
0.071,0.00244
0.071004,0.00244
0.071008,0.00244
0.071012,0.00244
0.071016,0.00122
0.07102,0.00244
0.071024,0.00244
0.071028,0.00244
0.071032,0.00244
0.071036,0.00244
0.07104,0.00244
0.071044,0.00244
0.071048,0.00244
0.071052,0.00244
0.071056,0.00366
0.07106,0.00244
0.071064,0.00122
0.071068,0.00244
0.071072,0.00122
0.071076,0.00244
0.07108,0.00122
0.071084,0.00122
0.071088,0.00122
0.071092,0.00122
0.071096,0.00122
0.0711,0.00122
0.071104,0.00122
0.071108,0.00122
0.071112,0.00122
0.071116,0.00122
0.07112,0.00122
0.071124,0.00122
0.071128,0.00122
0.071132,0.00122
0.071136,0.00122
0.07114,0.00122
0.071144,0.00122
0.071148,0.0
0.071152,0.0
0.071156,0.0
0.07116,0.00122
0.071164,0.00122
0.071168,0.00122
0.071172,0.0
0.071176,0.00122
0.07118,0.00122
0.071184,0.0
0.071188,0.0
0.071192,0.00122
0.071196,0.00122
0.0712,0.00122
0.071204,0.0
0.071208,0.00122
0.071212,0.00122
0.071216,0.00122
0.07122,0.0
0.071224,0.0
0.071228,0.00122
0.071232,0.0
0.071236,0.0
0.07124,0.0
0.071244,0.0
0.071248,0.00122
0.071252,0.0
0.071256,0.00122
0.07126,0.0
0.071264,0.0
0.071268,-0.00122
0.071272,0.0
0.071276,0.0
0.07128,0.0
0.071284,-0.00122
0.071288,0.0
0.071292,0.0
0.071296,0.0
0.0713,-0.00122
0.071304,-0.00122
0.071308,-0.00122
0.071312,0.0
0.071316,0.0
0.07132,-0.00122
0.071324,-0.00122
0.071328,-0.00122
0.071332,-0.00122
0.071336,-0.00122
0.07134,0.0
0.071344,0.0
0.071348,-0.00122
0.071352,-0.00122
0.071356,-0.00122
0.07136,-0.00122
0.071364,-0.00122
0.071368,-0.00122
0.071372,-0.00122
0.071376,-0.00122
0.07138,-0.00122
0.071384,-0.00122
0.071388,-0.00122
0.071392,-0.00122
0.071396,-0.00122
0.0714,0.0
0.071404,0.0
0.071408,-0.00122
0.071412,0.0
0.071416,-0.00122
0.07142,-0.00122
0.071424,0.0
0.071428,0.0
0.071432,-0.00122
0.071436,-0.00244
0.07144,-0.00244
0.071444,-0.00122
0.071448,-0.00244
0.071452,-0.00122
0.071456,-0.00122
0.07146,-0.00122
0.071464,-0.00122
0.071468,-0.00122
0.071472,-0.00122
0.071476,-0.00122
0.07148,-0.00122
0.071484,-0.00122
0.071488,-0.00122
0.071492,-0.00122
0.071496,-0.00122
0.0715,-0.00122
0.071504,-0.00122
0.071508,-0.00122
0.071512,-0.00122
0.071516,-0.00122
0.07152,-0.00122
0.071524,-0.00122
0.071528,-0.00122
0.071532,-0.00122
0.071536,-0.00122
0.07154,-0.00122
0.071544,-0.00122
0.071548,-0.00122
0.071552,-0.00244
0.071556,-0.00122
0.07156,-0.00122
0.071564,-0.00244
0.071568,-0.00122
0.071572,-0.00122
0.071576,-0.00122
0.07158,-0.00244
0.071584,-0.00122
0.071588,-0.00122
0.071592,-0.00122
0.071596,-0.00122
0.0716,-0.00122
0.071604,-0.00122
0.071608,-0.00122
0.071612,-0.00244
0.071616,-0.00122
0.07162,-0.00244
0.071624,-0.00122
0.071628,-0.00122
0.071632,-0.00122
0.071636,-0.00122
0.07164,-0.00122
0.071644,-0.00122
0.071648,-0.00122
0.071652,-0.00122
0.071656,-0.00122
0.07166,-0.00122
0.071664,-0.00122
0.071668,-0.00122
0.071672,-0.00122
0.071676,-0.00122
0.07168,-0.00122
0.071684,-0.00122
0.071688,-0.00244
0.071692,-0.00122
0.071696,-0.00122
0.0717,-0.00122
0.071704,-0.00122
0.071708,-0.00122
0.071712,-0.00122
0.071716,-0.00122
0.07172,-0.00122
0.071724,-0.00122
0.071728,-0.00122
0.071732,-0.00122
0.071736,-0.00122
0.07174,-0.00122
0.071744,-0.00122
0.071748,-0.00122
0.071752,-0.00122
0.071756,-0.00122
0.07176,-0.00122
0.071764,-0.00122
0.071768,-0.00122
0.071772,-0.00122
0.071776,-0.00122
0.07178,-0.00122
0.071784,-0.00122
0.071788,-0.00122
0.071792,-0.00122
0.071796,-0.00122
0.0718,-0.00122
0.071804,-0.00122
0.071808,-0.00122
0.071812,-0.00122
0.071816,-0.00122
0.07182,-0.00122
0.071824,-0.00122
0.071828,-0.00122
0.071832,-0.00122
0.071836,-0.00122
0.07184,-0.00122
0.071844,-0.00122
0.071848,-0.00122
0.071852,-0.00122
0.071856,-0.00122
0.07186,-0.00122
0.071864,-0.00122
0.071868,0.0
0.071872,-0.00122
0.071876,-0.00122
0.07188,-0.00122
0.071884,0.0
0.071888,-0.00122
0.071892,0.0
0.071896,0.0
0.0719,-0.00122
0.071904,-0.00122
0.071908,-0.00122
0.071912,0.0
0.071916,-0.00122
0.07192,-0.00122
0.071924,-0.00122
0.071928,0.0
0.071932,0.0
0.071936,0.0
0.07194,0.0
0.071944,-0.00122
0.071948,-0.00122
0.071952,0.0
0.071956,0.0
0.07196,0.0
0.071964,0.0
0.071968,0.0
0.071972,0.0
0.071976,0.0
0.07198,0.0
0.071984,0.0
0.071988,0.0
0.071992,0.0
0.071996,-0.00122
0.072,0.0
0.072004,0.0
0.072008,0.0
0.072012,0.0
0.072016,0.0
0.07202,0.0
0.072024,0.0
0.072028,0.0
0.072032,0.0
0.072036,-0.00122
0.07204,0.0
0.072044,0.0
0.072048,0.0
0.072052,-0.00122
0.072056,0.00122
0.07206,0.00122
0.072064,0.0
0.072068,0.0
0.072072,0.00122
0.072076,0.0
0.07208,0.0
0.072084,0.0
0.072088,0.00122
0.072092,0.0
0.072096,0.0
0.0721,0.0
0.072104,0.0
0.072108,0.0
0.072112,0.0
0.072116,0.00122
0.07212,0.0
0.072124,0.00122
0.072128,0.0
0.072132,0.0
0.072136,0.0
0.07214,0.0
0.072144,0.00122
0.072148,0.00122
0.072152,0.0
0.072156,0.00122
0.07216,0.00122
0.072164,0.00122
0.072168,0.00122
0.072172,0.00122
0.072176,0.00122
0.07218,0.0
0.072184,0.00122
0.072188,0.00122
0.072192,0.00122
0.072196,0.0
0.0722,0.00122
0.072204,0.00122
0.072208,0.00122
0.072212,0.00122
0.072216,0.00122
0.07222,0.0
0.072224,0.0
0.072228,0.00122
0.072232,0.00122
0.072236,0.00122
0.07224,0.00122
0.072244,0.00122
0.072248,0.00122
0.072252,0.00122
0.072256,0.00122
0.07226,0.00122
0.072264,0.00122
0.072268,0.00122
0.072272,0.00122
0.072276,0.00122
0.07228,0.0
0.072284,0.00122
0.072288,0.00122
0.072292,0.00122
0.072296,0.00122
0.0723,0.00122
0.072304,0.00122
0.072308,0.00122
0.072312,0.00122
0.072316,0.00122
0.07232,0.00122
0.072324,0.00122
0.072328,0.00122
0.072332,0.00122
0.072336,0.00122
0.07234,0.00122
0.072344,0.00122
0.072348,0.00244
0.072352,0.00122
0.072356,0.00122
0.07236,0.00122
0.072364,0.00122
0.072368,0.00122
0.072372,0.00122
0.072376,0.00244
0.07238,0.00122
0.072384,0.00122
0.072388,0.00122
0.072392,0.00122
0.072396,0.00122
0.0724,0.00122
0.072404,0.00122
0.072408,0.00122
0.072412,0.00122
0.072416,0.00122
0.07242,0.00122
0.072424,0.00122
0.072428,0.00244
0.072432,0.00122
0.072436,0.00122
0.07244,0.00122
0.072444,0.00122
0.072448,0.00122
0.072452,0.00122
0.072456,0.00122
0.07246,0.00122
0.072464,0.00244
0.072468,0.00122
0.072472,0.00122
0.072476,0.00122
0.07248,0.00122
0.072484,0.00122
0.072488,0.00122
0.072492,0.00122
0.072496,0.00122
0.0725,0.00244
0.072504,0.00122
0.072508,0.00122
0.072512,0.00244
0.072516,0.00244
0.07252,0.00122
0.072524,0.00244
0.072528,0.00122
0.072532,0.00122
0.072536,0.00244
0.07254,0.00244
0.072544,0.00122
0.072548,0.00122
0.072552,0.00244
0.072556,0.00122
0.07256,0.00244
0.072564,0.00122
0.072568,0.00244
0.072572,0.00122
0.072576,0.00122
0.07258,0.00122
0.072584,0.00122
0.072588,0.00244
0.072592,0.00122
0.072596,0.00122
0.0726,0.00122
0.072604,0.00122
0.072608,0.00122
0.072612,0.00244
0.072616,0.00244
0.07262,0.00122
0.072624,0.00122
0.072628,0.00244
0.072632,0.00244
0.072636,0.00244
0.07264,0.00244
0.072644,0.00244
0.072648,0.00244
0.072652,0.00244
0.072656,0.00244
0.07266,0.00244
0.072664,0.00244
0.072668,0.00244
0.072672,0.00244
0.072676,0.00244
0.07268,0.00244
0.072684,0.00244
0.072688,0.00244
0.072692,0.00244
0.072696,0.00244
0.0727,0.00244
0.072704,0.00244
0.072708,0.00244
0.072712,0.00244
0.072716,0.00366
0.07272,0.00122
0.072724,0.00244
0.072728,0.00244
0.072732,0.00122
0.072736,0.00244
0.07274,0.00244
0.072744,0.00244
0.072748,0.00244
0.072752,0.00366
0.072756,0.00244
0.07276,0.00244
0.072764,0.00244
0.072768,0.00366
0.072772,0.00244
0.072776,0.00244
0.07278,0.00366
0.072784,0.00244
0.072788,0.00244
0.072792,0.00244
0.072796,0.00244
0.0728,0.00244
0.072804,0.00244
0.072808,0.00244
0.072812,0.00366
0.072816,0.00366
0.07282,0.00244
0.072824,0.00244
0.072828,0.00366
0.072832,0.00244
0.072836,0.00366
0.07284,0.00366
0.072844,0.00366
0.072848,0.00244
0.072852,0.00244
0.072856,0.00366
0.07286,0.00244
0.072864,0.00244
0.072868,0.00366
0.072872,0.00366
0.072876,0.00366
0.07288,0.00244
0.072884,0.00244
0.072888,0.00366
0.072892,0.00366
0.072896,0.00366
0.0729,0.00366
0.072904,0.00366
0.072908,0.00244
0.072912,0.00366
0.072916,0.00366
0.07292,0.00244
0.072924,0.00366
0.072928,0.00366
0.072932,0.00366
0.072936,0.00366
0.07294,0.00366
0.072944,0.00366
0.072948,0.00366
0.072952,0.00366
0.072956,0.00366
0.07296,0.00366
0.072964,0.00366
0.072968,0.00366
0.072972,0.00366
0.072976,0.00366
0.07298,0.00366
0.072984,0.00366
0.072988,0.00366
0.072992,0.00366
0.072996,0.00366
0.073,0.00366
0.073004,0.00366
0.073008,0.00366
0.073012,0.00366
0.073016,0.00366
0.07302,0.00366
0.073024,0.00366
0.073028,0.00366
0.073032,0.00366
0.073036,0.00366
0.07304,0.00366
0.073044,0.00366
0.073048,0.00366
0.073052,0.00366
0.073056,0.00366
0.07306,0.00366
0.073064,0.00366
0.073068,0.00366
0.073072,0.00366
0.073076,0.00366
0.07308,0.00366
0.073084,0.00244
0.073088,0.00366
0.073092,0.00366
0.073096,0.00366
0.0731,0.00366
0.073104,0.00366
0.073108,0.00366
0.073112,0.00366
0.073116,0.00366
0.07312,0.00366
0.073124,0.00366
0.073128,0.00366
0.073132,0.00366
0.073136,0.00244
0.07314,0.00366
0.073144,0.00366
0.073148,0.00366
0.073152,0.00366
0.073156,0.00244
0.07316,0.00366
0.073164,0.00366
0.073168,0.00366
0.073172,0.00366
0.073176,0.00366
0.07318,0.00366
0.073184,0.00366
0.073188,0.00366
0.073192,0.00366
0.073196,0.00366
0.0732,0.00366
0.073204,0.00366
0.073208,0.00366
0.073212,0.00366
0.073216,0.00366
0.07322,0.00244
0.073224,0.00366
0.073228,0.00366
0.073232,0.00366
0.073236,0.00366
0.07324,0.00366
0.073244,0.00366
0.073248,0.00244
0.073252,0.00366
0.073256,0.00366
0.07326,0.00366
0.073264,0.00366
0.073268,0.00366
0.073272,0.00366
0.073276,0.00366
0.07328,0.00366
0.073284,0.00366
0.073288,0.00366
0.073292,0.00244
0.073296,0.00366
0.0733,0.00366
0.073304,0.00366
0.073308,0.00366
0.073312,0.00366
0.073316,0.00244
0.07332,0.00244
0.073324,0.00244
0.073328,0.00366
0.073332,0.00244
0.073336,0.00244
0.07334,0.00366
0.073344,0.00366
0.073348,0.00366
0.073352,0.00366
0.073356,0.00366
0.07336,0.00244
0.073364,0.00366
0.073368,0.00244
0.073372,0.00366
0.073376,0.00244
0.07338,0.00244
0.073384,0.00366
0.073388,0.00366
0.073392,0.00244
0.073396,0.00366
0.0734,0.00244
0.073404,0.00366
0.073408,0.00244
0.073412,0.00244
0.073416,0.00366
0.07342,0.00244
0.073424,0.00244
0.073428,0.00244
0.073432,0.00244
0.073436,0.00244
0.07344,0.00244
0.073444,0.00244
0.073448,0.00244
0.073452,0.00244
0.073456,0.00244
0.07346,0.00244
0.073464,0.00244
0.073468,0.00244
0.073472,0.00244
0.073476,0.00244
0.07348,0.00244
0.073484,0.00122
0.073488,0.00244
0.073492,0.00122
0.073496,0.00244
0.0735,0.00244
0.073504,0.00244
0.073508,0.00244
0.073512,0.00244
0.073516,0.00244
0.07352,0.00122
0.073524,0.00122
0.073528,0.00122
0.073532,0.00244
0.073536,0.00244
0.07354,0.00244
0.073544,0.00122
0.073548,0.00122
0.073552,0.00244
0.073556,0.00122
0.07356,0.00122
0.073564,0.00122
0.073568,0.00244
0.073572,0.00122
0.073576,0.00122
0.07358,0.00122
0.073584,0.00122
0.073588,0.00122
0.073592,0.00244
0.073596,0.00122
0.0736,0.00122
0.073604,0.00122
0.073608,0.00122
0.073612,0.00122
0.073616,0.00122
0.07362,0.00122
0.073624,0.0
0.073628,0.00122
0.073632,0.0
0.073636,0.00122
0.07364,0.00122
0.073644,0.0
0.073648,0.0
0.073652,0.0
0.073656,0.00122
0.07366,0.0
0.073664,0.00122
0.073668,0.00122
0.073672,0.0
0.073676,0.0
0.07368,0.0
0.073684,0.0
0.073688,0.0
0.073692,0.0
0.073696,0.0
0.0737,0.0
0.073704,0.0
0.073708,0.00122
0.073712,-0.00122
0.073716,0.0
0.07372,-0.00122
0.073724,0.0
0.073728,-0.00122
0.073732,-0.00122
0.073736,-0.00122
0.07374,0.0
0.073744,0.0
0.073748,-0.00122
0.073752,-0.00122
0.073756,-0.00122
0.07376,-0.00122
0.073764,-0.00122
0.073768,-0.00122
0.073772,-0.00122
0.073776,-0.00122
0.07378,-0.00122
0.073784,-0.00122
0.073788,-0.00122
0.073792,0.0
0.073796,-0.00122
0.0738,-0.00122
0.073804,-0.00122
0.073808,-0.00122
0.073812,-0.00122
0.073816,-0.00122
0.07382,-0.00122
0.073824,-0.00122
0.073828,-0.00122
0.073832,-0.00122
0.073836,-0.00122
0.07384,-0.00122
0.073844,-0.00122
0.073848,-0.00122
0.073852,-0.00122
0.073856,-0.00122
0.07386,-0.00244
0.073864,-0.00122
0.073868,-0.00122
0.073872,-0.00122
0.073876,-0.00122
0.07388,-0.00122
0.073884,-0.00122
0.073888,-0.00122
0.073892,-0.00122
0.073896,-0.00122
0.0739,-0.00122
0.073904,-0.00122
0.073908,-0.00122
0.073912,-0.00122
0.073916,-0.00244
0.07392,-0.00122
0.073924,-0.00122
0.073928,-0.00122
0.073932,-0.00122
0.073936,-0.00122
0.07394,-0.00122
0.073944,-0.00122
0.073948,-0.00122
0.073952,-0.00122
0.073956,-0.00122
0.07396,-0.00122
0.073964,-0.00122
0.073968,-0.00122
0.073972,-0.00122
0.073976,-0.00122
0.07398,-0.00122
0.073984,-0.00122
0.073988,-0.00122
0.073992,-0.00122
0.073996,-0.00122
0.074,-0.00122
0.074004,-0.00122
0.074008,-0.00122
0.074012,-0.00122
0.074016,-0.00244
0.07402,-0.00122
0.074024,-0.00122
0.074028,-0.00122
0.074032,-0.00122
0.074036,-0.00244
0.07404,-0.00122
0.074044,-0.00122
0.074048,-0.00122
0.074052,-0.00244
0.074056,-0.00122
0.07406,-0.00122
0.074064,-0.00122
0.074068,-0.00122
0.074072,-0.00122
0.074076,-0.00122
0.07408,-0.00122
0.074084,-0.00122
0.074088,-0.00122
0.074092,-0.00122
0.074096,-0.00122
0.0741,-0.00122
0.074104,-0.00244
0.074108,-0.00122
0.074112,-0.00244
0.074116,-0.00122
0.07412,-0.00122
0.074124,-0.00244
0.074128,-0.00244
0.074132,-0.00244
0.074136,-0.00244
0.07414,-0.00244
0.074144,-0.00244
0.074148,-0.00244
0.074152,-0.00244
0.074156,-0.00244
0.07416,-0.00244
0.074164,-0.00122
0.074168,-0.00244
0.074172,-0.00244
0.074176,-0.00244
0.07418,-0.00244
0.074184,-0.00244
0.074188,-0.00244
0.074192,-0.00244
0.074196,-0.00244
0.0742,-0.00244
0.074204,-0.00122
0.074208,-0.00244
0.074212,-0.00244
0.074216,-0.00244
0.07422,-0.00244
0.074224,-0.00244
0.074228,-0.00366
0.074232,-0.00244
0.074236,-0.00244
0.07424,-0.00366
0.074244,-0.00244
0.074248,-0.00366
0.074252,-0.00366
0.074256,-0.00244
0.07426,-0.00244
0.074264,-0.00366
0.074268,-0.00244
0.074272,-0.00366
0.074276,-0.00366
0.07428,-0.00366
0.074284,-0.00244
0.074288,-0.00366
0.074292,-0.00244
0.074296,-0.00244
0.0743,-0.00244
0.074304,-0.00244
0.074308,-0.00244
0.074312,-0.00366
0.074316,-0.00366
0.07432,-0.00244
0.074324,-0.00366
0.074328,-0.00366
0.074332,-0.00366
0.074336,-0.00366
0.07434,-0.00244
0.074344,-0.00244
0.074348,-0.00244
0.074352,-0.00366
0.074356,-0.00244
0.07436,-0.00244
0.074364,-0.00244
0.074368,-0.00244
0.074372,-0.00244
0.074376,-0.00244
0.07438,-0.00244
0.074384,-0.00244
0.074388,-0.00366
0.074392,-0.00244
0.074396,-0.00244
0.0744,-0.00244
0.074404,-0.00244
0.074408,-0.00366
0.074412,-0.00244
0.074416,-0.00244
0.07442,-0.00366
0.074424,-0.00244
0.074428,-0.00366
0.074432,-0.00366
0.074436,-0.00244
0.07444,-0.00366
0.074444,-0.00366
0.074448,-0.00244
0.074452,-0.00366
0.074456,-0.00366
0.07446,-0.00366
0.074464,-0.00366
0.074468,-0.00366
0.074472,-0.00366
0.074476,-0.00366
0.07448,-0.00366
0.074484,-0.00366
0.074488,-0.00366
0.074492,-0.00366
0.074496,-0.00366
0.0745,-0.00366
0.074504,-0.00366
0.074508,-0.00366
0.074512,-0.00488
0.074516,-0.00244
0.07452,-0.00366
0.074524,-0.00366
0.074528,-0.00244
0.074532,-0.00366
0.074536,-0.00366
0.07454,-0.00366
0.074544,-0.00366
0.074548,-0.00366
0.074552,-0.00366
0.074556,-0.00366
0.07456,-0.00488
0.074564,-0.00366
0.074568,-0.00366
0.074572,-0.00366
0.074576,-0.00366
0.07458,-0.00366
0.074584,-0.00366
0.074588,-0.00244
0.074592,-0.00244
0.074596,-0.00366
0.0746,-0.00366
0.074604,-0.00366
0.074608,-0.00366
0.074612,-0.00366
0.074616,-0.00366
0.07462,-0.00366
0.074624,-0.00366
0.074628,-0.00366
0.074632,-0.00366
0.074636,-0.00366
0.07464,-0.00366
0.074644,-0.00366
0.074648,-0.00366
0.074652,-0.00488
0.074656,-0.00366
0.07466,-0.00366
0.074664,-0.00366
0.074668,-0.00244
0.074672,-0.00366
0.074676,-0.00366
0.07468,-0.00366
0.074684,-0.00366
0.074688,-0.00366
0.074692,-0.00366
0.074696,-0.00366
0.0747,-0.00366
0.074704,-0.00244
0.074708,-0.00366
0.074712,-0.00366
0.074716,-0.00366
0.07472,-0.00366
0.074724,-0.00366
0.074728,-0.00366
0.074732,-0.00366
0.074736,-0.00244
0.07474,-0.00366
0.074744,-0.00366
0.074748,-0.00366
0.074752,-0.00366
0.074756,-0.00366
0.07476,-0.00244
0.074764,-0.00244
0.074768,-0.00366
0.074772,-0.00244
0.074776,-0.00244
0.07478,-0.00366
0.074784,-0.00244
0.074788,-0.00244
0.074792,-0.00244
0.074796,-0.00244
0.0748,-0.00244
0.074804,-0.00244
0.074808,-0.00244
0.074812,-0.00244
0.074816,-0.00244
0.07482,-0.00244
0.074824,-0.00244
0.074828,-0.00244
0.074832,-0.00244
0.074836,-0.00244
0.07484,-0.00244
0.074844,-0.00244
0.074848,-0.00244
0.074852,-0.00244
0.074856,-0.00244
0.07486,-0.00244
0.074864,-0.00244
0.074868,-0.00244
0.074872,-0.00244
0.074876,-0.00244
0.07488,-0.00244
0.074884,-0.00244
0.074888,-0.00122
0.074892,-0.00244
0.074896,-0.00244
0.0749,-0.00244
0.074904,-0.00244
0.074908,-0.00122
0.074912,-0.00244
0.074916,-0.00244
0.07492,-0.00244
0.074924,-0.00244
0.074928,-0.00244
0.074932,-0.00244
0.074936,-0.00244
0.07494,-0.00244
0.074944,-0.00244
0.074948,-0.00244
0.074952,-0.00244
0.074956,-0.00122
0.07496,-0.00244
0.074964,-0.00122
0.074968,-0.00244
0.074972,-0.00244
0.074976,-0.00244
0.07498,-0.00122
0.074984,-0.00244
0.074988,-0.00122
0.074992,-0.00122
0.074996,-0.00122
0.075,-0.00122
0.075004,-0.00122
0.075008,-0.00244
0.075012,0.0
0.075016,-0.00122
0.07502,-0.00122
0.075024,-0.00122
0.075028,-0.00122
0.075032,-0.00122
0.075036,-0.00122
0.07504,-0.00122
0.075044,-0.00122
0.075048,-0.00122
0.075052,-0.00122
0.075056,-0.00122
0.07506,-0.00122
0.075064,-0.00122
0.075068,-0.00122
0.075072,-0.00122
0.075076,-0.00122
0.07508,-0.00122
0.075084,-0.00122
0.075088,0.0
0.075092,-0.00122
0.075096,-0.00122
0.0751,-0.00122
0.075104,-0.00122
0.075108,-0.00122
0.075112,0.0
0.075116,0.0
0.07512,0.0
0.075124,-0.00122
0.075128,0.0
0.075132,0.0
0.075136,-0.00122
0.07514,0.0
0.075144,-0.00122
0.075148,-0.00122
0.075152,-0.00122
0.075156,0.0
0.07516,0.0
0.075164,0.0
0.075168,-0.00122
0.075172,0.0
0.075176,0.0
0.07518,0.0
0.075184,0.00122
0.075188,0.0
0.075192,0.0
0.075196,0.00122
0.0752,0.0
0.075204,0.0
0.075208,0.0
0.075212,0.0
0.075216,0.00122
0.07522,0.00122
0.075224,0.00122
0.075228,0.00122
0.075232,0.0
0.075236,0.00122
0.07524,0.0
0.075244,0.00122
0.075248,0.00122
0.075252,0.0
0.075256,0.0
0.07526,0.00122
0.075264,0.00122
0.075268,0.0
0.075272,0.00122
0.075276,0.00122
0.07528,0.0
0.075284,0.0
0.075288,0.00122
0.075292,0.0
0.075296,0.0
0.0753,0.00122
0.075304,0.00122
0.075308,0.0
0.075312,0.00122
0.075316,0.00122
0.07532,0.00122
0.075324,0.00122
0.075328,0.00244
0.075332,0.00122
0.075336,0.00122
0.07534,0.00122
0.075344,0.00122
0.075348,0.00122
0.075352,0.00244
0.075356,0.00122
0.07536,0.00244
0.075364,0.00122
0.075368,0.00244
0.075372,0.00244
0.075376,0.00122
0.07538,0.00244
0.075384,0.00244
0.075388,0.00244
0.075392,0.00122
0.075396,0.00244
0.0754,0.00244
0.075404,0.00244
0.075408,0.00244
0.075412,0.00122
0.075416,0.00244
0.07542,0.00244
0.075424,0.00244
0.075428,0.00244
0.075432,0.00244
0.075436,0.00244
0.07544,0.00244
0.075444,0.00244
0.075448,0.00244
0.075452,0.00244
0.075456,0.00244
0.07546,0.00244
0.075464,0.00122
0.075468,0.00244
0.075472,0.00244
0.075476,0.00244
0.07548,0.00122
0.075484,0.00244
0.075488,0.00244
0.075492,0.00244
0.075496,0.00244
0.0755,0.00244
0.075504,0.00244
0.075508,0.00244
0.075512,0.00244
0.075516,0.00244
0.07552,0.00244
0.075524,0.00244
0.075528,0.00244
0.075532,0.00244
0.075536,0.00366
0.07554,0.00244
0.075544,0.00244
0.075548,0.00244
0.075552,0.00244
0.075556,0.00244
0.07556,0.00244
0.075564,0.00244
0.075568,0.00244
0.075572,0.00244
0.075576,0.00244
0.07558,0.00244
0.075584,0.00244
0.075588,0.00244
0.075592,0.00244
0.075596,0.00244
0.0756,0.00244
0.075604,0.00244
0.075608,0.00244
0.075612,0.00244
0.075616,0.00244
0.07562,0.00244
0.075624,0.00244
0.075628,0.00244
0.075632,0.00244
0.075636,0.00244
0.07564,0.00366
0.075644,0.00244
0.075648,0.00244
0.075652,0.00244
0.075656,0.00244
0.07566,0.00244
0.075664,0.00244
0.075668,0.00244
0.075672,0.00244
0.075676,0.00244
0.07568,0.00244
0.075684,0.00244
0.075688,0.00244
0.075692,0.00244
0.075696,0.00244
0.0757,0.00244
0.075704,0.00244
0.075708,0.00244
0.075712,0.00244
0.075716,0.00244
0.07572,0.00244
0.075724,0.00122
0.075728,0.00244
0.075732,0.00244
0.075736,0.00244
0.07574,0.00244
0.075744,0.00122
0.075748,0.00244
0.075752,0.00244
0.075756,0.00244
0.07576,0.00244
0.075764,0.00122
0.075768,0.00244
0.075772,0.00244
0.075776,0.00244
0.07578,0.00244
0.075784,0.00244
0.075788,0.00244
0.075792,0.00244
0.075796,0.00244
0.0758,0.00244
0.075804,0.00366
0.075808,0.00244
0.075812,0.00244
0.075816,0.00244
0.07582,0.00244
0.075824,0.00244
0.075828,0.00244
0.075832,0.00244
0.075836,0.00244
0.07584,0.00244
0.075844,0.00122
0.075848,0.00244
0.075852,0.00244
0.075856,0.00244
0.07586,0.00244
0.075864,0.00244
0.075868,0.00244
0.075872,0.00244
0.075876,0.00244
0.07588,0.00244
0.075884,0.00366
0.075888,0.00244
0.075892,0.00244
0.075896,0.00244
0.0759,0.00366
0.075904,0.00244
0.075908,0.00244
0.075912,0.00244
0.075916,0.00244
0.07592,0.00366
0.075924,0.00244
0.075928,0.00244
0.075932,0.00244
0.075936,0.00366
0.07594,0.00244
0.075944,0.00244
0.075948,0.00244
0.075952,0.00244
0.075956,0.00244
0.07596,0.00244
0.075964,0.00244
0.075968,0.00244
0.075972,0.00244
0.075976,0.00244
0.07598,0.00244
0.075984,0.00244
0.075988,0.00244
0.075992,0.00244
0.075996,0.00244
0.076,0.00244
0.076004,0.00366
0.076008,0.00244
0.076012,0.00244
0.076016,0.00244
0.07602,0.00244
0.076024,0.00366
0.076028,0.00244
0.076032,0.00366
0.076036,0.00244
0.07604,0.00366
0.076044,0.00244
0.076048,0.00366
0.076052,0.00244
0.076056,0.00366
0.07606,0.00244
0.076064,0.00366
0.076068,0.00244
0.076072,0.00244
0.076076,0.00244
0.07608,0.00244
0.076084,0.00366
0.076088,0.00244
0.076092,0.00244
0.076096,0.00366
0.0761,0.00244
0.076104,0.00244
0.076108,0.00366
0.076112,0.00366
0.076116,0.00244
0.07612,0.00366
0.076124,0.00366
0.076128,0.00244
0.076132,0.00366
0.076136,0.00366
0.07614,0.00244
0.076144,0.00366
0.076148,0.00366
0.076152,0.00366
0.076156,0.00366
0.07616,0.00366
0.076164,0.00366
0.076168,0.00366
0.076172,0.00366
0.076176,0.00366
0.07618,0.00244
0.076184,0.00488
0.076188,0.00366
0.076192,0.00366
0.076196,0.00366
0.0762,0.00366
0.076204,0.00366
0.076208,0.00366
0.076212,0.00244
0.076216,0.00244
0.07622,0.00366
0.076224,0.00366
0.076228,0.00244
0.076232,0.00366
0.076236,0.00366
0.07624,0.00366
0.076244,0.00366
0.076248,0.00366
0.076252,0.00366
0.076256,0.00366
0.07626,0.00366
0.076264,0.00366
0.076268,0.00366
0.076272,0.00488
0.076276,0.00366
0.07628,0.00366
0.076284,0.00366
0.076288,0.00366
0.076292,0.00244
0.076296,0.00366
0.0763,0.00244
0.076304,0.00244
0.076308,0.00244
0.076312,0.00366
0.076316,0.00366
0.07632,0.00244
0.076324,0.00366
0.076328,0.00366
0.076332,0.00366
0.076336,0.00366
0.07634,0.00366
0.076344,0.00366
0.076348,0.00366
0.076352,0.00366
0.076356,0.00366
0.07636,0.00366
0.076364,0.00366
0.076368,0.00366
0.076372,0.00366
0.076376,0.00366
0.07638,0.00366
0.076384,0.00366
0.076388,0.00366
0.076392,0.00366
0.076396,0.00366
0.0764,0.00244
0.076404,0.00366
0.076408,0.00366
0.076412,0.00366
0.076416,0.00366
0.07642,0.00366
0.076424,0.00244
0.076428,0.00366
0.076432,0.00366
0.076436,0.00244
0.07644,0.00366
0.076444,0.00244
0.076448,0.00366
0.076452,0.00366
0.076456,0.00366
0.07646,0.00244
0.076464,0.00366
0.076468,0.00244
0.076472,0.00366
0.076476,0.00366
0.07648,0.00366
0.076484,0.00366
0.076488,0.00244
0.076492,0.00366
0.076496,0.00244
0.0765,0.00244
0.076504,0.00244
0.076508,0.00244
0.076512,0.00366
0.076516,0.00366
0.07652,0.00366
0.076524,0.00244
0.076528,0.00244
0.076532,0.00244
0.076536,0.00366
0.07654,0.00244
0.076544,0.00244
0.076548,0.00366
0.076552,0.00244
0.076556,0.00244
0.07656,0.00366
0.076564,0.00244
0.076568,0.00122
0.076572,0.00244
0.076576,0.00244
0.07658,0.00244
0.076584,0.00366
0.076588,0.00244
0.076592,0.00244
0.076596,0.00244
0.0766,0.00244
0.076604,0.00366
0.076608,0.00244
0.076612,0.00244
0.076616,0.00244
0.07662,0.00244
0.076624,0.00366
0.076628,0.00244
0.076632,0.00244
0.076636,0.00244
0.07664,0.00244
0.076644,0.00244
0.076648,0.00244
0.076652,0.00244
0.076656,0.00244
0.07666,0.00244
0.076664,0.00244
0.076668,0.00244
0.076672,0.00244
0.076676,0.00244
0.07668,0.00244
0.076684,0.00244
0.076688,0.00244
0.076692,0.00244
0.076696,0.00244
0.0767,0.00244
0.076704,0.00244
0.076708,0.00244
0.076712,0.00244
0.076716,0.00244
0.07672,0.00244
0.076724,0.00244
0.076728,0.00244
0.076732,0.00244
0.076736,0.00366
0.07674,0.00244
0.076744,0.00122
0.076748,0.00122
0.076752,0.00244
0.076756,0.00122
0.07676,0.00244
0.076764,0.00122
0.076768,0.00244
0.076772,0.00244
0.076776,0.00244
0.07678,0.00244
0.076784,0.00244
0.076788,0.00122
0.076792,0.00244
0.076796,0.00244
0.0768,0.00244
0.076804,0.00244
0.076808,0.00244
0.076812,0.00244
0.076816,0.00244
0.07682,0.00244
0.076824,0.00244
0.076828,0.00122
0.076832,0.00122
0.076836,0.00244
0.07684,0.00244
0.076844,0.00244
0.076848,0.00244
0.076852,0.00244
0.076856,0.00244
0.07686,0.00244
0.076864,0.00244
0.076868,0.00244
0.076872,0.00244
0.076876,0.00244
0.07688,0.00244
0.076884,0.00244
0.076888,0.00244
0.076892,0.00244
0.076896,0.00244
0.0769,0.00244
0.076904,0.00244
0.076908,0.00244
0.076912,0.00244
0.076916,0.00244
0.07692,0.00244
0.076924,0.00244
0.076928,0.00244
0.076932,0.00244
0.076936,0.00244
0.07694,0.00244
0.076944,0.00244
0.076948,0.00244
0.076952,0.00122
0.076956,0.00122
0.07696,0.00244
0.076964,0.00244
0.076968,0.00244
0.076972,0.00244
0.076976,0.00244
0.07698,0.00244
0.076984,0.00244
0.076988,0.00244
0.076992,0.00244
0.076996,0.00244
0.077,0.00244
0.077004,0.00122
0.077008,0.00244
0.077012,0.00122
0.077016,0.00244
0.07702,0.00244
0.077024,0.00244
0.077028,0.00244
0.077032,0.00244
0.077036,0.00366
0.07704,0.00244
0.077044,0.00244
0.077048,0.00244
0.077052,0.00244
0.077056,0.00244
0.07706,0.00244
0.077064,0.00244
0.077068,0.00244
0.077072,0.00244
0.077076,0.00244
0.07708,0.00366
0.077084,0.00244
0.077088,0.00244
0.077092,0.00244
0.077096,0.00244
0.0771,0.00244
0.077104,0.00366
0.077108,0.00244
0.077112,0.00366
0.077116,0.00244
0.07712,0.00366
0.077124,0.00366
0.077128,0.00366
0.077132,0.00244
0.077136,0.00366
0.07714,0.00244
0.077144,0.00366
0.077148,0.00244
0.077152,0.00244
0.077156,0.00366
0.07716,0.00366
0.077164,0.00366
0.077168,0.00366
0.077172,0.00244
0.077176,0.00244
0.07718,0.00366
0.077184,0.00244
0.077188,0.00244
0.077192,0.00366
0.077196,0.00366
0.0772,0.00244
0.077204,0.00366
0.077208,0.00366
0.077212,0.00366
0.077216,0.00366
0.07722,0.00244
0.077224,0.00366
0.077228,0.00244
0.077232,0.00366
0.077236,0.00366
0.07724,0.00244
0.077244,0.00366
0.077248,0.00244
0.077252,0.00366
0.077256,0.00366
0.07726,0.00366
0.077264,0.00366
0.077268,0.00366
0.077272,0.00366
0.077276,0.00366
0.07728,0.00366
0.077284,0.00366
0.077288,0.00366
0.077292,0.00366
0.077296,0.00244
0.0773,0.00366
0.077304,0.00366
0.077308,0.00366
0.077312,0.00366
0.077316,0.00244
0.07732,0.00244
0.077324,0.00366
0.077328,0.00366
0.077332,0.00244
0.077336,0.00366
0.07734,0.00366
0.077344,0.00366
0.077348,0.00244
0.077352,0.00366
0.077356,0.00366
0.07736,0.00366
0.077364,0.00366
0.077368,0.00366
0.077372,0.00366
0.077376,0.00366
0.07738,0.00366
0.077384,0.00366
0.077388,0.00366
0.077392,0.00366
0.077396,0.00366
0.0774,0.00366
0.077404,0.00366
0.077408,0.00366
0.077412,0.00366
0.077416,0.00366
0.07742,0.00366
0.077424,0.00366
0.077428,0.00366
0.077432,0.00366
0.077436,0.00366
0.07744,0.00366
0.077444,0.00366
0.077448,0.00366
0.077452,0.00366
0.077456,0.00366
0.07746,0.00366
0.077464,0.00366
0.077468,0.00366
0.077472,0.00366
0.077476,0.00366
0.07748,0.00488
0.077484,0.00366
0.077488,0.00366
0.077492,0.00366
0.077496,0.00366
0.0775,0.00366
0.077504,0.00366
0.077508,0.00366
0.077512,0.00366
0.077516,0.00366
0.07752,0.00366
0.077524,0.00366
0.077528,0.00366
0.077532,0.00366
0.077536,0.00366
0.07754,0.00366
0.077544,0.00366
0.077548,0.00366
0.077552,0.00366
0.077556,0.00366
0.07756,0.00366
0.077564,0.00366
0.077568,0.00244
0.077572,0.00366
0.077576,0.00244
0.07758,0.00366
0.077584,0.00366
0.077588,0.00366
0.077592,0.00244
0.077596,0.00366
0.0776,0.00366
0.077604,0.00366
0.077608,0.00244
0.077612,0.00366
0.077616,0.00366
0.07762,0.00366
0.077624,0.00366
0.077628,0.00244
0.077632,0.00366
0.077636,0.00244
0.07764,0.00366
0.077644,0.00366
0.077648,0.00244
0.077652,0.00244
0.077656,0.00244
0.07766,0.00366
0.077664,0.00366
0.077668,0.00244
0.077672,0.00244
0.077676,0.00366
0.07768,0.00244
0.077684,0.00244
0.077688,0.00244
0.077692,0.00244
0.077696,0.00244
0.0777,0.00366
0.077704,0.00366
0.077708,0.00366
0.077712,0.00366
0.077716,0.00244
0.07772,0.00244
0.077724,0.00244
0.077728,0.00366
0.077732,0.00244
0.077736,0.00244
0.07774,0.00244
0.077744,0.00244
0.077748,0.00122
0.077752,0.00244
0.077756,0.00244
0.07776,0.00244
0.077764,0.00244
0.077768,0.00122
0.077772,0.00244
0.077776,0.00244
0.07778,0.00244
0.077784,0.00244
0.077788,0.00244
0.077792,0.00244
0.077796,0.00244
0.0778,0.00244
0.077804,0.00244
0.077808,0.00244
0.077812,0.00244
0.077816,0.00244
0.07782,0.00122
0.077824,0.00244
0.077828,0.00244
0.077832,0.00244
0.077836,0.00244
0.07784,0.00244
0.077844,0.00244
0.077848,0.00244
0.077852,0.00244
0.077856,0.00244
0.07786,0.00244
0.077864,0.00244
0.077868,0.00244
0.077872,0.00366
0.077876,0.00244
0.07788,0.00122
0.077884,0.00244
0.077888,0.00366
0.077892,0.00244
0.077896,0.00244
0.0779,0.00244
0.077904,0.00244
0.077908,0.00244
0.077912,0.00244
0.077916,0.00244
0.07792,0.00244
0.077924,0.00244
0.077928,0.00244
0.077932,0.00244
0.077936,0.00244
0.07794,0.00244
0.077944,0.00244
0.077948,0.00122
0.077952,0.00244
0.077956,0.00244
0.07796,0.00244
0.077964,0.00366
0.077968,0.00244
0.077972,0.00244
0.077976,0.00244
0.07798,0.00244
0.077984,0.00244
0.077988,0.00244
0.077992,0.00244
0.077996,0.00244
0.078,0.00244
0.078004,0.00244
0.078008,0.00122
0.078012,0.00244
0.078016,0.00244
0.07802,0.00244
0.078024,0.00244
0.078028,0.00244
0.078032,0.00244
0.078036,0.00244
0.07804,0.00244
0.078044,0.00244
0.078048,0.00244
0.078052,0.00244
0.078056,0.00244
0.07806,0.00244
0.078064,0.00244
0.078068,0.00366
0.078072,0.00244
0.078076,0.00366
0.07808,0.00244
0.078084,0.00244
0.078088,0.00244
0.078092,0.00244
0.078096,0.00366
0.0781,0.00244
0.078104,0.00244
0.078108,0.00244
0.078112,0.00366
0.078116,0.00366
0.07812,0.00244
0.078124,0.00244
0.078128,0.00366
0.078132,0.00366
0.078136,0.00244
0.07814,0.00244
0.078144,0.00244
0.078148,0.00366
0.078152,0.00122
0.078156,0.00244
0.07816,0.00244
0.078164,0.00244
0.078168,0.00244
0.078172,0.00366
0.078176,0.00244
0.07818,0.00244
0.078184,0.00366
0.078188,0.00366
0.078192,0.00244
0.078196,0.00244
0.0782,0.00244
0.078204,0.00244
0.078208,0.00244
0.078212,0.00122
0.078216,0.00244
0.07822,0.00244
0.078224,0.00244
0.078228,0.00244
0.078232,0.00244
0.078236,0.00366
0.07824,0.00244
0.078244,0.00244
0.078248,0.00244
0.078252,0.00244
0.078256,0.00244
0.07826,0.00366
0.078264,0.00244
0.078268,0.00244
0.078272,0.00244
0.078276,0.00244
0.07828,0.00244
0.078284,0.00244
0.078288,0.00244
0.078292,0.00244
0.078296,0.00244
0.0783,0.00244
0.078304,0.00244
0.078308,0.00244
0.078312,0.00122
0.078316,0.00244
0.07832,0.00244
0.078324,0.00244
0.078328,0.00244
0.078332,0.00122
0.078336,0.00244
0.07834,0.00122
0.078344,0.00122
0.078348,0.00244
0.078352,0.00122
0.078356,0.00244
0.07836,0.00244
0.078364,0.00244
0.078368,0.00244
0.078372,0.00244
0.078376,0.00122
0.07838,0.00122
0.078384,0.00122
0.078388,0.00122
0.078392,0.00122
0.078396,0.00122
0.0784,0.00122
0.078404,0.00122
0.078408,0.00122
0.078412,0.00122
0.078416,0.00244
0.07842,0.00122
0.078424,0.00122
0.078428,0.00122
0.078432,0.00122
0.078436,0.00122
0.07844,0.00122
0.078444,0.0
0.078448,0.00122
0.078452,0.00122
0.078456,0.00122
0.07846,0.0
0.078464,0.0
0.078468,0.00122
0.078472,0.00122
0.078476,0.0
0.07848,0.00122
0.078484,0.0
0.078488,0.00122
0.078492,0.00122
0.078496,0.0
0.0785,0.0
0.078504,0.00122
0.078508,0.0
0.078512,0.0
0.078516,0.0
0.07852,0.0
0.078524,0.0
0.078528,0.0
0.078532,0.0
0.078536,0.0
0.07854,-0.00122
0.078544,-0.00122
0.078548,0.0
0.078552,-0.00122
0.078556,-0.00122
0.07856,-0.00122
0.078564,-0.00122
0.078568,-0.00122
0.078572,0.0
0.078576,0.0
0.07858,-0.00122
0.078584,-0.00122
0.078588,-0.00122
0.078592,-0.00122
0.078596,0.0
0.0786,-0.00122
0.078604,-0.00122
0.078608,-0.00122
0.078612,-0.00122
0.078616,-0.00122
0.07862,-0.00122
0.078624,-0.00122
0.078628,-0.00122
0.078632,-0.00122
0.078636,-0.00122
0.07864,-0.00122
0.078644,-0.00122
0.078648,-0.00122
0.078652,-0.00122
0.078656,-0.00122
0.07866,-0.00122
0.078664,-0.00122
0.078668,-0.00122
0.078672,-0.00244
0.078676,-0.00122
0.07868,-0.00122
0.078684,-0.00244
0.078688,-0.00122
0.078692,-0.00244
0.078696,-0.00244
0.0787,-0.00122
0.078704,-0.00244
0.078708,-0.00244
0.078712,-0.00122
0.078716,-0.00122
0.07872,-0.00244
0.078724,-0.00122
0.078728,-0.00244
0.078732,-0.00244
0.078736,-0.00122
0.07874,-0.00244
0.078744,-0.00244
0.078748,-0.00244
0.078752,-0.00244
0.078756,-0.00244
0.07876,-0.00122
0.078764,-0.00244
0.078768,-0.00244
0.078772,-0.00244
0.078776,-0.00244
0.07878,-0.00244
0.078784,-0.00366
0.078788,-0.00244
0.078792,-0.00244
0.078796,-0.00244
0.0788,-0.00244
0.078804,-0.00244
0.078808,-0.00244
0.078812,-0.00366
0.078816,-0.00244
0.07882,-0.00244
0.078824,-0.00244
0.078828,-0.00244
0.078832,-0.00244
0.078836,-0.00244
0.07884,-0.00244
0.078844,-0.00244
0.078848,-0.00366
0.078852,-0.00366
0.078856,-0.00244
0.07886,-0.00366
0.078864,-0.00244
0.078868,-0.00366
0.078872,-0.00366
0.078876,-0.00366
0.07888,-0.00366
0.078884,-0.00366
0.078888,-0.00244
0.078892,-0.00244
0.078896,-0.00244
0.0789,-0.00244
0.078904,-0.00244
0.078908,-0.00244
0.078912,-0.00366
0.078916,-0.00366
0.07892,-0.00244
0.078924,-0.00244
0.078928,-0.00244
0.078932,-0.00366
0.078936,-0.00244
0.07894,-0.00244
0.078944,-0.00366
0.078948,-0.00244
0.078952,-0.00244
0.078956,-0.00366
0.07896,-0.00366
0.078964,-0.00366
0.078968,-0.00366
0.078972,-0.00366
0.078976,-0.00244
0.07898,-0.00244
0.078984,-0.00244
0.078988,-0.00244
0.078992,-0.00366
0.078996,-0.00366
0.079,-0.00366
0.079004,-0.00366
0.079008,-0.00244
0.079012,-0.00244
0.079016,-0.00244
0.07902,-0.00244
0.079024,-0.00244
0.079028,-0.00244
0.079032,-0.00244
0.079036,-0.00366
0.07904,-0.00244
0.079044,-0.00366
0.079048,-0.00244
0.079052,-0.00366
0.079056,-0.00244
0.07906,-0.00244
0.079064,-0.00244
0.079068,-0.00244
0.079072,-0.00366
0.079076,-0.00244
0.07908,-0.00244
0.079084,-0.00366
0.079088,-0.00244
0.079092,-0.00366
0.079096,-0.00244
0.0791,-0.00366
0.079104,-0.00244
0.079108,-0.00244
0.079112,-0.00244
0.079116,-0.00244
0.07912,-0.00244
0.079124,-0.00244
0.079128,-0.00366
0.079132,-0.00366
0.079136,-0.00244
0.07914,-0.00244
0.079144,-0.00244
0.079148,-0.00366
0.079152,-0.00244
0.079156,-0.00244
0.07916,-0.00244
0.079164,-0.00244
0.079168,-0.00244
0.079172,-0.00244
0.079176,-0.00366
0.07918,-0.00366
0.079184,-0.00366
0.079188,-0.00244
0.079192,-0.00366
0.079196,-0.00244
0.0792,-0.00244
0.079204,-0.00244
0.079208,-0.00366
0.079212,-0.00244
0.079216,-0.00244
0.07922,-0.00366
0.079224,-0.00366
0.079228,-0.00244
0.079232,-0.00366
0.079236,-0.00366
0.07924,-0.00244
0.079244,-0.00366
0.079248,-0.00244
0.079252,-0.00244
0.079256,-0.00244
0.07926,-0.00366
0.079264,-0.00366
0.079268,-0.00244
0.079272,-0.00244
0.079276,-0.00244
0.07928,-0.00366
0.079284,-0.00366
0.079288,-0.00366
0.079292,-0.00244
0.079296,-0.00366
0.0793,-0.00244
0.079304,-0.00366
0.079308,-0.00366
0.079312,-0.00366
0.079316,-0.00244
0.07932,-0.00366
0.079324,-0.00488
0.079328,-0.00244
0.079332,-0.00366
0.079336,-0.00366
0.07934,-0.00366
0.079344,-0.00366
0.079348,-0.00366
0.079352,-0.00366
0.079356,-0.00366
0.07936,-0.00244
0.079364,-0.00244
0.079368,-0.00366
0.079372,-0.00366
0.079376,-0.00366
0.07938,-0.00366
0.079384,-0.00244
0.079388,-0.00366
0.079392,-0.00366
0.079396,-0.00366
0.0794,-0.00366
0.079404,-0.00366
0.079408,-0.00366
0.079412,-0.00366
0.079416,-0.00366
0.07942,-0.00366
0.079424,-0.00366
0.079428,-0.00366
0.079432,-0.00366
0.079436,-0.00244
0.07944,-0.00366
0.079444,-0.00366
0.079448,-0.00366
0.079452,-0.00366
0.079456,-0.00366
0.07946,-0.00366
0.079464,-0.00366
0.079468,-0.00366
0.079472,-0.00366
0.079476,-0.00366
0.07948,-0.00366
0.079484,-0.00366
0.079488,-0.00366
0.079492,-0.00366
0.079496,-0.00366
0.0795,-0.00366
0.079504,-0.00366
0.079508,-0.00488
0.079512,-0.00366
0.079516,-0.00366
0.07952,-0.00366
0.079524,-0.00244
0.079528,-0.00488
0.079532,-0.00366
0.079536,-0.00366
0.07954,-0.00366
0.079544,-0.00488
0.079548,-0.00366
0.079552,-0.00488
0.079556,-0.00488
0.07956,-0.00488
0.079564,-0.00366
0.079568,-0.00366
0.079572,-0.00488
0.079576,-0.00366
0.07958,-0.00366
0.079584,-0.00366
0.079588,-0.00366
0.079592,-0.00366
0.079596,-0.00366
0.0796,-0.00366
0.079604,-0.00366
0.079608,-0.00366
0.079612,-0.00366
0.079616,-0.00366
0.07962,-0.00366
0.079624,-0.00366
0.079628,-0.00366
0.079632,-0.00366
0.079636,-0.00366
0.07964,-0.00366
0.079644,-0.00366
0.079648,-0.00366
0.079652,-0.00366
0.079656,-0.00366
0.07966,-0.00366
0.079664,-0.00366
0.079668,-0.00366
0.079672,-0.00366
0.079676,-0.00366
0.07968,-0.00366
0.079684,-0.00366
0.079688,-0.00366
0.079692,-0.00366
0.079696,-0.00366
0.0797,-0.00366
0.079704,-0.00366
0.079708,-0.00366
0.079712,-0.00366
0.079716,-0.00366
0.07972,-0.00366
0.079724,-0.00244
0.079728,-0.00366
0.079732,-0.00366
0.079736,-0.00366
0.07974,-0.00244
0.079744,-0.00244
0.079748,-0.00244
0.079752,-0.00122
0.079756,-0.00366
0.07976,-0.00244
0.079764,-0.00244
0.079768,-0.00244
0.079772,-0.00244
0.079776,-0.00244
0.07978,-0.00244
0.079784,-0.00244
0.079788,-0.00244
0.079792,-0.00244
0.079796,-0.00244
0.0798,-0.00244
0.079804,-0.00244
0.079808,-0.00244
0.079812,-0.00244
0.079816,-0.00244
0.07982,-0.00244
0.079824,-0.00244
0.079828,-0.00244
0.079832,-0.00244
0.079836,-0.00244
0.07984,-0.00244
0.079844,-0.00244
0.079848,-0.00244
0.079852,-0.00244
0.079856,-0.00244
0.07986,-0.00122
0.079864,-0.00122
0.079868,-0.00122
0.079872,-0.00244
0.079876,-0.00122
0.07988,-0.00244
0.079884,-0.00122
0.079888,-0.00122
0.079892,-0.00244
0.079896,-0.00122
0.0799,-0.00122
0.079904,-0.00122
0.079908,-0.00122
0.079912,-0.00122
0.079916,-0.00122
0.07992,-0.00122
0.079924,-0.00122
0.079928,-0.00122
0.079932,-0.00122
0.079936,-0.00122
0.07994,-0.00122
0.079944,-0.00122
0.079948,-0.00122
0.079952,-0.00122
0.079956,-0.00122
0.07996,-0.00122
0.079964,-0.00122
0.079968,-0.00122
0.079972,-0.00122
0.079976,-0.00122
0.07998,-0.00122
0.079984,-0.00122
0.079988,-0.00122
0.079992,0.0
0.079996,-0.00122
0.08,0.0
0.080004,0.0
0.080008,-0.00122
0.080012,0.0
0.080016,-0.00122
0.08002,0.0
0.080024,0.0
0.080028,0.0
0.080032,0.00122
0.080036,0.0
0.08004,0.0
0.080044,-0.00122
0.080048,0.0
0.080052,0.0
0.080056,0.0
0.08006,0.0
0.080064,0.00122
0.080068,0.00122
0.080072,0.0
0.080076,0.0
0.08008,0.0
0.080084,0.00122
0.080088,0.00122
0.080092,0.00122
0.080096,0.0
0.0801,0.00122
0.080104,-0.00122
0.080108,0.0
0.080112,0.00122
0.080116,0.00122
0.08012,0.0
0.080124,0.00122
0.080128,0.00122
0.080132,0.00122
0.080136,0.00122
0.08014,0.00122
0.080144,0.00122
0.080148,0.00122
0.080152,0.00122
0.080156,0.00122
0.08016,0.00122
0.080164,0.00244
0.080168,0.00122
0.080172,0.00122
0.080176,0.00244
0.08018,0.00244
0.080184,0.00244
0.080188,0.00122
0.080192,0.00244
0.080196,0.00244
0.0802,0.00244
0.080204,0.00122
0.080208,0.00122
0.080212,0.00244
0.080216,0.00244
0.08022,0.00122
0.080224,0.00244
0.080228,0.00244
0.080232,0.00244
0.080236,0.00244
0.08024,0.00244
0.080244,0.00244
0.080248,0.00244
0.080252,0.00244
0.080256,0.00244
0.08026,0.00244
0.080264,0.00244
0.080268,0.00122
0.080272,0.00244
0.080276,0.00366
0.08028,0.00244
0.080284,0.00244
0.080288,0.00244
0.080292,0.00244
0.080296,0.00244
0.0803,0.00244
0.080304,0.00244
0.080308,0.00244
0.080312,0.00366
0.080316,0.00366
0.08032,0.00244
0.080324,0.00244
0.080328,0.00366
0.080332,0.00244
0.080336,0.00244
0.08034,0.00366
0.080344,0.00244
0.080348,0.00366
0.080352,0.00366
0.080356,0.00366
0.08036,0.00244
0.080364,0.00366
0.080368,0.00366
0.080372,0.00366
0.080376,0.00244
0.08038,0.00366
0.080384,0.00366
0.080388,0.00366
0.080392,0.00366
0.080396,0.00366
0.0804,0.00244
0.080404,0.00244
0.080408,0.00244
0.080412,0.00366
0.080416,0.00366
0.08042,0.00366
0.080424,0.00366
0.080428,0.00366
0.080432,0.00366
0.080436,0.00366
0.08044,0.00366
0.080444,0.00366
0.080448,0.00366
0.080452,0.00366
0.080456,0.00366
0.08046,0.00366
0.080464,0.00366
0.080468,0.00366
0.080472,0.00366
0.080476,0.00488
0.08048,0.00366
0.080484,0.00366
0.080488,0.00488
0.080492,0.00366
0.080496,0.00488
0.0805,0.00366
0.080504,0.00366
0.080508,0.00366
0.080512,0.00366
0.080516,0.00488
0.08052,0.00488
0.080524,0.00366
0.080528,0.00488
0.080532,0.00366
0.080536,0.00366
0.08054,0.00488
0.080544,0.00488
0.080548,0.00488
0.080552,0.00488
0.080556,0.00366
0.08056,0.00488
0.080564,0.00488
0.080568,0.00488
0.080572,0.00488
0.080576,0.00488
0.08058,0.00488
0.080584,0.00488
0.080588,0.00488
0.080592,0.00488
0.080596,0.00488
0.0806,0.00488
0.080604,0.00488
0.080608,0.0060999999999999995
0.080612,0.00488
0.080616,0.00488
0.08062,0.00488
0.080624,0.00488
0.080628,0.00488
0.080632,0.00488
0.080636,0.00488
0.08064,0.00488
0.080644,0.00488
0.080648,0.0060999999999999995
0.080652,0.00488
0.080656,0.00488
0.08066,0.0060999999999999995
0.080664,0.00488
0.080668,0.00488
0.080672,0.00488
0.080676,0.00488
0.08068,0.00488
0.080684,0.00488
0.080688,0.00488
0.080692,0.00488
0.080696,0.00488
0.0807,0.00488
0.080704,0.00488
0.080708,0.00488
0.080712,0.00488
0.080716,0.0060999999999999995
0.08072,0.00488
0.080724,0.0060999999999999995
0.080728,0.0060999999999999995
0.080732,0.0060999999999999995
0.080736,0.0060999999999999995
0.08074,0.00488
0.080744,0.0060999999999999995
0.080748,0.00488
0.080752,0.00488
0.080756,0.00488
0.08076,0.00488
0.080764,0.0060999999999999995
0.080768,0.00488
0.080772,0.0060999999999999995
0.080776,0.0060999999999999995
0.08078,0.0060999999999999995
0.080784,0.0060999999999999995
0.080788,0.0060999999999999995
0.080792,0.0060999999999999995
0.080796,0.00488
0.0808,0.0060999999999999995
0.080804,0.0060999999999999995
0.080808,0.0060999999999999995
0.080812,0.00732
0.080816,0.0060999999999999995
0.08082,0.0060999999999999995
0.080824,0.00732
0.080828,0.0060999999999999995
0.080832,0.0060999999999999995
0.080836,0.00732
0.08084,0.0060999999999999995
0.080844,0.0060999999999999995
0.080848,0.0060999999999999995
0.080852,0.0060999999999999995
0.080856,0.0060999999999999995
0.08086,0.0060999999999999995
0.080864,0.0060999999999999995
0.080868,0.00732
0.080872,0.0060999999999999995
0.080876,0.0060999999999999995
0.08088,0.0060999999999999995
0.080884,0.0060999999999999995
0.080888,0.0060999999999999995
0.080892,0.0060999999999999995
0.080896,0.0060999999999999995
0.0809,0.0060999999999999995
0.080904,0.0060999999999999995
0.080908,0.0060999999999999995
0.080912,0.00732
0.080916,0.0060999999999999995
0.08092,0.00732
0.080924,0.00732
0.080928,0.00732
0.080932,0.00732
0.080936,0.00732
0.08094,0.00732
0.080944,0.00732
0.080948,0.00732
0.080952,0.00732
0.080956,0.00732
0.08096,0.00732
0.080964,0.0060999999999999995
0.080968,0.00732
0.080972,0.00732
0.080976,0.00732
0.08098,0.00732
0.080984,0.00732
0.080988,0.00732
0.080992,0.00732
0.080996,0.00732
0.081,0.00732
0.081004,0.00732
0.081008,0.0060999999999999995
0.081012,0.00732
0.081016,0.00732
0.08102,0.0060999999999999995
0.081024,0.0060999999999999995
0.081028,0.008539999999999999
0.081032,0.00732
0.081036,0.00732
0.08104,0.00732
0.081044,0.00732
0.081048,0.00732
0.081052,0.00732
0.081056,0.00732
0.08106,0.00732
0.081064,0.00732
0.081068,0.0060999999999999995
0.081072,0.00732
0.081076,0.00732
0.08108,0.00732
0.081084,0.00732
0.081088,0.00732
0.081092,0.00732
0.081096,0.0060999999999999995
0.0811,0.00732
0.081104,0.00732
0.081108,0.0060999999999999995
0.081112,0.00732
0.081116,0.00732
0.08112,0.0060999999999999995
0.081124,0.00732
0.081128,0.00732
0.081132,0.00732
0.081136,0.00732
0.08114,0.00732
0.081144,0.00732
0.081148,0.00732
0.081152,0.00732
0.081156,0.00732
0.08116,0.00732
0.081164,0.00732
0.081168,0.00732
0.081172,0.00732
0.081176,0.00732
0.08118,0.008539999999999999
0.081184,0.00732
0.081188,0.00732
0.081192,0.00732
0.081196,0.00732
0.0812,0.00732
0.081204,0.008539999999999999
0.081208,0.008539999999999999
0.081212,0.00732
0.081216,0.00732
0.08122,0.008539999999999999
0.081224,0.00732
0.081228,0.00732
0.081232,0.00732
0.081236,0.00732
0.08124,0.00732
0.081244,0.00732
0.081248,0.00732
0.081252,0.00732
0.081256,0.008539999999999999
0.08126,0.00732
0.081264,0.00732
0.081268,0.00732
0.081272,0.00732
0.081276,0.00732
0.08128,0.00732
0.081284,0.0060999999999999995
0.081288,0.00732
0.081292,0.00732
0.081296,0.00732
0.0813,0.00732
0.081304,0.00732
0.081308,0.00732
0.081312,0.00732
0.081316,0.00732
0.08132,0.00732
0.081324,0.00732
0.081328,0.00732
0.081332,0.00732
0.081336,0.00732
0.08134,0.00732
0.081344,0.0060999999999999995
0.081348,0.0060999999999999995
0.081352,0.00732
0.081356,0.0060999999999999995
0.08136,0.0060999999999999995
0.081364,0.0060999999999999995
0.081368,0.0060999999999999995
0.081372,0.0060999999999999995
0.081376,0.0060999999999999995
0.08138,0.0060999999999999995
0.081384,0.00732
0.081388,0.00732
0.081392,0.0060999999999999995
0.081396,0.0060999999999999995
0.0814,0.0060999999999999995
0.081404,0.0060999999999999995
0.081408,0.0060999999999999995
0.081412,0.0060999999999999995
0.081416,0.0060999999999999995
0.08142,0.0060999999999999995
0.081424,0.00732
0.081428,0.0060999999999999995
0.081432,0.0060999999999999995
0.081436,0.0060999999999999995
0.08144,0.00732
0.081444,0.0060999999999999995
0.081448,0.0060999999999999995
0.081452,0.0060999999999999995
0.081456,0.0060999999999999995
0.08146,0.00732
0.081464,0.0060999999999999995
0.081468,0.0060999999999999995
0.081472,0.0060999999999999995
0.081476,0.0060999999999999995
0.08148,0.0060999999999999995
0.081484,0.0060999999999999995
0.081488,0.0060999999999999995
0.081492,0.0060999999999999995
0.081496,0.0060999999999999995
0.0815,0.00488
0.081504,0.0060999999999999995
0.081508,0.00488
0.081512,0.0060999999999999995
0.081516,0.00488
0.08152,0.0060999999999999995
0.081524,0.0060999999999999995
0.081528,0.0060999999999999995
0.081532,0.00488
0.081536,0.00488
0.08154,0.00488
0.081544,0.00488
0.081548,0.00488
0.081552,0.0060999999999999995
0.081556,0.00488
0.08156,0.00488
0.081564,0.0060999999999999995
0.081568,0.00488
0.081572,0.00488
0.081576,0.0060999999999999995
0.08158,0.0060999999999999995
0.081584,0.00488
0.081588,0.0060999999999999995
0.081592,0.0060999999999999995
0.081596,0.0060999999999999995
0.0816,0.00488
0.081604,0.0060999999999999995
0.081608,0.0060999999999999995
0.081612,0.00488
0.081616,0.00488
0.08162,0.00488
0.081624,0.00488
0.081628,0.00488
0.081632,0.00488
0.081636,0.00488
0.08164,0.00488
0.081644,0.00488
0.081648,0.00488
0.081652,0.00488
0.081656,0.00488
0.08166,0.00488
0.081664,0.00488
0.081668,0.00488
0.081672,0.00366
0.081676,0.00488
0.08168,0.00366
0.081684,0.00488
0.081688,0.00488
0.081692,0.00366
0.081696,0.00488
0.0817,0.00488
0.081704,0.00488
0.081708,0.00366
0.081712,0.00488
0.081716,0.00366
0.08172,0.00366
0.081724,0.00366
0.081728,0.00366
0.081732,0.00366
0.081736,0.00366
0.08174,0.00366
0.081744,0.00366
0.081748,0.00366
0.081752,0.00366
0.081756,0.00366
0.08176,0.00366
0.081764,0.00366
0.081768,0.00366
0.081772,0.00366
0.081776,0.00366
0.08178,0.00244
0.081784,0.00366
0.081788,0.00366
0.081792,0.00366
0.081796,0.00366
0.0818,0.00366
0.081804,0.00366
0.081808,0.00366
0.081812,0.00366
0.081816,0.00366
0.08182,0.00244
0.081824,0.00366
0.081828,0.00366
0.081832,0.00244
0.081836,0.00366
0.08184,0.00366
0.081844,0.00366
0.081848,0.00366
0.081852,0.00366
0.081856,0.00366
0.08186,0.00366
0.081864,0.00244
0.081868,0.00366
0.081872,0.00366
0.081876,0.00244
0.08188,0.00244
0.081884,0.00244
0.081888,0.00244
0.081892,0.00244
0.081896,0.00244
0.0819,0.00366
0.081904,0.00244
0.081908,0.00244
0.081912,0.00366
0.081916,0.00366
0.08192,0.00244
0.081924,0.00244
0.081928,0.00244
0.081932,0.00244
0.081936,0.00244
0.08194,0.00244
0.081944,0.00244
0.081948,0.00244
0.081952,0.00122
0.081956,0.00122
0.08196,0.00244
0.081964,0.00244
0.081968,0.00244
0.081972,0.00244
0.081976,0.00244
0.08198,0.00244
0.081984,0.00244
0.081988,0.00122
0.081992,0.00244
0.081996,0.00122
0.082,0.00122
0.082004,0.00122
0.082008,0.00122
0.082012,0.00244
0.082016,0.00244
0.08202,0.00122
0.082024,0.00122
0.082028,0.00244
0.082032,0.00122
0.082036,0.00244
0.08204,0.00122
0.082044,0.00122
0.082048,0.00122
0.082052,0.00244
0.082056,0.00122
0.08206,0.00122
0.082064,0.00122
0.082068,0.00122
0.082072,0.00122
0.082076,0.00122
0.08208,0.0
0.082084,0.0
0.082088,0.00122
0.082092,0.00122
0.082096,0.00122
0.0821,0.00122
0.082104,0.00122
0.082108,0.00122
0.082112,0.00122
0.082116,0.0
0.08212,0.00122
0.082124,0.0
0.082128,0.00122
0.082132,0.00122
0.082136,0.00122
0.08214,0.00122
0.082144,0.00122
0.082148,0.0
0.082152,0.00122
0.082156,0.0
0.08216,0.00122
0.082164,0.00122
0.082168,0.00122
0.082172,0.00122
0.082176,0.0
0.08218,0.0
0.082184,0.0
0.082188,0.0
0.082192,0.0
0.082196,0.0
0.0822,0.00122
0.082204,-0.00122
0.082208,0.0
0.082212,0.00122
0.082216,0.0
0.08222,0.0
0.082224,0.0
0.082228,0.0
0.082232,0.0
0.082236,0.0
0.08224,0.0
0.082244,0.0
0.082248,0.00122
0.082252,-0.00122
0.082256,0.0
0.08226,0.0
0.082264,0.0
0.082268,0.0
0.082272,-0.00122
0.082276,0.0
0.08228,0.0
0.082284,-0.00122
0.082288,0.0
0.082292,-0.00122
0.082296,0.00122
0.0823,0.0
0.082304,-0.00122
0.082308,0.0
0.082312,0.0
0.082316,-0.00122
0.08232,-0.00122
0.082324,0.0
0.082328,-0.00122
0.082332,-0.00122
0.082336,-0.00122
0.08234,-0.00122
0.082344,0.0
0.082348,-0.00122
0.082352,-0.00122
0.082356,-0.00122
0.08236,0.0
0.082364,0.0
0.082368,-0.00122
0.082372,-0.00122
0.082376,-0.00122
0.08238,-0.00122
0.082384,-0.00122
0.082388,-0.00122
0.082392,-0.00122
0.082396,0.0
0.0824,0.0
0.082404,0.0
0.082408,0.0
0.082412,0.0
0.082416,0.0
0.08242,-0.00122
0.082424,0.0
0.082428,0.0
0.082432,0.0
0.082436,-0.00122
0.08244,0.0
0.082444,0.0
0.082448,0.0
0.082452,0.00122
0.082456,0.0
0.08246,0.0
0.082464,0.0
0.082468,0.0
0.082472,0.0
0.082476,0.0
0.08248,0.0
0.082484,0.0
0.082488,0.0
0.082492,0.0
0.082496,0.0
0.0825,0.0
0.082504,0.0
0.082508,0.0
0.082512,0.0
0.082516,0.0
0.08252,0.0
0.082524,0.0
0.082528,0.00122
0.082532,0.0
0.082536,0.0
0.08254,0.0
0.082544,0.0
0.082548,0.0
0.082552,0.0
0.082556,0.0
0.08256,0.0
0.082564,0.0
0.082568,0.0
0.082572,0.00122
0.082576,0.0
0.08258,0.0
0.082584,0.00122
0.082588,0.0
0.082592,0.0
0.082596,0.0
0.0826,0.0
0.082604,0.0
0.082608,0.0
0.082612,0.0
0.082616,0.0
0.08262,0.0
0.082624,0.0
0.082628,0.00122
0.082632,0.0
0.082636,0.0
0.08264,0.0
0.082644,0.0
0.082648,0.0
0.082652,0.00122
0.082656,0.0
0.08266,0.0
0.082664,0.00122
0.082668,0.0
0.082672,0.0
0.082676,0.0
0.08268,0.0
0.082684,0.00122
0.082688,0.0
0.082692,0.0
0.082696,0.0
0.0827,0.0
0.082704,0.00122
0.082708,0.0
0.082712,0.0
0.082716,0.00122
0.08272,0.0
0.082724,0.0
0.082728,0.0
0.082732,0.00122
0.082736,0.0
0.08274,0.0
0.082744,0.00122
0.082748,0.00122
0.082752,0.0
0.082756,0.00122
0.08276,0.00122
0.082764,0.0
0.082768,0.00122
0.082772,0.0
0.082776,0.0
0.08278,0.0
0.082784,0.00122
0.082788,0.00122
0.082792,0.0
0.082796,0.00122
0.0828,0.0
0.082804,0.00122
0.082808,0.0
0.082812,0.00122
0.082816,0.00122
0.08282,0.00122
0.082824,0.0
0.082828,0.00122
0.082832,0.00122
0.082836,0.0
0.08284,0.00122
0.082844,0.00122
0.082848,0.0
0.082852,0.00122
0.082856,0.00122
0.08286,0.00122
0.082864,0.0
0.082868,0.0
0.082872,0.00122
0.082876,0.00122
0.08288,0.0
0.082884,0.00122
0.082888,0.00122
0.082892,0.0
0.082896,0.0
0.0829,0.0
0.082904,0.0
0.082908,0.00122
0.082912,0.0
0.082916,0.00122
0.08292,0.00122
0.082924,0.0
0.082928,0.0
0.082932,0.0
0.082936,0.00122
0.08294,0.00122
0.082944,0.00122
0.082948,0.00122
0.082952,0.00122
0.082956,0.0
0.08296,0.0
0.082964,0.0
0.082968,0.0
0.082972,0.00122
0.082976,0.0
0.08298,-0.00122
0.082984,0.00122
0.082988,0.00122
0.082992,0.0
0.082996,0.00122
0.083,0.00122
0.083004,0.0
0.083008,0.0
0.083012,0.00122
0.083016,0.0
0.08302,0.00122
0.083024,0.0
0.083028,0.00122
0.083032,0.00122
0.083036,0.0
0.08304,0.0
0.083044,0.0
0.083048,0.00122
0.083052,0.00122
0.083056,0.0
0.08306,0.0
0.083064,0.00122
0.083068,0.0
0.083072,0.00122
0.083076,0.0
0.08308,0.00122
0.083084,0.0
0.083088,0.00122
0.083092,0.0
0.083096,0.0
0.0831,0.00122
0.083104,0.0
0.083108,0.0
0.083112,0.0
0.083116,0.00122
0.08312,0.00122
0.083124,0.00122
0.083128,0.00122
0.083132,0.00122
0.083136,0.00122
0.08314,0.0
0.083144,0.00122
0.083148,0.0
0.083152,0.00122
0.083156,0.00122
0.08316,0.00122
0.083164,0.00122
0.083168,0.0
0.083172,0.00122
0.083176,0.0
0.08318,0.0
0.083184,0.0
0.083188,0.00122
0.083192,0.00122
0.083196,0.00122
0.0832,0.0
0.083204,0.00122
0.083208,0.00122
0.083212,0.0
0.083216,0.00122
0.08322,0.00122
0.083224,0.00122
0.083228,0.00122
0.083232,0.0
0.083236,0.0
0.08324,0.00122
0.083244,0.0
0.083248,0.00122
0.083252,0.00122
0.083256,0.0
0.08326,0.00122
0.083264,0.0
0.083268,0.00122
0.083272,0.00122
0.083276,0.00122
0.08328,0.00122
0.083284,0.00122
0.083288,0.00122
0.083292,0.00122
0.083296,0.00122
0.0833,0.00122
0.083304,0.00122
0.083308,0.00122
0.083312,0.0
0.083316,0.00122
0.08332,0.0
0.083324,0.00122
0.083328,0.0
0.083332,0.00122
0.083336,0.00122
0.08334,0.00122
0.083344,0.00122
0.083348,0.00122
0.083352,0.00122
0.083356,0.0
0.08336,0.00122
0.083364,0.00122
0.083368,0.00122
0.083372,0.0
0.083376,0.00122
0.08338,0.00122
0.083384,0.00122
0.083388,0.00122
0.083392,0.00122
0.083396,0.00122
0.0834,0.00122
0.083404,0.00122
0.083408,0.00122
0.083412,0.00122
0.083416,0.00122
0.08342,0.00122
0.083424,0.00122
0.083428,0.00122
0.083432,0.00122
0.083436,0.0
0.08344,0.00122
0.083444,0.00122
0.083448,0.00122
0.083452,0.00244
0.083456,0.00122
0.08346,0.00122
0.083464,0.00122
0.083468,0.00244
0.083472,0.00244
0.083476,0.00122
0.08348,0.00122
0.083484,0.00244
0.083488,0.00122
0.083492,0.00122
0.083496,0.00244
0.0835,0.00244
0.083504,0.00122
0.083508,0.00122
0.083512,0.00244
0.083516,0.00244
0.08352,0.00244
0.083524,0.00122
0.083528,0.00122
0.083532,0.00244
0.083536,0.00244
0.08354,0.00244
0.083544,0.00244
0.083548,0.00244
0.083552,0.00122
0.083556,0.00122
0.08356,0.00244
0.083564,0.00244
0.083568,0.00122
0.083572,0.00122
0.083576,0.00244
0.08358,0.00244
0.083584,0.00122
0.083588,0.00122
0.083592,0.00244
0.083596,0.00122
0.0836,0.00244
0.083604,0.00122
0.083608,0.00244
0.083612,0.00244
0.083616,0.00244
0.08362,0.00244
0.083624,0.00244
0.083628,0.00244
0.083632,0.00122
0.083636,0.00244
0.08364,0.00122
0.083644,0.00244
0.083648,0.00122
0.083652,0.00122
0.083656,0.00122
0.08366,0.00244
0.083664,0.00122
0.083668,0.00244
0.083672,0.00244
0.083676,0.00244
0.08368,0.00122
0.083684,0.00244
0.083688,0.00244
0.083692,0.00122
0.083696,0.00122
0.0837,0.00244
0.083704,0.00122
0.083708,0.00122
0.083712,0.00244
0.083716,0.00244
0.08372,0.00244
0.083724,0.00244
0.083728,0.00244
0.083732,0.00122
0.083736,0.00122
0.08374,0.00244
0.083744,0.00122
0.083748,0.00122
0.083752,0.00122
0.083756,0.00122
0.08376,0.00122
0.083764,0.00122
0.083768,0.00244
0.083772,0.00122
0.083776,0.00244
0.08378,0.00122
0.083784,0.00244
0.083788,0.00122
0.083792,0.00122
0.083796,0.00244
0.0838,0.00244
0.083804,0.00122
0.083808,0.00122
0.083812,0.00244
0.083816,0.00244
0.08382,0.00244
0.083824,0.00122
0.083828,0.00122
0.083832,0.00122
0.083836,0.00122
0.08384,0.00244
0.083844,0.00244
0.083848,0.00244
0.083852,0.00122
0.083856,0.00244
0.08386,0.00122
0.083864,0.00122
0.083868,0.00244
0.083872,0.00122
0.083876,0.00122
0.08388,0.00122
0.083884,0.00122
0.083888,0.00122
0.083892,0.00122
0.083896,0.00122
0.0839,0.00122
0.083904,0.00122
0.083908,0.00122
0.083912,0.00122
0.083916,0.00244
0.08392,0.00122
0.083924,0.00122
0.083928,0.00122
0.083932,0.00122
0.083936,0.00244
0.08394,0.00244
0.083944,0.00122
0.083948,0.00122
0.083952,0.0
0.083956,0.00122
0.08396,0.00122
0.083964,0.00122
0.083968,0.00122
0.083972,0.00122
0.083976,0.00122
0.08398,0.00244
0.083984,0.00244
0.083988,0.00122
0.083992,0.00122
0.083996,0.00122
0.084,0.00122
0.084004,0.00122
0.084008,0.00244
0.084012,0.00244
0.084016,0.00122
0.08402,0.00244
0.084024,0.00244
0.084028,0.00244
0.084032,0.00122
0.084036,0.00122
0.08404,0.00244
0.084044,0.00244
0.084048,0.00122
0.084052,0.00122
0.084056,0.00244
0.08406,0.00122
0.084064,0.00122
0.084068,0.00244
0.084072,0.00122
0.084076,0.00122
0.08408,0.00122
0.084084,0.00244
0.084088,0.00244
0.084092,0.00122
0.084096,0.00244
0.0841,0.00122
0.084104,0.00244
0.084108,0.00122
0.084112,0.00122
0.084116,0.00244
0.08412,0.00244
0.084124,0.00244
0.084128,0.00244
0.084132,0.00122
0.084136,0.00244
0.08414,0.00122
0.084144,0.00244
0.084148,0.00244
0.084152,0.00122
0.084156,0.00244
0.08416,0.00244
0.084164,0.00122
0.084168,0.00244
0.084172,0.00244
0.084176,0.00244
0.08418,0.00244
0.084184,0.00122
0.084188,0.00244
0.084192,0.00122
0.084196,0.00122
0.0842,0.00244
0.084204,0.00244
0.084208,0.00244
0.084212,0.00244
0.084216,0.00122
0.08422,0.00244
0.084224,0.00122
0.084228,0.00244
0.084232,0.00244
0.084236,0.00244
0.08424,0.00244
0.084244,0.00122
0.084248,0.00122
0.084252,0.00122
0.084256,0.00122
0.08426,0.00244
0.084264,0.00244
0.084268,0.00122
0.084272,0.00122
0.084276,0.00244
0.08428,0.00122
0.084284,0.00122
0.084288,0.00244
0.084292,0.00122
0.084296,0.00244
0.0843,0.00122
0.084304,0.00244
0.084308,0.00244
0.084312,0.00244
0.084316,0.00244
0.08432,0.00244
0.084324,0.00122
0.084328,0.00244
0.084332,0.00244
0.084336,0.00244
0.08434,0.00122
0.084344,0.00122
0.084348,0.00122
0.084352,0.00244
0.084356,0.00244
0.08436,0.00122
0.084364,0.00244
0.084368,0.00122
0.084372,0.00244
0.084376,0.00122
0.08438,0.00122
0.084384,0.00122
0.084388,0.00244
0.084392,0.00244
0.084396,0.00122
0.0844,0.00122
0.084404,0.00122
0.084408,0.00122
0.084412,0.00244
0.084416,0.00244
0.08442,0.00244
0.084424,0.00244
0.084428,0.00244
0.084432,0.00122
0.084436,0.00122
0.08444,0.00122
0.084444,0.00244
0.084448,0.00244
0.084452,0.00244
0.084456,0.00122
0.08446,0.00122
0.084464,0.00122
0.084468,0.00122
0.084472,0.00122
0.084476,0.00122
0.08448,0.00122
0.084484,0.00122
0.084488,0.00244
0.084492,0.00244
0.084496,0.00122
0.0845,0.00122
0.084504,0.00122
0.084508,0.00122
0.084512,0.00122
0.084516,0.00244
0.08452,0.00244
0.084524,0.00244
0.084528,0.00244
0.084532,0.00122
0.084536,0.00244
0.08454,0.00122
0.084544,0.00122
0.084548,0.00122
0.084552,0.00122
0.084556,0.00122
0.08456,0.00122
0.084564,0.00122
0.084568,0.00122
0.084572,0.00244
0.084576,0.00244
0.08458,0.00122
0.084584,0.00122
0.084588,0.00122
0.084592,0.00122
0.084596,0.00244
0.0846,0.00122
0.084604,0.00122
0.084608,0.00244
0.084612,0.00122
0.084616,0.00122
0.08462,0.00122
0.084624,0.00122
0.084628,0.00122
0.084632,0.00122
0.084636,0.00122
0.08464,0.00244
0.084644,0.00122
0.084648,0.00122
0.084652,0.00122
0.084656,0.0
0.08466,0.00122
0.084664,0.00122
0.084668,0.00122
0.084672,0.00122
0.084676,0.00122
0.08468,0.00122
0.084684,0.00122
0.084688,0.00122
0.084692,0.00122
0.084696,0.00122
0.0847,0.00122
0.084704,0.00122
0.084708,0.00122
0.084712,0.00122
0.084716,0.00122
0.08472,0.00122
0.084724,0.00122
0.084728,0.00122
0.084732,0.00122
0.084736,0.00122
0.08474,0.00122
0.084744,0.00122
0.084748,0.00122
0.084752,0.00122
0.084756,0.00122
0.08476,0.00122
0.084764,0.00122
0.084768,0.00122
0.084772,0.0
0.084776,0.00122
0.08478,0.00122
0.084784,0.00122
0.084788,0.00122
0.084792,0.00122
0.084796,0.00122
0.0848,0.00122
0.084804,0.00122
0.084808,0.00122
0.084812,0.0
0.084816,0.00122
0.08482,0.00122
0.084824,0.0
0.084828,0.00122
0.084832,0.00122
0.084836,0.00122
0.08484,0.0
0.084844,0.00122
0.084848,0.0
0.084852,0.00122
0.084856,0.0
0.08486,0.00122
0.084864,0.0
0.084868,0.00122
0.084872,0.00122
0.084876,0.0
0.08488,0.00122
0.084884,0.00122
0.084888,0.00122
0.084892,0.00122
0.084896,0.00122
0.0849,0.00122
0.084904,0.0
0.084908,0.0
0.084912,0.0
0.084916,0.0
0.08492,0.00122
0.084924,0.00122
0.084928,0.0
0.084932,0.0
0.084936,0.00122
0.08494,0.00122
0.084944,0.0
0.084948,0.00122
0.084952,0.00122
0.084956,0.0
0.08496,0.0
0.084964,0.0
0.084968,0.0
0.084972,0.00122
0.084976,0.00122
0.08498,0.0
0.084984,0.00122
0.084988,0.00122
0.084992,0.0
0.084996,0.0
0.085,0.00122
0.085004,0.0
0.085008,0.0
0.085012,0.0
0.085016,0.00122
0.08502,0.0
0.085024,0.0
0.085028,0.0
0.085032,0.00122
0.085036,0.0
0.08504,0.00122
0.085044,-0.00122
0.085048,-0.00122
0.085052,-0.00122
0.085056,-0.00122
0.08506,-0.00122
0.085064,0.0
0.085068,0.0
0.085072,0.0
0.085076,0.0
0.08508,-0.00122
0.085084,-0.00122
0.085088,-0.00122
0.085092,0.0
0.085096,0.0
0.0851,0.0
0.085104,0.0
0.085108,0.0
0.085112,0.0
0.085116,0.0
0.08512,0.0
0.085124,0.0
0.085128,0.0
0.085132,-0.00122
0.085136,-0.00122
0.08514,-0.00122
0.085144,0.0
0.085148,-0.00122
0.085152,-0.00122
0.085156,-0.00122
0.08516,0.0
0.085164,-0.00122
0.085168,0.0
0.085172,0.0
0.085176,0.0
0.08518,-0.00122
0.085184,-0.00122
0.085188,0.0
0.085192,0.0
0.085196,0.0
0.0852,-0.00122
0.085204,0.0
0.085208,0.0
0.085212,0.0
0.085216,-0.00122
0.08522,-0.00122
0.085224,-0.00122
0.085228,-0.00122
0.085232,-0.00122
0.085236,-0.00122
0.08524,0.0
0.085244,-0.00122
0.085248,-0.00122
0.085252,-0.00122
0.085256,-0.00122
0.08526,0.0
0.085264,-0.00122
0.085268,0.0
0.085272,-0.00122
0.085276,0.0
0.08528,-0.00122
0.085284,-0.00122
0.085288,-0.00122
0.085292,-0.00122
0.085296,-0.00122
0.0853,0.0
0.085304,0.0
0.085308,0.0
0.085312,0.0
0.085316,-0.00122
0.08532,-0.00122
0.085324,-0.00122
0.085328,0.0
0.085332,0.0
0.085336,-0.00122
0.08534,-0.00122
0.085344,-0.00122
0.085348,-0.00122
0.085352,0.0
0.085356,0.0
0.08536,-0.00122
0.085364,-0.00122
0.085368,0.0
0.085372,-0.00122
0.085376,0.0
0.08538,-0.00122
0.085384,-0.00122
0.085388,-0.00122
0.085392,0.0
0.085396,0.0
0.0854,0.0
0.085404,-0.00122
0.085408,0.0
0.085412,0.0
0.085416,-0.00122
0.08542,0.0
0.085424,0.00122
0.085428,0.0
0.085432,-0.00122
0.085436,-0.00122
0.08544,-0.00122
0.085444,-0.00122
0.085448,-0.00122
0.085452,0.0
0.085456,-0.00122
0.08546,-0.00122
0.085464,0.0
0.085468,0.0
0.085472,0.0
0.085476,0.0
0.08548,0.0
0.085484,0.0
0.085488,-0.00122
0.085492,0.0
0.085496,-0.00122
0.0855,0.0
0.085504,0.0
0.085508,0.0
0.085512,0.0
0.085516,0.0
0.08552,0.0
0.085524,-0.00122
0.085528,0.0
0.085532,0.0
0.085536,0.0
0.08554,0.0
0.085544,0.0
0.085548,0.0
0.085552,0.0
0.085556,0.0
0.08556,0.0
0.085564,0.00122
0.085568,0.0
0.085572,0.0
0.085576,0.0
0.08558,0.0
0.085584,0.0
0.085588,0.00122
0.085592,0.0
0.085596,0.0
0.0856,0.0
0.085604,0.0
0.085608,0.0
0.085612,0.0
0.085616,0.0
0.08562,0.0
0.085624,0.0
0.085628,0.0
0.085632,0.0
0.085636,0.00122
0.08564,0.0
0.085644,0.00122
0.085648,0.0
0.085652,0.0
0.085656,0.0
0.08566,0.0
0.085664,0.0
0.085668,0.0
0.085672,0.00122
0.085676,0.0
0.08568,0.0
0.085684,0.0
0.085688,0.00122
0.085692,0.00122
0.085696,0.00122
0.0857,0.00122
0.085704,0.00122
0.085708,0.00122
0.085712,0.0
0.085716,0.00122
0.08572,0.0
0.085724,0.0
0.085728,0.0
0.085732,0.00122
0.085736,0.00122
0.08574,0.00122
0.085744,0.00122
0.085748,0.00122
0.085752,0.00122
0.085756,0.0
0.08576,0.0
0.085764,0.0
0.085768,0.00122
0.085772,0.00122
0.085776,0.00122
0.08578,0.00122
0.085784,0.00122
0.085788,0.00122
0.085792,0.00122
0.085796,0.00122
0.0858,0.00122
0.085804,0.0
0.085808,0.00122
0.085812,0.00122
0.085816,0.00122
0.08582,0.00122
0.085824,0.00122
0.085828,0.00122
0.085832,0.00122
0.085836,0.00122
0.08584,0.00122
0.085844,0.00122
0.085848,0.00122
0.085852,0.00122
0.085856,0.00122
0.08586,0.00122
0.085864,0.00122
0.085868,0.00122
0.085872,0.00122
0.085876,0.00122
0.08588,0.00122
0.085884,0.00122
0.085888,0.00122
0.085892,0.00122
0.085896,0.00122
0.0859,0.00122
0.085904,0.00122
0.085908,0.00122
0.085912,0.00122
0.085916,0.00122
0.08592,0.00122
0.085924,0.00244
0.085928,0.00122
0.085932,0.00122
0.085936,0.00122
0.08594,0.00244
0.085944,0.00122
0.085948,0.00244
0.085952,0.00122
0.085956,0.00122
0.08596,0.00244
0.085964,0.00122
0.085968,0.00244
0.085972,0.00122
0.085976,0.00244
0.08598,0.00122
0.085984,0.00122
0.085988,0.00244
0.085992,0.00244
0.085996,0.00122
0.086,0.00244
0.086004,0.00122
0.086008,0.00244
0.086012,0.00122
0.086016,0.00122
0.08602,0.00244
0.086024,0.00244
0.086028,0.00122
0.086032,0.00122
0.086036,0.00122
0.08604,0.00244
0.086044,0.00244
0.086048,0.00122
0.086052,0.00244
0.086056,0.00122
0.08606,0.00122
0.086064,0.00244
0.086068,0.00122
0.086072,0.00244
0.086076,0.00244
0.08608,0.00244
0.086084,0.00244
0.086088,0.00244
0.086092,0.00244
0.086096,0.00244
0.0861,0.00244
0.086104,0.00244
0.086108,0.00244
0.086112,0.00244
0.086116,0.00244
0.08612,0.00244
0.086124,0.00244
0.086128,0.00244
0.086132,0.00244
0.086136,0.00244
0.08614,0.00244
0.086144,0.00244
0.086148,0.00244
0.086152,0.00244
0.086156,0.00244
0.08616,0.00122
0.086164,0.00244
0.086168,0.00244
0.086172,0.00244
0.086176,0.00244
0.08618,0.00122
0.086184,0.00244
0.086188,0.00244
0.086192,0.00244
0.086196,0.00122
0.0862,0.00244
0.086204,0.00244
0.086208,0.00244
0.086212,0.00244
0.086216,0.00244
0.08622,0.00244
0.086224,0.00244
0.086228,0.00122
0.086232,0.00244
0.086236,0.00244
0.08624,0.00244
0.086244,0.00244
0.086248,0.00244
0.086252,0.00122
0.086256,0.00122
0.08626,0.00244
0.086264,0.00244
0.086268,0.00244
0.086272,0.00244
0.086276,0.00244
0.08628,0.00244
0.086284,0.00244
0.086288,0.00244
0.086292,0.00244
0.086296,0.00244
0.0863,0.00244
0.086304,0.00244
0.086308,0.00244
0.086312,0.00366
0.086316,0.00244
0.08632,0.00244
0.086324,0.00244
0.086328,0.00244
0.086332,0.00244
0.086336,0.00122
0.08634,0.00244
0.086344,0.00244
0.086348,0.00244
0.086352,0.00244
0.086356,0.00244
0.08636,0.00244
0.086364,0.00244
0.086368,0.00244
0.086372,0.00244
0.086376,0.00244
0.08638,0.00244
0.086384,0.00244
0.086388,0.00244
0.086392,0.00244
0.086396,0.00244
0.0864,0.00244
0.086404,0.00366
0.086408,0.00366
0.086412,0.00366
0.086416,0.00366
0.08642,0.00244
0.086424,0.00244
0.086428,0.00244
0.086432,0.00244
0.086436,0.00244
0.08644,0.00244
0.086444,0.00244
0.086448,0.00244
0.086452,0.00366
0.086456,0.00244
0.08646,0.00244
0.086464,0.00366
0.086468,0.00244
0.086472,0.00244
0.086476,0.00244
0.08648,0.00244
0.086484,0.00244
0.086488,0.00366
0.086492,0.00244
0.086496,0.00366
0.0865,0.00244
0.086504,0.00366
0.086508,0.00244
0.086512,0.00122
0.086516,0.00366
0.08652,0.00366
0.086524,0.00366
0.086528,0.00366
0.086532,0.00244
0.086536,0.00366
0.08654,0.00244
0.086544,0.00366
0.086548,0.00366
0.086552,0.00366
0.086556,0.00366
0.08656,0.00244
0.086564,0.00244
0.086568,0.00366
0.086572,0.00366
0.086576,0.00366
0.08658,0.00366
0.086584,0.00366
0.086588,0.00366
0.086592,0.00366
0.086596,0.00366
0.0866,0.00366
0.086604,0.00366
0.086608,0.00366
0.086612,0.00366
0.086616,0.00366
0.08662,0.00366
0.086624,0.00244
0.086628,0.00366
0.086632,0.00366
0.086636,0.00366
0.08664,0.00366
0.086644,0.00366
0.086648,0.00366
0.086652,0.00244
0.086656,0.00244
0.08666,0.00244
0.086664,0.00366
0.086668,0.00366
0.086672,0.00366
0.086676,0.00244
0.08668,0.00366
0.086684,0.00366
0.086688,0.00244
0.086692,0.00244
0.086696,0.00244
0.0867,0.00366
0.086704,0.00366
0.086708,0.00244
0.086712,0.00366
0.086716,0.00244
0.08672,0.00366
0.086724,0.00366
0.086728,0.00366
0.086732,0.00244
0.086736,0.00244
0.08674,0.00244
0.086744,0.00366
0.086748,0.00366
0.086752,0.00244
0.086756,0.00366
0.08676,0.00244
0.086764,0.00244
0.086768,0.00244
0.086772,0.00244
0.086776,0.00244
0.08678,0.00244
0.086784,0.00244
0.086788,0.00244
0.086792,0.00366
0.086796,0.00366
0.0868,0.00244
0.086804,0.00244
0.086808,0.00366
0.086812,0.00244
0.086816,0.00366
0.08682,0.00366
0.086824,0.00244
0.086828,0.00366
0.086832,0.00366
0.086836,0.00366
0.08684,0.00244
0.086844,0.00366
0.086848,0.00244
0.086852,0.00244
0.086856,0.00366
0.08686,0.00366
0.086864,0.00366
0.086868,0.00244
0.086872,0.00366
0.086876,0.00366
0.08688,0.00244
0.086884,0.00244
0.086888,0.00244
0.086892,0.00366
0.086896,0.00244
0.0869,0.00244
0.086904,0.00244
0.086908,0.00244
0.086912,0.00244
0.086916,0.00244
0.08692,0.00244
0.086924,0.00244
0.086928,0.00244
0.086932,0.00244
0.086936,0.00244
0.08694,0.00244
0.086944,0.00366
0.086948,0.00244
0.086952,0.00244
0.086956,0.00244
0.08696,0.00244
0.086964,0.00244
0.086968,0.00244
0.086972,0.00244
0.086976,0.00244
0.08698,0.00244
0.086984,0.00244
0.086988,0.00244
0.086992,0.00244
0.086996,0.00244
0.087,0.00244
0.087004,0.00244
0.087008,0.00244
0.087012,0.00244
0.087016,0.00244
0.08702,0.00244
0.087024,0.00244
0.087028,0.00244
0.087032,0.00244
0.087036,0.00244
0.08704,0.00122
0.087044,0.00122
0.087048,0.00244
0.087052,0.00122
0.087056,0.00244
0.08706,0.00244
0.087064,0.00244
0.087068,0.00122
0.087072,0.00244
0.087076,0.00244
0.08708,0.00122
0.087084,0.00122
0.087088,0.00244
0.087092,0.00122
0.087096,0.00244
0.0871,0.00122
0.087104,0.00244
0.087108,0.00122
0.087112,0.00122
0.087116,0.00244
0.08712,0.00244
0.087124,0.00122
0.087128,0.00122
0.087132,0.00122
0.087136,0.00122
0.08714,0.00244
0.087144,0.00122
0.087148,0.00244
0.087152,0.00244
0.087156,0.00122
0.08716,0.00122
0.087164,0.00122
0.087168,0.00244
0.087172,0.00122
0.087176,0.00122
0.08718,0.00122
0.087184,0.00122
0.087188,0.00244
0.087192,0.00122
0.087196,0.00122
0.0872,0.00122
0.087204,0.00122
0.087208,0.00122
0.087212,0.00122
0.087216,0.00122
0.08722,0.00122
0.087224,0.00122
0.087228,0.00122
0.087232,0.00122
0.087236,0.00122
0.08724,0.00244
0.087244,0.00122
0.087248,0.00122
0.087252,0.00122
0.087256,0.00122
0.08726,0.00122
0.087264,0.00122
0.087268,0.00122
0.087272,0.00122
0.087276,0.00122
0.08728,0.00122
0.087284,0.00244
0.087288,0.0
0.087292,0.00122
0.087296,0.00122
0.0873,0.0
0.087304,0.00122
0.087308,0.00122
0.087312,0.00122
0.087316,0.00122
0.08732,0.00122
0.087324,0.00122
0.087328,0.00122
0.087332,0.00122
0.087336,0.00122
0.08734,0.00122
0.087344,0.00122
0.087348,0.00122
0.087352,0.00122
0.087356,0.00122
0.08736,0.00122
0.087364,0.00122
0.087368,0.00122
0.087372,0.00122
0.087376,0.00122
0.08738,0.00122
0.087384,0.00122
0.087388,0.00122
0.087392,0.00122
0.087396,0.00122
0.0874,0.00122
0.087404,0.00122
0.087408,0.00244
0.087412,0.00122
0.087416,0.00122
0.08742,0.00122
0.087424,0.00122
0.087428,0.00122
0.087432,0.00122
0.087436,0.00122
0.08744,0.0
0.087444,0.00122
0.087448,0.00122
0.087452,0.0
0.087456,0.00122
0.08746,0.00122
0.087464,0.00122
0.087468,0.00122
0.087472,0.0
0.087476,0.00122
0.08748,0.00122
0.087484,0.00122
0.087488,0.00122
0.087492,0.00122
0.087496,0.0
0.0875,0.00122
0.087504,0.0
0.087508,0.00122
0.087512,0.00122
0.087516,0.00122
0.08752,0.00122
0.087524,0.0
0.087528,0.0
0.087532,0.00122
0.087536,0.00122
0.08754,0.0
0.087544,0.0
0.087548,0.00122
0.087552,0.0
0.087556,0.0
0.08756,0.0
0.087564,0.0
0.087568,0.0
0.087572,0.00122
0.087576,0.00122
0.08758,0.00122
0.087584,0.00122
0.087588,0.0
0.087592,0.0
0.087596,0.00122
0.0876,-0.00122
0.087604,0.0
0.087608,0.0
0.087612,0.00122
0.087616,0.0
0.08762,0.0
0.087624,0.0
0.087628,0.00122
0.087632,0.0
0.087636,0.0
0.08764,0.0
0.087644,0.00122
0.087648,0.0
0.087652,0.0
0.087656,0.0
0.08766,0.0
0.087664,0.0
0.087668,-0.00122
0.087672,-0.00122
0.087676,0.0
0.08768,0.00122
0.087684,0.0
0.087688,0.0
0.087692,0.0
0.087696,-0.00122
0.0877,-0.00122
0.087704,-0.00122
0.087708,-0.00122
0.087712,-0.00122
0.087716,-0.00122
0.08772,0.0
0.087724,0.0
0.087728,-0.00122
0.087732,-0.00122
0.087736,-0.00122
0.08774,-0.00122
0.087744,0.0
0.087748,0.0
0.087752,0.0
0.087756,-0.00122
0.08776,-0.00122
0.087764,-0.00122
0.087768,-0.00122
0.087772,-0.00122
0.087776,0.0
0.08778,-0.00122
0.087784,-0.00122
0.087788,-0.00122
0.087792,-0.00122
0.087796,0.0
0.0878,-0.00122
0.087804,-0.00122
0.087808,-0.00122
0.087812,0.0
0.087816,-0.00122
0.08782,-0.00122
0.087824,-0.00122
0.087828,-0.00122
0.087832,-0.00122
0.087836,-0.00122
0.08784,0.0
0.087844,0.0
0.087848,-0.00122
0.087852,-0.00122
0.087856,-0.00122
0.08786,-0.00122
0.087864,0.0
0.087868,-0.00122
0.087872,-0.00122
0.087876,-0.00122
0.08788,-0.00122
0.087884,-0.00122
0.087888,-0.00122
0.087892,-0.00122
0.087896,-0.00122
0.0879,-0.00122
0.087904,-0.00244
0.087908,-0.00122
0.087912,-0.00122
0.087916,-0.00122
0.08792,-0.00122
0.087924,-0.00122
0.087928,-0.00122
0.087932,-0.00122
0.087936,-0.00122
0.08794,-0.00122
0.087944,-0.00122
0.087948,0.0
0.087952,-0.00122
0.087956,-0.00122
0.08796,-0.00122
0.087964,-0.00122
0.087968,-0.00122
0.087972,-0.00122
0.087976,-0.00122
0.08798,-0.00122
0.087984,-0.00122
0.087988,-0.00122
0.087992,-0.00122
0.087996,-0.00122
0.088,-0.00122
0.088004,-0.00122
0.088008,-0.00122
0.088012,0.0
0.088016,-0.00122
0.08802,-0.00122
0.088024,-0.00122
0.088028,-0.00122
0.088032,-0.00244
0.088036,-0.00122
0.08804,-0.00122
0.088044,-0.00122
0.088048,-0.00122
0.088052,-0.00122
0.088056,-0.00122
0.08806,-0.00122
0.088064,-0.00122
0.088068,-0.00122
0.088072,-0.00122
0.088076,-0.00122
0.08808,-0.00122
0.088084,-0.00122
0.088088,-0.00122
0.088092,-0.00122
0.088096,-0.00122
0.0881,-0.00122
0.088104,-0.00122
0.088108,0.0
0.088112,0.0
0.088116,0.0
0.08812,0.0
0.088124,0.0
0.088128,0.0
0.088132,0.0
0.088136,0.0
0.08814,0.0
0.088144,-0.00122
0.088148,-0.00122
0.088152,-0.00122
0.088156,-0.00122
0.08816,0.0
0.088164,0.0
0.088168,0.0
0.088172,0.0
0.088176,0.0
0.08818,0.0
0.088184,0.0
0.088188,-0.00122
0.088192,-0.00122
0.088196,0.0
0.0882,0.0
0.088204,0.0
0.088208,0.0
0.088212,0.0
0.088216,0.0
0.08822,0.0
0.088224,0.0
0.088228,0.0
0.088232,0.0
0.088236,0.0
0.08824,0.0
0.088244,0.0
0.088248,0.0
0.088252,0.0
0.088256,-0.00122
0.08826,0.0
0.088264,0.0
0.088268,0.0
0.088272,0.0
0.088276,0.0
0.08828,0.0
0.088284,0.0
0.088288,0.0
0.088292,-0.00122
0.088296,0.0
0.0883,-0.00122
0.088304,0.0
0.088308,0.0
0.088312,0.0
0.088316,0.0
0.08832,0.0
0.088324,0.0
0.088328,0.0
0.088332,0.0
0.088336,-0.00122
0.08834,0.0
0.088344,0.0
0.088348,0.0
0.088352,0.0
0.088356,0.0
0.08836,0.0
0.088364,0.0
0.088368,0.0
0.088372,0.0
0.088376,0.0
0.08838,0.0
0.088384,-0.00122
0.088388,-0.00122
0.088392,0.0
0.088396,0.0
0.0884,0.0
0.088404,-0.00122
0.088408,0.0
0.088412,0.0
0.088416,0.0
0.08842,0.00122
0.088424,0.0
0.088428,-0.00122
0.088432,-0.00122
0.088436,0.0
0.08844,0.0
0.088444,0.0
0.088448,0.0
0.088452,-0.00122
0.088456,-0.00122
0.08846,0.0
0.088464,0.0
0.088468,0.0
0.088472,0.0
0.088476,-0.00122
0.08848,-0.00122
0.088484,-0.00122
0.088488,-0.00122
0.088492,0.0
0.088496,-0.00122
0.0885,0.0
0.088504,-0.00122
0.088508,-0.00122
0.088512,0.0
0.088516,-0.00122
0.08852,0.0
0.088524,0.0
0.088528,-0.00122
0.088532,-0.00122
0.088536,0.0
0.08854,0.0
0.088544,0.0
0.088548,0.0
0.088552,0.0
0.088556,0.0
0.08856,-0.00122
0.088564,-0.00122
0.088568,0.0
0.088572,0.0
0.088576,-0.00122
0.08858,0.0
0.088584,0.0
0.088588,-0.00122
0.088592,-0.00122
0.088596,-0.00122
0.0886,-0.00122
0.088604,0.0
0.088608,-0.00122
0.088612,-0.00122
0.088616,0.0
0.08862,0.0
0.088624,0.0
0.088628,0.0
0.088632,-0.00122
0.088636,0.0
0.08864,-0.00122
0.088644,-0.00122
0.088648,0.0
0.088652,0.0
0.088656,-0.00122
0.08866,0.0
0.088664,0.0
0.088668,0.0
0.088672,0.00122
0.088676,-0.00122
0.08868,0.0
0.088684,0.0
0.088688,-0.00122
0.088692,-0.00122
0.088696,0.0
0.0887,-0.00122
0.088704,-0.00122
0.088708,0.0
0.088712,-0.00122
0.088716,0.0
0.08872,0.0
0.088724,0.0
0.088728,0.0
0.088732,-0.00122
0.088736,-0.00122
0.08874,-0.00122
0.088744,-0.00122
0.088748,-0.00122
0.088752,-0.00122
0.088756,0.0
0.08876,0.0
0.088764,0.0
0.088768,0.0
0.088772,0.0
0.088776,0.0
0.08878,-0.00122
0.088784,-0.00122
0.088788,-0.00122
0.088792,-0.00122
0.088796,0.0
0.0888,-0.00122
0.088804,0.0
0.088808,0.0
0.088812,0.0
0.088816,0.0
0.08882,0.0
0.088824,0.0
0.088828,0.0
0.088832,0.00122
0.088836,0.0
0.08884,0.0
0.088844,0.00122
0.088848,0.0
0.088852,0.0
0.088856,0.0
0.08886,0.00122
0.088864,0.0
0.088868,0.0
0.088872,0.0
0.088876,0.0
0.08888,0.0
0.088884,0.0
0.088888,0.0
0.088892,0.00122
0.088896,0.00122
0.0889,0.0
0.088904,0.00122
0.088908,0.0
0.088912,0.0
0.088916,0.00122
0.08892,0.0
0.088924,0.0
0.088928,0.00122
0.088932,0.0
0.088936,0.0
0.08894,0.0
0.088944,0.0
0.088948,0.00122
0.088952,0.00122
0.088956,0.0
0.08896,0.0
0.088964,0.00122
0.088968,0.0
0.088972,0.0
0.088976,0.00122
0.08898,0.00122
0.088984,0.00122
0.088988,0.00122
0.088992,0.00122
0.088996,0.00122
0.089,0.0
0.089004,0.00122
0.089008,0.00122
0.089012,0.00122
0.089016,0.00122
0.08902,0.0
0.089024,0.00122
0.089028,0.0
0.089032,0.00122
0.089036,0.00122
0.08904,0.0
0.089044,0.00122
0.089048,0.00122
0.089052,0.00122
0.089056,0.00122
0.08906,0.00122
0.089064,0.00122
0.089068,0.00122
0.089072,0.00122
0.089076,0.00122
0.08908,0.00122
0.089084,0.00122
0.089088,0.00122
0.089092,0.00122
0.089096,0.00122
0.0891,0.00122
0.089104,0.00244
0.089108,0.00122
0.089112,0.00244
0.089116,0.00122
0.08912,0.00122
0.089124,0.00122
0.089128,0.00244
0.089132,0.00122
0.089136,0.00244
0.08914,0.00122
0.089144,0.00122
0.089148,0.00122
0.089152,0.00244
0.089156,0.00244
0.08916,0.00244
0.089164,0.00122
0.089168,0.00122
0.089172,0.00244
0.089176,0.00244
0.08918,0.00122
0.089184,0.00244
0.089188,0.00244
0.089192,0.00122
0.089196,0.00122
0.0892,0.00122
0.089204,0.00244
0.089208,0.00244
0.089212,0.00244
0.089216,0.00122
0.08922,0.00366
0.089224,0.00122
0.089228,0.00244
0.089232,0.00244
0.089236,0.00244
0.08924,0.00244
0.089244,0.00244
0.089248,0.00244
0.089252,0.00122
0.089256,0.00244
0.08926,0.00244
0.089264,0.00244
0.089268,0.00244
0.089272,0.00244
0.089276,0.00244
0.08928,0.00244
0.089284,0.00244
0.089288,0.00122
0.089292,0.00244
0.089296,0.00244
0.0893,0.00244
0.089304,0.00244
0.089308,0.00244
0.089312,0.00244
0.089316,0.00244
0.08932,0.00244
0.089324,0.00244
0.089328,0.00244
0.089332,0.00244
0.089336,0.00244
0.08934,0.00244
0.089344,0.00244
0.089348,0.00244
0.089352,0.00244
0.089356,0.00244
0.08936,0.00244
0.089364,0.00244
0.089368,0.00244
0.089372,0.00244
0.089376,0.00244
0.08938,0.00244
0.089384,0.00122
0.089388,0.00244
0.089392,0.00122
0.089396,0.00244
0.0894,0.00244
0.089404,0.00244
0.089408,0.00244
0.089412,0.00244
0.089416,0.00244
0.08942,0.00244
0.089424,0.00244
0.089428,0.00244
0.089432,0.00122
0.089436,0.00244
0.08944,0.00122
0.089444,0.00244
0.089448,0.00244
0.089452,0.00244
0.089456,0.00244
0.08946,0.00244
0.089464,0.00122
0.089468,0.00244
0.089472,0.00244
0.089476,0.00122
0.08948,0.00244
0.089484,0.00244
0.089488,0.00244
0.089492,0.00122
0.089496,0.00244
0.0895,0.00122
0.089504,0.00122
0.089508,0.00122
0.089512,0.00122
0.089516,0.00122
0.08952,0.00122
0.089524,0.00244
0.089528,0.00122
0.089532,0.00122
0.089536,0.00122
0.08954,0.00122
0.089544,0.00122
0.089548,0.00122
0.089552,0.00122
0.089556,0.00122
0.08956,0.00122
0.089564,0.00122
0.089568,0.0
0.089572,0.00122
0.089576,0.00122
0.08958,0.00122
0.089584,0.00122
0.089588,0.0
0.089592,0.0
0.089596,0.0
0.0896,0.0
0.089604,0.0
0.089608,0.00122
0.089612,0.0
0.089616,0.0
0.08962,0.0
0.089624,0.00122
0.089628,0.0
0.089632,0.0
0.089636,0.0
0.08964,-0.00122
0.089644,0.0
0.089648,-0.00122
0.089652,-0.00122
0.089656,0.0
0.08966,-0.00122
0.089664,0.0
0.089668,-0.00122
0.089672,-0.00122
0.089676,-0.00122
0.08968,-0.00122
0.089684,-0.00122
0.089688,-0.00122
0.089692,-0.00122
0.089696,-0.00122
0.0897,-0.00122
0.089704,-0.00122
0.089708,-0.00122
0.089712,-0.00122
0.089716,-0.00244
0.08972,-0.00122
0.089724,-0.00122
0.089728,-0.00122
0.089732,-0.00244
0.089736,-0.00122
0.08974,-0.00122
0.089744,-0.00122
0.089748,-0.00122
0.089752,-0.00122
0.089756,-0.00122
0.08976,-0.00244
0.089764,-0.00244
0.089768,-0.00122
0.089772,-0.00244
0.089776,-0.00122
0.08978,-0.00122
0.089784,-0.00122
0.089788,-0.00122
0.089792,-0.00122
0.089796,-0.00244
0.0898,-0.00122
0.089804,-0.00244
0.089808,-0.00244
0.089812,-0.00244
0.089816,-0.00244
0.08982,-0.00244
0.089824,-0.00244
0.089828,-0.00244
0.089832,-0.00244
0.089836,-0.00244
0.08984,-0.00244
0.089844,-0.00244
0.089848,-0.00244
0.089852,-0.00244
0.089856,-0.00244
0.08986,-0.00244
0.089864,-0.00244
0.089868,-0.00244
0.089872,-0.00366
0.089876,-0.00244
0.08988,-0.00244
0.089884,-0.00244
0.089888,-0.00244
0.089892,-0.00244
0.089896,-0.00244
0.0899,-0.00244
0.089904,-0.00244
0.089908,-0.00244
0.089912,-0.00244
0.089916,-0.00244
0.08992,-0.00244
0.089924,-0.00366
0.089928,-0.00244
0.089932,-0.00366
0.089936,-0.00244
0.08994,-0.00244
0.089944,-0.00244
0.089948,-0.00244
0.089952,-0.00244
0.089956,-0.00366
0.08996,-0.00366
0.089964,-0.00244
0.089968,-0.00244
0.089972,-0.00366
0.089976,-0.00366
0.08998,-0.00244
0.089984,-0.00244
0.089988,-0.00244
0.089992,-0.00366
0.089996,-0.00366
0.09,-0.00244
0.090004,-0.00244
0.090008,-0.00244
0.090012,-0.00244
0.090016,-0.00366
0.09002,-0.00366
0.090024,-0.00366
0.090028,-0.00366
0.090032,-0.00244
0.090036,-0.00366
0.09004,-0.00366
0.090044,-0.00366
0.090048,-0.00366
0.090052,-0.00366
0.090056,-0.00366
0.09006,-0.00366
0.090064,-0.00366
0.090068,-0.00366
0.090072,-0.00244
0.090076,-0.00244
0.09008,-0.00366
0.090084,-0.00244
0.090088,-0.00366
0.090092,-0.00366
0.090096,-0.00366
0.0901,-0.00366
0.090104,-0.00366
0.090108,-0.00366
0.090112,-0.00244
0.090116,-0.00244
0.09012,-0.00244
0.090124,-0.00244
0.090128,-0.00366
0.090132,-0.00366
0.090136,-0.00244
0.09014,-0.00244
0.090144,-0.00366
0.090148,-0.00244
0.090152,-0.00244
0.090156,-0.00366
0.09016,-0.00366
0.090164,-0.00244
0.090168,-0.00244
0.090172,-0.00244
0.090176,-0.00244
0.09018,-0.00366
0.090184,-0.00366
0.090188,-0.00366
0.090192,-0.00366
0.090196,-0.00244
0.0902,-0.00244
0.090204,-0.00366
0.090208,-0.00366
0.090212,-0.00244
0.090216,-0.00366
0.09022,-0.00244
0.090224,-0.00244
0.090228,-0.00244
0.090232,-0.00366
0.090236,-0.00244
0.09024,-0.00244
0.090244,-0.00244
0.090248,-0.00244
0.090252,-0.00244
0.090256,-0.00244
0.09026,-0.00244
0.090264,-0.00366
0.090268,-0.00244
0.090272,-0.00366
0.090276,-0.00244
0.09028,-0.00244
0.090284,-0.00244
0.090288,-0.00244
0.090292,-0.00244
0.090296,-0.00244
0.0903,-0.00244
0.090304,-0.00366
0.090308,-0.00244
0.090312,-0.00244
0.090316,-0.00244
0.09032,-0.00244
0.090324,-0.00244
0.090328,-0.00244
0.090332,-0.00244
0.090336,-0.00244
0.09034,-0.00244
0.090344,-0.00244
0.090348,-0.00244
0.090352,-0.00244
0.090356,-0.00244
0.09036,-0.00244
0.090364,-0.00244
0.090368,-0.00244
0.090372,-0.00244
0.090376,-0.00244
0.09038,-0.00244
0.090384,-0.00122
0.090388,-0.00244
0.090392,-0.00244
0.090396,-0.00122
0.0904,-0.00244
0.090404,-0.00244
0.090408,-0.00244
0.090412,-0.00244
0.090416,-0.00244
0.09042,-0.00244
0.090424,-0.00244
0.090428,-0.00122
0.090432,-0.00244
0.090436,-0.00244
0.09044,-0.00244
0.090444,-0.00122
0.090448,-0.00244
0.090452,-0.00244
0.090456,-0.00244
0.09046,-0.00244
0.090464,-0.00122
0.090468,-0.00244
0.090472,-0.00122
0.090476,-0.00122
0.09048,-0.00244
0.090484,-0.00244
0.090488,-0.00244
0.090492,-0.00122
0.090496,-0.00244
0.0905,-0.00122
0.090504,-0.00122
0.090508,-0.00122
0.090512,-0.00244
0.090516,-0.00244
0.09052,-0.00244
0.090524,-0.00122
0.090528,-0.00244
0.090532,-0.00122
0.090536,-0.00122
0.09054,-0.00244
0.090544,-0.00244
0.090548,-0.00122
0.090552,-0.00122
0.090556,-0.00244
0.09056,-0.00244
0.090564,-0.00122
0.090568,-0.00244
0.090572,-0.00122
0.090576,-0.00122
0.09058,-0.00244
0.090584,-0.00244
0.090588,-0.00122
0.090592,-0.00122
0.090596,-0.00122
0.0906,-0.00244
0.090604,-0.00244
0.090608,-0.00244
0.090612,-0.00122
0.090616,-0.00244
0.09062,-0.00244
0.090624,-0.00122
0.090628,-0.00244
0.090632,-0.00122
0.090636,-0.00122
0.09064,-0.00244
0.090644,-0.00122
0.090648,-0.00244
0.090652,-0.00122
0.090656,-0.00244
0.09066,-0.00122
0.090664,-0.00244
0.090668,-0.00244
0.090672,-0.00122
0.090676,-0.00244
0.09068,-0.00244
0.090684,-0.00244
0.090688,-0.00122
0.090692,-0.00244
0.090696,-0.00244
0.0907,-0.00122
0.090704,-0.00244
0.090708,-0.00244
0.090712,-0.00122
0.090716,-0.00244
0.09072,-0.00244
0.090724,-0.00244
0.090728,-0.00244
0.090732,-0.00244
0.090736,-0.00244
0.09074,-0.00244
0.090744,-0.00244
0.090748,-0.00244
0.090752,-0.00244
0.090756,-0.00244
0.09076,-0.00244
0.090764,-0.00244
0.090768,-0.00244
0.090772,-0.00244
0.090776,-0.00244
0.09078,-0.00244
0.090784,-0.00244
0.090788,-0.00244
0.090792,-0.00244
0.090796,-0.00122
0.0908,-0.00244
0.090804,-0.00244
0.090808,-0.00244
0.090812,-0.00244
0.090816,-0.00244
0.09082,-0.00244
0.090824,-0.00244
0.090828,-0.00244
0.090832,-0.00244
0.090836,-0.00244
0.09084,-0.00244
0.090844,-0.00244
0.090848,-0.00244
0.090852,-0.00244
0.090856,-0.00244
0.09086,-0.00244
0.090864,-0.00122
0.090868,-0.00244
0.090872,-0.00244
0.090876,-0.00244
0.09088,-0.00244
0.090884,-0.00244
0.090888,-0.00244
0.090892,-0.00244
0.090896,-0.00244
0.0909,-0.00244
0.090904,-0.00244
0.090908,-0.00244
0.090912,-0.00244
0.090916,-0.00244
0.09092,-0.00122
0.090924,-0.00244
0.090928,-0.00244
0.090932,-0.00244
0.090936,-0.00244
0.09094,-0.00244
0.090944,-0.00244
0.090948,-0.00244
0.090952,-0.00244
0.090956,-0.00244
0.09096,-0.00244
0.090964,-0.00244
0.090968,-0.00244
0.090972,-0.00244
0.090976,-0.00244
0.09098,-0.00244
0.090984,-0.00244
0.090988,-0.00244
0.090992,-0.00244
0.090996,-0.00244
0.091,-0.00244
0.091004,-0.00244
0.091008,-0.00244
0.091012,-0.00244
0.091016,-0.00244
0.09102,-0.00244
0.091024,-0.00244
0.091028,-0.00244
0.091032,-0.00244
0.091036,-0.00244
0.09104,-0.00244
0.091044,-0.00244
0.091048,-0.00122
0.091052,-0.00244
0.091056,-0.00244
0.09106,-0.00244
0.091064,-0.00244
0.091068,-0.00244
0.091072,-0.00244
0.091076,-0.00244
0.09108,-0.00244
0.091084,-0.00244
0.091088,-0.00244
0.091092,-0.00244
0.091096,-0.00122
0.0911,-0.00244
0.091104,-0.00244
0.091108,-0.00366
0.091112,-0.00244
0.091116,-0.00122
0.09112,-0.00244
0.091124,-0.00122
0.091128,-0.00122
0.091132,-0.00244
0.091136,-0.00122
0.09114,-0.00244
0.091144,-0.00244
0.091148,-0.00244
0.091152,-0.00244
0.091156,-0.00244
0.09116,-0.00244
0.091164,-0.00122
0.091168,-0.00244
0.091172,-0.00122
0.091176,-0.00122
0.09118,-0.00244
0.091184,-0.00244
0.091188,-0.00122
0.091192,-0.00122
0.091196,-0.00122
0.0912,-0.00122
0.091204,-0.00244
0.091208,-0.00122
0.091212,-0.00122
0.091216,-0.00122
0.09122,-0.00122
0.091224,-0.00122
0.091228,-0.00122
0.091232,-0.00244
0.091236,-0.00122
0.09124,-0.00122
0.091244,-0.00122
0.091248,-0.00122
0.091252,-0.00122
0.091256,-0.00122
0.09126,-0.00122
0.091264,-0.00122
0.091268,-0.00122
0.091272,-0.00122
0.091276,-0.00122
0.09128,-0.00122
0.091284,-0.00122
0.091288,-0.00122
0.091292,-0.00122
0.091296,-0.00122
0.0913,-0.00122
0.091304,-0.00122
0.091308,-0.00122
0.091312,-0.00122
0.091316,-0.00122
0.09132,-0.00122
0.091324,-0.00122
0.091328,-0.00122
0.091332,-0.00122
0.091336,-0.00122
0.09134,-0.00122
0.091344,-0.00122
0.091348,-0.00122
0.091352,-0.00122
0.091356,-0.00122
0.09136,-0.00122
0.091364,-0.00122
0.091368,-0.00122
0.091372,0.0
0.091376,0.0
0.09138,0.0
0.091384,-0.00122
0.091388,-0.00122
0.091392,-0.00122
0.091396,0.0
0.0914,0.0
0.091404,-0.00122
0.091408,0.0
0.091412,0.0
0.091416,0.0
0.09142,0.0
0.091424,0.0
0.091428,0.0
0.091432,0.0
0.091436,0.0
0.09144,0.0
0.091444,0.0
0.091448,0.0
0.091452,0.0
0.091456,0.00122
0.09146,0.0
0.091464,0.00122
0.091468,0.0
0.091472,0.00122
0.091476,0.00122
0.09148,0.00122
0.091484,0.00122
0.091488,0.0
0.091492,0.00122
0.091496,0.00122
0.0915,0.00122
0.091504,0.0
0.091508,0.00122
0.091512,0.0
0.091516,0.00122
0.09152,0.00122
0.091524,0.00122
0.091528,0.00122
0.091532,0.00122
0.091536,0.00122
0.09154,0.00122
0.091544,0.00122
0.091548,0.00122
0.091552,0.00122
0.091556,0.00122
0.09156,0.00122
0.091564,0.00122
0.091568,0.0
0.091572,0.00122
0.091576,0.00122
0.09158,0.00122
0.091584,0.00122
0.091588,0.00122
0.091592,0.00122
0.091596,0.00244
0.0916,0.00122
0.091604,0.00122
0.091608,0.00122
0.091612,0.00122
0.091616,0.00122
0.09162,0.00122
0.091624,0.00122
0.091628,0.00122
0.091632,0.00122
0.091636,0.00122
0.09164,0.00122
0.091644,0.00122
0.091648,0.00122
0.091652,0.00122
0.091656,0.00122
0.09166,0.00122
0.091664,0.00122
0.091668,0.00122
0.091672,0.00122
0.091676,0.00122
0.09168,0.00122
0.091684,0.00244
0.091688,0.00122
0.091692,0.00122
0.091696,0.00122
0.0917,0.00122
0.091704,0.00122
0.091708,0.00244
0.091712,0.00122
0.091716,0.00122
0.09172,0.00122
0.091724,0.00122
0.091728,0.00122
0.091732,0.00122
0.091736,0.00122
0.09174,0.00122
0.091744,0.00122
0.091748,0.00244
0.091752,0.00122
0.091756,0.00122
0.09176,0.00244
0.091764,0.00122
0.091768,0.00122
0.091772,0.00244
0.091776,0.00122
0.09178,0.00122
0.091784,0.00122
0.091788,0.00244
0.091792,0.00244
0.091796,0.00122
0.0918,0.00122
0.091804,0.00122
0.091808,0.00244
0.091812,0.00244
0.091816,0.00122
0.09182,0.00244
0.091824,0.00122
0.091828,0.00244
0.091832,0.00244
0.091836,0.00244
0.09184,0.00122
0.091844,0.00244
0.091848,0.00244
0.091852,0.00122
0.091856,0.00244
0.09186,0.00244
0.091864,0.00244
0.091868,0.00244
0.091872,0.00244
0.091876,0.00244
0.09188,0.00122
0.091884,0.00244
0.091888,0.00244
0.091892,0.00244
0.091896,0.00244
0.0919,0.00244
0.091904,0.00122
0.091908,0.00244
0.091912,0.00122
0.091916,0.00122
0.09192,0.00244
0.091924,0.00244
0.091928,0.00244
0.091932,0.00122
0.091936,0.00122
0.09194,0.00244
0.091944,0.00122
0.091948,0.00244
0.091952,0.00244
0.091956,0.00244
0.09196,0.00122
0.091964,0.00244
0.091968,0.00122
0.091972,0.00244
0.091976,0.00244
0.09198,0.00244
0.091984,0.00244
0.091988,0.00244
0.091992,0.00122
0.091996,0.00244
0.092,0.00122
0.092004,0.00122
0.092008,0.00244
0.092012,0.00244
0.092016,0.00244
0.09202,0.00244
0.092024,0.00244
0.092028,0.00244
0.092032,0.00244
0.092036,0.00122
0.09204,0.00244
0.092044,0.00244
0.092048,0.00244
0.092052,0.00244
0.092056,0.00244
0.09206,0.00244
0.092064,0.00244
0.092068,0.00244
0.092072,0.00244
0.092076,0.00244
0.09208,0.00122
0.092084,0.00244
0.092088,0.00244
0.092092,0.00244
0.092096,0.00244
0.0921,0.00244
0.092104,0.00244
0.092108,0.00244
0.092112,0.00244
0.092116,0.00244
0.09212,0.00244
0.092124,0.00244
0.092128,0.00244
0.092132,0.00244
0.092136,0.00244
0.09214,0.00244
0.092144,0.00366
0.092148,0.00244
0.092152,0.00122
0.092156,0.00244
0.09216,0.00122
0.092164,0.00244
0.092168,0.00366
0.092172,0.00244
0.092176,0.00244
0.09218,0.00244
0.092184,0.00122
0.092188,0.00244
0.092192,0.00244
0.092196,0.00244
0.0922,0.00244
0.092204,0.00244
0.092208,0.00244
0.092212,0.00244
0.092216,0.00244
0.09222,0.00244
0.092224,0.00244
0.092228,0.00366
0.092232,0.00244
0.092236,0.00244
0.09224,0.00244
0.092244,0.00366
0.092248,0.00244
0.092252,0.00244
0.092256,0.00244
0.09226,0.00244
0.092264,0.00244
0.092268,0.00366
0.092272,0.00244
0.092276,0.00244
0.09228,0.00366
0.092284,0.00244
0.092288,0.00244
0.092292,0.00244
0.092296,0.00244
0.0923,0.00366
0.092304,0.00244
0.092308,0.00244
0.092312,0.00366
0.092316,0.00244
0.09232,0.00244
0.092324,0.00244
0.092328,0.00244
0.092332,0.00244
0.092336,0.00244
0.09234,0.00366
0.092344,0.00366
0.092348,0.00366
0.092352,0.00244
0.092356,0.00366
0.09236,0.00244
0.092364,0.00244
0.092368,0.00244
0.092372,0.00244
0.092376,0.00244
0.09238,0.00244
0.092384,0.00244
0.092388,0.00244
0.092392,0.00244
0.092396,0.00244
0.0924,0.00244
0.092404,0.00366
0.092408,0.00244
0.092412,0.00366
0.092416,0.00244
0.09242,0.00366
0.092424,0.00244
0.092428,0.00366
0.092432,0.00366
0.092436,0.00366
0.09244,0.00366
0.092444,0.00244
0.092448,0.00244
0.092452,0.00244
0.092456,0.00244
0.09246,0.00244
0.092464,0.00244
0.092468,0.00244
0.092472,0.00244
0.092476,0.00244
0.09248,0.00244
0.092484,0.00244
0.092488,0.00244
0.092492,0.00244
0.092496,0.00244
0.0925,0.00244
0.092504,0.00244
0.092508,0.00244
0.092512,0.00244
0.092516,0.00122
0.09252,0.00244
0.092524,0.00244
0.092528,0.00244
0.092532,0.00244
0.092536,0.00244
0.09254,0.00244
0.092544,0.00244
0.092548,0.00244
0.092552,0.00244
0.092556,0.00244
0.09256,0.00244
0.092564,0.00244
0.092568,0.00244
0.092572,0.00244
0.092576,0.00244
0.09258,0.00244
0.092584,0.00122
0.092588,0.00122
0.092592,0.00244
0.092596,0.00244
0.0926,0.00244
0.092604,0.00244
0.092608,0.00244
0.092612,0.00366
0.092616,0.00122
0.09262,0.00244
0.092624,0.00244
0.092628,0.00244
0.092632,0.00122
0.092636,0.00244
0.09264,0.00244
0.092644,0.00122
0.092648,0.00244
0.092652,0.00122
0.092656,0.00122
0.09266,0.00244
0.092664,0.00122
0.092668,0.00122
0.092672,0.00244
0.092676,0.00122
0.09268,0.00244
0.092684,0.00244
0.092688,0.00122
0.092692,0.00244
0.092696,0.00244
0.0927,0.00122
0.092704,0.00244
0.092708,0.00244
0.092712,0.00122
0.092716,0.00122
0.09272,0.00122
0.092724,0.00244
0.092728,0.00122
0.092732,0.00122
0.092736,0.00122
0.09274,0.00244
0.092744,0.00244
0.092748,0.00122
0.092752,0.00122
0.092756,0.00122
0.09276,0.00122
0.092764,0.00122
0.092768,0.00122
0.092772,0.00122
0.092776,0.00122
0.09278,0.00122
0.092784,0.00122
0.092788,0.00122
0.092792,0.00122
0.092796,0.00122
0.0928,0.00244
0.092804,0.00122
0.092808,0.00122
0.092812,0.00122
0.092816,0.00122
0.09282,0.00122
0.092824,0.00122
0.092828,0.0
0.092832,0.00122
0.092836,0.00122
0.09284,0.00122
0.092844,0.00122
0.092848,0.00122
0.092852,0.00122
0.092856,0.00122
0.09286,0.0
0.092864,0.00122
0.092868,0.00122
0.092872,0.0
0.092876,0.0
0.09288,0.00122
0.092884,0.00122
0.092888,0.00122
0.092892,0.0
0.092896,0.00122
0.0929,0.00122
0.092904,0.00122
0.092908,0.00122
0.092912,0.0
0.092916,0.0
0.09292,0.00122
0.092924,0.00122
0.092928,0.00122
0.092932,0.00122
0.092936,0.0
0.09294,0.00122
0.092944,0.0
0.092948,0.0
0.092952,0.0
0.092956,0.0
0.09296,0.0
0.092964,0.00122
0.092968,0.0
0.092972,0.0
0.092976,0.0
0.09298,0.00122
0.092984,0.00122
0.092988,0.0
0.092992,0.0
0.092996,0.0
0.093,0.00122
0.093004,0.00122
0.093008,0.0
0.093012,0.0
0.093016,0.0
0.09302,0.00122
0.093024,0.00122
0.093028,0.00122
0.093032,0.00122
0.093036,0.0
0.09304,0.0
0.093044,0.0
0.093048,0.00122
0.093052,0.00122
0.093056,0.00122
0.09306,0.00122
0.093064,0.00122
0.093068,0.0
0.093072,0.00122
0.093076,0.0
0.09308,0.00122
0.093084,0.0
0.093088,0.0
0.093092,0.0
0.093096,0.0
0.0931,0.0
0.093104,0.0
0.093108,0.00122
0.093112,0.00122
0.093116,0.00122
0.09312,0.00122
0.093124,0.00122
0.093128,0.00122
0.093132,0.0
0.093136,0.0
0.09314,0.00122
0.093144,0.0
0.093148,0.00122
0.093152,0.00122
0.093156,0.00122
0.09316,0.0
0.093164,0.00122
0.093168,0.00122
0.093172,0.0
0.093176,0.00122
0.09318,0.0
0.093184,0.00122
0.093188,0.00122
0.093192,0.0
0.093196,0.00122
0.0932,0.00122
0.093204,0.0
0.093208,0.00122
0.093212,0.00122
0.093216,0.00122
0.09322,0.00122
0.093224,0.0
0.093228,0.00122
0.093232,0.00122
0.093236,0.00122
0.09324,0.00122
0.093244,0.00122
0.093248,0.00122
0.093252,0.00122
0.093256,0.00122
0.09326,0.00122
0.093264,0.00122
0.093268,0.00122
0.093272,0.00122
0.093276,0.00122
0.09328,0.00244
0.093284,0.00122
0.093288,0.00122
0.093292,0.0
0.093296,0.00122
0.0933,0.00122
0.093304,0.00122
0.093308,0.00122
0.093312,0.0
0.093316,0.00122
0.09332,0.00122
0.093324,0.00122
0.093328,0.00122
0.093332,0.00122
0.093336,0.00122
0.09334,0.00122
0.093344,0.00122
0.093348,0.00244
0.093352,0.00122
0.093356,0.00122
0.09336,0.00122
0.093364,0.00122
0.093368,0.00122
0.093372,0.00122
0.093376,0.00122
0.09338,0.00122
0.093384,0.00122
0.093388,0.00244
0.093392,0.00122
0.093396,0.00244
0.0934,0.00122
0.093404,0.00122
0.093408,0.00122
0.093412,0.00122
0.093416,0.00122
0.09342,0.00244
0.093424,0.00244
0.093428,0.00122
0.093432,0.00122
0.093436,0.00244
0.09344,0.00244
0.093444,0.00244
0.093448,0.00244
0.093452,0.00122
0.093456,0.00122
0.09346,0.00122
0.093464,0.00122
0.093468,0.00122
0.093472,0.00122
0.093476,0.00122
0.09348,0.00244
0.093484,0.00122
0.093488,0.00122
0.093492,0.00122
0.093496,0.00122
0.0935,0.00122
0.093504,0.00244
0.093508,0.00244
0.093512,0.00244
0.093516,0.00122
0.09352,0.00244
0.093524,0.00244
0.093528,0.00244
0.093532,0.00122
0.093536,0.00122
0.09354,0.00244
0.093544,0.00122
0.093548,0.00244
0.093552,0.00244
0.093556,0.00122
0.09356,0.00122
0.093564,0.00244
0.093568,0.00244
0.093572,0.00122
0.093576,0.00122
0.09358,0.00244
0.093584,0.00244
0.093588,0.00122
0.093592,0.00122
0.093596,0.00122
0.0936,0.00244
0.093604,0.00122
0.093608,0.00244
0.093612,0.00122
0.093616,0.00122
0.09362,0.00244
0.093624,0.00244
0.093628,0.00122
0.093632,0.00122
0.093636,0.00244
0.09364,0.00244
0.093644,0.00244
0.093648,0.00122
0.093652,0.00244
0.093656,0.00244
0.09366,0.00244
0.093664,0.00244
0.093668,0.00244
0.093672,0.00122
0.093676,0.00122
0.09368,0.00244
0.093684,0.00244
0.093688,0.00244
0.093692,0.00244
0.093696,0.00244
0.0937,0.00244
0.093704,0.00244
0.093708,0.00244
0.093712,0.00244
0.093716,0.00122
0.09372,0.00244
0.093724,0.00244
0.093728,0.00244
0.093732,0.00244
0.093736,0.00244
0.09374,0.00244
0.093744,0.00244
0.093748,0.00244
0.093752,0.00244
0.093756,0.00244
0.09376,0.00244
0.093764,0.00244
0.093768,0.00244
0.093772,0.00122
0.093776,0.00122
0.09378,0.00244
0.093784,0.00244
0.093788,0.00244
0.093792,0.00122
0.093796,0.00244
0.0938,0.00244
0.093804,0.00366
0.093808,0.00244
0.093812,0.00244
0.093816,0.00244
0.09382,0.00244
0.093824,0.00244
0.093828,0.00244
0.093832,0.00244
0.093836,0.00244
0.09384,0.00244
0.093844,0.00244
0.093848,0.00244
0.093852,0.00244
0.093856,0.00366
0.09386,0.00244
0.093864,0.00244
0.093868,0.00244
0.093872,0.00122
0.093876,0.00244
0.09388,0.00244
0.093884,0.00244
0.093888,0.00122
0.093892,0.00244
0.093896,0.00244
0.0939,0.00244
0.093904,0.00244
0.093908,0.00244
0.093912,0.00244
0.093916,0.00244
0.09392,0.00244
0.093924,0.00244
0.093928,0.00244
0.093932,0.00122
0.093936,0.00122
0.09394,0.00122
0.093944,0.00244
0.093948,0.00244
0.093952,0.00244
0.093956,0.00244
0.09396,0.00244
0.093964,0.00244
0.093968,0.00244
0.093972,0.00244
0.093976,0.00244
0.09398,0.00122
0.093984,0.00244
0.093988,0.00244
0.093992,0.00244
0.093996,0.00244
0.094,0.00122
0.094004,0.00244
0.094008,0.00122
0.094012,0.00244
0.094016,0.00366
0.09402,0.00244
0.094024,0.00244
0.094028,0.00244
0.094032,0.00122
0.094036,0.00244
0.09404,0.00244
0.094044,0.00244
0.094048,0.00244
0.094052,0.00244
0.094056,0.00244
0.09406,0.00122
0.094064,0.00244
0.094068,0.00244
0.094072,0.00244
0.094076,0.00122
0.09408,0.00244
0.094084,0.00244
0.094088,0.00244
0.094092,0.00244
0.094096,0.00244
0.0941,0.00122
0.094104,0.00122
0.094108,0.00244
0.094112,0.00244
0.094116,0.00122
0.09412,0.00244
0.094124,0.00244
0.094128,0.00244
0.094132,0.00122
0.094136,0.00244
0.09414,0.00244
0.094144,0.00244
0.094148,0.00244
0.094152,0.00244
0.094156,0.00244
0.09416,0.00244
0.094164,0.00244
0.094168,0.00122
0.094172,0.00244
0.094176,0.00244
0.09418,0.00122
0.094184,0.00122
0.094188,0.00244
0.094192,0.00244
0.094196,0.00244
0.0942,0.00122
0.094204,0.00244
0.094208,0.00122
0.094212,0.00244
0.094216,0.00122
0.09422,0.00122
0.094224,0.00244
0.094228,0.00244
0.094232,0.00122
0.094236,0.00244
0.09424,0.00244
0.094244,0.00244
0.094248,0.00244
0.094252,0.00122
0.094256,0.00244
0.09426,0.00122
0.094264,0.00122
0.094268,0.00122
0.094272,0.00122
0.094276,0.00244
0.09428,0.00244
0.094284,0.00244
0.094288,0.00122
0.094292,0.00122
0.094296,0.00244
0.0943,0.00244
0.094304,0.00122
0.094308,0.00122
0.094312,0.00244
0.094316,0.00244
0.09432,0.00122
0.094324,0.00244
0.094328,0.00244
0.094332,0.00244
0.094336,0.00122
0.09434,0.00122
0.094344,0.00244
0.094348,0.00122
0.094352,0.00122
0.094356,0.00122
0.09436,0.00244
0.094364,0.00244
0.094368,0.00244
0.094372,0.00244
0.094376,0.00244
0.09438,0.00244
0.094384,0.00244
0.094388,0.00244
0.094392,0.00244
0.094396,0.00244
0.0944,0.00244
0.094404,0.00244
0.094408,0.00244
0.094412,0.00244
0.094416,0.00122
0.09442,0.00244
0.094424,0.00122
0.094428,0.00244
0.094432,0.00244
0.094436,0.00244
0.09444,0.00244
0.094444,0.00244
0.094448,0.00244
0.094452,0.00244
0.094456,0.00122
0.09446,0.00244
0.094464,0.00122
0.094468,0.00122
0.094472,0.00244
0.094476,0.00122
0.09448,0.00244
0.094484,0.00244
0.094488,0.00244
0.094492,0.00244
0.094496,0.00244
0.0945,0.00244
0.094504,0.00122
0.094508,0.00244
0.094512,0.00244
0.094516,0.00244
0.09452,0.00122
0.094524,0.00122
0.094528,0.00244
0.094532,0.00244
0.094536,0.00244
0.09454,0.00244
0.094544,0.00244
0.094548,0.00122
0.094552,0.00244
0.094556,0.00244
0.09456,0.00122
0.094564,0.00122
0.094568,0.00244
0.094572,0.00122
0.094576,0.00122
0.09458,0.00244
0.094584,0.00122
0.094588,0.00244
0.094592,0.00244
0.094596,0.00244
0.0946,0.00244
0.094604,0.00244
0.094608,0.00244
0.094612,0.00244
0.094616,0.00122
0.09462,0.00122
0.094624,0.00244
0.094628,0.00122
0.094632,0.00244
0.094636,0.00244
0.09464,0.00122
0.094644,0.00122
0.094648,0.00122
0.094652,0.00122
0.094656,0.00244
0.09466,0.00122
0.094664,0.00122
0.094668,0.00244
0.094672,0.00244
0.094676,0.00122
0.09468,0.00122
0.094684,0.00244
0.094688,0.00244
0.094692,0.00244
0.094696,0.00244
0.0947,0.00122
0.094704,0.00122
0.094708,0.00122
0.094712,0.00122
0.094716,0.00122
0.09472,0.00122
0.094724,0.00122
0.094728,0.00122
0.094732,0.00122
0.094736,0.00122
0.09474,0.00122
0.094744,0.00122
0.094748,0.00122
0.094752,0.00122
0.094756,0.00122
0.09476,0.00244
0.094764,0.00122
0.094768,0.00122
0.094772,0.00122
0.094776,0.00122
0.09478,0.00122
0.094784,0.00122
0.094788,0.00122
0.094792,0.00122
0.094796,0.0
0.0948,0.00122
0.094804,0.00122
0.094808,0.00122
0.094812,0.00122
0.094816,0.00122
0.09482,0.00122
0.094824,0.00122
0.094828,0.00122
0.094832,0.00122
0.094836,0.00122
0.09484,0.00122
0.094844,0.00122
0.094848,0.00122
0.094852,0.0
0.094856,0.00122
0.09486,0.0
0.094864,0.00122
0.094868,0.0
0.094872,0.0
0.094876,0.0
0.09488,0.0
0.094884,0.00122
0.094888,0.00122
0.094892,0.00122
0.094896,0.00122
0.0949,0.0
0.094904,0.0
0.094908,0.00122
0.094912,0.0
0.094916,0.0
0.09492,0.00122
0.094924,0.0
0.094928,0.00122
0.094932,0.0
0.094936,0.0
0.09494,0.0
0.094944,0.0
0.094948,0.0
0.094952,0.00122
0.094956,0.0
0.09496,0.0
0.094964,0.0
0.094968,0.0
0.094972,0.0
0.094976,0.0
0.09498,0.0
0.094984,0.0
0.094988,0.0
0.094992,-0.00122
0.094996,-0.00122
0.095,-0.00122
0.095004,-0.00122
0.095008,-0.00122
0.095012,-0.00122
0.095016,-0.00122
0.09502,-0.00122
0.095024,-0.00122
0.095028,0.0
0.095032,0.0
0.095036,0.0
0.09504,0.0
0.095044,-0.00122
0.095048,-0.00122
0.095052,-0.00122
0.095056,-0.00122
0.09506,0.0
0.095064,-0.00122
0.095068,0.0
0.095072,-0.00122
0.095076,-0.00122
0.09508,0.0
0.095084,-0.00122
0.095088,-0.00122
0.095092,-0.00122
0.095096,-0.00122
0.0951,-0.00122
0.095104,-0.00122
0.095108,-0.00122
0.095112,-0.00122
0.095116,-0.00122
0.09512,-0.00122
0.095124,-0.00122
0.095128,-0.00122
0.095132,-0.00122
0.095136,-0.00122
0.09514,-0.00122
0.095144,-0.00122
0.095148,-0.00122
0.095152,-0.00122
0.095156,-0.00122
0.09516,-0.00122
0.095164,-0.00122
0.095168,-0.00122
0.095172,-0.00122
0.095176,-0.00244
0.09518,-0.00122
0.095184,-0.00122
0.095188,-0.00244
0.095192,-0.00122
0.095196,-0.00122
0.0952,-0.00122
0.095204,-0.00122
0.095208,-0.00122
0.095212,-0.00122
0.095216,-0.00122
0.09522,-0.00244
0.095224,-0.00122
0.095228,-0.00244
0.095232,-0.00122
0.095236,-0.00244
0.09524,-0.00122
0.095244,-0.00122
0.095248,-0.00122
0.095252,-0.00244
0.095256,-0.00244
0.09526,-0.00244
0.095264,-0.00244
0.095268,-0.00122
0.095272,-0.00122
0.095276,-0.00244
0.09528,-0.00122
0.095284,-0.00122
0.095288,-0.00122
0.095292,-0.00244
0.095296,-0.00122
0.0953,-0.00244
0.095304,-0.00244
0.095308,-0.00244
0.095312,-0.00122
0.095316,-0.00122
0.09532,-0.00244
0.095324,-0.00244
0.095328,-0.00244
0.095332,-0.00122
0.095336,-0.00244
0.09534,-0.00244
0.095344,-0.00244
0.095348,-0.00122
0.095352,-0.00122
0.095356,-0.00244
0.09536,-0.00122
0.095364,-0.00244
0.095368,-0.00244
0.095372,-0.00244
0.095376,-0.00244
0.09538,-0.00244
0.095384,-0.00244
0.095388,-0.00244
0.095392,-0.00244
0.095396,-0.00244
0.0954,-0.00244
0.095404,-0.00244
0.095408,-0.00244
0.095412,-0.00244
0.095416,-0.00122
0.09542,-0.00244
0.095424,-0.00244
0.095428,-0.00244
0.095432,-0.00244
0.095436,-0.00244
0.09544,-0.00244
0.095444,-0.00244
0.095448,-0.00244
0.095452,-0.00244
0.095456,-0.00244
0.09546,-0.00122
0.095464,-0.00122
0.095468,-0.00244
0.095472,-0.00244
0.095476,-0.00366
0.09548,-0.00244
0.095484,-0.00244
0.095488,-0.00244
0.095492,-0.00244
0.095496,-0.00244
0.0955,-0.00244
0.095504,-0.00244
0.095508,-0.00366
0.095512,-0.00244
0.095516,-0.00244
0.09552,-0.00244
0.095524,-0.00244
0.095528,-0.00366
0.095532,-0.00244
0.095536,-0.00244
0.09554,-0.00244
0.095544,-0.00244
0.095548,-0.00244
0.095552,-0.00244
0.095556,-0.00244
0.09556,-0.00244
0.095564,-0.00244
0.095568,-0.00244
0.095572,-0.00244
0.095576,-0.00244
0.09558,-0.00244
0.095584,-0.00244
0.095588,-0.00244
0.095592,-0.00244
0.095596,-0.00244
0.0956,-0.00244
0.095604,-0.00244
0.095608,-0.00244
0.095612,-0.00366
0.095616,-0.00244
0.09562,-0.00244
0.095624,-0.00244
0.095628,-0.00244
0.095632,-0.00244
0.095636,-0.00244
0.09564,-0.00122
0.095644,-0.00244
0.095648,-0.00244
0.095652,-0.00244
0.095656,-0.00244
0.09566,-0.00366
0.095664,-0.00244
0.095668,-0.00244
0.095672,-0.00244
0.095676,-0.00244
0.09568,-0.00244
0.095684,-0.00244
0.095688,-0.00244
0.095692,-0.00244
0.095696,-0.00244
0.0957,-0.00244
0.095704,-0.00244
0.095708,-0.00244
0.095712,-0.00244
0.095716,-0.00244
0.09572,-0.00244
0.095724,-0.00244
0.095728,-0.00244
0.095732,-0.00244
0.095736,-0.00122
0.09574,-0.00244
0.095744,-0.00244
0.095748,-0.00244
0.095752,-0.00244
0.095756,-0.00244
0.09576,-0.00244
0.095764,-0.00244
0.095768,-0.00366
0.095772,-0.00244
0.095776,-0.00244
0.09578,-0.00244
0.095784,-0.00366
0.095788,-0.00244
0.095792,-0.00244
0.095796,-0.00244
0.0958,-0.00244
0.095804,-0.00244
0.095808,-0.00244
0.095812,-0.00244
0.095816,-0.00244
0.09582,-0.00244
0.095824,-0.00244
0.095828,-0.00244
0.095832,-0.00366
0.095836,-0.00244
0.09584,-0.00244
0.095844,-0.00244
0.095848,-0.00244
0.095852,-0.00244
0.095856,-0.00244
0.09586,-0.00244
0.095864,-0.00366
0.095868,-0.00244
0.095872,-0.00244
0.095876,-0.00244
0.09588,-0.00244
0.095884,-0.00244
0.095888,-0.00244
0.095892,-0.00244
0.095896,-0.00244
0.0959,-0.00122
0.095904,-0.00244
0.095908,-0.00244
0.095912,-0.00244
0.095916,-0.00244
0.09592,-0.00366
0.095924,-0.00244
0.095928,-0.00244
0.095932,-0.00244
0.095936,-0.00244
0.09594,-0.00244
0.095944,-0.00244
0.095948,-0.00244
0.095952,-0.00244
0.095956,-0.00366
0.09596,-0.00244
0.095964,-0.00244
0.095968,-0.00244
0.095972,-0.00244
0.095976,-0.00366
0.09598,-0.00244
0.095984,-0.00244
0.095988,-0.00244
0.095992,-0.00244
0.095996,-0.00244
0.096,-0.00244
0.096004,-0.00244
0.096008,-0.00244
0.096012,-0.00244
0.096016,-0.00244
0.09602,-0.00122
0.096024,-0.00244
0.096028,-0.00366
0.096032,-0.00244
0.096036,-0.00244
0.09604,-0.00244
0.096044,-0.00244
0.096048,-0.00244
0.096052,-0.00244
0.096056,-0.00122
0.09606,-0.00366
0.096064,-0.00244
0.096068,-0.00244
0.096072,-0.00122
0.096076,-0.00244
0.09608,-0.00244
0.096084,-0.00244
0.096088,-0.00244
0.096092,-0.00244
0.096096,-0.00244
0.0961,-0.00244
0.096104,-0.00244
0.096108,-0.00244
0.096112,-0.00244
0.096116,-0.00122
0.09612,-0.00122
0.096124,-0.00122
0.096128,-0.00244
0.096132,-0.00244
0.096136,-0.00244
0.09614,-0.00122
0.096144,-0.00122
0.096148,-0.00122
0.096152,-0.00122
0.096156,-0.00122
0.09616,-0.00122
0.096164,-0.00122
0.096168,-0.00122
0.096172,-0.00122
0.096176,-0.00122
0.09618,-0.00122
0.096184,-0.00122
0.096188,-0.00122
0.096192,-0.00122
0.096196,-0.00122
0.0962,-0.00122
0.096204,-0.00122
0.096208,-0.00122
0.096212,-0.00122
0.096216,-0.00122
0.09622,-0.00122
0.096224,-0.00122
0.096228,-0.00122
0.096232,0.0
0.096236,-0.00122
0.09624,-0.00122
0.096244,-0.00122
0.096248,-0.00122
0.096252,-0.00122
0.096256,0.0
0.09626,-0.00122
0.096264,-0.00122
0.096268,0.0
0.096272,0.0
0.096276,0.0
0.09628,0.0
0.096284,0.0
0.096288,0.0
0.096292,0.0
0.096296,0.0
0.0963,0.0
0.096304,0.0
0.096308,0.00122
0.096312,0.0
0.096316,0.0
0.09632,0.0
0.096324,0.0
0.096328,0.0
0.096332,0.00122
0.096336,0.0
0.09634,0.00122
0.096344,0.00122
0.096348,0.00122
0.096352,0.00122
0.096356,0.0
0.09636,0.0
0.096364,0.0
0.096368,0.00122
0.096372,0.00122
0.096376,0.00122
0.09638,0.00122
0.096384,0.00122
0.096388,0.00122
0.096392,0.00122
0.096396,0.00122
0.0964,0.00122
0.096404,0.00122
0.096408,0.00122
0.096412,0.00122
0.096416,0.00244
0.09642,0.00122
0.096424,0.00122
0.096428,0.00244
0.096432,0.00122
0.096436,0.00122
0.09644,0.00122
0.096444,0.00244
0.096448,0.00122
0.096452,0.00122
0.096456,0.00244
0.09646,0.00244
0.096464,0.00122
0.096468,0.00244
0.096472,0.00244
0.096476,0.00244
0.09648,0.00244
0.096484,0.00244
0.096488,0.00122
0.096492,0.00244
0.096496,0.00244
0.0965,0.00244
0.096504,0.00244
0.096508,0.00366
0.096512,0.00244
0.096516,0.00244
0.09652,0.00244
0.096524,0.00244
0.096528,0.00244
0.096532,0.00244
0.096536,0.00244
0.09654,0.00244
0.096544,0.00244
0.096548,0.00366
0.096552,0.00366
0.096556,0.00366
0.09656,0.00244
0.096564,0.00244
0.096568,0.00244
0.096572,0.00366
0.096576,0.00244
0.09658,0.00244
0.096584,0.00244
0.096588,0.00366
0.096592,0.00244
0.096596,0.00366
0.0966,0.00244
0.096604,0.00244
0.096608,0.00366
0.096612,0.00366
0.096616,0.00366
0.09662,0.00366
0.096624,0.00366
0.096628,0.00366
0.096632,0.00366
0.096636,0.00366
0.09664,0.00366
0.096644,0.00366
0.096648,0.00366
0.096652,0.00366
0.096656,0.00366
0.09666,0.00366
0.096664,0.00366
0.096668,0.00366
0.096672,0.00366
0.096676,0.00366
0.09668,0.00366
0.096684,0.00366
0.096688,0.00366
0.096692,0.00488
0.096696,0.00366
0.0967,0.00366
0.096704,0.00366
0.096708,0.00366
0.096712,0.00366
0.096716,0.00488
0.09672,0.00488
0.096724,0.00366
0.096728,0.00488
0.096732,0.00488
0.096736,0.00488
0.09674,0.00488
0.096744,0.00488
0.096748,0.00488
0.096752,0.00488
0.096756,0.00488
0.09676,0.00366
0.096764,0.00488
0.096768,0.00488
0.096772,0.00366
0.096776,0.00488
0.09678,0.00488
0.096784,0.00488
0.096788,0.00488
0.096792,0.00366
0.096796,0.00488
0.0968,0.00488
0.096804,0.00488
0.096808,0.00488
0.096812,0.00488
0.096816,0.00488
0.09682,0.00488
0.096824,0.00488
0.096828,0.0060999999999999995
0.096832,0.00488
0.096836,0.00488
0.09684,0.00488
0.096844,0.00488
0.096848,0.00488
0.096852,0.00488
0.096856,0.00488
0.09686,0.00488
0.096864,0.00488
0.096868,0.00488
0.096872,0.00488
0.096876,0.00488
0.09688,0.0060999999999999995
0.096884,0.00488
0.096888,0.00488
0.096892,0.00488
0.096896,0.00488
0.0969,0.00488
0.096904,0.00488
0.096908,0.0060999999999999995
0.096912,0.00488
0.096916,0.00488
0.09692,0.0060999999999999995
0.096924,0.00488
0.096928,0.00488
0.096932,0.00488
0.096936,0.0060999999999999995
0.09694,0.00488
0.096944,0.0060999999999999995
0.096948,0.0060999999999999995
0.096952,0.00488
0.096956,0.0060999999999999995
0.09696,0.00488
0.096964,0.00488
0.096968,0.00488
0.096972,0.00488
0.096976,0.00488
0.09698,0.00488
0.096984,0.0060999999999999995
0.096988,0.0060999999999999995
0.096992,0.00488
0.096996,0.0060999999999999995
0.097,0.0060999999999999995
0.097004,0.00488
0.097008,0.0060999999999999995
0.097012,0.00488
0.097016,0.00488
0.09702,0.0060999999999999995
0.097024,0.00488
0.097028,0.0060999999999999995
0.097032,0.0060999999999999995
0.097036,0.00488
0.09704,0.0060999999999999995
0.097044,0.0060999999999999995
0.097048,0.0060999999999999995
0.097052,0.00488
0.097056,0.0060999999999999995
0.09706,0.0060999999999999995
0.097064,0.0060999999999999995
0.097068,0.0060999999999999995
0.097072,0.0060999999999999995
0.097076,0.0060999999999999995
0.09708,0.0060999999999999995
0.097084,0.0060999999999999995
0.097088,0.00488
0.097092,0.0060999999999999995
0.097096,0.0060999999999999995
0.0971,0.0060999999999999995
0.097104,0.0060999999999999995
0.097108,0.0060999999999999995
0.097112,0.0060999999999999995
0.097116,0.0060999999999999995
0.09712,0.0060999999999999995
0.097124,0.0060999999999999995
0.097128,0.0060999999999999995
0.097132,0.00488
0.097136,0.0060999999999999995
0.09714,0.0060999999999999995
0.097144,0.0060999999999999995
0.097148,0.0060999999999999995
0.097152,0.0060999999999999995
0.097156,0.0060999999999999995
0.09716,0.0060999999999999995
0.097164,0.0060999999999999995
0.097168,0.00488
0.097172,0.00488
0.097176,0.0060999999999999995
0.09718,0.0060999999999999995
0.097184,0.0060999999999999995
0.097188,0.0060999999999999995
0.097192,0.0060999999999999995
0.097196,0.0060999999999999995
0.0972,0.0060999999999999995
0.097204,0.0060999999999999995
0.097208,0.0060999999999999995
0.097212,0.0060999999999999995
0.097216,0.0060999999999999995
0.09722,0.0060999999999999995
0.097224,0.0060999999999999995
0.097228,0.0060999999999999995
0.097232,0.0060999999999999995
0.097236,0.0060999999999999995
0.09724,0.00732
0.097244,0.0060999999999999995
0.097248,0.0060999999999999995
0.097252,0.0060999999999999995
0.097256,0.0060999999999999995
0.09726,0.0060999999999999995
0.097264,0.00488
0.097268,0.0060999999999999995
0.097272,0.0060999999999999995
0.097276,0.0060999999999999995
0.09728,0.0060999999999999995
0.097284,0.0060999999999999995
0.097288,0.0060999999999999995
0.097292,0.0060999999999999995
0.097296,0.00732
0.0973,0.0060999999999999995
0.097304,0.0060999999999999995
0.097308,0.0060999999999999995
0.097312,0.0060999999999999995
0.097316,0.0060999999999999995
0.09732,0.0060999999999999995
0.097324,0.00732
0.097328,0.00732
0.097332,0.00732
0.097336,0.0060999999999999995
0.09734,0.0060999999999999995
0.097344,0.0060999999999999995
0.097348,0.0060999999999999995
0.097352,0.00488
0.097356,0.0060999999999999995
0.09736,0.0060999999999999995
0.097364,0.0060999999999999995
0.097368,0.0060999999999999995
0.097372,0.0060999999999999995
0.097376,0.0060999999999999995
0.09738,0.0060999999999999995
0.097384,0.0060999999999999995
0.097388,0.0060999999999999995
0.097392,0.0060999999999999995
0.097396,0.0060999999999999995
0.0974,0.0060999999999999995
0.097404,0.00488
0.097408,0.0060999999999999995
0.097412,0.0060999999999999995
0.097416,0.0060999999999999995
0.09742,0.0060999999999999995
0.097424,0.0060999999999999995
0.097428,0.0060999999999999995
0.097432,0.0060999999999999995
0.097436,0.0060999999999999995
0.09744,0.0060999999999999995
0.097444,0.0060999999999999995
0.097448,0.00488
0.097452,0.00488
0.097456,0.0060999999999999995
0.09746,0.0060999999999999995
0.097464,0.0060999999999999995
0.097468,0.0060999999999999995
0.097472,0.0060999999999999995
0.097476,0.0060999999999999995
0.09748,0.0060999999999999995
0.097484,0.0060999999999999995
0.097488,0.0060999999999999995
0.097492,0.0060999999999999995
0.097496,0.0060999999999999995
0.0975,0.0060999999999999995
0.097504,0.0060999999999999995
0.097508,0.0060999999999999995
0.097512,0.0060999999999999995
0.097516,0.0060999999999999995
0.09752,0.0060999999999999995
0.097524,0.0060999999999999995
0.097528,0.0060999999999999995
0.097532,0.0060999999999999995
0.097536,0.0060999999999999995
0.09754,0.0060999999999999995
0.097544,0.00488
0.097548,0.0060999999999999995
0.097552,0.0060999999999999995
0.097556,0.0060999999999999995
0.09756,0.0060999999999999995
0.097564,0.0060999999999999995
0.097568,0.00488
0.097572,0.0060999999999999995
0.097576,0.0060999999999999995
0.09758,0.0060999999999999995
0.097584,0.0060999999999999995
0.097588,0.0060999999999999995
0.097592,0.0060999999999999995
0.097596,0.0060999999999999995
0.0976,0.0060999999999999995
0.097604,0.0060999999999999995
0.097608,0.0060999999999999995
0.097612,0.0060999999999999995
0.097616,0.00488
0.09762,0.0060999999999999995
0.097624,0.0060999999999999995
0.097628,0.00488
0.097632,0.00488
0.097636,0.00488
0.09764,0.0060999999999999995
0.097644,0.0060999999999999995
0.097648,0.00488
0.097652,0.0060999999999999995
0.097656,0.0060999999999999995
0.09766,0.00488
0.097664,0.00488
0.097668,0.00488
0.097672,0.00488
0.097676,0.00488
0.09768,0.00488
0.097684,0.00488
0.097688,0.0060999999999999995
0.097692,0.00488
0.097696,0.00488
0.0977,0.00488
0.097704,0.00488
0.097708,0.00488
0.097712,0.00488
0.097716,0.00488
0.09772,0.00488
0.097724,0.00488
0.097728,0.00488
0.097732,0.00488
0.097736,0.00488
0.09774,0.00488
0.097744,0.00488
0.097748,0.00488
0.097752,0.00488
0.097756,0.00366
0.09776,0.00488
0.097764,0.00488
0.097768,0.00488
0.097772,0.00488
0.097776,0.00488
0.09778,0.00488
0.097784,0.00366
0.097788,0.00366
0.097792,0.00488
0.097796,0.00366
0.0978,0.00366
0.097804,0.00366
0.097808,0.00366
0.097812,0.00366
0.097816,0.00366
0.09782,0.00366
0.097824,0.00366
0.097828,0.00366
0.097832,0.00366
0.097836,0.00366
0.09784,0.00366
0.097844,0.00366
0.097848,0.00366
0.097852,0.00366
0.097856,0.00366
0.09786,0.00366
0.097864,0.00366
0.097868,0.00366
0.097872,0.00366
0.097876,0.00366
0.09788,0.00366
0.097884,0.00244
0.097888,0.00244
0.097892,0.00244
0.097896,0.00244
0.0979,0.00244
0.097904,0.00244
0.097908,0.00244
0.097912,0.00244
0.097916,0.00244
0.09792,0.00244
0.097924,0.00244
0.097928,0.00244
0.097932,0.00244
0.097936,0.00244
0.09794,0.00122
0.097944,0.00244
0.097948,0.00244
0.097952,0.00366
0.097956,0.00244
0.09796,0.00244
0.097964,0.00244
0.097968,0.00244
0.097972,0.00244
0.097976,0.00122
0.09798,0.00244
0.097984,0.00122
0.097988,0.00244
0.097992,0.00122
0.097996,0.00244
0.098,0.00244
0.098004,0.00244
0.098008,0.00122
0.098012,0.00244
0.098016,0.00122
0.09802,0.00122
0.098024,0.00122
0.098028,0.00244
0.098032,0.00122
0.098036,0.00122
0.09804,0.00244
0.098044,0.00122
0.098048,0.00122
0.098052,0.00122
0.098056,0.00122
0.09806,0.00122
0.098064,0.00122
0.098068,0.00122
0.098072,0.00122
0.098076,0.00122
0.09808,0.00122
0.098084,0.00122
0.098088,0.0
0.098092,0.00122
0.098096,0.00122
0.0981,0.00122
0.098104,0.00122
0.098108,0.00122
0.098112,0.00122
0.098116,0.00122
0.09812,0.00122
0.098124,0.00122
0.098128,0.00122
0.098132,0.00122
0.098136,0.0
0.09814,0.00122
0.098144,0.00122
0.098148,0.00122
0.098152,0.0
0.098156,0.00122
0.09816,0.0
0.098164,0.0
0.098168,0.00122
0.098172,0.0
0.098176,0.00122
0.09818,0.0
0.098184,0.00122
0.098188,0.0
0.098192,0.00122
0.098196,0.0
0.0982,0.0
0.098204,0.0
0.098208,0.0
0.098212,0.0
0.098216,0.0
0.09822,0.00122
0.098224,0.0
0.098228,0.0
0.098232,0.0
0.098236,0.00122
0.09824,0.0
0.098244,0.00122
0.098248,0.0
0.098252,0.0
0.098256,0.0
0.09826,0.0
0.098264,0.0
0.098268,0.00122
0.098272,0.0
0.098276,0.0
0.09828,0.0
0.098284,0.0
0.098288,0.0
0.098292,0.0
0.098296,0.0
0.0983,-0.00122
0.098304,0.00122
0.098308,0.0
0.098312,0.0
0.098316,0.0
0.09832,0.0
0.098324,-0.00122
0.098328,0.0
0.098332,0.0
0.098336,0.0
0.09834,0.0
0.098344,0.0
0.098348,0.00122
0.098352,0.0
0.098356,0.0
0.09836,0.0
0.098364,0.00122
0.098368,0.0
0.098372,0.0
0.098376,0.0
0.09838,0.0
0.098384,0.0
0.098388,0.00122
0.098392,0.0
0.098396,-0.00122
0.0984,0.0
0.098404,0.0
0.098408,0.0
0.098412,0.0
0.098416,0.0
0.09842,-0.00122
0.098424,0.0
0.098428,0.0
0.098432,0.0
0.098436,0.0
0.09844,0.0
0.098444,0.0
0.098448,0.0
0.098452,0.0
0.098456,0.0
0.09846,0.0
0.098464,0.0
0.098468,0.0
0.098472,0.00122
0.098476,0.0
0.09848,0.0
0.098484,0.0
0.098488,0.0
0.098492,0.0
0.098496,0.0
0.0985,-0.00122
0.098504,0.0
0.098508,0.0
0.098512,0.0
0.098516,0.0
0.09852,-0.00122
0.098524,-0.00122
0.098528,0.0
0.098532,0.0
0.098536,-0.00122
0.09854,0.0
0.098544,0.0
0.098548,0.0
0.098552,-0.00122
0.098556,0.0
0.09856,-0.00122
0.098564,0.0
0.098568,0.0
0.098572,-0.00122
0.098576,-0.00122
0.09858,0.0
0.098584,0.0
0.098588,-0.00122
0.098592,-0.00122
0.098596,0.0
0.0986,-0.00122
0.098604,0.0
0.098608,0.0
0.098612,-0.00122
0.098616,-0.00122
0.09862,-0.00122
0.098624,-0.00122
0.098628,-0.00122
0.098632,-0.00122
0.098636,-0.00122
0.09864,-0.00122
0.098644,-0.00122
0.098648,-0.00122
0.098652,-0.00122
0.098656,-0.00122
0.09866,-0.00122
0.098664,-0.00122
0.098668,-0.00122
0.098672,-0.00122
0.098676,-0.00122
0.09868,-0.00122
0.098684,-0.00122
0.098688,-0.00122
0.098692,-0.00122
0.098696,-0.00122
0.0987,-0.00122
0.098704,-0.00122
0.098708,-0.00122
0.098712,-0.00122
0.098716,-0.00122
0.09872,-0.00122
0.098724,-0.00122
0.098728,-0.00122
0.098732,-0.00122
0.098736,-0.00122
0.09874,-0.00122
0.098744,-0.00244
0.098748,-0.00122
0.098752,-0.00122
0.098756,-0.00122
0.09876,-0.00122
0.098764,-0.00122
0.098768,-0.00122
0.098772,-0.00122
0.098776,-0.00122
0.09878,-0.00122
0.098784,-0.00244
0.098788,-0.00122
0.098792,-0.00122
0.098796,-0.00122
0.0988,-0.00244
0.098804,-0.00122
0.098808,-0.00122
0.098812,-0.00244
0.098816,-0.00244
0.09882,-0.00122
0.098824,-0.00244
0.098828,-0.00122
0.098832,-0.00122
0.098836,-0.00244
0.09884,-0.00244
0.098844,-0.00122
0.098848,-0.00122
0.098852,-0.00122
0.098856,-0.00122
0.09886,-0.00122
0.098864,-0.00244
0.098868,-0.00122
0.098872,-0.00122
0.098876,-0.00244
0.09888,-0.00244
0.098884,-0.00122
0.098888,-0.00244
0.098892,-0.00122
0.098896,-0.00122
0.0989,-0.00122
0.098904,-0.00244
0.098908,-0.00122
0.098912,-0.00122
0.098916,-0.00244
0.09892,-0.00122
0.098924,-0.00244
0.098928,-0.00244
0.098932,-0.00122
0.098936,-0.00122
0.09894,-0.00122
0.098944,-0.00244
0.098948,-0.00244
0.098952,-0.00122
0.098956,-0.00122
0.09896,-0.00122
0.098964,-0.00244
0.098968,-0.00122
0.098972,-0.00244
0.098976,-0.00122
0.09898,-0.00244
0.098984,-0.00244
0.098988,-0.00122
0.098992,-0.00244
0.098996,-0.00122
0.099,-0.00244
0.099004,-0.00244
0.099008,-0.00244
0.099012,-0.00244
0.099016,-0.00244
0.09902,-0.00122
0.099024,-0.00244
0.099028,-0.00244
0.099032,-0.00122
0.099036,-0.00244
0.09904,-0.00122
0.099044,-0.00244
0.099048,-0.00122
0.099052,-0.00122
0.099056,-0.00244
0.09906,-0.00122
0.099064,-0.00244
0.099068,-0.00244
0.099072,-0.00244
0.099076,-0.00244
0.09908,-0.00244
0.099084,-0.00122
0.099088,-0.00244
0.099092,-0.00244
0.099096,-0.00244
0.0991,-0.00244
0.099104,-0.00244
0.099108,-0.00244
0.099112,-0.00244
0.099116,-0.00244
0.09912,-0.00244
0.099124,-0.00244
0.099128,-0.00244
0.099132,-0.00122
0.099136,-0.00122
0.09914,-0.00122
0.099144,-0.00244
0.099148,-0.00244
0.099152,-0.00244
0.099156,-0.00244
0.09916,-0.00244
0.099164,-0.00244
0.099168,-0.00122
0.099172,-0.00244
0.099176,-0.00244
0.09918,-0.00122
0.099184,-0.00122
0.099188,-0.00244
0.099192,-0.00122
0.099196,-0.00122
0.0992,-0.00244
0.099204,-0.00244
0.099208,-0.00122
0.099212,-0.00244
0.099216,-0.00244
0.09922,-0.00122
0.099224,-0.00122
0.099228,-0.00244
0.099232,-0.00244
0.099236,-0.00122
0.09924,-0.00122
0.099244,-0.00122
0.099248,-0.00122
0.099252,-0.00244
0.099256,-0.00122
0.09926,-0.00122
0.099264,-0.00122
0.099268,-0.00122
0.099272,-0.00122
0.099276,-0.00122
0.09928,-0.00122
0.099284,-0.00122
0.099288,-0.00122
0.099292,-0.00122
0.099296,-0.00122
0.0993,-0.00244
0.099304,-0.00122
0.099308,-0.00122
0.099312,-0.00122
0.099316,-0.00122
0.09932,-0.00122
0.099324,-0.00122
0.099328,-0.00122
0.099332,-0.00122
0.099336,-0.00122
0.09934,-0.00122
0.099344,-0.00122
0.099348,-0.00122
0.099352,-0.00122
0.099356,-0.00122
0.09936,-0.00122
0.099364,-0.00122
0.099368,-0.00122
0.099372,-0.00122
0.099376,-0.00122
0.09938,-0.00122
0.099384,-0.00122
0.099388,-0.00122
0.099392,-0.00122
0.099396,-0.00122
0.0994,0.0
0.099404,0.0
0.099408,0.0
0.099412,0.0
0.099416,0.0
0.09942,0.0
0.099424,0.0
0.099428,0.0
0.099432,0.0
0.099436,0.0
0.09944,-0.00122
0.099444,0.0
0.099448,0.0
0.099452,0.0
0.099456,0.00122
0.09946,0.0
0.099464,0.0
0.099468,0.00122
0.099472,0.0
0.099476,0.00122
0.09948,0.0
0.099484,0.0
0.099488,0.0
0.099492,0.0
0.099496,0.0
0.0995,0.0
0.099504,0.0
0.099508,0.0
0.099512,0.00122
0.099516,0.00122
0.09952,0.00122
0.099524,0.00122
0.099528,0.00122
0.099532,0.00122
0.099536,0.00122
0.09954,0.00122
0.099544,0.00122
0.099548,0.00122
0.099552,0.00122
0.099556,0.00122
0.09956,0.00122
0.099564,0.00122
0.099568,0.00122
0.099572,0.00122
0.099576,0.00122
0.09958,0.00122
0.099584,0.00122
0.099588,0.00244
0.099592,0.00122
0.099596,0.00244
0.0996,0.00122
0.099604,0.00122
0.099608,0.00122
0.099612,0.00122
0.099616,0.00244
0.09962,0.00122
0.099624,0.00244
0.099628,0.00122
0.099632,0.00244
0.099636,0.00122
0.09964,0.00244
0.099644,0.00122
0.099648,0.00244
0.099652,0.00244
0.099656,0.00122
0.09966,0.00122
0.099664,0.00122
0.099668,0.00244
0.099672,0.00122
0.099676,0.00244
0.09968,0.00122
0.099684,0.00244
0.099688,0.00122
0.099692,0.00122
0.099696,0.00122
0.0997,0.00244
0.099704,0.00244
0.099708,0.00244
0.099712,0.00244
0.099716,0.00244
0.09972,0.00244
0.099724,0.00244
0.099728,0.00244
0.099732,0.00244
0.099736,0.00122
0.09974,0.00122
0.099744,0.00122
0.099748,0.00122
0.099752,0.00244
0.099756,0.00122
0.09976,0.00244
0.099764,0.00244
0.099768,0.00244
0.099772,0.00122
0.099776,0.00122
0.09978,0.00244
0.099784,0.00122
0.099788,0.00244
0.099792,0.00122
0.099796,0.00122
0.0998,0.00244
0.099804,0.00244
0.099808,0.00244
0.099812,0.00244
0.099816,0.00244
0.09982,0.00244
0.099824,0.00244
0.099828,0.00244
0.099832,0.00244
0.099836,0.00244
0.09984,0.00122
0.099844,0.00244
0.099848,0.00244
0.099852,0.00122
0.099856,0.00244
0.09986,0.00244
0.099864,0.00244
0.099868,0.00244
0.099872,0.00244
0.099876,0.00244
0.09988,0.00244
0.099884,0.00244
0.099888,0.00244
0.099892,0.00244
0.099896,0.00244
0.0999,0.00122
0.099904,0.00244
0.099908,0.00244
0.099912,0.00122
0.099916,0.00244
0.09992,0.00244
0.099924,0.00244
0.099928,0.00122
0.099932,0.00244
0.099936,0.00122
0.09994,0.00244
0.099944,0.00244
0.099948,0.00244
0.099952,0.00244
0.099956,0.00244
0.09996,0.00244
0.099964,0.00244
0.099968,0.00244
0.099972,0.00244
0.099976,0.00122
0.09998,0.00244
0.099984,0.00244
0.099988,0.00244
0.099992,0.00244
0.099996,0.00244
0.1,0.00122
0.100004,0.00122
0.100008,0.00244
0.100012,0.00244
0.100016,0.00244
0.10002,0.00244
0.100024,0.00122
0.100028,0.00122
0.100032,0.00122
0.100036,0.00122
0.10004,0.00244
0.100044,0.00244
0.100048,0.00122
0.100052,0.00244
0.100056,0.00122
0.10006,0.00122
0.100064,0.00244
0.100068,0.00122
0.100072,0.00122
0.100076,0.00122
0.10008,0.00122
0.100084,0.00244
0.100088,0.00122
0.100092,0.00244
0.100096,0.00244
0.1001,0.00122
0.100104,0.00244
0.100108,0.00244
0.100112,0.00244
0.100116,0.00244
0.10012,0.00244
0.100124,0.00244
0.100128,0.00244
0.100132,0.00122
0.100136,0.00244
0.10014,0.00244
0.100144,0.00122
0.100148,0.00122
0.100152,0.00244
0.100156,0.00122
0.10016,0.00122
0.100164,0.00244
0.100168,0.00244
0.100172,0.00244
0.100176,0.00244
0.10018,0.00122
0.100184,0.00244
0.100188,0.00122
0.100192,0.00122
0.100196,0.00244
0.1002,0.00122
0.100204,0.00122
0.100208,0.00122
0.100212,0.00244
0.100216,0.00122
0.10022,0.00122
0.100224,0.00122
0.100228,0.00122
0.100232,0.00122
0.100236,0.00244
0.10024,0.00122
0.100244,0.00244
0.100248,0.00244
0.100252,0.00122
0.100256,0.00122
0.10026,0.00122
0.100264,0.00122
0.100268,0.00122
0.100272,0.00122
0.100276,0.00122
0.10028,0.00122
0.100284,0.00122
0.100288,0.00244
0.100292,0.00244
0.100296,0.00244
0.1003,0.00122
0.100304,0.00122
0.100308,0.00122
0.100312,0.00244
0.100316,0.00244
0.10032,0.00122
0.100324,0.00122
0.100328,0.00122
0.100332,0.00122
0.100336,0.00122
0.10034,0.00122
0.100344,0.00244
0.100348,0.00244
0.100352,0.00244
0.100356,0.00244
0.10036,0.00122
0.100364,0.00122
0.100368,0.00122
0.100372,0.00122
0.100376,0.00122
0.10038,0.00122
0.100384,0.00122
0.100388,0.00244
0.100392,0.00122
0.100396,0.00244
0.1004,0.00122
0.100404,0.00244
0.100408,0.00122
0.100412,0.00122
0.100416,0.00122
0.10042,0.00122
0.100424,0.00122
0.100428,0.00122
0.100432,0.00122
0.100436,0.00244
0.10044,0.00122
0.100444,0.00244
0.100448,0.00122
0.100452,0.00244
0.100456,0.00122
0.10046,0.00244
0.100464,0.00122
0.100468,0.00122
0.100472,0.00244
0.100476,0.00122
0.10048,0.00122
0.100484,0.00244
0.100488,0.00244
0.100492,0.00122
0.100496,0.00244
0.1005,0.00122
0.100504,0.00244
0.100508,0.00122
0.100512,0.00122
0.100516,0.00244
0.10052,0.00244
0.100524,0.00244
0.100528,0.00122
0.100532,0.00244
0.100536,0.00122
0.10054,0.00244
0.100544,0.00122
0.100548,0.00244
0.100552,0.00122
0.100556,0.00122
0.10056,0.00122
0.100564,0.00244
0.100568,0.00122
0.100572,0.00122
0.100576,0.00122
0.10058,0.00122
0.100584,0.00244
0.100588,0.00122
0.100592,0.00244
0.100596,0.00122
0.1006,0.00244
0.100604,0.00122
0.100608,0.00122
0.100612,0.00244
0.100616,0.00244
0.10062,0.00244
0.100624,0.00244
0.100628,0.00122
0.100632,0.00244
0.100636,0.00244
0.10064,0.00122
0.100644,0.00244
0.100648,0.00244
0.100652,0.00122
0.100656,0.00244
0.10066,0.00122
0.100664,0.00244
0.100668,0.00244
0.100672,0.00122
0.100676,0.00244
0.10068,0.00122
0.100684,0.00244
0.100688,0.00244
0.100692,0.00122
0.100696,0.00244
0.1007,0.00244
0.100704,0.00122
0.100708,0.00244
0.100712,0.00122
0.100716,0.00122
0.10072,0.00244
0.100724,0.00244
0.100728,0.00122
0.100732,0.00244
0.100736,0.00244
0.10074,0.00122
0.100744,0.00122
0.100748,0.00122
0.100752,0.00122
0.100756,0.00122
0.10076,0.00122
0.100764,0.00122
0.100768,0.00122
0.100772,0.00122
0.100776,0.00122
0.10078,0.00122
0.100784,0.00244
0.100788,0.00122
0.100792,0.00122
0.100796,0.00244
0.1008,0.00122
0.100804,0.00122
0.100808,0.00122
0.100812,0.00122
0.100816,0.00122
0.10082,0.00122
0.100824,0.00122
0.100828,0.00122
0.100832,0.00122
0.100836,0.00122
0.10084,0.00122
0.100844,0.00122
0.100848,0.00122
0.100852,0.00122
0.100856,0.00122
0.10086,0.00122
0.100864,0.00122
0.100868,0.00122
0.100872,0.00122
0.100876,0.00122
0.10088,0.00122
0.100884,0.00122
0.100888,0.00122
0.100892,0.00122
0.100896,0.00122
0.1009,0.00122
0.100904,0.00122
0.100908,0.00122
0.100912,0.0
0.100916,0.00122
0.10092,0.0
0.100924,0.00122
0.100928,0.00122
0.100932,0.00122
0.100936,0.00122
0.10094,0.00122
0.100944,0.00122
0.100948,0.00122
0.100952,0.0
0.100956,0.00122
0.10096,0.00122
0.100964,0.0
0.100968,0.00122
0.100972,0.00122
0.100976,0.00122
0.10098,0.0
0.100984,0.00122
0.100988,0.0
0.100992,0.0
0.100996,0.0
0.101,0.0
0.101004,0.0
0.101008,0.00122
0.101012,0.00122
0.101016,0.0
0.10102,0.00122
0.101024,0.0
0.101028,0.0
0.101032,0.0
0.101036,0.0
0.10104,0.0
0.101044,0.0
0.101048,0.00122
0.101052,0.0
0.101056,0.0
0.10106,0.0
0.101064,-0.00122
0.101068,0.0
0.101072,0.0
0.101076,0.0
0.10108,0.0
0.101084,0.0
0.101088,0.0
0.101092,0.0
0.101096,0.0
0.1011,0.0
0.101104,0.0
0.101108,0.0
0.101112,0.0
0.101116,-0.00122
0.10112,0.0
0.101124,0.0
0.101128,0.0
0.101132,0.00122
0.101136,0.00122
0.10114,0.0
0.101144,0.0
0.101148,0.0
0.101152,0.00122
0.101156,0.0
0.10116,0.0
0.101164,0.0
0.101168,0.0
0.101172,0.0
0.101176,0.00122
0.10118,0.0
0.101184,0.0
0.101188,0.0
0.101192,0.0
0.101196,0.0
0.1012,0.0
0.101204,0.0
0.101208,0.0
0.101212,0.0
0.101216,0.0
0.10122,0.0
0.101224,0.0
0.101228,0.00122
0.101232,0.0
0.101236,0.0
0.10124,0.0
0.101244,0.0
0.101248,0.0
0.101252,0.00122
0.101256,0.00122
0.10126,0.00122
0.101264,0.0
0.101268,0.00122
0.101272,0.0
0.101276,0.0
0.10128,0.0
0.101284,0.0
0.101288,0.0
0.101292,0.0
0.101296,0.00122
0.1013,0.00122
0.101304,0.0
0.101308,0.0
0.101312,0.00122
0.101316,0.0
0.10132,0.0
0.101324,0.0
0.101328,0.0
0.101332,0.0
0.101336,0.0
0.10134,0.0
0.101344,0.00122
0.101348,0.0
0.101352,0.0
0.101356,0.0
0.10136,0.0
0.101364,0.0
0.101368,0.0
0.101372,0.00122
0.101376,0.0
0.10138,0.00122
0.101384,0.00122
0.101388,0.00122
0.101392,0.0
0.101396,0.00122
0.1014,0.00122
0.101404,0.00122
0.101408,0.00122
0.101412,0.0
0.101416,0.00122
0.10142,0.0
0.101424,0.00122
0.101428,0.0
0.101432,0.00122
0.101436,0.0
0.10144,0.0
0.101444,0.00122
0.101448,0.00122
0.101452,0.0
0.101456,0.00122
0.10146,0.00122
0.101464,0.00122
0.101468,0.00122
0.101472,0.0
0.101476,0.00122
0.10148,0.00122
0.101484,0.0
0.101488,0.00122
0.101492,0.00122
0.101496,0.00122
0.1015,0.00122
0.101504,0.00122
0.101508,0.0
0.101512,0.00122
0.101516,0.00122
0.10152,0.00122
0.101524,0.00122
0.101528,0.00122
0.101532,0.00122
0.101536,0.00122
0.10154,0.00122
0.101544,0.00122
0.101548,0.00122
0.101552,0.00122
0.101556,0.00122
0.10156,0.00122
0.101564,0.00244
0.101568,0.00122
0.101572,0.00122
0.101576,0.00122
0.10158,0.00122
0.101584,0.00244
0.101588,0.00244
0.101592,0.00122
0.101596,0.00122
0.1016,0.0
0.101604,0.00244
0.101608,0.00122
0.101612,0.00122
0.101616,0.00244
0.10162,0.00122
0.101624,0.00122
0.101628,0.00122
0.101632,0.00122
0.101636,0.00122
0.10164,0.00244
0.101644,0.00122
0.101648,0.00122
0.101652,0.00122
0.101656,0.00244
0.10166,0.00122
0.101664,0.00122
0.101668,0.00122
0.101672,0.00122
0.101676,0.00122
0.10168,0.00122
0.101684,0.00122
0.101688,0.00122
0.101692,0.00122
0.101696,0.00244
0.1017,0.00122
0.101704,0.00122
0.101708,0.00122
0.101712,0.00122
0.101716,0.00122
0.10172,0.00122
0.101724,0.00122
0.101728,0.00122
0.101732,0.00122
0.101736,0.00122
0.10174,0.00122
0.101744,0.00122
0.101748,0.00244
0.101752,0.00122
0.101756,0.00122
0.10176,0.00122
0.101764,0.00122
0.101768,0.00122
0.101772,0.00122
0.101776,0.00244
0.10178,0.00122
0.101784,0.00122
0.101788,0.00122
0.101792,0.00122
0.101796,0.00122
0.1018,0.00122
0.101804,0.0
0.101808,0.00122
0.101812,0.00122
0.101816,0.00122
0.10182,0.00122
0.101824,0.00122
0.101828,0.00122
0.101832,0.00122
0.101836,0.00122
0.10184,0.00122
0.101844,0.00122
0.101848,0.00244
0.101852,0.00122
0.101856,0.00122
0.10186,0.00122
0.101864,0.00122
0.101868,0.00122
0.101872,0.00122
0.101876,0.00122
0.10188,0.00122
0.101884,0.00122
0.101888,0.00122
0.101892,0.00122
0.101896,0.00122
0.1019,0.00122
0.101904,0.00122
0.101908,0.00122
0.101912,0.00122
0.101916,0.00122
0.10192,0.00122
0.101924,0.00122
0.101928,0.00122
0.101932,0.00244
0.101936,0.00122
0.10194,0.00122
0.101944,0.00122
0.101948,0.00122
0.101952,0.00122
0.101956,0.00122
0.10196,0.00122
0.101964,0.00122
0.101968,0.00122
0.101972,0.00122
0.101976,0.00122
0.10198,0.00122
0.101984,0.00122
0.101988,0.00122
0.101992,0.00122
0.101996,0.00122
0.102,0.00122
0.102004,0.00122
0.102008,0.00122
0.102012,0.00122
0.102016,0.00122
0.10202,0.00122
0.102024,0.00122
0.102028,0.00122
0.102032,0.00122
0.102036,0.00122
0.10204,0.00122
0.102044,0.00122
0.102048,0.00122
0.102052,0.00122
0.102056,0.00122
0.10206,0.00122
0.102064,0.00122
0.102068,0.00122
0.102072,0.00122
0.102076,0.00122
0.10208,0.00122
0.102084,0.00122
0.102088,0.00122
0.102092,0.0
0.102096,0.00122
0.1021,0.00122
0.102104,0.00122
0.102108,0.00122
0.102112,0.00122
0.102116,0.00122
0.10212,0.00122
0.102124,0.00122
0.102128,0.00122
0.102132,0.00122
0.102136,0.00122
0.10214,0.00122
0.102144,0.00122
0.102148,0.0
0.102152,0.00122
0.102156,0.00122
0.10216,0.00122
0.102164,0.00122
0.102168,0.00122
0.102172,0.00122
0.102176,0.00122
0.10218,0.00122
0.102184,0.00122
0.102188,0.00122
0.102192,0.00122
0.102196,0.00122
0.1022,0.00122
0.102204,0.00122
0.102208,0.00122
0.102212,0.00122
0.102216,0.0
0.10222,0.00122
0.102224,0.00122
0.102228,0.00122
0.102232,0.00122
0.102236,0.00122
0.10224,0.00122
0.102244,0.00122
0.102248,0.0
0.102252,0.00122
0.102256,0.00122
0.10226,0.00122
0.102264,0.00122
0.102268,0.00122
0.102272,0.00122
0.102276,0.00122
0.10228,0.00122
0.102284,0.00122
0.102288,0.00122
0.102292,0.00122
0.102296,0.00122
0.1023,0.00122
0.102304,0.00122
0.102308,0.00122
0.102312,0.00244
0.102316,0.00122
0.10232,0.00122
0.102324,0.00122
0.102328,0.0
0.102332,0.00122
0.102336,0.00122
0.10234,0.00122
0.102344,0.00122
0.102348,0.00122
0.102352,0.00122
0.102356,0.0
0.10236,0.00122
0.102364,0.00122
0.102368,0.0
0.102372,0.00122
0.102376,0.00122
0.10238,0.00122
0.102384,0.00122
0.102388,0.00122
0.102392,0.0
0.102396,0.00122
0.1024,0.00122
0.102404,0.00122
0.102408,0.00122
0.102412,0.00122
0.102416,0.00122
0.10242,0.00122
0.102424,0.00122
0.102428,0.00122
0.102432,0.00122
0.102436,0.00122
0.10244,0.00122
0.102444,0.00122
0.102448,0.00122
0.102452,0.00122
0.102456,0.00122
0.10246,0.00122
0.102464,0.00122
0.102468,0.0
0.102472,0.0
0.102476,0.00122
0.10248,0.0
0.102484,0.00122
0.102488,0.00122
0.102492,0.00122
0.102496,0.00122
0.1025,0.00122
0.102504,0.00122
0.102508,0.00122
0.102512,0.00122
0.102516,0.00122
0.10252,0.00122
0.102524,0.00122
0.102528,0.00122
0.102532,0.0
0.102536,0.00122
0.10254,0.00122
0.102544,0.00122
0.102548,0.00122
0.102552,0.00122
0.102556,0.00122
0.10256,0.00122
0.102564,0.0
0.102568,0.00122
0.102572,0.00122
0.102576,0.00122
0.10258,0.00122
0.102584,0.00122
0.102588,0.00122
0.102592,0.00122
0.102596,0.00122
0.1026,0.00122
0.102604,0.00122
0.102608,0.00122
0.102612,0.00122
0.102616,0.00122
0.10262,0.00122
0.102624,0.00122
0.102628,0.00122
0.102632,0.00122
0.102636,0.00122
0.10264,0.00122
0.102644,0.00122
0.102648,0.00122
0.102652,0.00122
0.102656,0.00122
0.10266,0.00122
0.102664,0.00122
0.102668,0.00244
0.102672,0.00122
0.102676,0.00122
0.10268,0.00244
0.102684,0.00122
0.102688,0.00122
0.102692,0.00122
0.102696,0.00122
0.1027,0.00122
0.102704,0.00244
0.102708,0.00122
0.102712,0.00122
0.102716,0.00122
0.10272,0.00122
0.102724,0.00122
0.102728,0.00122
0.102732,0.00244
0.102736,0.00122
0.10274,0.00122
0.102744,0.0
0.102748,0.00122
0.102752,0.00122
0.102756,0.00122
0.10276,0.00122
0.102764,0.00122
0.102768,0.00122
0.102772,0.00122
0.102776,0.00122
0.10278,0.00122
0.102784,0.00122
0.102788,0.00122
0.102792,0.00122
0.102796,0.00122
0.1028,0.00122
0.102804,0.00122
0.102808,0.00122
0.102812,0.00122
0.102816,0.00122
0.10282,0.00122
0.102824,0.00122
0.102828,0.00122
0.102832,0.00122
0.102836,0.00122
0.10284,0.0
0.102844,0.00122
0.102848,0.00122
0.102852,0.0
0.102856,0.00122
0.10286,0.00122
0.102864,0.00122
0.102868,0.00122
0.102872,0.00122
0.102876,0.00122
0.10288,0.00122
0.102884,0.0
0.102888,0.00122
0.102892,0.0
0.102896,0.0
0.1029,0.00122
0.102904,0.0
0.102908,0.0
0.102912,0.0
0.102916,0.0
0.10292,0.00122
0.102924,0.00122
0.102928,0.0
0.102932,0.0
0.102936,0.00122
0.10294,0.0
0.102944,0.00122
0.102948,0.0
0.102952,0.0
0.102956,0.0
0.10296,0.00122
0.102964,0.0
0.102968,0.0
0.102972,0.00122
0.102976,0.0
0.10298,0.0
0.102984,0.00122
0.102988,0.0
0.102992,0.0
0.102996,0.0
0.103,0.0
0.103004,0.0
0.103008,0.0
0.103012,0.0
0.103016,0.00122
0.10302,0.0
0.103024,0.0
0.103028,0.00122
0.103032,0.0
0.103036,0.0
0.10304,0.0
0.103044,0.0
0.103048,0.0
0.103052,0.0
0.103056,0.0
0.10306,0.0
0.103064,0.0
0.103068,0.00122
0.103072,0.0
0.103076,0.0
0.10308,0.0
0.103084,0.0
0.103088,0.0
0.103092,0.0
0.103096,0.0
0.1031,0.0
0.103104,0.0
0.103108,0.0
0.103112,0.0
0.103116,0.0
0.10312,0.00122
0.103124,0.0
0.103128,0.0
0.103132,0.0
0.103136,0.0
0.10314,0.0
0.103144,0.0
0.103148,0.00122
0.103152,0.0
0.103156,0.00122
0.10316,0.0
0.103164,0.0
0.103168,0.0
0.103172,0.0
0.103176,0.0
0.10318,0.0
0.103184,0.0
0.103188,0.0
0.103192,-0.00122
0.103196,0.0
0.1032,0.0
0.103204,0.0
0.103208,0.0
0.103212,0.0
0.103216,0.0
0.10322,0.0
0.103224,0.0
0.103228,0.0
0.103232,0.0
0.103236,0.0
0.10324,0.00122
0.103244,0.0
0.103248,0.0
0.103252,0.0
0.103256,0.0
0.10326,0.0
0.103264,0.0
0.103268,0.0
0.103272,0.00122
0.103276,0.00122
0.10328,0.0
0.103284,0.0
0.103288,0.0
0.103292,0.0
0.103296,0.00122
0.1033,0.00122
0.103304,0.00122
0.103308,0.00122
0.103312,0.0
0.103316,0.0
0.10332,0.0
0.103324,0.0
0.103328,0.00122
0.103332,0.00122
0.103336,0.00122
0.10334,0.0
0.103344,0.00122
0.103348,0.00122
0.103352,0.0
0.103356,0.00122
0.10336,0.00122
0.103364,0.00122
0.103368,0.0
0.103372,0.00122
0.103376,0.00122
0.10338,0.00122
0.103384,0.0
0.103388,0.00122
0.103392,0.00122
0.103396,0.00122
0.1034,0.00122
0.103404,0.0
0.103408,0.0
0.103412,0.00122
0.103416,0.00122
0.10342,0.00122
0.103424,0.0
0.103428,0.00122
0.103432,0.00122
0.103436,0.0
0.10344,0.0
0.103444,0.00122
0.103448,0.00122
0.103452,0.00122
0.103456,0.00122
0.10346,0.00122
0.103464,0.00122
0.103468,0.0
0.103472,0.00122
0.103476,0.00122
0.10348,0.00122
0.103484,0.00122
0.103488,0.00122
0.103492,0.00122
0.103496,0.0
0.1035,0.00122
0.103504,0.00122
0.103508,0.00122
0.103512,0.0
0.103516,0.00122
0.10352,0.00122
0.103524,0.0
0.103528,0.00122
0.103532,0.0
0.103536,0.00122
0.10354,0.00122
0.103544,0.0
0.103548,0.00122
0.103552,0.00122
0.103556,0.00122
0.10356,0.0
0.103564,0.00122
0.103568,0.00122
0.103572,0.00122
0.103576,0.00122
0.10358,0.0
0.103584,0.0
0.103588,0.00122
0.103592,0.0
0.103596,0.00122
0.1036,0.0
0.103604,0.00122
0.103608,0.00122
0.103612,0.00122
0.103616,0.00122
0.10362,0.00122
0.103624,0.0
0.103628,0.0
0.103632,0.00122
0.103636,0.00122
0.10364,0.00122
0.103644,0.0
0.103648,0.0
0.103652,0.00122
0.103656,0.0
0.10366,0.0
0.103664,0.00122
0.103668,0.00122
0.103672,0.0
0.103676,-0.00122
0.10368,0.0
0.103684,0.0
0.103688,0.00122
0.103692,0.00122
0.103696,0.00122
0.1037,0.00122
0.103704,0.00122
0.103708,0.0
0.103712,0.00122
0.103716,0.0
0.10372,0.00122
0.103724,0.0
0.103728,0.00122
0.103732,0.0
0.103736,0.0
0.10374,0.00122
0.103744,0.0
0.103748,0.00122
0.103752,0.0
0.103756,0.0
0.10376,0.00122
0.103764,0.00122
0.103768,0.00122
0.103772,0.00122
0.103776,0.0
0.10378,-0.00122
0.103784,0.0
0.103788,0.0
0.103792,0.0
0.103796,0.0
0.1038,0.0
0.103804,0.00122
0.103808,0.0
0.103812,0.00122
0.103816,0.0
0.10382,0.0
0.103824,0.0
0.103828,0.0
0.103832,0.0
0.103836,0.00122
0.10384,0.0
0.103844,0.0
0.103848,0.00122
0.103852,0.0
0.103856,0.00122
0.10386,0.0
0.103864,0.0
0.103868,0.0
0.103872,0.00122
0.103876,0.0
0.10388,0.0
0.103884,0.0
0.103888,0.0
0.103892,0.0
0.103896,0.0
0.1039,0.0
0.103904,0.0
0.103908,0.0
0.103912,0.0
0.103916,0.0
0.10392,0.00122
0.103924,0.0
0.103928,0.0
0.103932,-0.00122
0.103936,0.0
0.10394,-0.00122
0.103944,0.0
0.103948,0.0
0.103952,0.0
0.103956,0.0
0.10396,0.0
0.103964,0.0
0.103968,0.0
0.103972,0.0
0.103976,-0.00122
0.10398,0.0
0.103984,0.0
0.103988,0.0
0.103992,0.0
0.103996,0.0
0.104,0.0
0.104004,0.0
0.104008,0.0
0.104012,0.0
0.104016,0.0
0.10402,0.0
0.104024,0.0
0.104028,0.0
0.104032,0.0
0.104036,0.0
0.10404,0.0
0.104044,0.0
0.104048,0.0
0.104052,0.0
0.104056,-0.00122
0.10406,0.0
0.104064,0.0
0.104068,0.0
0.104072,0.0
0.104076,0.0
0.10408,-0.00122
0.104084,0.0
0.104088,0.0
0.104092,0.0
0.104096,0.0
0.1041,0.0
0.104104,0.0
0.104108,0.0
0.104112,0.0
0.104116,0.00122
0.10412,0.0
0.104124,0.0
0.104128,0.00122
0.104132,0.0
0.104136,0.0
0.10414,0.0
0.104144,0.0
0.104148,0.0
0.104152,-0.00122
0.104156,-0.00122
0.10416,0.0
0.104164,0.00122
0.104168,0.00122
0.104172,0.0
0.104176,0.0
0.10418,0.0
0.104184,0.0
0.104188,-0.00122
0.104192,0.0
0.104196,0.0
0.1042,0.0
0.104204,0.0
0.104208,0.0
0.104212,0.0
0.104216,0.0
0.10422,0.0
0.104224,0.0
0.104228,0.0
0.104232,0.0
0.104236,0.0
0.10424,0.0
0.104244,0.0
0.104248,0.0
0.104252,0.0
0.104256,0.0
0.10426,0.00122
0.104264,0.0
0.104268,0.00122
0.104272,0.0
0.104276,0.0
0.10428,0.00122
0.104284,0.00122
0.104288,0.0
0.104292,0.00122
0.104296,0.00122
0.1043,0.0
0.104304,0.0
0.104308,0.0
0.104312,0.0
0.104316,0.0
0.10432,0.0
0.104324,0.00122
0.104328,0.0
0.104332,0.00122
0.104336,0.0
0.10434,0.00122
0.104344,0.00122
0.104348,0.00122
0.104352,0.00122
0.104356,0.00122
0.10436,0.00122
0.104364,0.00122
0.104368,0.00122
0.104372,0.00122
0.104376,0.0
0.10438,0.00122
0.104384,0.00122
0.104388,0.00122
0.104392,0.00122
0.104396,0.00122
0.1044,0.00122
0.104404,0.0
0.104408,0.0
0.104412,0.00122
0.104416,0.00122
0.10442,0.00122
0.104424,0.00122
0.104428,0.00122
0.104432,0.00122
0.104436,0.00122
0.10444,0.00122
0.104444,0.00122
0.104448,0.00122
0.104452,0.0
0.104456,0.00122
0.10446,0.00122
0.104464,0.00122
0.104468,0.00122
0.104472,0.00122
0.104476,0.00122
0.10448,0.00122
0.104484,0.00122
0.104488,0.00122
0.104492,0.00122
0.104496,0.00122
0.1045,0.00122
0.104504,0.00122
0.104508,0.00122
0.104512,0.00122
0.104516,0.00122
0.10452,0.00122
0.104524,0.00122
0.104528,0.00122
0.104532,0.00122
0.104536,0.00244
0.10454,0.00122
0.104544,0.00122
0.104548,0.00122
0.104552,0.00122
0.104556,0.00122
0.10456,0.00122
0.104564,0.00122
0.104568,0.00122
0.104572,0.00122
0.104576,0.00122
0.10458,0.00244
0.104584,0.00122
0.104588,0.00244
0.104592,0.00122
0.104596,0.00122
0.1046,0.00122
0.104604,0.00122
0.104608,0.00244
0.104612,0.00122
0.104616,0.00122
0.10462,0.00244
0.104624,0.00122
0.104628,0.00122
0.104632,0.00122
0.104636,0.00122
0.10464,0.00244
0.104644,0.00244
0.104648,0.00122
0.104652,0.00122
0.104656,0.00122
0.10466,0.00244
0.104664,0.00244
0.104668,0.00244
0.104672,0.00244
0.104676,0.00244
0.10468,0.00244
0.104684,0.00122
0.104688,0.00122
0.104692,0.00122
0.104696,0.00244
0.1047,0.00122
0.104704,0.00122
0.104708,0.00122
0.104712,0.00122
0.104716,0.00122
0.10472,0.00122
0.104724,0.00244
0.104728,0.00244
0.104732,0.00244
0.104736,0.00122
0.10474,0.00122
0.104744,0.00244
0.104748,0.00122
0.104752,0.00244
0.104756,0.00122
0.10476,0.00244
0.104764,0.00122
0.104768,0.00122
0.104772,0.00122
0.104776,0.00122
0.10478,0.00122
0.104784,0.00244
0.104788,0.00244
0.104792,0.00122
0.104796,0.00122
0.1048,0.00122
0.104804,0.00122
0.104808,0.00244
0.104812,0.00244
0.104816,0.00122
0.10482,0.00244
0.104824,0.00122
0.104828,0.00244
0.104832,0.00122
0.104836,0.00244
0.10484,0.00244
0.104844,0.00122
0.104848,0.00244
0.104852,0.00122
0.104856,0.00122
0.10486,0.00244
0.104864,0.00244
0.104868,0.00122
0.104872,0.00244
0.104876,0.00244
0.10488,0.00122
0.104884,0.00244
0.104888,0.00122
0.104892,0.00122
0.104896,0.00244
0.1049,0.00122
0.104904,0.00122
0.104908,0.00122
0.104912,0.00122
0.104916,0.00244
0.10492,0.00122
0.104924,0.00122
0.104928,0.00244
0.104932,0.00122
0.104936,0.00122
0.10494,0.00244
0.104944,0.00122
0.104948,0.00122
0.104952,0.00244
0.104956,0.00122
0.10496,0.00122
0.104964,0.00244
0.104968,0.00122
0.104972,0.00244
0.104976,0.00244
0.10498,0.00244
0.104984,0.00244
0.104988,0.00122
0.104992,0.00244
0.104996,0.00244
0.105,0.00122
0.105004,0.00244
0.105008,0.00122
0.105012,0.00122
0.105016,0.00122
0.10502,0.00122
0.105024,0.00244
0.105028,0.00122
0.105032,0.00122
0.105036,0.00122
0.10504,0.00244
0.105044,0.00122
0.105048,0.00122
0.105052,0.00244
0.105056,0.00244
0.10506,0.00122
0.105064,0.00122
0.105068,0.00122
0.105072,0.00122
0.105076,0.00122
0.10508,0.00122
0.105084,0.00244
0.105088,0.00244
0.105092,0.00122
0.105096,0.00122
0.1051,0.00122
0.105104,0.00122
0.105108,0.00244
0.105112,0.00244
0.105116,0.00122
0.10512,0.00244
0.105124,0.00122
0.105128,0.00244
0.105132,0.00122
0.105136,0.00244
0.10514,0.00122
0.105144,0.00244
0.105148,0.00122
0.105152,0.00122
0.105156,0.00244
0.10516,0.00122
0.105164,0.00244
0.105168,0.00122
0.105172,0.00244
0.105176,0.00244
0.10518,0.00244
0.105184,0.00122
0.105188,0.00244
0.105192,0.00244
0.105196,0.00122
0.1052,0.00122
0.105204,0.00122
0.105208,0.00244
0.105212,0.00244
0.105216,0.00122
0.10522,0.00122
0.105224,0.00122
0.105228,0.00122
0.105232,0.00244
0.105236,0.00244
0.10524,0.00122
0.105244,0.00244
0.105248,0.00122
0.105252,0.00122
0.105256,0.00122
0.10526,0.00244
0.105264,0.00244
0.105268,0.00122
0.105272,0.00122
0.105276,0.00244
0.10528,0.00244
0.105284,0.00122
0.105288,0.00122
0.105292,0.00244
0.105296,0.00244
0.1053,0.00244
0.105304,0.00244
0.105308,0.00244
0.105312,0.00122
0.105316,0.00122
0.10532,0.00122
0.105324,0.00244
0.105328,0.00122
0.105332,0.00122
0.105336,0.00122
0.10534,0.00244
0.105344,0.00244
0.105348,0.00244
0.105352,0.00244
0.105356,0.00244
0.10536,0.00122
0.105364,0.00244
0.105368,0.00244
0.105372,0.00244
0.105376,0.00244
0.10538,0.00122
0.105384,0.00122
0.105388,0.00122
0.105392,0.00122
0.105396,0.00244
0.1054,0.00244
0.105404,0.00122
0.105408,0.00244
0.105412,0.00122
0.105416,0.00122
0.10542,0.00122
0.105424,0.00122
0.105428,0.00244
0.105432,0.00122
0.105436,0.00244
0.10544,0.00244
0.105444,0.00122
0.105448,0.00122
0.105452,0.00122
0.105456,0.00122
0.10546,0.00122
0.105464,0.00122
0.105468,0.00244
0.105472,0.00244
0.105476,0.00122
0.10548,0.00244
0.105484,0.00122
0.105488,0.00244
0.105492,0.00122
0.105496,0.00122
0.1055,0.00244
0.105504,0.00122
0.105508,0.00122
0.105512,0.00122
0.105516,0.00122
0.10552,0.00122
0.105524,0.00122
0.105528,0.00122
0.105532,0.00122
0.105536,0.00122
0.10554,0.00122
0.105544,0.00122
0.105548,0.00122
0.105552,0.00122
0.105556,0.00122
0.10556,0.00122
0.105564,0.00122
0.105568,0.00122
0.105572,0.00122
0.105576,0.00122
0.10558,0.00122
0.105584,0.00122
0.105588,0.00122
0.105592,0.00122
0.105596,0.00122
0.1056,0.00122
0.105604,0.00244
0.105608,0.00122
0.105612,0.00122
0.105616,0.00122
0.10562,0.00122
0.105624,0.00122
0.105628,0.00122
0.105632,0.00122
0.105636,0.00122
0.10564,0.00122
0.105644,0.00122
0.105648,0.00122
0.105652,0.00122
0.105656,0.00122
0.10566,0.00122
0.105664,0.00122
0.105668,0.00122
0.105672,0.00244
0.105676,0.00122
0.10568,0.00122
0.105684,0.00122
0.105688,0.00122
0.105692,0.00122
0.105696,0.00122
0.1057,0.00122
0.105704,0.00122
0.105708,0.00122
0.105712,0.00122
0.105716,0.00122
0.10572,0.00122
0.105724,0.00122
0.105728,0.00122
0.105732,0.00122
0.105736,0.00122
0.10574,0.00122
0.105744,0.00122
0.105748,0.0
0.105752,0.0
0.105756,0.00122
0.10576,0.0
0.105764,0.00122
0.105768,0.00122
0.105772,0.00122
0.105776,0.0
0.10578,0.0
0.105784,0.0
0.105788,0.00122
0.105792,0.00122
0.105796,0.00122
0.1058,0.0
0.105804,0.00122
0.105808,0.0
0.105812,0.0
0.105816,0.00122
0.10582,0.0
0.105824,0.0
0.105828,0.0
0.105832,0.00122
0.105836,0.0
0.10584,0.0
0.105844,0.0
0.105848,0.0
0.105852,0.0
0.105856,0.0
0.10586,0.0
0.105864,0.0
0.105868,0.00122
0.105872,0.0
0.105876,0.0
0.10588,0.0
0.105884,0.0
0.105888,0.0
0.105892,0.0
0.105896,0.00122
0.1059,0.0
0.105904,0.0
0.105908,0.0
0.105912,0.0
0.105916,0.0
0.10592,0.0
0.105924,0.0
0.105928,0.0
0.105932,0.00122
0.105936,0.0
0.10594,0.0
0.105944,0.0
0.105948,0.0
0.105952,0.0
0.105956,0.0
0.10596,0.0
0.105964,-0.00122
0.105968,0.0
0.105972,0.0
0.105976,0.0
0.10598,0.0
0.105984,0.0
0.105988,0.0
0.105992,0.0
0.105996,-0.00122
0.106,0.0
0.106004,0.0
0.106008,0.0
0.106012,0.0
0.106016,0.0
0.10602,0.0
0.106024,0.0
0.106028,0.0
0.106032,-0.00122
0.106036,0.0
0.10604,-0.00122
0.106044,-0.00122
0.106048,-0.00122
0.106052,-0.00122
0.106056,-0.00122
0.10606,-0.00122
0.106064,-0.00122
0.106068,-0.00122
0.106072,-0.00122
0.106076,-0.00122
0.10608,0.0
0.106084,-0.00122
0.106088,-0.00122
0.106092,-0.00122
0.106096,0.0
0.1061,-0.00122
0.106104,-0.00122
0.106108,-0.00122
0.106112,0.0
0.106116,-0.00122
0.10612,-0.00122
0.106124,-0.00122
0.106128,-0.00122
0.106132,-0.00122
0.106136,-0.00122
0.10614,-0.00122
0.106144,-0.00122
0.106148,-0.00122
0.106152,-0.00122
0.106156,-0.00122
0.10616,-0.00122
0.106164,-0.00122
0.106168,-0.00122
0.106172,-0.00122
0.106176,-0.00122
0.10618,-0.00122
0.106184,-0.00122
0.106188,-0.00122
0.106192,-0.00122
0.106196,-0.00122
0.1062,0.0
0.106204,-0.00122
0.106208,-0.00244
0.106212,-0.00122
0.106216,-0.00122
0.10622,-0.00122
0.106224,-0.00122
0.106228,-0.00122
0.106232,-0.00122
0.106236,-0.00122
0.10624,-0.00122
0.106244,-0.00244
0.106248,-0.00244
0.106252,-0.00122
0.106256,-0.00122
0.10626,-0.00244
0.106264,-0.00122
0.106268,-0.00122
0.106272,-0.00122
0.106276,-0.00122
0.10628,-0.00122
0.106284,-0.00122
0.106288,-0.00122
0.106292,-0.00122
0.106296,-0.00122
0.1063,-0.00122
0.106304,-0.00122
0.106308,-0.00122
0.106312,-0.00122
0.106316,-0.00122
0.10632,-0.00244
0.106324,-0.00244
0.106328,-0.00244
0.106332,-0.00122
0.106336,-0.00122
0.10634,-0.00122
0.106344,-0.00122
0.106348,-0.00122
0.106352,-0.00244
0.106356,-0.00244
0.10636,-0.00122
0.106364,-0.00122
0.106368,-0.00122
0.106372,-0.00122
0.106376,-0.00122
0.10638,-0.00244
0.106384,-0.00122
0.106388,-0.00244
0.106392,-0.00244
0.106396,-0.00122
0.1064,-0.00244
0.106404,-0.00244
0.106408,-0.00244
0.106412,-0.00244
0.106416,-0.00122
0.10642,-0.00244
0.106424,-0.00244
0.106428,-0.00244
0.106432,-0.00244
0.106436,-0.00244
0.10644,-0.00244
0.106444,-0.00244
0.106448,-0.00244
0.106452,-0.00244
0.106456,-0.00122
0.10646,-0.00244
0.106464,-0.00244
0.106468,-0.00244
0.106472,-0.00244
0.106476,-0.00244
0.10648,-0.00244
0.106484,-0.00122
0.106488,-0.00244
0.106492,-0.00244
0.106496,-0.00244
0.1065,-0.00366
0.106504,-0.00244
0.106508,-0.00244
0.106512,-0.00244
0.106516,-0.00244
0.10652,-0.00244
0.106524,-0.00244
0.106528,-0.00244
0.106532,-0.00244
0.106536,-0.00244
0.10654,-0.00244
0.106544,-0.00366
0.106548,-0.00244
0.106552,-0.00244
0.106556,-0.00122
0.10656,-0.00244
0.106564,-0.00244
0.106568,-0.00244
0.106572,-0.00244
0.106576,-0.00366
0.10658,-0.00122
0.106584,-0.00244
0.106588,-0.00244
0.106592,-0.00244
0.106596,-0.00244
0.1066,-0.00244
0.106604,-0.00244
0.106608,-0.00244
0.106612,-0.00244
0.106616,-0.00244
0.10662,-0.00244
0.106624,-0.00244
0.106628,-0.00244
0.106632,-0.00244
0.106636,-0.00244
0.10664,-0.00244
0.106644,-0.00244
0.106648,-0.00366
0.106652,-0.00244
0.106656,-0.00244
0.10666,-0.00244
0.106664,-0.00244
0.106668,-0.00244
0.106672,-0.00244
0.106676,-0.00366
0.10668,-0.00244
0.106684,-0.00244
0.106688,-0.00244
0.106692,-0.00244
0.106696,-0.00366
0.1067,-0.00244
0.106704,-0.00366
0.106708,-0.00366
0.106712,-0.00244
0.106716,-0.00366
0.10672,-0.00366
0.106724,-0.00244
0.106728,-0.00244
0.106732,-0.00366
0.106736,-0.00244
0.10674,-0.00366
0.106744,-0.00244
0.106748,-0.00244
0.106752,-0.00244
0.106756,-0.00366
0.10676,-0.00366
0.106764,-0.00244
0.106768,-0.00244
0.106772,-0.00244
0.106776,-0.00244
0.10678,-0.00366
0.106784,-0.00366
0.106788,-0.00244
0.106792,-0.00366
0.106796,-0.00244
0.1068,-0.00244
0.106804,-0.00244
0.106808,-0.00366
0.106812,-0.00366
0.106816,-0.00244
0.10682,-0.00244
0.106824,-0.00244
0.106828,-0.00366
0.106832,-0.00244
0.106836,-0.00366
0.10684,-0.00244
0.106844,-0.00366
0.106848,-0.00366
0.106852,-0.00244
0.106856,-0.00244
0.10686,-0.00244
0.106864,-0.00366
0.106868,-0.00244
0.106872,-0.00366
0.106876,-0.00244
0.10688,-0.00244
0.106884,-0.00244
0.106888,-0.00244
0.106892,-0.00366
0.106896,-0.00244
0.1069,-0.00366
0.106904,-0.00244
0.106908,-0.00366
0.106912,-0.00244
0.106916,-0.00366
0.10692,-0.00366
0.106924,-0.00244
0.106928,-0.00366
0.106932,-0.00366
0.106936,-0.00366
0.10694,-0.00366
0.106944,-0.00244
0.106948,-0.00366
0.106952,-0.00244
0.106956,-0.00244
0.10696,-0.00244
0.106964,-0.00366
0.106968,-0.00366
0.106972,-0.00244
0.106976,-0.00366
0.10698,-0.00244
0.106984,-0.00366
0.106988,-0.00366
0.106992,-0.00244
0.106996,-0.00366
0.107,-0.00366
0.107004,-0.00366
0.107008,-0.00366
0.107012,-0.00244
0.107016,-0.00244
0.10702,-0.00244
0.107024,-0.00244
0.107028,-0.00244
0.107032,-0.00244
0.107036,-0.00366
0.10704,-0.00244
0.107044,-0.00244
0.107048,-0.00488
0.107052,-0.00488
0.107056,-0.00366
0.10706,-0.00244
0.107064,-0.00366
0.107068,-0.00244
0.107072,-0.00244
0.107076,-0.00244
0.10708,-0.00244
0.107084,-0.00244
0.107088,-0.00244
0.107092,-0.00244
0.107096,-0.00244
0.1071,-0.00244
0.107104,-0.00244
0.107108,-0.00244
0.107112,-0.00244
0.107116,-0.00244
0.10712,-0.00244
0.107124,-0.00122
0.107128,-0.00244
0.107132,-0.00244
0.107136,-0.00244
0.10714,-0.00244
0.107144,-0.00244
0.107148,-0.00244
0.107152,-0.00244
0.107156,-0.00244
0.10716,-0.00244
0.107164,-0.00244
0.107168,-0.00244
0.107172,-0.00244
0.107176,-0.00122
0.10718,-0.00244
0.107184,-0.00122
0.107188,-0.00122
0.107192,-0.00244
0.107196,-0.00244
0.1072,-0.00244
0.107204,-0.00244
0.107208,-0.00244
0.107212,-0.00244
0.107216,-0.00244
0.10722,-0.00244
0.107224,-0.00122
0.107228,-0.00244
0.107232,-0.00244
0.107236,-0.00122
0.10724,-0.00244
0.107244,-0.00244
0.107248,-0.00244
0.107252,-0.00122
0.107256,-0.00122
0.10726,-0.00122
0.107264,-0.00122
0.107268,-0.00122
0.107272,-0.00244
0.107276,-0.00244
0.10728,-0.00122
0.107284,-0.00122
0.107288,-0.00244
0.107292,-0.00122
0.107296,-0.00244
0.1073,-0.00122
0.107304,-0.00122
0.107308,-0.00122
0.107312,-0.00244
0.107316,-0.00122
0.10732,-0.00122
0.107324,-0.00122
0.107328,-0.00122
0.107332,-0.00122
0.107336,-0.00122
0.10734,-0.00122
0.107344,-0.00122
0.107348,-0.00122
0.107352,-0.00122
0.107356,-0.00122
0.10736,-0.00244
0.107364,-0.00122
0.107368,-0.00122
0.107372,-0.00122
0.107376,-0.00122
0.10738,-0.00122
0.107384,-0.00122
0.107388,-0.00122
0.107392,-0.00122
0.107396,-0.00244
0.1074,-0.00122
0.107404,-0.00122
0.107408,-0.00122
0.107412,-0.00122
0.107416,-0.00244
0.10742,-0.00122
0.107424,-0.00122
0.107428,-0.00122
0.107432,-0.00122
0.107436,-0.00122
0.10744,-0.00122
0.107444,-0.00122
0.107448,-0.00122
0.107452,-0.00122
0.107456,-0.00122
0.10746,-0.00122
0.107464,-0.00122
0.107468,-0.00122
0.107472,-0.00122
0.107476,-0.00122
0.10748,-0.00122
0.107484,0.0
0.107488,0.0
0.107492,-0.00122
0.107496,-0.00122
0.1075,-0.00122
0.107504,-0.00122
0.107508,0.0
0.107512,-0.00122
0.107516,-0.00122
0.10752,-0.00122
0.107524,-0.00122
0.107528,-0.00122
0.107532,-0.00122
0.107536,0.0
0.10754,-0.00122
0.107544,-0.00122
0.107548,0.0
0.107552,-0.00122
0.107556,-0.00122
0.10756,-0.00122
0.107564,-0.00122
0.107568,0.0
0.107572,0.0
0.107576,0.0
0.10758,0.0
0.107584,0.0
0.107588,0.0
0.107592,0.0
0.107596,0.0
0.1076,-0.00122
0.107604,0.0
0.107608,0.0
0.107612,0.0
0.107616,0.0
0.10762,0.0
0.107624,-0.00122
0.107628,0.0
0.107632,0.0
0.107636,0.0
0.10764,0.0
0.107644,0.0
0.107648,0.0
0.107652,0.0
0.107656,-0.00122
0.10766,0.0
0.107664,-0.00122
0.107668,0.0
0.107672,0.0
0.107676,0.0
0.10768,0.0
0.107684,0.0
0.107688,0.0
0.107692,0.0
0.107696,0.0
0.1077,0.0
0.107704,-0.00122
0.107708,0.0
0.107712,0.0
0.107716,0.00122
0.10772,0.0
0.107724,0.0
0.107728,-0.00122
0.107732,0.0
0.107736,0.0
0.10774,0.0
0.107744,0.00122
0.107748,0.0
0.107752,0.00122
0.107756,0.0
0.10776,0.00122
0.107764,0.0
0.107768,0.00122
0.107772,0.00122
0.107776,0.0
0.10778,0.0
0.107784,0.00122
0.107788,0.00122
0.107792,0.00122
0.107796,0.0
0.1078,0.00122
0.107804,0.00122
0.107808,0.00122
0.107812,0.0
0.107816,0.00122
0.10782,0.00122
0.107824,0.0
0.107828,0.0
0.107832,0.00122
0.107836,0.00122
0.10784,0.00122
0.107844,0.00122
0.107848,0.00122
0.107852,0.00122
0.107856,0.00122
0.10786,0.0
0.107864,0.00122
0.107868,0.0
0.107872,0.00122
0.107876,0.0
0.10788,0.0
0.107884,0.00122
0.107888,0.0
0.107892,0.0
0.107896,0.0
0.1079,0.00122
0.107904,0.00122
0.107908,0.00122
0.107912,0.00122
0.107916,0.00122
0.10792,0.00122
0.107924,0.00122
0.107928,0.00122
0.107932,0.00122
0.107936,0.00122
0.10794,0.00122
0.107944,0.00122
0.107948,0.0
0.107952,0.00122
0.107956,0.00122
0.10796,0.00122
0.107964,0.00122
0.107968,0.00122
0.107972,0.00122
0.107976,0.00122
0.10798,0.00122
0.107984,0.00122
0.107988,0.00122
0.107992,0.00122
0.107996,0.00122
0.108,0.00122
0.108004,0.00122
0.108008,0.00122
0.108012,0.00122
0.108016,0.00122
0.10802,0.00122
0.108024,0.00122
0.108028,0.00122
0.108032,0.00244
0.108036,0.00122
0.10804,0.00122
0.108044,0.00122
0.108048,0.00244
0.108052,0.00122
0.108056,0.00122
0.10806,0.00122
0.108064,0.00122
0.108068,0.00122
0.108072,0.00244
0.108076,0.00244
0.10808,0.00244
0.108084,0.00122
0.108088,0.00122
0.108092,0.00244
0.108096,0.00122
0.1081,0.00122
0.108104,0.00244
0.108108,0.00122
0.108112,0.00122
0.108116,0.00122
0.10812,0.00122
0.108124,0.00122
0.108128,0.00244
0.108132,0.00244
0.108136,0.00122
0.10814,0.00122
0.108144,0.00122
0.108148,0.00122
0.108152,0.00122
0.108156,0.00244
0.10816,0.00244
0.108164,0.00122
0.108168,0.00122
0.108172,0.00122
0.108176,0.00244
0.10818,0.00122
0.108184,0.00122
0.108188,0.00122
0.108192,0.00122
0.108196,0.00122
0.1082,0.00244
0.108204,0.00122
0.108208,0.00244
0.108212,0.00122
0.108216,0.00122
0.10822,0.00122
0.108224,0.00244
0.108228,0.00122
0.108232,0.00122
0.108236,0.00244
0.10824,0.00122
0.108244,0.00122
0.108248,0.00244
0.108252,0.00122
0.108256,0.00122
0.10826,0.00122
0.108264,0.00122
0.108268,0.00122
0.108272,0.00122
0.108276,0.00122
0.10828,0.00122
0.108284,0.00244
0.108288,0.00122
0.108292,0.00122
0.108296,0.00122
0.1083,0.00244
0.108304,0.00122
0.108308,0.00122
0.108312,0.00122
0.108316,0.00244
0.10832,0.00244
0.108324,0.00122
0.108328,0.00244
0.108332,0.00122
0.108336,0.00122
0.10834,0.00122
0.108344,0.00122
0.108348,0.00244
0.108352,0.00122
0.108356,0.00122
0.10836,0.00122
0.108364,0.00122
0.108368,0.00122
0.108372,0.00122
0.108376,0.00122
0.10838,0.00122
0.108384,0.00122
0.108388,0.00122
0.108392,0.00122
0.108396,0.00122
0.1084,0.00122
0.108404,0.00122
0.108408,0.00122
0.108412,0.00122
0.108416,0.00122
0.10842,0.00122
0.108424,0.00122
0.108428,0.00122
0.108432,0.00122
0.108436,0.00122
0.10844,0.00122
0.108444,0.00122
0.108448,0.00244
0.108452,0.00122
0.108456,0.00244
0.10846,0.00122
0.108464,0.00122
0.108468,0.00122
0.108472,0.00122
0.108476,0.00122
0.10848,0.00122
0.108484,0.00122
0.108488,0.00122
0.108492,0.00122
0.108496,0.00122
0.1085,0.00122
0.108504,0.00122
0.108508,0.00122
0.108512,0.00122
0.108516,0.00122
0.10852,0.00122
0.108524,0.0
0.108528,0.00122
0.108532,0.00122
0.108536,0.00122
0.10854,0.00122
0.108544,0.00122
0.108548,0.00122
0.108552,0.00122
0.108556,0.00122
0.10856,0.00122
0.108564,0.00122
0.108568,0.00122
0.108572,0.00122
0.108576,0.00122
0.10858,0.00122
0.108584,0.00122
0.108588,0.00122
0.108592,0.00122
0.108596,0.00122
0.1086,0.00122
0.108604,0.00122
0.108608,0.00122
0.108612,0.00122
0.108616,0.00122
0.10862,0.00122
0.108624,0.00122
0.108628,0.0
0.108632,0.00122
0.108636,0.00122
0.10864,0.00122
0.108644,0.00122
0.108648,0.0
0.108652,0.00122
0.108656,0.00122
0.10866,0.00122
0.108664,0.00122
0.108668,0.00122
0.108672,0.00122
0.108676,0.00122
0.10868,0.00122
0.108684,0.00122
0.108688,0.00122
0.108692,0.00122
0.108696,0.00122
0.1087,0.0
0.108704,0.0
0.108708,0.0
0.108712,0.0
0.108716,0.0
0.10872,0.0
0.108724,0.0
0.108728,0.00122
0.108732,0.0
0.108736,0.0
0.10874,0.0
0.108744,0.0
0.108748,0.00122
0.108752,0.0
0.108756,0.0
0.10876,0.0
0.108764,0.0
0.108768,0.0
0.108772,0.0
0.108776,0.0
0.10878,0.0
0.108784,0.0
0.108788,0.0
0.108792,0.0
0.108796,0.0
0.1088,0.00122
0.108804,0.0
0.108808,0.0
0.108812,0.0
0.108816,0.0
0.10882,0.00122
0.108824,0.0
0.108828,0.0
0.108832,0.0
0.108836,0.0
0.10884,-0.00122
0.108844,0.0
0.108848,0.0
0.108852,0.00122
0.108856,0.0
0.10886,0.0
0.108864,0.0
0.108868,-0.00122
0.108872,-0.00122
0.108876,0.0
0.10888,-0.00122
0.108884,0.0
0.108888,0.0
0.108892,0.0
0.108896,0.0
0.1089,0.0
0.108904,0.0
0.108908,0.0
0.108912,0.0
0.108916,0.0
0.10892,0.00122
0.108924,0.0
0.108928,0.0
0.108932,-0.00122
0.108936,-0.00122
0.10894,0.0
0.108944,0.0
0.108948,0.0
0.108952,0.0
0.108956,0.0
0.10896,0.0
0.108964,-0.00122
0.108968,0.0
0.108972,0.00122
0.108976,0.0
0.10898,0.0
0.108984,0.0
0.108988,0.0
0.108992,-0.00122
0.108996,-0.00122
0.109,0.0
0.109004,0.00122
0.109008,0.0
0.109012,0.0
0.109016,0.0
0.10902,0.00122
0.109024,-0.00122
0.109028,0.0
0.109032,-0.00122
0.109036,0.0
0.10904,-0.00122
0.109044,0.0
0.109048,-0.00122
0.109052,0.0
0.109056,0.0
0.10906,0.0
0.109064,0.0
0.109068,0.0
0.109072,0.0
0.109076,0.0
0.10908,0.0
0.109084,0.0
0.109088,0.0
0.109092,0.0
0.109096,0.0
0.1091,0.0
0.109104,0.0
0.109108,0.0
0.109112,0.0
0.109116,0.00122
0.10912,0.00122
0.109124,0.0
0.109128,0.0
0.109132,-0.00122
0.109136,0.00122
0.10914,0.0
0.109144,0.00122
0.109148,0.0
0.109152,0.0
0.109156,0.0
0.10916,0.0
0.109164,0.00122
0.109168,0.00122
0.109172,0.0
0.109176,0.0
0.10918,0.0
0.109184,0.00122
0.109188,0.0
0.109192,0.0
0.109196,0.0
0.1092,0.0
0.109204,0.0
0.109208,0.0
0.109212,0.0
0.109216,0.0
0.10922,0.0
0.109224,0.0
0.109228,0.0
0.109232,0.0
0.109236,0.0
0.10924,0.0
0.109244,0.0
0.109248,0.0
0.109252,0.0
0.109256,0.00122
0.10926,0.0
0.109264,0.0
0.109268,0.00122
0.109272,0.0
0.109276,0.0
0.10928,0.0
0.109284,0.0
0.109288,0.0
0.109292,0.0
0.109296,0.0
0.1093,0.0
0.109304,0.0
0.109308,-0.00122
0.109312,0.0
0.109316,0.0
0.10932,0.0
0.109324,0.0
0.109328,0.0
0.109332,0.0
0.109336,-0.00122
0.10934,-0.00122
0.109344,0.0
0.109348,0.0
0.109352,-0.00122
0.109356,0.0
0.10936,0.0
0.109364,0.0
0.109368,0.0
0.109372,0.0
0.109376,0.0
0.10938,-0.00122
0.109384,-0.00122
0.109388,-0.00122
0.109392,0.00122
0.109396,0.0
0.1094,0.0
0.109404,-0.00122
0.109408,0.0
0.109412,0.0
0.109416,0.0
0.10942,0.0
0.109424,-0.00122
0.109428,-0.00122
0.109432,0.0
0.109436,-0.00122
0.10944,-0.00122
0.109444,-0.00122
0.109448,-0.00122
0.109452,-0.00122
0.109456,-0.00122
0.10946,-0.00122
0.109464,-0.00122
0.109468,0.0
0.109472,-0.00122
0.109476,-0.00122
0.10948,0.0
0.109484,-0.00122
0.109488,0.0
0.109492,0.0
0.109496,0.0
0.1095,0.0
0.109504,0.0
0.109508,-0.00122
0.109512,0.0
0.109516,0.0
0.10952,0.00122
0.109524,0.0
0.109528,-0.00122
0.109532,0.0
0.109536,0.0
0.10954,0.0
0.109544,0.0
0.109548,0.0
0.109552,0.0
0.109556,0.0
0.10956,0.0
0.109564,-0.00122
0.109568,-0.00122
0.109572,-0.00122
0.109576,0.0
0.10958,0.0
0.109584,0.0
0.109588,0.0
0.109592,-0.00122
0.109596,0.0
0.1096,0.0
0.109604,0.0
0.109608,0.0
0.109612,-0.00122
0.109616,-0.00122
0.10962,0.0
0.109624,0.0
0.109628,0.0
0.109632,-0.00122
0.109636,0.0
0.10964,0.0
0.109644,0.0
0.109648,0.0
0.109652,-0.00122
0.109656,0.0
0.10966,0.0
0.109664,-0.00122
0.109668,0.0
0.109672,0.0
0.109676,0.0
0.10968,0.0
0.109684,0.0
0.109688,-0.00122
0.109692,-0.00122
0.109696,-0.00122
0.1097,0.0
0.109704,0.00122
0.109708,0.0
0.109712,-0.00122
0.109716,-0.00122
0.10972,0.0
0.109724,-0.00122
0.109728,-0.00122
0.109732,-0.00122
0.109736,-0.00122
0.10974,-0.00122
0.109744,0.0
0.109748,0.0
0.109752,-0.00122
0.109756,0.0
0.10976,-0.00122
0.109764,0.0
0.109768,0.0
0.109772,-0.00122
0.109776,0.0
0.10978,-0.00122
0.109784,0.0
0.109788,-0.00122
0.109792,0.0
0.109796,-0.00122
0.1098,0.0
0.109804,0.0
0.109808,0.0
0.109812,0.0
0.109816,-0.00122
0.10982,0.0
0.109824,-0.00122
0.109828,-0.00122
0.109832,-0.00122
0.109836,-0.00122
0.10984,-0.00122
0.109844,-0.00122
0.109848,-0.00122
0.109852,-0.00122
0.109856,0.0
0.10986,-0.00122
0.109864,0.0
0.109868,0.0
0.109872,-0.00122
0.109876,-0.00122
0.10988,-0.00122
0.109884,0.0
0.109888,0.0
0.109892,0.0
0.109896,-0.00122
0.1099,-0.00122
0.109904,0.0
0.109908,0.0
0.109912,0.0
0.109916,0.0
0.10992,0.0
0.109924,0.0
0.109928,-0.00122
0.109932,-0.00122
0.109936,0.0
0.10994,0.0
0.109944,0.0
0.109948,0.0
0.109952,-0.00122
0.109956,-0.00122
0.10996,0.0
0.109964,-0.00122
0.109968,0.0
0.109972,0.0
0.109976,-0.00122
0.10998,0.0
0.109984,0.0
0.109988,0.0
0.109992,0.0
0.109996,0.0
0.11,-0.00122
0.110004,0.0
0.110008,0.0
0.110012,0.0
0.110016,0.0
0.11002,0.0
0.110024,0.0
0.110028,-0.00122
0.110032,-0.00122
0.110036,0.0
0.11004,0.0
0.110044,0.0
0.110048,0.0
0.110052,0.0
0.110056,0.0
0.11006,0.00122
0.110064,0.0
0.110068,0.0
0.110072,0.0
0.110076,0.0
0.11008,0.0
0.110084,-0.00122
0.110088,0.0
0.110092,0.0
0.110096,-0.00122
0.1101,0.0
0.110104,0.0
0.110108,-0.00122
0.110112,0.0
0.110116,0.0
0.11012,0.0
0.110124,0.0
0.110128,0.0
0.110132,0.0
0.110136,0.0
0.11014,0.0
0.110144,0.0
0.110148,0.0
0.110152,0.0
0.110156,0.0
0.11016,0.00122
0.110164,0.00122
0.110168,0.0
0.110172,0.00122
0.110176,0.00122
0.11018,0.0
0.110184,0.0
0.110188,0.00122
0.110192,0.0
0.110196,0.00122
0.1102,0.0
0.110204,0.0
0.110208,0.0
0.110212,0.00122
0.110216,0.0
0.11022,0.0
0.110224,0.00122
0.110228,0.0
0.110232,0.0
0.110236,0.00122
0.11024,0.00122
0.110244,0.00122
0.110248,0.0
0.110252,0.0
0.110256,0.0
0.11026,0.0
0.110264,0.00122
0.110268,0.00122
0.110272,0.0
0.110276,0.0
0.11028,0.0
0.110284,0.0
0.110288,0.00122
0.110292,0.0
0.110296,0.0
0.1103,0.00122
0.110304,0.00122
0.110308,0.00122
0.110312,0.00122
0.110316,0.00122
0.11032,0.00122
0.110324,0.0
0.110328,0.00122
0.110332,0.00122
0.110336,0.00122
0.11034,0.00122
0.110344,0.0
0.110348,0.00122
0.110352,0.00122
0.110356,0.00122
0.11036,0.00122
0.110364,0.00122
0.110368,0.00122
0.110372,0.00122
0.110376,0.0
0.11038,0.00122
0.110384,0.00122
0.110388,0.0
0.110392,0.0
0.110396,0.00122
0.1104,0.00122
0.110404,0.00122
0.110408,0.0
0.110412,0.0
0.110416,0.00122
0.11042,0.0
0.110424,0.00122
0.110428,0.00122
0.110432,0.00122
0.110436,0.00122
0.11044,0.00122
0.110444,0.00122
0.110448,0.00122
0.110452,0.00122
0.110456,0.00122
0.11046,0.00122
0.110464,0.00122
0.110468,0.00122
0.110472,0.0
0.110476,0.00122
0.11048,0.00122
0.110484,0.00122
0.110488,0.00122
0.110492,0.00122
0.110496,0.00122
0.1105,0.00122
0.110504,0.00122
0.110508,0.00122
0.110512,0.00122
0.110516,0.0
0.11052,0.00122
0.110524,0.00122
0.110528,0.00122
0.110532,0.00122
0.110536,0.00122
0.11054,0.00122
0.110544,0.00122
0.110548,0.00122
0.110552,0.00122
0.110556,0.00122
0.11056,0.00122
0.110564,0.00122
0.110568,0.00122
0.110572,0.00122
0.110576,0.00122
0.11058,0.00122
0.110584,0.00122
0.110588,0.00122
0.110592,0.0
0.110596,0.0
0.1106,0.00122
0.110604,0.00122
0.110608,0.00122
0.110612,0.0
0.110616,0.00122
0.11062,0.00122
0.110624,0.00122
0.110628,0.00122
0.110632,0.0
0.110636,0.00122
0.11064,0.00122
0.110644,0.00122
0.110648,0.00122
0.110652,0.00122
0.110656,0.00122
0.11066,0.00122
0.110664,0.00122
0.110668,0.00122
0.110672,0.00122
0.110676,0.0
0.11068,0.00122
0.110684,0.00122
0.110688,0.00122
0.110692,0.00122
0.110696,0.00122
0.1107,0.00122
0.110704,0.00122
0.110708,0.00122
0.110712,0.00122
0.110716,0.00122
0.11072,0.00122
0.110724,0.00122
0.110728,0.00122
0.110732,0.00122
0.110736,0.00122
0.11074,0.00122
0.110744,0.00122
0.110748,0.00122
0.110752,0.00122
0.110756,0.00122
0.11076,0.00122
0.110764,0.00244
0.110768,0.00122
0.110772,0.00122
0.110776,0.00122
0.11078,0.00122
0.110784,0.00122
0.110788,0.00122
0.110792,0.00122
0.110796,0.00122
0.1108,0.0
0.110804,0.00122
0.110808,0.00122
0.110812,0.00122
0.110816,0.00122
0.11082,0.00244
0.110824,0.00122
0.110828,0.00122
0.110832,0.00122
0.110836,0.00122
0.11084,0.00122
0.110844,0.00122
0.110848,0.00122
0.110852,0.00122
0.110856,0.00122
0.11086,0.00122
0.110864,0.00122
0.110868,0.00122
0.110872,0.00122
0.110876,0.00122
0.11088,0.00122
0.110884,0.00122
0.110888,0.00122
0.110892,0.00122
0.110896,0.00122
0.1109,0.00122
0.110904,0.00122
0.110908,0.00122
0.110912,0.00122
0.110916,0.00122
0.11092,0.00122
0.110924,0.00122
0.110928,0.0
0.110932,0.00122
0.110936,0.00122
0.11094,0.00122
0.110944,0.00122
0.110948,0.00122
0.110952,0.00122
0.110956,0.00122
0.11096,0.00122
0.110964,0.00122
0.110968,0.00122
0.110972,0.00122
0.110976,0.0
0.11098,0.00244
0.110984,0.00122
0.110988,0.00122
0.110992,0.00122
0.110996,0.00122
0.111,0.0
0.111004,0.00122
0.111008,0.00122
0.111012,0.00122
0.111016,0.00122
0.11102,0.00122
0.111024,0.00122
0.111028,0.00122
0.111032,0.00122
0.111036,0.00122
0.11104,0.00122
0.111044,0.00122
0.111048,0.00122
0.111052,0.0
0.111056,0.0
0.11106,0.00122
0.111064,0.00122
0.111068,0.00122
0.111072,0.00122
0.111076,0.0
0.11108,0.00122
0.111084,0.00122
0.111088,0.00122
0.111092,0.00122
0.111096,0.00122
0.1111,0.00122
0.111104,0.00122
0.111108,0.00122
0.111112,0.00122
0.111116,0.0
0.11112,0.00122
0.111124,0.00122
0.111128,0.00122
0.111132,0.0
0.111136,0.0
0.11114,0.00122
0.111144,0.00122
0.111148,0.0
0.111152,0.00122
0.111156,0.00122
0.11116,0.00122
0.111164,0.0
0.111168,0.0
0.111172,0.0
0.111176,0.0
0.11118,0.00122
0.111184,0.0
0.111188,0.00122
0.111192,0.00122
0.111196,0.00122
0.1112,0.0
0.111204,0.00122
0.111208,0.00122
0.111212,0.0
0.111216,0.00122
0.11122,0.0
0.111224,0.00122
0.111228,0.00122
0.111232,0.00122
0.111236,0.00122
0.11124,0.0
0.111244,0.0
0.111248,0.0
0.111252,0.0
0.111256,0.0
0.11126,0.00122
0.111264,0.0
0.111268,0.0
0.111272,0.0
0.111276,0.0
0.11128,0.0
0.111284,0.0
0.111288,0.0
0.111292,-0.00122
0.111296,0.0
0.1113,0.0
0.111304,0.0
0.111308,0.0
0.111312,0.0
0.111316,0.0
0.11132,0.0
0.111324,0.0
0.111328,0.0
0.111332,-0.00122
0.111336,0.0
0.11134,0.0
0.111344,0.0
0.111348,0.0
0.111352,-0.00122
0.111356,0.0
0.11136,0.0
0.111364,0.0
0.111368,-0.00122
0.111372,0.0
0.111376,0.0
0.11138,0.0
0.111384,0.0
0.111388,0.0
0.111392,0.0
0.111396,0.0
0.1114,-0.00122
0.111404,0.0
0.111408,0.0
0.111412,-0.00122
0.111416,-0.00122
0.11142,-0.00122
0.111424,0.0
0.111428,0.0
0.111432,0.0
0.111436,-0.00122
0.11144,-0.00122
0.111444,-0.00122
0.111448,-0.00122
0.111452,0.0
0.111456,-0.00122
0.11146,-0.00122
0.111464,-0.00122
0.111468,-0.00122
0.111472,-0.00122
0.111476,0.0
0.11148,-0.00122
0.111484,-0.00122
0.111488,-0.00122
0.111492,-0.00122
0.111496,-0.00122
0.1115,-0.00122
0.111504,-0.00122
0.111508,-0.00122
0.111512,-0.00122
0.111516,-0.00122
0.11152,0.0
0.111524,-0.00122
0.111528,-0.00122
0.111532,-0.00122
0.111536,-0.00122
0.11154,-0.00122
0.111544,-0.00122
0.111548,-0.00122
0.111552,-0.00122
0.111556,-0.00122
0.11156,0.0
0.111564,0.0
0.111568,-0.00122
0.111572,0.0
0.111576,0.0
0.11158,-0.00122
0.111584,-0.00122
0.111588,-0.00122
0.111592,-0.00122
0.111596,-0.00122
0.1116,-0.00122
0.111604,-0.00122
0.111608,0.0
0.111612,0.0
0.111616,-0.00122
0.11162,-0.00122
0.111624,-0.00122
0.111628,-0.00122
0.111632,-0.00122
0.111636,-0.00122
0.11164,0.0
0.111644,-0.00122
0.111648,-0.00122
0.111652,-0.00122
0.111656,-0.00122
0.11166,-0.00122
0.111664,-0.00122
0.111668,-0.00122
0.111672,-0.00122
0.111676,-0.00122
0.11168,-0.00122
0.111684,-0.00122
0.111688,-0.00122
0.111692,-0.00122
0.111696,-0.00122
0.1117,-0.00122
0.111704,-0.00122
0.111708,-0.00122
0.111712,-0.00122
0.111716,-0.00122
0.11172,-0.00122
0.111724,-0.00122
0.111728,-0.00122
0.111732,-0.00122
0.111736,-0.00122
0.11174,-0.00122
0.111744,-0.00122
0.111748,-0.00122
0.111752,-0.00122
0.111756,-0.00122
0.11176,-0.00122
0.111764,-0.00122
0.111768,-0.00122
0.111772,-0.00122
0.111776,-0.00122
0.11178,-0.00122
0.111784,-0.00122
0.111788,-0.00122
0.111792,0.0
0.111796,0.0
0.1118,-0.00122
0.111804,-0.00122
0.111808,-0.00122
0.111812,-0.00122
0.111816,-0.00122
0.11182,-0.00122
0.111824,-0.00122
0.111828,-0.00122
0.111832,-0.00122
0.111836,-0.00122
0.11184,-0.00122
0.111844,-0.00122
0.111848,-0.00122
0.111852,-0.00122
0.111856,-0.00122
0.11186,-0.00122
0.111864,-0.00122
0.111868,-0.00122
0.111872,-0.00122
0.111876,-0.00122
0.11188,-0.00122
0.111884,-0.00122
0.111888,-0.00122
0.111892,-0.00122
0.111896,-0.00122
0.1119,-0.00122
0.111904,-0.00122
0.111908,-0.00122
0.111912,-0.00122
0.111916,-0.00122
0.11192,-0.00122
0.111924,-0.00122
0.111928,-0.00122
0.111932,-0.00122
0.111936,-0.00122
0.11194,-0.00122
0.111944,-0.00122
0.111948,-0.00122
0.111952,-0.00122
0.111956,-0.00122
0.11196,-0.00122
0.111964,-0.00122
0.111968,-0.00122
0.111972,-0.00122
0.111976,-0.00122
0.11198,-0.00122
0.111984,-0.00122
0.111988,-0.00122
0.111992,-0.00122
0.111996,-0.00122
0.112,-0.00122
0.112004,-0.00122
0.112008,-0.00122
0.112012,-0.00122
0.112016,-0.00244
0.11202,-0.00244
0.112024,-0.00122
0.112028,-0.00244
0.112032,-0.00122
0.112036,-0.00244
0.11204,-0.00122
0.112044,-0.00122
0.112048,-0.00122
0.112052,-0.00122
0.112056,-0.00244
0.11206,-0.00122
0.112064,-0.00122
0.112068,-0.00122
0.112072,-0.00122
0.112076,-0.00244
0.11208,-0.00122
0.112084,-0.00122
0.112088,-0.00244
0.112092,-0.00244
0.112096,-0.00122
0.1121,-0.00244
0.112104,-0.00122
0.112108,-0.00122
0.112112,-0.00244
0.112116,-0.00122
0.11212,-0.00244
0.112124,-0.00244
0.112128,-0.00122
0.112132,-0.00244
0.112136,-0.00122
0.11214,-0.00244
0.112144,-0.00244
0.112148,-0.00122
0.112152,-0.00244
0.112156,-0.00122
0.11216,-0.00244
0.112164,-0.00122
0.112168,-0.00244
0.112172,-0.00122
0.112176,-0.00122
0.11218,-0.00122
0.112184,-0.00122
0.112188,-0.00122
0.112192,-0.00122
0.112196,-0.00244
0.1122,-0.00122
0.112204,-0.00122
0.112208,-0.00122
0.112212,-0.00122
0.112216,-0.00122
0.11222,-0.00122
0.112224,-0.00122
0.112228,-0.00122
0.112232,-0.00122
0.112236,-0.00122
0.11224,-0.00122
0.112244,-0.00122
0.112248,-0.00122
0.112252,-0.00244
0.112256,-0.00122
0.11226,-0.00122
0.112264,-0.00122
0.112268,-0.00122
0.112272,-0.00122
0.112276,-0.00244
0.11228,-0.00122
0.112284,-0.00122
0.112288,-0.00122
0.112292,-0.00122
0.112296,-0.00122
0.1123,-0.00122
0.112304,-0.00122
0.112308,-0.00122
0.112312,-0.00244
0.112316,-0.00122
0.11232,-0.00244
0.112324,-0.00122
0.112328,-0.00244
0.112332,-0.00122
0.112336,-0.00244
0.11234,-0.00122
0.112344,-0.00122
0.112348,-0.00122
0.112352,-0.00122
0.112356,-0.00122
0.11236,-0.00122
0.112364,-0.00122
0.112368,-0.00122
0.112372,-0.00122
0.112376,-0.00122
0.11238,-0.00122
0.112384,-0.00122
0.112388,-0.00122
0.112392,-0.00122
0.112396,-0.00122
0.1124,-0.00122
0.112404,-0.00122
0.112408,-0.00122
0.112412,-0.00122
0.112416,-0.00122
0.11242,-0.00122
0.112424,-0.00122
0.112428,-0.00122
0.112432,-0.00122
0.112436,-0.00122
0.11244,-0.00122
0.112444,-0.00122
0.112448,-0.00122
0.112452,-0.00122
0.112456,-0.00122
0.11246,-0.00122
0.112464,-0.00122
0.112468,-0.00122
0.112472,-0.00122
0.112476,-0.00122
0.11248,-0.00122
0.112484,0.0
0.112488,0.0
0.112492,-0.00122
0.112496,-0.00122
0.1125,-0.00122
0.112504,-0.00122
0.112508,-0.00122
0.112512,-0.00122
0.112516,-0.00122
0.11252,0.0
0.112524,0.0
0.112528,0.0
0.112532,-0.00122
0.112536,-0.00122
0.11254,0.0
0.112544,0.0
0.112548,0.0
0.112552,0.0
0.112556,-0.00122
0.11256,0.0
0.112564,-0.00122
0.112568,0.0
0.112572,0.0
0.112576,0.0
0.11258,0.0
0.112584,0.0
0.112588,0.0
0.112592,0.0
0.112596,-0.00122
0.1126,0.0
0.112604,0.0
0.112608,0.0
0.112612,0.0
0.112616,0.0
0.11262,0.0
0.112624,0.0
0.112628,0.0
0.112632,0.00122
0.112636,0.0
0.11264,0.0
0.112644,0.0
0.112648,0.00122
0.112652,0.00122
0.112656,0.00122
0.11266,0.0
0.112664,0.00122
0.112668,0.00122
0.112672,0.0
0.112676,0.0
0.11268,0.00122
0.112684,0.00122
0.112688,0.0
0.112692,0.0
0.112696,0.0
0.1127,0.00122
0.112704,0.00122
0.112708,0.00122
0.112712,0.00122
0.112716,0.00122
0.11272,0.00122
0.112724,0.00122
0.112728,0.00122
0.112732,0.00122
0.112736,0.00122
0.11274,0.00122
0.112744,0.00122
0.112748,0.00122
0.112752,0.00122
0.112756,0.00122
0.11276,0.00122
0.112764,0.00122
0.112768,0.00122
0.112772,0.00122
0.112776,0.0
0.11278,0.00122
0.112784,0.00122
0.112788,0.00122
0.112792,0.00122
0.112796,0.00122
0.1128,0.00122
0.112804,0.00122
0.112808,0.00122
0.112812,0.00122
0.112816,0.00122
0.11282,0.00122
0.112824,0.00244
0.112828,0.00244
0.112832,0.00122
0.112836,0.00122
0.11284,0.00244
0.112844,0.00122
0.112848,0.00244
0.112852,0.00122
0.112856,0.00244
0.11286,0.00244
0.112864,0.00122
0.112868,0.00244
0.112872,0.00244
0.112876,0.00122
0.11288,0.00244
0.112884,0.00122
0.112888,0.00122
0.112892,0.00244
0.112896,0.00244
0.1129,0.00122
0.112904,0.00122
0.112908,0.00244
0.112912,0.00122
0.112916,0.00244
0.11292,0.00122
0.112924,0.00244
0.112928,0.00244
0.112932,0.00244
0.112936,0.00244
0.11294,0.00244
0.112944,0.00244
0.112948,0.00244
0.112952,0.00244
0.112956,0.00244
0.11296,0.00244
0.112964,0.00244
0.112968,0.00244
0.112972,0.00244
0.112976,0.00122
0.11298,0.00244
0.112984,0.00122
0.112988,0.00122
0.112992,0.00122
0.112996,0.00244
0.113,0.00122
0.113004,0.00244
0.113008,0.00244
0.113012,0.00244
0.113016,0.00244
0.11302,0.00244
0.113024,0.00244
0.113028,0.00244
0.113032,0.00244
0.113036,0.00244
0.11304,0.00122
0.113044,0.00244
0.113048,0.00244
0.113052,0.00122
0.113056,0.00244
0.11306,0.00122
0.113064,0.00244
0.113068,0.00244
0.113072,0.00244
0.113076,0.00244
0.11308,0.00244
0.113084,0.00244
0.113088,0.00122
0.113092,0.00244
0.113096,0.00244
0.1131,0.00244
0.113104,0.00244
0.113108,0.00244
0.113112,0.00122
0.113116,0.00244
0.11312,0.00244
0.113124,0.00244
0.113128,0.00244
0.113132,0.00244
0.113136,0.00244
0.11314,0.00244
0.113144,0.00244
0.113148,0.00244
0.113152,0.00244
0.113156,0.00244
0.11316,0.00244
0.113164,0.00244
0.113168,0.00244
0.113172,0.00244
0.113176,0.00244
0.11318,0.00244
0.113184,0.00244
0.113188,0.00122
0.113192,0.00244
0.113196,0.00244
0.1132,0.00244
0.113204,0.00244
0.113208,0.00244
0.113212,0.00244
0.113216,0.00244
0.11322,0.00244
0.113224,0.00244
0.113228,0.00244
0.113232,0.00244
0.113236,0.00244
0.11324,0.00244
0.113244,0.00366
0.113248,0.00244
0.113252,0.00244
0.113256,0.00244
0.11326,0.00244
0.113264,0.00244
0.113268,0.00244
0.113272,0.00244
0.113276,0.00244
0.11328,0.00244
0.113284,0.00244
0.113288,0.00244
0.113292,0.00366
0.113296,0.00244
0.1133,0.00244
0.113304,0.00244
0.113308,0.00244
0.113312,0.00244
0.113316,0.00244
0.11332,0.00244
0.113324,0.00366
0.113328,0.00366
0.113332,0.00366
0.113336,0.00244
0.11334,0.00244
0.113344,0.00244
0.113348,0.00366
0.113352,0.00366
0.113356,0.00244
0.11336,0.00244
0.113364,0.00244
0.113368,0.00244
0.113372,0.00244
0.113376,0.00244
0.11338,0.00244
0.113384,0.00244
0.113388,0.00366
0.113392,0.00366
0.113396,0.00244
0.1134,0.00244
0.113404,0.00244
0.113408,0.00366
0.113412,0.00366
0.113416,0.00244
0.11342,0.00366
0.113424,0.00366
0.113428,0.00366
0.113432,0.00366
0.113436,0.00366
0.11344,0.00244
0.113444,0.00244
0.113448,0.00366
0.113452,0.00366
0.113456,0.00366
0.11346,0.00366
0.113464,0.00366
0.113468,0.00366
0.113472,0.00366
0.113476,0.00244
0.11348,0.00366
0.113484,0.00244
0.113488,0.00244
0.113492,0.00366
0.113496,0.00366
0.1135,0.00244
0.113504,0.00366
0.113508,0.00244
0.113512,0.00366
0.113516,0.00366
0.11352,0.00366
0.113524,0.00244
0.113528,0.00244
0.113532,0.00366
0.113536,0.00366
0.11354,0.00366
0.113544,0.00244
0.113548,0.00366
0.113552,0.00244
0.113556,0.00244
0.11356,0.00366
0.113564,0.00244
0.113568,0.00366
0.113572,0.00366
0.113576,0.00366
0.11358,0.00366
0.113584,0.00244
0.113588,0.00366
0.113592,0.00366
0.113596,0.00366
0.1136,0.00366
0.113604,0.00366
0.113608,0.00366
0.113612,0.00366
0.113616,0.00366
0.11362,0.00366
0.113624,0.00244
0.113628,0.00366
0.113632,0.00366
0.113636,0.00244
0.11364,0.00366
0.113644,0.00366
0.113648,0.00366
0.113652,0.00366
0.113656,0.00244
0.11366,0.00366
0.113664,0.00244
0.113668,0.00366
0.113672,0.00366
0.113676,0.00366
0.11368,0.00244
0.113684,0.00366
0.113688,0.00366
0.113692,0.00366
0.113696,0.00366
0.1137,0.00244
0.113704,0.00366
0.113708,0.00366
0.113712,0.00366
0.113716,0.00366
0.11372,0.00366
0.113724,0.00366
0.113728,0.00244
0.113732,0.00366
0.113736,0.00244
0.11374,0.00366
0.113744,0.00366
0.113748,0.00366
0.113752,0.00244
0.113756,0.00244
0.11376,0.00366
0.113764,0.00244
0.113768,0.00244
0.113772,0.00366
0.113776,0.00366
0.11378,0.00244
0.113784,0.00366
0.113788,0.00244
0.113792,0.00244
0.113796,0.00366
0.1138,0.00244
0.113804,0.00244
0.113808,0.00366
0.113812,0.00244
0.113816,0.00244
0.11382,0.00244
0.113824,0.00244
0.113828,0.00244
0.113832,0.00244
0.113836,0.00366
0.11384,0.00244
0.113844,0.00244
0.113848,0.00244
0.113852,0.00244
0.113856,0.00244
0.11386,0.00244
0.113864,0.00366
0.113868,0.00244
0.113872,0.00366
0.113876,0.00244
0.11388,0.00244
0.113884,0.00244
0.113888,0.00244
0.113892,0.00244
0.113896,0.00244
0.1139,0.00244
0.113904,0.00244
0.113908,0.00244
0.113912,0.00244
0.113916,0.00244
0.11392,0.00244
0.113924,0.00244
0.113928,0.00244
0.113932,0.00244
0.113936,0.00244
0.11394,0.00244
0.113944,0.00244
0.113948,0.00244
0.113952,0.00244
0.113956,0.00244
0.11396,0.00244
0.113964,0.00244
0.113968,0.00244
0.113972,0.00244
0.113976,0.00244
0.11398,0.00244
0.113984,0.00244
0.113988,0.00122
0.113992,0.00244
0.113996,0.00244
0.114,0.00122
0.114004,0.00244
0.114008,0.00244
0.114012,0.00244
0.114016,0.00244
0.11402,0.00244
0.114024,0.00122
0.114028,0.00244
0.114032,0.00122
0.114036,0.00244
0.11404,0.00244
0.114044,0.00122
0.114048,0.00244
0.114052,0.00244
0.114056,0.00244
0.11406,0.00122
0.114064,0.00122
0.114068,0.00122
0.114072,0.00244
0.114076,0.00122
0.11408,0.00122
0.114084,0.00122
0.114088,0.00122
0.114092,0.00122
0.114096,0.00122
0.1141,0.00122
0.114104,0.00122
0.114108,0.00122
0.114112,0.00244
0.114116,0.00122
0.11412,0.00122
0.114124,0.00244
0.114128,0.00122
0.114132,0.00122
0.114136,0.00122
0.11414,0.00122
0.114144,0.00122
0.114148,0.00122
0.114152,0.00122
0.114156,0.00122
0.11416,0.00122
0.114164,0.00122
0.114168,0.00122
0.114172,0.00122
0.114176,0.00122
0.11418,0.00122
0.114184,0.00122
0.114188,0.00122
0.114192,0.00122
0.114196,0.00122
0.1142,0.00122
0.114204,0.00122
0.114208,0.00122
0.114212,0.00122
0.114216,0.00122
0.11422,0.00122
0.114224,0.0
0.114228,0.00122
0.114232,0.00122
0.114236,0.00122
0.11424,0.0
0.114244,0.00122
0.114248,0.00122
0.114252,0.0
0.114256,0.00122
0.11426,0.0
0.114264,0.0
0.114268,0.0
0.114272,0.0
0.114276,0.0
0.11428,0.00122
0.114284,0.0
0.114288,0.00122
0.114292,0.00122
0.114296,0.0
0.1143,0.0
0.114304,0.0
0.114308,0.00122
0.114312,0.0
0.114316,0.00122
0.11432,0.0
0.114324,0.0
0.114328,0.0
0.114332,0.00122
0.114336,0.0
0.11434,0.0
0.114344,0.0
0.114348,0.00122
0.114352,0.0
0.114356,0.00122
0.11436,0.0
0.114364,0.0
0.114368,0.0
0.114372,0.00122
0.114376,0.0
0.11438,0.0
0.114384,0.0
0.114388,0.0
0.114392,0.0
0.114396,0.0
0.1144,0.0
0.114404,0.0
0.114408,0.0
0.114412,0.0
0.114416,0.0
0.11442,0.0
0.114424,0.0
0.114428,-0.00122
0.114432,0.0
0.114436,0.0
0.11444,-0.00122
0.114444,0.0
0.114448,0.0
0.114452,0.0
0.114456,0.0
0.11446,-0.00122
0.114464,0.0
0.114468,0.0
0.114472,-0.00122
0.114476,0.0
0.11448,0.00122
0.114484,0.0
0.114488,-0.00122
0.114492,-0.00122
0.114496,0.0
0.1145,-0.00122
0.114504,0.0
0.114508,0.0
0.114512,0.0
0.114516,-0.00122
0.11452,0.0
0.114524,-0.00122
0.114528,-0.00122
0.114532,-0.00122
0.114536,-0.00122
0.11454,-0.00122
0.114544,-0.00122
0.114548,-0.00122
0.114552,-0.00122
0.114556,-0.00122
0.11456,-0.00122
0.114564,0.0
0.114568,-0.00122
0.114572,-0.00122
0.114576,-0.00122
0.11458,-0.00122
0.114584,-0.00122
0.114588,-0.00122
0.114592,-0.00122
0.114596,-0.00122
0.1146,-0.00122
0.114604,-0.00122
0.114608,-0.00122
0.114612,-0.00122
0.114616,-0.00122
0.11462,-0.00122
0.114624,-0.00122
0.114628,-0.00122
0.114632,-0.00122
0.114636,-0.00122
0.11464,-0.00122
0.114644,-0.00122
0.114648,-0.00122
0.114652,-0.00122
0.114656,-0.00122
0.11466,-0.00122
0.114664,-0.00122
0.114668,-0.00122
0.114672,-0.00122
0.114676,-0.00122
0.11468,-0.00122
0.114684,-0.00122
0.114688,-0.00122
0.114692,-0.00122
0.114696,-0.00122
0.1147,-0.00122
0.114704,-0.00122
0.114708,-0.00122
0.114712,-0.00122
0.114716,-0.00122
0.11472,-0.00122
0.114724,-0.00122
0.114728,-0.00122
0.114732,-0.00122
0.114736,-0.00122
0.11474,-0.00122
0.114744,-0.00122
0.114748,-0.00122
0.114752,0.0
0.114756,-0.00122
0.11476,-0.00122
0.114764,-0.00122
0.114768,-0.00122
0.114772,-0.00122
0.114776,-0.00122
0.11478,-0.00122
0.114784,-0.00122
0.114788,-0.00122
0.114792,-0.00122
0.114796,-0.00122
0.1148,-0.00122
0.114804,-0.00122
0.114808,-0.00122
0.114812,-0.00122
0.114816,-0.00122
0.11482,-0.00122
0.114824,-0.00122
0.114828,-0.00122
0.114832,-0.00122
0.114836,-0.00122
0.11484,-0.00122
0.114844,-0.00122
0.114848,-0.00122
0.114852,-0.00122
0.114856,-0.00122
0.11486,-0.00122
0.114864,-0.00122
0.114868,-0.00122
0.114872,-0.00122
0.114876,-0.00122
0.11488,-0.00122
0.114884,-0.00122
0.114888,-0.00122
0.114892,-0.00122
0.114896,-0.00122
0.1149,-0.00122
0.114904,-0.00122
0.114908,-0.00122
0.114912,-0.00122
0.114916,-0.00122
0.11492,-0.00122
0.114924,-0.00122
0.114928,-0.00122
0.114932,-0.00122
0.114936,-0.00122
0.11494,-0.00122
0.114944,-0.00122
0.114948,-0.00122
0.114952,-0.00122
0.114956,-0.00122
0.11496,-0.00122
0.114964,-0.00122
0.114968,-0.00122
0.114972,-0.00122
0.114976,-0.00122
0.11498,-0.00122
0.114984,-0.00122
0.114988,-0.00122
0.114992,-0.00122
0.114996,-0.00122
0.115,-0.00122
0.115004,-0.00122
0.115008,-0.00122
0.115012,-0.00122
0.115016,-0.00122
0.11502,-0.00122
0.115024,-0.00122
0.115028,-0.00122
0.115032,-0.00122
0.115036,-0.00122
0.11504,-0.00122
0.115044,-0.00122
0.115048,-0.00122
0.115052,-0.00122
0.115056,-0.00122
0.11506,-0.00122
0.115064,-0.00122
0.115068,-0.00122
0.115072,-0.00122
0.115076,-0.00122
0.11508,-0.00122
0.115084,-0.00122
0.115088,-0.00122
0.115092,-0.00122
0.115096,-0.00122
0.1151,-0.00122
0.115104,-0.00122
0.115108,-0.00122
0.115112,-0.00122
0.115116,-0.00122
0.11512,-0.00122
0.115124,-0.00122
0.115128,-0.00122
0.115132,-0.00122
0.115136,-0.00244
0.11514,-0.00122
0.115144,-0.00122
0.115148,-0.00244
0.115152,-0.00122
0.115156,0.0
0.11516,-0.00122
0.115164,-0.00122
0.115168,0.0
0.115172,-0.00122
0.115176,-0.00122
0.11518,-0.00122
0.115184,0.0
0.115188,-0.00122
0.115192,-0.00122
0.115196,-0.00122
0.1152,-0.00122
0.115204,-0.00122
0.115208,-0.00122
0.115212,-0.00122
0.115216,-0.00122
0.11522,-0.00122
0.115224,-0.00122
0.115228,0.0
0.115232,-0.00122
0.115236,0.0
0.11524,-0.00122
0.115244,-0.00122
0.115248,-0.00122
0.115252,-0.00122
0.115256,0.0
0.11526,-0.00122
0.115264,0.0
0.115268,0.0
0.115272,0.0
0.115276,0.0
0.11528,-0.00122
0.115284,-0.00122
0.115288,0.0
0.115292,0.0
0.115296,-0.00122
0.1153,-0.00122
0.115304,-0.00122
0.115308,0.0
0.115312,0.0
0.115316,-0.00122
0.11532,0.0
0.115324,0.0
0.115328,0.0
0.115332,-0.00122
0.115336,-0.00122
0.11534,0.0
0.115344,0.0
0.115348,0.0
0.115352,0.0
0.115356,0.0
0.11536,0.0
0.115364,-0.00122
0.115368,0.0
0.115372,0.00122
0.115376,0.00122
0.11538,0.0
0.115384,0.0
0.115388,0.0
0.115392,0.00122
0.115396,0.0
0.1154,0.0
0.115404,0.0
0.115408,0.00122
0.115412,0.00122
0.115416,0.00122
0.11542,0.00122
0.115424,0.0
0.115428,0.00122
0.115432,0.00122
0.115436,0.00122
0.11544,0.00122
0.115444,0.00122
0.115448,0.00122
0.115452,0.0
0.115456,0.00122
0.11546,0.0
0.115464,0.00122
0.115468,0.0
0.115472,0.00122
0.115476,0.00122
0.11548,0.00122
0.115484,0.00122
0.115488,0.00122
0.115492,0.00122
0.115496,0.00122
0.1155,0.00122
0.115504,0.00122
0.115508,0.00122
0.115512,0.00122
0.115516,0.0
0.11552,0.00122
0.115524,0.00122
0.115528,0.00122
0.115532,0.00122
0.115536,0.00244
0.11554,0.00244
0.115544,0.00244
0.115548,0.00244
0.115552,0.00244
0.115556,0.00244
0.11556,0.00122
0.115564,0.00366
0.115568,0.00244
0.115572,0.00244
0.115576,0.00244
0.11558,0.00244
0.115584,0.00244
0.115588,0.00122
0.115592,0.00244
0.115596,0.00244
0.1156,0.00244
0.115604,0.00244
0.115608,0.00244
0.115612,0.00122
0.115616,0.00244
0.11562,0.00244
0.115624,0.00244
0.115628,0.00366
0.115632,0.00244
0.115636,0.00244
0.11564,0.00244
0.115644,0.00244
0.115648,0.00244
0.115652,0.00244
0.115656,0.00244
0.11566,0.00366
0.115664,0.00244
0.115668,0.00366
0.115672,0.00366
0.115676,0.00244
0.11568,0.00244
0.115684,0.00244
0.115688,0.00366
0.115692,0.00366
0.115696,0.00366
0.1157,0.00244
0.115704,0.00366
0.115708,0.00366
0.115712,0.00366
0.115716,0.00366
0.11572,0.00366
0.115724,0.00244
0.115728,0.00366
0.115732,0.00366
0.115736,0.00366
0.11574,0.00366
0.115744,0.00366
0.115748,0.00366
0.115752,0.00366
0.115756,0.00366
0.11576,0.00366
0.115764,0.00366
0.115768,0.00366
0.115772,0.00366
0.115776,0.00366
0.11578,0.00366
0.115784,0.00366
0.115788,0.00366
0.115792,0.00366
0.115796,0.00488
0.1158,0.00366
0.115804,0.00366
0.115808,0.00366
0.115812,0.00488
0.115816,0.00366
0.11582,0.00488
0.115824,0.00366
0.115828,0.00488
0.115832,0.00488
0.115836,0.00488
0.11584,0.00488
0.115844,0.00488
0.115848,0.00366
0.115852,0.00366
0.115856,0.00488
0.11586,0.00488
0.115864,0.00488
0.115868,0.00488
0.115872,0.00488
0.115876,0.00366
0.11588,0.00488
0.115884,0.00488
0.115888,0.00366
0.115892,0.00488
0.115896,0.00488
0.1159,0.00488
0.115904,0.00488
0.115908,0.00488
0.115912,0.00488
0.115916,0.00488
0.11592,0.00488
0.115924,0.00488
0.115928,0.00488
0.115932,0.00488
0.115936,0.00366
0.11594,0.00488
0.115944,0.00488
0.115948,0.00488
0.115952,0.0060999999999999995
0.115956,0.00488
0.11596,0.00488
0.115964,0.00488
0.115968,0.00488
0.115972,0.00488
0.115976,0.00488
0.11598,0.00488
0.115984,0.00488
0.115988,0.00488
0.115992,0.00488
0.115996,0.00488
0.116,0.0060999999999999995
0.116004,0.00488
0.116008,0.00488
0.116012,0.0060999999999999995
0.116016,0.00488
0.11602,0.00488
0.116024,0.00488
0.116028,0.00488
0.116032,0.0060999999999999995
0.116036,0.00488
0.11604,0.00488
0.116044,0.00488
0.116048,0.00488
0.116052,0.00488
0.116056,0.00488
0.11606,0.0060999999999999995
0.116064,0.00488
0.116068,0.0060999999999999995
0.116072,0.00488
0.116076,0.0060999999999999995
0.11608,0.00488
0.116084,0.0060999999999999995
0.116088,0.00488
0.116092,0.00488
0.116096,0.00488
0.1161,0.0060999999999999995
0.116104,0.00488
0.116108,0.00488
0.116112,0.0060999999999999995
0.116116,0.00488
0.11612,0.00488
0.116124,0.00488
0.116128,0.00488
0.116132,0.0060999999999999995
0.116136,0.00488
0.11614,0.00488
0.116144,0.00488
0.116148,0.0060999999999999995
0.116152,0.00488
0.116156,0.0060999999999999995
0.11616,0.00488
0.116164,0.0060999999999999995
0.116168,0.00488
0.116172,0.00488
0.116176,0.00488
0.11618,0.00488
0.116184,0.0060999999999999995
0.116188,0.00488
0.116192,0.00488
0.116196,0.00488
0.1162,0.00488
0.116204,0.00488
0.116208,0.00488
0.116212,0.00488
0.116216,0.00488
0.11622,0.00488
0.116224,0.00488
0.116228,0.00488
0.116232,0.00488
0.116236,0.00488
0.11624,0.00366
0.116244,0.00488
0.116248,0.00488
0.116252,0.00488
0.116256,0.00488
0.11626,0.00488
0.116264,0.00488
0.116268,0.0060999999999999995
0.116272,0.00488
0.116276,0.00488
0.11628,0.00488
0.116284,0.00488
0.116288,0.00488
0.116292,0.00488
0.116296,0.00488
0.1163,0.00488
0.116304,0.00488
0.116308,0.00488
0.116312,0.00488
0.116316,0.00488
0.11632,0.00488
0.116324,0.00488
0.116328,0.00488
0.116332,0.00488
0.116336,0.00488
0.11634,0.00488
0.116344,0.00366
0.116348,0.00488
0.116352,0.00366
0.116356,0.00366
0.11636,0.00488
0.116364,0.00488
0.116368,0.00488
0.116372,0.00488
0.116376,0.00366
0.11638,0.00366
0.116384,0.00488
0.116388,0.00488
0.116392,0.00366
0.116396,0.00366
0.1164,0.00488
0.116404,0.00366
0.116408,0.00488
0.116412,0.00488
0.116416,0.00488
0.11642,0.00488
0.116424,0.00366
0.116428,0.00488
0.116432,0.00488
0.116436,0.00366
0.11644,0.00366
0.116444,0.00366
0.116448,0.00366
0.116452,0.00488
0.116456,0.00366
0.11646,0.00366
0.116464,0.00366
0.116468,0.00366
0.116472,0.00366
0.116476,0.00366
0.11648,0.00366
0.116484,0.00366
0.116488,0.00366
0.116492,0.00366
0.116496,0.00366
0.1165,0.00366
0.116504,0.00366
0.116508,0.00366
0.116512,0.00366
0.116516,0.00366
0.11652,0.00366
0.116524,0.00366
0.116528,0.00366
0.116532,0.00488
0.116536,0.00366
0.11654,0.00366
0.116544,0.00366
0.116548,0.00366
0.116552,0.00366
0.116556,0.00366
0.11656,0.00366
0.116564,0.00366
0.116568,0.00366
0.116572,0.00366
0.116576,0.00366
0.11658,0.00366
0.116584,0.00366
0.116588,0.00366
0.116592,0.00366
0.116596,0.00366
0.1166,0.00488
0.116604,0.00366
0.116608,0.00244
0.116612,0.00366
0.116616,0.00366
0.11662,0.00366
0.116624,0.00366
0.116628,0.00366
0.116632,0.00366
0.116636,0.00366
0.11664,0.00366
0.116644,0.00366
0.116648,0.00366
0.116652,0.00366
0.116656,0.00366
0.11666,0.00366
0.116664,0.00366
0.116668,0.00366
0.116672,0.00366
0.116676,0.00366
0.11668,0.00366
0.116684,0.00366
0.116688,0.00366
0.116692,0.00366
0.116696,0.00366
0.1167,0.00366
0.116704,0.00366
0.116708,0.00366
0.116712,0.00366
0.116716,0.00366
0.11672,0.00366
0.116724,0.00366
0.116728,0.00244
0.116732,0.00366
0.116736,0.00366
0.11674,0.00366
0.116744,0.00366
0.116748,0.00244
0.116752,0.00244
0.116756,0.00244
0.11676,0.00366
0.116764,0.00366
0.116768,0.00366
0.116772,0.00366
0.116776,0.00366
0.11678,0.00366
0.116784,0.00366
0.116788,0.00366
0.116792,0.00366
0.116796,0.00366
0.1168,0.00366
0.116804,0.00244
0.116808,0.00366
0.116812,0.00244
0.116816,0.00366
0.11682,0.00366
0.116824,0.00244
0.116828,0.00366
0.116832,0.00366
0.116836,0.00244
0.11684,0.00366
0.116844,0.00366
0.116848,0.00366
0.116852,0.00366
0.116856,0.00244
0.11686,0.00244
0.116864,0.00244
0.116868,0.00244
0.116872,0.00244
0.116876,0.00244
0.11688,0.00244
0.116884,0.00366
0.116888,0.00244
0.116892,0.00244
0.116896,0.00244
0.1169,0.00366
0.116904,0.00244
0.116908,0.00244
0.116912,0.00244
0.116916,0.00244
0.11692,0.00244
0.116924,0.00244
0.116928,0.00244
0.116932,0.00244
0.116936,0.00244
0.11694,0.00244
0.116944,0.00244
0.116948,0.00244
0.116952,0.00244
0.116956,0.00244
0.11696,0.00244
0.116964,0.00122
0.116968,0.00122
0.116972,0.00244
0.116976,0.00122
0.11698,0.00244
0.116984,0.00122
0.116988,0.00122
0.116992,0.00244
0.116996,0.00122
0.117,0.00122
0.117004,0.00122
0.117008,0.00122
0.117012,0.00122
0.117016,0.00244
0.11702,0.00122
0.117024,0.00122
0.117028,0.00122
0.117032,0.00122
0.117036,0.00122
0.11704,0.00122
0.117044,0.00122
0.117048,0.00122
0.117052,0.00122
0.117056,0.00122
0.11706,0.0
0.117064,0.00122
0.117068,0.00122
0.117072,0.00122
0.117076,0.00122
0.11708,0.00122
0.117084,0.00122
0.117088,0.00122
0.117092,0.0
0.117096,0.0
0.1171,-0.00122
0.117104,0.00122
0.117108,0.0
0.117112,0.0
0.117116,0.0
0.11712,0.0
0.117124,0.0
0.117128,0.0
0.117132,0.0
0.117136,0.0
0.11714,0.0
0.117144,0.0
0.117148,0.0
0.117152,0.0
0.117156,-0.00122
0.11716,0.0
0.117164,0.0
0.117168,0.0
0.117172,0.0
0.117176,-0.00122
0.11718,-0.00122
0.117184,0.0
0.117188,-0.00122
0.117192,-0.00122
0.117196,-0.00122
0.1172,-0.00122
0.117204,-0.00122
0.117208,-0.00122
0.117212,-0.00122
0.117216,-0.00122
0.11722,-0.00122
0.117224,-0.00122
0.117228,-0.00122
0.117232,-0.00122
0.117236,-0.00122
0.11724,-0.00122
0.117244,-0.00122
0.117248,-0.00122
0.117252,-0.00122
0.117256,-0.00122
0.11726,-0.00122
0.117264,-0.00122
0.117268,-0.00122
0.117272,-0.00244
0.117276,-0.00122
0.11728,-0.00122
0.117284,-0.00122
0.117288,-0.00122
0.117292,-0.00244
0.117296,-0.00122
0.1173,-0.00244
0.117304,-0.00244
0.117308,-0.00122
0.117312,-0.00244
0.117316,-0.00244
0.11732,-0.00244
0.117324,-0.00244
0.117328,-0.00244
0.117332,-0.00122
0.117336,-0.00244
0.11734,-0.00244
0.117344,-0.00244
0.117348,-0.00244
0.117352,-0.00244
0.117356,-0.00244
0.11736,-0.00244
0.117364,-0.00244
0.117368,-0.00244
0.117372,-0.00244
0.117376,-0.00122
0.11738,-0.00122
0.117384,-0.00244
0.117388,-0.00244
0.117392,-0.00244
0.117396,-0.00244
0.1174,-0.00122
0.117404,-0.00244
0.117408,-0.00244
0.117412,-0.00244
0.117416,-0.00244
0.11742,-0.00244
0.117424,-0.00244
0.117428,-0.00244
0.117432,-0.00244
0.117436,-0.00244
0.11744,-0.00244
0.117444,-0.00244
0.117448,-0.00244
0.117452,-0.00244
0.117456,-0.00244
0.11746,-0.00366
0.117464,-0.00244
0.117468,-0.00244
0.117472,-0.00244
0.117476,-0.00244
0.11748,-0.00244
0.117484,-0.00244
0.117488,-0.00244
0.117492,-0.00244
0.117496,-0.00244
0.1175,-0.00244
0.117504,-0.00244
0.117508,-0.00244
0.117512,-0.00244
0.117516,-0.00244
0.11752,-0.00244
0.117524,-0.00244
0.117528,-0.00244
0.117532,-0.00244
0.117536,-0.00244
0.11754,-0.00244
0.117544,-0.00366
0.117548,-0.00244
0.117552,-0.00244
0.117556,-0.00244
0.11756,-0.00244
0.117564,-0.00244
0.117568,-0.00244
0.117572,-0.00244
0.117576,-0.00244
0.11758,-0.00122
0.117584,-0.00244
0.117588,-0.00366
0.117592,-0.00244
0.117596,-0.00244
0.1176,-0.00366
0.117604,-0.00244
0.117608,-0.00244
0.117612,-0.00244
0.117616,-0.00244
0.11762,-0.00244
0.117624,-0.00244
0.117628,-0.00244
0.117632,-0.00244
0.117636,-0.00244
0.11764,-0.00244
0.117644,-0.00244
0.117648,-0.00244
0.117652,-0.00244
0.117656,-0.00244
0.11766,-0.00244
0.117664,-0.00244
0.117668,-0.00244
0.117672,-0.00244
0.117676,-0.00244
0.11768,-0.00244
0.117684,-0.00244
0.117688,-0.00122
0.117692,-0.00122
0.117696,-0.00244
0.1177,-0.00122
0.117704,-0.00244
0.117708,-0.00244
0.117712,-0.00244
0.117716,-0.00244
0.11772,-0.00244
0.117724,-0.00244
0.117728,-0.00244
0.117732,-0.00244
0.117736,-0.00244
0.11774,-0.00244
0.117744,-0.00244
0.117748,-0.00244
0.117752,-0.00244
0.117756,-0.00244
0.11776,-0.00244
0.117764,-0.00244
0.117768,-0.00244
0.117772,-0.00244
0.117776,-0.00244
0.11778,-0.00244
0.117784,-0.00244
0.117788,-0.00244
0.117792,-0.00244
0.117796,-0.00122
0.1178,-0.00244
0.117804,-0.00244
0.117808,-0.00244
0.117812,-0.00244
0.117816,-0.00122
0.11782,-0.00244
0.117824,-0.00244
0.117828,-0.00244
0.117832,-0.00244
0.117836,-0.00244
0.11784,-0.00244
0.117844,-0.00122
0.117848,-0.00244
0.117852,-0.00244
0.117856,-0.00244
0.11786,-0.00122
0.117864,-0.00122
0.117868,-0.00244
0.117872,-0.00244
0.117876,-0.00122
0.11788,-0.00122
0.117884,-0.00244
0.117888,-0.00244
0.117892,-0.00122
0.117896,-0.00122
0.1179,-0.00122
0.117904,-0.00244
0.117908,-0.00244
0.117912,-0.00244
0.117916,-0.00122
0.11792,-0.00122
0.117924,-0.00122
0.117928,-0.00122
0.117932,-0.00122
0.117936,-0.00244
0.11794,-0.00122
0.117944,-0.00122
0.117948,-0.00244
0.117952,-0.00122
0.117956,-0.00122
0.11796,-0.00122
0.117964,-0.00122
0.117968,-0.00122
0.117972,-0.00122
0.117976,-0.00244
0.11798,-0.00244
0.117984,-0.00122
0.117988,-0.00122
0.117992,-0.00244
0.117996,-0.00244
0.118,-0.00122
0.118004,-0.00122
0.118008,-0.00244
0.118012,-0.00244
0.118016,-0.00122
0.11802,-0.00122
0.118024,-0.00122
0.118028,-0.00122
0.118032,-0.00244
0.118036,-0.00122
0.11804,-0.00122
0.118044,-0.00122
0.118048,-0.00122
0.118052,-0.00244
0.118056,-0.00122
0.11806,-0.00122
0.118064,-0.00122
0.118068,-0.00122
0.118072,-0.00122
0.118076,-0.00122
0.11808,-0.00122
0.118084,-0.00122
0.118088,-0.00122
0.118092,-0.00122
0.118096,-0.00244
0.1181,-0.00122
0.118104,-0.00122
0.118108,-0.00122
0.118112,-0.00122
0.118116,-0.00122
0.11812,-0.00122
0.118124,-0.00244
0.118128,-0.00122
0.118132,-0.00122
0.118136,-0.00122
0.11814,-0.00122
0.118144,-0.00122
0.118148,-0.00122
0.118152,-0.00122
0.118156,-0.00122
0.11816,-0.00122
0.118164,-0.00244
0.118168,-0.00122
0.118172,-0.00122
0.118176,-0.00122
0.11818,-0.00122
0.118184,-0.00122
0.118188,-0.00122
0.118192,-0.00244
0.118196,-0.00122
0.1182,-0.00122
0.118204,-0.00122
0.118208,-0.00122
0.118212,-0.00122
0.118216,-0.00122
0.11822,-0.00122
0.118224,-0.00244
0.118228,-0.00122
0.118232,-0.00122
0.118236,-0.00122
0.11824,-0.00122
0.118244,-0.00122
0.118248,-0.00122
0.118252,-0.00122
0.118256,-0.00122
0.11826,-0.00122
0.118264,-0.00244
0.118268,-0.00122
0.118272,-0.00122
0.118276,-0.00122
0.11828,-0.00122
0.118284,-0.00122
0.118288,-0.00122
0.118292,-0.00122
0.118296,0.0
0.1183,-0.00122
0.118304,-0.00122
0.118308,-0.00122
0.118312,-0.00122
0.118316,-0.00122
0.11832,-0.00122
0.118324,-0.00244
0.118328,-0.00122
0.118332,-0.00122
0.118336,-0.00122
0.11834,-0.00122
0.118344,-0.00122
0.118348,-0.00122
0.118352,-0.00122
0.118356,-0.00122
0.11836,-0.00122
0.118364,-0.00122
0.118368,-0.00122
0.118372,-0.00122
0.118376,-0.00122
0.11838,-0.00122
0.118384,-0.00122
0.118388,-0.00122
0.118392,-0.00122
0.118396,-0.00122
0.1184,-0.00122
0.118404,-0.00122
0.118408,-0.00122
0.118412,0.0
0.118416,-0.00122
0.11842,-0.00122
0.118424,-0.00122
0.118428,-0.00122
0.118432,-0.00122
0.118436,-0.00122
0.11844,-0.00122
0.118444,0.0
0.118448,-0.00122
0.118452,-0.00122
0.118456,-0.00122
0.11846,-0.00122
0.118464,-0.00122
0.118468,-0.00122
0.118472,0.0
0.118476,-0.00122
0.11848,-0.00122
0.118484,-0.00122
0.118488,-0.00122
0.118492,-0.00122
0.118496,0.0
0.1185,0.0
0.118504,0.0
0.118508,0.0
0.118512,0.0
0.118516,0.0
0.11852,0.0
0.118524,-0.00122
0.118528,0.0
0.118532,0.0
0.118536,0.0
0.11854,0.0
0.118544,-0.00122
0.118548,0.0
0.118552,0.0
0.118556,0.0
0.11856,0.0
0.118564,0.00122
0.118568,0.0
0.118572,0.00122
0.118576,0.00122
0.11858,0.0
0.118584,0.0
0.118588,0.0
0.118592,0.0
0.118596,0.0
0.1186,0.0
0.118604,0.00122
0.118608,0.00122
0.118612,0.0
0.118616,0.00122
0.11862,0.00122
0.118624,0.00122
0.118628,0.00122
0.118632,0.00122
0.118636,0.00122
0.11864,0.00122
0.118644,0.00122
0.118648,0.00122
0.118652,0.00122
0.118656,0.00122
0.11866,0.00122
0.118664,0.00122
0.118668,0.00122
0.118672,0.00122
0.118676,0.00122
0.11868,0.00122
0.118684,0.00244
0.118688,0.00122
0.118692,0.00122
0.118696,0.00244
0.1187,0.00122
0.118704,0.00122
0.118708,0.00122
0.118712,0.00122
0.118716,0.00122
0.11872,0.00122
0.118724,0.00122
0.118728,0.00244
0.118732,0.00244
0.118736,0.00122
0.11874,0.00244
0.118744,0.00122
0.118748,0.00244
0.118752,0.00244
0.118756,0.00244
0.11876,0.00244
0.118764,0.00244
0.118768,0.00244
0.118772,0.00244
0.118776,0.00244
0.11878,0.00122
0.118784,0.00244
0.118788,0.00244
0.118792,0.00122
0.118796,0.00244
0.1188,0.00244
0.118804,0.00244
0.118808,0.00244
0.118812,0.00122
0.118816,0.00244
0.11882,0.00244
0.118824,0.00244
0.118828,0.00366
0.118832,0.00244
0.118836,0.00244
0.11884,0.00366
0.118844,0.00244
0.118848,0.00244
0.118852,0.00244
0.118856,0.00244
0.11886,0.00244
0.118864,0.00244
0.118868,0.00366
0.118872,0.00244
0.118876,0.00244
0.11888,0.00244
0.118884,0.00244
0.118888,0.00244
0.118892,0.00244
0.118896,0.00244
0.1189,0.00244
0.118904,0.00366
0.118908,0.00244
0.118912,0.00244
0.118916,0.00244
0.11892,0.00244
0.118924,0.00244
0.118928,0.00366
0.118932,0.00244
0.118936,0.00244
0.11894,0.00366
0.118944,0.00366
0.118948,0.00244
0.118952,0.00366
0.118956,0.00366
0.11896,0.00244
0.118964,0.00366
0.118968,0.00366
0.118972,0.00244
0.118976,0.00366
0.11898,0.00244
0.118984,0.00244
0.118988,0.00366
0.118992,0.00244
0.118996,0.00366
0.119,0.00244
0.119004,0.00244
0.119008,0.00366
0.119012,0.00244
0.119016,0.00244
0.11902,0.00244
0.119024,0.00366
0.119028,0.00244
0.119032,0.00244
0.119036,0.00366
0.11904,0.00244
0.119044,0.00366
0.119048,0.00366
0.119052,0.00366
0.119056,0.00366
0.11906,0.00244
0.119064,0.00244
0.119068,0.00366
0.119072,0.00244
0.119076,0.00366
0.11908,0.00366
0.119084,0.00244
0.119088,0.00366
0.119092,0.00244
0.119096,0.00366
0.1191,0.00366
0.119104,0.00366
0.119108,0.00366
0.119112,0.00366
0.119116,0.00366
0.11912,0.00244
0.119124,0.00244
0.119128,0.00366
0.119132,0.00244
0.119136,0.00366
0.11914,0.00244
0.119144,0.00366
0.119148,0.00366
0.119152,0.00366
0.119156,0.00244
0.11916,0.00366
0.119164,0.00366
0.119168,0.00366
0.119172,0.00366
0.119176,0.00366
0.11918,0.00244
0.119184,0.00366
0.119188,0.00244
0.119192,0.00244
0.119196,0.00244
0.1192,0.00244
0.119204,0.00366
0.119208,0.00244
0.119212,0.00244
0.119216,0.00366
0.11922,0.00244
0.119224,0.00244
0.119228,0.00244
0.119232,0.00366
0.119236,0.00244
0.11924,0.00244
0.119244,0.00244
0.119248,0.00244
0.119252,0.00244
0.119256,0.00366
0.11926,0.00366
0.119264,0.00244
0.119268,0.00366
0.119272,0.00366
0.119276,0.00244
0.11928,0.00244
0.119284,0.00244
0.119288,0.00366
0.119292,0.00366
0.119296,0.00244
0.1193,0.00244
0.119304,0.00244
0.119308,0.00366
0.119312,0.00366
0.119316,0.00244
0.11932,0.00244
0.119324,0.00244
0.119328,0.00244
0.119332,0.00366
0.119336,0.00244
0.11934,0.00366
0.119344,0.00244
0.119348,0.00244
0.119352,0.00366
0.119356,0.00244
0.11936,0.00244
0.119364,0.00244
0.119368,0.00366
0.119372,0.00366
0.119376,0.00366
0.11938,0.00244
0.119384,0.00366
0.119388,0.00244
0.119392,0.00244
0.119396,0.00244
0.1194,0.00366
0.119404,0.00244
0.119408,0.00366
0.119412,0.00244
0.119416,0.00366
0.11942,0.00244
0.119424,0.00366
0.119428,0.00366
0.119432,0.00366
0.119436,0.00366
0.11944,0.00244
0.119444,0.00244
0.119448,0.00366
0.119452,0.00244
0.119456,0.00244
0.11946,0.00244
0.119464,0.00244
0.119468,0.00244
0.119472,0.00366
0.119476,0.00366
0.11948,0.00244
0.119484,0.00244
0.119488,0.00244
0.119492,0.00366
0.119496,0.00366
0.1195,0.00366
0.119504,0.00366
0.119508,0.00366
0.119512,0.00244
0.119516,0.00366
0.11952,0.00244
0.119524,0.00244
0.119528,0.00244
0.119532,0.00366
0.119536,0.00244
0.11954,0.00244
0.119544,0.00244
0.119548,0.00366
0.119552,0.00366
0.119556,0.00244
0.11956,0.00366
0.119564,0.00244
0.119568,0.00366
0.119572,0.00366
0.119576,0.00244
0.11958,0.00244
0.119584,0.00244
0.119588,0.00244
0.119592,0.00244
0.119596,0.00366
0.1196,0.00366
0.119604,0.00366
0.119608,0.00366
0.119612,0.00244
0.119616,0.00366
0.11962,0.00366
0.119624,0.00244
0.119628,0.00366
0.119632,0.00244
0.119636,0.00244
0.11964,0.00244
0.119644,0.00366
0.119648,0.00366
0.119652,0.00366
0.119656,0.00366
0.11966,0.00366
0.119664,0.00366
0.119668,0.00244
0.119672,0.00366
0.119676,0.00244
0.11968,0.00244
0.119684,0.00366
0.119688,0.00244
0.119692,0.00244
0.119696,0.00244
0.1197,0.00366
0.119704,0.00366
0.119708,0.00244
0.119712,0.00244
0.119716,0.00244
0.11972,0.00366
0.119724,0.00366
0.119728,0.00366
0.119732,0.00366
0.119736,0.00366
0.11974,0.00244
0.119744,0.00366
0.119748,0.00366
0.119752,0.00244
0.119756,0.00366
0.11976,0.00366
0.119764,0.00366
0.119768,0.00366
0.119772,0.00366
0.119776,0.00244
0.11978,0.00244
0.119784,0.00366
0.119788,0.00366
0.119792,0.00366
0.119796,0.00366
0.1198,0.00244
0.119804,0.00366
0.119808,0.00366
0.119812,0.00244
0.119816,0.00366
0.11982,0.00366
0.119824,0.00244
0.119828,0.00366
0.119832,0.00366
0.119836,0.00366
0.11984,0.00366
0.119844,0.00366
0.119848,0.00366
0.119852,0.00366
0.119856,0.00366
0.11986,0.00244
0.119864,0.00366
0.119868,0.00366
0.119872,0.00366
0.119876,0.00244
0.11988,0.00366
0.119884,0.00244
0.119888,0.00244
0.119892,0.00366
0.119896,0.00244
0.1199,0.00366
0.119904,0.00244
0.119908,0.00244
0.119912,0.00366
0.119916,0.00366
0.11992,0.00244
0.119924,0.00366
0.119928,0.00244
0.119932,0.00366
0.119936,0.00366
0.11994,0.00244
0.119944,0.00366
0.119948,0.00244
0.119952,0.00366
0.119956,0.00366
0.11996,0.00366
0.119964,0.00366
0.119968,0.00244
0.119972,0.00366
0.119976,0.00366
0.11998,0.00366
0.119984,0.00244
0.119988,0.00366
0.119992,0.00366
0.119996,0.00366
0.12,0.00244
0.120004,0.00366
0.120008,0.00244
0.120012,0.00366
0.120016,0.00366
0.12002,0.00366
0.120024,0.00366
0.120028,0.00366
0.120032,0.00366
0.120036,0.00244
0.12004,0.00366
0.120044,0.00244
0.120048,0.00244
0.120052,0.00244
0.120056,0.00366
0.12006,0.00366
0.120064,0.00244
0.120068,0.00244
0.120072,0.00244
0.120076,0.00244
0.12008,0.00366
0.120084,0.00244
0.120088,0.00244
0.120092,0.00244
0.120096,0.00244
0.1201,0.00244
0.120104,0.00244
0.120108,0.00244
0.120112,0.00244
0.120116,0.00244
0.12012,0.00366
0.120124,0.00244
0.120128,0.00244
0.120132,0.00244
0.120136,0.00244
0.12014,0.00244
0.120144,0.00122
0.120148,0.00122
0.120152,0.00244
0.120156,0.00244
0.12016,0.00244
0.120164,0.00244
0.120168,0.00244
0.120172,0.00244
0.120176,0.00244
0.12018,0.00244
0.120184,0.00244
0.120188,0.00244
0.120192,0.00244
0.120196,0.00244
0.1202,0.00122
0.120204,0.00244
0.120208,0.00244
0.120212,0.00244
0.120216,0.00244
0.12022,0.00244
0.120224,0.00244
0.120228,0.00244
0.120232,0.00122
0.120236,0.00244
0.12024,0.00244
0.120244,0.00244
0.120248,0.00244
0.120252,0.00244
0.120256,0.00244
0.12026,0.00122
0.120264,0.00244
0.120268,0.00244
0.120272,0.00244
0.120276,0.00244
0.12028,0.00122
0.120284,0.00122
0.120288,0.00122
0.120292,0.00244
0.120296,0.00244
0.1203,0.00122
0.120304,0.00244
0.120308,0.00244
0.120312,0.00244
0.120316,0.00244
0.12032,0.00244
0.120324,0.00244
0.120328,0.00244
0.120332,0.00244
0.120336,0.00122
0.12034,0.00122
0.120344,0.00244
0.120348,0.00244
0.120352,0.00122
0.120356,0.00122
0.12036,0.00244
0.120364,0.00122
0.120368,0.00244
0.120372,0.00122
0.120376,0.00122
0.12038,0.00244
0.120384,0.00244
0.120388,0.00244
0.120392,0.00122
0.120396,0.00244
0.1204,0.00244
0.120404,0.00122
0.120408,0.00122
0.120412,0.00244
0.120416,0.00244
0.12042,0.00244
0.120424,0.00244
0.120428,0.00244
0.120432,0.00122
0.120436,0.00122
0.12044,0.00122
0.120444,0.00122
0.120448,0.00122
0.120452,0.00244
0.120456,0.00122
0.12046,0.00244
0.120464,0.00122
0.120468,0.00244
0.120472,0.00122
0.120476,0.00122
0.12048,0.00122
0.120484,0.00122
0.120488,0.00122
0.120492,0.00122
0.120496,0.00122
0.1205,0.00122
0.120504,0.00122
0.120508,0.00122
0.120512,0.00122
0.120516,0.00122
0.12052,0.00122
0.120524,0.00122
0.120528,0.00244
0.120532,0.00122
0.120536,0.00122
0.12054,0.00244
0.120544,0.00244
0.120548,0.00244
0.120552,0.00122
0.120556,0.00122
0.12056,0.00244
0.120564,0.00122
0.120568,0.00122
0.120572,0.00244
0.120576,0.00122
0.12058,0.00122
0.120584,0.00244
0.120588,0.00122
0.120592,0.00244
0.120596,0.00244
0.1206,0.00122
0.120604,0.00122
0.120608,0.00122
0.120612,0.00122
0.120616,0.00244
0.12062,0.00244
0.120624,0.00244
0.120628,0.00122
0.120632,0.00244
0.120636,0.00122
0.12064,0.00244
0.120644,0.00244
0.120648,0.00122
0.120652,0.00244
0.120656,0.00244
0.12066,0.00244
0.120664,0.00122
0.120668,0.00244
0.120672,0.00244
0.120676,0.00122
0.12068,0.00122
0.120684,0.00244
0.120688,0.00122
0.120692,0.00244
0.120696,0.00122
0.1207,0.00122
0.120704,0.00122
0.120708,0.00244
0.120712,0.00122
0.120716,0.00244
0.12072,0.00244
0.120724,0.00122
0.120728,0.00122
0.120732,0.00122
0.120736,0.00244
0.12074,0.00122
0.120744,0.00244
0.120748,0.00244
0.120752,0.00122
0.120756,0.00122
0.12076,0.00122
0.120764,0.00122
0.120768,0.00244
0.120772,0.00122
0.120776,0.00244
0.12078,0.00244
0.120784,0.00122
0.120788,0.00244
0.120792,0.00244
0.120796,0.00122
0.1208,0.00244
0.120804,0.00244
0.120808,0.00122
0.120812,0.00122
0.120816,0.00122
0.12082,0.00122
0.120824,0.00122
0.120828,0.00244
0.120832,0.00244
0.120836,0.00244
0.12084,0.00244
0.120844,0.00244
0.120848,0.00122
0.120852,0.00122
0.120856,0.00244
0.12086,0.00122
0.120864,0.00244
0.120868,0.00244
0.120872,0.00244
0.120876,0.00122
0.12088,0.00122
0.120884,0.00244
0.120888,0.00122
0.120892,0.00122
0.120896,0.00244
0.1209,0.00244
0.120904,0.00122
0.120908,0.00244
0.120912,0.00244
0.120916,0.00122
0.12092,0.00244
0.120924,0.00122
0.120928,0.00122
0.120932,0.00244
0.120936,0.00244
0.12094,0.00244
0.120944,0.00244
0.120948,0.00244
0.120952,0.00244
0.120956,0.00244
0.12096,0.00122
0.120964,0.00122
0.120968,0.00122
0.120972,0.00244
0.120976,0.00122
0.12098,0.00122
0.120984,0.00122
0.120988,0.00122
0.120992,0.00244
0.120996,0.00122
0.121,0.00244
0.121004,0.00122
0.121008,0.00122
0.121012,0.00122
0.121016,0.00244
0.12102,0.00244
0.121024,0.00122
0.121028,0.00244
0.121032,0.00244
0.121036,0.00244
0.12104,0.00122
0.121044,0.00244
0.121048,0.00122
0.121052,0.00122
0.121056,0.00122
0.12106,0.00244
0.121064,0.00244
0.121068,0.00244
0.121072,0.00122
0.121076,0.00122
0.12108,0.00244
0.121084,0.00244
0.121088,0.00244
0.121092,0.00122
0.121096,0.00122
0.1211,0.00122
0.121104,0.00244
0.121108,0.00122
0.121112,0.00244
0.121116,0.00122
0.12112,0.00244
0.121124,0.00122
0.121128,0.00122
0.121132,0.00244
0.121136,0.00122
0.12114,0.00122
0.121144,0.00244
0.121148,0.00122
0.121152,0.00244
0.121156,0.00122
0.12116,0.00122
0.121164,0.00122
0.121168,0.00122
0.121172,0.00122
0.121176,0.00122
0.12118,0.00122
0.121184,0.00122
0.121188,0.00122
0.121192,0.00122
0.121196,0.00122
0.1212,0.00122
0.121204,0.00122
0.121208,0.00122
0.121212,0.00122
0.121216,0.00122
0.12122,0.00122
0.121224,0.00122
0.121228,0.00122
0.121232,0.00122
0.121236,0.00122
0.12124,0.00122
0.121244,0.00122
0.121248,0.00122
0.121252,0.00122
0.121256,0.00122
0.12126,0.00244
0.121264,0.00122
0.121268,0.00122
0.121272,0.00122
0.121276,0.00122
0.12128,0.00122
0.121284,0.00122
0.121288,0.00122
0.121292,0.00122
0.121296,0.0
0.1213,0.00122
0.121304,0.00122
0.121308,0.00122
0.121312,0.00122
0.121316,0.00122
0.12132,0.00122
0.121324,0.00122
0.121328,0.00122
0.121332,0.00122
0.121336,0.00122
0.12134,0.00122
0.121344,0.00122
0.121348,0.00122
0.121352,0.00122
0.121356,0.00122
0.12136,0.00122
0.121364,0.00244
0.121368,0.00122
0.121372,0.00122
0.121376,0.00122
0.12138,0.00122
0.121384,0.00122
0.121388,0.00122
0.121392,0.00122
0.121396,0.00122
0.1214,0.0
0.121404,0.00122
0.121408,0.00122
0.121412,0.00122
0.121416,0.00122
0.12142,0.00122
0.121424,0.00122
0.121428,0.00122
0.121432,0.00122
0.121436,0.00122
0.12144,0.00122
0.121444,0.00122
0.121448,0.00122
0.121452,0.00122
0.121456,0.00122
0.12146,0.00122
0.121464,0.00122
0.121468,0.00122
0.121472,0.00122
0.121476,0.00122
0.12148,0.00122
0.121484,0.00122
0.121488,0.00122
0.121492,0.00122
0.121496,0.0
0.1215,0.00122
0.121504,0.00122
0.121508,0.00122
0.121512,0.00122
0.121516,0.00122
0.12152,0.00122
0.121524,0.00122
0.121528,0.0
0.121532,0.0
0.121536,0.00122
0.12154,0.00122
0.121544,0.00122
0.121548,0.00122
0.121552,0.00122
0.121556,0.00122
0.12156,0.00122
0.121564,0.00122
0.121568,0.00122
0.121572,0.0
0.121576,0.00122
0.12158,0.0
0.121584,0.0
0.121588,0.00122
0.121592,0.0
0.121596,0.00122
0.1216,0.0
0.121604,0.0
0.121608,0.0
0.121612,0.00122
0.121616,0.0
0.12162,0.00122
0.121624,0.00122
0.121628,0.00122
0.121632,0.00122
0.121636,0.00122
0.12164,0.00122
0.121644,0.00122
0.121648,0.00122
0.121652,0.00122
0.121656,0.0
0.12166,0.0
0.121664,0.00122
0.121668,0.00122
0.121672,0.00122
0.121676,0.00122
0.12168,0.0
0.121684,0.0
0.121688,0.00122
0.121692,0.00122
0.121696,0.00122
0.1217,0.00122
0.121704,0.0
0.121708,0.0
0.121712,0.00122
0.121716,0.00122
0.12172,0.0
0.121724,0.00122
0.121728,0.00122
0.121732,0.00122
0.121736,0.00122
0.12174,0.0
0.121744,0.00122
0.121748,0.0
0.121752,0.0
0.121756,0.00122
0.12176,0.0
0.121764,0.0
0.121768,0.0
0.121772,0.00122
0.121776,0.0
0.12178,0.00122
0.121784,0.0
0.121788,0.00122
0.121792,0.00122
0.121796,0.00122
0.1218,0.0
0.121804,0.00122
0.121808,0.0
0.121812,0.00122
0.121816,0.00122
0.12182,0.00122
0.121824,0.00122
0.121828,0.00122
0.121832,0.0
0.121836,0.0
0.12184,0.0
0.121844,0.00122
0.121848,0.00122
0.121852,0.0
0.121856,0.0
0.12186,0.0
0.121864,0.0
0.121868,0.0
0.121872,0.0
0.121876,0.00122
0.12188,0.0
0.121884,0.0
0.121888,0.0
0.121892,0.0
0.121896,0.0
0.1219,0.0
0.121904,0.0
0.121908,0.0
0.121912,0.0
0.121916,0.00122
0.12192,0.0
0.121924,0.0
0.121928,0.0
0.121932,0.0
0.121936,0.0
0.12194,0.0
0.121944,0.0
0.121948,0.00122
0.121952,0.0
0.121956,0.0
0.12196,0.0
0.121964,0.0
0.121968,0.0
0.121972,0.0
0.121976,0.0
0.12198,0.0
0.121984,-0.00122
0.121988,0.0
0.121992,0.0
0.121996,0.0
0.122,0.0
0.122004,0.0
0.122008,0.0
0.122012,-0.00122
0.122016,0.0
0.12202,0.0
0.122024,-0.00122
0.122028,-0.00122
0.122032,-0.00122
0.122036,0.0
0.12204,0.0
0.122044,0.0
0.122048,-0.00122
0.122052,-0.00122
0.122056,-0.00122
0.12206,-0.00122
0.122064,-0.00122
0.122068,-0.00122
0.122072,-0.00122
0.122076,-0.00122
0.12208,0.0
0.122084,-0.00122
0.122088,-0.00122
0.122092,-0.00122
0.122096,-0.00122
0.1221,-0.00122
0.122104,-0.00122
0.122108,-0.00122
0.122112,-0.00122
0.122116,-0.00122
0.12212,-0.00122
0.122124,-0.00122
0.122128,-0.00122
0.122132,-0.00122
0.122136,-0.00122
0.12214,-0.00122
0.122144,-0.00122
0.122148,-0.00122
0.122152,-0.00122
0.122156,-0.00244
0.12216,-0.00122
0.122164,-0.00122
0.122168,-0.00244
0.122172,-0.00244
0.122176,-0.00244
0.12218,-0.00244
0.122184,-0.00122
0.122188,-0.00244
0.122192,-0.00122
0.122196,-0.00244
0.1222,-0.00122
0.122204,-0.00122
0.122208,-0.00244
0.122212,-0.00122
0.122216,-0.00122
0.12222,-0.00122
0.122224,-0.00244
0.122228,-0.00244
0.122232,-0.00122
0.122236,-0.00122
0.12224,-0.00244
0.122244,-0.00244
0.122248,-0.00244
0.122252,-0.00122
0.122256,-0.00244
0.12226,-0.00244
0.122264,-0.00244
0.122268,-0.00244
0.122272,-0.00244
0.122276,-0.00244
0.12228,-0.00244
0.122284,-0.00244
0.122288,-0.00244
0.122292,-0.00244
0.122296,-0.00244
0.1223,-0.00244
0.122304,-0.00244
0.122308,-0.00244
0.122312,-0.00244
0.122316,-0.00244
0.12232,-0.00244
0.122324,-0.00244
0.122328,-0.00244
0.122332,-0.00244
0.122336,-0.00244
0.12234,-0.00244
0.122344,-0.00366
0.122348,-0.00244
0.122352,-0.00244
0.122356,-0.00244
0.12236,-0.00244
0.122364,-0.00244
0.122368,-0.00244
0.122372,-0.00244
0.122376,-0.00244
0.12238,-0.00244
0.122384,-0.00244
0.122388,-0.00244
0.122392,-0.00244
0.122396,-0.00244
0.1224,-0.00244
0.122404,-0.00244
0.122408,-0.00244
0.122412,-0.00244
0.122416,-0.00244
0.12242,-0.00244
0.122424,-0.00244
0.122428,-0.00244
0.122432,-0.00366
0.122436,-0.00244
0.12244,-0.00244
0.122444,-0.00366
0.122448,-0.00244
0.122452,-0.00244
0.122456,-0.00366
0.12246,-0.00366
0.122464,-0.00244
0.122468,-0.00244
0.122472,-0.00244
0.122476,-0.00366
0.12248,-0.00244
0.122484,-0.00366
0.122488,-0.00244
0.122492,-0.00244
0.122496,-0.00366
0.1225,-0.00244
0.122504,-0.00244
0.122508,-0.00244
0.122512,-0.00244
0.122516,-0.00366
0.12252,-0.00244
0.122524,-0.00244
0.122528,-0.00366
0.122532,-0.00244
0.122536,-0.00366
0.12254,-0.00244
0.122544,-0.00244
0.122548,-0.00244
0.122552,-0.00244
0.122556,-0.00366
0.12256,-0.00244
0.122564,-0.00366
0.122568,-0.00244
0.122572,-0.00366
0.122576,-0.00366
0.12258,-0.00244
0.122584,-0.00366
0.122588,-0.00244
0.122592,-0.00244
0.122596,-0.00366
0.1226,-0.00244
0.122604,-0.00366
0.122608,-0.00366
0.122612,-0.00244
0.122616,-0.00244
0.12262,-0.00244
0.122624,-0.00244
0.122628,-0.00244
0.122632,-0.00366
0.122636,-0.00366
0.12264,-0.00244
0.122644,-0.00244
0.122648,-0.00244
0.122652,-0.00366
0.122656,-0.00366
0.12266,-0.00244
0.122664,-0.00366
0.122668,-0.00366
0.122672,-0.00366
0.122676,-0.00244
0.12268,-0.00244
0.122684,-0.00244
0.122688,-0.00366
0.122692,-0.00366
0.122696,-0.00366
0.1227,-0.00366
0.122704,-0.00366
0.122708,-0.00244
0.122712,-0.00244
0.122716,-0.00366
0.12272,-0.00244
0.122724,-0.00366
0.122728,-0.00244
0.122732,-0.00366
0.122736,-0.00366
0.12274,-0.00366
0.122744,-0.00244
0.122748,-0.00366
0.122752,-0.00366
0.122756,-0.00366
0.12276,-0.00244
0.122764,-0.00366
0.122768,-0.00244
0.122772,-0.00366
0.122776,-0.00366
0.12278,-0.00366
0.122784,-0.00366
0.122788,-0.00366
0.122792,-0.00366
0.122796,-0.00366
0.1228,-0.00244
0.122804,-0.00366
0.122808,-0.00366
0.122812,-0.00366
0.122816,-0.00366
0.12282,-0.00366
0.122824,-0.00366
0.122828,-0.00366
0.122832,-0.00244
0.122836,-0.00366
0.12284,-0.00366
0.122844,-0.00366
0.122848,-0.00366
0.122852,-0.00366
0.122856,-0.00366
0.12286,-0.00366
0.122864,-0.00366
0.122868,-0.00244
0.122872,-0.00366
0.122876,-0.00366
0.12288,-0.00366
0.122884,-0.00244
0.122888,-0.00366
0.122892,-0.00366
0.122896,-0.00366
0.1229,-0.00366
0.122904,-0.00366
0.122908,-0.00244
0.122912,-0.00366
0.122916,-0.00366
0.12292,-0.00366
0.122924,-0.00366
0.122928,-0.00366
0.122932,-0.00366
0.122936,-0.00366
0.12294,-0.00366
0.122944,-0.00366
0.122948,-0.00244
0.122952,-0.00366
0.122956,-0.00366
0.12296,-0.00366
0.122964,-0.00366
0.122968,-0.00366
0.122972,-0.00366
0.122976,-0.00366
0.12298,-0.00366
0.122984,-0.00366
0.122988,-0.00366
0.122992,-0.00244
0.122996,-0.00366
0.123,-0.00366
0.123004,-0.00366
0.123008,-0.00244
0.123012,-0.00366
0.123016,-0.00366
0.12302,-0.00366
0.123024,-0.00366
0.123028,-0.00488
0.123032,-0.00366
0.123036,-0.00244
0.12304,-0.00366
0.123044,-0.00366
0.123048,-0.00366
0.123052,-0.00366
0.123056,-0.00366
0.12306,-0.00366
0.123064,-0.00366
0.123068,-0.00366
0.123072,-0.00366
0.123076,-0.00366
0.12308,-0.00366
0.123084,-0.00366
0.123088,-0.00366
0.123092,-0.00366
0.123096,-0.00366
0.1231,-0.00366
0.123104,-0.00366
0.123108,-0.00366
0.123112,-0.00366
0.123116,-0.00366
0.12312,-0.00366
0.123124,-0.00366
0.123128,-0.00366
0.123132,-0.00366
0.123136,-0.00366
0.12314,-0.00244
0.123144,-0.00366
0.123148,-0.00366
0.123152,-0.00366
0.123156,-0.00366
0.12316,-0.00366
0.123164,-0.00244
0.123168,-0.00366
0.123172,-0.00366
0.123176,-0.00244
0.12318,-0.00366
0.123184,-0.00366
0.123188,-0.00366
0.123192,-0.00366
0.123196,-0.00366
0.1232,-0.00366
0.123204,-0.00366
0.123208,-0.00244
0.123212,-0.00366
0.123216,-0.00366
0.12322,-0.00366
0.123224,-0.00244
0.123228,-0.00244
0.123232,-0.00366
0.123236,-0.00244
0.12324,-0.00366
0.123244,-0.00244
0.123248,-0.00366
0.123252,-0.00366
0.123256,-0.00366
0.12326,-0.00366
0.123264,-0.00366
0.123268,-0.00244
0.123272,-0.00366
0.123276,-0.00244
0.12328,-0.00366
0.123284,-0.00366
0.123288,-0.00244
0.123292,-0.00244
0.123296,-0.00244
0.1233,-0.00366
0.123304,-0.00366
0.123308,-0.00244
0.123312,-0.00366
0.123316,-0.00366
0.12332,-0.00366
0.123324,-0.00366
0.123328,-0.00244
0.123332,-0.00244
0.123336,-0.00244
0.12334,-0.00244
0.123344,-0.00244
0.123348,-0.00244
0.123352,-0.00244
0.123356,-0.00244
0.12336,-0.00366
0.123364,-0.00366
0.123368,-0.00244
0.123372,-0.00244
0.123376,-0.00366
0.12338,-0.00366
0.123384,-0.00244
0.123388,-0.00244
0.123392,-0.00244
0.123396,-0.00244
0.1234,-0.00244
0.123404,-0.00244
0.123408,-0.00244
0.123412,-0.00366
0.123416,-0.00244
0.12342,-0.00244
0.123424,-0.00244
0.123428,-0.00244
0.123432,-0.00244
0.123436,-0.00244
0.12344,-0.00244
0.123444,-0.00244
0.123448,-0.00244
0.123452,-0.00244
0.123456,-0.00366
0.12346,-0.00244
0.123464,-0.00244
0.123468,-0.00244
0.123472,-0.00244
0.123476,-0.00244
0.12348,-0.00244
0.123484,-0.00244
0.123488,-0.00244
0.123492,-0.00244
0.123496,-0.00244
0.1235,-0.00244
0.123504,-0.00244
0.123508,-0.00244
0.123512,-0.00244
0.123516,-0.00244
0.12352,-0.00244
0.123524,-0.00244
0.123528,-0.00244
0.123532,-0.00122
0.123536,-0.00244
0.12354,-0.00244
0.123544,-0.00244
0.123548,-0.00244
0.123552,-0.00244
0.123556,-0.00122
0.12356,-0.00244
0.123564,-0.00244
0.123568,-0.00122
0.123572,-0.00122
0.123576,-0.00122
0.12358,-0.00244
0.123584,-0.00244
0.123588,-0.00244
0.123592,-0.00244
0.123596,-0.00244
0.1236,-0.00122
0.123604,-0.00122
0.123608,-0.00122
0.123612,-0.00122
0.123616,-0.00122
0.12362,-0.00244
0.123624,-0.00122
0.123628,-0.00122
0.123632,-0.00122
0.123636,-0.00122
0.12364,-0.00122
0.123644,-0.00122
0.123648,-0.00122
0.123652,-0.00122
0.123656,-0.00122
0.12366,-0.00244
0.123664,-0.00122
0.123668,-0.00122
0.123672,-0.00122
0.123676,-0.00122
0.12368,-0.00122
0.123684,-0.00122
0.123688,-0.00122
0.123692,-0.00122
0.123696,0.0
0.1237,0.0
0.123704,-0.00122
0.123708,-0.00122
0.123712,-0.00122
0.123716,-0.00122
0.12372,-0.00122
0.123724,-0.00122
0.123728,-0.00122
0.123732,-0.00122
0.123736,-0.00122
0.12374,-0.00122
0.123744,-0.00122
0.123748,-0.00122
0.123752,-0.00122
0.123756,-0.00122
0.12376,-0.00122
0.123764,-0.00122
0.123768,0.0
0.123772,-0.00122
0.123776,-0.00122
0.12378,-0.00122
0.123784,0.0
0.123788,0.0
0.123792,0.0
0.123796,0.0
0.1238,0.0
0.123804,-0.00122
0.123808,-0.00122
0.123812,-0.00122
0.123816,-0.00122
0.12382,-0.00122
0.123824,-0.00122
0.123828,0.0
0.123832,0.0
0.123836,0.0
0.12384,-0.00122
0.123844,0.0
0.123848,0.0
0.123852,0.0
0.123856,-0.00122
0.12386,0.0
0.123864,0.0
0.123868,0.0
0.123872,0.0
0.123876,0.0
0.12388,0.0
0.123884,0.0
0.123888,0.0
0.123892,0.0
0.123896,0.0
0.1239,0.0
0.123904,0.0
0.123908,0.00122
0.123912,0.00122
0.123916,0.0
0.12392,0.00122
0.123924,0.00122
0.123928,0.0
0.123932,0.00122
0.123936,0.0
0.12394,0.0
0.123944,0.00122
0.123948,0.0
0.123952,0.0
0.123956,0.0
0.12396,0.0
0.123964,0.0
0.123968,0.00122
0.123972,0.0
0.123976,0.0
0.12398,0.0
0.123984,0.0
0.123988,0.00122
0.123992,0.00122
0.123996,0.00122
0.124,0.0
0.124004,0.0
0.124008,0.0
0.124012,0.00122
0.124016,0.00122
0.12402,0.00122
0.124024,0.00122
0.124028,0.0
0.124032,0.00122
0.124036,0.00122
0.12404,0.00122
0.124044,0.00122
0.124048,0.00122
0.124052,0.00122
0.124056,0.00122
0.12406,0.00122
0.124064,0.00122
0.124068,0.00122
0.124072,0.00122
0.124076,0.00122
0.12408,0.00122
0.124084,0.00122
0.124088,0.00122
0.124092,0.00122
0.124096,0.00122
0.1241,0.00122
0.124104,0.00122
0.124108,0.00122
0.124112,0.00122
0.124116,0.00122
0.12412,0.00122
0.124124,0.00122
0.124128,0.00122
0.124132,0.00122
0.124136,0.0
0.12414,0.00122
0.124144,0.00122
0.124148,0.00244
0.124152,0.00122
0.124156,0.00122
0.12416,0.00122
0.124164,0.00122
0.124168,0.00122
0.124172,0.00122
0.124176,0.00122
0.12418,0.00122
0.124184,0.00122
0.124188,0.00122
0.124192,0.00122
0.124196,0.00122
0.1242,0.00244
0.124204,0.00122
0.124208,0.00122
0.124212,0.00122
0.124216,0.00122
0.12422,0.00122
0.124224,0.00244
0.124228,0.00122
0.124232,0.00122
0.124236,0.0
0.12424,0.00122
0.124244,0.00122
0.124248,0.00122
0.124252,0.00122
0.124256,0.00122
0.12426,0.00122
0.124264,0.00122
0.124268,0.00122
0.124272,0.00122
0.124276,0.00122
0.12428,0.00244
0.124284,0.00122
0.124288,0.00122
0.124292,0.00244
0.124296,0.00122
0.1243,0.00122
0.124304,0.00122
0.124308,0.00122
0.124312,0.00122
0.124316,0.00244
0.12432,0.00122
0.124324,0.00122
0.124328,0.00122
0.124332,0.00122
0.124336,0.00122
0.12434,0.00122
0.124344,0.00244
0.124348,0.00122
0.124352,0.00122
0.124356,0.00122
0.12436,0.00122
0.124364,0.00244
0.124368,0.00122
0.124372,0.00122
0.124376,0.00122
0.12438,0.00122
0.124384,0.00122
0.124388,0.00122
0.124392,0.00122
0.124396,0.00122
0.1244,0.00122
0.124404,0.00122
0.124408,0.00122
0.124412,0.00122
0.124416,0.00122
0.12442,0.00244
0.124424,0.00244
0.124428,0.00244
0.124432,0.00244
0.124436,0.00244
0.12444,0.00244
0.124444,0.00244
0.124448,0.00122
0.124452,0.00244
0.124456,0.00244
0.12446,0.00244
0.124464,0.00244
0.124468,0.00122
0.124472,0.00244
0.124476,0.00122
0.12448,0.00122
0.124484,0.00244
0.124488,0.00122
0.124492,0.00244
0.124496,0.00244
0.1245,0.00244
0.124504,0.00122
0.124508,0.00122
0.124512,0.00244
0.124516,0.00244
0.12452,0.00122
0.124524,0.00244
0.124528,0.00122
0.124532,0.00244
0.124536,0.00122
0.12454,0.00122
0.124544,0.00244
0.124548,0.00244
0.124552,0.00244
0.124556,0.00244
0.12456,0.00244
0.124564,0.00244
0.124568,0.00244
0.124572,0.00244
0.124576,0.00244
0.12458,0.00122
0.124584,0.00244
0.124588,0.00244
0.124592,0.00244
0.124596,0.00122
0.1246,0.00244
0.124604,0.00244
0.124608,0.00244
0.124612,0.00244
0.124616,0.00122
0.12462,0.00244
0.124624,0.00244
0.124628,0.00244
0.124632,0.00244
0.124636,0.00244
0.12464,0.00244
0.124644,0.00244
0.124648,0.00244
0.124652,0.00244
0.124656,0.00244
0.12466,0.00244
0.124664,0.00244
0.124668,0.00244
0.124672,0.00244
0.124676,0.00244
0.12468,0.00244
0.124684,0.00244
0.124688,0.00244
0.124692,0.00244
0.124696,0.00122
0.1247,0.00244
0.124704,0.00244
0.124708,0.00244
0.124712,0.00244
0.124716,0.00244
0.12472,0.00244
0.124724,0.00244
0.124728,0.00244
0.124732,0.00244
0.124736,0.00244
0.12474,0.00244
0.124744,0.00122
0.124748,0.00244
0.124752,0.00244
0.124756,0.00244
0.12476,0.00122
0.124764,0.00244
0.124768,0.00122
0.124772,0.00122
0.124776,0.00122
0.12478,0.00244
0.124784,0.00244
0.124788,0.00122
0.124792,0.00244
0.124796,0.00244
0.1248,0.00244
0.124804,0.00122
0.124808,0.00122
0.124812,0.00122
0.124816,0.00244
0.12482,0.00244
0.124824,0.00122
0.124828,0.00122
0.124832,0.00122
0.124836,0.00122
0.12484,0.00244
0.124844,0.00244
0.124848,0.00122
0.124852,0.00244
0.124856,0.00122
0.12486,0.00244
0.124864,0.00122
0.124868,0.00244
0.124872,0.00122
0.124876,0.00122
0.12488,0.00244
0.124884,0.00122
0.124888,0.00122
0.124892,0.00244
0.124896,0.00122
0.1249,0.00244
0.124904,0.00122
0.124908,0.00122
0.124912,0.00122
0.124916,0.00122
0.12492,0.00122
0.124924,0.00244
0.124928,0.00122
0.124932,0.00122
0.124936,0.00244
0.12494,0.00122
0.124944,0.00244
0.124948,0.00244
0.124952,0.00122
0.124956,0.00122
0.12496,0.00244
0.124964,0.00122
0.124968,0.00244
0.124972,0.00122
0.124976,0.00122
0.12498,0.00122
0.124984,0.00122
0.124988,0.00122
0.124992,0.00244
0.124996,0.00244
0.125,0.00244
0.125004,0.00244
0.125008,0.00122
0.125012,0.00122
0.125016,0.00244
0.12502,0.00122
0.125024,0.00122
0.125028,0.00122
0.125032,0.00122
0.125036,0.00122
0.12504,0.00122
0.125044,0.00122
0.125048,0.0
0.125052,0.00122
0.125056,0.00122
0.12506,0.00122
0.125064,0.00122
0.125068,0.00122
0.125072,0.00122
0.125076,0.00122
0.12508,0.00122
0.125084,0.00122
0.125088,0.00122
0.125092,0.00122
0.125096,0.00122
0.1251,0.00122
0.125104,0.00122
0.125108,0.00122
0.125112,0.00122
0.125116,0.00122
0.12512,0.00122
0.125124,0.00122
0.125128,0.00122
0.125132,0.00122
0.125136,0.00122
0.12514,0.00122
0.125144,0.00122
0.125148,0.00122
0.125152,0.00122
0.125156,0.00122
0.12516,0.00122
0.125164,0.00122
0.125168,0.00122
0.125172,0.00122
0.125176,0.00122
0.12518,0.00122
0.125184,0.0
0.125188,0.00122
0.125192,0.00122
0.125196,0.00122
0.1252,0.00122
0.125204,0.00122
0.125208,0.00122
0.125212,0.0
0.125216,0.0
0.12522,0.00122
0.125224,0.0
0.125228,0.0
0.125232,0.0
0.125236,0.0
0.12524,0.0
0.125244,0.0
0.125248,0.0
0.125252,0.0
0.125256,0.0
0.12526,0.0
0.125264,0.0
0.125268,0.0
0.125272,-0.00122
0.125276,0.0
0.12528,0.0
0.125284,0.0
0.125288,0.00122
0.125292,0.0
0.125296,0.0
0.1253,0.0
0.125304,0.0
0.125308,0.0
0.125312,0.0
0.125316,0.0
0.12532,-0.00122
0.125324,0.0
0.125328,-0.00122
0.125332,0.0
0.125336,0.0
0.12534,-0.00122
0.125344,0.0
0.125348,0.0
0.125352,0.0
0.125356,0.0
0.12536,-0.00122
0.125364,-0.00122
0.125368,-0.00122
0.125372,0.0
0.125376,-0.00122
0.12538,0.0
0.125384,0.0
0.125388,-0.00122
0.125392,0.0
0.125396,-0.00122
0.1254,0.0
0.125404,-0.00122
0.125408,0.0
0.125412,-0.00122
0.125416,-0.00122
0.12542,-0.00122
0.125424,0.0
0.125428,-0.00122
0.125432,0.0
0.125436,-0.00122
0.12544,-0.00122
0.125444,0.0
0.125448,0.0
0.125452,-0.00122
0.125456,0.0
0.12546,-0.00122
0.125464,-0.00122
0.125468,0.0
0.125472,-0.00122
0.125476,-0.00122
0.12548,-0.00122
0.125484,-0.00122
0.125488,-0.00122
0.125492,-0.00122
0.125496,-0.00122
0.1255,-0.00122
0.125504,-0.00122
0.125508,-0.00122
0.125512,-0.00122
0.125516,0.0
0.12552,-0.00122
0.125524,-0.00122
0.125528,-0.00122
0.125532,-0.00122
0.125536,-0.00122
0.12554,-0.00122
0.125544,-0.00122
0.125548,-0.00122
0.125552,-0.00122
0.125556,-0.00122
0.12556,-0.00122
0.125564,-0.00122
0.125568,-0.00122
0.125572,-0.00122
0.125576,-0.00122
0.12558,-0.00122
0.125584,-0.00122
0.125588,-0.00122
0.125592,-0.00122
0.125596,-0.00122
0.1256,-0.00122
0.125604,-0.00122
0.125608,-0.00122
0.125612,-0.00122
0.125616,-0.00122
0.12562,-0.00122
0.125624,-0.00122
0.125628,-0.00122
0.125632,-0.00122
0.125636,-0.00122
0.12564,-0.00122
0.125644,-0.00122
0.125648,-0.00122
0.125652,-0.00122
0.125656,-0.00122
0.12566,-0.00122
0.125664,-0.00122
0.125668,-0.00122
0.125672,-0.00122
0.125676,-0.00122
0.12568,-0.00122
0.125684,-0.00122
0.125688,-0.00122
0.125692,-0.00122
0.125696,-0.00122
0.1257,-0.00122
0.125704,-0.00122
0.125708,-0.00122
0.125712,-0.00122
0.125716,-0.00122
0.12572,-0.00122
0.125724,-0.00122
0.125728,-0.00122
0.125732,-0.00122
0.125736,-0.00122
0.12574,-0.00122
0.125744,-0.00122
0.125748,-0.00122
0.125752,-0.00122
0.125756,-0.00122
0.12576,-0.00122
0.125764,-0.00122
0.125768,-0.00122
0.125772,-0.00122
0.125776,-0.00122
0.12578,-0.00122
0.125784,-0.00122
0.125788,-0.00122
0.125792,-0.00122
0.125796,-0.00122
0.1258,-0.00122
0.125804,-0.00122
0.125808,-0.00122
0.125812,-0.00244
0.125816,-0.00122
0.12582,-0.00122
0.125824,-0.00244
0.125828,-0.00122
0.125832,-0.00122
0.125836,-0.00122
0.12584,-0.00122
0.125844,-0.00122
0.125848,-0.00122
0.125852,-0.00122
0.125856,-0.00122
0.12586,-0.00122
0.125864,-0.00122
0.125868,-0.00122
0.125872,-0.00122
0.125876,-0.00122
0.12588,-0.00122
0.125884,-0.00244
0.125888,-0.00122
0.125892,-0.00122
0.125896,-0.00244
0.1259,-0.00122
0.125904,-0.00122
0.125908,-0.00122
0.125912,-0.00122
0.125916,-0.00122
0.12592,-0.00122
0.125924,-0.00122
0.125928,-0.00122
0.125932,-0.00122
0.125936,-0.00244
0.12594,-0.00122
0.125944,-0.00244
0.125948,-0.00122
0.125952,-0.00244
0.125956,-0.00244
0.12596,-0.00122
0.125964,-0.00122
0.125968,-0.00122
0.125972,-0.00122
0.125976,-0.00122
0.12598,-0.00122
0.125984,-0.00122
0.125988,-0.00122
0.125992,-0.00122
0.125996,-0.00122
0.126,-0.00122
0.126004,-0.00244
0.126008,-0.00122
0.126012,-0.00244
0.126016,-0.00122
0.12602,-0.00122
0.126024,-0.00122
0.126028,-0.00122
0.126032,-0.00244
0.126036,-0.00122
0.12604,-0.00244
0.126044,-0.00244
0.126048,-0.00244
0.126052,-0.00244
0.126056,-0.00244
0.12606,-0.00244
0.126064,-0.00122
0.126068,-0.00244
0.126072,-0.00244
0.126076,-0.00122
0.12608,-0.00122
0.126084,-0.00244
0.126088,-0.00122
0.126092,-0.00122
0.126096,-0.00122
0.1261,-0.00122
0.126104,-0.00122
0.126108,-0.00122
0.126112,-0.00244
0.126116,-0.00244
0.12612,-0.00122
0.126124,-0.00244
0.126128,-0.00122
0.126132,-0.00122
0.126136,-0.00244
0.12614,-0.00244
0.126144,-0.00244
0.126148,-0.00244
0.126152,-0.00122
0.126156,-0.00244
0.12616,-0.00244
0.126164,-0.00244
0.126168,-0.00244
0.126172,-0.00244
0.126176,-0.00244
0.12618,-0.00244
0.126184,-0.00244
0.126188,-0.00122
0.126192,-0.00244
0.126196,-0.00244
0.1262,-0.00244
0.126204,-0.00244
0.126208,-0.00122
0.126212,-0.00244
0.126216,-0.00122
0.12622,-0.00244
0.126224,-0.00244
0.126228,-0.00244
0.126232,-0.00244
0.126236,-0.00122
0.12624,-0.00244
0.126244,-0.00244
0.126248,-0.00244
0.126252,-0.00122
0.126256,-0.00244
0.12626,-0.00244
0.126264,-0.00244
0.126268,-0.00244
0.126272,-0.00244
0.126276,-0.00244
0.12628,-0.00122
0.126284,-0.00366
0.126288,-0.00244
0.126292,-0.00244
0.126296,-0.00244
0.1263,-0.00244
0.126304,-0.00244
0.126308,-0.00244
0.126312,-0.00244
0.126316,-0.00244
0.12632,-0.00244
0.126324,-0.00244
0.126328,-0.00244
0.126332,-0.00122
0.126336,-0.00244
0.12634,-0.00244
0.126344,-0.00244
0.126348,-0.00122
0.126352,-0.00122
0.126356,-0.00244
0.12636,-0.00366
0.126364,-0.00244
0.126368,-0.00244
0.126372,-0.00244
0.126376,-0.00244
0.12638,-0.00122
0.126384,-0.00244
0.126388,-0.00244
0.126392,-0.00244
0.126396,-0.00122
0.1264,-0.00244
0.126404,-0.00244
0.126408,-0.00122
0.126412,-0.00244
0.126416,-0.00244
0.12642,-0.00244
0.126424,-0.00244
0.126428,-0.00122
0.126432,-0.00244
0.126436,-0.00244
0.12644,-0.00244
0.126444,-0.00244
0.126448,-0.00122
0.126452,-0.00244
0.126456,-0.00122
0.12646,-0.00366
0.126464,-0.00122
0.126468,-0.00244
0.126472,-0.00122
0.126476,-0.00122
0.12648,-0.00244
0.126484,-0.00244
0.126488,-0.00244
0.126492,-0.00244
0.126496,-0.00244
0.1265,-0.00244
0.126504,-0.00244
0.126508,-0.00122
0.126512,-0.00122
0.126516,-0.00244
0.12652,-0.00244
0.126524,-0.00244
0.126528,-0.00244
0.126532,-0.00244
0.126536,-0.00244
0.12654,-0.00122
0.126544,-0.00244
0.126548,-0.00244
0.126552,-0.00122
0.126556,-0.00244
0.12656,-0.00244
0.126564,-0.00244
0.126568,-0.00244
0.126572,-0.00244
0.126576,-0.00122
0.12658,-0.00244
0.126584,-0.00122
0.126588,-0.00244
0.126592,-0.00244
0.126596,-0.00244
0.1266,-0.00122
0.126604,-0.00122
0.126608,-0.00122
0.126612,-0.00244
0.126616,-0.00244
0.12662,-0.00244
0.126624,-0.00122
0.126628,-0.00122
0.126632,-0.00244
0.126636,-0.00244
0.12664,-0.00122
0.126644,-0.00122
0.126648,-0.00244
0.126652,-0.00244
0.126656,-0.00122
0.12666,-0.00244
0.126664,-0.00244
0.126668,-0.00244
0.126672,-0.00244
0.126676,-0.00244
0.12668,-0.00244
0.126684,-0.00244
0.126688,-0.00244
0.126692,-0.00122
0.126696,-0.00122
0.1267,-0.00244
0.126704,-0.00122
0.126708,-0.00244
0.126712,-0.00122
0.126716,-0.00122
0.12672,-0.00122
0.126724,-0.00122
0.126728,-0.00122
0.126732,-0.00122
0.126736,-0.00244
0.12674,-0.00122
0.126744,-0.00122
0.126748,-0.00122
0.126752,-0.00122
0.126756,-0.00122
0.12676,-0.00122
0.126764,-0.00122
0.126768,-0.00122
0.126772,-0.00122
0.126776,-0.00244
0.12678,-0.00244
0.126784,-0.00122
0.126788,-0.00122
0.126792,-0.00122
0.126796,-0.00122
0.1268,-0.00244
0.126804,-0.00122
0.126808,-0.00122
0.126812,-0.00122
0.126816,-0.00122
0.12682,-0.00122
0.126824,-0.00244
0.126828,-0.00122
0.126832,-0.00122
0.126836,-0.00122
0.12684,-0.00122
0.126844,-0.00122
0.126848,-0.00122
0.126852,-0.00122
0.126856,-0.00122
0.12686,-0.00122
0.126864,-0.00122
0.126868,-0.00122
0.126872,-0.00122
0.126876,-0.00122
0.12688,-0.00122
0.126884,-0.00122
0.126888,-0.00122
0.126892,-0.00122
0.126896,-0.00122
0.1269,-0.00122
0.126904,-0.00122
0.126908,-0.00122
0.126912,-0.00122
0.126916,-0.00122
0.12692,-0.00122
0.126924,-0.00122
0.126928,-0.00122
0.126932,-0.00122
0.126936,-0.00122
0.12694,-0.00122
0.126944,-0.00122
0.126948,-0.00122
0.126952,-0.00122
0.126956,-0.00122
0.12696,-0.00122
0.126964,0.0
0.126968,0.0
0.126972,-0.00122
0.126976,-0.00122
0.12698,-0.00122
0.126984,-0.00122
0.126988,-0.00122
0.126992,-0.00122
0.126996,-0.00122
0.127,-0.00122
0.127004,-0.00122
0.127008,-0.00122
0.127012,0.0
0.127016,0.0
0.12702,-0.00122
0.127024,-0.00122
0.127028,-0.00122
0.127032,0.0
0.127036,-0.00122
0.12704,-0.00122
0.127044,-0.00122
0.127048,-0.00122
0.127052,-0.00122
0.127056,-0.00122
0.12706,-0.00122
0.127064,-0.00122
0.127068,-0.00122
0.127072,-0.00122
0.127076,0.0
0.12708,-0.00122
0.127084,-0.00122
0.127088,-0.00122
0.127092,-0.00122
0.127096,0.0
0.1271,-0.00122
0.127104,-0.00122
0.127108,0.0
0.127112,0.0
0.127116,-0.00122
0.12712,0.0
0.127124,0.0
0.127128,0.0
0.127132,0.0
0.127136,-0.00122
0.12714,-0.00122
0.127144,0.0
0.127148,-0.00122
0.127152,0.0
0.127156,0.0
0.12716,-0.00122
0.127164,-0.00122
0.127168,0.0
0.127172,0.0
0.127176,-0.00122
0.12718,-0.00122
0.127184,0.0
0.127188,0.0
0.127192,-0.00122
0.127196,-0.00122
0.1272,-0.00122
0.127204,0.0
0.127208,-0.00122
0.127212,-0.00122
0.127216,-0.00122
0.12722,0.0
0.127224,-0.00122
0.127228,-0.00122
0.127232,-0.00122
0.127236,-0.00122
0.12724,-0.00122
0.127244,-0.00122
0.127248,-0.00122
0.127252,-0.00122
0.127256,-0.00122
0.12726,0.0
0.127264,-0.00122
0.127268,-0.00122
0.127272,0.0
0.127276,-0.00122
0.12728,-0.00122
0.127284,-0.00122
0.127288,-0.00122
0.127292,-0.00122
0.127296,-0.00122
0.1273,-0.00122
0.127304,-0.00122
0.127308,-0.00122
0.127312,-0.00122
0.127316,-0.00122
0.12732,0.0
0.127324,0.0
0.127328,0.0
0.127332,-0.00122
0.127336,-0.00122
0.12734,-0.00122
0.127344,-0.00122
0.127348,-0.00122
0.127352,-0.00122
0.127356,-0.00122
0.12736,-0.00122
0.127364,-0.00122
0.127368,-0.00122
0.127372,-0.00122
0.127376,-0.00122
0.12738,-0.00122
0.127384,-0.00122
0.127388,-0.00122
0.127392,-0.00122
0.127396,-0.00122
0.1274,-0.00122
0.127404,-0.00122
0.127408,-0.00122
0.127412,-0.00122
0.127416,-0.00122
0.12742,-0.00122
0.127424,-0.00122
0.127428,-0.00122
0.127432,-0.00122
0.127436,-0.00122
0.12744,-0.00122
0.127444,-0.00122
0.127448,0.0
0.127452,-0.00122
0.127456,-0.00122
0.12746,-0.00122
0.127464,-0.00122
0.127468,-0.00122
0.127472,-0.00122
0.127476,-0.00122
0.12748,-0.00122
0.127484,-0.00122
0.127488,-0.00122
0.127492,-0.00122
0.127496,-0.00122
0.1275,-0.00122
0.127504,-0.00122
0.127508,-0.00122
0.127512,-0.00122
0.127516,-0.00122
0.12752,-0.00122
0.127524,0.0
0.127528,-0.00122
0.127532,-0.00122
0.127536,-0.00122
0.12754,-0.00122
0.127544,-0.00122
0.127548,-0.00122
0.127552,-0.00122
0.127556,-0.00122
0.12756,-0.00122
0.127564,-0.00122
0.127568,-0.00122
0.127572,-0.00122
0.127576,-0.00122
0.12758,-0.00122
0.127584,-0.00122
0.127588,-0.00122
0.127592,-0.00122
0.127596,-0.00122
0.1276,-0.00122
0.127604,-0.00122
0.127608,-0.00122
0.127612,-0.00122
0.127616,-0.00122
0.12762,-0.00122
0.127624,-0.00122
0.127628,-0.00122
0.127632,-0.00122
0.127636,-0.00122
0.12764,-0.00122
0.127644,-0.00122
0.127648,-0.00122
0.127652,-0.00122
0.127656,-0.00122
0.12766,-0.00122
0.127664,-0.00122
0.127668,-0.00122
0.127672,-0.00122
0.127676,-0.00122
0.12768,-0.00122
0.127684,-0.00122
0.127688,-0.00122
0.127692,-0.00122
0.127696,-0.00122
0.1277,-0.00122
0.127704,-0.00122
0.127708,-0.00122
0.127712,-0.00122
0.127716,-0.00122
0.12772,-0.00122
0.127724,-0.00122
0.127728,-0.00122
0.127732,-0.00122
0.127736,-0.00122
0.12774,-0.00122
0.127744,-0.00122
0.127748,-0.00122
0.127752,-0.00122
0.127756,-0.00122
0.12776,-0.00122
0.127764,-0.00122
0.127768,-0.00122
0.127772,-0.00122
0.127776,-0.00122
0.12778,-0.00122
0.127784,-0.00122
0.127788,-0.00122
0.127792,-0.00122
0.127796,-0.00122
0.1278,-0.00122
0.127804,-0.00122
0.127808,-0.00122
0.127812,-0.00122
0.127816,-0.00122
0.12782,-0.00122
0.127824,-0.00122
0.127828,-0.00122
0.127832,-0.00122
0.127836,-0.00122
0.12784,-0.00122
0.127844,-0.00122
0.127848,-0.00122
0.127852,-0.00122
0.127856,-0.00122
0.12786,-0.00122
0.127864,-0.00122
0.127868,-0.00122
0.127872,-0.00122
0.127876,-0.00122
0.12788,-0.00122
0.127884,-0.00122
0.127888,-0.00122
0.127892,-0.00122
0.127896,-0.00122
0.1279,-0.00122
0.127904,-0.00122
0.127908,-0.00122
0.127912,-0.00122
0.127916,-0.00122
0.12792,-0.00122
0.127924,-0.00122
0.127928,-0.00122
0.127932,-0.00122
0.127936,-0.00122
0.12794,-0.00122
0.127944,-0.00122
0.127948,-0.00122
0.127952,-0.00122
0.127956,-0.00122
0.12796,-0.00122
0.127964,-0.00122
0.127968,-0.00122
0.127972,-0.00122
0.127976,-0.00122
0.12798,-0.00122
0.127984,-0.00122
0.127988,-0.00122
0.127992,-0.00122
0.127996,-0.00122
0.128,-0.00122
0.128004,-0.00122
0.128008,-0.00122
0.128012,-0.00122
0.128016,-0.00122
0.12802,-0.00122
0.128024,-0.00122
0.128028,-0.00122
0.128032,-0.00122
0.128036,-0.00122
0.12804,-0.00122
0.128044,0.0
0.128048,-0.00122
0.128052,-0.00122
0.128056,-0.00122
0.12806,-0.00122
0.128064,-0.00122
0.128068,-0.00122
0.128072,-0.00122
0.128076,-0.00122
0.12808,-0.00122
0.128084,-0.00122
0.128088,-0.00244
0.128092,-0.00122
0.128096,-0.00122
0.1281,-0.00122
0.128104,-0.00122
0.128108,-0.00122
0.128112,-0.00122
0.128116,-0.00122
0.12812,-0.00122
0.128124,-0.00122
0.128128,-0.00122
0.128132,-0.00122
0.128136,-0.00122
0.12814,-0.00122
0.128144,-0.00122
0.128148,-0.00122
0.128152,-0.00122
0.128156,-0.00122
0.12816,-0.00122
0.128164,-0.00122
0.128168,-0.00122
0.128172,-0.00122
0.128176,-0.00122
0.12818,-0.00122
0.128184,-0.00122
0.128188,-0.00122
0.128192,-0.00122
0.128196,-0.00122
0.1282,-0.00122
0.128204,-0.00122
0.128208,-0.00122
0.128212,-0.00122
0.128216,-0.00122
0.12822,-0.00122
0.128224,-0.00122
0.128228,-0.00122
0.128232,-0.00122
0.128236,-0.00122
0.12824,-0.00122
0.128244,-0.00122
0.128248,-0.00244
0.128252,-0.00122
0.128256,-0.00122
0.12826,-0.00122
0.128264,-0.00122
0.128268,-0.00122
0.128272,-0.00244
0.128276,-0.00122
0.12828,-0.00122
0.128284,-0.00244
0.128288,-0.00122
0.128292,-0.00244
0.128296,-0.00244
0.1283,-0.00122
0.128304,-0.00122
0.128308,-0.00122
0.128312,-0.00122
0.128316,-0.00122
0.12832,-0.00122
0.128324,-0.00122
0.128328,-0.00122
0.128332,-0.00244
0.128336,-0.00122
0.12834,-0.00122
0.128344,-0.00244
0.128348,-0.00122
0.128352,-0.00122
0.128356,-0.00122
0.12836,-0.00122
0.128364,-0.00122
0.128368,-0.00122
0.128372,-0.00122
0.128376,-0.00244
0.12838,-0.00122
0.128384,-0.00244
0.128388,-0.00244
0.128392,-0.00122
0.128396,-0.00244
0.1284,-0.00244
0.128404,-0.00244
0.128408,-0.00122
0.128412,-0.00122
0.128416,-0.00244
0.12842,-0.00244
0.128424,-0.00122
0.128428,-0.00244
0.128432,-0.00244
0.128436,-0.00244
0.12844,-0.00122
0.128444,-0.00122
0.128448,-0.00244
0.128452,-0.00244
0.128456,-0.00244
0.12846,-0.00244
0.128464,-0.00244
0.128468,-0.00244
0.128472,-0.00244
0.128476,-0.00244
0.12848,-0.00122
0.128484,-0.00122
0.128488,-0.00244
0.128492,-0.00244
0.128496,-0.00244
0.1285,-0.00122
0.128504,-0.00244
0.128508,-0.00244
0.128512,-0.00244
0.128516,-0.00122
0.12852,-0.00122
0.128524,-0.00122
0.128528,-0.00122
0.128532,-0.00244
0.128536,-0.00244
0.12854,-0.00244
0.128544,-0.00122
0.128548,-0.00244
0.128552,-0.00122
0.128556,-0.00122
0.12856,-0.00122
0.128564,-0.00244
0.128568,-0.00122
0.128572,-0.00244
0.128576,-0.00122
0.12858,-0.00244
0.128584,-0.00244
0.128588,-0.00244
0.128592,-0.00244
0.128596,-0.00244
0.1286,-0.00122
0.128604,-0.00122
0.128608,-0.00244
0.128612,-0.00244
0.128616,-0.00122
0.12862,-0.00244
0.128624,-0.00122
0.128628,-0.00122
0.128632,-0.00122
0.128636,-0.00122
0.12864,-0.00122
0.128644,-0.00122
0.128648,-0.00244
0.128652,-0.00122
0.128656,-0.00122
0.12866,-0.00122
0.128664,-0.00122
0.128668,-0.00244
0.128672,-0.00122
0.128676,-0.00122
0.12868,-0.00122
0.128684,-0.00122
0.128688,-0.00244
0.128692,-0.00244
0.128696,-0.00122
0.1287,-0.00122
0.128704,-0.00122
0.128708,-0.00122
0.128712,-0.00122
0.128716,-0.00122
0.12872,-0.00122
0.128724,-0.00122
0.128728,-0.00244
0.128732,-0.00122
0.128736,-0.00122
0.12874,-0.00122
0.128744,-0.00244
0.128748,-0.00122
0.128752,-0.00122
0.128756,-0.00122
0.12876,-0.00244
0.128764,-0.00122
0.128768,-0.00122
0.128772,-0.00122
0.128776,-0.00122
0.12878,-0.00122
0.128784,-0.00122
0.128788,-0.00244
0.128792,-0.00122
0.128796,-0.00122
0.1288,-0.00122
0.128804,-0.00122
0.128808,-0.00122
0.128812,-0.00122
0.128816,-0.00122
0.12882,-0.00122
0.128824,-0.00122
0.128828,-0.00122
0.128832,-0.00122
0.128836,-0.00122
0.12884,0.0
0.128844,-0.00122
0.128848,-0.00122
0.128852,-0.00122
0.128856,-0.00122
0.12886,-0.00122
0.128864,-0.00122
0.128868,-0.00122
0.128872,-0.00122
0.128876,-0.00122
0.12888,-0.00122
0.128884,-0.00122
0.128888,-0.00122
0.128892,0.0
0.128896,-0.00122
0.1289,-0.00122
0.128904,-0.00122
0.128908,0.0
0.128912,0.0
0.128916,-0.00122
0.12892,0.0
0.128924,-0.00122
0.128928,-0.00122
0.128932,0.0
0.128936,-0.00122
0.12894,0.0
0.128944,0.0
0.128948,0.0
0.128952,0.0
0.128956,0.0
0.12896,0.0
0.128964,-0.00122
0.128968,0.0
0.128972,0.0
0.128976,0.0
0.12898,-0.00122
0.128984,0.0
0.128988,0.0
0.128992,0.0
0.128996,-0.00122
0.129,-0.00122
0.129004,0.0
0.129008,0.0
0.129012,0.0
0.129016,0.0
0.12902,0.0
0.129024,0.0
0.129028,0.0
0.129032,0.0
0.129036,0.0
0.12904,0.00122
0.129044,0.0
0.129048,0.0
0.129052,0.0
0.129056,0.0
0.12906,0.0
0.129064,0.0
0.129068,0.0
0.129072,0.0
0.129076,0.0
0.12908,-0.00122
0.129084,0.0
0.129088,0.0
0.129092,0.0
0.129096,0.0
0.1291,0.0
0.129104,0.00122
0.129108,0.00122
0.129112,0.0
0.129116,0.0
0.12912,0.00122
0.129124,0.0
0.129128,0.0
0.129132,0.0
0.129136,0.00122
0.12914,0.00122
0.129144,0.0
0.129148,0.00122
0.129152,0.00122
0.129156,0.00122
0.12916,0.0
0.129164,0.0
0.129168,0.00122
0.129172,0.00122
0.129176,0.00122
0.12918,0.00122
0.129184,0.0
0.129188,0.00122
0.129192,0.00122
0.129196,0.00122
0.1292,0.00122
0.129204,0.00122
0.129208,0.0
0.129212,0.00122
0.129216,0.00122
0.12922,0.00122
0.129224,0.00122
0.129228,0.00122
0.129232,0.0
0.129236,0.0
0.12924,0.00122
0.129244,0.00122
0.129248,0.0
0.129252,0.00122
0.129256,0.00122
0.12926,0.00122
0.129264,0.00122
0.129268,0.00122
0.129272,0.00122
0.129276,0.00122
0.12928,0.00122
0.129284,0.00122
0.129288,0.00122
0.129292,0.00122
0.129296,0.00122
0.1293,0.00122
0.129304,0.00122
0.129308,0.00122
0.129312,0.00122
0.129316,0.0
0.12932,0.00122
0.129324,0.00122
0.129328,0.00122
0.129332,0.00244
0.129336,0.00122
0.12934,0.0
0.129344,0.00122
0.129348,0.00122
0.129352,0.00122
0.129356,0.00122
0.12936,0.00122
0.129364,0.00122
0.129368,0.00122
0.129372,0.00122
0.129376,0.00122
0.12938,0.00122
0.129384,0.00122
0.129388,0.00122
0.129392,0.00122
0.129396,0.00122
0.1294,0.00122
0.129404,0.00122
0.129408,0.00122
0.129412,0.00122
0.129416,0.00122
0.12942,0.00122
0.129424,0.00122
0.129428,0.00122
0.129432,0.00122
0.129436,0.00122
0.12944,0.00122
0.129444,0.00122
0.129448,0.00122
0.129452,0.00122
0.129456,0.00122
0.12946,0.00122
0.129464,0.00244
0.129468,0.00122
0.129472,0.00122
0.129476,0.00122
0.12948,0.00122
0.129484,0.00122
0.129488,0.00122
0.129492,0.00122
0.129496,0.00122
0.1295,0.00244
0.129504,0.00244
0.129508,0.00122
0.129512,0.00244
0.129516,0.00122
0.12952,0.00122
0.129524,0.00122
0.129528,0.00122
0.129532,0.00244
0.129536,0.00244
0.12954,0.00244
0.129544,0.00244
0.129548,0.00244
0.129552,0.00244
0.129556,0.00122
0.12956,0.00244
0.129564,0.00244
0.129568,0.00244
0.129572,0.00244
0.129576,0.00244
0.12958,0.00244
0.129584,0.00244
0.129588,0.00122
0.129592,0.00244
0.129596,0.00244
0.1296,0.00244
0.129604,0.00244
0.129608,0.00244
0.129612,0.00244
0.129616,0.00244
0.12962,0.00244
0.129624,0.00244
0.129628,0.00244
0.129632,0.00244
0.129636,0.00244
0.12964,0.00244
0.129644,0.00122
0.129648,0.00244
0.129652,0.00244
0.129656,0.00244
0.12966,0.00122
0.129664,0.00244
0.129668,0.00244
0.129672,0.00244
0.129676,0.00244
0.12968,0.00366
0.129684,0.00244
0.129688,0.00244
0.129692,0.00244
0.129696,0.00244
0.1297,0.00244
0.129704,0.00244
0.129708,0.00244
0.129712,0.00244
0.129716,0.00244
0.12972,0.00244
0.129724,0.00244
0.129728,0.00366
0.129732,0.00244
0.129736,0.00244
0.12974,0.00244
0.129744,0.00366
0.129748,0.00366
0.129752,0.00244
0.129756,0.00244
0.12976,0.00244
0.129764,0.00244
0.129768,0.00366
0.129772,0.00366
0.129776,0.00244
0.12978,0.00366
0.129784,0.00244
0.129788,0.00244
0.129792,0.00244
0.129796,0.00244
0.1298,0.00244
0.129804,0.00244
0.129808,0.00366
0.129812,0.00244
0.129816,0.00366
0.12982,0.00244
0.129824,0.00244
0.129828,0.00366
0.129832,0.00244
0.129836,0.00244
0.12984,0.00366
0.129844,0.00366
0.129848,0.00244
0.129852,0.00244
0.129856,0.00366
0.12986,0.00366
0.129864,0.00244
0.129868,0.00244
0.129872,0.00244
0.129876,0.00366
0.12988,0.00366
0.129884,0.00366
0.129888,0.00244
0.129892,0.00366
0.129896,0.00244
0.1299,0.00366
0.129904,0.00366
0.129908,0.00366
0.129912,0.00366
0.129916,0.00366
0.12992,0.00366
0.129924,0.00366
0.129928,0.00366
0.129932,0.00366
0.129936,0.00366
0.12994,0.00244
0.129944,0.00366
0.129948,0.00366
0.129952,0.00366
0.129956,0.00366
0.12996,0.00366
0.129964,0.00244
0.129968,0.00366
0.129972,0.00244
0.129976,0.00244
0.12998,0.00366
0.129984,0.00366
0.129988,0.00366
0.129992,0.00366
0.129996,0.00366
0.13,0.00244
0.130004,0.00366
0.130008,0.00366
0.130012,0.00366
0.130016,0.00366
0.13002,0.00366
0.130024,0.00366
0.130028,0.00244
0.130032,0.00366
0.130036,0.00366
0.13004,0.00366
0.130044,0.00244
0.130048,0.00244
0.130052,0.00366
0.130056,0.00366
0.13006,0.00366
0.130064,0.00244
0.130068,0.00244
0.130072,0.00244
0.130076,0.00244
0.13008,0.00366
0.130084,0.00244
0.130088,0.00366
0.130092,0.00244
0.130096,0.00244
0.1301,0.00366
0.130104,0.00366
0.130108,0.00244
0.130112,0.00366
0.130116,0.00244
0.13012,0.00366
0.130124,0.00244
0.130128,0.00366
0.130132,0.00366
0.130136,0.00244
0.13014,0.00244
0.130144,0.00244
0.130148,0.00366
0.130152,0.00244
0.130156,0.00244
0.13016,0.00244
0.130164,0.00244
0.130168,0.00366
0.130172,0.00366
0.130176,0.00366
0.13018,0.00244
0.130184,0.00366
0.130188,0.00244
0.130192,0.00366
0.130196,0.00366
0.1302,0.00366
0.130204,0.00244
0.130208,0.00244
0.130212,0.00244
0.130216,0.00244
0.13022,0.00244
0.130224,0.00244
0.130228,0.00244
0.130232,0.00244
0.130236,0.00244
0.13024,0.00244
0.130244,0.00244
0.130248,0.00244
0.130252,0.00244
0.130256,0.00244
0.13026,0.00244
0.130264,0.00244
0.130268,0.00122
0.130272,0.00244
0.130276,0.00366
0.13028,0.00366
0.130284,0.00366
0.130288,0.00244
0.130292,0.00244
0.130296,0.00244
0.1303,0.00244
0.130304,0.00244
0.130308,0.00366
0.130312,0.00122
0.130316,0.00244
0.13032,0.00244
0.130324,0.00244
0.130328,0.00244
0.130332,0.00244
0.130336,0.00244
0.13034,0.00366
0.130344,0.00244
0.130348,0.00244
0.130352,0.00244
0.130356,0.00244
0.13036,0.00244
0.130364,0.00244
0.130368,0.00244
0.130372,0.00244
0.130376,0.00244
0.13038,0.00122
0.130384,0.00244
0.130388,0.00244
0.130392,0.00244
0.130396,0.00244
0.1304,0.00244
0.130404,0.00122
0.130408,0.00244
0.130412,0.00122
0.130416,0.00122
0.13042,0.00122
0.130424,0.00244
0.130428,0.00244
0.130432,0.00244
0.130436,0.00244
0.13044,0.00122
0.130444,0.00244
0.130448,0.00122
0.130452,0.00244
0.130456,0.00244
0.13046,0.00122
0.130464,0.00244
0.130468,0.00122
0.130472,0.00244
0.130476,0.00244
0.13048,0.00122
0.130484,0.00122
0.130488,0.00244
0.130492,0.00122
0.130496,0.00244
0.1305,0.00122
0.130504,0.00122
0.130508,0.00122
0.130512,0.00122
0.130516,0.00244
0.13052,0.00122
0.130524,0.00244
0.130528,0.00122
0.130532,0.00244
0.130536,0.00122
0.13054,0.00244
0.130544,0.00122
0.130548,0.00122
0.130552,0.00122
0.130556,0.00122
0.13056,0.00122
0.130564,0.0
0.130568,0.00122
0.130572,0.00122
0.130576,0.00122
0.13058,0.00122
0.130584,0.00122
0.130588,0.00122
0.130592,0.00122
0.130596,0.00122
0.1306,0.00122
0.130604,0.00122
0.130608,0.00122
0.130612,0.00122
0.130616,0.00122
0.13062,0.00122
0.130624,0.00122
0.130628,0.00122
0.130632,0.00122
0.130636,0.00122
0.13064,0.00122
0.130644,0.00122
0.130648,0.00122
0.130652,0.00122
0.130656,0.00122
0.13066,0.0
0.130664,0.00122
0.130668,0.00122
0.130672,0.00122
0.130676,0.00122
0.13068,0.00122
0.130684,0.00122
0.130688,0.0
0.130692,0.0
0.130696,0.00122
0.1307,0.00122
0.130704,0.0
0.130708,0.00122
0.130712,0.00122
0.130716,0.00122
0.13072,0.00122
0.130724,0.00122
0.130728,0.00122
0.130732,0.00122
0.130736,0.0
0.13074,0.0
0.130744,0.00122
0.130748,0.0
0.130752,0.00122
0.130756,0.00122
0.13076,0.00122
0.130764,0.00122
0.130768,0.00122
0.130772,0.00122
0.130776,0.00122
0.13078,0.00122
0.130784,0.0
0.130788,0.00122
0.130792,0.0
0.130796,0.0
0.1308,0.0
0.130804,0.00122
0.130808,0.0
0.130812,0.0
0.130816,0.00122
0.13082,0.0
0.130824,0.0
0.130828,0.00122
0.130832,0.0
0.130836,0.0
0.13084,0.00122
0.130844,0.0
0.130848,0.0
0.130852,0.0
0.130856,0.0
0.13086,0.0
0.130864,0.0
0.130868,0.0
0.130872,0.00122
0.130876,0.0
0.13088,0.0
0.130884,0.0
0.130888,0.00122
0.130892,-0.00122
0.130896,0.0
0.1309,0.0
0.130904,0.0
0.130908,0.0
0.130912,0.0
0.130916,0.0
0.13092,0.0
0.130924,-0.00122
0.130928,0.0
0.130932,0.0
0.130936,0.0
0.13094,0.0
0.130944,0.0
0.130948,0.0
0.130952,-0.00122
0.130956,-0.00122
0.13096,-0.00122
0.130964,-0.00122
0.130968,-0.00122
0.130972,0.0
0.130976,-0.00122
0.13098,0.0
0.130984,0.0
0.130988,-0.00122
0.130992,-0.00122
0.130996,-0.00122
0.131,-0.00122
0.131004,0.0
0.131008,-0.00122
0.131012,-0.00122
0.131016,0.0
0.13102,0.0
0.131024,-0.00122
0.131028,0.0
0.131032,0.0
0.131036,0.0
0.13104,0.0
0.131044,-0.00244
0.131048,-0.00122
0.131052,-0.00122
0.131056,0.0
0.13106,-0.00122
0.131064,0.0
0.131068,0.0
0.131072,-0.00122
0.131076,-0.00122
0.13108,-0.00122
0.131084,-0.00122
0.131088,-0.00122
0.131092,0.0
0.131096,-0.00122
0.1311,-0.00122
0.131104,-0.00122
0.131108,-0.00122
0.131112,-0.00122
0.131116,0.0
0.13112,-0.00122
0.131124,-0.00122
0.131128,-0.00122
0.131132,-0.00122
0.131136,-0.00122
0.13114,0.0
0.131144,-0.00122
0.131148,-0.00122
0.131152,-0.00122
0.131156,-0.00122
0.13116,-0.00122
0.131164,-0.00122
0.131168,-0.00122
0.131172,-0.00122
0.131176,-0.00122
0.13118,-0.00122
0.131184,-0.00122
0.131188,-0.00122
0.131192,-0.00122
0.131196,-0.00122
0.1312,-0.00122
0.131204,-0.00122
0.131208,-0.00122
0.131212,-0.00122
0.131216,-0.00122
0.13122,-0.00122
0.131224,-0.00122
0.131228,-0.00122
0.131232,-0.00122
0.131236,-0.00122
0.13124,-0.00122
0.131244,-0.00122
0.131248,-0.00122
0.131252,-0.00122
0.131256,-0.00122
0.13126,-0.00122
0.131264,-0.00122
0.131268,-0.00122
0.131272,-0.00122
0.131276,-0.00122
0.13128,-0.00122
0.131284,-0.00122
0.131288,-0.00122
0.131292,-0.00122
0.131296,-0.00122
0.1313,-0.00122
0.131304,-0.00122
0.131308,-0.00122
0.131312,-0.00122
0.131316,0.0
0.13132,-0.00122
0.131324,-0.00122
0.131328,-0.00122
0.131332,-0.00122
0.131336,-0.00122
0.13134,-0.00122
0.131344,-0.00122
0.131348,-0.00122
0.131352,-0.00122
0.131356,-0.00122
0.13136,-0.00122
0.131364,-0.00244
0.131368,-0.00122
0.131372,-0.00122
0.131376,-0.00122
0.13138,-0.00122
0.131384,-0.00122
0.131388,-0.00122
0.131392,-0.00122
0.131396,-0.00122
0.1314,-0.00122
0.131404,-0.00122
0.131408,-0.00122
0.131412,-0.00244
0.131416,-0.00122
0.13142,-0.00122
0.131424,-0.00122
0.131428,-0.00122
0.131432,-0.00244
0.131436,-0.00122
0.13144,-0.00244
0.131444,-0.00122
0.131448,-0.00122
0.131452,-0.00122
0.131456,-0.00122
0.13146,-0.00122
0.131464,-0.00122
0.131468,-0.00122
0.131472,-0.00122
0.131476,-0.00122
0.13148,-0.00122
0.131484,-0.00122
0.131488,-0.00122
0.131492,-0.00122
0.131496,-0.00122
0.1315,-0.00244
0.131504,-0.00122
0.131508,-0.00122
0.131512,-0.00122
0.131516,-0.00122
0.13152,-0.00122
0.131524,-0.00122
0.131528,-0.00122
0.131532,-0.00122
0.131536,-0.00122
0.13154,-0.00122
0.131544,-0.00122
0.131548,-0.00122
0.131552,-0.00122
0.131556,-0.00122
0.13156,-0.00122
0.131564,-0.00122
0.131568,-0.00122
0.131572,-0.00122
0.131576,-0.00122
0.13158,-0.00122
0.131584,-0.00122
0.131588,-0.00122
0.131592,-0.00122
0.131596,-0.00122
0.1316,-0.00122
0.131604,-0.00122
0.131608,-0.00122
0.131612,-0.00122
0.131616,-0.00122
0.13162,-0.00122
0.131624,-0.00122
0.131628,-0.00122
0.131632,-0.00122
0.131636,-0.00122
0.13164,-0.00122
0.131644,-0.00122
0.131648,-0.00122
0.131652,-0.00122
0.131656,-0.00122
0.13166,-0.00122
0.131664,-0.00122
0.131668,-0.00122
0.131672,-0.00122
0.131676,-0.00122
0.13168,-0.00122
0.131684,-0.00122
0.131688,-0.00122
0.131692,-0.00122
0.131696,-0.00122
0.1317,-0.00122
0.131704,-0.00122
0.131708,-0.00122
0.131712,-0.00122
0.131716,-0.00122
0.13172,-0.00122
0.131724,-0.00122
0.131728,-0.00122
0.131732,-0.00122
0.131736,-0.00122
0.13174,-0.00122
0.131744,-0.00122
0.131748,-0.00122
0.131752,-0.00122
0.131756,-0.00122
0.13176,-0.00122
0.131764,-0.00122
0.131768,-0.00122
0.131772,-0.00122
0.131776,-0.00122
0.13178,-0.00122
0.131784,-0.00122
0.131788,-0.00122
0.131792,0.0
0.131796,0.0
0.1318,-0.00122
0.131804,-0.00122
0.131808,-0.00122
0.131812,0.0
0.131816,-0.00122
0.13182,-0.00122
0.131824,0.0
0.131828,-0.00122
0.131832,0.0
0.131836,0.0
0.13184,0.0
0.131844,0.0
0.131848,0.0
0.131852,-0.00122
0.131856,-0.00122
0.13186,-0.00122
0.131864,-0.00122
0.131868,0.0
0.131872,0.0
0.131876,0.0
0.13188,0.0
0.131884,0.0
0.131888,0.0
0.131892,0.0
0.131896,-0.00122
0.1319,-0.00122
0.131904,0.0
0.131908,0.0
0.131912,0.0
0.131916,0.0
0.13192,0.0
0.131924,0.0
0.131928,0.0
0.131932,0.0
0.131936,0.0
0.13194,0.0
0.131944,0.00122
0.131948,0.0
0.131952,0.0
0.131956,0.0
0.13196,0.0
0.131964,0.0
0.131968,0.0
0.131972,0.0
0.131976,0.0
0.13198,0.00122
0.131984,0.0
0.131988,0.00122
0.131992,0.0
0.131996,0.00122
0.132,0.00122
0.132004,0.00122
0.132008,0.00122
0.132012,0.0
0.132016,0.00122
0.13202,0.00122
0.132024,0.0
0.132028,0.00122
0.132032,0.0
0.132036,0.0
0.13204,0.00122
0.132044,0.0
0.132048,0.00122
0.132052,0.00122
0.132056,0.0
0.13206,0.00122
0.132064,0.0
0.132068,0.00122
0.132072,0.00122
0.132076,0.00122
0.13208,0.0
0.132084,0.0
0.132088,0.0
0.132092,0.00122
0.132096,0.0
0.1321,0.00122
0.132104,0.00122
0.132108,0.00122
0.132112,0.00122
0.132116,0.00122
0.13212,0.00122
0.132124,0.00122
0.132128,0.00122
0.132132,0.0
0.132136,0.00122
0.13214,0.00122
0.132144,0.00122
0.132148,0.00122
0.132152,0.00122
0.132156,0.00122
0.13216,0.00122
0.132164,0.00122
0.132168,0.00122
0.132172,0.00122
0.132176,0.00122
0.13218,0.00122
0.132184,0.00244
0.132188,0.00244
0.132192,0.00244
0.132196,0.00244
0.1322,0.00244
0.132204,0.00122
0.132208,0.00122
0.132212,0.00244
0.132216,0.00122
0.13222,0.00244
0.132224,0.00122
0.132228,0.00122
0.132232,0.00244
0.132236,0.00244
0.13224,0.00122
0.132244,0.00122
0.132248,0.00122
0.132252,0.00244
0.132256,0.00244
0.13226,0.00244
0.132264,0.00244
0.132268,0.00244
0.132272,0.00122
0.132276,0.00244
0.13228,0.00244
0.132284,0.00244
0.132288,0.00244
0.132292,0.00122
0.132296,0.00244
0.1323,0.00244
0.132304,0.00122
0.132308,0.00244
0.132312,0.00244
0.132316,0.00122
0.13232,0.00244
0.132324,0.00122
0.132328,0.00122
0.132332,0.00244
0.132336,0.00244
0.13234,0.00244
0.132344,0.00244
0.132348,0.00122
0.132352,0.00122
0.132356,0.00244
0.13236,0.00122
0.132364,0.00122
0.132368,0.00244
0.132372,0.00122
0.132376,0.00244
0.13238,0.00244
0.132384,0.00122
0.132388,0.00122
0.132392,0.00122
0.132396,0.00244
0.1324,0.00244
0.132404,0.00244
0.132408,0.00122
0.132412,0.00122
0.132416,0.00244
0.13242,0.00122
0.132424,0.00122
0.132428,0.00244
0.132432,0.00244
0.132436,0.00244
0.13244,0.00244
0.132444,0.00244
0.132448,0.00122
0.132452,0.00244
0.132456,0.00244
0.13246,0.00122
0.132464,0.00244
0.132468,0.00244
0.132472,0.00244
0.132476,0.00244
0.13248,0.00122
0.132484,0.00122
0.132488,0.00244
0.132492,0.00122
0.132496,0.00244
0.1325,0.00244
0.132504,0.00122
0.132508,0.00244
0.132512,0.00244
0.132516,0.00122
0.13252,0.00244
0.132524,0.00244
0.132528,0.00244
0.132532,0.00244
0.132536,0.00244
0.13254,0.00122
0.132544,0.00244
0.132548,0.00244
0.132552,0.00244
0.132556,0.00244
0.13256,0.00122
0.132564,0.00244
0.132568,0.00244
0.132572,0.00244
0.132576,0.00244
0.13258,0.00244
0.132584,0.00244
0.132588,0.00244
0.132592,0.00244
0.132596,0.00244
0.1326,0.00244
0.132604,0.00244
0.132608,0.00244
0.132612,0.00244
0.132616,0.00244
0.13262,0.00244
0.132624,0.00244
0.132628,0.00244
0.132632,0.00244
0.132636,0.00244
0.13264,0.00122
0.132644,0.00244
0.132648,0.00244
0.132652,0.00122
0.132656,0.00366
0.13266,0.00244
0.132664,0.00244
0.132668,0.00244
0.132672,0.00244
0.132676,0.00244
0.13268,0.00244
0.132684,0.00244
0.132688,0.00366
0.132692,0.00244
0.132696,0.00244
0.1327,0.00244
0.132704,0.00244
0.132708,0.00244
0.132712,0.00244
0.132716,0.00244
0.13272,0.00244
0.132724,0.00244
0.132728,0.00244
0.132732,0.00244
0.132736,0.00244
0.13274,0.00244
0.132744,0.00244
0.132748,0.00366
0.132752,0.00244
0.132756,0.00244
0.13276,0.00244
0.132764,0.00244
0.132768,0.00244
0.132772,0.00244
0.132776,0.00244
0.13278,0.00244
0.132784,0.00366
0.132788,0.00244
0.132792,0.00244
0.132796,0.00244
0.1328,0.00244
0.132804,0.00366
0.132808,0.00244
0.132812,0.00244
0.132816,0.00244
0.13282,0.00244
0.132824,0.00244
0.132828,0.00244
0.132832,0.00244
0.132836,0.00244
0.13284,0.00244
0.132844,0.00244
0.132848,0.00244
0.132852,0.00244
0.132856,0.00244
0.13286,0.00244
0.132864,0.00244
0.132868,0.00366
0.132872,0.00244
0.132876,0.00244
0.13288,0.00244
0.132884,0.00244
0.132888,0.00244
0.132892,0.00244
0.132896,0.00244
0.1329,0.00244
0.132904,0.00244
0.132908,0.00244
0.132912,0.00244
0.132916,0.00244
0.13292,0.00244
0.132924,0.00244
0.132928,0.00244
0.132932,0.00244
0.132936,0.00244
0.13294,0.00244
0.132944,0.00366
0.132948,0.00244
0.132952,0.00244
0.132956,0.00244
0.13296,0.00122
0.132964,0.00244
0.132968,0.00244
0.132972,0.00244
0.132976,0.00244
0.13298,0.00244
0.132984,0.00122
0.132988,0.00244
0.132992,0.00244
0.132996,0.00244
0.133,0.00244
0.133004,0.00244
0.133008,0.00244
0.133012,0.00244
0.133016,0.00244
0.13302,0.00244
0.133024,0.00244
0.133028,0.00244
0.133032,0.00244
0.133036,0.00244
0.13304,0.00122
0.133044,0.00244
0.133048,0.00244
0.133052,0.00244
0.133056,0.00244
0.13306,0.00244
0.133064,0.00122
0.133068,0.00244
0.133072,0.00244
0.133076,0.00122
0.13308,0.00244
0.133084,0.00244
0.133088,0.00122
0.133092,0.00244
0.133096,0.00244
0.1331,0.00122
0.133104,0.00122
0.133108,0.00244
0.133112,0.00122
0.133116,0.00122
0.13312,0.00244
0.133124,0.00122
0.133128,0.00244
0.133132,0.00122
0.133136,0.00122
0.13314,0.00244
0.133144,0.00122
0.133148,0.00244
0.133152,0.00122
0.133156,0.00122
0.13316,0.00122
0.133164,0.00122
0.133168,0.00122
0.133172,0.00122
0.133176,0.00122
0.13318,0.00122
0.133184,0.00122
0.133188,0.00122
0.133192,0.00122
0.133196,0.00122
0.1332,0.00122
0.133204,0.00122
0.133208,0.00122
0.133212,0.00122
0.133216,0.00122
0.13322,0.00122
0.133224,0.00122
0.133228,0.00122
0.133232,0.00122
0.133236,0.00122
0.13324,0.00122
0.133244,0.00122
0.133248,0.0
0.133252,0.00122
0.133256,0.00122
0.13326,0.00122
0.133264,0.00122
0.133268,0.00122
0.133272,0.00122
0.133276,0.00122
0.13328,0.0
0.133284,0.0
0.133288,0.00122
0.133292,0.00122
0.133296,0.0
0.1333,0.0
0.133304,0.00122
0.133308,0.00122
0.133312,0.0
0.133316,0.00122
0.13332,0.00122
0.133324,0.00122
0.133328,0.0
0.133332,0.0
0.133336,0.0
0.13334,0.0
0.133344,0.0
0.133348,0.00122
0.133352,0.00122
0.133356,0.0
0.13336,0.0
0.133364,0.0
0.133368,0.0
0.133372,0.0
0.133376,0.0
0.13338,0.00122
0.133384,0.0
0.133388,0.0
0.133392,0.00122
0.133396,-0.00122
0.1334,0.0
0.133404,0.0
0.133408,0.0
0.133412,0.0
0.133416,-0.00122
0.13342,0.0
0.133424,-0.00122
0.133428,0.0
0.133432,-0.00122
0.133436,0.0
0.13344,0.0
0.133444,0.0
0.133448,-0.00122
0.133452,0.0
0.133456,0.0
0.13346,-0.00122
0.133464,-0.00122
0.133468,-0.00122
0.133472,-0.00122
0.133476,-0.00122
0.13348,0.0
0.133484,-0.00122
0.133488,-0.00244
0.133492,-0.00122
0.133496,-0.00122
0.1335,-0.00122
0.133504,-0.00122
0.133508,-0.00122
0.133512,-0.00122
0.133516,-0.00122
0.13352,-0.00122
0.133524,-0.00122
0.133528,-0.00122
0.133532,-0.00122
0.133536,-0.00122
0.13354,-0.00122
0.133544,-0.00122
0.133548,-0.00122
0.133552,-0.00122
0.133556,-0.00122
0.13356,-0.00122
0.133564,-0.00122
0.133568,-0.00122
0.133572,-0.00122
0.133576,-0.00122
0.13358,-0.00122
0.133584,-0.00122
0.133588,-0.00122
0.133592,-0.00122
0.133596,-0.00122
0.1336,-0.00122
0.133604,-0.00122
0.133608,-0.00122
0.133612,-0.00122
0.133616,-0.00122
0.13362,-0.00244
0.133624,-0.00122
0.133628,-0.00244
0.133632,-0.00244
0.133636,-0.00122
0.13364,-0.00122
0.133644,-0.00122
0.133648,-0.00122
0.133652,-0.00122
0.133656,-0.00122
0.13366,-0.00122
0.133664,-0.00244
0.133668,-0.00122
0.133672,-0.00244
0.133676,-0.00122
0.13368,-0.00244
0.133684,-0.00244
0.133688,-0.00122
0.133692,-0.00244
0.133696,-0.00244
0.1337,-0.00244
0.133704,-0.00122
0.133708,-0.00244
0.133712,-0.00244
0.133716,-0.00244
0.13372,-0.00244
0.133724,-0.00122
0.133728,-0.00122
0.133732,-0.00122
0.133736,-0.00122
0.13374,-0.00244
0.133744,-0.00244
0.133748,-0.00244
0.133752,-0.00244
0.133756,-0.00244
0.13376,-0.00244
0.133764,-0.00244
0.133768,-0.00244
0.133772,-0.00122
0.133776,-0.00244
0.13378,-0.00244
0.133784,-0.00244
0.133788,-0.00244
0.133792,-0.00244
0.133796,-0.00244
0.1338,-0.00244
0.133804,-0.00244
0.133808,-0.00244
0.133812,-0.00366
0.133816,-0.00244
0.13382,-0.00244
0.133824,-0.00122
0.133828,-0.00244
0.133832,-0.00244
0.133836,-0.00244
0.13384,-0.00244
0.133844,-0.00244
0.133848,-0.00244
0.133852,-0.00244
0.133856,-0.00244
0.13386,-0.00244
0.133864,-0.00244
0.133868,-0.00244
0.133872,-0.00244
0.133876,-0.00244
0.13388,-0.00244
0.133884,-0.00244
0.133888,-0.00244
0.133892,-0.00244
0.133896,-0.00244
0.1339,-0.00244
0.133904,-0.00122
0.133908,-0.00122
0.133912,-0.00122
0.133916,-0.00244
0.13392,-0.00366
0.133924,-0.00244
0.133928,-0.00244
0.133932,-0.00244
0.133936,-0.00244
0.13394,-0.00244
0.133944,-0.00244
0.133948,-0.00122
0.133952,-0.00122
0.133956,-0.00244
0.13396,-0.00244
0.133964,-0.00244
0.133968,-0.00244
0.133972,-0.00244
0.133976,-0.00244
0.13398,-0.00244
0.133984,-0.00244
0.133988,-0.00244
0.133992,-0.00244
0.133996,-0.00244
0.134,-0.00122
0.134004,-0.00244
0.134008,-0.00244
0.134012,-0.00244
0.134016,-0.00244
0.13402,-0.00122
0.134024,-0.00244
0.134028,-0.00244
0.134032,-0.00122
0.134036,-0.00244
0.13404,-0.00244
0.134044,-0.00244
0.134048,-0.00244
0.134052,-0.00244
0.134056,-0.00122
0.13406,-0.00244
0.134064,-0.00122
0.134068,-0.00244
0.134072,-0.00244
0.134076,-0.00244
0.13408,-0.00244
0.134084,-0.00244
0.134088,-0.00244
0.134092,-0.00244
0.134096,-0.00244
0.1341,-0.00244
0.134104,-0.00244
0.134108,-0.00244
0.134112,-0.00122
0.134116,-0.00244
0.13412,-0.00244
0.134124,-0.00122
0.134128,-0.00122
0.134132,-0.00244
0.134136,-0.00244
0.13414,-0.00122
0.134144,-0.00122
0.134148,-0.00122
0.134152,-0.00122
0.134156,-0.00244
0.13416,-0.00122
0.134164,-0.00244
0.134168,-0.00244
0.134172,-0.00244
0.134176,-0.00122
0.13418,-0.00122
0.134184,-0.00122
0.134188,-0.00122
0.134192,-0.00122
0.134196,-0.00122
0.1342,-0.00122
0.134204,-0.00122
0.134208,-0.00122
0.134212,-0.00122
0.134216,-0.00122
0.13422,-0.00122
0.134224,-0.00122
0.134228,-0.00122
0.134232,-0.00122
0.134236,-0.00122
0.13424,-0.00244
0.134244,-0.00244
0.134248,-0.00244
0.134252,-0.00122
0.134256,-0.00122
0.13426,-0.00244
0.134264,-0.00122
0.134268,-0.00122
0.134272,-0.00244
0.134276,-0.00122
0.13428,-0.00122
0.134284,-0.00122
0.134288,-0.00122
0.134292,-0.00244
0.134296,-0.00122
0.1343,-0.00122
0.134304,-0.00122
0.134308,-0.00122
0.134312,-0.00122
0.134316,-0.00122
0.13432,-0.00244
0.134324,-0.00122
0.134328,-0.00122
0.134332,-0.00122
0.134336,-0.00122
0.13434,-0.00122
0.134344,-0.00122
0.134348,-0.00122
0.134352,-0.00122
0.134356,-0.00122
0.13436,-0.00244
0.134364,-0.00122
0.134368,-0.00122
0.134372,-0.00122
0.134376,-0.00122
0.13438,-0.00122
0.134384,-0.00122
0.134388,-0.00122
0.134392,-0.00122
0.134396,-0.00122
0.1344,-0.00122
0.134404,-0.00122
0.134408,-0.00122
0.134412,-0.00122
0.134416,-0.00122
0.13442,-0.00122
0.134424,-0.00122
0.134428,-0.00122
0.134432,-0.00122
0.134436,-0.00122
0.13444,-0.00122
0.134444,-0.00122
0.134448,-0.00244
0.134452,-0.00122
0.134456,-0.00122
0.13446,-0.00122
0.134464,-0.00122
0.134468,-0.00122
0.134472,-0.00122
0.134476,-0.00244
0.13448,-0.00122
0.134484,-0.00122
0.134488,-0.00122
0.134492,-0.00122
0.134496,-0.00122
0.1345,-0.00122
0.134504,-0.00122
0.134508,-0.00122
0.134512,-0.00122
0.134516,-0.00122
0.13452,-0.00122
0.134524,-0.00122
0.134528,-0.00122
0.134532,-0.00122
0.134536,-0.00122
0.13454,-0.00122
0.134544,-0.00122
0.134548,-0.00122
0.134552,-0.00122
0.134556,-0.00122
0.13456,-0.00122
0.134564,-0.00122
0.134568,-0.00122
0.134572,-0.00122
0.134576,-0.00122
0.13458,-0.00122
0.134584,-0.00122
0.134588,-0.00122
0.134592,0.0
0.134596,0.0
0.1346,0.0
0.134604,-0.00122
0.134608,-0.00122
0.134612,0.0
0.134616,0.0
0.13462,0.0
0.134624,-0.00122
0.134628,-0.00122
0.134632,0.0
0.134636,0.0
0.13464,0.0
0.134644,0.0
0.134648,0.0
0.134652,0.0
0.134656,0.0
0.13466,0.00122
0.134664,0.0
0.134668,0.0
0.134672,0.0
0.134676,0.0
0.13468,0.0
0.134684,0.00122
0.134688,0.00122
0.134692,0.0
0.134696,0.0
0.1347,0.0
0.134704,0.00122
0.134708,0.00122
0.134712,0.0
0.134716,0.0
0.13472,0.00122
0.134724,0.0
0.134728,0.00122
0.134732,0.00122
0.134736,0.0
0.13474,0.00122
0.134744,0.0
0.134748,0.0
0.134752,0.00122
0.134756,0.00122
0.13476,0.0
0.134764,0.00122
0.134768,0.00122
0.134772,0.00122
0.134776,0.0
0.13478,0.00122
0.134784,0.0
0.134788,0.00122
0.134792,0.00122
0.134796,0.0
0.1348,0.00122
0.134804,0.00122
0.134808,0.0
0.134812,0.00122
0.134816,0.00122
0.13482,0.00122
0.134824,0.0
0.134828,0.00122
0.134832,0.00122
0.134836,0.00244
0.13484,0.00122
0.134844,0.00122
0.134848,0.00122
0.134852,0.00122
0.134856,0.00122
0.13486,0.00122
0.134864,0.00244
0.134868,0.00122
0.134872,0.00122
0.134876,0.00244
0.13488,0.00122
0.134884,0.00122
0.134888,0.00122
0.134892,0.00122
0.134896,0.00122
0.1349,0.00122
0.134904,0.00244
0.134908,0.00122
0.134912,0.00244
0.134916,0.00244
0.13492,0.00122
0.134924,0.00244
0.134928,0.00244
0.134932,0.00244
0.134936,0.00244
0.13494,0.00244
0.134944,0.00122
0.134948,0.00244
0.134952,0.00244
0.134956,0.00244
0.13496,0.00244
0.134964,0.00244
0.134968,0.00244
0.134972,0.00244
0.134976,0.00366
0.13498,0.00244
0.134984,0.00244
0.134988,0.00244
0.134992,0.00244
0.134996,0.00244
0.135,0.00366
0.135004,0.00366
0.135008,0.00366
0.135012,0.00366
0.135016,0.00244
0.13502,0.00244
0.135024,0.00244
0.135028,0.00244
0.135032,0.00244
0.135036,0.00244
0.13504,0.00244
0.135044,0.00244
0.135048,0.00244
0.135052,0.00366
0.135056,0.00244
0.13506,0.00244
0.135064,0.00244
0.135068,0.00366
0.135072,0.00366
0.135076,0.00366
0.13508,0.00366
0.135084,0.00366
0.135088,0.00366
0.135092,0.00366
0.135096,0.00244
0.1351,0.00366
0.135104,0.00244
0.135108,0.00366
0.135112,0.00366
0.135116,0.00244
0.13512,0.00366
0.135124,0.00366
0.135128,0.00488
0.135132,0.00366
0.135136,0.00366
0.13514,0.00366
0.135144,0.00488
0.135148,0.00366
0.135152,0.00366
0.135156,0.00366
0.13516,0.00488
0.135164,0.00488
0.135168,0.00366
0.135172,0.00366
0.135176,0.00366
0.13518,0.00366
0.135184,0.00366
0.135188,0.00366
0.135192,0.00366
0.135196,0.00488
0.1352,0.00366
0.135204,0.00366
0.135208,0.00488
0.135212,0.00366
0.135216,0.00488
0.13522,0.00488
0.135224,0.00488
0.135228,0.00366
0.135232,0.00488
0.135236,0.00366
0.13524,0.00366
0.135244,0.00366
0.135248,0.00366
0.135252,0.00488
0.135256,0.00488
0.13526,0.00488
0.135264,0.00488
0.135268,0.00488
0.135272,0.00488
0.135276,0.00488
0.13528,0.00366
0.135284,0.00488
0.135288,0.00488
0.135292,0.00366
0.135296,0.00488
0.1353,0.00366
0.135304,0.00488
0.135308,0.00488
0.135312,0.00488
0.135316,0.0060999999999999995
0.13532,0.00488
0.135324,0.00488
0.135328,0.00366
0.135332,0.00488
0.135336,0.0060999999999999995
0.13534,0.00366
0.135344,0.00366
0.135348,0.00366
0.135352,0.00488
0.135356,0.00488
0.13536,0.00488
0.135364,0.00488
0.135368,0.00488
0.135372,0.00488
0.135376,0.00488
0.13538,0.00488
0.135384,0.00488
0.135388,0.00488
0.135392,0.00488
0.135396,0.00488
0.1354,0.00488
0.135404,0.00488
0.135408,0.00488
0.135412,0.00488
0.135416,0.00366
0.13542,0.00488
0.135424,0.00488
0.135428,0.0060999999999999995
0.135432,0.00488
0.135436,0.00488
0.13544,0.00488
0.135444,0.00488
0.135448,0.00488
0.135452,0.00488
0.135456,0.00488
0.13546,0.00488
0.135464,0.00488
0.135468,0.00488
0.135472,0.00488
0.135476,0.00488
0.13548,0.00366
0.135484,0.00488
0.135488,0.00488
0.135492,0.00488
0.135496,0.00488
0.1355,0.00488
0.135504,0.00488
0.135508,0.00488
0.135512,0.00488
0.135516,0.00488
0.13552,0.00488
0.135524,0.00488
0.135528,0.00488
0.135532,0.00488
0.135536,0.00366
0.13554,0.00488
0.135544,0.00488
0.135548,0.00488
0.135552,0.00488
0.135556,0.00488
0.13556,0.00488
0.135564,0.00488
0.135568,0.00366
0.135572,0.00488
0.135576,0.00366
0.13558,0.00488
0.135584,0.00366
0.135588,0.00488
0.135592,0.00488
0.135596,0.00488
0.1356,0.00488
0.135604,0.00488
0.135608,0.00488
0.135612,0.00366
0.135616,0.00488
0.13562,0.00366
0.135624,0.00488
0.135628,0.00366
0.135632,0.00488
0.135636,0.00488
0.13564,0.00488
0.135644,0.00488
0.135648,0.00488
0.135652,0.00488
0.135656,0.00488
0.13566,0.00366
0.135664,0.00366
0.135668,0.00488
0.135672,0.00488
0.135676,0.00488
0.13568,0.00488
0.135684,0.00366
0.135688,0.00488
0.135692,0.00488
0.135696,0.00366
0.1357,0.00488
0.135704,0.00488
0.135708,0.00488
0.135712,0.00366
0.135716,0.00366
0.13572,0.00366
0.135724,0.00366
0.135728,0.00488
0.135732,0.00488
0.135736,0.00488
0.13574,0.00366
0.135744,0.00488
0.135748,0.00488
0.135752,0.00366
0.135756,0.00488
0.13576,0.00488
0.135764,0.00366
0.135768,0.00488
0.135772,0.00366
0.135776,0.00366
0.13578,0.00366
0.135784,0.00366
0.135788,0.00366
0.135792,0.00366
0.135796,0.00366
0.1358,0.00488
0.135804,0.00366
0.135808,0.00366
0.135812,0.00366
0.135816,0.00366
0.13582,0.00366
0.135824,0.00488
0.135828,0.00488
0.135832,0.00488
0.135836,0.00366
0.13584,0.00366
0.135844,0.00366
0.135848,0.00366
0.135852,0.00366
0.135856,0.00366
0.13586,0.00366
0.135864,0.00366
0.135868,0.00366
0.135872,0.00488
0.135876,0.00366
0.13588,0.00366
0.135884,0.00366
0.135888,0.00366
0.135892,0.00366
0.135896,0.00366
0.1359,0.00366
0.135904,0.00366
0.135908,0.00366
0.135912,0.00366
0.135916,0.00488
0.13592,0.00488
0.135924,0.00366
0.135928,0.00366
0.135932,0.00366
0.135936,0.00366
0.13594,0.00366
0.135944,0.00366
0.135948,0.00366
0.135952,0.00366
0.135956,0.00366
0.13596,0.00366
0.135964,0.00366
0.135968,0.00366
0.135972,0.00366
0.135976,0.00366
0.13598,0.00366
0.135984,0.00366
0.135988,0.00366
0.135992,0.00488
0.135996,0.00366
0.136,0.00366
0.136004,0.00366
0.136008,0.00366
0.136012,0.00366
0.136016,0.00366
0.13602,0.00488
0.136024,0.00488
0.136028,0.00488
0.136032,0.00366
0.136036,0.00366
0.13604,0.00366
0.136044,0.00366
0.136048,0.00366
0.136052,0.00366
0.136056,0.00366
0.13606,0.00366
0.136064,0.00366
0.136068,0.00488
0.136072,0.00366
0.136076,0.00366
0.13608,0.00366
0.136084,0.00366
0.136088,0.00488
0.136092,0.00488
0.136096,0.00366
0.1361,0.00244
0.136104,0.00366
0.136108,0.00366
0.136112,0.00366
0.136116,0.00488
0.13612,0.00366
0.136124,0.00488
0.136128,0.00366
0.136132,0.00366
0.136136,0.00366
0.13614,0.00366
0.136144,0.00488
0.136148,0.00366
0.136152,0.00488
0.136156,0.00366
0.13616,0.00366
0.136164,0.00366
0.136168,0.00366
0.136172,0.00366
0.136176,0.00366
0.13618,0.00366
0.136184,0.00366
0.136188,0.00366
0.136192,0.00366
0.136196,0.00366
0.1362,0.00366
0.136204,0.00366
0.136208,0.00244
0.136212,0.00366
0.136216,0.00366
0.13622,0.00366
0.136224,0.00366
0.136228,0.00366
0.136232,0.00366
0.136236,0.00366
0.13624,0.00366
0.136244,0.00244
0.136248,0.00244
0.136252,0.00244
0.136256,0.00244
0.13626,0.00366
0.136264,0.00366
0.136268,0.00366
0.136272,0.00244
0.136276,0.00366
0.13628,0.00244
0.136284,0.00366
0.136288,0.00244
0.136292,0.00366
0.136296,0.00244
0.1363,0.00244
0.136304,0.00244
0.136308,0.00244
0.136312,0.00366
0.136316,0.00244
0.13632,0.00244
0.136324,0.00244
0.136328,0.00244
0.136332,0.00244
0.136336,0.00366
0.13634,0.00244
0.136344,0.00244
0.136348,0.00244
0.136352,0.00244
0.136356,0.00244
0.13636,0.00244
0.136364,0.00244
0.136368,0.00244
0.136372,0.00244
0.136376,0.00244
0.13638,0.00244
0.136384,0.00244
0.136388,0.00122
0.136392,0.00244
0.136396,0.00244
0.1364,0.00244
0.136404,0.00244
0.136408,0.00244
0.136412,0.00122
0.136416,0.00244
0.13642,0.00244
0.136424,0.00244
0.136428,0.00244
0.136432,0.00244
0.136436,0.00244
0.13644,0.00244
0.136444,0.00244
0.136448,0.00122
0.136452,0.00244
0.136456,0.00244
0.13646,0.00244
0.136464,0.00244
0.136468,0.00122
0.136472,0.00244
0.136476,0.00244
0.13648,0.00244
0.136484,0.00122
0.136488,0.00122
0.136492,0.00244
0.136496,0.00122
0.1365,0.00122
0.136504,0.00122
0.136508,0.00244
0.136512,0.00244
0.136516,0.00122
0.13652,0.00122
0.136524,0.00122
0.136528,0.00122
0.136532,0.00122
0.136536,0.00122
0.13654,0.00122
0.136544,0.00122
0.136548,0.00122
0.136552,0.00122
0.136556,0.00122
0.13656,0.00122
0.136564,0.00122
0.136568,0.00122
0.136572,0.00122
0.136576,0.00122
0.13658,0.00122
0.136584,0.00122
0.136588,0.00122
0.136592,0.00122
0.136596,0.0
0.1366,0.00122
0.136604,0.00122
0.136608,0.00122
0.136612,0.00122
0.136616,0.00122
0.13662,0.00122
0.136624,0.00122
0.136628,0.00122
0.136632,0.00122
0.136636,0.0
0.13664,0.00122
0.136644,0.00122
0.136648,0.00122
0.136652,0.00122
0.136656,0.0
0.13666,0.0
0.136664,0.00122
0.136668,0.00122
0.136672,0.00122
0.136676,0.00122
0.13668,0.00122
0.136684,0.00122
0.136688,0.0
0.136692,0.0
0.136696,0.00122
0.1367,0.0
0.136704,0.00122
0.136708,0.0
0.136712,0.00122
0.136716,0.00122
0.13672,0.00122
0.136724,0.00122
0.136728,0.0
0.136732,0.0
0.136736,0.0
0.13674,0.00122
0.136744,0.00122
0.136748,0.00122
0.136752,0.00122
0.136756,0.0
0.13676,0.0
0.136764,0.0
0.136768,0.0
0.136772,0.0
0.136776,0.0
0.13678,0.0
0.136784,0.0
0.136788,0.0
0.136792,0.0
0.136796,0.0
0.1368,0.0
0.136804,0.0
0.136808,0.0
0.136812,0.0
0.136816,0.0
0.13682,0.0
0.136824,-0.00122
0.136828,0.0
0.136832,0.0
0.136836,0.0
0.13684,0.0
0.136844,0.0
0.136848,0.0
0.136852,0.0
0.136856,0.0
0.13686,0.0
0.136864,-0.00122
0.136868,-0.00122
0.136872,0.0
0.136876,-0.00122
0.13688,0.0
0.136884,0.0
0.136888,0.0
0.136892,0.0
0.136896,0.00122
0.1369,0.0
0.136904,0.0
0.136908,0.0
0.136912,-0.00122
0.136916,-0.00122
0.13692,-0.00122
0.136924,0.0
0.136928,0.0
0.136932,0.0
0.136936,0.0
0.13694,0.0
0.136944,0.0
0.136948,-0.00122
0.136952,-0.00122
0.136956,0.0
0.13696,0.0
0.136964,0.0
0.136968,0.0
0.136972,-0.00122
0.136976,0.0
0.13698,0.0
0.136984,0.0
0.136988,0.0
0.136992,0.0
0.136996,0.0
0.137,0.0
0.137004,-0.00122
0.137008,-0.00122
0.137012,-0.00122
0.137016,0.0
0.13702,-0.00122
0.137024,0.0
0.137028,-0.00122
0.137032,0.0
0.137036,0.0
0.13704,0.0
0.137044,0.0
0.137048,-0.00122
0.137052,-0.00122
0.137056,0.0
0.13706,0.0
0.137064,0.0
0.137068,-0.00122
0.137072,-0.00122
0.137076,-0.00122
0.13708,-0.00122
0.137084,-0.00122
0.137088,-0.00122
0.137092,-0.00122
0.137096,-0.00122
0.1371,0.0
0.137104,0.0
0.137108,-0.00122
0.137112,-0.00122
0.137116,-0.00122
0.13712,0.0
0.137124,0.0
0.137128,0.0
0.137132,0.0
0.137136,-0.00122
0.13714,-0.00122
0.137144,0.0
0.137148,-0.00122
0.137152,0.0
0.137156,0.0
0.13716,-0.00122
0.137164,0.0
0.137168,0.0
0.137172,0.0
0.137176,-0.00122
0.13718,-0.00122
0.137184,0.0
0.137188,0.0
0.137192,0.0
0.137196,0.0
0.1372,-0.00122
0.137204,-0.00122
0.137208,0.0
0.137212,-0.00122
0.137216,0.0
0.13722,-0.00122
0.137224,-0.00122
0.137228,0.0
0.137232,0.0
0.137236,0.0
0.13724,0.0
0.137244,-0.00122
0.137248,0.0
0.137252,0.0
0.137256,0.0
0.13726,0.0
0.137264,0.0
0.137268,0.0
0.137272,0.00122
0.137276,0.0
0.13728,0.0
0.137284,0.0
0.137288,0.0
0.137292,0.0
0.137296,0.0
0.1373,0.0
0.137304,0.0
0.137308,-0.00122
0.137312,0.0
0.137316,0.0
0.13732,-0.00122
0.137324,-0.00122
0.137328,0.0
0.137332,-0.00122
0.137336,-0.00122
0.13734,-0.00122
0.137344,-0.00122
0.137348,-0.00122
0.137352,0.0
0.137356,-0.00122
0.13736,-0.00122
0.137364,0.0
0.137368,0.0
0.137372,-0.00122
0.137376,-0.00122
0.13738,-0.00122
0.137384,-0.00122
0.137388,0.0
0.137392,0.0
0.137396,-0.00122
0.1374,-0.00122
0.137404,-0.00122
0.137408,-0.00122
0.137412,0.0
0.137416,0.0
0.13742,-0.00122
0.137424,-0.00122
0.137428,-0.00122
0.137432,-0.00122
0.137436,-0.00122
0.13744,-0.00122
0.137444,0.0
0.137448,0.0
0.137452,-0.00122
0.137456,0.0
0.13746,-0.00122
0.137464,-0.00122
0.137468,-0.00122
0.137472,-0.00122
0.137476,-0.00122
0.13748,-0.00122
0.137484,-0.00122
0.137488,-0.00122
0.137492,-0.00122
0.137496,-0.00122
0.1375,0.0
0.137504,0.0
0.137508,-0.00122
0.137512,-0.00122
0.137516,-0.00122
0.13752,-0.00122
0.137524,0.0
0.137528,-0.00122
0.137532,-0.00122
0.137536,0.0
0.13754,-0.00122
0.137544,-0.00122
0.137548,-0.00122
0.137552,-0.00122
0.137556,-0.00122
0.13756,-0.00122
0.137564,-0.00122
0.137568,-0.00122
0.137572,-0.00122
0.137576,-0.00122
0.13758,-0.00122
0.137584,-0.00122
0.137588,-0.00122
0.137592,-0.00122
0.137596,-0.00122
0.1376,-0.00122
0.137604,-0.00122
0.137608,-0.00122
0.137612,-0.00122
0.137616,-0.00122
0.13762,-0.00122
0.137624,-0.00122
0.137628,-0.00122
0.137632,-0.00122
0.137636,-0.00122
0.13764,-0.00122
0.137644,-0.00122
0.137648,-0.00122
0.137652,-0.00122
0.137656,-0.00122
0.13766,-0.00122
0.137664,-0.00122
0.137668,-0.00122
0.137672,-0.00122
0.137676,-0.00122
0.13768,-0.00122
0.137684,-0.00122
0.137688,-0.00122
0.137692,-0.00122
0.137696,-0.00122
0.1377,-0.00122
0.137704,-0.00122
0.137708,-0.00122
0.137712,-0.00122
0.137716,-0.00122
0.13772,-0.00122
0.137724,-0.00244
0.137728,-0.00122
0.137732,-0.00122
0.137736,-0.00122
0.13774,-0.00122
0.137744,-0.00122
0.137748,-0.00122
0.137752,-0.00122
0.137756,-0.00122
0.13776,-0.00122
0.137764,-0.00122
0.137768,-0.00122
0.137772,-0.00122
0.137776,-0.00122
0.13778,-0.00122
0.137784,-0.00244
0.137788,-0.00122
0.137792,-0.00122
0.137796,-0.00122
0.1378,-0.00122
0.137804,-0.00122
0.137808,-0.00122
0.137812,-0.00122
0.137816,-0.00122
0.13782,-0.00122
0.137824,-0.00122
0.137828,-0.00122
0.137832,-0.00122
0.137836,-0.00122
0.13784,-0.00122
0.137844,-0.00122
0.137848,-0.00122
0.137852,-0.00122
0.137856,-0.00122
0.13786,-0.00122
0.137864,-0.00122
0.137868,-0.00122
0.137872,-0.00122
0.137876,-0.00122
0.13788,-0.00122
0.137884,-0.00122
0.137888,-0.00122
0.137892,-0.00122
0.137896,-0.00122
0.1379,-0.00122
0.137904,-0.00122
0.137908,-0.00122
0.137912,-0.00122
0.137916,-0.00122
0.13792,-0.00122
0.137924,-0.00122
0.137928,-0.00122
0.137932,-0.00122
0.137936,-0.00122
0.13794,-0.00122
0.137944,-0.00122
0.137948,-0.00122
0.137952,-0.00122
0.137956,-0.00122
0.13796,-0.00122
0.137964,-0.00122
0.137968,-0.00122
0.137972,-0.00122
0.137976,-0.00122
0.13798,0.0
0.137984,-0.00122
0.137988,-0.00122
0.137992,-0.00122
0.137996,-0.00122
0.138,-0.00122
0.138004,-0.00122
0.138008,-0.00122
0.138012,-0.00122
0.138016,-0.00122
0.13802,-0.00122
0.138024,-0.00122
0.138028,0.0
0.138032,-0.00122
0.138036,-0.00122
0.13804,-0.00122
0.138044,0.0
0.138048,-0.00122
0.138052,-0.00122
0.138056,-0.00122
0.13806,-0.00122
0.138064,-0.00122
0.138068,0.0
0.138072,-0.00122
0.138076,-0.00122
0.13808,-0.00122
0.138084,-0.00122
0.138088,-0.00122
0.138092,0.0
0.138096,-0.00122
0.1381,-0.00122
0.138104,-0.00122
0.138108,-0.00122
0.138112,-0.00122
0.138116,-0.00122
0.13812,-0.00122
0.138124,-0.00122
0.138128,-0.00122
0.138132,0.0
0.138136,-0.00122
0.13814,-0.00122
0.138144,-0.00122
0.138148,-0.00122
0.138152,-0.00122
0.138156,-0.00122
0.13816,-0.00122
0.138164,-0.00122
0.138168,-0.00122
0.138172,-0.00122
0.138176,-0.00122
0.13818,-0.00122
0.138184,-0.00122
0.138188,-0.00122
0.138192,-0.00122
0.138196,-0.00122
0.1382,-0.00122
0.138204,-0.00122
0.138208,-0.00122
0.138212,-0.00122
0.138216,-0.00122
0.13822,0.0
0.138224,0.0
0.138228,0.0
0.138232,-0.00122
0.138236,-0.00122
0.13824,-0.00122
0.138244,-0.00122
0.138248,-0.00122
0.138252,-0.00122
0.138256,-0.00122
0.13826,-0.00122
0.138264,-0.00122
0.138268,-0.00122
0.138272,-0.00122
0.138276,0.0
0.13828,-0.00122
0.138284,-0.00122
0.138288,-0.00122
0.138292,-0.00122
0.138296,-0.00122
0.1383,-0.00122
0.138304,-0.00122
0.138308,-0.00122
0.138312,-0.00122
0.138316,-0.00122
0.13832,0.0
0.138324,-0.00122
0.138328,0.0
0.138332,-0.00122
0.138336,-0.00122
0.13834,-0.00122
0.138344,-0.00122
0.138348,-0.00122
0.138352,-0.00122
0.138356,-0.00122
0.13836,-0.00122
0.138364,-0.00122
0.138368,-0.00122
0.138372,-0.00122
0.138376,-0.00122
0.13838,-0.00122
0.138384,-0.00122
0.138388,-0.00122
0.138392,-0.00122
0.138396,-0.00122
0.1384,-0.00122
0.138404,-0.00122
0.138408,-0.00122
0.138412,0.0
0.138416,0.0
0.13842,0.0
0.138424,-0.00122
0.138428,-0.00122
0.138432,0.0
0.138436,-0.00122
0.13844,0.0
0.138444,-0.00122
0.138448,-0.00122
0.138452,-0.00122
0.138456,-0.00122
0.13846,0.0
0.138464,-0.00122
0.138468,-0.00122
0.138472,-0.00122
0.138476,-0.00122
0.13848,-0.00122
0.138484,-0.00122
0.138488,-0.00122
0.138492,0.0
0.138496,0.0
0.1385,-0.00122
0.138504,-0.00122
0.138508,-0.00122
0.138512,-0.00122
0.138516,-0.00122
0.13852,0.0
0.138524,0.0
0.138528,0.0
0.138532,0.0
0.138536,-0.00122
0.13854,-0.00122
0.138544,0.0
0.138548,0.0
0.138552,0.0
0.138556,-0.00122
0.13856,-0.00122
0.138564,-0.00122
0.138568,-0.00122
0.138572,-0.00122
0.138576,-0.00122
0.13858,0.0
0.138584,0.0
0.138588,-0.00122
0.138592,-0.00122
0.138596,-0.00122
0.1386,-0.00122
0.138604,0.0
0.138608,-0.00122
0.138612,0.0
0.138616,-0.00122
0.13862,-0.00122
0.138624,-0.00244
0.138628,0.0
0.138632,-0.00122
0.138636,-0.00122
0.13864,-0.00122
0.138644,-0.00122
0.138648,-0.00122
0.138652,0.0
0.138656,0.0
0.13866,-0.00122
0.138664,-0.00122
0.138668,-0.00122
0.138672,-0.00122
0.138676,0.0
0.13868,-0.00122
0.138684,-0.00122
0.138688,-0.00122
0.138692,0.0
0.138696,0.0
0.1387,0.0
0.138704,-0.00122
0.138708,0.0
0.138712,0.0
0.138716,-0.00122
0.13872,0.0
0.138724,-0.00122
0.138728,0.0
0.138732,-0.00122
0.138736,0.0
0.13874,0.0
0.138744,0.0
0.138748,0.0
0.138752,0.0
0.138756,-0.00122
0.13876,-0.00122
0.138764,-0.00122
0.138768,-0.00122
0.138772,-0.00122
0.138776,-0.00122
0.13878,-0.00122
0.138784,0.0
0.138788,-0.00122
0.138792,-0.00122
0.138796,-0.00122
0.1388,0.0
0.138804,0.0
0.138808,0.0
0.138812,-0.00122
0.138816,-0.00122
0.13882,-0.00122
0.138824,-0.00122
0.138828,-0.00122
0.138832,0.0
0.138836,0.0
0.13884,-0.00122
0.138844,0.0
0.138848,-0.00122
0.138852,-0.00122
0.138856,-0.00122
0.13886,-0.00122
0.138864,0.0
0.138868,0.0
0.138872,0.0
0.138876,0.0
0.13888,0.0
0.138884,0.0
0.138888,0.0
0.138892,0.0
0.138896,0.0
0.1389,0.0
0.138904,0.0
0.138908,0.0
0.138912,0.0
0.138916,-0.00122
0.13892,0.0
0.138924,-0.00122
0.138928,0.0
0.138932,-0.00122
0.138936,0.0
0.13894,-0.00122
0.138944,-0.00122
0.138948,-0.00122
0.138952,0.0
0.138956,0.00122
0.13896,-0.00122
0.138964,0.0
0.138968,0.0
0.138972,0.0
0.138976,0.0
0.13898,0.0
0.138984,0.0
0.138988,0.0
0.138992,-0.00122
0.138996,0.0
0.139,0.0
0.139004,0.0
0.139008,-0.00122
0.139012,-0.00122
0.139016,0.0
0.13902,0.0
0.139024,0.0
0.139028,0.0
0.139032,-0.00122
0.139036,0.0
0.13904,-0.00122
0.139044,0.0
0.139048,0.0
0.139052,0.0
0.139056,0.00122
0.13906,0.0
0.139064,0.0
0.139068,0.0
0.139072,0.0
0.139076,0.0
0.13908,0.0
0.139084,0.0
0.139088,0.0
0.139092,0.0
0.139096,0.00122
0.1391,0.0
0.139104,0.00122
0.139108,0.0
0.139112,0.0
0.139116,0.00122
0.13912,0.0
0.139124,0.0
0.139128,0.0
0.139132,0.0
0.139136,0.0
0.13914,0.0
0.139144,0.00122
0.139148,0.0
0.139152,0.00122
0.139156,0.0
0.13916,0.0
0.139164,0.00122
0.139168,0.00122
0.139172,0.0
0.139176,0.0
0.13918,0.00122
0.139184,0.0
0.139188,0.00122
0.139192,0.0
0.139196,0.0
0.1392,0.00122
0.139204,0.0
0.139208,0.00122
0.139212,0.0
0.139216,0.0
0.13922,0.0
0.139224,0.0
0.139228,0.00122
0.139232,0.00122
0.139236,0.00122
0.13924,0.00122
0.139244,0.0
0.139248,0.0
0.139252,0.0
0.139256,0.00122
0.13926,0.0
0.139264,0.0
0.139268,0.00122
0.139272,0.0
0.139276,0.00122
0.13928,0.00122
0.139284,0.00122
0.139288,0.00122
0.139292,0.00122
0.139296,0.0
0.1393,0.00122
0.139304,0.00122
0.139308,0.0
0.139312,0.0
0.139316,0.0
0.13932,0.0
0.139324,0.00122
0.139328,0.00122
0.139332,0.00122
0.139336,0.00122
0.13934,0.0
0.139344,0.00122
0.139348,0.0
0.139352,0.0
0.139356,0.00122
0.13936,0.0
0.139364,0.0
0.139368,0.00122
0.139372,0.0
0.139376,0.00122
0.13938,0.00122
0.139384,0.00122
0.139388,0.00122
0.139392,0.00122
0.139396,0.0
0.1394,0.00122
0.139404,0.0
0.139408,0.00122
0.139412,0.0
0.139416,0.00122
0.13942,0.00122
0.139424,0.0
0.139428,0.00122
0.139432,0.0
0.139436,0.0
0.13944,0.0
0.139444,0.0
0.139448,0.00122
0.139452,0.00122
0.139456,0.00122
0.13946,0.00122
0.139464,0.00122
0.139468,0.0
0.139472,0.0
0.139476,0.00122
0.13948,0.00122
0.139484,0.00122
0.139488,0.00122
0.139492,0.00122
0.139496,0.0
0.1395,0.0
0.139504,0.00122
0.139508,0.00122
0.139512,0.0
0.139516,0.00122
0.13952,0.00122
0.139524,0.00122
0.139528,0.00122
0.139532,0.00122
0.139536,0.00122
0.13954,0.00122
0.139544,0.0
0.139548,0.00122
0.139552,0.00122
0.139556,0.0
0.13956,0.00122
0.139564,0.00122
0.139568,0.00122
0.139572,0.0
0.139576,0.00122
0.13958,0.00122
0.139584,0.0
0.139588,0.00122
0.139592,0.00122
0.139596,0.00122
0.1396,0.0
0.139604,0.00122
0.139608,0.00122
0.139612,0.00122
0.139616,0.00122
0.13962,0.00122
0.139624,0.00122
0.139628,0.00122
0.139632,0.00122
0.139636,0.00122
0.13964,0.00122
0.139644,0.00122
0.139648,0.00122
0.139652,0.00122
0.139656,0.00122
0.13966,0.00122
0.139664,0.00122
0.139668,0.00122
0.139672,0.00122
0.139676,0.00122
0.13968,0.00122
0.139684,0.00122
0.139688,0.00244
0.139692,0.00122
0.139696,0.00122
0.1397,0.00122
0.139704,0.00122
0.139708,0.00122
0.139712,0.00122
0.139716,0.00122
0.13972,0.00122
0.139724,0.00122
0.139728,0.00244
0.139732,0.00122
0.139736,0.00122
0.13974,0.00122
0.139744,0.00122
0.139748,0.00122
0.139752,0.00122
0.139756,0.00122
0.13976,0.00122
0.139764,0.00122
0.139768,0.00122
0.139772,0.00122
0.139776,0.00122
0.13978,0.00122
0.139784,0.00122
0.139788,0.00122
0.139792,0.00122
0.139796,0.00122
0.1398,0.00122
0.139804,0.0
0.139808,0.00122
0.139812,0.00122
0.139816,0.00122
0.13982,0.00122
0.139824,0.00122
0.139828,0.00122
0.139832,0.00122
0.139836,0.00244
0.13984,0.00244
0.139844,0.00122
0.139848,0.00122
0.139852,0.00122
0.139856,0.00122
0.13986,0.00122
0.139864,0.00122
0.139868,0.00122
0.139872,0.00244
0.139876,0.00244
0.13988,0.00122
0.139884,0.00122
0.139888,0.00122
0.139892,0.00122
0.139896,0.00122
0.1399,0.00244
0.139904,0.00244
0.139908,0.00122
0.139912,0.00122
0.139916,0.00244
0.13992,0.00122
0.139924,0.00244
0.139928,0.00244
0.139932,0.00244
0.139936,0.00244
0.13994,0.00122
0.139944,0.00244
0.139948,0.00122
0.139952,0.00244
0.139956,0.00122
0.13996,0.00122
0.139964,0.00122
0.139968,0.00122
0.139972,0.00122
0.139976,0.00244
0.13998,0.00244
0.139984,0.00122
0.139988,0.00122
0.139992,0.00244
0.139996,0.00244
0.14,0.00244
0.140004,0.00244
0.140008,0.00244
0.140012,0.00244
0.140016,0.00244
0.14002,0.00244
0.140024,0.00244
0.140028,0.00122
0.140032,0.00244
0.140036,0.00122
0.14004,0.00244
0.140044,0.00244
0.140048,0.00122
0.140052,0.00244
0.140056,0.00244
0.14006,0.00122
0.140064,0.00244
0.140068,0.00122
0.140072,0.00244
0.140076,0.00244
0.14008,0.00244
0.140084,0.00244
0.140088,0.00244
0.140092,0.00244
0.140096,0.00122
0.1401,0.00244
0.140104,0.00244
0.140108,0.00244
0.140112,0.00244
0.140116,0.00244
0.14012,0.00244
0.140124,0.00122
0.140128,0.00244
0.140132,0.00244
0.140136,0.00244
0.14014,0.00244
0.140144,0.00122
0.140148,0.00244
0.140152,0.00122
0.140156,0.00244
0.14016,0.00244
0.140164,0.00244
0.140168,0.00122
0.140172,0.00244
0.140176,0.00244
0.14018,0.00244
0.140184,0.00122
0.140188,0.00244
0.140192,0.00244
0.140196,0.00244
0.1402,0.00122
0.140204,0.00244
0.140208,0.00244
0.140212,0.00244
0.140216,0.00244
0.14022,0.00244
0.140224,0.00244
0.140228,0.00122
0.140232,0.00244
0.140236,0.00244
0.14024,0.00244
0.140244,0.00244
0.140248,0.00244
0.140252,0.00122
0.140256,0.00244
0.14026,0.00122
0.140264,0.00244
0.140268,0.00122
0.140272,0.00244
0.140276,0.00244
0.14028,0.00244
0.140284,0.00244
0.140288,0.00244
0.140292,0.00244
0.140296,0.00244
0.1403,0.00122
0.140304,0.00122
0.140308,0.00244
0.140312,0.00122
0.140316,0.00122
0.14032,0.00244
0.140324,0.00244
0.140328,0.00122
0.140332,0.00244
0.140336,0.00244
0.14034,0.00244
0.140344,0.00244
0.140348,0.00244
0.140352,0.00244
0.140356,0.00244
0.14036,0.00244
0.140364,0.00244
0.140368,0.00244
0.140372,0.00244
0.140376,0.00244
0.14038,0.00244
0.140384,0.00244
0.140388,0.00244
0.140392,0.00244
0.140396,0.00122
0.1404,0.00244
0.140404,0.00244
0.140408,0.00122
0.140412,0.00122
0.140416,0.00244
0.14042,0.00244
0.140424,0.00244
0.140428,0.00122
0.140432,0.00244
0.140436,0.00244
0.14044,0.00244
0.140444,0.00244
0.140448,0.00244
0.140452,0.00122
0.140456,0.00244
0.14046,0.00244
0.140464,0.00122
0.140468,0.00244
0.140472,0.00122
0.140476,0.00244
0.14048,0.00122
0.140484,0.00244
0.140488,0.00244
0.140492,0.00244
0.140496,0.00244
0.1405,0.00244
0.140504,0.00244
0.140508,0.00244
0.140512,0.00244
0.140516,0.00244
0.14052,0.00122
0.140524,0.00122
0.140528,0.00122
0.140532,0.00244
0.140536,0.00122
0.14054,0.00244
0.140544,0.00244
0.140548,0.00244
0.140552,0.00244
0.140556,0.00122
0.14056,0.00122
0.140564,0.00122
0.140568,0.00244
0.140572,0.00244
0.140576,0.00244
0.14058,0.00244
0.140584,0.00122
0.140588,0.00122
0.140592,0.00244
0.140596,0.00244
0.1406,0.00244
0.140604,0.00244
0.140608,0.00244
0.140612,0.00122
0.140616,0.00244
0.14062,0.00244
0.140624,0.00244
0.140628,0.00244
0.140632,0.00244
0.140636,0.00244
0.14064,0.00244
0.140644,0.00244
0.140648,0.00244
0.140652,0.00244
0.140656,0.00122
0.14066,0.00122
0.140664,0.00122
0.140668,0.00244
0.140672,0.00244
0.140676,0.00244
0.14068,0.00244
0.140684,0.00122
0.140688,0.00122
0.140692,0.00244
0.140696,0.00244
0.1407,0.00122
0.140704,0.00122
0.140708,0.00244
0.140712,0.00122
0.140716,0.00244
0.14072,0.00122
0.140724,0.00122
0.140728,0.00244
0.140732,0.00244
0.140736,0.00122
0.14074,0.00122
0.140744,0.00122
0.140748,0.00122
0.140752,0.00122
0.140756,0.00244
0.14076,0.00244
0.140764,0.00122
0.140768,0.00122
0.140772,0.00122
0.140776,0.00122
0.14078,0.00122
0.140784,0.00122
0.140788,0.00122
0.140792,0.00244
0.140796,0.00122
0.1408,0.00122
0.140804,0.00122
0.140808,0.00122
0.140812,0.00122
0.140816,0.00122
0.14082,0.00122
0.140824,0.00244
0.140828,0.00122
0.140832,0.00244
0.140836,0.00122
0.14084,0.00122
0.140844,0.00122
0.140848,0.00122
0.140852,0.00122
0.140856,0.00122
0.14086,0.00122
0.140864,0.00122
0.140868,0.00122
0.140872,0.00122
0.140876,0.00122
0.14088,0.00122
0.140884,0.00122
0.140888,0.00122
0.140892,0.0
0.140896,0.00122
0.1409,0.00122
0.140904,0.00122
0.140908,0.00122
0.140912,0.00122
0.140916,0.00122
0.14092,0.00122
0.140924,0.00122
0.140928,0.00122
0.140932,0.00122
0.140936,0.00122
0.14094,0.00122
0.140944,0.00122
0.140948,0.00122
0.140952,0.00122
0.140956,0.00122
0.14096,0.0
0.140964,0.00122
0.140968,0.00122
0.140972,0.00122
0.140976,0.00122
0.14098,0.00122
0.140984,0.00122
0.140988,0.00122
0.140992,0.00122
0.140996,0.00122
0.141,0.0
0.141004,0.00122
0.141008,0.00122
0.141012,0.00122
0.141016,0.00122
0.14102,0.00122
0.141024,0.00122
0.141028,0.0
0.141032,0.00122
0.141036,0.00122
0.14104,0.0
0.141044,0.00122
0.141048,0.00122
0.141052,0.00122
0.141056,0.0
0.14106,0.00122
0.141064,0.00122
0.141068,0.0
0.141072,0.00122
0.141076,0.00122
0.14108,0.00122
0.141084,0.00122
0.141088,0.00122
0.141092,0.00122
0.141096,0.00122
0.1411,0.00122
0.141104,0.0
0.141108,0.00122
0.141112,0.0
0.141116,0.00122
0.14112,0.00122
0.141124,0.0
0.141128,0.00122
0.141132,0.00122
0.141136,0.0
0.14114,0.0
0.141144,0.0
0.141148,0.00122
0.141152,0.0
0.141156,0.0
0.14116,0.0
0.141164,0.0
0.141168,0.00122
0.141172,0.0
0.141176,0.0
0.14118,0.0
0.141184,0.0
0.141188,0.0
0.141192,0.0
0.141196,-0.00122
0.1412,-0.00122
0.141204,0.0
0.141208,0.0
0.141212,0.0
0.141216,-0.00122
0.14122,0.0
0.141224,-0.00122
0.141228,0.0
0.141232,0.0
0.141236,0.0
0.14124,0.0
0.141244,-0.00122
0.141248,0.0
0.141252,0.0
0.141256,0.0
0.14126,-0.00122
0.141264,0.0
0.141268,0.0
0.141272,-0.00122
0.141276,0.0
0.14128,0.0
0.141284,-0.00122
0.141288,0.0
0.141292,0.0
0.141296,0.0
0.1413,0.0
0.141304,0.00122
0.141308,-0.00122
0.141312,-0.00122
0.141316,0.0
0.14132,0.0
0.141324,-0.00122
0.141328,-0.00122
0.141332,-0.00122
0.141336,0.0
0.14134,-0.00122
0.141344,-0.00122
0.141348,-0.00122
0.141352,-0.00122
0.141356,-0.00122
0.14136,-0.00122
0.141364,0.0
0.141368,-0.00122
0.141372,-0.00122
0.141376,-0.00122
0.14138,-0.00122
0.141384,-0.00122
0.141388,-0.00122
0.141392,-0.00122
0.141396,-0.00122
0.1414,-0.00122
0.141404,-0.00122
0.141408,-0.00122
0.141412,-0.00122
0.141416,-0.00122
0.14142,-0.00122
0.141424,-0.00122
0.141428,-0.00122
0.141432,-0.00122
0.141436,-0.00122
0.14144,-0.00122
0.141444,-0.00122
0.141448,-0.00122
0.141452,-0.00122
0.141456,-0.00122
0.14146,-0.00122
0.141464,-0.00122
0.141468,-0.00122
0.141472,-0.00122
0.141476,-0.00122
0.14148,0.0
0.141484,-0.00122
0.141488,-0.00122
0.141492,-0.00122
0.141496,-0.00122
0.1415,-0.00122
0.141504,-0.00122
0.141508,-0.00122
0.141512,-0.00122
0.141516,-0.00122
0.14152,-0.00244
0.141524,-0.00244
0.141528,-0.00122
0.141532,-0.00122
0.141536,-0.00122
0.14154,-0.00122
0.141544,-0.00122
0.141548,-0.00122
0.141552,-0.00122
0.141556,-0.00122
0.14156,-0.00122
0.141564,-0.00122
0.141568,-0.00122
0.141572,-0.00122
0.141576,-0.00122
0.14158,-0.00244
0.141584,-0.00122
0.141588,-0.00122
0.141592,-0.00244
0.141596,-0.00122
0.1416,-0.00122
0.141604,-0.00122
0.141608,-0.00122
0.141612,-0.00244
0.141616,-0.00244
0.14162,-0.00122
0.141624,-0.00122
0.141628,-0.00244
0.141632,-0.00122
0.141636,-0.00122
0.14164,-0.00122
0.141644,-0.00244
0.141648,-0.00244
0.141652,-0.00244
0.141656,-0.00122
0.14166,-0.00244
0.141664,-0.00244
0.141668,-0.00244
0.141672,-0.00244
0.141676,-0.00244
0.14168,-0.00122
0.141684,-0.00244
0.141688,-0.00244
0.141692,-0.00122
0.141696,-0.00122
0.1417,-0.00122
0.141704,-0.00244
0.141708,-0.00122
0.141712,-0.00244
0.141716,-0.00244
0.14172,-0.00244
0.141724,-0.00244
0.141728,-0.00244
0.141732,-0.00244
0.141736,-0.00122
0.14174,-0.00244
0.141744,-0.00244
0.141748,-0.00244
0.141752,-0.00244
0.141756,-0.00122
0.14176,-0.00244
0.141764,-0.00244
0.141768,-0.00244
0.141772,-0.00366
0.141776,-0.00244
0.14178,-0.00244
0.141784,-0.00244
0.141788,-0.00244
0.141792,-0.00244
0.141796,-0.00244
0.1418,-0.00244
0.141804,-0.00244
0.141808,-0.00244
0.141812,-0.00244
0.141816,-0.00122
0.14182,-0.00122
0.141824,-0.00244
0.141828,-0.00244
0.141832,-0.00244
0.141836,-0.00244
0.14184,-0.00244
0.141844,-0.00244
0.141848,-0.00244
0.141852,-0.00122
0.141856,-0.00122
0.14186,-0.00244
0.141864,-0.00244
0.141868,-0.00244
0.141872,-0.00244
0.141876,-0.00244
0.14188,-0.00244
0.141884,-0.00244
0.141888,-0.00244
0.141892,-0.00244
0.141896,-0.00244
0.1419,-0.00244
0.141904,-0.00244
0.141908,-0.00244
0.141912,-0.00244
0.141916,-0.00244
0.14192,-0.00244
0.141924,-0.00122
0.141928,-0.00244
0.141932,-0.00122
0.141936,-0.00244
0.14194,-0.00244
0.141944,-0.00244
0.141948,-0.00244
0.141952,-0.00122
0.141956,-0.00244
0.14196,-0.00244
0.141964,-0.00244
0.141968,-0.00122
0.141972,-0.00244
0.141976,-0.00122
0.14198,-0.00244
0.141984,-0.00244
0.141988,-0.00244
0.141992,-0.00244
0.141996,-0.00244
0.142,-0.00244
0.142004,-0.00244
0.142008,-0.00244
0.142012,-0.00244
0.142016,-0.00122
0.14202,-0.00244
0.142024,-0.00244
0.142028,-0.00244
0.142032,-0.00244
0.142036,-0.00244
0.14204,-0.00244
0.142044,-0.00244
0.142048,-0.00244
0.142052,-0.00244
0.142056,-0.00244
0.14206,-0.00244
0.142064,-0.00244
0.142068,-0.00244
0.142072,-0.00244
0.142076,-0.00244
0.14208,-0.00244
0.142084,-0.00244
0.142088,-0.00244
0.142092,-0.00244
0.142096,-0.00244
0.1421,-0.00244
0.142104,-0.00244
0.142108,-0.00122
0.142112,-0.00244
0.142116,-0.00244
0.14212,-0.00244
0.142124,-0.00244
0.142128,-0.00122
0.142132,-0.00122
0.142136,-0.00244
0.14214,-0.00244
0.142144,-0.00244
0.142148,-0.00244
0.142152,-0.00244
0.142156,-0.00244
0.14216,-0.00244
0.142164,-0.00244
0.142168,-0.00244
0.142172,-0.00244
0.142176,-0.00122
0.14218,-0.00244
0.142184,-0.00244
0.142188,-0.00244
0.142192,-0.00244
0.142196,-0.00122
0.1422,-0.00244
0.142204,-0.00244
0.142208,-0.00122
0.142212,-0.00122
0.142216,-0.00244
0.14222,-0.00122
0.142224,-0.00122
0.142228,-0.00244
0.142232,-0.00244
0.142236,-0.00244
0.14224,-0.00244
0.142244,-0.00122
0.142248,-0.00122
0.142252,-0.00122
0.142256,-0.00122
0.14226,-0.00244
0.142264,-0.00122
0.142268,-0.00122
0.142272,-0.00244
0.142276,-0.00122
0.14228,-0.00122
0.142284,-0.00122
0.142288,-0.00122
0.142292,-0.00244
0.142296,-0.00122
0.1423,-0.00244
0.142304,-0.00244
0.142308,-0.00244
0.142312,-0.00244
0.142316,-0.00244
0.14232,-0.00244
0.142324,-0.00244
0.142328,-0.00122
0.142332,-0.00122
0.142336,-0.00244
0.14234,-0.00122
0.142344,-0.00122
0.142348,-0.00122
0.142352,-0.00122
0.142356,-0.00122
0.14236,-0.00122
0.142364,-0.00244
0.142368,-0.00244
0.142372,-0.00244
0.142376,-0.00244
0.14238,-0.00122
0.142384,-0.00122
0.142388,-0.00122
0.142392,-0.00122
0.142396,-0.00244
0.1424,-0.00122
0.142404,-0.00244
0.142408,-0.00122
0.142412,-0.00122
0.142416,-0.00122
0.14242,-0.00122
0.142424,-0.00122
0.142428,-0.00122
0.142432,-0.00244
0.142436,-0.00122
0.14244,-0.00122
0.142444,-0.00122
0.142448,-0.00244
0.142452,-0.00122
0.142456,-0.00122
0.14246,-0.00122
0.142464,-0.00244
0.142468,-0.00244
0.142472,-0.00122
0.142476,-0.00122
0.14248,-0.00122
0.142484,-0.00122
0.142488,-0.00122
0.142492,-0.00244
0.142496,-0.00244
0.1425,-0.00122
0.142504,-0.00244
0.142508,-0.00244
0.142512,-0.00244
0.142516,-0.00244
0.14252,-0.00122
0.142524,-0.00244
0.142528,-0.00244
0.142532,-0.00122
0.142536,-0.00122
0.14254,-0.00244
0.142544,-0.00122
0.142548,-0.00244
0.142552,-0.00122
0.142556,-0.00122
0.14256,-0.00244
0.142564,-0.00122
0.142568,-0.00122
0.142572,-0.00122
0.142576,-0.00244
0.14258,-0.00244
0.142584,-0.00244
0.142588,-0.00244
0.142592,-0.00244
0.142596,-0.00244
0.1426,-0.00244
0.142604,-0.00244
0.142608,-0.00244
0.142612,-0.00244
0.142616,-0.00122
0.14262,-0.00244
0.142624,-0.00244
0.142628,-0.00244
0.142632,-0.00244
0.142636,-0.00244
0.14264,-0.00122
0.142644,-0.00244
0.142648,-0.00244
0.142652,-0.00244
0.142656,-0.00244
0.14266,-0.00244
0.142664,-0.00244
0.142668,-0.00244
0.142672,-0.00244
0.142676,-0.00122
0.14268,-0.00244
0.142684,-0.00244
0.142688,-0.00244
0.142692,-0.00244
0.142696,-0.00244
0.1427,-0.00122
0.142704,-0.00244
0.142708,-0.00244
0.142712,-0.00244
0.142716,-0.00122
0.14272,-0.00244
0.142724,-0.00122
0.142728,-0.00244
0.142732,-0.00244
0.142736,-0.00244
0.14274,-0.00244
0.142744,-0.00244
0.142748,-0.00122
0.142752,-0.00244
0.142756,-0.00244
0.14276,-0.00244
0.142764,-0.00244
0.142768,-0.00122
0.142772,-0.00244
0.142776,-0.00122
0.14278,-0.00244
0.142784,-0.00244
0.142788,-0.00122
0.142792,-0.00122
0.142796,-0.00244
0.1428,-0.00244
0.142804,-0.00122
0.142808,-0.00122
0.142812,-0.00122
0.142816,-0.00122
0.14282,-0.00122
0.142824,-0.00244
0.142828,-0.00244
0.142832,-0.00244
0.142836,-0.00244
0.14284,-0.00122
0.142844,-0.00122
0.142848,-0.00244
0.142852,-0.00244
0.142856,-0.00244
0.14286,-0.00244
0.142864,-0.00122
0.142868,-0.00244
0.142872,-0.00122
0.142876,-0.00244
0.14288,-0.00122
0.142884,-0.00122
0.142888,-0.00122
0.142892,-0.00122
0.142896,-0.00122
0.1429,-0.00122
0.142904,-0.00122
0.142908,-0.00122
0.142912,-0.00244
0.142916,-0.00122
0.14292,-0.00244
0.142924,-0.00122
0.142928,-0.00122
0.142932,-0.00244
0.142936,-0.00122
0.14294,-0.00122
0.142944,-0.00244
0.142948,-0.00122
0.142952,-0.00244
0.142956,-0.00122
0.14296,-0.00122
0.142964,-0.00122
0.142968,-0.00122
0.142972,-0.00122
0.142976,-0.00122
0.14298,-0.00122
0.142984,-0.00122
0.142988,-0.00244
0.142992,-0.00122
0.142996,-0.00122
0.143,-0.00122
0.143004,-0.00122
0.143008,-0.00122
0.143012,-0.00122
0.143016,-0.00122
0.14302,-0.00122
0.143024,-0.00244
0.143028,-0.00122
0.143032,-0.00122
0.143036,-0.00122
0.14304,-0.00122
0.143044,-0.00122
0.143048,-0.00122
0.143052,-0.00122
0.143056,-0.00122
0.14306,-0.00122
0.143064,-0.00122
0.143068,-0.00122
0.143072,-0.00122
0.143076,-0.00122
0.14308,-0.00122
0.143084,-0.00122
0.143088,-0.00122
0.143092,-0.00122
0.143096,-0.00122
0.1431,-0.00122
0.143104,-0.00122
0.143108,-0.00122
0.143112,-0.00122
0.143116,-0.00122
0.14312,-0.00122
0.143124,-0.00122
0.143128,-0.00122
0.143132,-0.00122
0.143136,-0.00122
0.14314,0.0
0.143144,-0.00122
0.143148,-0.00122
0.143152,-0.00122
0.143156,-0.00122
0.14316,-0.00122
0.143164,-0.00122
0.143168,-0.00122
0.143172,-0.00122
0.143176,-0.00122
0.14318,-0.00122
0.143184,-0.00122
0.143188,-0.00122
0.143192,-0.00122
0.143196,0.0
0.1432,-0.00122
0.143204,-0.00122
0.143208,-0.00122
0.143212,0.0
0.143216,-0.00122
0.14322,-0.00122
0.143224,-0.00122
0.143228,0.0
0.143232,0.0
0.143236,-0.00122
0.14324,-0.00122
0.143244,-0.00122
0.143248,-0.00122
0.143252,0.0
0.143256,0.0
0.14326,-0.00122
0.143264,-0.00122
0.143268,0.0
0.143272,-0.00122
0.143276,0.0
0.14328,0.0
0.143284,0.0
0.143288,0.0
0.143292,-0.00122
0.143296,-0.00122
0.1433,-0.00122
0.143304,0.0
0.143308,-0.00122
0.143312,0.0
0.143316,-0.00122
0.14332,-0.00122
0.143324,0.0
0.143328,0.0
0.143332,0.0
0.143336,0.0
0.14334,0.0
0.143344,-0.00122
0.143348,0.0
0.143352,0.0
0.143356,-0.00122
0.14336,-0.00122
0.143364,-0.00122
0.143368,-0.00122
0.143372,0.0
0.143376,0.0
0.14338,0.0
0.143384,-0.00122
0.143388,0.0
0.143392,0.0
0.143396,0.0
0.1434,-0.00122
0.143404,0.0
0.143408,-0.00122
0.143412,0.0
0.143416,0.0
0.14342,-0.00122
0.143424,-0.00122
0.143428,-0.00122
0.143432,0.0
0.143436,0.0
0.14344,0.0
0.143444,0.0
0.143448,0.0
0.143452,0.0
0.143456,0.0
0.14346,-0.00122
0.143464,0.0
0.143468,0.0
0.143472,0.0
0.143476,-0.00122
0.14348,-0.00122
0.143484,-0.00122
0.143488,-0.00122
0.143492,0.0
0.143496,0.0
0.1435,0.0
0.143504,-0.00122
0.143508,-0.00122
0.143512,0.0
0.143516,0.0
0.14352,0.0
0.143524,0.0
0.143528,-0.00122
0.143532,-0.00122
0.143536,0.0
0.14354,0.0
0.143544,-0.00122
0.143548,-0.00122
0.143552,0.0
0.143556,-0.00122
0.14356,0.0
0.143564,-0.00122
0.143568,-0.00122
0.143572,0.0
0.143576,0.0
0.14358,-0.00122
0.143584,-0.00122
0.143588,-0.00122
0.143592,0.0
0.143596,0.00122
0.1436,-0.00122
0.143604,-0.00122
0.143608,-0.00122
0.143612,0.0
0.143616,-0.00122
0.14362,-0.00122
0.143624,-0.00122
0.143628,-0.00122
0.143632,0.0
0.143636,0.0
0.14364,-0.00122
0.143644,-0.00122
0.143648,-0.00122
0.143652,-0.00122
0.143656,-0.00122
0.14366,0.0
0.143664,-0.00122
0.143668,-0.00122
0.143672,-0.00122
0.143676,-0.00122
0.14368,-0.00122
0.143684,-0.00122
0.143688,0.0
0.143692,-0.00122
0.143696,-0.00122
0.1437,-0.00122
0.143704,-0.00122
0.143708,-0.00122
0.143712,-0.00122
0.143716,-0.00122
0.14372,-0.00122
0.143724,0.0
0.143728,-0.00122
0.143732,-0.00122
0.143736,-0.00122
0.14374,-0.00122
0.143744,-0.00122
0.143748,-0.00122
0.143752,-0.00122
0.143756,-0.00122
0.14376,-0.00122
0.143764,-0.00122
0.143768,-0.00122
0.143772,-0.00122
0.143776,-0.00122
0.14378,-0.00122
0.143784,-0.00122
0.143788,-0.00244
0.143792,-0.00122
0.143796,-0.00122
0.1438,-0.00122
0.143804,0.0
0.143808,-0.00122
0.143812,-0.00122
0.143816,-0.00122
0.14382,-0.00122
0.143824,-0.00122
0.143828,-0.00122
0.143832,-0.00122
0.143836,-0.00122
0.14384,-0.00122
0.143844,-0.00122
0.143848,-0.00122
0.143852,-0.00122
0.143856,-0.00122
0.14386,-0.00122
0.143864,-0.00122
0.143868,-0.00122
0.143872,-0.00122
0.143876,-0.00122
0.14388,-0.00122
0.143884,-0.00122
0.143888,-0.00122
0.143892,-0.00122
0.143896,-0.00122
0.1439,-0.00122
0.143904,-0.00122
0.143908,-0.00122
0.143912,-0.00244
0.143916,-0.00122
0.14392,-0.00122
0.143924,-0.00122
0.143928,-0.00122
0.143932,-0.00244
0.143936,-0.00244
0.14394,-0.00244
0.143944,-0.00122
0.143948,-0.00122
0.143952,-0.00122
0.143956,-0.00122
0.14396,-0.00122
0.143964,-0.00122
0.143968,-0.00244
0.143972,-0.00122
0.143976,-0.00244
0.14398,-0.00122
0.143984,-0.00122
0.143988,-0.00244
0.143992,-0.00244
0.143996,-0.00122
0.144,-0.00244
0.144004,-0.00122
0.144008,-0.00122
0.144012,-0.00244
0.144016,-0.00244
0.14402,-0.00122
0.144024,-0.00244
0.144028,-0.00122
0.144032,-0.00244
0.144036,-0.00244
0.14404,-0.00244
0.144044,-0.00244
0.144048,-0.00244
0.144052,-0.00122
0.144056,-0.00122
0.14406,-0.00244
0.144064,-0.00244
0.144068,-0.00244
0.144072,-0.00244
0.144076,-0.00122
0.14408,-0.00244
0.144084,-0.00244
0.144088,-0.00122
0.144092,-0.00244
0.144096,-0.00122
0.1441,-0.00244
0.144104,-0.00244
0.144108,-0.00244
0.144112,-0.00244
0.144116,-0.00122
0.14412,-0.00366
0.144124,-0.00244
0.144128,-0.00244
0.144132,-0.00244
0.144136,-0.00244
0.14414,-0.00244
0.144144,-0.00244
0.144148,-0.00244
0.144152,-0.00244
0.144156,-0.00244
0.14416,-0.00244
0.144164,-0.00244
0.144168,-0.00244
0.144172,-0.00244
0.144176,-0.00244
0.14418,-0.00244
0.144184,-0.00244
0.144188,-0.00366
0.144192,-0.00244
0.144196,-0.00366
0.1442,-0.00244
0.144204,-0.00244
0.144208,-0.00366
0.144212,-0.00244
0.144216,-0.00244
0.14422,-0.00366
0.144224,-0.00244
0.144228,-0.00244
0.144232,-0.00244
0.144236,-0.00244
0.14424,-0.00366
0.144244,-0.00244
0.144248,-0.00244
0.144252,-0.00244
0.144256,-0.00366
0.14426,-0.00244
0.144264,-0.00244
0.144268,-0.00366
0.144272,-0.00366
0.144276,-0.00366
0.14428,-0.00366
0.144284,-0.00366
0.144288,-0.00366
0.144292,-0.00244
0.144296,-0.00366
0.1443,-0.00366
0.144304,-0.00366
0.144308,-0.00366
0.144312,-0.00366
0.144316,-0.00244
0.14432,-0.00366
0.144324,-0.00366
0.144328,-0.00366
0.144332,-0.00366
0.144336,-0.00366
0.14434,-0.00366
0.144344,-0.00366
0.144348,-0.00366
0.144352,-0.00366
0.144356,-0.00366
0.14436,-0.00366
0.144364,-0.00366
0.144368,-0.00366
0.144372,-0.00366
0.144376,-0.00366
0.14438,-0.00366
0.144384,-0.00366
0.144388,-0.00366
0.144392,-0.00366
0.144396,-0.00366
0.1444,-0.00366
0.144404,-0.00366
0.144408,-0.00366
0.144412,-0.00366
0.144416,-0.00366
0.14442,-0.00366
0.144424,-0.00366
0.144428,-0.00366
0.144432,-0.00366
0.144436,-0.00366
0.14444,-0.00366
0.144444,-0.00366
0.144448,-0.00366
0.144452,-0.00366
0.144456,-0.00366
0.14446,-0.00488
0.144464,-0.00366
0.144468,-0.00366
0.144472,-0.00366
0.144476,-0.00366
0.14448,-0.00488
0.144484,-0.00488
0.144488,-0.00366
0.144492,-0.00366
0.144496,-0.00366
0.1445,-0.00488
0.144504,-0.00488
0.144508,-0.00366
0.144512,-0.00488
0.144516,-0.00366
0.14452,-0.00488
0.144524,-0.00488
0.144528,-0.00488
0.144532,-0.00488
0.144536,-0.00488
0.14454,-0.00366
0.144544,-0.00488
0.144548,-0.00366
0.144552,-0.00488
0.144556,-0.00488
0.14456,-0.00488
0.144564,-0.00366
0.144568,-0.00488
0.144572,-0.00488
0.144576,-0.00366
0.14458,-0.00366
0.144584,-0.00488
0.144588,-0.00488
0.144592,-0.00488
0.144596,-0.00488
0.1446,-0.00488
0.144604,-0.00488
0.144608,-0.00488
0.144612,-0.00488
0.144616,-0.00488
0.14462,-0.00488
0.144624,-0.00488
0.144628,-0.00488
0.144632,-0.00488
0.144636,-0.00488
0.14464,-0.0060999999999999995
0.144644,-0.00488
0.144648,-0.00488
0.144652,-0.00488
0.144656,-0.00488
0.14466,-0.00488
0.144664,-0.00488
0.144668,-0.00488
0.144672,-0.00488
0.144676,-0.00488
0.14468,-0.0060999999999999995
0.144684,-0.00488
0.144688,-0.00488
0.144692,-0.0060999999999999995
0.144696,-0.00488
0.1447,-0.0060999999999999995
0.144704,-0.0060999999999999995
0.144708,-0.00488
0.144712,-0.00488
0.144716,-0.00488
0.14472,-0.00488
0.144724,-0.00488
0.144728,-0.00488
0.144732,-0.00488
0.144736,-0.0060999999999999995
0.14474,-0.0060999999999999995
0.144744,-0.0060999999999999995
0.144748,-0.0060999999999999995
0.144752,-0.00488
0.144756,-0.00488
0.14476,-0.00488
0.144764,-0.0060999999999999995
0.144768,-0.0060999999999999995
0.144772,-0.0060999999999999995
0.144776,-0.00488
0.14478,-0.0060999999999999995
0.144784,-0.0060999999999999995
0.144788,-0.00488
0.144792,-0.00488
0.144796,-0.0060999999999999995
0.1448,-0.0060999999999999995
0.144804,-0.0060999999999999995
0.144808,-0.0060999999999999995
0.144812,-0.0060999999999999995
0.144816,-0.0060999999999999995
0.14482,-0.0060999999999999995
0.144824,-0.0060999999999999995
0.144828,-0.0060999999999999995
0.144832,-0.0060999999999999995
0.144836,-0.0060999999999999995
0.14484,-0.0060999999999999995
0.144844,-0.0060999999999999995
0.144848,-0.0060999999999999995
0.144852,-0.00488
0.144856,-0.0060999999999999995
0.14486,-0.0060999999999999995
0.144864,-0.0060999999999999995
0.144868,-0.0060999999999999995
0.144872,-0.0060999999999999995
0.144876,-0.0060999999999999995
0.14488,-0.0060999999999999995
0.144884,-0.0060999999999999995
0.144888,-0.0060999999999999995
0.144892,-0.0060999999999999995
0.144896,-0.0060999999999999995
0.1449,-0.0060999999999999995
0.144904,-0.0060999999999999995
0.144908,-0.0060999999999999995
0.144912,-0.0060999999999999995
0.144916,-0.0060999999999999995
0.14492,-0.0060999999999999995
0.144924,-0.0060999999999999995
0.144928,-0.0060999999999999995
0.144932,-0.0060999999999999995
0.144936,-0.0060999999999999995
0.14494,-0.0060999999999999995
0.144944,-0.0060999999999999995
0.144948,-0.0060999999999999995
0.144952,-0.0060999999999999995
0.144956,-0.0060999999999999995
0.14496,-0.0060999999999999995
0.144964,-0.0060999999999999995
0.144968,-0.0060999999999999995
0.144972,-0.0060999999999999995
0.144976,-0.0060999999999999995
0.14498,-0.0060999999999999995
0.144984,-0.0060999999999999995
0.144988,-0.0060999999999999995
0.144992,-0.0060999999999999995
0.144996,-0.0060999999999999995
0.145,-0.0060999999999999995
0.145004,-0.0060999999999999995
0.145008,-0.0060999999999999995
0.145012,-0.0060999999999999995
0.145016,-0.0060999999999999995
0.14502,-0.00732
0.145024,-0.0060999999999999995
0.145028,-0.00732
0.145032,-0.0060999999999999995
0.145036,-0.0060999999999999995
0.14504,-0.0060999999999999995
0.145044,-0.0060999999999999995
0.145048,-0.0060999999999999995
0.145052,-0.0060999999999999995
0.145056,-0.00732
0.14506,-0.0060999999999999995
0.145064,-0.0060999999999999995
0.145068,-0.0060999999999999995
0.145072,-0.0060999999999999995
0.145076,-0.0060999999999999995
0.14508,-0.0060999999999999995
0.145084,-0.0060999999999999995
0.145088,-0.0060999999999999995
0.145092,-0.0060999999999999995
0.145096,-0.0060999999999999995
0.1451,-0.0060999999999999995
0.145104,-0.0060999999999999995
0.145108,-0.00732
0.145112,-0.0060999999999999995
0.145116,-0.0060999999999999995
0.14512,-0.0060999999999999995
0.145124,-0.00732
0.145128,-0.0060999999999999995
0.145132,-0.0060999999999999995
0.145136,-0.0060999999999999995
0.14514,-0.0060999999999999995
0.145144,-0.00732
0.145148,-0.0060999999999999995
0.145152,-0.0060999999999999995
0.145156,-0.0060999999999999995
0.14516,-0.0060999999999999995
0.145164,-0.0060999999999999995
0.145168,-0.0060999999999999995
0.145172,-0.00732
0.145176,-0.0060999999999999995
0.14518,-0.0060999999999999995
0.145184,-0.0060999999999999995
0.145188,-0.0060999999999999995
0.145192,-0.00732
0.145196,-0.00732
0.1452,-0.0060999999999999995
0.145204,-0.0060999999999999995
0.145208,-0.00732
0.145212,-0.0060999999999999995
0.145216,-0.0060999999999999995
0.14522,-0.0060999999999999995
0.145224,-0.00732
0.145228,-0.0060999999999999995
0.145232,-0.0060999999999999995
0.145236,-0.0060999999999999995
0.14524,-0.0060999999999999995
0.145244,-0.0060999999999999995
0.145248,-0.0060999999999999995
0.145252,-0.0060999999999999995
0.145256,-0.0060999999999999995
0.14526,-0.00732
0.145264,-0.0060999999999999995
0.145268,-0.00732
0.145272,-0.0060999999999999995
0.145276,-0.0060999999999999995
0.14528,-0.0060999999999999995
0.145284,-0.0060999999999999995
0.145288,-0.0060999999999999995
0.145292,-0.00732
0.145296,-0.0060999999999999995
0.1453,-0.0060999999999999995
0.145304,-0.0060999999999999995
0.145308,-0.0060999999999999995
0.145312,-0.0060999999999999995
0.145316,-0.0060999999999999995
0.14532,-0.00488
0.145324,-0.00732
0.145328,-0.00732
0.145332,-0.00732
0.145336,-0.0060999999999999995
0.14534,-0.0060999999999999995
0.145344,-0.0060999999999999995
0.145348,-0.0060999999999999995
0.145352,-0.0060999999999999995
0.145356,-0.0060999999999999995
0.14536,-0.0060999999999999995
0.145364,-0.0060999999999999995
0.145368,-0.0060999999999999995
0.145372,-0.0060999999999999995
0.145376,-0.0060999999999999995
0.14538,-0.0060999999999999995
0.145384,-0.0060999999999999995
0.145388,-0.0060999999999999995
0.145392,-0.0060999999999999995
0.145396,-0.0060999999999999995
0.1454,-0.0060999999999999995
0.145404,-0.0060999999999999995
0.145408,-0.0060999999999999995
0.145412,-0.0060999999999999995
0.145416,-0.0060999999999999995
0.14542,-0.0060999999999999995
0.145424,-0.0060999999999999995
0.145428,-0.0060999999999999995
0.145432,-0.0060999999999999995
0.145436,-0.0060999999999999995
0.14544,-0.0060999999999999995
0.145444,-0.00488
0.145448,-0.0060999999999999995
0.145452,-0.0060999999999999995
0.145456,-0.0060999999999999995
0.14546,-0.0060999999999999995
0.145464,-0.0060999999999999995
0.145468,-0.0060999999999999995
0.145472,-0.00488
0.145476,-0.00488
0.14548,-0.0060999999999999995
0.145484,-0.00488
0.145488,-0.00488
0.145492,-0.0060999999999999995
0.145496,-0.0060999999999999995
0.1455,-0.00488
0.145504,-0.0060999999999999995
0.145508,-0.0060999999999999995
0.145512,-0.0060999999999999995
0.145516,-0.00488
0.14552,-0.0060999999999999995
0.145524,-0.0060999999999999995
0.145528,-0.00488
0.145532,-0.00488
0.145536,-0.00488
0.14554,-0.00488
0.145544,-0.00488
0.145548,-0.0060999999999999995
0.145552,-0.00488
0.145556,-0.00488
0.14556,-0.0060999999999999995
0.145564,-0.00488
0.145568,-0.00488
0.145572,-0.00488
0.145576,-0.00488
0.14558,-0.00488
0.145584,-0.00488
0.145588,-0.00488
0.145592,-0.00488
0.145596,-0.00488
0.1456,-0.00488
0.145604,-0.00488
0.145608,-0.00488
0.145612,-0.00488
0.145616,-0.00488
0.14562,-0.00366
0.145624,-0.00488
0.145628,-0.00488
0.145632,-0.00366
0.145636,-0.00488
0.14564,-0.00366
0.145644,-0.00488
0.145648,-0.00366
0.145652,-0.00488
0.145656,-0.00488
0.14566,-0.00488
0.145664,-0.00488
0.145668,-0.0060999999999999995
0.145672,-0.00488
0.145676,-0.00488
0.14568,-0.00366
0.145684,-0.00366
0.145688,-0.00488
0.145692,-0.00366
0.145696,-0.00488
0.1457,-0.00488
0.145704,-0.00488
0.145708,-0.00488
0.145712,-0.00366
0.145716,-0.00366
0.14572,-0.00488
0.145724,-0.00488
0.145728,-0.00366
0.145732,-0.00488
0.145736,-0.00488
0.14574,-0.00488
0.145744,-0.00488
0.145748,-0.00366
0.145752,-0.00366
0.145756,-0.00366
0.14576,-0.00488
0.145764,-0.00366
0.145768,-0.00366
0.145772,-0.00366
0.145776,-0.00488
0.14578,-0.00366
0.145784,-0.00488
0.145788,-0.00366
0.145792,-0.00488
0.145796,-0.00366
0.1458,-0.00366
0.145804,-0.00366
0.145808,-0.00366
0.145812,-0.00366
0.145816,-0.00366
0.14582,-0.00366
0.145824,-0.00366
0.145828,-0.00488
0.145832,-0.00366
0.145836,-0.00366
0.14584,-0.00366
0.145844,-0.00366
0.145848,-0.00366
0.145852,-0.00366
0.145856,-0.00366
0.14586,-0.00366
0.145864,-0.00366
0.145868,-0.00488
0.145872,-0.00366
0.145876,-0.00366
0.14588,-0.00366
0.145884,-0.00366
0.145888,-0.00366
0.145892,-0.00366
0.145896,-0.00366
0.1459,-0.00366
0.145904,-0.00366
0.145908,-0.00366
0.145912,-0.00244
0.145916,-0.00366
0.14592,-0.00366
0.145924,-0.00366
0.145928,-0.00244
0.145932,-0.00366
0.145936,-0.00366
0.14594,-0.00244
0.145944,-0.00366
0.145948,-0.00366
0.145952,-0.00244
0.145956,-0.00244
0.14596,-0.00244
0.145964,-0.00244
0.145968,-0.00244
0.145972,-0.00366
0.145976,-0.00366
0.14598,-0.00244
0.145984,-0.00244
0.145988,-0.00366
0.145992,-0.00244
0.145996,-0.00244
0.146,-0.00244
0.146004,-0.00244
0.146008,-0.00244
0.146012,-0.00244
0.146016,-0.00244
0.14602,-0.00244
0.146024,-0.00244
0.146028,-0.00244
0.146032,-0.00244
0.146036,-0.00244
0.14604,-0.00244
0.146044,-0.00366
0.146048,-0.00244
0.146052,-0.00244
0.146056,-0.00366
0.14606,-0.00366
0.146064,-0.00244
0.146068,-0.00244
0.146072,-0.00244
0.146076,-0.00244
0.14608,-0.00244
0.146084,-0.00244
0.146088,-0.00244
0.146092,-0.00244
0.146096,-0.00244
0.1461,-0.00122
0.146104,-0.00122
0.146108,-0.00244
0.146112,-0.00122
0.146116,-0.00122
0.14612,-0.00122
0.146124,-0.00244
0.146128,-0.00122
0.146132,-0.00122
0.146136,-0.00122
0.14614,-0.00244
0.146144,-0.00244
0.146148,-0.00244
0.146152,-0.00122
0.146156,-0.00122
0.14616,-0.00244
0.146164,-0.00122
0.146168,-0.00122
0.146172,-0.00122
0.146176,-0.00122
0.14618,-0.00122
0.146184,-0.00122
0.146188,-0.00122
0.146192,-0.00122
0.146196,-0.00244
0.1462,-0.00122
0.146204,-0.00122
0.146208,-0.00244
0.146212,-0.00122
0.146216,-0.00122
0.14622,-0.00122
0.146224,-0.00122
0.146228,-0.00122
0.146232,-0.00122
0.146236,-0.00122
0.14624,-0.00122
0.146244,-0.00122
0.146248,-0.00122
0.146252,-0.00122
0.146256,-0.00122
0.14626,-0.00122
0.146264,-0.00122
0.146268,-0.00122
0.146272,-0.00122
0.146276,-0.00122
0.14628,-0.00122
0.146284,-0.00122
0.146288,-0.00122
0.146292,-0.00122
0.146296,-0.00122
0.1463,-0.00122
0.146304,-0.00122
0.146308,-0.00122
0.146312,-0.00122
0.146316,-0.00122
0.14632,0.0
0.146324,-0.00122
0.146328,-0.00122
0.146332,-0.00122
0.146336,-0.00122
0.14634,0.0
0.146344,-0.00122
0.146348,-0.00122
0.146352,0.0
0.146356,0.0
0.14636,0.0
0.146364,0.0
0.146368,0.0
0.146372,-0.00122
0.146376,0.0
0.14638,0.0
0.146384,0.0
0.146388,-0.00122
0.146392,0.0
0.146396,-0.00122
0.1464,0.0
0.146404,-0.00122
0.146408,0.0
0.146412,-0.00122
0.146416,0.0
0.14642,0.0
0.146424,0.0
0.146428,0.0
0.146432,0.0
0.146436,0.0
0.14644,0.0
0.146444,0.0
0.146448,0.0
0.146452,0.0
0.146456,0.0
0.14646,0.00122
0.146464,0.0
0.146468,0.0
0.146472,0.00122
0.146476,0.0
0.14648,0.00122
0.146484,0.0
0.146488,0.00122
0.146492,0.0
0.146496,0.0
0.1465,0.00122
0.146504,0.00122
0.146508,0.00122
0.146512,0.00122
0.146516,0.0
0.14652,0.00122
0.146524,0.0
0.146528,0.0
0.146532,0.00122
0.146536,0.0
0.14654,0.0
0.146544,0.0
0.146548,0.0
0.146552,0.00122
0.146556,0.0
0.14656,0.00122
0.146564,0.0
0.146568,0.0
0.146572,0.0
0.146576,0.00122
0.14658,0.0
0.146584,0.0
0.146588,0.00122
0.146592,0.0
0.146596,0.0
0.1466,0.0
0.146604,0.00122
0.146608,0.00122
0.146612,0.00122
0.146616,0.0
0.14662,0.00122
0.146624,0.0
0.146628,0.00122
0.146632,0.00122
0.146636,0.0
0.14664,0.0
0.146644,0.00122
0.146648,0.00122
0.146652,0.0
0.146656,0.00122
0.14666,0.00122
0.146664,0.00122
0.146668,0.00122
0.146672,0.00122
0.146676,0.00122
0.14668,0.00122
0.146684,0.00122
0.146688,0.00122
0.146692,0.0
0.146696,0.0
0.1467,0.0
0.146704,0.00122
0.146708,0.00122
0.146712,0.0
0.146716,0.00122
0.14672,0.00122
0.146724,0.0
0.146728,0.00122
0.146732,0.00122
0.146736,0.0
0.14674,0.00122
0.146744,0.0
0.146748,0.00122
0.146752,0.00122
0.146756,0.00122
0.14676,0.00122
0.146764,0.00122
0.146768,0.00122
0.146772,0.00122
0.146776,0.0
0.14678,0.0
0.146784,0.00122
0.146788,0.00122
0.146792,0.0
0.146796,0.00122
0.1468,0.00122
0.146804,0.0
0.146808,0.00122
0.146812,0.00122
0.146816,0.00122
0.14682,0.00122
0.146824,0.0
0.146828,0.00122
0.146832,0.00122
0.146836,0.00122
0.14684,0.0
0.146844,0.00122
0.146848,0.0
0.146852,0.0
0.146856,0.0
0.14686,0.00122
0.146864,0.00122
0.146868,0.00122
0.146872,0.00122
0.146876,0.00122
0.14688,0.00122
0.146884,0.00122
0.146888,0.00122
0.146892,0.0
0.146896,0.00122
0.1469,0.00122
0.146904,0.00122
0.146908,0.00122
0.146912,0.00122
0.146916,0.00122
0.14692,0.00122
0.146924,0.00122
0.146928,0.00122
0.146932,0.00122
0.146936,0.00122
0.14694,0.00122
0.146944,0.0
0.146948,0.00122
0.146952,0.00122
0.146956,0.00122
0.14696,0.0
0.146964,0.00122
0.146968,0.0
0.146972,0.00122
0.146976,0.00122
0.14698,0.0
0.146984,0.00122
0.146988,0.00122
0.146992,0.00122
0.146996,0.00122
0.147,0.00122
0.147004,0.00122
0.147008,0.00122
0.147012,0.00122
0.147016,0.00122
0.14702,0.00122
0.147024,0.00122
0.147028,0.00122
0.147032,0.00122
0.147036,0.00122
0.14704,0.00122
0.147044,0.00122
0.147048,0.00122
0.147052,0.00122
0.147056,0.00122
0.14706,0.00122
0.147064,0.00122
0.147068,0.00122
0.147072,0.0
0.147076,0.00122
0.14708,0.0
0.147084,0.00122
0.147088,0.0
0.147092,0.00122
0.147096,0.00122
0.1471,0.0
0.147104,0.00122
0.147108,0.00122
0.147112,0.00122
0.147116,0.00122
0.14712,0.00122
0.147124,0.0
0.147128,0.0
0.147132,0.0
0.147136,0.0
0.14714,0.00122
0.147144,0.0
0.147148,0.0
0.147152,0.0
0.147156,0.00122
0.14716,0.00122
0.147164,0.0
0.147168,0.0
0.147172,0.0
0.147176,0.00122
0.14718,0.0
0.147184,0.0
0.147188,0.0
0.147192,0.00122
0.147196,0.0
0.1472,0.00122
0.147204,0.0
0.147208,0.0
0.147212,0.0
0.147216,0.0
0.14722,0.00122
0.147224,0.0
0.147228,0.00122
0.147232,0.00122
0.147236,0.0
0.14724,0.00122
0.147244,0.0
0.147248,0.0
0.147252,0.0
0.147256,0.0
0.14726,0.0
0.147264,0.0
0.147268,0.0
0.147272,0.0
0.147276,0.00122
0.14728,0.0
0.147284,0.0
0.147288,0.00122
0.147292,-0.00122
0.147296,0.00122
0.1473,0.0
0.147304,0.0
0.147308,0.0
0.147312,0.0
0.147316,0.0
0.14732,0.0
0.147324,0.0
0.147328,0.0
0.147332,0.0
0.147336,0.0
0.14734,0.0
0.147344,0.0
0.147348,0.0
0.147352,0.00122
0.147356,-0.00122
0.14736,0.0
0.147364,0.0
0.147368,0.0
0.147372,0.0
0.147376,-0.00122
0.14738,0.0
0.147384,0.0
0.147388,0.00122
0.147392,0.0
0.147396,0.00122
0.1474,0.0
0.147404,0.0
0.147408,0.00122
0.147412,-0.00122
0.147416,0.0
0.14742,0.0
0.147424,0.0
0.147428,0.0
0.147432,0.0
0.147436,0.0
0.14744,0.0
0.147444,0.0
0.147448,0.0
0.147452,0.00122
0.147456,-0.00122
0.14746,-0.00122
0.147464,0.0
0.147468,-0.00122
0.147472,-0.00122
0.147476,0.0
0.14748,0.0
0.147484,-0.00122
0.147488,-0.00122
0.147492,0.0
0.147496,-0.00122
0.1475,-0.00122
0.147504,-0.00122
0.147508,-0.00122
0.147512,-0.00122
0.147516,0.0
0.14752,-0.00122
0.147524,0.0
0.147528,-0.00122
0.147532,0.0
0.147536,0.0
0.14754,-0.00122
0.147544,-0.00122
0.147548,-0.00122
0.147552,0.0
0.147556,-0.00122
0.14756,-0.00122
0.147564,-0.00122
0.147568,-0.00122
0.147572,-0.00122
0.147576,-0.00122
0.14758,-0.00122
0.147584,-0.00122
0.147588,-0.00122
0.147592,-0.00122
0.147596,-0.00122
0.1476,-0.00122
0.147604,-0.00122
0.147608,-0.00122
0.147612,-0.00122
0.147616,-0.00122
0.14762,-0.00122
0.147624,-0.00122
0.147628,-0.00244
0.147632,-0.00122
0.147636,-0.00122
0.14764,-0.00122
0.147644,-0.00122
0.147648,-0.00122
0.147652,-0.00122
0.147656,-0.00122
0.14766,-0.00122
0.147664,-0.00122
0.147668,-0.00122
0.147672,-0.00122
0.147676,-0.00122
0.14768,-0.00122
0.147684,-0.00122
0.147688,-0.00122
0.147692,-0.00122
0.147696,-0.00122
0.1477,-0.00122
0.147704,-0.00122
0.147708,-0.00244
0.147712,-0.00122
0.147716,-0.00122
0.14772,-0.00122
0.147724,-0.00122
0.147728,-0.00122
0.147732,-0.00244
0.147736,-0.00122
0.14774,-0.00244
0.147744,-0.00122
0.147748,-0.00122
0.147752,-0.00122
0.147756,-0.00122
0.14776,-0.00122
0.147764,-0.00122
0.147768,-0.00244
0.147772,-0.00122
0.147776,-0.00122
0.14778,-0.00122
0.147784,-0.00122
0.147788,-0.00244
0.147792,-0.00244
0.147796,-0.00244
0.1478,-0.00244
0.147804,-0.00244
0.147808,-0.00122
0.147812,-0.00244
0.147816,-0.00122
0.14782,-0.00244
0.147824,-0.00122
0.147828,-0.00244
0.147832,-0.00122
0.147836,-0.00244
0.14784,-0.00244
0.147844,-0.00244
0.147848,-0.00122
0.147852,-0.00122
0.147856,-0.00244
0.14786,-0.00244
0.147864,-0.00244
0.147868,-0.00244
0.147872,-0.00244
0.147876,-0.00244
0.14788,-0.00244
0.147884,-0.00122
0.147888,-0.00122
0.147892,-0.00244
0.147896,-0.00244
0.1479,-0.00244
0.147904,-0.00244
0.147908,-0.00244
0.147912,-0.00244
0.147916,-0.00244
0.14792,-0.00244
0.147924,-0.00244
0.147928,-0.00122
0.147932,-0.00244
0.147936,-0.00244
0.14794,-0.00244
0.147944,-0.00244
0.147948,-0.00122
0.147952,-0.00244
0.147956,-0.00244
0.14796,-0.00244
0.147964,-0.00244
0.147968,-0.00244
0.147972,-0.00244
0.147976,-0.00244
0.14798,-0.00244
0.147984,-0.00244
0.147988,-0.00244
0.147992,-0.00244
0.147996,-0.00244
0.148,-0.00122
0.148004,-0.00244
0.148008,-0.00244
0.148012,-0.00244
0.148016,-0.00122
0.14802,-0.00244
0.148024,-0.00244
0.148028,-0.00244
0.148032,-0.00244
0.148036,-0.00244
0.14804,-0.00122
0.148044,-0.00244
0.148048,-0.00244
0.148052,-0.00244
0.148056,-0.00244
0.14806,-0.00244
0.148064,-0.00244
0.148068,-0.00244
0.148072,-0.00244
0.148076,-0.00244
0.14808,-0.00244
0.148084,-0.00244
0.148088,-0.00244
0.148092,-0.00122
0.148096,-0.00122
0.1481,-0.00244
0.148104,-0.00244
0.148108,-0.00244
0.148112,-0.00244
0.148116,-0.00244
0.14812,-0.00244
0.148124,-0.00244
0.148128,-0.00122
0.148132,-0.00244
0.148136,-0.00244
0.14814,-0.00244
0.148144,-0.00122
0.148148,-0.00244
0.148152,-0.00122
0.148156,-0.00244
0.14816,-0.00122
0.148164,-0.00244
0.148168,-0.00244
0.148172,-0.00244
0.148176,-0.00244
0.14818,-0.00244
0.148184,-0.00244
0.148188,-0.00244
0.148192,-0.00244
0.148196,-0.00244
0.1482,-0.00244
0.148204,-0.00244
0.148208,-0.00244
0.148212,-0.00244
0.148216,-0.00122
0.14822,-0.00244
0.148224,-0.00244
0.148228,-0.00244
0.148232,-0.00244
0.148236,-0.00244
0.14824,-0.00244
0.148244,-0.00244
0.148248,-0.00244
0.148252,-0.00244
0.148256,-0.00244
0.14826,-0.00244
0.148264,-0.00244
0.148268,-0.00244
0.148272,-0.00244
0.148276,-0.00122
0.14828,-0.00244
0.148284,-0.00244
0.148288,-0.00244
0.148292,-0.00244
0.148296,-0.00244
0.1483,-0.00366
0.148304,-0.00366
0.148308,-0.00244
0.148312,-0.00244
0.148316,-0.00244
0.14832,-0.00244
0.148324,-0.00244
0.148328,-0.00244
0.148332,-0.00244
0.148336,-0.00244
0.14834,-0.00244
0.148344,-0.00122
0.148348,-0.00244
0.148352,-0.00244
0.148356,-0.00244
0.14836,-0.00244
0.148364,-0.00244
0.148368,-0.00244
0.148372,-0.00244
0.148376,-0.00244
0.14838,-0.00122
0.148384,-0.00244
0.148388,-0.00244
0.148392,-0.00244
0.148396,-0.00244
0.1484,-0.00244
0.148404,-0.00244
0.148408,-0.00244
0.148412,-0.00244
0.148416,-0.00244
0.14842,-0.00244
0.148424,-0.00244
0.148428,-0.00244
0.148432,-0.00244
0.148436,-0.00244
0.14844,-0.00244
0.148444,-0.00244
0.148448,-0.00244
0.148452,-0.00244
0.148456,-0.00244
0.14846,-0.00244
0.148464,-0.00244
0.148468,-0.00244
0.148472,-0.00244
0.148476,-0.00244
0.14848,-0.00122
0.148484,-0.00244
0.148488,-0.00244
0.148492,-0.00244
0.148496,-0.00244
0.1485,-0.00244
0.148504,-0.00244
0.148508,-0.00122
0.148512,-0.00244
0.148516,-0.00244
0.14852,-0.00244
0.148524,-0.00244
0.148528,-0.00244
0.148532,-0.00244
0.148536,-0.00244
0.14854,-0.00122
0.148544,-0.00244
0.148548,-0.00244
0.148552,-0.00122
0.148556,-0.00122
0.14856,-0.00244
0.148564,-0.00122
0.148568,-0.00244
0.148572,-0.00122
0.148576,-0.00244
0.14858,-0.00244
0.148584,-0.00244
0.148588,-0.00122
0.148592,-0.00244
0.148596,-0.00122
0.1486,-0.00244
0.148604,-0.00244
0.148608,-0.00244
0.148612,-0.00244
0.148616,-0.00122
0.14862,-0.00244
0.148624,-0.00122
0.148628,-0.00122
0.148632,-0.00244
0.148636,-0.00122
0.14864,-0.00122
0.148644,-0.00366
0.148648,-0.00244
0.148652,-0.00122
0.148656,-0.00122
0.14866,-0.00244
0.148664,-0.00244
0.148668,-0.00122
0.148672,-0.00122
0.148676,-0.00122
0.14868,-0.00122
0.148684,-0.00244
0.148688,-0.00122
0.148692,-0.00122
0.148696,-0.00244
0.1487,-0.00122
0.148704,-0.00244
0.148708,-0.00244
0.148712,-0.00244
0.148716,-0.00244
0.14872,-0.00244
0.148724,-0.00122
0.148728,-0.00122
0.148732,-0.00244
0.148736,-0.00244
0.14874,-0.00244
0.148744,-0.00122
0.148748,-0.00122
0.148752,-0.00122
0.148756,-0.00122
0.14876,-0.00122
0.148764,-0.00122
0.148768,-0.00244
0.148772,-0.00122
0.148776,-0.00122
0.14878,-0.00122
0.148784,-0.00122
0.148788,-0.00122
0.148792,-0.00122
0.148796,-0.00122
0.1488,-0.00122
0.148804,-0.00122
0.148808,-0.00122
0.148812,-0.00122
0.148816,-0.00122
0.14882,-0.00122
0.148824,-0.00122
0.148828,-0.00122
0.148832,-0.00122
0.148836,-0.00122
0.14884,-0.00122
0.148844,-0.00122
0.148848,-0.00122
0.148852,-0.00122
0.148856,-0.00122
0.14886,-0.00122
0.148864,-0.00122
0.148868,-0.00122
0.148872,-0.00244
0.148876,-0.00122
0.14888,-0.00122
0.148884,-0.00122
0.148888,-0.00122
0.148892,-0.00122
0.148896,-0.00122
0.1489,-0.00122
0.148904,-0.00122
0.148908,-0.00244
0.148912,-0.00122
0.148916,-0.00122
0.14892,-0.00122
0.148924,-0.00122
0.148928,-0.00122
0.148932,-0.00122
0.148936,-0.00122
0.14894,-0.00122
0.148944,-0.00122
0.148948,-0.00122
0.148952,-0.00122
0.148956,-0.00122
0.14896,-0.00122
0.148964,-0.00122
0.148968,-0.00122
0.148972,-0.00122
0.148976,-0.00122
0.14898,-0.00122
0.148984,-0.00122
0.148988,-0.00122
0.148992,-0.00122
0.148996,-0.00122
0.149,-0.00122
0.149004,-0.00122
0.149008,-0.00122
0.149012,-0.00122
0.149016,-0.00122
0.14902,-0.00122
0.149024,-0.00122
0.149028,-0.00122
0.149032,-0.00122
0.149036,-0.00122
0.14904,-0.00122
0.149044,-0.00122
0.149048,-0.00122
0.149052,-0.00122
0.149056,-0.00122
0.14906,-0.00122
0.149064,-0.00122
0.149068,-0.00122
0.149072,-0.00122
0.149076,-0.00122
0.14908,-0.00122
0.149084,-0.00122
0.149088,-0.00122
0.149092,-0.00122
0.149096,-0.00122
0.1491,-0.00122
0.149104,-0.00122
0.149108,-0.00122
0.149112,-0.00122
0.149116,-0.00122
0.14912,-0.00122
0.149124,-0.00122
0.149128,-0.00122
0.149132,-0.00122
0.149136,-0.00122
0.14914,-0.00122
0.149144,-0.00122
0.149148,-0.00122
0.149152,-0.00122
0.149156,-0.00122
0.14916,-0.00122
0.149164,-0.00122
0.149168,-0.00122
0.149172,-0.00122
0.149176,-0.00122
0.14918,-0.00122
0.149184,-0.00122
0.149188,-0.00122
0.149192,-0.00122
0.149196,-0.00122
0.1492,-0.00122
0.149204,-0.00122
0.149208,-0.00122
0.149212,-0.00122
0.149216,-0.00122
0.14922,-0.00122
0.149224,-0.00122
0.149228,-0.00122
0.149232,-0.00122
0.149236,-0.00122
0.14924,-0.00122
0.149244,-0.00122
0.149248,-0.00122
0.149252,-0.00122
0.149256,-0.00244
0.14926,-0.00122
0.149264,-0.00122
0.149268,-0.00244
0.149272,-0.00122
0.149276,-0.00122
0.14928,-0.00122
0.149284,-0.00122
0.149288,-0.00122
0.149292,-0.00122
0.149296,-0.00122
0.1493,-0.00122
0.149304,-0.00122
0.149308,-0.00244
0.149312,-0.00122
0.149316,-0.00122
0.14932,-0.00122
0.149324,-0.00122
0.149328,-0.00122
0.149332,-0.00122
0.149336,-0.00122
0.14934,-0.00122
0.149344,-0.00122
0.149348,-0.00122
0.149352,-0.00122
0.149356,-0.00122
0.14936,-0.00244
0.149364,-0.00122
0.149368,-0.00122
0.149372,-0.00122
0.149376,-0.00244
0.14938,-0.00122
0.149384,-0.00244
0.149388,-0.00122
0.149392,-0.00122
0.149396,-0.00122
0.1494,-0.00244
0.149404,-0.00122
0.149408,-0.00244
0.149412,-0.00122
0.149416,-0.00244
0.14942,-0.00244
0.149424,-0.00122
0.149428,-0.00122
0.149432,-0.00244
0.149436,-0.00244
0.14944,-0.00122
0.149444,-0.00122
0.149448,-0.00122
0.149452,-0.00244
0.149456,-0.00122
0.14946,-0.00244
0.149464,-0.00244
0.149468,-0.00122
0.149472,-0.00244
0.149476,-0.00122
0.14948,-0.00244
0.149484,-0.00244
0.149488,-0.00244
0.149492,-0.00244
0.149496,-0.00122
0.1495,-0.00122
0.149504,-0.00122
0.149508,-0.00244
0.149512,-0.00122
0.149516,-0.00244
0.14952,-0.00122
0.149524,-0.00244
0.149528,-0.00244
0.149532,-0.00244
0.149536,-0.00244
0.14954,-0.00244
0.149544,-0.00122
0.149548,-0.00244
0.149552,-0.00244
0.149556,-0.00244
0.14956,-0.00244
0.149564,-0.00244
0.149568,-0.00244
0.149572,-0.00122
0.149576,-0.00244
0.14958,-0.00244
0.149584,-0.00244
0.149588,-0.00244
0.149592,-0.00244
0.149596,-0.00244
0.1496,-0.00244
0.149604,-0.00244
0.149608,-0.00244
0.149612,-0.00244
0.149616,-0.00244
0.14962,-0.00244
0.149624,-0.00122
0.149628,-0.00122
0.149632,-0.00244
0.149636,-0.00244
0.14964,-0.00244
0.149644,-0.00244
0.149648,-0.00244
0.149652,-0.00244
0.149656,-0.00244
0.14966,-0.00244
0.149664,-0.00366
0.149668,-0.00244
0.149672,-0.00244
0.149676,-0.00244
0.14968,-0.00244
0.149684,-0.00244
0.149688,-0.00244
0.149692,-0.00122
0.149696,-0.00244
0.1497,-0.00244
0.149704,-0.00244
0.149708,-0.00244
0.149712,-0.00244
0.149716,-0.00244
0.14972,-0.00244
0.149724,-0.00244
0.149728,-0.00244
0.149732,-0.00244
0.149736,-0.00244
0.14974,-0.00244
0.149744,-0.00244
0.149748,-0.00244
0.149752,-0.00244
0.149756,-0.00244
0.14976,-0.00244
0.149764,-0.00122
0.149768,-0.00244
0.149772,-0.00244
0.149776,-0.00244
0.14978,-0.00244
0.149784,-0.00244
0.149788,-0.00244
0.149792,-0.00244
0.149796,-0.00244
0.1498,-0.00244
0.149804,-0.00366
0.149808,-0.00244
0.149812,-0.00244
0.149816,-0.00244
0.14982,-0.00244
0.149824,-0.00244
0.149828,-0.00244
0.149832,-0.00244
0.149836,-0.00244
0.14984,-0.00244
0.149844,-0.00244
0.149848,-0.00366
0.149852,-0.00366
0.149856,-0.00244
0.14986,-0.00244
0.149864,-0.00244
0.149868,-0.00244
0.149872,-0.00244
0.149876,-0.00366
0.14988,-0.00244
0.149884,-0.00244
0.149888,-0.00244
0.149892,-0.00244
0.149896,-0.00366
0.1499,-0.00244
0.149904,-0.00244
0.149908,-0.00366
0.149912,-0.00244
0.149916,-0.00244
0.14992,-0.00244
0.149924,-0.00244
0.149928,-0.00244
0.149932,-0.00366
0.149936,-0.00244
0.14994,-0.00366
0.149944,-0.00366
0.149948,-0.00244
0.149952,-0.00366
0.149956,-0.00244
0.14996,-0.00366
0.149964,-0.00366
0.149968,-0.00244
0.149972,-0.00366
0.149976,-0.00244
0.14998,-0.00366
0.149984,-0.00366
0.149988,-0.00366
0.149992,-0.00366
0.149996,-0.00366
0.15,-0.00244
0.150004,-0.00366
0.150008,-0.00366
0.150012,-0.00244
0.150016,-0.00244
0.15002,-0.00366
0.150024,-0.00366
0.150028,-0.00244
0.150032,-0.00366
0.150036,-0.00244
0.15004,-0.00366
0.150044,-0.00366
0.150048,-0.00366
0.150052,-0.00366
0.150056,-0.00366
0.15006,-0.00366
0.150064,-0.00244
0.150068,-0.00366
0.150072,-0.00366
0.150076,-0.00366
0.15008,-0.00244
0.150084,-0.00244
0.150088,-0.00366
0.150092,-0.00366
0.150096,-0.00244
0.1501,-0.00366
0.150104,-0.00244
0.150108,-0.00366
0.150112,-0.00244
0.150116,-0.00244
0.15012,-0.00244
0.150124,-0.00244
0.150128,-0.00244
0.150132,-0.00366
0.150136,-0.00244
0.15014,-0.00366
0.150144,-0.00366
0.150148,-0.00366
0.150152,-0.00366
0.150156,-0.00366
0.15016,-0.00366
0.150164,-0.00366
0.150168,-0.00366
0.150172,-0.00244
0.150176,-0.00366
0.15018,-0.00366
0.150184,-0.00366
0.150188,-0.00366
0.150192,-0.00366
0.150196,-0.00366
0.1502,-0.00366
0.150204,-0.00366
0.150208,-0.00366
0.150212,-0.00244
0.150216,-0.00366
0.15022,-0.00366
0.150224,-0.00244
0.150228,-0.00366
0.150232,-0.00366
0.150236,-0.00366
0.15024,-0.00366
0.150244,-0.00366
0.150248,-0.00366
0.150252,-0.00366
0.150256,-0.00366
0.15026,-0.00366
0.150264,-0.00366
0.150268,-0.00366
0.150272,-0.00488
0.150276,-0.00244
0.15028,-0.00366
0.150284,-0.00366
0.150288,-0.00366
0.150292,-0.00366
0.150296,-0.00366
0.1503,-0.00366
0.150304,-0.00366
0.150308,-0.00366
0.150312,-0.00244
0.150316,-0.00366
0.15032,-0.00366
0.150324,-0.00366
0.150328,-0.00366
0.150332,-0.00366
0.150336,-0.00366
0.15034,-0.00244
0.150344,-0.00244
0.150348,-0.00366
0.150352,-0.00366
0.150356,-0.00366
0.15036,-0.00366
0.150364,-0.00244
0.150368,-0.00366
0.150372,-0.00366
0.150376,-0.00366
0.15038,-0.00366
0.150384,-0.00366
0.150388,-0.00244
0.150392,-0.00366
0.150396,-0.00366
0.1504,-0.00366
0.150404,-0.00244
0.150408,-0.00366
0.150412,-0.00366
0.150416,-0.00366
0.15042,-0.00244
0.150424,-0.00366
0.150428,-0.00244
0.150432,-0.00366
0.150436,-0.00244
0.15044,-0.00366
0.150444,-0.00244
0.150448,-0.00244
0.150452,-0.00244
0.150456,-0.00366
0.15046,-0.00244
0.150464,-0.00244
0.150468,-0.00366
0.150472,-0.00244
0.150476,-0.00244
0.15048,-0.00244
0.150484,-0.00244
0.150488,-0.00244
0.150492,-0.00244
0.150496,-0.00244
0.1505,-0.00244
0.150504,-0.00244
0.150508,-0.00244
0.150512,-0.00244
0.150516,-0.00122
0.15052,-0.00244
0.150524,-0.00244
0.150528,-0.00244
0.150532,-0.00244
0.150536,-0.00244
0.15054,-0.00244
0.150544,-0.00366
0.150548,-0.00244
0.150552,-0.00244
0.150556,-0.00244
0.15056,-0.00244
0.150564,-0.00244
0.150568,-0.00244
0.150572,-0.00122
0.150576,-0.00122
0.15058,-0.00244
0.150584,-0.00244
0.150588,-0.00122
0.150592,-0.00122
0.150596,-0.00122
0.1506,-0.00122
0.150604,-0.00122
0.150608,-0.00122
0.150612,-0.00122
0.150616,-0.00122
0.15062,-0.00122
0.150624,-0.00122
0.150628,-0.00122
0.150632,-0.00122
0.150636,-0.00122
0.15064,-0.00122
0.150644,-0.00122
0.150648,-0.00122
0.150652,-0.00122
0.150656,-0.00122
0.15066,-0.00122
0.150664,-0.00122
0.150668,-0.00122
0.150672,-0.00122
0.150676,-0.00122
0.15068,-0.00122
0.150684,0.0
0.150688,-0.00122
0.150692,0.0
0.150696,0.0
0.1507,0.0
0.150704,0.00122
0.150708,0.0
0.150712,0.0
0.150716,0.0
0.15072,0.0
0.150724,0.0
0.150728,0.00122
0.150732,0.0
0.150736,0.00122
0.15074,0.0
0.150744,0.0
0.150748,0.0
0.150752,0.00122
0.150756,0.0
0.15076,0.0
0.150764,0.0
0.150768,0.0
0.150772,0.00122
0.150776,0.00122
0.15078,0.0
0.150784,0.00122
0.150788,0.00122
0.150792,0.00122
0.150796,0.00122
0.1508,0.00122
0.150804,0.00122
0.150808,0.00122
0.150812,0.00122
0.150816,0.00122
0.15082,0.00122
0.150824,0.00122
0.150828,0.00122
0.150832,0.00244
0.150836,0.00122
0.15084,0.00122
0.150844,0.00122
0.150848,0.00122
0.150852,0.00122
0.150856,0.00122
0.15086,0.00122
0.150864,0.00122
0.150868,0.00244
0.150872,0.00244
0.150876,0.00244
0.15088,0.00244
0.150884,0.00122
0.150888,0.00244
0.150892,0.00244
0.150896,0.00244
0.1509,0.00122
0.150904,0.00244
0.150908,0.00244
0.150912,0.00244
0.150916,0.00244
0.15092,0.00244
0.150924,0.00244
0.150928,0.00244
0.150932,0.00244
0.150936,0.00244
0.15094,0.00244
0.150944,0.00244
0.150948,0.00244
0.150952,0.00244
0.150956,0.00244
0.15096,0.00366
0.150964,0.00244
0.150968,0.00244
0.150972,0.00244
0.150976,0.00366
0.15098,0.00244
0.150984,0.00366
0.150988,0.00244
0.150992,0.00366
0.150996,0.00366
0.151,0.00366
0.151004,0.00366
0.151008,0.00366
0.151012,0.00366
0.151016,0.00488
0.15102,0.00366
0.151024,0.00488
0.151028,0.00366
0.151032,0.00366
0.151036,0.00366
0.15104,0.00366
0.151044,0.00488
0.151048,0.00366
0.151052,0.00366
0.151056,0.00366
0.15106,0.00366
0.151064,0.00488
0.151068,0.00488
0.151072,0.00488
0.151076,0.00366
0.15108,0.00366
0.151084,0.00366
0.151088,0.00488
0.151092,0.00488
0.151096,0.00488
0.1511,0.0060999999999999995
0.151104,0.00488
0.151108,0.00366
0.151112,0.00488
0.151116,0.00488
0.15112,0.00488
0.151124,0.00488
0.151128,0.00488
0.151132,0.00488
0.151136,0.00488
0.15114,0.00488
0.151144,0.00488
0.151148,0.00488
0.151152,0.00488
0.151156,0.00488
0.15116,0.0060999999999999995
0.151164,0.00488
0.151168,0.00488
0.151172,0.00488
0.151176,0.0060999999999999995
0.15118,0.0060999999999999995
0.151184,0.00488
0.151188,0.0060999999999999995
0.151192,0.0060999999999999995
0.151196,0.00488
0.1512,0.0060999999999999995
0.151204,0.0060999999999999995
0.151208,0.0060999999999999995
0.151212,0.0060999999999999995
0.151216,0.0060999999999999995
0.15122,0.0060999999999999995
0.151224,0.0060999999999999995
0.151228,0.00732
0.151232,0.0060999999999999995
0.151236,0.0060999999999999995
0.15124,0.0060999999999999995
0.151244,0.0060999999999999995
0.151248,0.00732
0.151252,0.00732
0.151256,0.0060999999999999995
0.15126,0.00732
0.151264,0.00732
0.151268,0.00732
0.151272,0.00732
0.151276,0.0060999999999999995
0.15128,0.0060999999999999995
0.151284,0.00732
0.151288,0.0060999999999999995
0.151292,0.0060999999999999995
0.151296,0.00732
0.1513,0.00732
0.151304,0.00732
0.151308,0.0060999999999999995
0.151312,0.00732
0.151316,0.0060999999999999995
0.15132,0.00732
0.151324,0.00732
0.151328,0.00732
0.151332,0.008539999999999999
0.151336,0.00732
0.15134,0.00732
0.151344,0.00732
0.151348,0.00732
0.151352,0.00732
0.151356,0.00732
0.15136,0.00732
0.151364,0.00732
0.151368,0.00732
0.151372,0.00732
0.151376,0.00732
0.15138,0.00732
0.151384,0.00732
0.151388,0.00732
0.151392,0.008539999999999999
0.151396,0.00732
0.1514,0.00732
0.151404,0.00732
0.151408,0.00732
0.151412,0.008539999999999999
0.151416,0.00732
0.15142,0.008539999999999999
0.151424,0.00732
0.151428,0.008539999999999999
0.151432,0.00732
0.151436,0.008539999999999999
0.15144,0.008539999999999999
0.151444,0.00732
0.151448,0.008539999999999999
0.151452,0.008539999999999999
0.151456,0.008539999999999999
0.15146,0.00732
0.151464,0.008539999999999999
0.151468,0.008539999999999999
0.151472,0.00732
0.151476,0.008539999999999999
0.15148,0.008539999999999999
0.151484,0.008539999999999999
0.151488,0.008539999999999999
0.151492,0.008539999999999999
0.151496,0.008539999999999999
0.1515,0.008539999999999999
0.151504,0.008539999999999999
0.151508,0.008539999999999999
0.151512,0.008539999999999999
0.151516,0.008539999999999999
0.15152,0.008539999999999999
0.151524,0.00976
0.151528,0.008539999999999999
0.151532,0.008539999999999999
0.151536,0.00976
0.15154,0.008539999999999999
0.151544,0.008539999999999999
0.151548,0.008539999999999999
0.151552,0.00976
0.151556,0.008539999999999999
0.15156,0.00976
0.151564,0.008539999999999999
0.151568,0.008539999999999999
0.151572,0.008539999999999999
0.151576,0.00976
0.15158,0.008539999999999999
0.151584,0.00976
0.151588,0.00976
0.151592,0.00976
0.151596,0.00976
0.1516,0.008539999999999999
0.151604,0.00976
0.151608,0.00976
0.151612,0.00976
0.151616,0.00976
0.15162,0.00976
0.151624,0.008539999999999999
0.151628,0.00976
0.151632,0.00976
0.151636,0.00976
0.15164,0.00976
0.151644,0.00976
0.151648,0.00976
0.151652,0.00976
0.151656,0.008539999999999999
0.15166,0.008539999999999999
0.151664,0.00976
0.151668,0.00976
0.151672,0.00976
0.151676,0.00976
0.15168,0.00976
0.151684,0.00976
0.151688,0.008539999999999999
0.151692,0.00976
0.151696,0.00976
0.1517,0.00976
0.151704,0.00976
0.151708,0.00976
0.151712,0.00976
0.151716,0.00976
0.15172,0.00976
0.151724,0.00976
0.151728,0.00976
0.151732,0.00976
0.151736,0.008539999999999999
0.15174,0.00976
0.151744,0.00976
0.151748,0.00976
0.151752,0.00976
0.151756,0.00976
0.15176,0.00976
0.151764,0.00976
0.151768,0.00976
0.151772,0.00976
0.151776,0.00976
0.15178,0.00976
0.151784,0.00976
0.151788,0.00976
0.151792,0.00976
0.151796,0.00976
0.1518,0.00976
0.151804,0.00976
0.151808,0.00976
0.151812,0.00976
0.151816,0.00976
0.15182,0.00976
0.151824,0.00976
0.151828,0.00976
0.151832,0.00976
0.151836,0.00976
0.15184,0.00976
0.151844,0.00976
0.151848,0.00976
0.151852,0.00976
0.151856,0.00976
0.15186,0.00976
0.151864,0.00976
0.151868,0.00976
0.151872,0.01098
0.151876,0.00976
0.15188,0.00976
0.151884,0.01098
0.151888,0.00976
0.151892,0.00976
0.151896,0.01098
0.1519,0.00976
0.151904,0.00976
0.151908,0.01098
0.151912,0.01098
0.151916,0.01098
0.15192,0.00976
0.151924,0.00976
0.151928,0.00976
0.151932,0.00976
0.151936,0.01098
0.15194,0.00976
0.151944,0.00976
0.151948,0.01098
0.151952,0.00976
0.151956,0.00976
0.15196,0.01098
0.151964,0.00976
0.151968,0.00976
0.151972,0.00976
0.151976,0.01098
0.15198,0.01098
0.151984,0.00976
0.151988,0.01098
0.151992,0.01098
0.151996,0.01098
0.152,0.00976
0.152004,0.01098
0.152008,0.01098
0.152012,0.01098
0.152016,0.01098
0.15202,0.01098
0.152024,0.01098
0.152028,0.01098
0.152032,0.01098
0.152036,0.01098
0.15204,0.00976
0.152044,0.01098
0.152048,0.00976
0.152052,0.01098
0.152056,0.00976
0.15206,0.01098
0.152064,0.01098
0.152068,0.01098
0.152072,0.00976
0.152076,0.00976
0.15208,0.00976
0.152084,0.01098
0.152088,0.01098
0.152092,0.01098
0.152096,0.01098
0.1521,0.01098
0.152104,0.00976
0.152108,0.00976
0.152112,0.01098
0.152116,0.01098
0.15212,0.01098
0.152124,0.01098
0.152128,0.01098
0.152132,0.00976
0.152136,0.01098
0.15214,0.01098
0.152144,0.00976
0.152148,0.00976
0.152152,0.01098
0.152156,0.01098
0.15216,0.00976
0.152164,0.01098
0.152168,0.00976
0.152172,0.00976
0.152176,0.01098
0.15218,0.00976
0.152184,0.01098
0.152188,0.01098
0.152192,0.01098
0.152196,0.01098
0.1522,0.00976
0.152204,0.01098
0.152208,0.00976
0.152212,0.01098
0.152216,0.01098
0.15222,0.01098
0.152224,0.00976
0.152228,0.00976
0.152232,0.00976
0.152236,0.00976
0.15224,0.01098
0.152244,0.00976
0.152248,0.00976
0.152252,0.01098
0.152256,0.00976
0.15226,0.01098
0.152264,0.01098
0.152268,0.00976
0.152272,0.01098
0.152276,0.00976
0.15228,0.00976
0.152284,0.00976
0.152288,0.00976
0.152292,0.00976
0.152296,0.00976
0.1523,0.00976
0.152304,0.00976
0.152308,0.00976
0.152312,0.00976
0.152316,0.00976
0.15232,0.01098
0.152324,0.01098
0.152328,0.00976
0.152332,0.00976
0.152336,0.00976
0.15234,0.01098
0.152344,0.00976
0.152348,0.00976
0.152352,0.00976
0.152356,0.00976
0.15236,0.00976
0.152364,0.00976
0.152368,0.00976
0.152372,0.00976
0.152376,0.00976
0.15238,0.00976
0.152384,0.00976
0.152388,0.00976
0.152392,0.00976
0.152396,0.00976
0.1524,0.00976
0.152404,0.00976
0.152408,0.00976
0.152412,0.00976
0.152416,0.01098
0.15242,0.00976
0.152424,0.00976
0.152428,0.00976
0.152432,0.00976
0.152436,0.00976
0.15244,0.00976
0.152444,0.00976
0.152448,0.00976
0.152452,0.00976
0.152456,0.00976
0.15246,0.00976
0.152464,0.00976
0.152468,0.00976
0.152472,0.008539999999999999
0.152476,0.00976
0.15248,0.00976
0.152484,0.00976
0.152488,0.00976
0.152492,0.008539999999999999
0.152496,0.008539999999999999
0.1525,0.00976
0.152504,0.00976
0.152508,0.00976
0.152512,0.00976
0.152516,0.00976
0.15252,0.008539999999999999
0.152524,0.00976
0.152528,0.008539999999999999
0.152532,0.00976
0.152536,0.00976
0.15254,0.00976
0.152544,0.00976
0.152548,0.00976
0.152552,0.00976
0.152556,0.00976
0.15256,0.00976
0.152564,0.00976
0.152568,0.00976
0.152572,0.00976
0.152576,0.00976
0.15258,0.00976
0.152584,0.00976
0.152588,0.00976
0.152592,0.008539999999999999
0.152596,0.00976
0.1526,0.00976
0.152604,0.008539999999999999
0.152608,0.00976
0.152612,0.00976
0.152616,0.00976
0.15262,0.00976
0.152624,0.008539999999999999
0.152628,0.00976
0.152632,0.00976
0.152636,0.008539999999999999
0.15264,0.00976
0.152644,0.008539999999999999
0.152648,0.00976
0.152652,0.00976
0.152656,0.008539999999999999
0.15266,0.00976
0.152664,0.00976
0.152668,0.008539999999999999
0.152672,0.00976
0.152676,0.008539999999999999
0.15268,0.00976
0.152684,0.008539999999999999
0.152688,0.008539999999999999
0.152692,0.008539999999999999
0.152696,0.008539999999999999
0.1527,0.008539999999999999
0.152704,0.00976
0.152708,0.008539999999999999
0.152712,0.008539999999999999
0.152716,0.008539999999999999
0.15272,0.008539999999999999
0.152724,0.008539999999999999
0.152728,0.008539999999999999
0.152732,0.008539999999999999
0.152736,0.008539999999999999
0.15274,0.008539999999999999
0.152744,0.00976
0.152748,0.008539999999999999
0.152752,0.00976
0.152756,0.008539999999999999
0.15276,0.008539999999999999
0.152764,0.008539999999999999
0.152768,0.008539999999999999
0.152772,0.00976
0.152776,0.008539999999999999
0.15278,0.008539999999999999
0.152784,0.00732
0.152788,0.008539999999999999
0.152792,0.00976
0.152796,0.008539999999999999
0.1528,0.008539999999999999
0.152804,0.008539999999999999
0.152808,0.008539999999999999
0.152812,0.008539999999999999
0.152816,0.008539999999999999
0.15282,0.008539999999999999
0.152824,0.008539999999999999
0.152828,0.008539999999999999
0.152832,0.008539999999999999
0.152836,0.00976
0.15284,0.008539999999999999
0.152844,0.008539999999999999
0.152848,0.008539999999999999
0.152852,0.008539999999999999
0.152856,0.008539999999999999
0.15286,0.008539999999999999
0.152864,0.008539999999999999
0.152868,0.008539999999999999
0.152872,0.008539999999999999
0.152876,0.00732
0.15288,0.008539999999999999
0.152884,0.008539999999999999
0.152888,0.008539999999999999
0.152892,0.008539999999999999
0.152896,0.008539999999999999
0.1529,0.008539999999999999
0.152904,0.008539999999999999
0.152908,0.008539999999999999
0.152912,0.008539999999999999
0.152916,0.008539999999999999
0.15292,0.008539999999999999
0.152924,0.008539999999999999
0.152928,0.008539999999999999
0.152932,0.00732
0.152936,0.00732
0.15294,0.00732
0.152944,0.008539999999999999
0.152948,0.00732
0.152952,0.008539999999999999
0.152956,0.00732
0.15296,0.008539999999999999
0.152964,0.008539999999999999
0.152968,0.008539999999999999
0.152972,0.00732
0.152976,0.008539999999999999
0.15298,0.00732
0.152984,0.008539999999999999
0.152988,0.008539999999999999
0.152992,0.008539999999999999
0.152996,0.00732
0.153,0.00732
0.153004,0.008539999999999999
0.153008,0.00732
0.153012,0.008539999999999999
0.153016,0.00732
0.15302,0.00732
0.153024,0.00732
0.153028,0.008539999999999999
0.153032,0.00732
0.153036,0.00732
0.15304,0.00732
0.153044,0.008539999999999999
0.153048,0.00732
0.153052,0.008539999999999999
0.153056,0.008539999999999999
0.15306,0.00732
0.153064,0.00732
0.153068,0.008539999999999999
0.153072,0.00732
0.153076,0.008539999999999999
0.15308,0.008539999999999999
0.153084,0.008539999999999999
0.153088,0.008539999999999999
0.153092,0.008539999999999999
0.153096,0.00732
0.1531,0.008539999999999999
0.153104,0.00732
0.153108,0.008539999999999999
0.153112,0.008539999999999999
0.153116,0.00732
0.15312,0.00732
0.153124,0.008539999999999999
0.153128,0.008539999999999999
0.153132,0.008539999999999999
0.153136,0.00732
0.15314,0.008539999999999999
0.153144,0.00732
0.153148,0.00732
0.153152,0.00732
0.153156,0.00732
0.15316,0.008539999999999999
0.153164,0.00732
0.153168,0.00732
0.153172,0.00732
0.153176,0.00732
0.15318,0.00732
0.153184,0.008539999999999999
0.153188,0.008539999999999999
0.153192,0.008539999999999999
0.153196,0.008539999999999999
0.1532,0.008539999999999999
0.153204,0.008539999999999999
0.153208,0.00732
0.153212,0.00732
0.153216,0.008539999999999999
0.15322,0.008539999999999999
0.153224,0.00732
0.153228,0.00732
0.153232,0.00732
0.153236,0.00732
0.15324,0.00732
0.153244,0.00732
0.153248,0.00732
0.153252,0.00732
0.153256,0.00732
0.15326,0.00732
0.153264,0.00732
0.153268,0.00732
0.153272,0.00732
0.153276,0.00732
0.15328,0.00732
0.153284,0.00732
0.153288,0.00732
0.153292,0.00732
0.153296,0.008539999999999999
0.1533,0.00732
0.153304,0.00732
0.153308,0.00732
0.153312,0.00732
0.153316,0.008539999999999999
0.15332,0.00732
0.153324,0.00732
0.153328,0.00732
0.153332,0.00732
0.153336,0.00732
0.15334,0.00732
0.153344,0.00732
0.153348,0.00732
0.153352,0.008539999999999999
0.153356,0.00732
0.15336,0.00732
0.153364,0.00732
0.153368,0.00732
0.153372,0.00732
0.153376,0.00732
0.15338,0.00732
0.153384,0.00732
0.153388,0.00732
0.153392,0.00732
0.153396,0.00732
0.1534,0.00732
0.153404,0.00732
0.153408,0.00732
0.153412,0.00732
0.153416,0.00732
0.15342,0.00732
0.153424,0.00732
0.153428,0.00732
0.153432,0.00732
0.153436,0.00732
0.15344,0.00732
0.153444,0.00732
0.153448,0.008539999999999999
0.153452,0.00732
0.153456,0.00732
0.15346,0.00732
0.153464,0.008539999999999999
0.153468,0.00732
0.153472,0.00732
0.153476,0.00732
0.15348,0.00732
0.153484,0.00732
0.153488,0.00732
0.153492,0.00732
0.153496,0.00732
0.1535,0.008539999999999999
0.153504,0.00732
0.153508,0.00732
0.153512,0.00732
0.153516,0.00732
0.15352,0.00732
0.153524,0.00732
0.153528,0.00732
0.153532,0.00732
0.153536,0.00732
0.15354,0.00732
0.153544,0.00732
0.153548,0.00732
0.153552,0.00732
0.153556,0.00732
0.15356,0.00732
0.153564,0.00732
0.153568,0.00732
0.153572,0.00732
0.153576,0.0060999999999999995
0.15358,0.00732
0.153584,0.0060999999999999995
0.153588,0.00732
0.153592,0.00732
0.153596,0.00732
0.1536,0.00732
0.153604,0.00732
0.153608,0.00732
0.153612,0.00732
0.153616,0.0060999999999999995
0.15362,0.00732
0.153624,0.00732
0.153628,0.00732
0.153632,0.00732
0.153636,0.0060999999999999995
0.15364,0.00732
0.153644,0.00732
0.153648,0.00732
0.153652,0.0060999999999999995
0.153656,0.0060999999999999995
0.15366,0.00732
0.153664,0.00732
0.153668,0.00732
0.153672,0.00732
0.153676,0.00732
0.15368,0.0060999999999999995
0.153684,0.00732
0.153688,0.00732
0.153692,0.00732
0.153696,0.00732
0.1537,0.00732
0.153704,0.0060999999999999995
0.153708,0.00732
0.153712,0.00732
0.153716,0.00732
0.15372,0.00732
0.153724,0.00732
0.153728,0.00732
0.153732,0.00732
0.153736,0.0060999999999999995
0.15374,0.00732
0.153744,0.00732
0.153748,0.00732
0.153752,0.00732
0.153756,0.00732
0.15376,0.00732
0.153764,0.00732
0.153768,0.0060999999999999995
0.153772,0.00732
0.153776,0.00732
0.15378,0.00732
0.153784,0.00732
0.153788,0.0060999999999999995
0.153792,0.00732
0.153796,0.00732
0.1538,0.00732
0.153804,0.00732
0.153808,0.00732
0.153812,0.0060999999999999995
0.153816,0.00732
0.15382,0.0060999999999999995
0.153824,0.00732
0.153828,0.00732
0.153832,0.00732
0.153836,0.00732
0.15384,0.0060999999999999995
0.153844,0.00732
0.153848,0.0060999999999999995
0.153852,0.00732
0.153856,0.0060999999999999995
0.15386,0.0060999999999999995
0.153864,0.00732
0.153868,0.00732
0.153872,0.00732
0.153876,0.00732
0.15388,0.00732
0.153884,0.00732
0.153888,0.00732
0.153892,0.00732
0.153896,0.0060999999999999995
0.1539,0.0060999999999999995
0.153904,0.0060999999999999995
0.153908,0.00732
0.153912,0.0060999999999999995
0.153916,0.00732
0.15392,0.0060999999999999995
0.153924,0.0060999999999999995
0.153928,0.00732
0.153932,0.00732
0.153936,0.00732
0.15394,0.00732
0.153944,0.00732
0.153948,0.0060999999999999995
0.153952,0.00732
0.153956,0.00732
0.15396,0.0060999999999999995
0.153964,0.00732
0.153968,0.00732
0.153972,0.00732
0.153976,0.00732
0.15398,0.0060999999999999995
0.153984,0.00732
0.153988,0.00732
0.153992,0.0060999999999999995
0.153996,0.0060999999999999995
0.154,0.00732
0.154004,0.00732
0.154008,0.0060999999999999995
0.154012,0.00732
0.154016,0.0060999999999999995
0.15402,0.0060999999999999995
0.154024,0.0060999999999999995
0.154028,0.0060999999999999995
0.154032,0.00732
0.154036,0.00732
0.15404,0.0060999999999999995
0.154044,0.00732
0.154048,0.00732
0.154052,0.00732
0.154056,0.008539999999999999
0.15406,0.0060999999999999995
0.154064,0.0060999999999999995
0.154068,0.0060999999999999995
0.154072,0.00732
0.154076,0.00732
0.15408,0.00732
0.154084,0.00732
0.154088,0.0060999999999999995
0.154092,0.00732
0.154096,0.00732
0.1541,0.00732
0.154104,0.0060999999999999995
0.154108,0.0060999999999999995
0.154112,0.0060999999999999995
0.154116,0.00732
0.15412,0.00732
0.154124,0.00732
0.154128,0.00732
0.154132,0.0060999999999999995
0.154136,0.0060999999999999995
0.15414,0.0060999999999999995
0.154144,0.0060999999999999995
0.154148,0.00732
0.154152,0.00732
0.154156,0.0060999999999999995
0.15416,0.0060999999999999995
0.154164,0.0060999999999999995
0.154168,0.0060999999999999995
0.154172,0.0060999999999999995
0.154176,0.00732
0.15418,0.0060999999999999995
0.154184,0.0060999999999999995
0.154188,0.00732
0.154192,0.00732
0.154196,0.0060999999999999995
0.1542,0.0060999999999999995
0.154204,0.0060999999999999995
0.154208,0.0060999999999999995
0.154212,0.00732
0.154216,0.0060999999999999995
0.15422,0.00732
0.154224,0.0060999999999999995
0.154228,0.0060999999999999995
0.154232,0.0060999999999999995
0.154236,0.0060999999999999995
0.15424,0.0060999999999999995
0.154244,0.0060999999999999995
0.154248,0.00732
0.154252,0.0060999999999999995
0.154256,0.0060999999999999995
0.15426,0.0060999999999999995
0.154264,0.0060999999999999995
0.154268,0.00732
0.154272,0.0060999999999999995
0.154276,0.0060999999999999995
0.15428,0.0060999999999999995
0.154284,0.00732
0.154288,0.0060999999999999995
0.154292,0.0060999999999999995
0.154296,0.00732
0.1543,0.00732
0.154304,0.0060999999999999995
0.154308,0.00732
0.154312,0.00732
0.154316,0.00732
0.15432,0.0060999999999999995
0.154324,0.00732
0.154328,0.0060999999999999995
0.154332,0.0060999999999999995
0.154336,0.00732
0.15434,0.0060999999999999995
0.154344,0.0060999999999999995
0.154348,0.0060999999999999995
0.154352,0.0060999999999999995
0.154356,0.0060999999999999995
0.15436,0.00488
0.154364,0.0060999999999999995
0.154368,0.0060999999999999995
0.154372,0.0060999999999999995
0.154376,0.0060999999999999995
0.15438,0.0060999999999999995
0.154384,0.0060999999999999995
0.154388,0.0060999999999999995
0.154392,0.0060999999999999995
0.154396,0.0060999999999999995
0.1544,0.0060999999999999995
0.154404,0.0060999999999999995
0.154408,0.0060999999999999995
0.154412,0.0060999999999999995
0.154416,0.00488
0.15442,0.0060999999999999995
0.154424,0.0060999999999999995
0.154428,0.0060999999999999995
0.154432,0.0060999999999999995
0.154436,0.0060999999999999995
0.15444,0.0060999999999999995
0.154444,0.0060999999999999995
0.154448,0.0060999999999999995
0.154452,0.0060999999999999995
0.154456,0.0060999999999999995
0.15446,0.0060999999999999995
0.154464,0.0060999999999999995
0.154468,0.0060999999999999995
0.154472,0.0060999999999999995
0.154476,0.00488
0.15448,0.0060999999999999995
0.154484,0.0060999999999999995
0.154488,0.0060999999999999995
0.154492,0.0060999999999999995
0.154496,0.0060999999999999995
0.1545,0.0060999999999999995
0.154504,0.0060999999999999995
0.154508,0.0060999999999999995
0.154512,0.0060999999999999995
0.154516,0.0060999999999999995
0.15452,0.0060999999999999995
0.154524,0.0060999999999999995
0.154528,0.0060999999999999995
0.154532,0.0060999999999999995
0.154536,0.0060999999999999995
0.15454,0.0060999999999999995
0.154544,0.0060999999999999995
0.154548,0.0060999999999999995
0.154552,0.0060999999999999995
0.154556,0.0060999999999999995
0.15456,0.0060999999999999995
0.154564,0.0060999999999999995
0.154568,0.0060999999999999995
0.154572,0.0060999999999999995
0.154576,0.00732
0.15458,0.0060999999999999995
0.154584,0.0060999999999999995
0.154588,0.0060999999999999995
0.154592,0.0060999999999999995
0.154596,0.0060999999999999995
0.1546,0.0060999999999999995
0.154604,0.0060999999999999995
0.154608,0.0060999999999999995
0.154612,0.0060999999999999995
0.154616,0.0060999999999999995
0.15462,0.0060999999999999995
0.154624,0.0060999999999999995
0.154628,0.0060999999999999995
0.154632,0.0060999999999999995
0.154636,0.0060999999999999995
0.15464,0.0060999999999999995
0.154644,0.0060999999999999995
0.154648,0.0060999999999999995
0.154652,0.0060999999999999995
0.154656,0.0060999999999999995
0.15466,0.0060999999999999995
0.154664,0.0060999999999999995
0.154668,0.0060999999999999995
0.154672,0.00732
0.154676,0.0060999999999999995
0.15468,0.0060999999999999995
0.154684,0.0060999999999999995
0.154688,0.0060999999999999995
0.154692,0.0060999999999999995
0.154696,0.0060999999999999995
0.1547,0.0060999999999999995
0.154704,0.0060999999999999995
0.154708,0.0060999999999999995
0.154712,0.0060999999999999995
0.154716,0.0060999999999999995
0.15472,0.0060999999999999995
0.154724,0.0060999999999999995
0.154728,0.00488
0.154732,0.0060999999999999995
0.154736,0.0060999999999999995
0.15474,0.0060999999999999995
0.154744,0.0060999999999999995
0.154748,0.0060999999999999995
0.154752,0.0060999999999999995
0.154756,0.0060999999999999995
0.15476,0.00488
0.154764,0.00732
0.154768,0.00732
0.154772,0.0060999999999999995
0.154776,0.00732
0.15478,0.0060999999999999995
0.154784,0.0060999999999999995
0.154788,0.0060999999999999995
0.154792,0.0060999999999999995
0.154796,0.0060999999999999995
0.1548,0.0060999999999999995
0.154804,0.0060999999999999995
0.154808,0.0060999999999999995
0.154812,0.0060999999999999995
0.154816,0.00732
0.15482,0.0060999999999999995
0.154824,0.0060999999999999995
0.154828,0.0060999999999999995
0.154832,0.0060999999999999995
0.154836,0.0060999999999999995
0.15484,0.0060999999999999995
0.154844,0.0060999999999999995
0.154848,0.0060999999999999995
0.154852,0.0060999999999999995
0.154856,0.0060999999999999995
0.15486,0.0060999999999999995
0.154864,0.0060999999999999995
0.154868,0.00488
0.154872,0.00732
0.154876,0.0060999999999999995
0.15488,0.0060999999999999995
0.154884,0.0060999999999999995
0.154888,0.0060999999999999995
0.154892,0.0060999999999999995
0.154896,0.0060999999999999995
0.1549,0.0060999999999999995
0.154904,0.0060999999999999995
0.154908,0.0060999999999999995
0.154912,0.00488
0.154916,0.00488
0.15492,0.0060999999999999995
0.154924,0.00488
0.154928,0.0060999999999999995
0.154932,0.00488
0.154936,0.00488
0.15494,0.0060999999999999995
0.154944,0.00488
0.154948,0.00488
0.154952,0.0060999999999999995
0.154956,0.00488
0.15496,0.0060999999999999995
0.154964,0.0060999999999999995
0.154968,0.0060999999999999995
0.154972,0.0060999999999999995
0.154976,0.0060999999999999995
0.15498,0.00488
0.154984,0.00488
0.154988,0.0060999999999999995
0.154992,0.00488
0.154996,0.00488
0.155,0.00488
0.155004,0.0060999999999999995
0.155008,0.0060999999999999995
0.155012,0.00488
0.155016,0.00488
0.15502,0.00488
0.155024,0.00488
0.155028,0.0060999999999999995
0.155032,0.00488
0.155036,0.0060999999999999995
0.15504,0.0060999999999999995
0.155044,0.0060999999999999995
0.155048,0.0060999999999999995
0.155052,0.00488
0.155056,0.00488
0.15506,0.0060999999999999995
0.155064,0.00488
0.155068,0.00488
0.155072,0.00488
0.155076,0.0060999999999999995
0.15508,0.00488
0.155084,0.00488
0.155088,0.00488
0.155092,0.0060999999999999995
0.155096,0.0060999999999999995
0.1551,0.0060999999999999995
0.155104,0.00488
0.155108,0.00488
0.155112,0.00488
0.155116,0.0060999999999999995
0.15512,0.00488
0.155124,0.0060999999999999995
0.155128,0.00488
0.155132,0.00366
0.155136,0.00488
0.15514,0.00488
0.155144,0.00488
0.155148,0.00488
0.155152,0.00488
0.155156,0.00488
0.15516,0.00488
0.155164,0.0060999999999999995
0.155168,0.00488
0.155172,0.00488
0.155176,0.00488
0.15518,0.00488
0.155184,0.00488
0.155188,0.0060999999999999995
0.155192,0.00488
0.155196,0.00488
0.1552,0.00488
0.155204,0.00488
0.155208,0.00488
0.155212,0.00488
0.155216,0.0060999999999999995
0.15522,0.00488
0.155224,0.00488
0.155228,0.00488
0.155232,0.00488
0.155236,0.00488
0.15524,0.00488
0.155244,0.00488
0.155248,0.00488
0.155252,0.0060999999999999995
0.155256,0.00488
0.15526,0.00488
0.155264,0.0060999999999999995
0.155268,0.00488
0.155272,0.00488
0.155276,0.00488
0.15528,0.00488
0.155284,0.00488
0.155288,0.00488
0.155292,0.00488
0.155296,0.00488
0.1553,0.0060999999999999995
0.155304,0.00488
0.155308,0.00488
0.155312,0.00488
0.155316,0.00488
0.15532,0.00488
0.155324,0.00488
0.155328,0.00488
0.155332,0.00488
0.155336,0.00488
0.15534,0.00488
0.155344,0.00488
0.155348,0.00488
0.155352,0.00366
0.155356,0.00488
0.15536,0.00488
0.155364,0.00488
0.155368,0.00488
0.155372,0.00488
0.155376,0.00488
0.15538,0.00488
0.155384,0.00488
0.155388,0.00488
0.155392,0.00488
0.155396,0.00488
0.1554,0.00488
0.155404,0.00488
0.155408,0.00488
0.155412,0.00488
0.155416,0.00488
0.15542,0.00488
0.155424,0.00488
0.155428,0.00488
0.155432,0.00488
0.155436,0.00488
0.15544,0.00488
0.155444,0.00488
0.155448,0.00488
0.155452,0.00488
0.155456,0.00488
0.15546,0.00488
0.155464,0.00488
0.155468,0.0060999999999999995
0.155472,0.00366
0.155476,0.00366
0.15548,0.00366
0.155484,0.00488
0.155488,0.00488
0.155492,0.00488
0.155496,0.00488
0.1555,0.00488
0.155504,0.00488
0.155508,0.0060999999999999995
0.155512,0.00488
0.155516,0.00488
0.15552,0.00366
0.155524,0.00488
0.155528,0.00488
0.155532,0.00488
0.155536,0.00488
0.15554,0.00488
0.155544,0.00366
0.155548,0.00488
0.155552,0.00488
0.155556,0.00488
0.15556,0.00488
0.155564,0.00488
0.155568,0.00488
0.155572,0.00488
0.155576,0.00488
0.15558,0.00488
0.155584,0.00488
0.155588,0.00488
0.155592,0.00488
0.155596,0.00488
0.1556,0.00366
0.155604,0.00488
0.155608,0.00488
0.155612,0.00488
0.155616,0.00488
0.15562,0.00366
0.155624,0.00366
0.155628,0.00488
0.155632,0.00488
0.155636,0.00488
0.15564,0.00488
0.155644,0.00488
0.155648,0.00488
0.155652,0.00488
0.155656,0.00488
0.15566,0.00488
0.155664,0.00366
0.155668,0.00488
0.155672,0.00488
0.155676,0.00488
0.15568,0.00488
0.155684,0.00488
0.155688,0.00488
0.155692,0.00488
0.155696,0.00488
0.1557,0.00488
0.155704,0.00488
0.155708,0.00488
0.155712,0.00488
0.155716,0.00488
0.15572,0.00488
0.155724,0.00488
0.155728,0.00488
0.155732,0.00488
0.155736,0.00488
0.15574,0.00488
0.155744,0.00488
0.155748,0.00488
0.155752,0.00488
0.155756,0.00488
0.15576,0.00488
0.155764,0.00488
0.155768,0.00488
0.155772,0.00488
0.155776,0.00488
0.15578,0.00488
0.155784,0.00488
0.155788,0.00488
0.155792,0.00488
0.155796,0.00488
0.1558,0.00488
0.155804,0.00488
0.155808,0.00488
0.155812,0.00488
0.155816,0.00488
0.15582,0.00488
0.155824,0.00366
0.155828,0.00488
0.155832,0.00366
0.155836,0.0060999999999999995
0.15584,0.00488
0.155844,0.00366
0.155848,0.00488
0.155852,0.00488
0.155856,0.00488
0.15586,0.00488
0.155864,0.00488
0.155868,0.00488
0.155872,0.00488
0.155876,0.00488
0.15588,0.00488
0.155884,0.0060999999999999995
0.155888,0.00488
0.155892,0.00488
0.155896,0.00488
0.1559,0.00488
0.155904,0.00488
0.155908,0.00488
0.155912,0.00488
0.155916,0.00488
0.15592,0.0060999999999999995
0.155924,0.00488
0.155928,0.00488
0.155932,0.00488
0.155936,0.00488
0.15594,0.0060999999999999995
0.155944,0.00488
0.155948,0.0060999999999999995
0.155952,0.00488
0.155956,0.00488
0.15596,0.00488
0.155964,0.00488
0.155968,0.00488
0.155972,0.00488
0.155976,0.00488
0.15598,0.00488
0.155984,0.0060999999999999995
0.155988,0.00488
0.155992,0.00488
0.155996,0.00488
0.156,0.00366
0.156004,0.00488
0.156008,0.00488
0.156012,0.00488
0.156016,0.00488
0.15602,0.00488
0.156024,0.00488
0.156028,0.00488
0.156032,0.00488
0.156036,0.00488
0.15604,0.00488
0.156044,0.00488
0.156048,0.00488
0.156052,0.00488
0.156056,0.00488
0.15606,0.00488
0.156064,0.00488
0.156068,0.00488
0.156072,0.00488
0.156076,0.00488
0.15608,0.00488
0.156084,0.00488
0.156088,0.00488
0.156092,0.00488
0.156096,0.00488
0.1561,0.00488
0.156104,0.00488
0.156108,0.00488
0.156112,0.00488
0.156116,0.00488
0.15612,0.00488
0.156124,0.00488
0.156128,0.00488
0.156132,0.00488
0.156136,0.00488
0.15614,0.00488
0.156144,0.00488
0.156148,0.00488
0.156152,0.00488
0.156156,0.00488
0.15616,0.00488
0.156164,0.00366
0.156168,0.00488
0.156172,0.00488
0.156176,0.00488
0.15618,0.00488
0.156184,0.00488
0.156188,0.00488
0.156192,0.00488
0.156196,0.00488
0.1562,0.00366
0.156204,0.00488
0.156208,0.00488
0.156212,0.00488
0.156216,0.00488
0.15622,0.00488
0.156224,0.00488
0.156228,0.00488
0.156232,0.00488
0.156236,0.00488
0.15624,0.00488
0.156244,0.00488
0.156248,0.00488
0.156252,0.00488
0.156256,0.00488
0.15626,0.00488
0.156264,0.00488
0.156268,0.0060999999999999995
0.156272,0.00488
0.156276,0.00488
0.15628,0.00488
0.156284,0.00488
0.156288,0.00488
0.156292,0.00488
0.156296,0.00488
0.1563,0.00488
0.156304,0.00488
0.156308,0.00488
0.156312,0.00488
0.156316,0.00488
0.15632,0.00488
0.156324,0.00488
0.156328,0.00488
0.156332,0.00366
0.156336,0.00488
0.15634,0.00488
0.156344,0.00488
0.156348,0.00488
0.156352,0.00488
0.156356,0.00488
0.15636,0.00488
0.156364,0.00488
0.156368,0.00488
0.156372,0.00488
0.156376,0.00488
0.15638,0.00488
0.156384,0.00488
0.156388,0.00488
0.156392,0.00488
0.156396,0.00488
0.1564,0.00488
0.156404,0.00488
0.156408,0.00488
0.156412,0.0060999999999999995
0.156416,0.00488
0.15642,0.00488
0.156424,0.00488
0.156428,0.00488
0.156432,0.00488
0.156436,0.00488
0.15644,0.00488
0.156444,0.00488
0.156448,0.0060999999999999995
0.156452,0.00488
0.156456,0.0060999999999999995
0.15646,0.00488
0.156464,0.00488
0.156468,0.00488
0.156472,0.00488
0.156476,0.00488
0.15648,0.00488
0.156484,0.00488
0.156488,0.00488
0.156492,0.00488
0.156496,0.0060999999999999995
0.1565,0.0060999999999999995
0.156504,0.00488
0.156508,0.00488
0.156512,0.00488
0.156516,0.00488
0.15652,0.00488
0.156524,0.00488
0.156528,0.0060999999999999995
0.156532,0.00488
0.156536,0.00488
0.15654,0.0060999999999999995
0.156544,0.0060999999999999995
0.156548,0.00488
0.156552,0.00488
0.156556,0.0060999999999999995
0.15656,0.00488
0.156564,0.00488
0.156568,0.00488
0.156572,0.0060999999999999995
0.156576,0.00488
0.15658,0.00488
0.156584,0.00488
0.156588,0.0060999999999999995
0.156592,0.0060999999999999995
0.156596,0.0060999999999999995
0.1566,0.0060999999999999995
0.156604,0.00488
0.156608,0.00488
0.156612,0.0060999999999999995
0.156616,0.00488
0.15662,0.00488
0.156624,0.00488
0.156628,0.00488
0.156632,0.00488
0.156636,0.00488
0.15664,0.00488
0.156644,0.00488
0.156648,0.0060999999999999995
0.156652,0.00488
0.156656,0.0060999999999999995
0.15666,0.00488
0.156664,0.0060999999999999995
0.156668,0.00488
0.156672,0.00488
0.156676,0.00488
0.15668,0.00488
0.156684,0.00488
0.156688,0.00488
0.156692,0.0060999999999999995
0.156696,0.00488
0.1567,0.0060999999999999995
0.156704,0.00488
0.156708,0.00488
0.156712,0.00488
0.156716,0.00488
0.15672,0.00488
0.156724,0.0060999999999999995
0.156728,0.00488
0.156732,0.00488
0.156736,0.00488
0.15674,0.00488
0.156744,0.00488
0.156748,0.00488
0.156752,0.00488
0.156756,0.0060999999999999995
0.15676,0.00488
0.156764,0.0060999999999999995
0.156768,0.00488
0.156772,0.00488
0.156776,0.00488
0.15678,0.0060999999999999995
0.156784,0.00488
0.156788,0.00488
0.156792,0.0060999999999999995
0.156796,0.0060999999999999995
0.1568,0.0060999999999999995
0.156804,0.00488
0.156808,0.00488
0.156812,0.00488
0.156816,0.00488
0.15682,0.0060999999999999995
0.156824,0.0060999999999999995
0.156828,0.0060999999999999995
0.156832,0.00488
0.156836,0.00488
0.15684,0.0060999999999999995
0.156844,0.00488
0.156848,0.00488
0.156852,0.0060999999999999995
0.156856,0.0060999999999999995
0.15686,0.0060999999999999995
0.156864,0.00488
0.156868,0.00488
0.156872,0.0060999999999999995
0.156876,0.00488
0.15688,0.0060999999999999995
0.156884,0.0060999999999999995
0.156888,0.00488
0.156892,0.00488
0.156896,0.00488
0.1569,0.00488
0.156904,0.00488
0.156908,0.0060999999999999995
0.156912,0.00488
0.156916,0.0060999999999999995
0.15692,0.0060999999999999995
0.156924,0.00488
0.156928,0.0060999999999999995
0.156932,0.0060999999999999995
0.156936,0.0060999999999999995
0.15694,0.0060999999999999995
0.156944,0.0060999999999999995
0.156948,0.0060999999999999995
0.156952,0.00488
0.156956,0.0060999999999999995
0.15696,0.00488
0.156964,0.0060999999999999995
0.156968,0.0060999999999999995
0.156972,0.00488
0.156976,0.0060999999999999995
0.15698,0.0060999999999999995
0.156984,0.00488
0.156988,0.00488
0.156992,0.00488
0.156996,0.00488
0.157,0.0060999999999999995
0.157004,0.0060999999999999995
0.157008,0.0060999999999999995
0.157012,0.00488
0.157016,0.0060999999999999995
0.15702,0.00488
0.157024,0.0060999999999999995
0.157028,0.0060999999999999995
0.157032,0.0060999999999999995
0.157036,0.00488
0.15704,0.0060999999999999995
0.157044,0.0060999999999999995
0.157048,0.0060999999999999995
0.157052,0.0060999999999999995
0.157056,0.00488
0.15706,0.00488
0.157064,0.0060999999999999995
0.157068,0.00488
0.157072,0.0060999999999999995
0.157076,0.00488
0.15708,0.00488
0.157084,0.0060999999999999995
0.157088,0.00488
0.157092,0.0060999999999999995
0.157096,0.00488
0.1571,0.00488
0.157104,0.00488
0.157108,0.00488
0.157112,0.0060999999999999995
0.157116,0.0060999999999999995
0.15712,0.00488
0.157124,0.00488
0.157128,0.0060999999999999995
0.157132,0.00488
0.157136,0.0060999999999999995
0.15714,0.0060999999999999995
0.157144,0.00488
0.157148,0.00488
0.157152,0.00488
0.157156,0.0060999999999999995
0.15716,0.00488
0.157164,0.00488
0.157168,0.00732
0.157172,0.0060999999999999995
0.157176,0.0060999999999999995
0.15718,0.0060999999999999995
0.157184,0.00488
0.157188,0.00488
0.157192,0.0060999999999999995
0.157196,0.0060999999999999995
0.1572,0.0060999999999999995
0.157204,0.00488
0.157208,0.00488
0.157212,0.00488
0.157216,0.0060999999999999995
0.15722,0.0060999999999999995
0.157224,0.0060999999999999995
0.157228,0.00488
0.157232,0.0060999999999999995
0.157236,0.0060999999999999995
0.15724,0.0060999999999999995
0.157244,0.00488
0.157248,0.00488
0.157252,0.0060999999999999995
0.157256,0.0060999999999999995
0.15726,0.00488
0.157264,0.0060999999999999995
0.157268,0.00488
0.157272,0.0060999999999999995
0.157276,0.0060999999999999995
0.15728,0.00488
0.157284,0.00488
0.157288,0.0060999999999999995
0.157292,0.0060999999999999995
0.157296,0.0060999999999999995
0.1573,0.0060999999999999995
0.157304,0.00488
0.157308,0.00488
0.157312,0.00488
0.157316,0.00488
0.15732,0.00488
0.157324,0.0060999999999999995
0.157328,0.00488
0.157332,0.00488
0.157336,0.0060999999999999995
0.15734,0.0060999999999999995
0.157344,0.00488
0.157348,0.00488
0.157352,0.00488
0.157356,0.0060999999999999995
0.15736,0.0060999999999999995
0.157364,0.00488
0.157368,0.00488
0.157372,0.0060999999999999995
0.157376,0.00488
0.15738,0.00488
0.157384,0.00488
0.157388,0.00488
0.157392,0.0060999999999999995
0.157396,0.00488
0.1574,0.00488
0.157404,0.0060999999999999995
0.157408,0.00488
0.157412,0.0060999999999999995
0.157416,0.00488
0.15742,0.0060999999999999995
0.157424,0.00488
0.157428,0.0060999999999999995
0.157432,0.00488
0.157436,0.00488
0.15744,0.0060999999999999995
0.157444,0.0060999999999999995
0.157448,0.00488
0.157452,0.00488
0.157456,0.00488
0.15746,0.00488
0.157464,0.00488
0.157468,0.00488
0.157472,0.0060999999999999995
0.157476,0.0060999999999999995
0.15748,0.00488
0.157484,0.0060999999999999995
0.157488,0.00488
0.157492,0.00488
0.157496,0.00488
0.1575,0.00488
0.157504,0.00488
0.157508,0.00488
0.157512,0.00488
0.157516,0.00488
0.15752,0.00488
0.157524,0.00488
0.157528,0.0060999999999999995
0.157532,0.0060999999999999995
0.157536,0.00488
0.15754,0.00488
0.157544,0.00488
0.157548,0.00488
0.157552,0.00488
0.157556,0.0060999999999999995
0.15756,0.00366
0.157564,0.00488
0.157568,0.00488
0.157572,0.00488
0.157576,0.00488
0.15758,0.00488
0.157584,0.00488
0.157588,0.00488
0.157592,0.00488
0.157596,0.00488
0.1576,0.00488
0.157604,0.00488
0.157608,0.00488
0.157612,0.00488
0.157616,0.00488
0.15762,0.00488
0.157624,0.00488
0.157628,0.00488
0.157632,0.00488
0.157636,0.00488
0.15764,0.00488
0.157644,0.00488
0.157648,0.00488
0.157652,0.00488
0.157656,0.00488
0.15766,0.00488
0.157664,0.00488
0.157668,0.00488
0.157672,0.00488
0.157676,0.00488
0.15768,0.00488
0.157684,0.00488
0.157688,0.00488
0.157692,0.00488
0.157696,0.00488
0.1577,0.00488
0.157704,0.00488
0.157708,0.00488
0.157712,0.00488
0.157716,0.00488
0.15772,0.00488
0.157724,0.00488
0.157728,0.00488
0.157732,0.00488
0.157736,0.00366
0.15774,0.00488
0.157744,0.00488
0.157748,0.00488
0.157752,0.00488
0.157756,0.00488
0.15776,0.00488
0.157764,0.00488
0.157768,0.00488
0.157772,0.00488
0.157776,0.00488
0.15778,0.00488
0.157784,0.00488
0.157788,0.00488
0.157792,0.00366
0.157796,0.00366
0.1578,0.00488
0.157804,0.00366
0.157808,0.00488
0.157812,0.00488
0.157816,0.00488
0.15782,0.00488
0.157824,0.00488
0.157828,0.00488
0.157832,0.00488
0.157836,0.00366
0.15784,0.00488
0.157844,0.00366
0.157848,0.00488
0.157852,0.00366
0.157856,0.00488
0.15786,0.00488
0.157864,0.00366
0.157868,0.00488
0.157872,0.00366
0.157876,0.00366
0.15788,0.00366
0.157884,0.00488
0.157888,0.00488
0.157892,0.00366
0.157896,0.00488
0.1579,0.00488
0.157904,0.00366
0.157908,0.00488
0.157912,0.00488
0.157916,0.00488
0.15792,0.00488
0.157924,0.00488
0.157928,0.00488
0.157932,0.00488
0.157936,0.00366
0.15794,0.00366
0.157944,0.00366
0.157948,0.00366
0.157952,0.00488
0.157956,0.00366
0.15796,0.00366
0.157964,0.00488
0.157968,0.00366
0.157972,0.00366
0.157976,0.00366
0.15798,0.00366
0.157984,0.00488
0.157988,0.00366
0.157992,0.00488
0.157996,0.00366
0.158,0.00488
0.158004,0.00244
0.158008,0.00366
0.158012,0.00366
0.158016,0.00366
0.15802,0.00366
0.158024,0.00366
0.158028,0.00488
0.158032,0.00366
0.158036,0.00488
0.15804,0.00488
0.158044,0.00366
0.158048,0.00488
0.158052,0.00488
0.158056,0.00366
0.15806,0.00488
0.158064,0.00366
0.158068,0.00366
0.158072,0.00366
0.158076,0.00366
0.15808,0.00366
0.158084,0.00488
0.158088,0.00488
0.158092,0.00366
0.158096,0.00488
0.1581,0.00366
0.158104,0.00366
0.158108,0.00366
0.158112,0.00366
0.158116,0.00366
0.15812,0.00366
0.158124,0.00366
0.158128,0.00366
0.158132,0.00366
0.158136,0.00366
0.15814,0.00366
0.158144,0.00366
0.158148,0.00366
0.158152,0.00366
0.158156,0.00366
0.15816,0.00366
0.158164,0.00366
0.158168,0.00366
0.158172,0.00366
0.158176,0.00366
0.15818,0.00366
0.158184,0.00366
0.158188,0.00366
0.158192,0.00366
0.158196,0.00366
0.1582,0.00366
0.158204,0.00244
0.158208,0.00366
0.158212,0.00366
0.158216,0.00366
0.15822,0.00366
0.158224,0.00366
0.158228,0.00366
0.158232,0.00366
0.158236,0.00244
0.15824,0.00366
0.158244,0.00366
0.158248,0.00366
0.158252,0.00366
0.158256,0.00366
0.15826,0.00366
0.158264,0.00366
0.158268,0.00366
0.158272,0.00366
0.158276,0.00366
0.15828,0.00366
0.158284,0.00366
0.158288,0.00366
0.158292,0.00366
0.158296,0.00366
0.1583,0.00366
0.158304,0.00366
0.158308,0.00366
0.158312,0.00366
0.158316,0.00366
0.15832,0.00366
0.158324,0.00366
0.158328,0.00366
0.158332,0.00366
0.158336,0.00366
0.15834,0.00366
0.158344,0.00366
0.158348,0.00366
0.158352,0.00488
0.158356,0.00366
0.15836,0.00244
0.158364,0.00366
0.158368,0.00488
0.158372,0.00366
0.158376,0.00366
0.15838,0.00366
0.158384,0.00366
0.158388,0.00366
0.158392,0.00366
0.158396,0.00366
0.1584,0.00366
0.158404,0.00366
0.158408,0.00366
0.158412,0.00366
0.158416,0.00366
0.15842,0.00366
0.158424,0.00366
0.158428,0.00366
0.158432,0.00366
0.158436,0.00366
0.15844,0.00366
0.158444,0.00244
0.158448,0.00366
0.158452,0.00366
0.158456,0.00366
0.15846,0.00244
0.158464,0.00366
0.158468,0.00366
0.158472,0.00366
0.158476,0.00366
0.15848,0.00366
0.158484,0.00366
0.158488,0.00366
0.158492,0.00366
0.158496,0.00366
0.1585,0.00366
0.158504,0.00366
0.158508,0.00366
0.158512,0.00366
0.158516,0.00366
0.15852,0.00366
0.158524,0.00366
0.158528,0.00366
0.158532,0.00366
0.158536,0.00366
0.15854,0.00366
0.158544,0.00366
0.158548,0.00366
0.158552,0.00366
0.158556,0.00366
0.15856,0.00366
0.158564,0.00366
0.158568,0.00366
0.158572,0.00366
0.158576,0.00366
0.15858,0.00366
0.158584,0.00366
0.158588,0.00244
0.158592,0.00366
0.158596,0.00366
0.1586,0.00366
0.158604,0.00366
0.158608,0.00366
0.158612,0.00366
0.158616,0.00366
0.15862,0.00366
0.158624,0.00366
0.158628,0.00366
0.158632,0.00244
0.158636,0.00366
0.15864,0.00366
0.158644,0.00366
0.158648,0.00244
0.158652,0.00366
0.158656,0.00366
0.15866,0.00366
0.158664,0.00366
0.158668,0.00366
0.158672,0.00366
0.158676,0.00366
0.15868,0.00244
0.158684,0.00366
0.158688,0.00366
0.158692,0.00366
0.158696,0.00366
0.1587,0.00366
0.158704,0.00366
0.158708,0.00366
0.158712,0.00244
0.158716,0.00366
0.15872,0.00366
0.158724,0.00366
0.158728,0.00366
0.158732,0.00366
0.158736,0.00366
0.15874,0.00366
0.158744,0.00366
0.158748,0.00366
0.158752,0.00244
0.158756,0.00244
0.15876,0.00366
0.158764,0.00366
0.158768,0.00366
0.158772,0.00366
0.158776,0.00366
0.15878,0.00366
0.158784,0.00366
0.158788,0.00366
0.158792,0.00366
0.158796,0.00366
0.1588,0.00244
0.158804,0.00366
0.158808,0.00366
0.158812,0.00366
0.158816,0.00366
0.15882,0.00366
0.158824,0.00366
0.158828,0.00366
0.158832,0.00366
0.158836,0.00366
0.15884,0.00366
0.158844,0.00366
0.158848,0.00244
0.158852,0.00366
0.158856,0.00366
0.15886,0.00366
0.158864,0.00366
0.158868,0.00366
0.158872,0.00366
0.158876,0.00366
0.15888,0.00366
0.158884,0.00366
0.158888,0.00366
0.158892,0.00366
0.158896,0.00366
0.1589,0.00488
0.158904,0.00488
0.158908,0.00366
0.158912,0.00366
0.158916,0.00366
0.15892,0.00366
0.158924,0.00366
0.158928,0.00366
0.158932,0.00366
0.158936,0.00488
0.15894,0.00366
0.158944,0.00366
0.158948,0.00366
0.158952,0.00366
0.158956,0.00366
0.15896,0.00366
0.158964,0.00488
0.158968,0.00366
0.158972,0.00488
0.158976,0.00488
0.15898,0.00488
0.158984,0.00488
0.158988,0.00488
0.158992,0.00488
0.158996,0.00366
0.159,0.00488
0.159004,0.00366
0.159008,0.00366
0.159012,0.00366
0.159016,0.00366
0.15902,0.00366
0.159024,0.00488
0.159028,0.00366
0.159032,0.00488
0.159036,0.00488
0.15904,0.00366
0.159044,0.00488
0.159048,0.00366
0.159052,0.00366
0.159056,0.00366
0.15906,0.00488
0.159064,0.00488
0.159068,0.00488
0.159072,0.00488
0.159076,0.00488
0.15908,0.00488
0.159084,0.00488
0.159088,0.00488
0.159092,0.00488
0.159096,0.00488
0.1591,0.00488
0.159104,0.00488
0.159108,0.00488
0.159112,0.00488
0.159116,0.00488
0.15912,0.00488
0.159124,0.00488
0.159128,0.00488
0.159132,0.00488
0.159136,0.0060999999999999995
0.15914,0.00488
0.159144,0.00488
0.159148,0.00488
0.159152,0.00488
0.159156,0.00488
0.15916,0.00488
0.159164,0.00488
0.159168,0.00488
0.159172,0.00488
0.159176,0.00488
0.15918,0.00488
0.159184,0.00488
0.159188,0.00488
0.159192,0.0060999999999999995
0.159196,0.00488
0.1592,0.00488
0.159204,0.00488
0.159208,0.00488
0.159212,0.00488
0.159216,0.00488
0.15922,0.0060999999999999995
0.159224,0.0060999999999999995
0.159228,0.00488
0.159232,0.0060999999999999995
0.159236,0.0060999999999999995
0.15924,0.00488
0.159244,0.00488
0.159248,0.0060999999999999995
0.159252,0.00488
0.159256,0.00488
0.15926,0.0060999999999999995
0.159264,0.00488
0.159268,0.00488
0.159272,0.0060999999999999995
0.159276,0.0060999999999999995
0.15928,0.00488
0.159284,0.0060999999999999995
0.159288,0.0060999999999999995
0.159292,0.00488
0.159296,0.00488
0.1593,0.00488
0.159304,0.00488
0.159308,0.00488
0.159312,0.0060999999999999995
0.159316,0.00488
0.15932,0.00488
0.159324,0.00488
0.159328,0.0060999999999999995
0.159332,0.0060999999999999995
0.159336,0.0060999999999999995
0.15934,0.0060999999999999995
0.159344,0.0060999999999999995
0.159348,0.0060999999999999995
0.159352,0.0060999999999999995
0.159356,0.0060999999999999995
0.15936,0.00488
0.159364,0.0060999999999999995
0.159368,0.0060999999999999995
0.159372,0.0060999999999999995
0.159376,0.00488
0.15938,0.0060999999999999995
0.159384,0.00488
0.159388,0.0060999999999999995
0.159392,0.0060999999999999995
0.159396,0.0060999999999999995
0.1594,0.0060999999999999995
0.159404,0.0060999999999999995
0.159408,0.00488
0.159412,0.0060999999999999995
0.159416,0.0060999999999999995
0.15942,0.0060999999999999995
0.159424,0.0060999999999999995
0.159428,0.0060999999999999995
0.159432,0.0060999999999999995
0.159436,0.0060999999999999995
0.15944,0.0060999999999999995
0.159444,0.0060999999999999995
0.159448,0.0060999999999999995
0.159452,0.0060999999999999995
0.159456,0.00488
0.15946,0.0060999999999999995
0.159464,0.0060999999999999995
0.159468,0.0060999999999999995
0.159472,0.0060999999999999995
0.159476,0.0060999999999999995
0.15948,0.0060999999999999995
0.159484,0.0060999999999999995
0.159488,0.0060999999999999995
0.159492,0.0060999999999999995
0.159496,0.0060999999999999995
0.1595,0.0060999999999999995
0.159504,0.0060999999999999995
0.159508,0.0060999999999999995
0.159512,0.0060999999999999995
0.159516,0.0060999999999999995
0.15952,0.0060999999999999995
0.159524,0.00732
0.159528,0.0060999999999999995
0.159532,0.0060999999999999995
0.159536,0.00732
0.15954,0.0060999999999999995
0.159544,0.00732
0.159548,0.0060999999999999995
0.159552,0.00732
0.159556,0.0060999999999999995
0.15956,0.0060999999999999995
0.159564,0.0060999999999999995
0.159568,0.0060999999999999995
0.159572,0.0060999999999999995
0.159576,0.0060999999999999995
0.15958,0.00732
0.159584,0.00732
0.159588,0.0060999999999999995
0.159592,0.00732
0.159596,0.00732
0.1596,0.00732
0.159604,0.0060999999999999995
0.159608,0.0060999999999999995
0.159612,0.00732
0.159616,0.0060999999999999995
0.15962,0.0060999999999999995
0.159624,0.00732
0.159628,0.0060999999999999995
0.159632,0.0060999999999999995
0.159636,0.00732
0.15964,0.0060999999999999995
0.159644,0.00732
0.159648,0.0060999999999999995
0.159652,0.00732
0.159656,0.00732
0.15966,0.00732
0.159664,0.00732
0.159668,0.0060999999999999995
0.159672,0.00732
0.159676,0.00732
0.15968,0.00732
0.159684,0.00732
0.159688,0.00732
0.159692,0.0060999999999999995
0.159696,0.00732
0.1597,0.00732
0.159704,0.00732
0.159708,0.0060999999999999995
0.159712,0.0060999999999999995
0.159716,0.00732
0.15972,0.0060999999999999995
0.159724,0.00732
0.159728,0.00732
0.159732,0.0060999999999999995
0.159736,0.008539999999999999
0.15974,0.00732
0.159744,0.00732
0.159748,0.00732
0.159752,0.0060999999999999995
0.159756,0.0060999999999999995
0.15976,0.00732
0.159764,0.00732
0.159768,0.00732
0.159772,0.00732
0.159776,0.00732
0.15978,0.00732
0.159784,0.00732
0.159788,0.00732
0.159792,0.00732
0.159796,0.00732
0.1598,0.00732
0.159804,0.00732
0.159808,0.00732
0.159812,0.00732
0.159816,0.008539999999999999
0.15982,0.00732
0.159824,0.00732
0.159828,0.00732
0.159832,0.00732
0.159836,0.00732
0.15984,0.00732
0.159844,0.00732
0.159848,0.00732
0.159852,0.00732
0.159856,0.00732
0.15986,0.00732
0.159864,0.00732
0.159868,0.00732
0.159872,0.0060999999999999995
0.159876,0.00732
0.15988,0.00732
0.159884,0.00732
0.159888,0.00732
0.159892,0.00732
0.159896,0.00732
0.1599,0.00732
0.159904,0.00732
0.159908,0.00732
0.159912,0.00732
0.159916,0.008539999999999999
0.15992,0.00732
0.159924,0.00732
0.159928,0.00732
0.159932,0.00732
0.159936,0.00732
0.15994,0.00732
0.159944,0.00732
0.159948,0.00732
0.159952,0.0060999999999999995
0.159956,0.00732
0.15996,0.00732
0.159964,0.00732
0.159968,0.00732
0.159972,0.00732
0.159976,0.00732
0.15998,0.00732
0.159984,0.00732
0.159988,0.00732
0.159992,0.00732
0.159996,0.00732
0.16,0.00732
0.160004,0.00732
0.160008,0.00732
0.160012,0.00732
0.160016,0.00732
0.16002,0.00732
0.160024,0.00732
0.160028,0.00732
0.160032,0.00732
0.160036,0.00732
0.16004,0.00732
0.160044,0.0060999999999999995
0.160048,0.00732
0.160052,0.00732
0.160056,0.0060999999999999995
0.16006,0.00732
0.160064,0.00732
0.160068,0.00732
0.160072,0.00732
0.160076,0.00732
0.16008,0.00732
0.160084,0.00732
0.160088,0.00732
0.160092,0.00732
0.160096,0.00732
0.1601,0.0060999999999999995
0.160104,0.00732
0.160108,0.00732
0.160112,0.00732
0.160116,0.00732
0.16012,0.00732
0.160124,0.00732
0.160128,0.00732
0.160132,0.00732
0.160136,0.00732
0.16014,0.00732
0.160144,0.00732
0.160148,0.00732
0.160152,0.00732
0.160156,0.00732
0.16016,0.00732
0.160164,0.0060999999999999995
0.160168,0.00732
0.160172,0.0060999999999999995
0.160176,0.00732
0.16018,0.00732
0.160184,0.00732
0.160188,0.00732
0.160192,0.00732
0.160196,0.00732
0.1602,0.0060999999999999995
0.160204,0.00732
0.160208,0.0060999999999999995
0.160212,0.00732
0.160216,0.00732
0.16022,0.00732
0.160224,0.00732
0.160228,0.0060999999999999995
0.160232,0.0060999999999999995
0.160236,0.0060999999999999995
0.16024,0.0060999999999999995
0.160244,0.0060999999999999995
0.160248,0.0060999999999999995
0.160252,0.00732
0.160256,0.0060999999999999995
0.16026,0.0060999999999999995
0.160264,0.0060999999999999995
0.160268,0.0060999999999999995
0.160272,0.0060999999999999995
0.160276,0.0060999999999999995
0.16028,0.0060999999999999995
0.160284,0.0060999999999999995
0.160288,0.0060999999999999995
0.160292,0.0060999999999999995
0.160296,0.00732
0.1603,0.0060999999999999995
0.160304,0.0060999999999999995
0.160308,0.0060999999999999995
0.160312,0.0060999999999999995
0.160316,0.0060999999999999995
0.16032,0.0060999999999999995
0.160324,0.0060999999999999995
0.160328,0.00732
0.160332,0.0060999999999999995
0.160336,0.0060999999999999995
0.16034,0.0060999999999999995
0.160344,0.0060999999999999995
0.160348,0.0060999999999999995
0.160352,0.00732
0.160356,0.00732
0.16036,0.0060999999999999995
0.160364,0.0060999999999999995
0.160368,0.0060999999999999995
0.160372,0.0060999999999999995
0.160376,0.0060999999999999995
0.16038,0.00732
0.160384,0.0060999999999999995
0.160388,0.0060999999999999995
0.160392,0.0060999999999999995
0.160396,0.0060999999999999995
0.1604,0.0060999999999999995
0.160404,0.0060999999999999995
0.160408,0.0060999999999999995
0.160412,0.0060999999999999995
0.160416,0.0060999999999999995
0.16042,0.0060999999999999995
0.160424,0.0060999999999999995
0.160428,0.0060999999999999995
0.160432,0.0060999999999999995
0.160436,0.0060999999999999995
0.16044,0.0060999999999999995
0.160444,0.0060999999999999995
0.160448,0.0060999999999999995
0.160452,0.0060999999999999995
0.160456,0.00488
0.16046,0.0060999999999999995
0.160464,0.0060999999999999995
0.160468,0.0060999999999999995
0.160472,0.00488
0.160476,0.0060999999999999995
0.16048,0.0060999999999999995
0.160484,0.0060999999999999995
0.160488,0.0060999999999999995
0.160492,0.0060999999999999995
0.160496,0.00488
0.1605,0.0060999999999999995
0.160504,0.00488
0.160508,0.0060999999999999995
0.160512,0.0060999999999999995
0.160516,0.0060999999999999995
0.16052,0.00488
0.160524,0.0060999999999999995
0.160528,0.00488
0.160532,0.00488
0.160536,0.0060999999999999995
0.16054,0.0060999999999999995
0.160544,0.00488
0.160548,0.00488
0.160552,0.0060999999999999995
0.160556,0.0060999999999999995
0.16056,0.0060999999999999995
0.160564,0.00488
0.160568,0.0060999999999999995
0.160572,0.0060999999999999995
0.160576,0.00488
0.16058,0.00488
0.160584,0.00488
0.160588,0.00488
0.160592,0.00488
0.160596,0.0060999999999999995
0.1606,0.00488
0.160604,0.00488
0.160608,0.00488
0.160612,0.00488
0.160616,0.00488
0.16062,0.00488
0.160624,0.00488
0.160628,0.00488
0.160632,0.00488
0.160636,0.00488
0.16064,0.00488
0.160644,0.00488
0.160648,0.00488
0.160652,0.00488
0.160656,0.00488
0.16066,0.00488
0.160664,0.00488
0.160668,0.00488
0.160672,0.00366
0.160676,0.00488
0.16068,0.00488
0.160684,0.00488
0.160688,0.0060999999999999995
0.160692,0.00488
0.160696,0.00366
0.1607,0.00488
0.160704,0.00488
0.160708,0.00366
0.160712,0.00366
0.160716,0.00488
0.16072,0.00488
0.160724,0.00488
0.160728,0.00488
0.160732,0.00366
0.160736,0.00366
0.16074,0.00488
0.160744,0.00366
0.160748,0.00366
0.160752,0.00488
0.160756,0.00366
0.16076,0.00366
0.160764,0.00366
0.160768,0.00366
0.160772,0.00366
0.160776,0.00366
0.16078,0.00366
0.160784,0.00366
0.160788,0.00244
0.160792,0.00366
0.160796,0.00244
0.1608,0.00366
0.160804,0.00366
0.160808,0.00366
0.160812,0.00366
0.160816,0.00366
0.16082,0.00366
0.160824,0.00244
0.160828,0.00366
0.160832,0.00366
0.160836,0.00366
0.16084,0.00366
0.160844,0.00366
0.160848,0.00366
0.160852,0.00366
0.160856,0.00366
0.16086,0.00244
0.160864,0.00366
0.160868,0.00366
0.160872,0.00244
0.160876,0.00244
0.16088,0.00244
0.160884,0.00244
0.160888,0.00366
0.160892,0.00244
0.160896,0.00244
0.1609,0.00244
0.160904,0.00244
0.160908,0.00244
0.160912,0.00366
0.160916,0.00366
0.16092,0.00244
0.160924,0.00366
0.160928,0.00366
0.160932,0.00366
0.160936,0.00244
0.16094,0.00244
0.160944,0.00244
0.160948,0.00244
0.160952,0.00244
0.160956,0.00244
0.16096,0.00244
0.160964,0.00244
0.160968,0.00366
0.160972,0.00122
0.160976,0.00244
0.16098,0.00244
0.160984,0.00244
0.160988,0.00244
0.160992,0.00244
0.160996,0.00244
0.161,0.00122
0.161004,0.00122
0.161008,0.00122
0.161012,0.00244
0.161016,0.00244
0.16102,0.00244
0.161024,0.00122
0.161028,0.00244
0.161032,0.00244
0.161036,0.00244
0.16104,0.00244
0.161044,0.00244
0.161048,0.00244
0.161052,0.00244
0.161056,0.00122
0.16106,0.00122
0.161064,0.00122
0.161068,0.00122
0.161072,0.00122
0.161076,0.00244
0.16108,0.00244
0.161084,0.00244
0.161088,0.00122
0.161092,0.00122
0.161096,0.00122
0.1611,0.00122
0.161104,0.00122
0.161108,0.00122
0.161112,0.00122
0.161116,0.00122
0.16112,0.00122
0.161124,0.00122
0.161128,0.00122
0.161132,0.00122
0.161136,0.00122
0.16114,0.00244
0.161144,0.00122
0.161148,0.00122
0.161152,0.00122
0.161156,0.00122
0.16116,0.00122
0.161164,0.00122
0.161168,0.0
0.161172,0.00122
0.161176,0.0
0.16118,0.0
0.161184,0.0
0.161188,0.00122
0.161192,0.00122
0.161196,0.0
0.1612,0.00122
0.161204,0.0
0.161208,0.0
0.161212,0.00122
0.161216,0.0
0.16122,0.0
0.161224,0.0
0.161228,0.0
0.161232,0.0
0.161236,0.00122
0.16124,0.0
0.161244,0.0
0.161248,0.0
0.161252,0.0
0.161256,0.0
0.16126,0.0
0.161264,0.0
0.161268,0.0
0.161272,0.0
0.161276,0.0
0.16128,0.0
0.161284,-0.00122
0.161288,0.0
0.161292,-0.00122
0.161296,0.0
0.1613,0.0
0.161304,0.0
0.161308,0.0
0.161312,-0.00122
0.161316,0.0
0.16132,0.0
0.161324,-0.00122
0.161328,0.0
0.161332,0.0
0.161336,-0.00122
0.16134,-0.00122
0.161344,-0.00122
0.161348,-0.00122
0.161352,0.0
0.161356,-0.00122
0.16136,-0.00122
0.161364,-0.00122
0.161368,0.0
0.161372,-0.00122
0.161376,0.0
0.16138,-0.00122
0.161384,-0.00122
0.161388,-0.00122
0.161392,-0.00122
0.161396,-0.00122
0.1614,-0.00122
0.161404,-0.00122
0.161408,-0.00122
0.161412,-0.00122
0.161416,-0.00122
0.16142,-0.00122
0.161424,-0.00122
0.161428,-0.00122
0.161432,-0.00122
0.161436,-0.00122
0.16144,-0.00122
0.161444,-0.00122
0.161448,-0.00122
0.161452,-0.00122
0.161456,-0.00122
0.16146,-0.00122
0.161464,-0.00122
0.161468,-0.00122
0.161472,-0.00122
0.161476,-0.00122
0.16148,-0.00122
0.161484,-0.00122
0.161488,-0.00122
0.161492,-0.00122
0.161496,-0.00122
0.1615,-0.00122
0.161504,-0.00122
0.161508,-0.00122
0.161512,-0.00122
0.161516,-0.00122
0.16152,-0.00122
0.161524,-0.00122
0.161528,-0.00122
0.161532,-0.00122
0.161536,-0.00122
0.16154,-0.00122
0.161544,-0.00122
0.161548,-0.00244
0.161552,-0.00122
0.161556,-0.00122
0.16156,-0.00122
0.161564,-0.00122
0.161568,-0.00122
0.161572,-0.00122
0.161576,-0.00122
0.16158,-0.00122
0.161584,-0.00122
0.161588,-0.00122
0.161592,-0.00244
0.161596,-0.00122
0.1616,-0.00122
0.161604,-0.00122
0.161608,-0.00122
0.161612,-0.00122
0.161616,-0.00122
0.16162,-0.00122
0.161624,-0.00122
0.161628,-0.00122
0.161632,-0.00122
0.161636,-0.00122
0.16164,-0.00122
0.161644,-0.00244
0.161648,-0.00122
0.161652,-0.00122
0.161656,-0.00122
0.16166,-0.00122
0.161664,-0.00122
0.161668,-0.00122
0.161672,-0.00122
0.161676,-0.00244
0.16168,-0.00122
0.161684,-0.00244
0.161688,-0.00244
0.161692,-0.00244
0.161696,-0.00244
0.1617,-0.00122
0.161704,-0.00122
0.161708,-0.00122
0.161712,-0.00244
0.161716,-0.00122
0.16172,-0.00122
0.161724,-0.00244
0.161728,-0.00244
0.161732,-0.00122
0.161736,-0.00244
0.16174,-0.00122
0.161744,-0.00244
0.161748,-0.00244
0.161752,-0.00244
0.161756,-0.00244
0.16176,-0.00244
0.161764,-0.00244
0.161768,-0.00122
0.161772,-0.00122
0.161776,-0.00244
0.16178,-0.00122
0.161784,-0.00122
0.161788,-0.00122
0.161792,-0.00122
0.161796,-0.00122
0.1618,-0.00244
0.161804,-0.00122
0.161808,-0.00122
0.161812,-0.00122
0.161816,-0.00122
0.16182,-0.00244
0.161824,-0.00122
0.161828,-0.00122
0.161832,-0.00122
0.161836,-0.00122
0.16184,-0.00244
0.161844,-0.00122
0.161848,-0.00122
0.161852,-0.00122
0.161856,-0.00244
0.16186,-0.00244
0.161864,-0.00244
0.161868,-0.00122
0.161872,-0.00122
0.161876,-0.00122
0.16188,-0.00122
0.161884,-0.00122
0.161888,-0.00122
0.161892,-0.00122
0.161896,-0.00244
0.1619,-0.00244
0.161904,-0.00122
0.161908,-0.00122
0.161912,-0.00122
0.161916,-0.00122
0.16192,-0.00244
0.161924,-0.00244
0.161928,-0.00122
0.161932,-0.00244
0.161936,-0.00122
0.16194,-0.00122
0.161944,-0.00122
0.161948,-0.00122
0.161952,-0.00244
0.161956,-0.00122
0.16196,-0.00122
0.161964,-0.00122
0.161968,-0.00122
0.161972,-0.00122
0.161976,-0.00122
0.16198,-0.00122
0.161984,-0.00122
0.161988,-0.00122
0.161992,-0.00122
0.161996,-0.00122
0.162,-0.00122
0.162004,-0.00122
0.162008,-0.00122
0.162012,-0.00244
0.162016,-0.00122
0.16202,-0.00122
0.162024,-0.00122
0.162028,-0.00122
0.162032,-0.00122
0.162036,-0.00122
0.16204,-0.00122
0.162044,-0.00122
0.162048,-0.00122
0.162052,-0.00122
0.162056,-0.00244
0.16206,-0.00122
0.162064,-0.00122
0.162068,-0.00122
0.162072,-0.00122
0.162076,-0.00122
0.16208,-0.00122
0.162084,-0.00122
0.162088,-0.00122
0.162092,0.0
0.162096,-0.00122
0.1621,-0.00122
0.162104,-0.00122
0.162108,-0.00122
0.162112,-0.00122
0.162116,-0.00122
0.16212,-0.00122
0.162124,-0.00122
0.162128,-0.00122
0.162132,-0.00122
0.162136,-0.00122
0.16214,-0.00122
0.162144,-0.00122
0.162148,-0.00122
0.162152,-0.00122
0.162156,-0.00122
0.16216,-0.00122
0.162164,-0.00122
0.162168,-0.00122
0.162172,-0.00122
0.162176,-0.00122
0.16218,-0.00122
0.162184,-0.00122
0.162188,-0.00122
0.162192,-0.00122
0.162196,0.0
0.1622,0.0
0.162204,-0.00122
0.162208,-0.00122
0.162212,-0.00122
0.162216,-0.00122
0.16222,-0.00122
0.162224,-0.00122
0.162228,-0.00122
0.162232,0.0
0.162236,-0.00122
0.16224,-0.00122
0.162244,-0.00122
0.162248,-0.00122
0.162252,0.0
0.162256,0.0
0.16226,-0.00122
0.162264,-0.00122
0.162268,-0.00122
0.162272,0.0
0.162276,-0.00122
0.16228,0.0
0.162284,-0.00122
0.162288,-0.00122
0.162292,0.0
0.162296,0.0
0.1623,0.0
0.162304,0.00122
0.162308,-0.00122
0.162312,0.0
0.162316,0.0
0.16232,0.00122
0.162324,0.0
0.162328,0.0
0.162332,-0.00122
0.162336,0.0
0.16234,0.0
0.162344,0.0
0.162348,0.0
0.162352,0.00122
0.162356,0.0
0.16236,0.00122
0.162364,0.00122
0.162368,0.00122
0.162372,0.00122
0.162376,0.0
0.16238,0.00122
0.162384,0.0
0.162388,0.00122
0.162392,0.0
0.162396,0.0
0.1624,0.00122
0.162404,0.00122
0.162408,0.00122
0.162412,0.00122
0.162416,0.00122
0.16242,0.00122
0.162424,0.00122
0.162428,0.00122
0.162432,0.0
0.162436,0.00122
0.16244,0.00122
0.162444,0.00122
0.162448,0.0
0.162452,0.00122
0.162456,0.00122
0.16246,0.00122
0.162464,0.00122
0.162468,0.00122
0.162472,0.00122
0.162476,0.00122
0.16248,0.00122
0.162484,0.00244
0.162488,0.00244
0.162492,0.00122
0.162496,0.00122
0.1625,0.0
0.162504,0.00122
0.162508,0.00122
0.162512,0.00122
0.162516,0.00122
0.16252,0.00122
0.162524,0.00122
0.162528,0.00122
0.162532,0.0
0.162536,0.00122
0.16254,0.00244
0.162544,0.00122
0.162548,0.00244
0.162552,0.00122
0.162556,0.00122
0.16256,0.00244
0.162564,0.00244
0.162568,0.00122
0.162572,0.00244
0.162576,0.00244
0.16258,0.00122
0.162584,0.00244
0.162588,0.00122
0.162592,0.00122
0.162596,0.00244
0.1626,0.00244
0.162604,0.00244
0.162608,0.00244
0.162612,0.00122
0.162616,0.00244
0.16262,0.00244
0.162624,0.00244
0.162628,0.00244
0.162632,0.00244
0.162636,0.00122
0.16264,0.00244
0.162644,0.00244
0.162648,0.00366
0.162652,0.00244
0.162656,0.00244
0.16266,0.00244
0.162664,0.00122
0.162668,0.00244
0.162672,0.00244
0.162676,0.00244
0.16268,0.00244
0.162684,0.00244
0.162688,0.00244
0.162692,0.00244
0.162696,0.00244
0.1627,0.00244
0.162704,0.00244
0.162708,0.00244
0.162712,0.00244
0.162716,0.00244
0.16272,0.00244
0.162724,0.00244
0.162728,0.00366
0.162732,0.00366
0.162736,0.00366
0.16274,0.00366
0.162744,0.00366
0.162748,0.00244
0.162752,0.00244
0.162756,0.00366
0.16276,0.00366
0.162764,0.00366
0.162768,0.00244
0.162772,0.00366
0.162776,0.00366
0.16278,0.00366
0.162784,0.00366
0.162788,0.00244
0.162792,0.00366
0.162796,0.00366
0.1628,0.00366
0.162804,0.00366
0.162808,0.00488
0.162812,0.00366
0.162816,0.00366
0.16282,0.00366
0.162824,0.00366
0.162828,0.00488
0.162832,0.00366
0.162836,0.00366
0.16284,0.00488
0.162844,0.00366
0.162848,0.00366
0.162852,0.00366
0.162856,0.00366
0.16286,0.00366
0.162864,0.00366
0.162868,0.00366
0.162872,0.00488
0.162876,0.00488
0.16288,0.00366
0.162884,0.00488
0.162888,0.00488
0.162892,0.00488
0.162896,0.00488
0.1629,0.00488
0.162904,0.00488
0.162908,0.00488
0.162912,0.00488
0.162916,0.00488
0.16292,0.00488
0.162924,0.00366
0.162928,0.00366
0.162932,0.00366
0.162936,0.00488
0.16294,0.00366
0.162944,0.00488
0.162948,0.00488
0.162952,0.00488
0.162956,0.00366
0.16296,0.00488
0.162964,0.00488
0.162968,0.00488
0.162972,0.00488
0.162976,0.00488
0.16298,0.00488
0.162984,0.0060999999999999995
0.162988,0.00488
0.162992,0.00488
0.162996,0.00488
0.163,0.0060999999999999995
0.163004,0.00488
0.163008,0.0060999999999999995
0.163012,0.00488
0.163016,0.00488
0.16302,0.00488
0.163024,0.0060999999999999995
0.163028,0.00488
0.163032,0.00488
0.163036,0.0060999999999999995
0.16304,0.0060999999999999995
0.163044,0.0060999999999999995
0.163048,0.00488
0.163052,0.00366
0.163056,0.0060999999999999995
0.16306,0.0060999999999999995
0.163064,0.00488
0.163068,0.0060999999999999995
0.163072,0.00488
0.163076,0.0060999999999999995
0.16308,0.0060999999999999995
0.163084,0.0060999999999999995
0.163088,0.0060999999999999995
0.163092,0.00488
0.163096,0.0060999999999999995
0.1631,0.0060999999999999995
0.163104,0.00488
0.163108,0.00488
0.163112,0.0060999999999999995
0.163116,0.0060999999999999995
0.16312,0.0060999999999999995
0.163124,0.0060999999999999995
0.163128,0.0060999999999999995
0.163132,0.0060999999999999995
0.163136,0.00488
0.16314,0.0060999999999999995
0.163144,0.0060999999999999995
0.163148,0.0060999999999999995
0.163152,0.0060999999999999995
0.163156,0.0060999999999999995
0.16316,0.0060999999999999995
0.163164,0.0060999999999999995
0.163168,0.00732
0.163172,0.0060999999999999995
0.163176,0.0060999999999999995
0.16318,0.0060999999999999995
0.163184,0.0060999999999999995
0.163188,0.0060999999999999995
0.163192,0.0060999999999999995
0.163196,0.0060999999999999995
0.1632,0.0060999999999999995
0.163204,0.0060999999999999995
0.163208,0.00732
0.163212,0.0060999999999999995
0.163216,0.0060999999999999995
0.16322,0.00732
0.163224,0.0060999999999999995
0.163228,0.00732
0.163232,0.0060999999999999995
0.163236,0.00732
0.16324,0.0060999999999999995
0.163244,0.0060999999999999995
0.163248,0.0060999999999999995
0.163252,0.0060999999999999995
0.163256,0.0060999999999999995
0.16326,0.00732
0.163264,0.00732
0.163268,0.0060999999999999995
0.163272,0.00732
0.163276,0.00732
0.16328,0.00732
0.163284,0.00732
0.163288,0.0060999999999999995
0.163292,0.00732
0.163296,0.00732
0.1633,0.00732
0.163304,0.00732
0.163308,0.00732
0.163312,0.00732
0.163316,0.0060999999999999995
0.16332,0.00732
0.163324,0.00732
0.163328,0.00732
0.163332,0.00732
0.163336,0.00732
0.16334,0.00732
0.163344,0.00732
0.163348,0.00732
0.163352,0.00732
0.163356,0.00732
0.16336,0.008539999999999999
0.163364,0.00732
0.163368,0.00732
0.163372,0.00732
0.163376,0.00732
0.16338,0.00732
0.163384,0.00732
0.163388,0.00732
0.163392,0.00732
0.163396,0.00732
0.1634,0.00732
0.163404,0.00732
0.163408,0.0060999999999999995
0.163412,0.00732
0.163416,0.00732
0.16342,0.00732
0.163424,0.00732
0.163428,0.00732
0.163432,0.00732
0.163436,0.00732
0.16344,0.00732
0.163444,0.00732
0.163448,0.00732
0.163452,0.008539999999999999
0.163456,0.00732
0.16346,0.00732
0.163464,0.00732
0.163468,0.00732
0.163472,0.00732
0.163476,0.00732
0.16348,0.00732
0.163484,0.00732
0.163488,0.00732
0.163492,0.00732
0.163496,0.00732
0.1635,0.008539999999999999
0.163504,0.008539999999999999
0.163508,0.00732
0.163512,0.00732
0.163516,0.00732
0.16352,0.00732
0.163524,0.00732
0.163528,0.00732
0.163532,0.00732
0.163536,0.00732
0.16354,0.00732
0.163544,0.00732
0.163548,0.00732
0.163552,0.00732
0.163556,0.00732
0.16356,0.00732
0.163564,0.00732
0.163568,0.00732
0.163572,0.00732
0.163576,0.00732
0.16358,0.008539999999999999
0.163584,0.008539999999999999
0.163588,0.00732
0.163592,0.00732
0.163596,0.00732
0.1636,0.00732
0.163604,0.00732
0.163608,0.008539999999999999
0.163612,0.00732
0.163616,0.00732
0.16362,0.00732
0.163624,0.00732
0.163628,0.00732
0.163632,0.00732
0.163636,0.00732
0.16364,0.00732
0.163644,0.00732
0.163648,0.00732
0.163652,0.00732
0.163656,0.008539999999999999
0.16366,0.00732
0.163664,0.00732
0.163668,0.00732
0.163672,0.00732
0.163676,0.00732
0.16368,0.00732
0.163684,0.008539999999999999
0.163688,0.00732
0.163692,0.00732
0.163696,0.00732
0.1637,0.00732
0.163704,0.00732
0.163708,0.00732
0.163712,0.00732
0.163716,0.00732
0.16372,0.008539999999999999
0.163724,0.00732
0.163728,0.00732
0.163732,0.00732
0.163736,0.00732
0.16374,0.00732
0.163744,0.00732
0.163748,0.00732
0.163752,0.00732
0.163756,0.00732
0.16376,0.00732
0.163764,0.008539999999999999
0.163768,0.008539999999999999
0.163772,0.00732
0.163776,0.0060999999999999995
0.16378,0.00732
0.163784,0.00732
0.163788,0.00732
0.163792,0.00732
0.163796,0.00732
0.1638,0.00732
0.163804,0.00732
0.163808,0.00732
0.163812,0.00732
0.163816,0.0060999999999999995
0.16382,0.008539999999999999
0.163824,0.00732
0.163828,0.00732
0.163832,0.00732
0.163836,0.00732
0.16384,0.00732
0.163844,0.00732
0.163848,0.00732
0.163852,0.00732
0.163856,0.00732
0.16386,0.00732
0.163864,0.00732
0.163868,0.00732
0.163872,0.0060999999999999995
0.163876,0.00732
0.16388,0.00732
0.163884,0.00732
0.163888,0.00732
0.163892,0.00732
0.163896,0.00732
0.1639,0.00732
0.163904,0.0060999999999999995
0.163908,0.00732
0.163912,0.00732
0.163916,0.0060999999999999995
0.16392,0.00732
0.163924,0.00732
0.163928,0.00732
0.163932,0.00732
0.163936,0.00732
0.16394,0.00732
0.163944,0.00732
0.163948,0.00732
0.163952,0.0060999999999999995
0.163956,0.0060999999999999995
0.16396,0.00732
0.163964,0.00732
0.163968,0.0060999999999999995
0.163972,0.00732
0.163976,0.00732
0.16398,0.00732
0.163984,0.00732
0.163988,0.00732
0.163992,0.00732
0.163996,0.00732
0.164,0.00732
0.164004,0.00732
0.164008,0.00732
0.164012,0.00732
0.164016,0.00732
0.16402,0.00732
0.164024,0.00732
0.164028,0.00732
0.164032,0.0060999999999999995
0.164036,0.00732
0.16404,0.0060999999999999995
0.164044,0.00732
0.164048,0.00732
0.164052,0.0060999999999999995
0.164056,0.00732
0.16406,0.0060999999999999995
0.164064,0.00732
0.164068,0.0060999999999999995
0.164072,0.00732
0.164076,0.00732
0.16408,0.00732
0.164084,0.00732
0.164088,0.00732
0.164092,0.0060999999999999995
0.164096,0.00732
0.1641,0.00732
0.164104,0.0060999999999999995
0.164108,0.0060999999999999995
0.164112,0.0060999999999999995
0.164116,0.00732
0.16412,0.0060999999999999995
0.164124,0.0060999999999999995
0.164128,0.0060999999999999995
0.164132,0.00732
0.164136,0.0060999999999999995
0.16414,0.0060999999999999995
0.164144,0.00732
0.164148,0.0060999999999999995
0.164152,0.00732
0.164156,0.00732
0.16416,0.00732
0.164164,0.0060999999999999995
0.164168,0.00732
0.164172,0.0060999999999999995
0.164176,0.0060999999999999995
0.16418,0.0060999999999999995
0.164184,0.0060999999999999995
0.164188,0.00732
0.164192,0.00732
0.164196,0.0060999999999999995
0.1642,0.0060999999999999995
0.164204,0.0060999999999999995
0.164208,0.0060999999999999995
0.164212,0.0060999999999999995
0.164216,0.00732
0.16422,0.00732
0.164224,0.0060999999999999995
0.164228,0.0060999999999999995
0.164232,0.0060999999999999995
0.164236,0.0060999999999999995
0.16424,0.0060999999999999995
0.164244,0.0060999999999999995
0.164248,0.00488
0.164252,0.0060999999999999995
0.164256,0.0060999999999999995
0.16426,0.0060999999999999995
0.164264,0.0060999999999999995
0.164268,0.0060999999999999995
0.164272,0.0060999999999999995
0.164276,0.0060999999999999995
0.16428,0.00488
0.164284,0.0060999999999999995
0.164288,0.00488
0.164292,0.00488
0.164296,0.0060999999999999995
0.1643,0.0060999999999999995
0.164304,0.00732
0.164308,0.00488
0.164312,0.0060999999999999995
0.164316,0.0060999999999999995
0.16432,0.0060999999999999995
0.164324,0.00488
0.164328,0.00488
0.164332,0.00488
0.164336,0.00488
0.16434,0.0060999999999999995
0.164344,0.00488
0.164348,0.00488
0.164352,0.00488
0.164356,0.0060999999999999995
0.16436,0.00488
0.164364,0.00488
0.164368,0.0060999999999999995
0.164372,0.0060999999999999995
0.164376,0.00488
0.16438,0.00488
0.164384,0.00488
0.164388,0.00488
0.164392,0.00488
0.164396,0.00488
0.1644,0.0060999999999999995
0.164404,0.00488
0.164408,0.00488
0.164412,0.00488
0.164416,0.00488
0.16442,0.00488
0.164424,0.0060999999999999995
0.164428,0.00366
0.164432,0.00488
0.164436,0.00488
0.16444,0.00488
0.164444,0.00488
0.164448,0.00488
0.164452,0.00366
0.164456,0.00488
0.16446,0.00488
0.164464,0.00488
0.164468,0.00488
0.164472,0.00488
0.164476,0.00488
0.16448,0.00488
0.164484,0.00366
0.164488,0.00366
0.164492,0.00488
0.164496,0.00488
0.1645,0.00366
0.164504,0.00366
0.164508,0.00366
0.164512,0.00488
0.164516,0.00488
0.16452,0.00488
0.164524,0.00366
0.164528,0.00366
0.164532,0.00366
0.164536,0.00488
0.16454,0.00366
0.164544,0.00488
0.164548,0.00488
0.164552,0.00366
0.164556,0.00488
0.16456,0.00366
0.164564,0.00366
0.164568,0.00366
0.164572,0.00366
0.164576,0.00366
0.16458,0.00488
0.164584,0.00366
0.164588,0.00366
0.164592,0.00366
0.164596,0.00366
0.1646,0.00366
0.164604,0.00366
0.164608,0.00366
0.164612,0.00366
0.164616,0.00244
0.16462,0.00366
0.164624,0.00366
0.164628,0.00366
0.164632,0.00366
0.164636,0.00366
0.16464,0.00366
0.164644,0.00366
0.164648,0.00366
0.164652,0.00366
0.164656,0.00366
0.16466,0.00366
0.164664,0.00366
0.164668,0.00244
0.164672,0.00366
0.164676,0.00366
0.16468,0.00244
0.164684,0.00366
0.164688,0.00244
0.164692,0.00366
0.164696,0.00366
0.1647,0.00366
0.164704,0.00366
0.164708,0.00244
0.164712,0.00366
0.164716,0.00244
0.16472,0.00366
0.164724,0.00366
0.164728,0.00244
0.164732,0.00244
0.164736,0.00366
0.16474,0.00244
0.164744,0.00244
0.164748,0.00244
0.164752,0.00244
0.164756,0.00244
0.16476,0.00244
0.164764,0.00366
0.164768,0.00366
0.164772,0.00366
0.164776,0.00244
0.16478,0.00244
0.164784,0.00244
0.164788,0.00244
0.164792,0.00244
0.164796,0.00366
0.1648,0.00244
0.164804,0.00244
0.164808,0.00244
0.164812,0.00244
0.164816,0.00366
0.16482,0.00244
0.164824,0.00244
0.164828,0.00244
0.164832,0.00244
0.164836,0.00244
0.16484,0.00244
0.164844,0.00244
0.164848,0.00244
0.164852,0.00244
0.164856,0.00244
0.16486,0.00244
0.164864,0.00366
0.164868,0.00366
0.164872,0.00244
0.164876,0.00244
0.16488,0.00244
0.164884,0.00244
0.164888,0.00244
0.164892,0.00244
0.164896,0.00244
0.1649,0.00244
0.164904,0.00122
0.164908,0.00244
0.164912,0.00244
0.164916,0.00366
0.16492,0.00244
0.164924,0.00244
0.164928,0.00366
0.164932,0.00244
0.164936,0.00244
0.16494,0.00366
0.164944,0.00244
0.164948,0.00244
0.164952,0.00244
0.164956,0.00244
0.16496,0.00122
0.164964,0.00244
0.164968,0.00244
0.164972,0.00244
0.164976,0.00244
0.16498,0.00122
0.164984,0.00244
0.164988,0.00244
0.164992,0.00244
0.164996,0.00244
0.165,0.00244
0.165004,0.00122
0.165008,0.00244
0.165012,0.00244
0.165016,0.00244
0.16502,0.00244
0.165024,0.00244
0.165028,0.00244
0.165032,0.00244
0.165036,0.00244
0.16504,0.00244
0.165044,0.00122
0.165048,0.00122
0.165052,0.00244
0.165056,0.00244
0.16506,0.00244
0.165064,0.00244
0.165068,0.00122
0.165072,0.00244
0.165076,0.00122
0.16508,0.00244
0.165084,0.00244
0.165088,0.00244
0.165092,0.00122
0.165096,0.00122
0.1651,0.00122
0.165104,0.00122
0.165108,0.00122
0.165112,0.00122
0.165116,0.00244
0.16512,0.00122
0.165124,0.00122
0.165128,0.00122
0.165132,0.00122
0.165136,0.00122
0.16514,0.00244
0.165144,0.00244
0.165148,0.00122
0.165152,0.00122
0.165156,0.00244
0.16516,0.00244
0.165164,0.00122
0.165168,0.00122
0.165172,0.00244
0.165176,0.00122
0.16518,0.00244
0.165184,0.00122
0.165188,0.00244
0.165192,0.00122
0.165196,0.00122
0.1652,0.00122
0.165204,0.00122
0.165208,0.00122
0.165212,0.00122
0.165216,0.00122
0.16522,0.00122
0.165224,0.00122
0.165228,0.00122
0.165232,0.00122
0.165236,0.00122
0.16524,0.00122
0.165244,0.00122
0.165248,0.00122
0.165252,0.00122
0.165256,0.00122
0.16526,0.00122
0.165264,0.00244
0.165268,0.00122
0.165272,0.00122
0.165276,0.00122
0.16528,0.00122
0.165284,0.00122
0.165288,0.00122
0.165292,0.00122
0.165296,0.0
0.1653,0.00122
0.165304,0.00122
0.165308,0.00122
0.165312,0.00122
0.165316,0.00122
0.16532,0.00122
0.165324,0.00122
0.165328,0.00122
0.165332,0.00122
0.165336,0.00122
0.16534,0.00122
0.165344,0.00122
0.165348,0.00122
0.165352,0.00122
0.165356,0.00122
0.16536,0.00122
0.165364,0.00122
0.165368,0.00122
0.165372,0.0
0.165376,0.00122
0.16538,0.0
0.165384,0.0
0.165388,0.0
0.165392,0.0
0.165396,0.00122
0.1654,0.00122
0.165404,0.0
0.165408,0.00122
0.165412,0.00122
0.165416,0.0
0.16542,0.00122
0.165424,0.00122
0.165428,0.00122
0.165432,0.00122
0.165436,0.00122
0.16544,0.00122
0.165444,0.00122
0.165448,0.00122
0.165452,0.00122
0.165456,0.00122
0.16546,0.00122
0.165464,0.0
0.165468,0.00122
0.165472,0.00122
0.165476,0.00122
0.16548,0.00122
0.165484,0.00122
0.165488,0.00122
0.165492,0.0
0.165496,0.00122
0.1655,0.00122
0.165504,0.0
0.165508,0.00122
0.165512,0.00122
0.165516,0.00122
0.16552,0.00122
0.165524,0.0
0.165528,0.00122
0.165532,0.00122
0.165536,0.00122
0.16554,0.00122
0.165544,0.0
0.165548,0.00122
0.165552,0.00122
0.165556,0.00122
0.16556,0.00122
0.165564,0.0
0.165568,0.00122
0.165572,0.00122
0.165576,0.00122
0.16558,0.00122
0.165584,0.00122
0.165588,0.00122
0.165592,0.0
0.165596,0.00122
0.1656,0.00122
0.165604,0.00122
0.165608,0.00122
0.165612,0.00122
0.165616,0.00122
0.16562,0.0
0.165624,0.00122
0.165628,0.00122
0.165632,0.00122
0.165636,0.0
0.16564,0.00122
0.165644,0.00122
0.165648,0.00122
0.165652,0.00122
0.165656,0.0
0.16566,0.00122
0.165664,0.00122
0.165668,0.00122
0.165672,0.00122
0.165676,0.0
0.16568,0.00122
0.165684,0.00122
0.165688,0.0
0.165692,0.0
0.165696,0.00122
0.1657,0.00122
0.165704,0.00122
0.165708,0.00122
0.165712,0.00122
0.165716,0.0
0.16572,0.00122
0.165724,0.00122
0.165728,0.0
0.165732,0.00122
0.165736,0.00122
0.16574,0.00122
0.165744,0.00122
0.165748,0.00122
0.165752,0.0
0.165756,0.00122
0.16576,0.0
0.165764,0.00122
0.165768,0.00122
0.165772,0.00122
0.165776,0.00122
0.16578,0.00122
0.165784,0.0
0.165788,0.00122
0.165792,0.0
0.165796,0.0
0.1658,0.00122
0.165804,0.00122
0.165808,0.00122
0.165812,0.00122
0.165816,0.00122
0.16582,0.00122
0.165824,0.00122
0.165828,0.0
0.165832,0.00122
0.165836,0.0
0.16584,0.00122
0.165844,0.00122
0.165848,0.0
0.165852,0.00122
0.165856,0.0
0.16586,0.00122
0.165864,0.00122
0.165868,0.00122
0.165872,0.0
0.165876,0.0
0.16588,0.00122
0.165884,0.00122
0.165888,0.00122
0.165892,0.0
0.165896,0.0
0.1659,0.00122
0.165904,0.00122
0.165908,0.0
0.165912,0.00122
0.165916,0.00122
0.16592,0.0
0.165924,0.00122
0.165928,0.00122
0.165932,0.00122
0.165936,0.00122
0.16594,0.00122
0.165944,0.0
0.165948,0.0
0.165952,0.00122
0.165956,0.00122
0.16596,0.00122
0.165964,0.0
0.165968,0.00122
0.165972,0.00122
0.165976,0.00122
0.16598,0.00122
0.165984,0.00122
0.165988,0.00122
0.165992,0.0
0.165996,0.0
0.166,0.00122
0.166004,0.00122
0.166008,0.00122
0.166012,0.0
0.166016,0.00122
0.16602,0.00122
0.166024,0.00122
0.166028,0.0
0.166032,0.00122
0.166036,0.0
0.16604,0.00122
0.166044,0.00122
0.166048,0.00122
0.166052,0.00122
0.166056,0.00122
0.16606,0.00122
0.166064,0.00122
0.166068,0.00122
0.166072,0.00122
0.166076,0.00122
0.16608,0.00122
0.166084,0.0
0.166088,0.00122
0.166092,0.00122
0.166096,0.00122
0.1661,0.00122
0.166104,0.0
0.166108,0.00244
0.166112,0.00122
0.166116,0.00122
0.16612,0.0
0.166124,0.00122
0.166128,0.00122
0.166132,0.00122
0.166136,0.00122
0.16614,0.00122
0.166144,0.0
0.166148,0.0
0.166152,0.00122
0.166156,0.00122
0.16616,0.0
0.166164,0.00122
0.166168,0.00122
0.166172,0.00122
0.166176,0.00122
0.16618,0.00122
0.166184,0.00122
0.166188,0.00122
0.166192,0.00122
0.166196,0.00122
0.1662,0.0
0.166204,0.00122
0.166208,0.00122
0.166212,0.00122
0.166216,0.00122
0.16622,0.00122
0.166224,0.00122
0.166228,0.00122
0.166232,0.00122
0.166236,0.00122
0.16624,0.00122
0.166244,0.0
0.166248,0.0
0.166252,0.00122
0.166256,0.0
0.16626,0.00122
0.166264,0.00122
0.166268,0.00122
0.166272,0.00122
0.166276,0.00122
0.16628,0.00122
0.166284,0.00122
0.166288,0.00122
0.166292,0.0
0.166296,0.00122
0.1663,0.00122
0.166304,0.0
0.166308,0.00122
0.166312,0.00122
0.166316,0.00122
0.16632,0.00122
0.166324,0.00122
0.166328,0.00122
0.166332,0.00122
0.166336,0.00122
0.16634,0.00122
0.166344,0.00122
0.166348,0.00122
0.166352,0.00122
0.166356,0.00122
0.16636,0.00122
0.166364,0.00122
0.166368,0.0
0.166372,0.0
0.166376,0.0
0.16638,0.0
0.166384,0.00122
0.166388,0.00122
0.166392,0.00122
0.166396,0.00122
0.1664,0.00122
0.166404,0.00122
0.166408,0.00122
0.166412,0.00122
0.166416,0.00122
0.16642,0.00122
0.166424,0.00122
0.166428,0.00122
0.166432,0.00122
0.166436,0.00122
0.16644,0.00122
0.166444,0.00244
0.166448,0.00122
0.166452,0.0
0.166456,0.00122
0.16646,0.00122
0.166464,0.00244
0.166468,0.00122
0.166472,0.00122
0.166476,0.00122
0.16648,0.00122
0.166484,0.00122
0.166488,0.00122
0.166492,0.00122
0.166496,0.00122
0.1665,0.00122
0.166504,0.00122
0.166508,0.00122
0.166512,0.00122
0.166516,0.00122
0.16652,0.00122
0.166524,0.00122
0.166528,0.00122
0.166532,0.00122
0.166536,0.00122
0.16654,0.0
0.166544,0.00122
0.166548,0.00122
0.166552,0.00122
0.166556,0.00122
0.16656,0.00122
0.166564,0.00122
0.166568,0.00122
0.166572,0.00122
0.166576,0.00122
0.16658,0.00122
0.166584,0.00122
0.166588,0.00122
0.166592,0.00122
0.166596,0.00122
0.1666,0.00122
0.166604,0.00122
0.166608,0.00122
0.166612,0.00122
0.166616,0.00122
0.16662,0.00122
0.166624,0.00122
0.166628,0.00122
0.166632,0.00122
0.166636,0.00244
0.16664,0.00244
0.166644,0.00122
0.166648,0.00122
0.166652,0.00122
0.166656,0.00122
0.16666,0.00122
0.166664,0.00122
0.166668,0.00122
0.166672,0.00122
0.166676,0.00122
0.16668,0.00122
0.166684,0.00122
0.166688,0.00122
0.166692,0.00122
0.166696,0.00122
0.1667,0.00122
0.166704,0.00122
0.166708,0.00122
0.166712,0.00122
0.166716,0.00122
0.16672,0.00122
0.166724,0.00244
0.166728,0.00122
0.166732,0.00122
0.166736,0.00122
0.16674,0.00122
0.166744,0.00122
0.166748,0.00244
0.166752,0.00122
0.166756,0.00244
0.16676,0.00122
0.166764,0.00244
0.166768,0.00244
0.166772,0.00122
0.166776,0.00244
0.16678,0.00244
0.166784,0.00244
0.166788,0.00122
0.166792,0.00244
0.166796,0.00244
0.1668,0.00244
0.166804,0.00244
0.166808,0.00122
0.166812,0.00122
0.166816,0.00244
0.16682,0.00122
0.166824,0.00244
0.166828,0.00244
0.166832,0.00244
0.166836,0.00122
0.16684,0.00122
0.166844,0.00122
0.166848,0.00122
0.166852,0.00244
0.166856,0.00244
0.16686,0.00244
0.166864,0.00122
0.166868,0.00244
0.166872,0.00122
0.166876,0.00244
0.16688,0.00244
0.166884,0.00244
0.166888,0.00244
0.166892,0.00122
0.166896,0.00244
0.1669,0.00244
0.166904,0.00122
0.166908,0.00122
0.166912,0.00122
0.166916,0.00244
0.16692,0.00244
0.166924,0.00244
0.166928,0.00122
0.166932,0.00244
0.166936,0.00244
0.16694,0.00244
0.166944,0.00244
0.166948,0.00122
0.166952,0.00244
0.166956,0.00244
0.16696,0.00122
0.166964,0.00244
0.166968,0.00122
0.166972,0.00244
0.166976,0.00244
0.16698,0.00244
0.166984,0.00244
0.166988,0.00244
0.166992,0.00122
0.166996,0.00122
0.167,0.00244
0.167004,0.00244
0.167008,0.00244
0.167012,0.00244
0.167016,0.00244
0.16702,0.00244
0.167024,0.00244
0.167028,0.00244
0.167032,0.00244
0.167036,0.00244
0.16704,0.00366
0.167044,0.00244
0.167048,0.00244
0.167052,0.00244
0.167056,0.00244
0.16706,0.00244
0.167064,0.00244
0.167068,0.00244
0.167072,0.00244
0.167076,0.00244
0.16708,0.00244
0.167084,0.00244
0.167088,0.00244
0.167092,0.00244
0.167096,0.00366
0.1671,0.00244
0.167104,0.00244
0.167108,0.00244
0.167112,0.00244
0.167116,0.00244
0.16712,0.00244
0.167124,0.00244
0.167128,0.00244
0.167132,0.00244
0.167136,0.00244
0.16714,0.00244
0.167144,0.00244
0.167148,0.00366
0.167152,0.00244
0.167156,0.00244
0.16716,0.00366
0.167164,0.00366
0.167168,0.00244
0.167172,0.00244
0.167176,0.00244
0.16718,0.00244
0.167184,0.00244
0.167188,0.00244
0.167192,0.00244
0.167196,0.00244
0.1672,0.00244
0.167204,0.00244
0.167208,0.00244
0.167212,0.00366
0.167216,0.00366
0.16722,0.00244
0.167224,0.00366
0.167228,0.00366
0.167232,0.00244
0.167236,0.00244
0.16724,0.00244
0.167244,0.00244
0.167248,0.00366
0.167252,0.00244
0.167256,0.00366
0.16726,0.00366
0.167264,0.00244
0.167268,0.00366
0.167272,0.00244
0.167276,0.00366
0.16728,0.00366
0.167284,0.00244
0.167288,0.00244
0.167292,0.00366
0.167296,0.00366
0.1673,0.00244
0.167304,0.00366
0.167308,0.00366
0.167312,0.00244
0.167316,0.00244
0.16732,0.00366
0.167324,0.00244
0.167328,0.00366
0.167332,0.00244
0.167336,0.00366
0.16734,0.00366
0.167344,0.00244
0.167348,0.00366
0.167352,0.00366
0.167356,0.00366
0.16736,0.00244
0.167364,0.00366
0.167368,0.00366
0.167372,0.00366
0.167376,0.00366
0.16738,0.00366
0.167384,0.00244
0.167388,0.00366
0.167392,0.00366
0.167396,0.00366
0.1674,0.00366
0.167404,0.00366
0.167408,0.00366
0.167412,0.00366
0.167416,0.00366
0.16742,0.00244
0.167424,0.00366
0.167428,0.00366
0.167432,0.00366
0.167436,0.00366
0.16744,0.00366
0.167444,0.00366
0.167448,0.00244
0.167452,0.00366
0.167456,0.00366
0.16746,0.00366
0.167464,0.00366
0.167468,0.00366
0.167472,0.00366
0.167476,0.00366
0.16748,0.00366
0.167484,0.00366
0.167488,0.00366
0.167492,0.00366
0.167496,0.00366
0.1675,0.00366
0.167504,0.00366
0.167508,0.00366
0.167512,0.00366
0.167516,0.00366
0.16752,0.00366
0.167524,0.00366
0.167528,0.00488
0.167532,0.00366
0.167536,0.00488
0.16754,0.00366
0.167544,0.00366
0.167548,0.00366
0.167552,0.00366
0.167556,0.00366
0.16756,0.00366
0.167564,0.00366
0.167568,0.00366
0.167572,0.00366
0.167576,0.00366
0.16758,0.00366
0.167584,0.00366
0.167588,0.00366
0.167592,0.00366
0.167596,0.00366
0.1676,0.00366
0.167604,0.00366
0.167608,0.00366
0.167612,0.00488
0.167616,0.00366
0.16762,0.00366
0.167624,0.00366
0.167628,0.00366
0.167632,0.00366
0.167636,0.00366
0.16764,0.00488
0.167644,0.00366
0.167648,0.00488
0.167652,0.00366
0.167656,0.00366
0.16766,0.00366
0.167664,0.00366
0.167668,0.00366
0.167672,0.00366
0.167676,0.00366
0.16768,0.00366
0.167684,0.00366
0.167688,0.00366
0.167692,0.00366
0.167696,0.00366
0.1677,0.00366
0.167704,0.00366
0.167708,0.00488
0.167712,0.00244
0.167716,0.00366
0.16772,0.00488
0.167724,0.00366
0.167728,0.00366
0.167732,0.00366
0.167736,0.00366
0.16774,0.00366
0.167744,0.00488
0.167748,0.00366
0.167752,0.00366
0.167756,0.00488
0.16776,0.00488
0.167764,0.00488
0.167768,0.00488
0.167772,0.00366
0.167776,0.00366
0.16778,0.00366
0.167784,0.00366
0.167788,0.00488
0.167792,0.00488
0.167796,0.00488
0.1678,0.00366
0.167804,0.00488
0.167808,0.00488
0.167812,0.00366
0.167816,0.00488
0.16782,0.00488
0.167824,0.00366
0.167828,0.00488
0.167832,0.00366
0.167836,0.00488
0.16784,0.00366
0.167844,0.00366
0.167848,0.00488
0.167852,0.00488
0.167856,0.00366
0.16786,0.00488
0.167864,0.00366
0.167868,0.00366
0.167872,0.00488
0.167876,0.00488
0.16788,0.00366
0.167884,0.00488
0.167888,0.00366
0.167892,0.00366
0.167896,0.00488
0.1679,0.00488
0.167904,0.00366
0.167908,0.00366
0.167912,0.00366
0.167916,0.00488
0.16792,0.00366
0.167924,0.00488
0.167928,0.00488
0.167932,0.00366
0.167936,0.00366
0.16794,0.00366
0.167944,0.00488
0.167948,0.00366
0.167952,0.00488
0.167956,0.00488
0.16796,0.00366
0.167964,0.00366
0.167968,0.00488
0.167972,0.00488
0.167976,0.00488
0.16798,0.00488
0.167984,0.00366
0.167988,0.00366
0.167992,0.00488
0.167996,0.00488
0.168,0.00488
0.168004,0.00488
0.168008,0.00488
0.168012,0.00366
0.168016,0.00488
0.16802,0.00488
0.168024,0.00366
0.168028,0.00488
0.168032,0.00488
0.168036,0.00366
0.16804,0.00488
0.168044,0.00488
0.168048,0.00488
0.168052,0.00366
0.168056,0.00366
0.16806,0.00366
0.168064,0.00488
0.168068,0.00488
0.168072,0.00488
0.168076,0.00488
0.16808,0.00488
0.168084,0.00488
0.168088,0.00366
0.168092,0.00488
0.168096,0.00366
0.1681,0.00488
0.168104,0.00488
0.168108,0.00488
0.168112,0.00488
0.168116,0.00366
0.16812,0.00366
0.168124,0.00488
0.168128,0.00488
0.168132,0.00366
0.168136,0.00366
0.16814,0.00488
0.168144,0.00488
0.168148,0.00366
0.168152,0.00366
0.168156,0.00488
0.16816,0.00366
0.168164,0.00366
0.168168,0.00488
0.168172,0.00488
0.168176,0.00488
0.16818,0.00488
0.168184,0.00488
0.168188,0.00366
0.168192,0.00488
0.168196,0.00366
0.1682,0.00366
0.168204,0.00488
0.168208,0.00488
0.168212,0.00488
0.168216,0.00488
0.16822,0.00366
0.168224,0.00366
0.168228,0.00488
0.168232,0.00488
0.168236,0.00366
0.16824,0.00488
0.168244,0.00488
0.168248,0.00488
0.168252,0.00488
0.168256,0.00366
0.16826,0.00366
0.168264,0.00488
0.168268,0.00488
0.168272,0.00366
0.168276,0.00366
0.16828,0.00488
0.168284,0.00366
0.168288,0.00366
0.168292,0.00366
0.168296,0.00366
0.1683,0.00366
0.168304,0.00366
0.168308,0.00488
0.168312,0.00366
0.168316,0.00366
0.16832,0.00366
0.168324,0.00366
0.168328,0.00366
0.168332,0.00366
0.168336,0.00366
0.16834,0.00366
0.168344,0.00366
0.168348,0.00366
0.168352,0.00366
0.168356,0.00366
0.16836,0.00366
0.168364,0.00488
0.168368,0.00366
0.168372,0.00366
0.168376,0.00366
0.16838,0.00366
0.168384,0.00366
0.168388,0.00366
0.168392,0.00366
0.168396,0.00366
0.1684,0.00366
0.168404,0.00366
0.168408,0.00366
0.168412,0.00366
0.168416,0.00366
0.16842,0.00366
0.168424,0.00366
0.168428,0.00366
0.168432,0.00366
0.168436,0.00366
0.16844,0.00366
0.168444,0.00366
0.168448,0.00366
0.168452,0.00366
0.168456,0.00366
0.16846,0.00366
0.168464,0.00366
0.168468,0.00366
0.168472,0.00366
0.168476,0.00366
0.16848,0.00366
0.168484,0.00366
0.168488,0.00366
0.168492,0.00366
0.168496,0.00366
0.1685,0.00366
0.168504,0.00366
0.168508,0.00366
0.168512,0.00366
0.168516,0.00244
0.16852,0.00366
0.168524,0.00244
0.168528,0.00366
0.168532,0.00244
0.168536,0.00366
0.16854,0.00366
0.168544,0.00366
0.168548,0.00366
0.168552,0.00366
0.168556,0.00366
0.16856,0.00366
0.168564,0.00366
0.168568,0.00366
0.168572,0.00366
0.168576,0.00366
0.16858,0.00366
0.168584,0.00366
0.168588,0.00366
0.168592,0.00366
0.168596,0.00366
0.1686,0.00366
0.168604,0.00366
0.168608,0.00366
0.168612,0.00366
0.168616,0.00366
0.16862,0.00366
0.168624,0.00366
0.168628,0.00366
0.168632,0.00244
0.168636,0.00244
0.16864,0.00366
0.168644,0.00366
0.168648,0.00366
0.168652,0.00244
0.168656,0.00244
0.16866,0.00366
0.168664,0.00244
0.168668,0.00366
0.168672,0.00366
0.168676,0.00244
0.16868,0.00244
0.168684,0.00366
0.168688,0.00244
0.168692,0.00244
0.168696,0.00244
0.1687,0.00366
0.168704,0.00366
0.168708,0.00366
0.168712,0.00366
0.168716,0.00244
0.16872,0.00366
0.168724,0.00244
0.168728,0.00244
0.168732,0.00244
0.168736,0.00366
0.16874,0.00244
0.168744,0.00366
0.168748,0.00244
0.168752,0.00244
0.168756,0.00244
0.16876,0.00366
0.168764,0.00366
0.168768,0.00244
0.168772,0.00244
0.168776,0.00244
0.16878,0.00244
0.168784,0.00244
0.168788,0.00244
0.168792,0.00366
0.168796,0.00244
0.1688,0.00366
0.168804,0.00244
0.168808,0.00244
0.168812,0.00244
0.168816,0.00244
0.16882,0.00244
0.168824,0.00244
0.168828,0.00244
0.168832,0.00244
0.168836,0.00244
0.16884,0.00366
0.168844,0.00244
0.168848,0.00244
0.168852,0.00244
0.168856,0.00244
0.16886,0.00244
0.168864,0.00244
0.168868,0.00244
0.168872,0.00244
0.168876,0.00244
0.16888,0.00244
0.168884,0.00244
0.168888,0.00244
0.168892,0.00244
0.168896,0.00244
0.1689,0.00244
0.168904,0.00244
0.168908,0.00244
0.168912,0.00122
0.168916,0.00244
0.16892,0.00244
0.168924,0.00244
0.168928,0.00244
0.168932,0.00122
0.168936,0.00244
0.16894,0.00122
0.168944,0.00244
0.168948,0.00244
0.168952,0.00244
0.168956,0.00122
0.16896,0.00244
0.168964,0.00122
0.168968,0.00244
0.168972,0.00122
0.168976,0.00244
0.16898,0.00122
0.168984,0.00122
0.168988,0.00244
0.168992,0.00122
0.168996,0.00244
0.169,0.00122
0.169004,0.00244
0.169008,0.00122
0.169012,0.00122
0.169016,0.00244
0.16902,0.00122
0.169024,0.00244
0.169028,0.00122
0.169032,0.00122
0.169036,0.00122
0.16904,0.00244
0.169044,0.00122
0.169048,0.00244
0.169052,0.00122
0.169056,0.00122
0.16906,0.00122
0.169064,0.00122
0.169068,0.00122
0.169072,0.00122
0.169076,0.00244
0.16908,0.00122
0.169084,0.00122
0.169088,0.00244
0.169092,0.00122
0.169096,0.00122
0.1691,0.00122
0.169104,0.00122
0.169108,0.00122
0.169112,0.00122
0.169116,0.00122
0.16912,0.00122
0.169124,0.00122
0.169128,0.00122
0.169132,0.00122
0.169136,0.00122
0.16914,0.00122
0.169144,0.0
0.169148,0.00122
0.169152,0.0
0.169156,0.0
0.16916,0.00122
0.169164,0.00122
0.169168,0.00122
0.169172,0.00122
0.169176,0.00122
0.16918,0.0
0.169184,0.00122
0.169188,0.0
0.169192,0.00122
0.169196,0.00122
0.1692,0.00122
0.169204,0.00122
0.169208,0.00122
0.169212,0.00122
0.169216,0.0
0.16922,0.00122
0.169224,0.0
0.169228,0.0
0.169232,0.0
0.169236,0.00122
0.16924,0.00122
0.169244,0.00122
0.169248,0.0
0.169252,0.00122
0.169256,0.0
0.16926,0.00122
0.169264,0.0
0.169268,0.0
0.169272,0.00122
0.169276,0.00122
0.16928,0.00122
0.169284,0.0
0.169288,0.00122
0.169292,0.00122
0.169296,0.00122
0.1693,0.0
0.169304,0.0
0.169308,0.0
0.169312,0.00122
0.169316,0.00122
0.16932,0.00122
0.169324,0.0
0.169328,0.00122
0.169332,0.00122
0.169336,0.00122
0.16934,0.00122
0.169344,0.00122
0.169348,0.00122
0.169352,0.00122
0.169356,0.0
0.16936,0.0
0.169364,0.00122
0.169368,0.00122
0.169372,0.0
0.169376,0.0
0.16938,0.0
0.169384,0.00122
0.169388,0.0
0.169392,0.0
0.169396,0.00122
0.1694,0.0
0.169404,0.0
0.169408,0.0
0.169412,0.00122
0.169416,0.0
0.16942,0.00122
0.169424,0.00122
0.169428,0.00122
0.169432,0.0
0.169436,0.00122
0.16944,0.0
0.169444,0.0
0.169448,0.00122
0.169452,0.0
0.169456,0.0
0.16946,0.00122
0.169464,0.00122
0.169468,0.0
0.169472,0.00122
0.169476,0.0
0.16948,0.0
0.169484,0.0
0.169488,0.0
0.169492,0.0
0.169496,0.00122
0.1695,0.0
0.169504,0.0
0.169508,0.0
0.169512,0.00122
0.169516,0.0
0.16952,0.0
0.169524,0.0
0.169528,0.0
0.169532,0.0
0.169536,0.0
0.16954,0.0
0.169544,0.0
0.169548,0.00122
0.169552,0.0
0.169556,0.0
0.16956,0.0
0.169564,0.0
0.169568,0.0
0.169572,0.0
0.169576,-0.00122
0.16958,-0.00122
0.169584,0.0
0.169588,0.0
0.169592,0.00122
0.169596,0.0
0.1696,0.0
0.169604,0.00122
0.169608,0.0
0.169612,0.0
0.169616,0.0
0.16962,0.0
0.169624,0.0
0.169628,0.0
0.169632,0.00122
0.169636,0.0
0.16964,0.0
0.169644,0.0
0.169648,-0.00122
0.169652,0.0
0.169656,0.0
0.16966,0.0
0.169664,0.0
0.169668,0.0
0.169672,0.0
0.169676,0.0
0.16968,0.00122
0.169684,0.0
0.169688,0.0
0.169692,0.0
0.169696,0.00122
0.1697,0.00122
0.169704,0.0
0.169708,0.00122
0.169712,0.0
0.169716,0.0
0.16972,0.0
0.169724,0.00122
0.169728,0.00122
0.169732,0.0
0.169736,0.00122
0.16974,0.00122
0.169744,0.00122
0.169748,0.0
0.169752,0.0
0.169756,0.0
0.16976,0.0
0.169764,0.0
0.169768,0.0
0.169772,0.0
0.169776,0.00122
0.16978,0.00122
0.169784,0.0
0.169788,0.0
0.169792,0.0
0.169796,0.0
0.1698,0.0
0.169804,0.0
0.169808,0.0
0.169812,0.00122
0.169816,0.0
0.16982,0.00122
0.169824,0.00122
0.169828,0.00122
0.169832,0.00122
0.169836,0.00122
0.16984,0.00122
0.169844,0.0
0.169848,0.00122
0.169852,0.00122
0.169856,0.00122
0.16986,0.0
0.169864,0.0
0.169868,0.0
0.169872,0.00122
0.169876,0.00122
0.16988,0.00122
0.169884,0.00122
0.169888,0.00122
0.169892,0.00122
0.169896,0.00122
0.1699,0.00122
0.169904,0.00122
0.169908,0.0
0.169912,0.00122
0.169916,0.00122
0.16992,0.00122
0.169924,0.00122
0.169928,0.00122
0.169932,0.00122
0.169936,0.00122
0.16994,0.00122
0.169944,0.00122
0.169948,0.00122
0.169952,0.00122
0.169956,0.00122
0.16996,0.00122
0.169964,0.00122
0.169968,0.00122
0.169972,0.00122
0.169976,0.00122
0.16998,0.00122
0.169984,0.00122
0.169988,0.00122
0.169992,0.0
0.169996,0.00122
0.17,0.00122
0.170004,0.00122
0.170008,0.00122
0.170012,0.00122
0.170016,0.00122
0.17002,0.00122
0.170024,0.00122
0.170028,0.00122
0.170032,0.00122
0.170036,0.00122
0.17004,0.00122
0.170044,0.00122
0.170048,0.00122
0.170052,0.00122
0.170056,0.00122
0.17006,0.00122
0.170064,0.00122
0.170068,0.00122
0.170072,0.00122
0.170076,0.00122
0.17008,0.00122
0.170084,0.00122
0.170088,0.00244
0.170092,0.00122
0.170096,0.00122
0.1701,0.00122
0.170104,0.00122
0.170108,0.00122
0.170112,0.00244
0.170116,0.00244
0.17012,0.00122
0.170124,0.00244
0.170128,0.00122
0.170132,0.00122
0.170136,0.00122
0.17014,0.00122
0.170144,0.00244
0.170148,0.00122
0.170152,0.00122
0.170156,0.00122
0.17016,0.00244
0.170164,0.00244
0.170168,0.00244
0.170172,0.00122
0.170176,0.00122
0.17018,0.00122
0.170184,0.00122
0.170188,0.00122
0.170192,0.00122
0.170196,0.00122
0.1702,0.00244
0.170204,0.00122
0.170208,0.00122
0.170212,0.00244
0.170216,0.00122
0.17022,0.00244
0.170224,0.00244
0.170228,0.00122
0.170232,0.00122
0.170236,0.00244
0.17024,0.00244
0.170244,0.00244
0.170248,0.00244
0.170252,0.00122
0.170256,0.00244
0.17026,0.00244
0.170264,0.00244
0.170268,0.00122
0.170272,0.00244
0.170276,0.00122
0.17028,0.00244
0.170284,0.00244
0.170288,0.00244
0.170292,0.00244
0.170296,0.00244
0.1703,0.00122
0.170304,0.00122
0.170308,0.00244
0.170312,0.00122
0.170316,0.00244
0.17032,0.00244
0.170324,0.00244
0.170328,0.00244
0.170332,0.00244
0.170336,0.00122
0.17034,0.00244
0.170344,0.00244
0.170348,0.00244
0.170352,0.00244
0.170356,0.00244
0.17036,0.00244
0.170364,0.00244
0.170368,0.00244
0.170372,0.00366
0.170376,0.00244
0.17038,0.00244
0.170384,0.00244
0.170388,0.00244
0.170392,0.00244
0.170396,0.00244
0.1704,0.00244
0.170404,0.00366
0.170408,0.00244
0.170412,0.00244
0.170416,0.00244
0.17042,0.00244
0.170424,0.00244
0.170428,0.00244
0.170432,0.00244
0.170436,0.00244
0.17044,0.00366
0.170444,0.00244
0.170448,0.00366
0.170452,0.00244
0.170456,0.00244
0.17046,0.00366
0.170464,0.00244
0.170468,0.00244
0.170472,0.00244
0.170476,0.00244
0.17048,0.00244
0.170484,0.00366
0.170488,0.00244
0.170492,0.00366
0.170496,0.00366
0.1705,0.00366
0.170504,0.00244
0.170508,0.00244
0.170512,0.00366
0.170516,0.00244
0.17052,0.00366
0.170524,0.00366
0.170528,0.00366
0.170532,0.00366
0.170536,0.00366
0.17054,0.00366
0.170544,0.00366
0.170548,0.00366
0.170552,0.00366
0.170556,0.00366
0.17056,0.00366
0.170564,0.00366
0.170568,0.00366
0.170572,0.00366
0.170576,0.00366
0.17058,0.00366
0.170584,0.00366
0.170588,0.00366
0.170592,0.00366
0.170596,0.00366
0.1706,0.00366
0.170604,0.00488
0.170608,0.00366
0.170612,0.00366
0.170616,0.00244
0.17062,0.00366
0.170624,0.00366
0.170628,0.00366
0.170632,0.00366
0.170636,0.00366
0.17064,0.00366
0.170644,0.00366
0.170648,0.00366
0.170652,0.00366
0.170656,0.00366
0.17066,0.00366
0.170664,0.00366
0.170668,0.00366
0.170672,0.00366
0.170676,0.00366
0.17068,0.00366
0.170684,0.00366
0.170688,0.00366
0.170692,0.00366
0.170696,0.00366
0.1707,0.00366
0.170704,0.00366
0.170708,0.00366
0.170712,0.00366
0.170716,0.00366
0.17072,0.00366
0.170724,0.00488
0.170728,0.00366
0.170732,0.00488
0.170736,0.00488
0.17074,0.00366
0.170744,0.00366
0.170748,0.00366
0.170752,0.00366
0.170756,0.00366
0.17076,0.00488
0.170764,0.00366
0.170768,0.00488
0.170772,0.00488
0.170776,0.00366
0.17078,0.00488
0.170784,0.00366
0.170788,0.00366
0.170792,0.00366
0.170796,0.00366
0.1708,0.00366
0.170804,0.00366
0.170808,0.00366
0.170812,0.00488
0.170816,0.00366
0.17082,0.00366
0.170824,0.00366
0.170828,0.00366
0.170832,0.00366
0.170836,0.00366
0.17084,0.00488
0.170844,0.00366
0.170848,0.00366
0.170852,0.00488
0.170856,0.00366
0.17086,0.00488
0.170864,0.00366
0.170868,0.00488
0.170872,0.00488
0.170876,0.00366
0.17088,0.00366
0.170884,0.00488
0.170888,0.00488
0.170892,0.00488
0.170896,0.00366
0.1709,0.00366
0.170904,0.00366
0.170908,0.00488
0.170912,0.00488
0.170916,0.00488
0.17092,0.00366
0.170924,0.00366
0.170928,0.00366
0.170932,0.00366
0.170936,0.00488
0.17094,0.00366
0.170944,0.00366
0.170948,0.00366
0.170952,0.00488
0.170956,0.00488
0.17096,0.00366
0.170964,0.00488
0.170968,0.00488
0.170972,0.00366
0.170976,0.00366
0.17098,0.00488
0.170984,0.00366
0.170988,0.00488
0.170992,0.00488
0.170996,0.00366
0.171,0.00366
0.171004,0.00366
0.171008,0.00366
0.171012,0.00366
0.171016,0.00366
0.17102,0.00366
0.171024,0.00366
0.171028,0.00488
0.171032,0.00488
0.171036,0.00366
0.17104,0.00366
0.171044,0.00366
0.171048,0.00366
0.171052,0.00366
0.171056,0.00488
0.17106,0.00366
0.171064,0.00366
0.171068,0.00366
0.171072,0.00366
0.171076,0.00366
0.17108,0.00366
0.171084,0.00366
0.171088,0.00366
0.171092,0.00366
0.171096,0.00366
0.1711,0.00488
0.171104,0.00366
0.171108,0.00366
0.171112,0.00366
0.171116,0.00366
0.17112,0.00488
0.171124,0.00366
0.171128,0.00366
0.171132,0.00244
0.171136,0.00366
0.17114,0.00488
0.171144,0.00488
0.171148,0.00366
0.171152,0.00488
0.171156,0.00488
0.17116,0.00366
0.171164,0.00366
0.171168,0.00488
0.171172,0.00488
0.171176,0.00366
0.17118,0.00366
0.171184,0.00366
0.171188,0.00488
0.171192,0.00488
0.171196,0.00366
0.1712,0.00366
0.171204,0.00366
0.171208,0.00366
0.171212,0.00366
0.171216,0.00366
0.17122,0.00366
0.171224,0.00366
0.171228,0.00366
0.171232,0.00366
0.171236,0.00366
0.17124,0.00366
0.171244,0.00488
0.171248,0.00366
0.171252,0.00366
0.171256,0.00366
0.17126,0.00366
0.171264,0.00366
0.171268,0.00366
0.171272,0.00366
0.171276,0.00366
0.17128,0.00366
0.171284,0.00366
0.171288,0.00366
0.171292,0.00366
0.171296,0.00366
0.1713,0.00366
0.171304,0.00366
0.171308,0.00366
0.171312,0.00366
0.171316,0.00366
0.17132,0.00366
0.171324,0.00366
0.171328,0.00366
0.171332,0.00366
0.171336,0.00366
0.17134,0.00366
0.171344,0.00366
0.171348,0.00366
0.171352,0.00366
0.171356,0.00366
0.17136,0.00366
0.171364,0.00366
0.171368,0.00366
0.171372,0.00366
0.171376,0.00366
0.17138,0.00366
0.171384,0.00366
0.171388,0.00366
0.171392,0.00244
0.171396,0.00366
0.1714,0.00366
0.171404,0.00366
0.171408,0.00366
0.171412,0.00366
0.171416,0.00366
0.17142,0.00366
0.171424,0.00366
0.171428,0.00366
0.171432,0.00366
0.171436,0.00366
0.17144,0.00366
0.171444,0.00366
0.171448,0.00366
0.171452,0.00366
0.171456,0.00366
0.17146,0.00366
0.171464,0.00366
0.171468,0.00366
0.171472,0.00366
0.171476,0.00366
0.17148,0.00366
0.171484,0.00244
0.171488,0.00366
0.171492,0.00366
0.171496,0.00244
0.1715,0.00366
0.171504,0.00366
0.171508,0.00366
0.171512,0.00366
0.171516,0.00366
0.17152,0.00366
0.171524,0.00244
0.171528,0.00366
0.171532,0.00244
0.171536,0.00366
0.17154,0.00366
0.171544,0.00366
0.171548,0.00366
0.171552,0.00244
0.171556,0.00366
0.17156,0.00366
0.171564,0.00366
0.171568,0.00366
0.171572,0.00366
0.171576,0.00244
0.17158,0.00244
0.171584,0.00366
0.171588,0.00366
0.171592,0.00366
0.171596,0.00244
0.1716,0.00244
0.171604,0.00244
0.171608,0.00244
0.171612,0.00366
0.171616,0.00366
0.17162,0.00244
0.171624,0.00366
0.171628,0.00244
0.171632,0.00244
0.171636,0.00244
0.17164,0.00244
0.171644,0.00244
0.171648,0.00244
0.171652,0.00244
0.171656,0.00244
0.17166,0.00366
0.171664,0.00244
0.171668,0.00244
0.171672,0.00244
0.171676,0.00244
0.17168,0.00244
0.171684,0.00244
0.171688,0.00366
0.171692,0.00244
0.171696,0.00366
0.1717,0.00244
0.171704,0.00244
0.171708,0.00366
0.171712,0.00244
0.171716,0.00244
0.17172,0.00244
0.171724,0.00366
0.171728,0.00244
0.171732,0.00244
0.171736,0.00244
0.17174,0.00244
0.171744,0.00244
0.171748,0.00244
0.171752,0.00244
0.171756,0.00244
0.17176,0.00244
0.171764,0.00244
0.171768,0.00244
0.171772,0.00244
0.171776,0.00244
0.17178,0.00244
0.171784,0.00244
0.171788,0.00244
0.171792,0.00244
0.171796,0.00122
0.1718,0.00244
0.171804,0.00244
0.171808,0.00122
0.171812,0.00122
0.171816,0.00244
0.17182,0.00244
0.171824,0.00122
0.171828,0.00244
0.171832,0.00244
0.171836,0.00244
0.17184,0.00244
0.171844,0.00122
0.171848,0.00122
0.171852,0.00244
0.171856,0.00122
0.17186,0.00122
0.171864,0.00122
0.171868,0.00244
0.171872,0.00244
0.171876,0.00122
0.17188,0.00244
0.171884,0.00244
0.171888,0.00122
0.171892,0.00122
0.171896,0.00244
0.1719,0.00122
0.171904,0.00122
0.171908,0.00244
0.171912,0.00122
0.171916,0.00122
0.17192,0.00122
0.171924,0.00244
0.171928,0.00122
0.171932,0.00122
0.171936,0.00122
0.17194,0.00122
0.171944,0.00244
0.171948,0.00122
0.171952,0.00122
0.171956,0.00244
0.17196,0.00244
0.171964,0.00122
0.171968,0.00122
0.171972,0.00244
0.171976,0.00122
0.17198,0.00122
0.171984,0.00244
0.171988,0.00122
0.171992,0.00122
0.171996,0.00122
0.172,0.00244
0.172004,0.00122
0.172008,0.00244
0.172012,0.00122
0.172016,0.00122
0.17202,0.00122
0.172024,0.00122
0.172028,0.00122
0.172032,0.00122
0.172036,0.00244
0.17204,0.00122
0.172044,0.00122
0.172048,0.00122
0.172052,0.00122
0.172056,0.00122
0.17206,0.00122
0.172064,0.00122
0.172068,0.0
0.172072,0.00122
0.172076,0.00122
0.17208,0.00122
0.172084,0.00122
0.172088,0.00122
0.172092,0.00122
0.172096,0.0
0.1721,0.0
0.172104,0.00122
0.172108,0.00122
0.172112,0.00122
0.172116,0.00122
0.17212,0.00122
0.172124,0.00122
0.172128,0.00122
0.172132,0.00122
0.172136,0.00122
0.17214,0.00122
0.172144,0.00122
0.172148,0.00122
0.172152,0.0
0.172156,0.0
0.17216,0.00122
0.172164,0.00122
0.172168,0.0
0.172172,0.00122
0.172176,0.0
0.17218,0.00122
0.172184,0.00122
0.172188,0.00122
0.172192,0.0
0.172196,0.0
0.1722,0.0
0.172204,0.0
0.172208,0.0
0.172212,0.00122
0.172216,0.0
0.17222,0.00122
0.172224,0.0
0.172228,0.0
0.172232,0.0
0.172236,0.0
0.17224,0.0
0.172244,0.0
0.172248,0.0
0.172252,0.0
0.172256,0.0
0.17226,0.0
0.172264,0.0
0.172268,0.0
0.172272,-0.00122
0.172276,0.0
0.17228,0.0
0.172284,0.0
0.172288,0.00122
0.172292,0.0
0.172296,0.00122
0.1723,0.0
0.172304,0.0
0.172308,-0.00122
0.172312,0.0
0.172316,0.0
0.17232,0.0
0.172324,0.00122
0.172328,0.0
0.172332,0.0
0.172336,0.0
0.17234,0.00122
0.172344,0.0
0.172348,0.0
0.172352,0.0
0.172356,-0.00122
0.17236,0.0
0.172364,0.0
0.172368,0.0
0.172372,0.0
0.172376,0.0
0.17238,0.0
0.172384,-0.00122
0.172388,-0.00122
0.172392,-0.00122
0.172396,0.0
0.1724,0.0
0.172404,0.0
0.172408,0.0
0.172412,0.0
0.172416,0.0
0.17242,0.0
0.172424,0.0
0.172428,0.0
0.172432,0.0
0.172436,0.0
0.17244,0.00122
0.172444,0.0
0.172448,0.0
0.172452,0.0
0.172456,0.0
0.17246,0.0
0.172464,0.0
0.172468,-0.00122
0.172472,0.0
0.172476,0.0
0.17248,-0.00122
0.172484,0.0
0.172488,0.0
0.172492,0.0
0.172496,0.0
0.1725,0.0
0.172504,-0.00122
0.172508,0.0
0.172512,-0.00122
0.172516,0.0
0.17252,0.0
0.172524,0.0
0.172528,0.0
0.172532,-0.00122
0.172536,0.0
0.17254,0.0
0.172544,0.0
0.172548,0.0
0.172552,0.0
0.172556,-0.00122
0.17256,0.0
0.172564,0.0
0.172568,0.0
0.172572,0.00122
0.172576,0.0
0.17258,0.0
0.172584,-0.00122
0.172588,0.0
0.172592,0.0
0.172596,0.0
0.1726,-0.00122
0.172604,-0.00122
0.172608,-0.00122
0.172612,0.0
0.172616,0.0
0.17262,-0.00122
0.172624,-0.00122
0.172628,0.0
0.172632,-0.00122
0.172636,-0.00122
0.17264,-0.00122
0.172644,0.0
0.172648,0.0
0.172652,0.0
0.172656,-0.00122
0.17266,-0.00122
0.172664,0.0
0.172668,0.0
0.172672,-0.00122
0.172676,-0.00122
0.17268,-0.00122
0.172684,0.0
0.172688,-0.00122
0.172692,-0.00122
0.172696,-0.00122
0.1727,-0.00122
0.172704,0.0
0.172708,-0.00122
0.172712,-0.00122
0.172716,-0.00122
0.17272,-0.00122
0.172724,-0.00122
0.172728,-0.00122
0.172732,0.0
0.172736,0.0
0.17274,-0.00122
0.172744,-0.00122
0.172748,-0.00122
0.172752,-0.00122
0.172756,-0.00122
0.17276,-0.00122
0.172764,-0.00122
0.172768,-0.00122
0.172772,-0.00122
0.172776,-0.00122
0.17278,-0.00122
0.172784,-0.00122
0.172788,-0.00122
0.172792,-0.00122
0.172796,-0.00122
0.1728,0.0
0.172804,0.0
0.172808,-0.00122
0.172812,-0.00122
0.172816,-0.00122
0.17282,-0.00122
0.172824,-0.00122
0.172828,-0.00122
0.172832,-0.00122
0.172836,-0.00122
0.17284,-0.00122
0.172844,-0.00122
0.172848,-0.00122
0.172852,-0.00122
0.172856,-0.00122
0.17286,-0.00122
0.172864,-0.00122
0.172868,-0.00122
0.172872,-0.00122
0.172876,0.0
0.17288,-0.00122
0.172884,-0.00122
0.172888,-0.00122
0.172892,-0.00122
0.172896,0.0
0.1729,-0.00122
0.172904,-0.00122
0.172908,-0.00122
0.172912,-0.00122
0.172916,-0.00122
0.17292,-0.00122
0.172924,-0.00122
0.172928,-0.00122
0.172932,-0.00122
0.172936,-0.00122
0.17294,-0.00122
0.172944,-0.00122
0.172948,-0.00122
0.172952,-0.00122
0.172956,-0.00122
0.17296,-0.00122
0.172964,-0.00122
0.172968,-0.00122
0.172972,-0.00122
0.172976,-0.00122
0.17298,-0.00122
0.172984,-0.00122
0.172988,-0.00122
0.172992,-0.00122
0.172996,-0.00122
0.173,-0.00122
0.173004,-0.00122
0.173008,-0.00122
0.173012,-0.00122
0.173016,-0.00122
0.17302,-0.00122
0.173024,-0.00244
0.173028,-0.00122
0.173032,-0.00122
0.173036,-0.00122
0.17304,-0.00122
0.173044,-0.00122
0.173048,-0.00122
0.173052,-0.00122
0.173056,-0.00122
0.17306,-0.00122
0.173064,-0.00122
0.173068,-0.00122
0.173072,-0.00122
0.173076,-0.00122
0.17308,-0.00122
0.173084,-0.00122
0.173088,-0.00244
0.173092,-0.00122
0.173096,-0.00122
0.1731,-0.00122
0.173104,-0.00122
0.173108,-0.00122
0.173112,-0.00122
0.173116,-0.00122
0.17312,-0.00122
0.173124,-0.00122
0.173128,-0.00122
0.173132,-0.00244
0.173136,-0.00122
0.17314,-0.00122
0.173144,-0.00122
0.173148,-0.00122
0.173152,-0.00122
0.173156,-0.00122
0.17316,-0.00122
0.173164,-0.00122
0.173168,-0.00122
0.173172,-0.00122
0.173176,-0.00122
0.17318,-0.00122
0.173184,-0.00122
0.173188,-0.00122
0.173192,-0.00122
0.173196,-0.00122
0.1732,-0.00122
0.173204,-0.00122
0.173208,-0.00122
0.173212,-0.00122
0.173216,-0.00122
0.17322,-0.00122
0.173224,-0.00122
0.173228,-0.00122
0.173232,-0.00122
0.173236,-0.00122
0.17324,-0.00122
0.173244,-0.00122
0.173248,-0.00122
0.173252,-0.00122
0.173256,-0.00122
0.17326,-0.00122
0.173264,-0.00122
0.173268,-0.00122
0.173272,-0.00122
0.173276,-0.00122
0.17328,-0.00122
0.173284,-0.00122
0.173288,-0.00122
0.173292,-0.00122
0.173296,-0.00122
0.1733,-0.00122
0.173304,-0.00122
0.173308,-0.00122
0.173312,-0.00122
0.173316,-0.00122
0.17332,0.0
0.173324,-0.00122
0.173328,-0.00122
0.173332,-0.00122
0.173336,-0.00122
0.17334,-0.00122
0.173344,0.0
0.173348,-0.00122
0.173352,-0.00122
0.173356,-0.00122
0.17336,-0.00122
0.173364,-0.00122
0.173368,-0.00122
0.173372,-0.00122
0.173376,-0.00122
0.17338,-0.00122
0.173384,-0.00122
0.173388,-0.00122
0.173392,-0.00122
0.173396,0.0
0.1734,-0.00122
0.173404,-0.00122
0.173408,-0.00122
0.173412,-0.00122
0.173416,-0.00122
0.17342,-0.00122
0.173424,-0.00122
0.173428,-0.00122
0.173432,-0.00122
0.173436,-0.00122
0.17344,-0.00122
0.173444,0.0
0.173448,0.0
0.173452,-0.00122
0.173456,-0.00122
0.17346,-0.00122
0.173464,0.0
0.173468,-0.00122
0.173472,-0.00122
0.173476,-0.00122
0.17348,-0.00122
0.173484,-0.00122
0.173488,-0.00122
0.173492,-0.00122
0.173496,-0.00122
0.1735,0.0
0.173504,0.0
0.173508,-0.00122
0.173512,-0.00122
0.173516,-0.00122
0.17352,-0.00122
0.173524,-0.00122
0.173528,0.0
0.173532,-0.00122
0.173536,-0.00122
0.17354,-0.00122
0.173544,-0.00122
0.173548,-0.00122
0.173552,0.0
0.173556,-0.00122
0.17356,-0.00122
0.173564,0.0
0.173568,-0.00122
0.173572,0.0
0.173576,0.0
0.17358,-0.00122
0.173584,0.0
0.173588,0.0
0.173592,0.0
0.173596,0.0
0.1736,-0.00122
0.173604,-0.00122
0.173608,0.0
0.173612,-0.00122
0.173616,0.0
0.17362,0.0
0.173624,-0.00122
0.173628,0.00122
0.173632,0.0
0.173636,0.0
0.17364,0.0
0.173644,0.0
0.173648,0.0
0.173652,0.0
0.173656,-0.00122
0.17366,0.0
0.173664,0.0
0.173668,0.0
0.173672,0.0
0.173676,0.0
0.17368,0.00122
0.173684,0.0
0.173688,0.00122
0.173692,0.0
0.173696,0.0
0.1737,0.0
0.173704,0.0
0.173708,0.00122
0.173712,0.00122
0.173716,0.0
0.17372,0.0
0.173724,0.0
0.173728,0.0
0.173732,0.00122
0.173736,0.00122
0.17374,0.0
0.173744,0.0
0.173748,0.0
0.173752,0.00122
0.173756,0.0
0.17376,0.0
0.173764,0.0
0.173768,0.0
0.173772,0.00122
0.173776,0.0
0.17378,0.0
0.173784,0.0
0.173788,0.00122
0.173792,0.00122
0.173796,0.00122
0.1738,0.0
0.173804,0.0
0.173808,0.00122
0.173812,0.00122
0.173816,0.00122
0.17382,0.00122
0.173824,0.00122
0.173828,0.00122
0.173832,0.0
0.173836,0.00122
0.17384,0.0
0.173844,0.00122
0.173848,0.00122
0.173852,0.00122
0.173856,0.00122
0.17386,0.0
0.173864,0.00122
0.173868,0.0
0.173872,0.00122
0.173876,0.00122
0.17388,0.00122
0.173884,0.00122
0.173888,0.00122
0.173892,0.00122
0.173896,0.0
0.1739,0.00122
0.173904,0.00122
0.173908,0.00244
0.173912,0.00122
0.173916,0.00122
0.17392,0.0
0.173924,0.00122
0.173928,0.00122
0.173932,0.00122
0.173936,0.00122
0.17394,0.00122
0.173944,0.00122
0.173948,0.00122
0.173952,0.00122
0.173956,0.0
0.17396,0.00122
0.173964,0.00122
0.173968,0.00122
0.173972,0.00122
0.173976,0.00122
0.17398,0.00122
0.173984,0.00122
0.173988,0.00122
0.173992,0.00122
0.173996,0.00122
0.174,0.00122
0.174004,0.0
0.174008,0.00122
0.174012,0.00122
0.174016,0.00122
0.17402,0.00122
0.174024,0.00122
0.174028,0.00122
0.174032,0.00122
0.174036,0.00122
0.17404,0.00122
0.174044,0.00122
0.174048,0.00122
0.174052,0.00122
0.174056,0.00244
0.17406,0.00244
0.174064,0.00122
0.174068,0.00122
0.174072,0.00122
0.174076,0.00244
0.17408,0.00122
0.174084,0.00122
0.174088,0.00244
0.174092,0.00122
0.174096,0.00122
0.1741,0.00122
0.174104,0.00122
0.174108,0.00244
0.174112,0.00122
0.174116,0.00122
0.17412,0.00122
0.174124,0.00122
0.174128,0.00122
0.174132,0.00244
0.174136,0.00122
0.17414,0.00122
0.174144,0.00122
0.174148,0.00122
0.174152,0.00244
0.174156,0.00122
0.17416,0.00122
0.174164,0.00122
0.174168,0.00122
0.174172,0.00122
0.174176,0.00122
0.17418,0.00244
0.174184,0.00122
0.174188,0.00244
0.174192,0.00122
0.174196,0.00122
0.1742,0.00122
0.174204,0.00122
0.174208,0.00122
0.174212,0.00122
0.174216,0.00122
0.17422,0.00122
0.174224,0.00122
0.174228,0.00122
0.174232,0.00122
0.174236,0.00244
0.17424,0.00122
0.174244,0.00244
0.174248,0.00122
0.174252,0.00122
0.174256,0.00122
0.17426,0.00244
0.174264,0.00244
0.174268,0.00244
0.174272,0.00122
0.174276,0.00122
0.17428,0.00244
0.174284,0.00244
0.174288,0.00122
0.174292,0.00122
0.174296,0.00122
0.1743,0.00122
0.174304,0.00122
0.174308,0.00122
0.174312,0.00122
0.174316,0.00244
0.17432,0.00122
0.174324,0.00244
0.174328,0.00122
0.174332,0.00122
0.174336,0.00122
0.17434,0.00122
0.174344,0.00244
0.174348,0.00244
0.174352,0.00122
0.174356,0.00244
0.17436,0.00244
0.174364,0.00244
0.174368,0.00244
0.174372,0.00244
0.174376,0.00244
0.17438,0.00122
0.174384,0.00122
0.174388,0.00122
0.174392,0.00122
0.174396,0.00244
0.1744,0.00122
0.174404,0.00122
0.174408,0.00244
0.174412,0.00244
0.174416,0.00122
0.17442,0.00122
0.174424,0.00244
0.174428,0.00244
0.174432,0.00244
0.174436,0.00122
0.17444,0.00122
0.174444,0.00244
0.174448,0.00244
0.174452,0.00122
0.174456,0.00244
0.17446,0.00244
0.174464,0.00244
0.174468,0.00244
0.174472,0.00122
0.174476,0.00122
0.17448,0.00244
0.174484,0.00122
0.174488,0.00244
0.174492,0.00244
0.174496,0.00244
0.1745,0.00244
0.174504,0.00244
0.174508,0.00244
0.174512,0.00244
0.174516,0.00244
0.17452,0.00244
0.174524,0.00244
0.174528,0.00122
0.174532,0.00244
0.174536,0.00244
0.17454,0.00244
0.174544,0.00244
0.174548,0.00244
0.174552,0.00244
0.174556,0.00244
0.17456,0.00244
0.174564,0.00244
0.174568,0.00244
0.174572,0.00244
0.174576,0.00244
0.17458,0.00244
0.174584,0.00244
0.174588,0.00244
0.174592,0.00244
0.174596,0.00244
0.1746,0.00244
0.174604,0.00244
0.174608,0.00122
0.174612,0.00244
0.174616,0.00122
0.17462,0.00244
0.174624,0.00244
0.174628,0.00244
0.174632,0.00244
0.174636,0.00244
0.17464,0.00244
0.174644,0.00244
0.174648,0.00122
0.174652,0.00244
0.174656,0.00244
0.17466,0.00244
0.174664,0.00122
0.174668,0.00122
0.174672,0.00244
0.174676,0.00244
0.17468,0.00244
0.174684,0.00244
0.174688,0.00244
0.174692,0.00122
0.174696,0.00244
0.1747,0.00244
0.174704,0.00122
0.174708,0.00244
0.174712,0.00244
0.174716,0.00244
0.17472,0.00244
0.174724,0.00244
0.174728,0.00244
0.174732,0.00244
0.174736,0.00122
0.17474,0.00366
0.174744,0.00122
0.174748,0.00244
0.174752,0.00244
0.174756,0.00244
0.17476,0.00244
0.174764,0.00244
0.174768,0.00244
0.174772,0.00244
0.174776,0.00244
0.17478,0.00244
0.174784,0.00122
0.174788,0.00244
0.174792,0.00244
0.174796,0.00244
0.1748,0.00244
0.174804,0.00244
0.174808,0.00122
0.174812,0.00244
0.174816,0.00244
0.17482,0.00244
0.174824,0.00244
0.174828,0.00244
0.174832,0.00122
0.174836,0.00244
0.17484,0.00244
0.174844,0.00122
0.174848,0.00122
0.174852,0.00244
0.174856,0.00122
0.17486,0.00244
0.174864,0.00122
0.174868,0.00244
0.174872,0.00244
0.174876,0.00244
0.17488,0.00122
0.174884,0.00244
0.174888,0.00244
0.174892,0.00122
0.174896,0.00122
0.1749,0.00122
0.174904,0.00244
0.174908,0.00122
0.174912,0.00244
0.174916,0.00244
0.17492,0.00122
0.174924,0.00122
0.174928,0.00244
0.174932,0.00244
0.174936,0.00244
0.17494,0.00244
0.174944,0.00122
0.174948,0.00244
0.174952,0.00122
0.174956,0.00244
0.17496,0.00122
0.174964,0.00122
0.174968,0.00122
0.174972,0.00122
0.174976,0.00122
0.17498,0.00244
0.174984,0.00244
0.174988,0.00244
0.174992,0.00244
0.174996,0.00244
0.175,0.00122
0.175004,0.00122
0.175008,0.00244
0.175012,0.00244
0.175016,0.00244
0.17502,0.00244
0.175024,0.00244
0.175028,0.00244
0.175032,0.00244
0.175036,0.00244
0.17504,0.00244
0.175044,0.00122
0.175048,0.00244
0.175052,0.00244
0.175056,0.00244
0.17506,0.00244
0.175064,0.00244
0.175068,0.00244
0.175072,0.00244
0.175076,0.00244
0.17508,0.00244
0.175084,0.00244
0.175088,0.00122
0.175092,0.00122
0.175096,0.00244
0.1751,0.00244
0.175104,0.00122
0.175108,0.00244
0.175112,0.00122
0.175116,0.00244
0.17512,0.00122
0.175124,0.00244
0.175128,0.00122
0.175132,0.00244
0.175136,0.00244
0.17514,0.00244
0.175144,0.00244
0.175148,0.00244
0.175152,0.00244
0.175156,0.00244
0.17516,0.00244
0.175164,0.00122
0.175168,0.00244
0.175172,0.00244
0.175176,0.00122
0.17518,0.00244
0.175184,0.00244
0.175188,0.00244
0.175192,0.00244
0.175196,0.00122
0.1752,0.00122
0.175204,0.00244
0.175208,0.00244
0.175212,0.00122
0.175216,0.00244
0.17522,0.00122
0.175224,0.00122
0.175228,0.00244
0.175232,0.00122
0.175236,0.00244
0.17524,0.00122
0.175244,0.00122
0.175248,0.00122
0.175252,0.00122
0.175256,0.00122
0.17526,0.00244
0.175264,0.00122
0.175268,0.00122
0.175272,0.00122
0.175276,0.00244
0.17528,0.00244
0.175284,0.00122
0.175288,0.00122
0.175292,0.00244
0.175296,0.00122
0.1753,0.00122
0.175304,0.00122
0.175308,0.00122
0.175312,0.00122
0.175316,0.00122
0.17532,0.00122
0.175324,0.00122
0.175328,0.00122
0.175332,0.00122
0.175336,0.00244
0.17534,0.00122
0.175344,0.00122
0.175348,0.00122
0.175352,0.00122
0.175356,0.00244
0.17536,0.00122
0.175364,0.00244
0.175368,0.00122
0.175372,0.00122
0.175376,0.00244
0.17538,0.00122
0.175384,0.00244
0.175388,0.00122
0.175392,0.00122
0.175396,0.00122
0.1754,0.00244
0.175404,0.00122
0.175408,0.00244
0.175412,0.00244
0.175416,0.00122
0.17542,0.00244
0.175424,0.00122
0.175428,0.00122
0.175432,0.00122
0.175436,0.00244
0.17544,0.00122
0.175444,0.00122
0.175448,0.00122
0.175452,0.00122
0.175456,0.00122
0.17546,0.00122
0.175464,0.00122
0.175468,0.00244
0.175472,0.00122
0.175476,0.00122
0.17548,0.00122
0.175484,0.00244
0.175488,0.00122
0.175492,0.00122
0.175496,0.00244
0.1755,0.00244
0.175504,0.00122
0.175508,0.00122
0.175512,0.00244
0.175516,0.00122
0.17552,0.00122
0.175524,0.00122
0.175528,0.00122
0.175532,0.00244
0.175536,0.00122
0.17554,0.00122
0.175544,0.00244
0.175548,0.00244
0.175552,0.00122
0.175556,0.00122
0.17556,0.00122
0.175564,0.00122
0.175568,0.00122
0.175572,0.00122
0.175576,0.00122
0.17558,0.00122
0.175584,0.00122
0.175588,0.00122
0.175592,0.00122
0.175596,0.00244
0.1756,0.00122
0.175604,0.00122
0.175608,0.00244
0.175612,0.00244
0.175616,0.00244
0.17562,0.00122
0.175624,0.00122
0.175628,0.00122
0.175632,0.00122
0.175636,0.00122
0.17564,0.00244
0.175644,0.00122
0.175648,0.00122
0.175652,0.00122
0.175656,0.00122
0.17566,0.00244
0.175664,0.00122
0.175668,0.00244
0.175672,0.00122
0.175676,0.00122
0.17568,0.00122
0.175684,0.00122
0.175688,0.00244
0.175692,0.00244
0.175696,0.00122
0.1757,0.00244
0.175704,0.00122
0.175708,0.00244
0.175712,0.00122
0.175716,0.00122
0.17572,0.00244
0.175724,0.00244
0.175728,0.00122
0.175732,0.00122
0.175736,0.00122
0.17574,0.00122
0.175744,0.00244
0.175748,0.00244
0.175752,0.00122
0.175756,0.00244
0.17576,0.00244
0.175764,0.00122
0.175768,0.00122
0.175772,0.00122
0.175776,0.00244
0.17578,0.00122
0.175784,0.00244
0.175788,0.00122
0.175792,0.00244
0.175796,0.00122
0.1758,0.00244
0.175804,0.00122
0.175808,0.00244
0.175812,0.00122
0.175816,0.00122
0.17582,0.00122
0.175824,0.00244
0.175828,0.00122
0.175832,0.00244
0.175836,0.00122
0.17584,0.00122
0.175844,0.00122
0.175848,0.00122
0.175852,0.00122
0.175856,0.00122
0.17586,0.00244
0.175864,0.00122
0.175868,0.00244
0.175872,0.00122
0.175876,0.00122
0.17588,0.00244
0.175884,0.00244
0.175888,0.00122
0.175892,0.00244
0.175896,0.00244
0.1759,0.00122
0.175904,0.00122
0.175908,0.00122
0.175912,0.00122
0.175916,0.00122
0.17592,0.00244
0.175924,0.00244
0.175928,0.00122
0.175932,0.00244
0.175936,0.00244
0.17594,0.00122
0.175944,0.00122
0.175948,0.00244
0.175952,0.00244
0.175956,0.00122
0.17596,0.00244
0.175964,0.00122
0.175968,0.00122
0.175972,0.00244
0.175976,0.00244
0.17598,0.00244
0.175984,0.00244
0.175988,0.00244
0.175992,0.00122
0.175996,0.00244
0.176,0.00122
0.176004,0.00122
0.176008,0.00122
0.176012,0.00122
0.176016,0.00122
0.17602,0.00244
0.176024,0.00122
0.176028,0.00122
0.176032,0.00122
0.176036,0.00122
0.17604,0.00244
0.176044,0.00122
0.176048,0.00122
0.176052,0.00244
0.176056,0.00122
0.17606,0.00122
0.176064,0.00122
0.176068,0.00122
0.176072,0.00122
0.176076,0.00244
0.17608,0.00122
0.176084,0.00122
0.176088,0.00122
0.176092,0.00122
0.176096,0.00244
0.1761,0.00122
0.176104,0.00122
0.176108,0.00122
0.176112,0.00244
0.176116,0.00244
0.17612,0.00122
0.176124,0.00122
0.176128,0.00122
0.176132,0.00244
0.176136,0.00244
0.17614,0.00122
0.176144,0.00122
0.176148,0.00122
0.176152,0.00244
0.176156,0.00244
0.17616,0.00244
0.176164,0.00244
0.176168,0.00122
0.176172,0.00244
0.176176,0.00244
0.17618,0.00244
0.176184,0.00122
0.176188,0.00244
0.176192,0.00244
0.176196,0.00244
0.1762,0.00122
0.176204,0.00244
0.176208,0.00244
0.176212,0.00244
0.176216,0.00122
0.17622,0.00244
0.176224,0.00244
0.176228,0.00244
0.176232,0.00244
0.176236,0.00244
0.17624,0.00122
0.176244,0.00244
0.176248,0.00122
0.176252,0.00244
0.176256,0.00122
0.17626,0.00122
0.176264,0.00122
0.176268,0.00244
0.176272,0.00244
0.176276,0.00244
0.17628,0.00244
0.176284,0.00244
0.176288,0.00122
0.176292,0.00244
0.176296,0.00244
0.1763,0.00244
0.176304,0.00122
0.176308,0.00244
0.176312,0.00244
0.176316,0.00244
0.17632,0.00244
0.176324,0.00244
0.176328,0.00244
0.176332,0.00244
0.176336,0.00244
0.17634,0.00244
0.176344,0.00244
0.176348,0.00244
0.176352,0.00122
0.176356,0.00122
0.17636,0.00244
0.176364,0.00244
0.176368,0.00244
0.176372,0.00244
0.176376,0.00122
0.17638,0.00244
0.176384,0.00244
0.176388,0.00244
0.176392,0.00244
0.176396,0.00244
0.1764,0.00244
0.176404,0.00244
0.176408,0.00244
0.176412,0.00122
0.176416,0.00244
0.17642,0.00244
0.176424,0.00244
0.176428,0.00244
0.176432,0.00244
0.176436,0.00244
0.17644,0.00244
0.176444,0.00244
0.176448,0.00244
0.176452,0.00122
0.176456,0.00122
0.17646,0.00244
0.176464,0.00244
0.176468,0.00122
0.176472,0.00244
0.176476,0.00244
0.17648,0.00244
0.176484,0.00244
0.176488,0.00244
0.176492,0.00244
0.176496,0.00244
0.1765,0.00244
0.176504,0.00244
0.176508,0.00122
0.176512,0.00244
0.176516,0.00244
0.17652,0.00244
0.176524,0.00244
0.176528,0.00244
0.176532,0.00244
0.176536,0.00122
0.17654,0.00122
0.176544,0.00244
0.176548,0.00244
0.176552,0.00244
0.176556,0.00122
0.17656,0.00366
0.176564,0.00244
0.176568,0.00244
0.176572,0.00122
0.176576,0.00122
0.17658,0.00244
0.176584,0.00244
0.176588,0.00244
0.176592,0.00244
0.176596,0.00122
0.1766,0.00244
0.176604,0.00244
0.176608,0.00244
0.176612,0.00244
0.176616,0.00122
0.17662,0.00122
0.176624,0.00244
0.176628,0.00244
0.176632,0.00244
0.176636,0.00122
0.17664,0.00122
0.176644,0.00244
0.176648,0.00122
0.176652,0.00244
0.176656,0.00122
0.17666,0.00122
0.176664,0.00122
0.176668,0.00244
0.176672,0.00244
0.176676,0.00122
0.17668,0.00122
0.176684,0.00122
0.176688,0.00122
0.176692,0.00122
0.176696,0.00244
0.1767,0.00122
0.176704,0.00122
0.176708,0.00244
0.176712,0.00122
0.176716,0.00122
0.17672,0.00244
0.176724,0.00244
0.176728,0.00122
0.176732,0.00244
0.176736,0.00122
0.17674,0.00122
0.176744,0.00122
0.176748,0.00122
0.176752,0.00244
0.176756,0.00244
0.17676,0.00244
0.176764,0.00122
0.176768,0.00122
0.176772,0.00122
0.176776,0.00122
0.17678,0.00122
0.176784,0.00122
0.176788,0.00122
0.176792,0.00122
0.176796,0.00122
0.1768,0.00122
0.176804,0.00122
0.176808,0.00122
0.176812,0.00122
0.176816,0.00122
0.17682,0.00244
0.176824,0.00122
0.176828,0.00122
0.176832,0.00122
0.176836,0.00122
0.17684,0.00122
0.176844,0.00122
0.176848,0.00122
0.176852,0.00122
0.176856,0.00122
0.17686,0.00122
0.176864,0.00122
0.176868,0.00122
0.176872,0.00122
0.176876,0.00122
0.17688,0.00122
0.176884,0.00244
0.176888,0.00122
0.176892,0.00122
0.176896,0.00122
0.1769,0.00244
0.176904,0.00122
0.176908,0.00122
0.176912,0.00122
0.176916,0.00122
0.17692,0.00122
0.176924,0.00122
0.176928,0.00244
0.176932,0.00122
0.176936,0.00122
0.17694,0.00122
0.176944,0.00122
0.176948,0.00122
0.176952,0.00122
0.176956,0.00122
0.17696,0.00122
0.176964,0.00122
0.176968,0.00122
0.176972,0.00244
0.176976,0.00122
0.17698,0.00122
0.176984,0.00122
0.176988,0.00122
0.176992,0.00244
0.176996,0.00122
0.177,0.00122
0.177004,0.00122
0.177008,0.00122
0.177012,0.00244
0.177016,0.00122
0.17702,0.00122
0.177024,0.0
0.177028,0.00244
0.177032,0.00122
0.177036,0.00122
0.17704,0.00244
0.177044,0.00122
0.177048,0.00122
0.177052,0.00122
0.177056,0.00122
0.17706,0.00122
0.177064,0.00122
0.177068,0.00122
0.177072,0.00122
0.177076,0.00122
0.17708,0.00122
0.177084,0.00122
0.177088,0.00122
0.177092,0.00122
0.177096,0.00122
0.1771,0.0
0.177104,0.0
0.177108,0.00122
0.177112,0.00122
0.177116,0.00122
0.17712,0.00122
0.177124,0.00122
0.177128,0.00122
0.177132,0.0
0.177136,0.00122
0.17714,0.00122
0.177144,0.00122
0.177148,0.00122
0.177152,0.00122
0.177156,0.00122
0.17716,0.00122
0.177164,0.00122
0.177168,0.0
0.177172,0.00122
0.177176,0.00122
0.17718,0.0
0.177184,0.00122
0.177188,0.00122
0.177192,0.00122
0.177196,0.00122
0.1772,0.00122
0.177204,0.00122
0.177208,0.00122
0.177212,0.0
0.177216,0.00122
0.17722,0.00122
0.177224,0.0
0.177228,0.00122
0.177232,0.00122
0.177236,0.0
0.17724,0.00122
0.177244,0.00122
0.177248,0.0
0.177252,0.0
0.177256,0.00122
0.17726,0.00122
0.177264,0.0
0.177268,0.00122
0.177272,0.0
0.177276,0.0
0.17728,0.00122
0.177284,0.0
0.177288,0.0
0.177292,0.00122
0.177296,0.00122
0.1773,0.00122
0.177304,0.0
0.177308,0.0
0.177312,0.00122
0.177316,0.0
0.17732,0.0
0.177324,0.00122
0.177328,0.00122
0.177332,0.0
0.177336,0.00122
0.17734,0.00122
0.177344,0.0
0.177348,0.0
0.177352,0.00122
0.177356,0.00122
0.17736,0.0
0.177364,0.00122
0.177368,0.0
0.177372,0.0
0.177376,0.0
0.17738,0.0
0.177384,0.0
0.177388,0.00122
0.177392,0.0
0.177396,0.0
0.1774,0.0
0.177404,0.0
0.177408,0.0
0.177412,0.00122
0.177416,0.0
0.17742,0.0
0.177424,0.0
0.177428,0.0
0.177432,0.0
0.177436,0.0
0.17744,-0.00122
0.177444,-0.00122
0.177448,0.0
0.177452,0.0
0.177456,-0.00122
0.17746,0.0
0.177464,0.0
0.177468,0.0
0.177472,0.0
0.177476,0.0
0.17748,0.0
0.177484,0.0
0.177488,-0.00122
0.177492,-0.00122
0.177496,0.0
0.1775,0.0
0.177504,-0.00122
0.177508,0.0
0.177512,0.0
0.177516,0.0
0.17752,-0.00122
0.177524,0.0
0.177528,0.0
0.177532,-0.00122
0.177536,0.0
0.17754,0.0
0.177544,-0.00122
0.177548,-0.00122
0.177552,-0.00122
0.177556,-0.00122
0.17756,0.0
0.177564,-0.00122
0.177568,-0.00122
0.177572,-0.00122
0.177576,0.0
0.17758,-0.00122
0.177584,-0.00122
0.177588,-0.00122
0.177592,-0.00122
0.177596,-0.00122
0.1776,-0.00122
0.177604,-0.00122
0.177608,-0.00122
0.177612,-0.00122
0.177616,-0.00122
0.17762,-0.00122
0.177624,-0.00122
0.177628,-0.00122
0.177632,-0.00122
0.177636,-0.00122
0.17764,-0.00122
0.177644,-0.00122
0.177648,0.0
0.177652,-0.00122
0.177656,-0.00122
0.17766,-0.00122
0.177664,-0.00122
0.177668,-0.00122
0.177672,-0.00122
0.177676,-0.00122
0.17768,-0.00122
0.177684,-0.00122
0.177688,-0.00122
0.177692,-0.00122
0.177696,-0.00122
0.1777,-0.00122
0.177704,-0.00122
0.177708,-0.00122
0.177712,-0.00122
0.177716,-0.00122
0.17772,-0.00122
0.177724,-0.00122
0.177728,-0.00122
0.177732,-0.00122
0.177736,-0.00122
0.17774,-0.00122
0.177744,-0.00122
0.177748,-0.00122
0.177752,-0.00244
0.177756,-0.00122
0.17776,-0.00122
0.177764,-0.00122
0.177768,-0.00122
0.177772,-0.00122
0.177776,-0.00122
0.17778,-0.00244
0.177784,-0.00122
0.177788,-0.00122
0.177792,-0.00244
0.177796,-0.00122
0.1778,-0.00122
0.177804,-0.00122
0.177808,-0.00244
0.177812,-0.00122
0.177816,-0.00244
0.17782,-0.00122
0.177824,-0.00122
0.177828,-0.00122
0.177832,-0.00122
0.177836,-0.00244
0.17784,-0.00122
0.177844,-0.00244
0.177848,-0.00244
0.177852,-0.00244
0.177856,-0.00244
0.17786,-0.00122
0.177864,-0.00122
0.177868,-0.00122
0.177872,-0.00244
0.177876,-0.00122
0.17788,-0.00244
0.177884,-0.00122
0.177888,-0.00122
0.177892,-0.00244
0.177896,-0.00122
0.1779,-0.00244
0.177904,-0.00244
0.177908,-0.00244
0.177912,-0.00122
0.177916,-0.00122
0.17792,-0.00244
0.177924,-0.00244
0.177928,-0.00244
0.177932,-0.00244
0.177936,-0.00122
0.17794,-0.00244
0.177944,-0.00244
0.177948,-0.00244
0.177952,-0.00244
0.177956,-0.00244
0.17796,-0.00244
0.177964,-0.00244
0.177968,-0.00244
0.177972,-0.00244
0.177976,-0.00244
0.17798,-0.00244
0.177984,-0.00244
0.177988,-0.00244
0.177992,-0.00244
0.177996,-0.00244
0.178,-0.00244
0.178004,-0.00244
0.178008,-0.00122
0.178012,-0.00122
0.178016,-0.00244
0.17802,-0.00244
0.178024,-0.00244
0.178028,-0.00244
0.178032,-0.00244
0.178036,-0.00244
0.17804,-0.00244
0.178044,-0.00244
0.178048,-0.00244
0.178052,-0.00244
0.178056,-0.00244
0.17806,-0.00244
0.178064,-0.00244
0.178068,-0.00244
0.178072,-0.00244
0.178076,-0.00244
0.17808,-0.00244
0.178084,-0.00244
0.178088,-0.00244
0.178092,-0.00244
0.178096,-0.00244
0.1781,-0.00366
0.178104,-0.00244
0.178108,-0.00244
0.178112,-0.00244
0.178116,-0.00244
0.17812,-0.00244
0.178124,-0.00244
0.178128,-0.00244
0.178132,-0.00244
0.178136,-0.00244
0.17814,-0.00244
0.178144,-0.00244
0.178148,-0.00244
0.178152,-0.00366
0.178156,-0.00244
0.17816,-0.00244
0.178164,-0.00244
0.178168,-0.00244
0.178172,-0.00244
0.178176,-0.00244
0.17818,-0.00244
0.178184,-0.00244
0.178188,-0.00244
0.178192,-0.00244
0.178196,-0.00244
0.1782,-0.00244
0.178204,-0.00244
0.178208,-0.00244
0.178212,-0.00244
0.178216,-0.00244
0.17822,-0.00244
0.178224,-0.00366
0.178228,-0.00244
0.178232,-0.00244
0.178236,-0.00244
0.17824,-0.00244
0.178244,-0.00244
0.178248,-0.00244
0.178252,-0.00366
0.178256,-0.00244
0.17826,-0.00244
0.178264,-0.00244
0.178268,-0.00244
0.178272,-0.00244
0.178276,-0.00244
0.17828,-0.00244
0.178284,-0.00244
0.178288,-0.00244
0.178292,-0.00244
0.178296,-0.00244
0.1783,-0.00244
0.178304,-0.00244
0.178308,-0.00244
0.178312,-0.00244
0.178316,-0.00244
0.17832,-0.00244
0.178324,-0.00244
0.178328,-0.00244
0.178332,-0.00244
0.178336,-0.00244
0.17834,-0.00244
0.178344,-0.00244
0.178348,-0.00244
0.178352,-0.00244
0.178356,-0.00244
0.17836,-0.00244
0.178364,-0.00244
0.178368,-0.00244
0.178372,-0.00244
0.178376,-0.00244
0.17838,-0.00244
0.178384,-0.00244
0.178388,-0.00244
0.178392,-0.00244
0.178396,-0.00244
0.1784,-0.00366
0.178404,-0.00244
0.178408,-0.00244
0.178412,-0.00244
0.178416,-0.00244
0.17842,-0.00366
0.178424,-0.00244
0.178428,-0.00244
0.178432,-0.00244
0.178436,-0.00244
0.17844,-0.00244
0.178444,-0.00244
0.178448,-0.00122
0.178452,-0.00244
0.178456,-0.00244
0.17846,-0.00244
0.178464,-0.00366
0.178468,-0.00244
0.178472,-0.00244
0.178476,-0.00244
0.17848,-0.00244
0.178484,-0.00244
0.178488,-0.00244
0.178492,-0.00244
0.178496,-0.00244
0.1785,-0.00244
0.178504,-0.00244
0.178508,-0.00244
0.178512,-0.00366
0.178516,-0.00244
0.17852,-0.00244
0.178524,-0.00244
0.178528,-0.00244
0.178532,-0.00244
0.178536,-0.00244
0.17854,-0.00244
0.178544,-0.00244
0.178548,-0.00122
0.178552,-0.00244
0.178556,-0.00244
0.17856,-0.00244
0.178564,-0.00366
0.178568,-0.00244
0.178572,-0.00244
0.178576,-0.00366
0.17858,-0.00244
0.178584,-0.00244
0.178588,-0.00244
0.178592,-0.00244
0.178596,-0.00244
0.1786,-0.00244
0.178604,-0.00244
0.178608,-0.00244
0.178612,-0.00244
0.178616,-0.00244
0.17862,-0.00244
0.178624,-0.00244
0.178628,-0.00244
0.178632,-0.00244
0.178636,-0.00244
0.17864,-0.00244
0.178644,-0.00244
0.178648,-0.00366
0.178652,-0.00244
0.178656,-0.00244
0.17866,-0.00244
0.178664,-0.00244
0.178668,-0.00244
0.178672,-0.00244
0.178676,-0.00244
0.17868,-0.00244
0.178684,-0.00244
0.178688,-0.00122
0.178692,-0.00244
0.178696,-0.00244
0.1787,-0.00122
0.178704,-0.00122
0.178708,-0.00244
0.178712,-0.00122
0.178716,-0.00244
0.17872,-0.00244
0.178724,-0.00244
0.178728,-0.00122
0.178732,-0.00244
0.178736,-0.00244
0.17874,-0.00244
0.178744,-0.00244
0.178748,-0.00122
0.178752,-0.00244
0.178756,-0.00244
0.17876,-0.00244
0.178764,-0.00244
0.178768,-0.00244
0.178772,-0.00244
0.178776,-0.00244
0.17878,-0.00122
0.178784,-0.00122
0.178788,-0.00244
0.178792,-0.00244
0.178796,-0.00122
0.1788,-0.00122
0.178804,-0.00244
0.178808,-0.00244
0.178812,-0.00244
0.178816,-0.00122
0.17882,-0.00244
0.178824,-0.00244
0.178828,-0.00244
0.178832,-0.00244
0.178836,-0.00244
0.17884,-0.00244
0.178844,-0.00244
0.178848,-0.00244
0.178852,-0.00122
0.178856,-0.00122
0.17886,-0.00122
0.178864,-0.00244
0.178868,-0.00244
0.178872,-0.00122
0.178876,-0.00122
0.17888,-0.00122
0.178884,-0.00244
0.178888,-0.00122
0.178892,-0.00122
0.178896,-0.00122
0.1789,-0.00122
0.178904,-0.00122
0.178908,-0.00244
0.178912,-0.00244
0.178916,-0.00244
0.17892,-0.00122
0.178924,-0.00122
0.178928,-0.00122
0.178932,-0.00122
0.178936,-0.00122
0.17894,-0.00122
0.178944,-0.00122
0.178948,-0.00122
0.178952,-0.00122
0.178956,-0.00122
0.17896,-0.00122
0.178964,-0.00122
0.178968,-0.00122
0.178972,-0.00122
0.178976,-0.00122
0.17898,-0.00122
0.178984,-0.00122
0.178988,-0.00122
0.178992,-0.00122
0.178996,-0.00122
0.179,-0.00122
0.179004,-0.00122
0.179008,-0.00122
0.179012,-0.00122
0.179016,0.0
0.17902,-0.00122
0.179024,-0.00122
0.179028,0.0
0.179032,-0.00122
0.179036,-0.00122
0.17904,-0.00122
0.179044,-0.00122
0.179048,0.0
0.179052,0.0
0.179056,0.0
0.17906,-0.00122
0.179064,-0.00122
0.179068,0.0
0.179072,0.0
0.179076,-0.00122
0.17908,-0.00122
0.179084,0.0
0.179088,-0.00122
0.179092,0.0
0.179096,-0.00122
0.1791,-0.00122
0.179104,-0.00122
0.179108,0.0
0.179112,0.0
0.179116,0.0
0.17912,-0.00122
0.179124,0.0
0.179128,0.0
0.179132,0.0
0.179136,-0.00122
0.17914,0.0
0.179144,0.0
0.179148,-0.00122
0.179152,-0.00122
0.179156,-0.00122
0.17916,0.0
0.179164,0.0
0.179168,0.00122
0.179172,0.0
0.179176,0.0
0.17918,0.00122
0.179184,0.0
0.179188,0.0
0.179192,0.0
0.179196,0.0
0.1792,0.0
0.179204,0.00122
0.179208,0.0
0.179212,0.0
0.179216,0.0
0.17922,0.0
0.179224,0.0
0.179228,0.0
0.179232,0.00122
0.179236,0.00122
0.17924,0.0
0.179244,0.00122
0.179248,0.0
0.179252,0.0
0.179256,0.0
0.17926,0.00122
0.179264,0.00122
0.179268,0.0
0.179272,0.0
0.179276,0.0
0.17928,0.00122
0.179284,0.0
0.179288,0.00122
0.179292,0.0
0.179296,0.0
0.1793,0.0
0.179304,0.00122
0.179308,0.00122
0.179312,0.00122
0.179316,0.00122
0.17932,0.00122
0.179324,0.00122
0.179328,0.00122
0.179332,0.0
0.179336,0.0
0.17934,0.0
0.179344,0.0
0.179348,0.00122
0.179352,0.00122
0.179356,0.00122
0.17936,0.00122
0.179364,0.00122
0.179368,0.00122
0.179372,0.00122
0.179376,0.00122
0.17938,0.00122
0.179384,0.00122
0.179388,0.00122
0.179392,0.00122
0.179396,0.00122
0.1794,0.00122
0.179404,0.00122
0.179408,0.00122
0.179412,0.00122
0.179416,0.0
0.17942,0.00122
0.179424,0.00122
0.179428,0.00122
0.179432,0.00122
0.179436,0.00122
0.17944,0.0
0.179444,0.00122
0.179448,0.00122
0.179452,0.00122
0.179456,0.00244
0.17946,0.00122
0.179464,0.00122
0.179468,0.00122
0.179472,0.00122
0.179476,0.00122
0.17948,0.00122
0.179484,0.00122
0.179488,0.00122
0.179492,0.00122
0.179496,0.00122
0.1795,0.00122
0.179504,0.00122
0.179508,0.00244
0.179512,0.00122
0.179516,0.00122
0.17952,0.00122
0.179524,0.00122
0.179528,0.00122
0.179532,0.00122
0.179536,0.00122
0.17954,0.00122
0.179544,0.00122
0.179548,0.00244
0.179552,0.00122
0.179556,0.00122
0.17956,0.00122
0.179564,0.00244
0.179568,0.00244
0.179572,0.00244
0.179576,0.00122
0.17958,0.00122
0.179584,0.00244
0.179588,0.00244
0.179592,0.00122
0.179596,0.00244
0.1796,0.00244
0.179604,0.00122
0.179608,0.00244
0.179612,0.00244
0.179616,0.00244
0.17962,0.00244
0.179624,0.00122
0.179628,0.00244
0.179632,0.00244
0.179636,0.00244
0.17964,0.00122
0.179644,0.00244
0.179648,0.00244
0.179652,0.00244
0.179656,0.00122
0.17966,0.00244
0.179664,0.00244
0.179668,0.00122
0.179672,0.00122
0.179676,0.00244
0.17968,0.00244
0.179684,0.00244
0.179688,0.00244
0.179692,0.00244
0.179696,0.00122
0.1797,0.00244
0.179704,0.00244
0.179708,0.00244
0.179712,0.00122
0.179716,0.00244
0.17972,0.00244
0.179724,0.00122
0.179728,0.00244
0.179732,0.00244
0.179736,0.00122
0.17974,0.00244
0.179744,0.00244
0.179748,0.00122
0.179752,0.00244
0.179756,0.00122
0.17976,0.00244
0.179764,0.00244
0.179768,0.00244
0.179772,0.00244
0.179776,0.00244
0.17978,0.00244
0.179784,0.00244
0.179788,0.00244
0.179792,0.00244
0.179796,0.00244
0.1798,0.00244
0.179804,0.00244
0.179808,0.00244
0.179812,0.00122
0.179816,0.00244
0.17982,0.00244
0.179824,0.00244
0.179828,0.00244
0.179832,0.00244
0.179836,0.00244
0.17984,0.00244
0.179844,0.00244
0.179848,0.00244
0.179852,0.00244
0.179856,0.00244
0.17986,0.00244
0.179864,0.00244
0.179868,0.00244
0.179872,0.00244
0.179876,0.00244
0.17988,0.00122
0.179884,0.00244
0.179888,0.00244
0.179892,0.00244
0.179896,0.00244
0.1799,0.00244
0.179904,0.00244
0.179908,0.00244
0.179912,0.00244
0.179916,0.00244
0.17992,0.00244
0.179924,0.00244
0.179928,0.00244
0.179932,0.00244
0.179936,0.00244
0.17994,0.00366
0.179944,0.00244
0.179948,0.00244
0.179952,0.00244
0.179956,0.00366
0.17996,0.00244
0.179964,0.00244
0.179968,0.00244
0.179972,0.00244
0.179976,0.00366
0.17998,0.00244
0.179984,0.00244
0.179988,0.00366
0.179992,0.00366
0.179996,0.00366
