time,signal
0.0,32.9728
4e-06,-32.9567
8e-06,-0.0
1.2e-05,-0.0161
1.6e-05,-0.0161
2e-05,-0.0161
2.4e-05,-0.0161
2.8e-05,-0.0161
3.2e-05,-0.0161
3.6e-05,-0.0322
4e-05,-0.0161
4.4e-05,-0.0161
4.8e-05,-0.0161
5.2e-05,-0.0161
5.6e-05,-0.0161
6e-05,-0.0161
6.4e-05,-0.0161
6.8e-05,-0.0161
7.2e-05,-0.0161
7.6e-05,-0.0161
8e-05,-0.0322
8.4e-05,-0.0161
8.8e-05,-0.0161
9.2e-05,-0.0322
9.6e-05,-0.0161
0.0001,-0.0161
0.000104,-0.0
0.000108,-0.0161
0.000112,-0.0161
0.000116,-0.0161
0.00012,-0.0161
0.000124,-0.0161
0.000128,-0.0161
0.000132,-0.0161
0.000136,-0.0
0.00014,-0.0161
0.000144,-0.0161
0.000148,-0.0161
0.000152,-0.0161
0.000156,-0.0
0.00016,-0.0161
0.000164,-0.0161
0.000168,-0.0161
0.000172,-0.0161
0.000176,-0.0322
0.00018,-0.0161
0.000184,-0.0161
0.000188,-0.0161
0.000192,-0.0161
0.000196,-0.0161
0.0002,-0.0161
0.000204,-0.0161
0.000208,-0.0322
0.000212,-0.0161
0.000216,-0.0161
0.00022,-0.0161
0.000224,-0.0161
0.000228,-0.0161
0.000232,-0.0161
0.000236,-0.0322
0.00024,-0.0161
0.000244,-0.0161
0.000248,-0.0322
0.000252,-0.0322
0.000256,-0.0322
0.00026,-0.0161
0.000264,-0.0161
0.000268,-0.0161
0.000272,-0.0161
0.000276,-0.0161
0.00028,-0.0161
0.000284,-0.0161
0.000288,-0.0161
0.000292,-0.0161
0.000296,-0.0161
0.0003,-0.0161
0.000304,-0.0
0.000308,-0.0322
0.000312,-0.0161
0.000316,-0.0161
0.00032,-0.0161
0.000324,-0.0161
0.000328,-0.0161
0.000332,-0.0161
0.000336,-0.0161
0.00034,-0.0161
0.000344,-0.0161
0.000348,-0.0161
0.000352,-0.0161
0.000356,-0.0161
0.00036,-0.0161
0.000364,-0.0161
0.000368,-0.0161
0.000372,-0.0322
0.000376,-0.0322
0.00038,-0.0161
0.000384,-0.0161
0.000388,-0.0161
0.000392,-0.0161
0.000396,-0.0161
0.0004,-0.0161
0.000404,-0.0161
0.000408,-0.0161
0.000412,-0.0161
0.000416,-0.0161
0.00042,-0.0161
0.000424,-0.0161
0.000428,-0.0322
0.000432,-0.0161
0.000436,-0.0161
0.00044,-0.0161
0.000444,-0.0161
0.000448,-0.0161
0.000452,-0.0161
0.000456,-0.0161
0.00046,-0.0161
0.000464,-0.0161
0.000468,-0.0161
0.000472,-0.0161
0.000476,-0.0322
0.00048,-0.0161
0.000484,-0.0161
0.000488,-0.0161
0.000492,-0.0161
0.000496,-0.0161
0.0005,-0.0161
0.000504,-0.0161
0.000508,-0.0161
0.000512,-0.0161
0.000516,-0.0161
0.00052,-0.0161
0.000524,-0.0161
0.000528,-0.0161
0.000532,-0.0161
0.000536,-0.0161
0.00054,-0.0161
0.000544,-0.0161
0.000548,-0.0161
0.000552,-0.0161
0.000556,-0.0161
0.00056,-0.0161
0.000564,-0.0161
0.000568,-0.0161
0.000572,-0.0161
0.000576,-0.0161
0.00058,-0.0161
0.000584,-0.0322
0.000588,-0.0161
0.000592,-0.0161
0.000596,-0.0161
0.0006,-0.0161
0.000604,-0.0161
0.000608,-0.0161
0.000612,-0.0161
0.000616,-0.0161
0.00062,-0.0161
0.000624,-0.0161
0.000628,-0.0161
0.000632,-0.0161
0.000636,-0.0161
0.00064,-0.0161
0.000644,-0.0161
0.000648,-0.0161
0.000652,-0.0161
0.000656,-0.0
0.00066,-0.0161
0.000664,-0.0161
0.000668,-0.0161
0.000672,-0.0161
0.000676,-0.0322
0.00068,-0.0161
0.000684,-0.0161
0.000688,-0.0161
0.000692,-0.0161
0.000696,-0.0161
0.0007,-0.0161
0.000704,-0.0161
0.000708,-0.0322
0.000712,-0.0161
0.000716,-0.0161
0.00072,-0.0161
0.000724,-0.0161
0.000728,-0.0161
0.000732,-0.0322
0.000736,-0.0322
0.00074,-0.0161
0.000744,-0.0161
0.000748,-0.0161
0.000752,-0.0322
0.000756,-0.0322
0.00076,-0.0161
0.000764,-0.0161
0.000768,-0.0161
0.000772,-0.0322
0.000776,-0.0322
0.00078,-0.0161
0.000784,-0.0161
0.000788,-0.0161
0.000792,-0.0161
0.000796,-0.0161
0.0008,-0.0161
0.000804,-0.0161
0.000808,-0.0161
0.000812,-0.0161
0.000816,-0.0161
0.00082,-0.0161
0.000824,-0.0161
0.000828,-0.0161
0.000832,-0.0161
0.000836,-0.0161
0.00084,-0.0322
0.000844,-0.0322
0.000848,-0.0161
0.000852,-0.0161
0.000856,-0.0161
0.00086,-0.0161
0.000864,-0.0161
0.000868,-0.0161
0.000872,-0.0322
0.000876,-0.0161
0.00088,-0.0161
0.000884,-0.0161
0.000888,-0.0161
0.000892,-0.0161
0.000896,-0.0161
0.0009,-0.0161
0.000904,-0.0161
0.000908,-0.0161
0.000912,-0.0322
0.000916,-0.0161
0.00092,-0.0322
0.000924,-0.0161
0.000928,-0.0161
0.000932,-0.0322
0.000936,-0.0161
0.00094,-0.0161
0.000944,-0.0161
0.000948,-0.0161
0.000952,-0.0161
0.000956,-0.0161
0.00096,-0.0161
0.000964,-0.0161
0.000968,-0.0161
0.000972,-0.5474
0.000976,-1.6582999999999999
0.00098,-3.5259
0.000984,-4.4597
0.000988,-5.0071
0.000992,-5.9892
0.000996,-7.084
0.001,-8.0339
0.001004,-8.2754
0.001008,-8.8389
0.001012,-9.8854
0.001016,-10.3684
0.00102,-10.6904
0.001024,-11.0124
0.001028,-11.6886
0.001032,-12.3165
0.001036,-12.3326
0.00104,-12.6063
0.001044,-13.1859
0.001048,-13.5562
0.001052,-13.7172
0.001056,-13.7655
0.00106,-14.2163
0.001064,-14.6349
0.001068,-14.6188
0.001072,-14.7476
0.001076,-15.0213
0.00108,-15.3433
0.001084,-15.4238
0.001088,-15.3916
0.001092,-15.6814
0.001096,-15.9229
0.0011,-15.9712
0.001104,-15.9712
0.001108,-16.1
0.001112,-16.3737
0.001116,-16.4059
0.00112,-16.3576
0.001124,-16.5025
0.001128,-16.6957
0.001132,-16.7601
0.001136,-16.7118
0.00114,-16.7762
0.001144,-16.9694
0.001148,-17.0016
0.001152,-16.9694
0.001156,-17.0177
0.00116,-17.1626
0.001164,-17.227
0.001168,-17.1626
0.001172,-17.2109
0.001176,-17.3236
0.00118,-17.387999999999998
0.001184,-17.3558
0.001188,-17.3558
0.001192,-17.4363
0.001196,-17.5007
0.0012,-17.4685
0.001204,-17.4846
0.001208,-17.5651
0.001212,-17.6134
0.001216,-17.5973
0.00122,-17.5812
0.001224,-17.645599999999998
0.001228,-17.6939
0.001232,-17.6778
0.001236,-17.6617
0.00124,-17.6939
0.001244,-17.7583
0.001248,-17.7422
0.001252,-17.7261
0.001256,-17.7744
0.00126,-17.8066
0.001264,-17.8066
0.001268,-17.7744
0.001272,-17.8066
0.001276,-17.8549
0.00128,-17.8549
0.001284,-17.8227
0.001288,-17.8549
0.001292,-17.8871
0.001296,-17.8871
0.0013,-17.8549
0.001304,-17.871
0.001308,-17.9193
0.001312,-17.9193
0.001316,-17.9032
0.00132,-17.9032
0.001324,-17.9515
0.001328,-17.9354
0.001332,-17.9193
0.001336,-17.9515
0.00134,-17.9676
0.001344,-17.9837
0.001348,-17.9515
0.001352,-17.9676
0.001356,-17.9837
0.00136,-17.9998
0.001364,-17.9837
0.001368,-17.9837
0.001372,-17.9998
0.001376,-17.9998
0.00138,-17.9998
0.001384,-17.9998
0.001388,-18.0159
0.001392,-18.032
0.001396,-18.0159
0.0014,-18.0159
0.001404,-18.0159
0.001408,-18.048099999999998
0.001412,-18.032
0.001416,-18.032
0.00142,-18.048099999999998
0.001424,-18.0642
0.001428,-18.0642
0.001432,-18.048099999999998
0.001436,-18.0642
0.00144,-18.0803
0.001444,-18.0803
0.001448,-18.0642
0.001452,-18.0642
0.001456,-18.0803
0.00146,-18.0803
0.001464,-18.0803
0.001468,-18.0642
0.001472,-18.0642
0.001476,-18.0803
0.00148,-18.0803
0.001484,-18.0803
0.001488,-18.0964
0.001492,-18.0964
0.001496,-18.0964
0.0015,-18.0964
0.001504,-18.1125
0.001508,-18.0964
0.001512,-18.0964
0.001516,-18.1125
0.00152,-18.1125
0.001524,-18.1125
0.001528,-18.1125
0.001532,-18.0964
0.001536,-18.1125
0.00154,-18.1286
0.001544,-18.1125
0.001548,-18.1286
0.001552,-18.1286
0.001556,-18.1286
0.00156,-18.1125
0.001564,-18.1286
0.001568,-18.1286
0.001572,-18.1447
0.001576,-18.1286
0.00158,-18.1447
0.001584,-18.1286
0.001588,-18.1447
0.001592,-18.1447
0.001596,-18.1447
0.0016,-18.1447
0.001604,-18.1447
0.001608,-18.1447
0.001612,-18.1447
0.001616,-18.1447
0.00162,-18.1447
0.001624,-18.1447
0.001628,-18.1447
0.001632,-18.1447
0.001636,-18.1447
0.00164,-18.1608
0.001644,-18.1608
0.001648,-18.1608
0.001652,-18.1608
0.001656,-18.1608
0.00166,-18.1608
0.001664,-18.1608
0.001668,-18.1608
0.001672,-18.1608
0.001676,-18.1608
0.00168,-18.1608
0.001684,-18.1608
0.001688,-18.1608
0.001692,-18.1769
0.001696,-18.1769
0.0017,-18.1608
0.001704,-18.1769
0.001708,-18.1769
0.001712,-18.1769
0.001716,-18.1769
0.00172,-18.1608
0.001724,-18.1769
0.001728,-18.1769
0.001732,-18.193
0.001736,-18.1769
0.00174,-18.1769
0.001744,-18.1769
0.001748,-18.1769
0.001752,-18.193
0.001756,-18.193
0.00176,-18.1769
0.001764,-18.1769
0.001768,-18.193
0.001772,-18.193
0.001776,-18.193
0.00178,-18.193
0.001784,-18.193
0.001788,-18.193
0.001792,-18.193
0.001796,-18.1769
0.0018,-18.1769
0.001804,-18.193
0.001808,-18.193
0.001812,-18.193
0.001816,-18.1769
0.00182,-18.193
0.001824,-18.2091
0.001828,-18.193
0.001832,-18.193
0.001836,-18.1769
0.00184,-18.193
0.001844,-18.193
0.001848,-18.193
0.001852,-18.193
0.001856,-18.193
0.00186,-18.193
0.001864,-18.2091
0.001868,-18.2091
0.001872,-18.193
0.001876,-18.193
0.00188,-18.2091
0.001884,-18.2091
0.001888,-18.193
0.001892,-18.193
0.001896,-18.193
0.0019,-18.193
0.001904,-18.2091
0.001908,-18.2091
0.001912,-18.193
0.001916,-18.2091
0.00192,-18.2091
0.001924,-18.2091
0.001928,-18.2091
0.001932,-18.2091
0.001936,-18.2091
0.00194,-18.2091
0.001944,-18.2091
0.001948,-18.2091
0.001952,-18.2091
0.001956,-18.2091
0.00196,-18.2091
0.001964,-18.2091
0.001968,-18.193
0.001972,-18.2091
0.001976,-18.2091
0.00198,-18.2091
0.001984,-18.2091
0.001988,-18.2091
0.001992,-18.2091
0.001996,-18.193
0.002,-18.2091
0.002004,-18.193
0.002008,-18.193
0.002012,-18.2091
0.002016,-18.2091
0.00202,-18.2091
0.002024,-18.2091
0.002028,-18.2091
0.002032,-18.2091
0.002036,-18.2091
0.00204,-18.2091
0.002044,-18.2091
0.002048,-18.2091
0.002052,-18.2091
0.002056,-18.2091
0.00206,-18.2091
0.002064,-18.2252
0.002068,-18.2091
0.002072,-18.2091
0.002076,-18.2091
0.00208,-18.2091
0.002084,-18.2091
0.002088,-18.2091
0.002092,-18.2091
0.002096,-18.2252
0.0021,-18.2252
0.002104,-18.2252
0.002108,-18.2091
0.002112,-18.2091
0.002116,-18.2091
0.00212,-18.2252
0.002124,-18.2091
0.002128,-18.2091
0.002132,-18.2091
0.002136,-18.2091
0.00214,-18.2091
0.002144,-18.2091
0.002148,-18.2252
0.002152,-18.2091
0.002156,-18.193
0.00216,-18.2091
0.002164,-18.2091
0.002168,-18.2091
0.002172,-18.2091
0.002176,-18.2091
0.00218,-18.2091
0.002184,-18.2091
0.002188,-18.2091
0.002192,-18.193
0.002196,-18.2091
0.0022,-18.2091
0.002204,-18.2091
0.002208,-18.2091
0.002212,-18.2091
0.002216,-18.2252
0.00222,-18.2091
0.002224,-18.2091
0.002228,-18.2091
0.002232,-18.2091
0.002236,-18.2091
0.00224,-18.2091
0.002244,-18.2091
0.002248,-18.2091
0.002252,-18.2091
0.002256,-18.2091
0.00226,-18.2091
0.002264,-18.2252
0.002268,-18.2091
0.002272,-18.2091
0.002276,-18.2091
0.00228,-18.2091
0.002284,-18.2091
0.002288,-18.2091
0.002292,-18.2091
0.002296,-18.2091
0.0023,-18.193
0.002304,-18.2091
0.002308,-18.2091
0.002312,-18.2091
0.002316,-18.2091
0.00232,-18.193
0.002324,-18.2091
0.002328,-18.193
0.002332,-18.193
0.002336,-18.193
0.00234,-18.2091
0.002344,-18.2091
0.002348,-18.193
0.002352,-18.193
0.002356,-18.2091
0.00236,-18.193
0.002364,-18.193
0.002368,-18.2091
0.002372,-18.2091
0.002376,-18.193
0.00238,-18.2091
0.002384,-18.193
0.002388,-18.193
0.002392,-18.193
0.002396,-18.193
0.0024,-18.2091
0.002404,-18.2091
0.002408,-18.2091
0.002412,-18.193
0.002416,-18.193
0.00242,-18.193
0.002424,-18.193
0.002428,-18.2091
0.002432,-18.193
0.002436,-18.2091
0.00244,-18.193
0.002444,-18.2091
0.002448,-18.193
0.002452,-18.193
0.002456,-18.2091
0.00246,-18.193
0.002464,-18.193
0.002468,-18.193
0.002472,-18.193
0.002476,-18.1769
0.00248,-18.193
0.002484,-18.193
0.002488,-18.193
0.002492,-18.193
0.002496,-18.193
0.0025,-18.193
0.002504,-18.1769
0.002508,-18.1769
0.002512,-18.193
0.002516,-18.193
0.00252,-18.193
0.002524,-18.1769
0.002528,-18.193
0.002532,-18.193
0.002536,-18.193
0.00254,-18.1769
0.002544,-18.193
0.002548,-18.1769
0.002552,-18.1769
0.002556,-18.193
0.00256,-18.1769
0.002564,-18.193
0.002568,-18.1769
0.002572,-18.1769
0.002576,-18.1769
0.00258,-18.193
0.002584,-18.1769
0.002588,-18.193
0.002592,-18.1769
0.002596,-18.1769
0.0026,-18.1769
0.002604,-18.1769
0.002608,-18.1769
0.002612,-18.1769
0.002616,-18.1769
0.00262,-18.1608
0.002624,-18.1769
0.002628,-18.1608
0.002632,-18.1769
0.002636,-18.1608
0.00264,-18.1608
0.002644,-18.1608
0.002648,-18.1608
0.002652,-18.1769
0.002656,-18.1769
0.00266,-18.1608
0.002664,-18.1608
0.002668,-18.1608
0.002672,-18.1608
0.002676,-18.1769
0.00268,-18.1608
0.002684,-18.1769
0.002688,-18.1608
0.002692,-18.1608
0.002696,-18.1608
0.0027,-18.1769
0.002704,-18.1769
0.002708,-18.1608
0.002712,-18.1447
0.002716,-18.1608
0.00272,-18.1608
0.002724,-18.1608
0.002728,-18.1608
0.002732,-18.1608
0.002736,-18.1608
0.00274,-18.1608
0.002744,-18.1608
0.002748,-18.1447
0.002752,-18.1608
0.002756,-18.1447
0.00276,-18.1608
0.002764,-18.1608
0.002768,-18.1608
0.002772,-18.1608
0.002776,-18.1608
0.00278,-18.1608
0.002784,-18.1447
0.002788,-18.1447
0.002792,-18.1447
0.002796,-18.1447
0.0028,-18.1447
0.002804,-18.1447
0.002808,-18.1447
0.002812,-18.1447
0.002816,-18.1447
0.00282,-18.1447
0.002824,-18.1447
0.002828,-18.1447
0.002832,-18.1447
0.002836,-18.1447
0.00284,-18.1447
0.002844,-18.1286
0.002848,-18.1286
0.002852,-18.1447
0.002856,-18.1286
0.00286,-18.1286
0.002864,-18.1447
0.002868,-18.1447
0.002872,-18.1286
0.002876,-18.1286
0.00288,-18.1286
0.002884,-18.1286
0.002888,-18.1286
0.002892,-18.1286
0.002896,-18.1286
0.0029,-18.1286
0.002904,-18.1286
0.002908,-18.1286
0.002912,-18.1286
0.002916,-18.1286
0.00292,-18.1125
0.002924,-18.1447
0.002928,-18.1286
0.002932,-18.1125
0.002936,-18.1286
0.00294,-18.1286
0.002944,-18.1286
0.002948,-18.1125
0.002952,-18.1286
0.002956,-18.1286
0.00296,-18.1125
0.002964,-18.1125
0.002968,-18.1125
0.002972,-18.1125
0.002976,-18.1125
0.00298,-18.1125
0.002984,-18.1125
0.002988,-18.1125
0.002992,-18.0964
0.002996,-18.1125
0.003,-18.1125
0.003004,-18.1125
0.003008,-18.1125
0.003012,-18.0964
0.003016,-18.1125
0.00302,-18.1125
0.003024,-18.0964
0.003028,-18.0964
0.003032,-18.0964
0.003036,-18.1125
0.00304,-18.0964
0.003044,-18.0964
0.003048,-18.0964
0.003052,-18.0964
0.003056,-18.0964
0.00306,-18.0964
0.003064,-18.0964
0.003068,-18.0964
0.003072,-18.1125
0.003076,-18.0964
0.00308,-18.0803
0.003084,-18.0964
0.003088,-18.0964
0.003092,-18.0964
0.003096,-18.0803
0.0031,-18.0964
0.003104,-18.0964
0.003108,-18.0964
0.003112,-18.0803
0.003116,-18.0803
0.00312,-18.0803
0.003124,-18.0803
0.003128,-18.0803
0.003132,-18.0642
0.003136,-18.0803
0.00314,-18.0803
0.003144,-18.0803
0.003148,-18.0803
0.003152,-18.0803
0.003156,-18.0642
0.00316,-18.0803
0.003164,-18.0642
0.003168,-18.0803
0.003172,-18.0642
0.003176,-18.0803
0.00318,-18.0642
0.003184,-18.0642
0.003188,-18.0803
0.003192,-18.0642
0.003196,-18.0642
0.0032,-18.0642
0.003204,-18.0642
0.003208,-18.0642
0.003212,-18.0642
0.003216,-18.0642
0.00322,-18.0642
0.003224,-18.048099999999998
0.003228,-18.0642
0.003232,-18.0642
0.003236,-18.0642
0.00324,-18.0642
0.003244,-18.048099999999998
0.003248,-18.048099999999998
0.003252,-18.0642
0.003256,-18.048099999999998
0.00326,-18.048099999999998
0.003264,-18.0642
0.003268,-18.0642
0.003272,-18.048099999999998
0.003276,-18.048099999999998
0.00328,-18.048099999999998
0.003284,-18.048099999999998
0.003288,-18.048099999999998
0.003292,-18.048099999999998
0.003296,-18.048099999999998
0.0033,-18.032
0.003304,-18.048099999999998
0.003308,-18.032
0.003312,-18.032
0.003316,-18.032
0.00332,-18.032
0.003324,-18.032
0.003328,-18.032
0.003332,-18.0159
0.003336,-18.032
0.00334,-18.032
0.003344,-18.032
0.003348,-18.032
0.003352,-18.032
0.003356,-18.032
0.00336,-18.032
0.003364,-18.032
0.003368,-18.0159
0.003372,-18.0159
0.003376,-18.032
0.00338,-18.0159
0.003384,-18.032
0.003388,-18.032
0.003392,-18.0159
0.003396,-18.0159
0.0034,-18.0159
0.003404,-18.0159
0.003408,-18.0159
0.003412,-18.0159
0.003416,-18.0159
0.00342,-18.0159
0.003424,-18.0159
0.003428,-17.9998
0.003432,-18.0159
0.003436,-18.0159
0.00344,-17.9998
0.003444,-18.0159
0.003448,-18.0159
0.003452,-17.9998
0.003456,-17.9998
0.00346,-17.9998
0.003464,-18.0159
0.003468,-17.9998
0.003472,-17.9998
0.003476,-17.9998
0.00348,-17.9998
0.003484,-17.9998
0.003488,-17.9998
0.003492,-17.9837
0.003496,-17.9998
0.0035,-17.9998
0.003504,-17.9998
0.003508,-17.9837
0.003512,-17.9837
0.003516,-17.9837
0.00352,-17.9998
0.003524,-17.9837
0.003528,-17.9837
0.003532,-17.9837
0.003536,-17.9837
0.00354,-17.9837
0.003544,-17.9837
0.003548,-17.9837
0.003552,-17.9837
0.003556,-17.9837
0.00356,-17.9837
0.003564,-17.9837
0.003568,-17.9676
0.003572,-17.9837
0.003576,-17.9837
0.00358,-17.9676
0.003584,-17.9676
0.003588,-17.9676
0.003592,-17.9676
0.003596,-17.9676
0.0036,-17.9676
0.003604,-17.9676
0.003608,-17.9837
0.003612,-17.9676
0.003616,-17.9676
0.00362,-17.9676
0.003624,-17.9515
0.003628,-17.9676
0.003632,-17.9515
0.003636,-17.9676
0.00364,-17.9515
0.003644,-17.9515
0.003648,-17.9515
0.003652,-17.9515
0.003656,-17.9515
0.00366,-17.9515
0.003664,-17.9515
0.003668,-17.9515
0.003672,-17.9515
0.003676,-17.9515
0.00368,-17.9515
0.003684,-17.9354
0.003688,-17.9515
0.003692,-17.9354
0.003696,-17.9515
0.0037,-17.9354
0.003704,-17.9354
0.003708,-17.9515
0.003712,-17.9354
0.003716,-17.9354
0.00372,-17.9354
0.003724,-17.9354
0.003728,-17.9354
0.003732,-17.9354
0.003736,-17.9354
0.00374,-17.9354
0.003744,-17.9354
0.003748,-17.9354
0.003752,-17.9354
0.003756,-17.9193
0.00376,-17.9193
0.003764,-17.9354
0.003768,-17.9193
0.003772,-17.9193
0.003776,-17.9193
0.00378,-17.9193
0.003784,-17.9193
0.003788,-17.9193
0.003792,-17.9193
0.003796,-17.9193
0.0038,-17.9193
0.003804,-17.9193
0.003808,-17.9193
0.003812,-17.9193
0.003816,-17.9193
0.00382,-17.9032
0.003824,-17.9032
0.003828,-17.9032
0.003832,-17.9032
0.003836,-17.9032
0.00384,-17.9032
0.003844,-17.8871
0.003848,-17.9032
0.003852,-17.9032
0.003856,-17.9032
0.00386,-17.9032
0.003864,-17.9032
0.003868,-17.9032
0.003872,-17.9032
0.003876,-17.8871
0.00388,-17.8871
0.003884,-17.8871
0.003888,-17.8871
0.003892,-17.8871
0.003896,-17.8871
0.0039,-17.8871
0.003904,-17.8871
0.003908,-17.871
0.003912,-17.8871
0.003916,-17.8871
0.00392,-17.8871
0.003924,-17.871
0.003928,-17.8871
0.003932,-17.8871
0.003936,-17.8871
0.00394,-17.871
0.003944,-17.871
0.003948,-17.871
0.003952,-17.871
0.003956,-17.871
0.00396,-17.871
0.003964,-17.871
0.003968,-17.871
0.003972,-17.871
0.003976,-17.8549
0.00398,-17.8549
0.003984,-17.8549
0.003988,-17.871
0.003992,-17.8549
0.003996,-17.8549
0.004,-17.8388
0.004004,-17.8549
0.004008,-17.8549
0.004012,-17.8549
0.004016,-17.8549
0.00402,-17.8549
0.004024,-17.8549
0.004028,-17.8388
0.004032,-17.8549
0.004036,-17.8388
0.00404,-17.8388
0.004044,-17.8388
0.004048,-17.8549
0.004052,-17.8388
0.004056,-17.8227
0.00406,-17.8388
0.004064,-17.8388
0.004068,-17.8388
0.004072,-17.8388
0.004076,-17.8388
0.00408,-17.8227
0.004084,-17.8227
0.004088,-17.8227
0.004092,-17.8227
0.004096,-17.8388
0.0041,-17.8388
0.004104,-17.8227
0.004108,-17.8227
0.004112,-17.8227
0.004116,-17.8227
0.00412,-17.8227
0.004124,-17.8227
0.004128,-17.8227
0.004132,-17.8227
0.004136,-17.8227
0.00414,-17.8066
0.004144,-17.8066
0.004148,-17.8066
0.004152,-17.8066
0.004156,-17.8066
0.00416,-17.8066
0.004164,-17.8066
0.004168,-17.8066
0.004172,-17.8066
0.004176,-17.8066
0.00418,-17.790499999999998
0.004184,-17.8066
0.004188,-17.8066
0.004192,-17.8066
0.004196,-17.8066
0.0042,-17.790499999999998
0.004204,-17.790499999999998
0.004208,-17.790499999999998
0.004212,-17.790499999999998
0.004216,-17.790499999999998
0.00422,-17.790499999999998
0.004224,-17.790499999999998
0.004228,-17.790499999999998
0.004232,-17.790499999999998
0.004236,-17.790499999999998
0.00424,-17.790499999999998
0.004244,-17.7744
0.004248,-17.7744
0.004252,-17.7744
0.004256,-17.7744
0.00426,-17.790499999999998
0.004264,-17.7744
0.004268,-17.7744
0.004272,-17.7744
0.004276,-17.7744
0.00428,-17.7583
0.004284,-17.7744
0.004288,-17.7744
0.004292,-17.7583
0.004296,-17.7583
0.0043,-17.7583
0.004304,-17.7583
0.004308,-17.7744
0.004312,-17.7583
0.004316,-17.7583
0.00432,-17.7583
0.004324,-17.7422
0.004328,-17.7583
0.004332,-17.7422
0.004336,-17.7583
0.00434,-17.7422
0.004344,-17.7422
0.004348,-17.7422
0.004352,-17.7422
0.004356,-17.7422
0.00436,-17.7422
0.004364,-17.7422
0.004368,-17.7422
0.004372,-17.7422
0.004376,-17.7422
0.00438,-17.7422
0.004384,-17.7422
0.004388,-17.7261
0.004392,-17.7422
0.004396,-17.7422
0.0044,-17.7422
0.004404,-17.7422
0.004408,-17.7261
0.004412,-17.7261
0.004416,-17.7261
0.00442,-17.71
0.004424,-17.7261
0.004428,-17.7261
0.004432,-17.71
0.004436,-17.71
0.00444,-17.71
0.004444,-17.6939
0.004448,-17.71
0.004452,-17.7261
0.004456,-17.71
0.00446,-17.71
0.004464,-17.71
0.004468,-17.71
0.004472,-17.71
0.004476,-17.6939
0.00448,-17.71
0.004484,-17.71
0.004488,-17.6939
0.004492,-17.6939
0.004496,-17.6939
0.0045,-17.6939
0.004504,-17.6939
0.004508,-17.6939
0.004512,-17.6939
0.004516,-17.6939
0.00452,-17.6939
0.004524,-17.6778
0.004528,-17.6939
0.004532,-17.6778
0.004536,-17.6778
0.00454,-17.6939
0.004544,-17.6778
0.004548,-17.6778
0.004552,-17.6778
0.004556,-17.6778
0.00456,-17.6939
0.004564,-17.6778
0.004568,-17.6778
0.004572,-17.6617
0.004576,-17.6778
0.00458,-17.6778
0.004584,-17.6617
0.004588,-17.6617
0.004592,-17.6617
0.004596,-17.6617
0.0046,-17.6778
0.004604,-17.6617
0.004608,-17.6617
0.004612,-17.6617
0.004616,-17.6617
0.00462,-17.6617
0.004624,-17.6617
0.004628,-17.645599999999998
0.004632,-17.645599999999998
0.004636,-17.6617
0.00464,-17.645599999999998
0.004644,-17.645599999999998
0.004648,-17.645599999999998
0.004652,-17.645599999999998
0.004656,-17.645599999999998
0.00466,-17.645599999999998
0.004664,-17.645599999999998
0.004668,-17.6295
0.004672,-17.6295
0.004676,-17.6295
0.00468,-17.645599999999998
0.004684,-17.6295
0.004688,-17.6295
0.004692,-17.645599999999998
0.004696,-17.6295
0.0047,-17.645599999999998
0.004704,-17.6295
0.004708,-17.6295
0.004712,-17.6295
0.004716,-17.6134
0.00472,-17.6295
0.004724,-17.6295
0.004728,-17.6295
0.004732,-17.6134
0.004736,-17.6134
0.00474,-17.6134
0.004744,-17.6134
0.004748,-17.6134
0.004752,-17.6134
0.004756,-17.6134
0.00476,-17.6134
0.004764,-17.6134
0.004768,-17.6134
0.004772,-17.6134
0.004776,-17.6134
0.00478,-17.6134
0.004784,-17.5973
0.004788,-17.6134
0.004792,-17.6134
0.004796,-17.5973
0.0048,-17.5973
0.004804,-17.5973
0.004808,-17.5812
0.004812,-17.5973
0.004816,-17.5812
0.00482,-17.5973
0.004824,-17.5812
0.004828,-17.5812
0.004832,-17.5973
0.004836,-17.5812
0.00484,-17.5812
0.004844,-17.5812
0.004848,-17.5812
0.004852,-17.5812
0.004856,-17.5812
0.00486,-17.5812
0.004864,-17.5812
0.004868,-17.5812
0.004872,-17.5651
0.004876,-17.5651
0.00488,-17.5651
0.004884,-17.5651
0.004888,-17.549
0.004892,-17.5651
0.004896,-17.5651
0.0049,-17.5651
0.004904,-17.5651
0.004908,-17.549
0.004912,-17.5651
0.004916,-17.549
0.00492,-17.549
0.004924,-17.549
0.004928,-17.549
0.004932,-17.549
0.004936,-17.549
0.00494,-17.532899999999998
0.004944,-17.532899999999998
0.004948,-17.549
0.004952,-17.549
0.004956,-17.532899999999998
0.00496,-17.549
0.004964,-17.532899999999998
0.004968,-17.549
0.004972,-17.532899999999998
0.004976,-17.532899999999998
0.00498,-17.5168
0.004984,-17.532899999999998
0.004988,-17.532899999999998
0.004992,-17.532899999999998
0.004996,-17.532899999999998
0.005,-17.5168
0.005004,-17.5168
0.005008,-17.532899999999998
0.005012,-17.532899999999998
0.005016,-17.5168
0.00502,-17.5168
0.005024,-17.5168
0.005028,-17.5168
0.005032,-17.5168
0.005036,-17.5168
0.00504,-17.5007
0.005044,-17.5168
0.005048,-17.5007
0.005052,-17.5007
0.005056,-17.5007
0.00506,-17.5007
0.005064,-17.5007
0.005068,-17.4846
0.005072,-17.5007
0.005076,-17.4846
0.00508,-17.5007
0.005084,-17.4846
0.005088,-17.4846
0.005092,-17.5007
0.005096,-17.4846
0.0051,-17.4846
0.005104,-17.4846
0.005108,-17.4846
0.005112,-17.4846
0.005116,-17.4846
0.00512,-17.4846
0.005124,-17.4846
0.005128,-17.4846
0.005132,-17.4685
0.005136,-17.4685
0.00514,-17.4685
0.005144,-17.4524
0.005148,-17.4685
0.005152,-17.4685
0.005156,-17.4685
0.00516,-17.4685
0.005164,-17.4685
0.005168,-17.4685
0.005172,-17.4524
0.005176,-17.4524
0.00518,-17.4524
0.005184,-17.4524
0.005188,-17.4524
0.005192,-17.4524
0.005196,-17.4524
0.0052,-17.4524
0.005204,-17.4524
0.005208,-17.4363
0.005212,-17.4524
0.005216,-17.4524
0.00522,-17.4363
0.005224,-17.4363
0.005228,-17.4524
0.005232,-17.4363
0.005236,-17.4363
0.00524,-17.4363
0.005244,-17.4363
0.005248,-17.4363
0.005252,-17.4363
0.005256,-17.4363
0.00526,-17.4202
0.005264,-17.4202
0.005268,-17.4202
0.005272,-17.4202
0.005276,-17.4363
0.00528,-17.4202
0.005284,-17.4202
0.005288,-17.4202
0.005292,-17.4202
0.005296,-17.4041
0.0053,-17.4202
0.005304,-17.4202
0.005308,-17.4041
0.005312,-17.4041
0.005316,-17.4041
0.00532,-17.4041
0.005324,-17.387999999999998
0.005328,-17.4041
0.005332,-17.4041
0.005336,-17.4041
0.00534,-17.4041
0.005344,-17.387999999999998
0.005348,-17.387999999999998
0.005352,-17.4041
0.005356,-17.4041
0.00536,-17.387999999999998
0.005364,-17.387999999999998
0.005368,-17.387999999999998
0.005372,-17.387999999999998
0.005376,-17.387999999999998
0.00538,-17.387999999999998
0.005384,-17.3719
0.005388,-17.3719
0.005392,-17.3719
0.005396,-17.3719
0.0054,-17.3719
0.005404,-17.3719
0.005408,-17.3719
0.005412,-17.3719
0.005416,-17.3719
0.00542,-17.3558
0.005424,-17.3719
0.005428,-17.3719
0.005432,-17.3558
0.005436,-17.3719
0.00544,-17.3719
0.005444,-17.3558
0.005448,-17.3719
0.005452,-17.3558
0.005456,-17.3558
0.00546,-17.3558
0.005464,-17.3558
0.005468,-17.3558
0.005472,-17.3558
0.005476,-17.3397
0.00548,-17.3558
0.005484,-17.3397
0.005488,-17.3397
0.005492,-17.3397
0.005496,-17.3397
0.0055,-17.3397
0.005504,-17.3397
0.005508,-17.3397
0.005512,-17.3397
0.005516,-17.3075
0.00552,-17.3236
0.005524,-17.3397
0.005528,-17.3236
0.005532,-17.3236
0.005536,-17.3236
0.00554,-17.3236
0.005544,-17.3236
0.005548,-17.3236
0.005552,-17.3236
0.005556,-17.3236
0.00556,-17.3236
0.005564,-17.3075
0.005568,-17.3075
0.005572,-17.3075
0.005576,-17.3075
0.00558,-17.3075
0.005584,-17.3075
0.005588,-17.3075
0.005592,-17.2914
0.005596,-17.3075
0.0056,-17.2914
0.005604,-17.2914
0.005608,-17.3075
0.005612,-17.2914
0.005616,-17.3075
0.00562,-17.2914
0.005624,-17.2914
0.005628,-17.2914
0.005632,-17.2914
0.005636,-17.2914
0.00564,-17.2914
0.005644,-17.2753
0.005648,-17.2753
0.005652,-17.2753
0.005656,-17.2914
0.00566,-17.2753
0.005664,-17.2753
0.005668,-17.2753
0.005672,-17.2753
0.005676,-17.2592
0.00568,-17.2753
0.005684,-17.2753
0.005688,-17.2592
0.005692,-17.2753
0.005696,-17.2592
0.0057,-17.2592
0.005704,-17.2592
0.005708,-17.2592
0.005712,-17.2592
0.005716,-17.2592
0.00572,-17.2592
0.005724,-17.2431
0.005728,-17.2431
0.005732,-17.2592
0.005736,-17.2592
0.00574,-17.2431
0.005744,-17.2431
0.005748,-17.2431
0.005752,-17.2431
0.005756,-17.227
0.00576,-17.2431
0.005764,-17.2431
0.005768,-17.227
0.005772,-17.227
0.005776,-17.2431
0.00578,-17.227
0.005784,-17.227
0.005788,-17.227
0.005792,-17.227
0.005796,-17.227
0.0058,-17.227
0.005804,-17.227
0.005808,-17.227
0.005812,-17.227
0.005816,-17.227
0.00582,-17.2109
0.005824,-17.2109
0.005828,-17.2109
0.005832,-17.2109
0.005836,-17.2109
0.00584,-17.1948
0.005844,-17.2109
0.005848,-17.1948
0.005852,-17.2109
0.005856,-17.2109
0.00586,-17.1948
0.005864,-17.1948
0.005868,-17.1948
0.005872,-17.1948
0.005876,-17.1787
0.00588,-17.1787
0.005884,-17.1787
0.005888,-17.1948
0.005892,-17.1787
0.005896,-17.1787
0.0059,-17.1787
0.005904,-17.1787
0.005908,-17.1787
0.005912,-17.1787
0.005916,-17.1626
0.00592,-17.1787
0.005924,-17.1787
0.005928,-17.1787
0.005932,-17.1626
0.005936,-17.1626
0.00594,-17.1787
0.005944,-17.1787
0.005948,-17.1626
0.005952,-17.1626
0.005956,-17.1626
0.00596,-17.1787
0.005964,-17.1626
0.005968,-17.1626
0.005972,-17.1465
0.005976,-17.1465
0.00598,-17.1465
0.005984,-17.1465
0.005988,-17.1465
0.005992,-17.1626
0.005996,-17.1465
0.006,-17.1465
0.006004,-17.130399999999998
0.006008,-17.130399999999998
0.006012,-17.1465
0.006016,-17.130399999999998
0.00602,-17.1465
0.006024,-17.130399999999998
0.006028,-17.130399999999998
0.006032,-17.130399999999998
0.006036,-17.130399999999998
0.00604,-17.1465
0.006044,-17.1143
0.006048,-17.130399999999998
0.006052,-17.1143
0.006056,-17.1143
0.00606,-17.1143
0.006064,-17.1143
0.006068,-17.1143
0.006072,-17.1143
0.006076,-17.1143
0.00608,-17.1143
0.006084,-17.1143
0.006088,-17.0982
0.006092,-17.0982
0.006096,-17.0982
0.0061,-17.1143
0.006104,-17.0982
0.006108,-17.0982
0.006112,-17.0982
0.006116,-17.0982
0.00612,-17.0982
0.006124,-17.1143
0.006128,-17.0982
0.006132,-17.0982
0.006136,-17.0821
0.00614,-17.0982
0.006144,-17.0982
0.006148,-17.0821
0.006152,-17.0821
0.006156,-17.066
0.00616,-17.0821
0.006164,-17.0821
0.006168,-17.0821
0.006172,-17.0821
0.006176,-17.066
0.00618,-17.066
0.006184,-17.066
0.006188,-17.066
0.006192,-17.0499
0.006196,-17.066
0.0062,-17.066
0.006204,-17.066
0.006208,-17.0499
0.006212,-17.066
0.006216,-17.0499
0.00622,-17.0499
0.006224,-17.0499
0.006228,-17.0499
0.006232,-17.0499
0.006236,-17.0499
0.00624,-17.0499
0.006244,-17.0499
0.006248,-17.0338
0.006252,-17.0499
0.006256,-17.0499
0.00626,-17.0499
0.006264,-17.0338
0.006268,-17.0338
0.006272,-17.0338
0.006276,-17.0338
0.00628,-17.0338
0.006284,-17.0177
0.006288,-17.0338
0.006292,-17.0338
0.006296,-17.0338
0.0063,-17.0338
0.006304,-17.0177
0.006308,-17.0177
0.006312,-17.0177
0.006316,-17.0177
0.00632,-17.0016
0.006324,-17.0177
0.006328,-17.0016
0.006332,-17.0177
0.006336,-17.0177
0.00634,-17.0016
0.006344,-17.0016
0.006348,-17.0016
0.006352,-17.0016
0.006356,-17.0016
0.00636,-16.9855
0.006364,-17.0016
0.006368,-17.0016
0.006372,-16.9855
0.006376,-16.9855
0.00638,-16.9855
0.006384,-16.9855
0.006388,-16.9855
0.006392,-16.9855
0.006396,-16.9855
0.0064,-16.9694
0.006404,-16.9855
0.006408,-16.9855
0.006412,-16.9855
0.006416,-16.9694
0.00642,-16.9694
0.006424,-16.9694
0.006428,-16.9694
0.006432,-16.9694
0.006436,-16.9533
0.00644,-16.9694
0.006444,-16.9694
0.006448,-16.9533
0.006452,-16.9533
0.006456,-16.9533
0.00646,-16.9533
0.006464,-16.9533
0.006468,-16.9533
0.006472,-16.9533
0.006476,-16.9533
0.00648,-16.9372
0.006484,-16.9533
0.006488,-16.9533
0.006492,-16.9372
0.006496,-16.9372
0.0065,-16.9372
0.006504,-16.9372
0.006508,-16.9372
0.006512,-16.9372
0.006516,-16.9211
0.00652,-16.9211
0.006524,-16.9211
0.006528,-16.9211
0.006532,-16.9211
0.006536,-16.905
0.00654,-16.9211
0.006544,-16.9211
0.006548,-16.9211
0.006552,-16.9211
0.006556,-16.9211
0.00656,-16.905
0.006564,-16.9211
0.006568,-16.905
0.006572,-16.8889
0.006576,-16.905
0.00658,-16.905
0.006584,-16.9211
0.006588,-16.905
0.006592,-16.8889
0.006596,-16.905
0.0066,-16.8889
0.006604,-16.8889
0.006608,-16.8889
0.006612,-16.905
0.006616,-16.8889
0.00662,-16.872799999999998
0.006624,-16.8889
0.006628,-16.8889
0.006632,-16.872799999999998
0.006636,-16.8889
0.00664,-16.872799999999998
0.006644,-16.872799999999998
0.006648,-16.8889
0.006652,-16.8889
0.006656,-16.872799999999998
0.00666,-16.872799999999998
0.006664,-16.872799999999998
0.006668,-16.872799999999998
0.006672,-16.872799999999998
0.006676,-16.8567
0.00668,-16.8567
0.006684,-16.8567
0.006688,-16.8567
0.006692,-16.8567
0.006696,-16.8567
0.0067,-16.8406
0.006704,-16.8406
0.006708,-16.8406
0.006712,-16.8567
0.006716,-16.8406
0.00672,-16.8406
0.006724,-16.8406
0.006728,-16.8406
0.006732,-16.8406
0.006736,-16.8406
0.00674,-16.8406
0.006744,-16.8406
0.006748,-16.8406
0.006752,-16.8245
0.006756,-16.8245
0.00676,-16.8245
0.006764,-16.8245
0.006768,-16.8245
0.006772,-16.8245
0.006776,-16.8245
0.00678,-16.8084
0.006784,-16.8245
0.006788,-16.8084
0.006792,-16.8084
0.006796,-16.8084
0.0068,-16.8084
0.006804,-16.8084
0.006808,-16.8084
0.006812,-16.8084
0.006816,-16.7923
0.00682,-16.7923
0.006824,-16.8084
0.006828,-16.8084
0.006832,-16.7923
0.006836,-16.7923
0.00684,-16.7923
0.006844,-16.7923
0.006848,-16.7762
0.006852,-16.7923
0.006856,-16.7762
0.00686,-16.7762
0.006864,-16.7923
0.006868,-16.7762
0.006872,-16.7762
0.006876,-16.7601
0.00688,-16.7601
0.006884,-16.7762
0.006888,-16.7762
0.006892,-16.7762
0.006896,-16.7601
0.0069,-16.7601
0.006904,-16.7762
0.006908,-16.7601
0.006912,-16.7601
0.006916,-16.7601
0.00692,-16.7601
0.006924,-16.7601
0.006928,-16.7601
0.006932,-16.7601
0.006936,-16.744
0.00694,-16.7601
0.006944,-16.7601
0.006948,-16.744
0.006952,-16.744
0.006956,-16.744
0.00696,-16.744
0.006964,-16.744
0.006968,-16.744
0.006972,-16.727899999999998
0.006976,-16.727899999999998
0.00698,-16.727899999999998
0.006984,-16.727899999999998
0.006988,-16.727899999999998
0.006992,-16.727899999999998
0.006996,-16.727899999999998
0.007,-16.727899999999998
0.007004,-16.7118
0.007008,-16.7118
0.007012,-16.7118
0.007016,-16.7118
0.00702,-16.7118
0.007024,-16.7118
0.007028,-16.7118
0.007032,-16.7118
0.007036,-16.7118
0.00704,-16.7118
0.007044,-16.7118
0.007048,-16.6957
0.007052,-16.6957
0.007056,-16.6957
0.00706,-16.6796
0.007064,-16.6957
0.007068,-16.6957
0.007072,-16.6957
0.007076,-16.6796
0.00708,-16.6957
0.007084,-16.6957
0.007088,-16.6796
0.007092,-16.6796
0.007096,-16.6796
0.0071,-16.6796
0.007104,-16.6796
0.007108,-16.6796
0.007112,-16.6635
0.007116,-16.6635
0.00712,-16.6635
0.007124,-16.6635
0.007128,-16.6635
0.007132,-16.6635
0.007136,-16.6635
0.00714,-16.6796
0.007144,-16.6635
0.007148,-16.6635
0.007152,-16.6474
0.007156,-16.6635
0.00716,-16.6474
0.007164,-16.6635
0.007168,-16.6474
0.007172,-16.6474
0.007176,-16.6474
0.00718,-16.6474
0.007184,-16.6474
0.007188,-16.6474
0.007192,-16.6313
0.007196,-16.6313
0.0072,-16.6313
0.007204,-16.6313
0.007208,-16.6313
0.007212,-16.6313
0.007216,-16.6313
0.00722,-16.615199999999998
0.007224,-16.6313
0.007228,-16.6313
0.007232,-16.615199999999998
0.007236,-16.615199999999998
0.00724,-16.615199999999998
0.007244,-16.615199999999998
0.007248,-16.615199999999998
0.007252,-16.615199999999998
0.007256,-16.615199999999998
0.00726,-16.615199999999998
0.007264,-16.5991
0.007268,-16.615199999999998
0.007272,-16.5991
0.007276,-16.5991
0.00728,-16.5991
0.007284,-16.5991
0.007288,-16.5991
0.007292,-16.583
0.007296,-16.5991
0.0073,-16.583
0.007304,-16.583
0.007308,-16.583
0.007312,-16.583
0.007316,-16.583
0.00732,-16.583
0.007324,-16.583
0.007328,-16.583
0.007332,-16.583
0.007336,-16.5669
0.00734,-16.5669
0.007344,-16.5669
0.007348,-16.5669
0.007352,-16.5669
0.007356,-16.5508
0.00736,-16.5669
0.007364,-16.5669
0.007368,-16.5508
0.007372,-16.5508
0.007376,-16.5508
0.00738,-16.5508
0.007384,-16.5508
0.007388,-16.5508
0.007392,-16.5508
0.007396,-16.5508
0.0074,-16.5508
0.007404,-16.5508
0.007408,-16.5347
0.007412,-16.5347
0.007416,-16.5347
0.00742,-16.5347
0.007424,-16.5347
0.007428,-16.5347
0.007432,-16.5347
0.007436,-16.5347
0.00744,-16.5347
0.007444,-16.5186
0.007448,-16.5186
0.007452,-16.5186
0.007456,-16.5186
0.00746,-16.5186
0.007464,-16.5186
0.007468,-16.5186
0.007472,-16.5186
0.007476,-16.5186
0.00748,-16.5025
0.007484,-16.4864
0.007488,-16.5025
0.007492,-16.5025
0.007496,-16.5025
0.0075,-16.5025
0.007504,-16.4864
0.007508,-16.4864
0.007512,-16.5025
0.007516,-16.5025
0.00752,-16.4864
0.007524,-16.4864
0.007528,-16.4864
0.007532,-16.4864
0.007536,-16.4864
0.00754,-16.4864
0.007544,-16.470299999999998
0.007548,-16.470299999999998
0.007552,-16.470299999999998
0.007556,-16.470299999999998
0.00756,-16.470299999999998
0.007564,-16.4542
0.007568,-16.4542
0.007572,-16.4542
0.007576,-16.4542
0.00758,-16.4542
0.007584,-16.4381
0.007588,-16.4542
0.007592,-16.470299999999998
0.007596,-16.4542
0.0076,-16.4542
0.007604,-16.4542
0.007608,-16.4542
0.007612,-16.4381
0.007616,-16.4381
0.00762,-16.4381
0.007624,-16.4381
0.007628,-16.4381
0.007632,-16.4381
0.007636,-16.4542
0.00764,-16.4381
0.007644,-16.4381
0.007648,-16.4381
0.007652,-16.422
0.007656,-16.422
0.00766,-16.422
0.007664,-16.422
0.007668,-16.422
0.007672,-16.4059
0.007676,-16.4059
0.00768,-16.4059
0.007684,-16.4059
0.007688,-16.4059
0.007692,-16.4059
0.007696,-16.4059
0.0077,-16.3898
0.007704,-16.4059
0.007708,-16.3898
0.007712,-16.4059
0.007716,-16.3898
0.00772,-16.3898
0.007724,-16.3898
0.007728,-16.3898
0.007732,-16.3898
0.007736,-16.3898
0.00774,-16.3898
0.007744,-16.3737
0.007748,-16.3737
0.007752,-16.3737
0.007756,-16.3737
0.00776,-16.3737
0.007764,-16.3737
0.007768,-16.3737
0.007772,-16.3737
0.007776,-16.3737
0.00778,-16.3737
0.007784,-16.3737
0.007788,-16.3737
0.007792,-16.3576
0.007796,-16.3576
0.0078,-16.3576
0.007804,-16.3576
0.007808,-16.3576
0.007812,-16.3576
0.007816,-16.3415
0.00782,-16.3576
0.007824,-16.3415
0.007828,-16.3415
0.007832,-16.3415
0.007836,-16.3415
0.00784,-16.3415
0.007844,-16.3254
0.007848,-16.3415
0.007852,-16.3254
0.007856,-16.3254
0.00786,-16.3254
0.007864,-16.3254
0.007868,-16.3254
0.007872,-16.3254
0.007876,-16.3254
0.00788,-16.3093
0.007884,-16.3093
0.007888,-16.3093
0.007892,-16.3254
0.007896,-16.3093
0.0079,-16.2932
0.007904,-16.3093
0.007908,-16.3093
0.007912,-16.3093
0.007916,-16.2932
0.00792,-16.3093
0.007924,-16.2932
0.007928,-16.2932
0.007932,-16.2932
0.007936,-16.2932
0.00794,-16.2932
0.007944,-16.2932
0.007948,-16.2932
0.007952,-16.2932
0.007956,-16.2932
0.00796,-16.2771
0.007964,-16.2771
0.007968,-16.2771
0.007972,-16.2771
0.007976,-16.2771
0.00798,-16.261
0.007984,-16.2771
0.007988,-16.2771
0.007992,-16.261
0.007996,-16.261
0.008,-16.261
0.008004,-16.261
0.008008,-16.261
0.008012,-16.261
0.008016,-16.261
0.00802,-16.261
0.008024,-16.2449
0.008028,-16.2449
0.008032,-16.2288
0.008036,-16.2449
0.00804,-16.2449
0.008044,-16.2449
0.008048,-16.2449
0.008052,-16.2288
0.008056,-16.212699999999998
0.00806,-16.2288
0.008064,-16.2449
0.008068,-16.2288
0.008072,-16.2288
0.008076,-16.2288
0.00808,-16.2288
0.008084,-16.2288
0.008088,-16.2288
0.008092,-16.212699999999998
0.008096,-16.2288
0.0081,-16.212699999999998
0.008104,-16.212699999999998
0.008108,-16.212699999999998
0.008112,-16.1966
0.008116,-16.1966
0.00812,-16.212699999999998
0.008124,-16.1966
0.008128,-16.1966
0.008132,-16.1966
0.008136,-16.1966
0.00814,-16.1966
0.008144,-16.1966
0.008148,-16.1966
0.008152,-16.1966
0.008156,-16.1805
0.00816,-16.1805
0.008164,-16.1805
0.008168,-16.1805
0.008172,-16.1805
0.008176,-16.1805
0.00818,-16.1805
0.008184,-16.1805
0.008188,-16.1644
0.008192,-16.1644
0.008196,-16.1483
0.0082,-16.1483
0.008204,-16.1644
0.008208,-16.1644
0.008212,-16.1483
0.008216,-16.1483
0.00822,-16.1644
0.008224,-16.1483
0.008228,-16.1483
0.008232,-16.1483
0.008236,-16.1483
0.00824,-16.1483
0.008244,-16.1483
0.008248,-16.1322
0.008252,-16.1483
0.008256,-16.1322
0.00826,-16.1322
0.008264,-16.1483
0.008268,-16.1322
0.008272,-16.1161
0.008276,-16.1161
0.00828,-16.1322
0.008284,-16.1322
0.008288,-16.1161
0.008292,-16.1161
0.008296,-16.1161
0.0083,-16.1161
0.008304,-16.1161
0.008308,-16.1161
0.008312,-16.1161
0.008316,-16.1
0.00832,-16.1
0.008324,-16.1
0.008328,-16.1
0.008332,-16.1
0.008336,-16.0839
0.00834,-16.1
0.008344,-16.0839
0.008348,-16.1
0.008352,-16.0839
0.008356,-16.0678
0.00836,-16.0839
0.008364,-16.0839
0.008368,-16.0839
0.008372,-16.0839
0.008376,-16.0678
0.00838,-16.0678
0.008384,-16.0678
0.008388,-16.0678
0.008392,-16.0678
0.008396,-16.0678
0.0084,-16.0517
0.008404,-16.0678
0.008408,-16.0678
0.008412,-16.0678
0.008416,-16.0517
0.00842,-16.0517
0.008424,-16.0517
0.008428,-16.0517
0.008432,-16.0517
0.008436,-16.0517
0.00844,-16.0517
0.008444,-16.0356
0.008448,-16.0356
0.008452,-16.0356
0.008456,-16.0517
0.00846,-16.0356
0.008464,-16.0356
0.008468,-16.0356
0.008472,-16.0356
0.008476,-16.0356
0.00848,-16.0195
0.008484,-16.0195
0.008488,-16.0034
0.008492,-16.0195
0.008496,-16.0195
0.0085,-16.0195
0.008504,-16.0034
0.008508,-16.0195
0.008512,-16.0034
0.008516,-16.0034
0.00852,-16.0034
0.008524,-16.0034
0.008528,-16.0034
0.008532,-15.9873
0.008536,-16.0034
0.00854,-16.0034
0.008544,-15.9873
0.008548,-16.0034
0.008552,-15.9873
0.008556,-15.9873
0.00856,-15.9873
0.008564,-15.9712
0.008568,-15.9712
0.008572,-15.9712
0.008576,-15.9712
0.00858,-15.9712
0.008584,-15.9712
0.008588,-15.9712
0.008592,-15.9712
0.008596,-15.9712
0.0086,-15.9712
0.008604,-15.9551
0.008608,-15.9551
0.008612,-15.9551
0.008616,-15.9551
0.00862,-15.9551
0.008624,-15.9551
0.008628,-15.9551
0.008632,-15.939
0.008636,-15.9551
0.00864,-15.939
0.008644,-15.939
0.008648,-15.939
0.008652,-15.939
0.008656,-15.939
0.00866,-15.9229
0.008664,-15.939
0.008668,-15.939
0.008672,-15.939
0.008676,-15.939
0.00868,-15.9229
0.008684,-15.9229
0.008688,-15.9068
0.008692,-15.9068
0.008696,-15.9068
0.0087,-15.9068
0.008704,-15.9229
0.008708,-15.9068
0.008712,-15.9068
0.008716,-15.890699999999999
0.00872,-15.9068
0.008724,-15.890699999999999
0.008728,-15.890699999999999
0.008732,-15.890699999999999
0.008736,-15.890699999999999
0.00874,-15.890699999999999
0.008744,-15.890699999999999
0.008748,-15.890699999999999
0.008752,-15.890699999999999
0.008756,-15.8746
0.00876,-15.890699999999999
0.008764,-15.8746
0.008768,-15.8746
0.008772,-15.890699999999999
0.008776,-15.8746
0.00878,-15.8746
0.008784,-15.8746
0.008788,-15.8585
0.008792,-15.8585
0.008796,-15.8585
0.0088,-15.8585
0.008804,-15.8585
0.008808,-15.8585
0.008812,-15.8585
0.008816,-15.8585
0.00882,-15.8585
0.008824,-15.8424
0.008828,-15.8585
0.008832,-15.8424
0.008836,-15.8424
0.00884,-15.8424
0.008844,-15.8263
0.008848,-15.8263
0.008852,-15.8263
0.008856,-15.8263
0.00886,-15.8424
0.008864,-15.8263
0.008868,-15.8263
0.008872,-15.8263
0.008876,-15.8263
0.00888,-15.8102
0.008884,-15.8263
0.008888,-15.8102
0.008892,-15.8102
0.008896,-15.8102
0.0089,-15.8102
0.008904,-15.8102
0.008908,-15.8102
0.008912,-15.7941
0.008916,-15.8102
0.00892,-15.8102
0.008924,-15.7941
0.008928,-15.7941
0.008932,-15.7941
0.008936,-15.7941
0.00894,-15.7941
0.008944,-15.778
0.008948,-15.778
0.008952,-15.778
0.008956,-15.778
0.00896,-15.778
0.008964,-15.778
0.008968,-15.778
0.008972,-15.778
0.008976,-15.778
0.00898,-15.761899999999999
0.008984,-15.761899999999999
0.008988,-15.761899999999999
0.008992,-15.7458
0.008996,-15.761899999999999
0.009,-15.761899999999999
0.009004,-15.7458
0.009008,-15.761899999999999
0.009012,-15.7458
0.009016,-15.7458
0.00902,-15.7458
0.009024,-15.7458
0.009028,-15.7458
0.009032,-15.7297
0.009036,-15.7297
0.00904,-15.7297
0.009044,-15.7297
0.009048,-15.7297
0.009052,-15.7297
0.009056,-15.7136
0.00906,-15.7297
0.009064,-15.7297
0.009068,-15.7297
0.009072,-15.7136
0.009076,-15.7136
0.00908,-15.7136
0.009084,-15.7136
0.009088,-15.7136
0.009092,-15.6975
0.009096,-15.7136
0.0091,-15.6975
0.009104,-15.7136
0.009108,-15.6975
0.009112,-15.6975
0.009116,-15.6975
0.00912,-15.6975
0.009124,-15.6975
0.009128,-15.6975
0.009132,-15.6814
0.009136,-15.6814
0.00914,-15.6814
0.009144,-15.6814
0.009148,-15.6814
0.009152,-15.6814
0.009156,-15.6814
0.00916,-15.6653
0.009164,-15.6814
0.009168,-15.6653
0.009172,-15.6653
0.009176,-15.6653
0.00918,-15.6653
0.009184,-15.6653
0.009188,-15.6492
0.009192,-15.6492
0.009196,-15.6492
0.0092,-15.6492
0.009204,-15.6492
0.009208,-15.6492
0.009212,-15.633099999999999
0.009216,-15.633099999999999
0.00922,-15.633099999999999
0.009224,-15.633099999999999
0.009228,-15.633099999999999
0.009232,-15.633099999999999
0.009236,-15.633099999999999
0.00924,-15.633099999999999
0.009244,-15.633099999999999
0.009248,-15.633099999999999
0.009252,-15.616999999999999
0.009256,-15.633099999999999
0.00926,-15.616999999999999
0.009264,-15.616999999999999
0.009268,-15.616999999999999
0.009272,-15.6009
0.009276,-15.6009
0.00928,-15.6009
0.009284,-15.6009
0.009288,-15.6009
0.009292,-15.6009
0.009296,-15.6009
0.0093,-15.6009
0.009304,-15.6009
0.009308,-15.5848
0.009312,-15.5848
0.009316,-15.5848
0.00932,-15.5848
0.009324,-15.6009
0.009328,-15.5848
0.009332,-15.5848
0.009336,-15.5687
0.00934,-15.5687
0.009344,-15.5848
0.009348,-15.5687
0.009352,-15.5687
0.009356,-15.5687
0.00936,-15.5526
0.009364,-15.5687
0.009368,-15.5526
0.009372,-15.5526
0.009376,-15.5526
0.00938,-15.5526
0.009384,-15.5526
0.009388,-15.5526
0.009392,-15.5526
0.009396,-15.5365
0.0094,-15.5365
0.009404,-15.5365
0.009408,-15.5365
0.009412,-15.5365
0.009416,-15.5365
0.00942,-15.5365
0.009424,-15.5365
0.009428,-15.5365
0.009432,-15.5365
0.009436,-15.5204
0.00944,-15.5204
0.009444,-15.5204
0.009448,-15.504299999999999
0.009452,-15.5204
0.009456,-15.5204
0.00946,-15.5204
0.009464,-15.504299999999999
0.009468,-15.504299999999999
0.009472,-15.504299999999999
0.009476,-15.504299999999999
0.00948,-15.488199999999999
0.009484,-15.504299999999999
0.009488,-15.488199999999999
0.009492,-15.488199999999999
0.009496,-15.488199999999999
0.0095,-15.488199999999999
0.009504,-15.488199999999999
0.009508,-15.488199999999999
0.009512,-15.488199999999999
0.009516,-15.488199999999999
0.00952,-15.4721
0.009524,-15.4721
0.009528,-15.4721
0.009532,-15.4721
0.009536,-15.456
0.00954,-15.456
0.009544,-15.456
0.009548,-15.4721
0.009552,-15.456
0.009556,-15.4399
0.00956,-15.4399
0.009564,-15.456
0.009568,-15.456
0.009572,-15.4399
0.009576,-15.4399
0.00958,-15.4399
0.009584,-15.4399
0.009588,-15.4399
0.009592,-15.4399
0.009596,-15.4238
0.0096,-15.4399
0.009604,-15.4238
0.009608,-15.4399
0.009612,-15.4238
0.009616,-15.4238
0.00962,-15.4238
0.009624,-15.4238
0.009628,-15.4238
0.009632,-15.4077
0.009636,-15.4077
0.00964,-15.4077
0.009644,-15.4238
0.009648,-15.4077
0.009652,-15.3916
0.009656,-15.3916
0.00966,-15.3916
0.009664,-15.3916
0.009668,-15.3916
0.009672,-15.3916
0.009676,-15.3916
0.00968,-15.3755
0.009684,-15.3916
0.009688,-15.3916
0.009692,-15.3755
0.009696,-15.3755
0.0097,-15.3755
0.009704,-15.3755
0.009708,-15.359399999999999
0.009712,-15.359399999999999
0.009716,-15.359399999999999
0.00972,-15.359399999999999
0.009724,-15.359399999999999
0.009728,-15.359399999999999
0.009732,-15.359399999999999
0.009736,-15.359399999999999
0.00974,-15.359399999999999
0.009744,-15.3433
0.009748,-15.3433
0.009752,-15.3433
0.009756,-15.359399999999999
0.00976,-15.3433
0.009764,-15.3433
0.009768,-15.3272
0.009772,-15.3272
0.009776,-15.3433
0.00978,-15.3111
0.009784,-15.3272
0.009788,-15.3272
0.009792,-15.3272
0.009796,-15.3111
0.0098,-15.3111
0.009804,-15.3111
0.009808,-15.3111
0.009812,-15.3111
0.009816,-15.3111
0.00982,-15.3111
0.009824,-15.295
0.009828,-15.295
0.009832,-15.295
0.009836,-15.3111
0.00984,-15.295
0.009844,-15.2789
0.009848,-15.295
0.009852,-15.2789
0.009856,-15.295
0.00986,-15.2789
0.009864,-15.2789
0.009868,-15.2789
0.009872,-15.2789
0.009876,-15.2789
0.00988,-15.2789
0.009884,-15.2628
0.009888,-15.2789
0.009892,-15.2628
0.009896,-15.2467
0.0099,-15.2628
0.009904,-15.2628
0.009908,-15.2467
0.009912,-15.2628
0.009916,-15.2467
0.00992,-15.2467
0.009924,-15.2467
0.009928,-15.2467
0.009932,-15.2467
0.009936,-15.2467
0.00994,-15.2467
0.009944,-15.230599999999999
0.009948,-15.2467
0.009952,-15.2467
0.009956,-15.230599999999999
0.00996,-15.230599999999999
0.009964,-15.230599999999999
0.009968,-15.230599999999999
0.009972,-15.230599999999999
0.009976,-15.2145
0.00998,-15.2145
0.009984,-15.2145
0.009988,-15.2145
0.009992,-15.1984
0.009996,-15.2145
0.01,-15.1984
0.010004,-15.1984
0.010008,-15.1984
0.010012,-15.1984
0.010016,-15.1984
0.01002,-15.1984
0.010024,-15.1823
0.010028,-15.1984
0.010032,-15.1984
0.010036,-15.1823
0.01004,-15.1823
0.010044,-15.1823
0.010048,-15.1823
0.010052,-15.1662
0.010056,-15.1662
0.01006,-15.1662
0.010064,-15.1662
0.010068,-15.1662
0.010072,-15.1662
0.010076,-15.1662
0.01008,-15.1501
0.010084,-15.1501
0.010088,-15.1501
0.010092,-15.1501
0.010096,-15.1501
0.0101,-15.134
0.010104,-15.1501
0.010108,-15.1501
0.010112,-15.134
0.010116,-15.1501
0.01012,-15.1179
0.010124,-15.134
0.010128,-15.134
0.010132,-15.134
0.010136,-15.134
0.01014,-15.1179
0.010144,-15.1179
0.010148,-15.1179
0.010152,-15.1179
0.010156,-15.101799999999999
0.01016,-15.1179
0.010164,-15.101799999999999
0.010168,-15.1179
0.010172,-15.101799999999999
0.010176,-15.1179
0.01018,-15.101799999999999
0.010184,-15.0857
0.010188,-15.101799999999999
0.010192,-15.101799999999999
0.010196,-15.101799999999999
0.0102,-15.0857
0.010204,-15.0696
0.010208,-15.0857
0.010212,-15.0857
0.010216,-15.0696
0.01022,-15.0696
0.010224,-15.0696
0.010228,-15.0696
0.010232,-15.0696
0.010236,-15.0696
0.01024,-15.0535
0.010244,-15.0535
0.010248,-15.0535
0.010252,-15.0696
0.010256,-15.0535
0.01026,-15.0535
0.010264,-15.0535
0.010268,-15.0535
0.010272,-15.0535
0.010276,-15.0374
0.01028,-15.0374
0.010284,-15.0374
0.010288,-15.0374
0.010292,-15.0374
0.010296,-15.0374
0.0103,-15.0374
0.010304,-15.0374
0.010308,-15.0213
0.010312,-15.0213
0.010316,-15.0213
0.01032,-15.0052
0.010324,-15.0213
0.010328,-15.0213
0.010332,-15.0213
0.010336,-15.0052
0.01034,-15.0213
0.010344,-15.0052
0.010348,-15.0052
0.010352,-14.9891
0.010356,-14.9891
0.01036,-14.9891
0.010364,-14.9891
0.010368,-14.9891
0.010372,-14.9891
0.010376,-14.9891
0.01038,-14.9891
0.010384,-14.972999999999999
0.010388,-14.972999999999999
0.010392,-14.972999999999999
0.010396,-14.972999999999999
0.0104,-14.972999999999999
0.010404,-14.9569
0.010408,-14.972999999999999
0.010412,-14.9569
0.010416,-14.9569
0.01042,-14.9569
0.010424,-14.9569
0.010428,-14.9569
0.010432,-14.9408
0.010436,-14.9408
0.01044,-14.9408
0.010444,-14.9408
0.010448,-14.9408
0.010452,-14.9408
0.010456,-14.9408
0.01046,-14.9408
0.010464,-14.9247
0.010468,-14.9247
0.010472,-14.9247
0.010476,-14.9247
0.01048,-14.9086
0.010484,-14.9247
0.010488,-14.9247
0.010492,-14.9086
0.010496,-14.9086
0.0105,-14.9086
0.010504,-14.9086
0.010508,-14.9086
0.010512,-14.9086
0.010516,-14.8925
0.01052,-14.8925
0.010524,-14.8925
0.010528,-14.8925
0.010532,-14.8925
0.010536,-14.8925
0.01054,-14.8925
0.010544,-14.8764
0.010548,-14.8764
0.010552,-14.8764
0.010556,-14.8603
0.01056,-14.8764
0.010564,-14.8764
0.010568,-14.8603
0.010572,-14.8764
0.010576,-14.8603
0.01058,-14.8603
0.010584,-14.844199999999999
0.010588,-14.844199999999999
0.010592,-14.844199999999999
0.010596,-14.844199999999999
0.0106,-14.8603
0.010604,-14.8603
0.010608,-14.844199999999999
0.010612,-14.8281
0.010616,-14.8281
0.01062,-14.8281
0.010624,-14.844199999999999
0.010628,-14.844199999999999
0.010632,-14.8281
0.010636,-14.8281
0.01064,-14.8281
0.010644,-14.8281
0.010648,-14.8281
0.010652,-14.812
0.010656,-14.812
0.01066,-14.812
0.010664,-14.812
0.010668,-14.812
0.010672,-14.7959
0.010676,-14.7959
0.01068,-14.7959
0.010684,-14.7959
0.010688,-14.7959
0.010692,-14.7959
0.010696,-14.7959
0.0107,-14.7959
0.010704,-14.7959
0.010708,-14.7798
0.010712,-14.7798
0.010716,-14.7637
0.01072,-14.7637
0.010724,-14.7798
0.010728,-14.7637
0.010732,-14.7637
0.010736,-14.7637
0.01074,-14.7637
0.010744,-14.7637
0.010748,-14.7476
0.010752,-14.7476
0.010756,-14.7637
0.01076,-14.7476
0.010764,-14.7476
0.010768,-14.7476
0.010772,-14.7476
0.010776,-14.7315
0.01078,-14.7476
0.010784,-14.7476
0.010788,-14.7315
0.010792,-14.7476
0.010796,-14.7315
0.0108,-14.7315
0.010804,-14.7315
0.010808,-14.715399999999999
0.010812,-14.715399999999999
0.010816,-14.715399999999999
0.01082,-14.715399999999999
0.010824,-14.715399999999999
0.010828,-14.715399999999999
0.010832,-14.715399999999999
0.010836,-14.6993
0.01084,-14.6993
0.010844,-14.6993
0.010848,-14.6993
0.010852,-14.6993
0.010856,-14.6993
0.01086,-14.6993
0.010864,-14.6832
0.010868,-14.6993
0.010872,-14.6832
0.010876,-14.6671
0.01088,-14.6832
0.010884,-14.6832
0.010888,-14.6832
0.010892,-14.6671
0.010896,-14.6671
0.0109,-14.6671
0.010904,-14.6671
0.010908,-14.651
0.010912,-14.651
0.010916,-14.651
0.01092,-14.651
0.010924,-14.651
0.010928,-14.6349
0.010932,-14.651
0.010936,-14.6349
0.01094,-14.651
0.010944,-14.6349
0.010948,-14.6349
0.010952,-14.651
0.010956,-14.6349
0.01096,-14.6349
0.010964,-14.6349
0.010968,-14.6349
0.010972,-14.6188
0.010976,-14.6188
0.01098,-14.6027
0.010984,-14.6188
0.010988,-14.6027
0.010992,-14.6027
0.010996,-14.6027
0.011,-14.6027
0.011004,-14.586599999999999
0.011008,-14.6027
0.011012,-14.586599999999999
0.011016,-14.586599999999999
0.01102,-14.6027
0.011024,-14.586599999999999
0.011028,-14.6027
0.011032,-14.586599999999999
0.011036,-14.586599999999999
0.01104,-14.5705
0.011044,-14.5705
0.011048,-14.586599999999999
0.011052,-14.5705
0.011056,-14.5705
0.01106,-14.5705
0.011064,-14.5705
0.011068,-14.5544
0.011072,-14.5544
0.011076,-14.5383
0.01108,-14.5544
0.011084,-14.5544
0.011088,-14.5544
0.011092,-14.5544
0.011096,-14.5383
0.0111,-14.5383
0.011104,-14.5383
0.011108,-14.5544
0.011112,-14.5383
0.011116,-14.5383
0.01112,-14.5383
0.011124,-14.5383
0.011128,-14.5383
0.011132,-14.5222
0.011136,-14.5222
0.01114,-14.5222
0.011144,-14.5222
0.011148,-14.5222
0.011152,-14.5061
0.011156,-14.5061
0.01116,-14.5061
0.011164,-14.49
0.011168,-14.49
0.011172,-14.49
0.011176,-14.49
0.01118,-14.49
0.011184,-14.49
0.011188,-14.49
0.011192,-14.49
0.011196,-14.4739
0.0112,-14.4739
0.011204,-14.4739
0.011208,-14.4739
0.011212,-14.4739
0.011216,-14.4739
0.01122,-14.457799999999999
0.011224,-14.457799999999999
0.011228,-14.457799999999999
0.011232,-14.457799999999999
0.011236,-14.457799999999999
0.01124,-14.441699999999999
0.011244,-14.457799999999999
0.011248,-14.441699999999999
0.011252,-14.457799999999999
0.011256,-14.441699999999999
0.01126,-14.441699999999999
0.011264,-14.4256
0.011268,-14.4256
0.011272,-14.441699999999999
0.011276,-14.441699999999999
0.01128,-14.4256
0.011284,-14.4256
0.011288,-14.4256
0.011292,-14.4256
0.011296,-14.4256
0.0113,-14.4095
0.011304,-14.4095
0.011308,-14.4095
0.011312,-14.4095
0.011316,-14.3934
0.01132,-14.4095
0.011324,-14.3934
0.011328,-14.3934
0.011332,-14.3934
0.011336,-14.3934
0.01134,-14.3934
0.011344,-14.3773
0.011348,-14.3934
0.011352,-14.3934
0.011356,-14.3773
0.01136,-14.3773
0.011364,-14.3773
0.011368,-14.3773
0.011372,-14.3773
0.011376,-14.3612
0.01138,-14.3773
0.011384,-14.3612
0.011388,-14.3612
0.011392,-14.3612
0.011396,-14.3451
0.0114,-14.3451
0.011404,-14.3451
0.011408,-14.3451
0.011412,-14.3451
0.011416,-14.3451
0.01142,-14.3451
0.011424,-14.3451
0.011428,-14.3451
0.011432,-14.329
0.011436,-14.329
0.01144,-14.329
0.011444,-14.329
0.011448,-14.329
0.011452,-14.312899999999999
0.011456,-14.312899999999999
0.01146,-14.312899999999999
0.011464,-14.312899999999999
0.011468,-14.312899999999999
0.011472,-14.312899999999999
0.011476,-14.312899999999999
0.01148,-14.312899999999999
0.011484,-14.312899999999999
0.011488,-14.2968
0.011492,-14.2807
0.011496,-14.2968
0.0115,-14.2968
0.011504,-14.2807
0.011508,-14.2807
0.011512,-14.2807
0.011516,-14.2807
0.01152,-14.2807
0.011524,-14.2807
0.011528,-14.2807
0.011532,-14.2646
0.011536,-14.2807
0.01154,-14.2807
0.011544,-14.2807
0.011548,-14.2807
0.011552,-14.2646
0.011556,-14.2485
0.01156,-14.2646
0.011564,-14.2646
0.011568,-14.2485
0.011572,-14.2485
0.011576,-14.2646
0.01158,-14.2485
0.011584,-14.2485
0.011588,-14.2485
0.011592,-14.2485
0.011596,-14.2485
0.0116,-14.2485
0.011604,-14.2324
0.011608,-14.2324
0.011612,-14.2324
0.011616,-14.2324
0.01162,-14.2485
0.011624,-14.2485
0.011628,-14.2163
0.011632,-14.2324
0.011636,-14.2324
0.01164,-14.2324
0.011644,-14.2163
0.011648,-14.2163
0.011652,-14.2163
0.011656,-14.2163
0.01166,-14.2163
0.011664,-14.2002
0.011668,-14.2002
0.011672,-14.2002
0.011676,-14.2002
0.01168,-14.2002
0.011684,-14.2002
0.011688,-14.2002
0.011692,-14.184099999999999
0.011696,-14.184099999999999
0.0117,-14.2002
0.011704,-14.184099999999999
0.011708,-14.184099999999999
0.011712,-14.184099999999999
0.011716,-14.184099999999999
0.01172,-14.184099999999999
0.011724,-14.184099999999999
0.011728,-14.168
0.011732,-14.168
0.011736,-14.168
0.01174,-14.168
0.011744,-14.168
0.011748,-14.1519
0.011752,-14.168
0.011756,-14.168
0.01176,-14.1519
0.011764,-14.1519
0.011768,-14.1519
0.011772,-14.1519
0.011776,-14.1519
0.01178,-14.1519
0.011784,-14.1519
0.011788,-14.1519
0.011792,-14.1358
0.011796,-14.1519
0.0118,-14.1519
0.011804,-14.1519
0.011808,-14.1197
0.011812,-14.1197
0.011816,-14.1358
0.01182,-14.1197
0.011824,-14.1358
0.011828,-14.1197
0.011832,-14.1197
0.011836,-14.1197
0.01184,-14.1197
0.011844,-14.1197
0.011848,-14.1036
0.011852,-14.1036
0.011856,-14.1036
0.01186,-14.1036
0.011864,-14.1036
0.011868,-14.1036
0.011872,-14.0875
0.011876,-14.1036
0.01188,-14.1036
0.011884,-14.0875
0.011888,-14.0875
0.011892,-14.0875
0.011896,-14.0714
0.0119,-14.0875
0.011904,-14.0714
0.011908,-14.0875
0.011912,-14.0714
0.011916,-14.0714
0.01192,-14.055299999999999
0.011924,-14.0714
0.011928,-14.0714
0.011932,-14.055299999999999
0.011936,-14.055299999999999
0.01194,-14.055299999999999
0.011944,-14.0714
0.011948,-14.055299999999999
0.011952,-14.055299999999999
0.011956,-14.055299999999999
0.01196,-14.0392
0.011964,-14.055299999999999
0.011968,-14.055299999999999
0.011972,-14.0392
0.011976,-14.0231
0.01198,-14.0231
0.011984,-14.0392
0.011988,-14.0231
0.011992,-14.0231
0.011996,-14.0231
0.012,-14.0231
0.012004,-14.0231
0.012008,-14.0231
0.012012,-14.007
0.012016,-14.0231
0.01202,-14.007
0.012024,-14.007
0.012028,-14.007
0.012032,-14.007
0.012036,-14.007
0.01204,-13.9909
0.012044,-13.9909
0.012048,-13.9909
0.012052,-13.9909
0.012056,-13.9909
0.01206,-13.9748
0.012064,-13.9748
0.012068,-13.9748
0.012072,-13.9748
0.012076,-13.9748
0.01208,-13.9748
0.012084,-13.9748
0.012088,-13.9748
0.012092,-13.9587
0.012096,-13.9426
0.0121,-13.9587
0.012104,-13.9587
0.012108,-13.9426
0.012112,-13.9587
0.012116,-13.9426
0.01212,-13.9426
0.012124,-13.9587
0.012128,-13.9426
0.012132,-13.9426
0.012136,-13.9426
0.01214,-13.926499999999999
0.012144,-13.926499999999999
0.012148,-13.926499999999999
0.012152,-13.926499999999999
0.012156,-13.926499999999999
0.01216,-13.9104
0.012164,-13.9104
0.012168,-13.9104
0.012172,-13.9104
0.012176,-13.9104
0.01218,-13.9104
0.012184,-13.9104
0.012188,-13.8943
0.012192,-13.9104
0.012196,-13.8943
0.0122,-13.8943
0.012204,-13.8943
0.012208,-13.8782
0.012212,-13.8943
0.012216,-13.8943
0.01222,-13.8943
0.012224,-13.8943
0.012228,-13.8943
0.012232,-13.8782
0.012236,-13.8782
0.01224,-13.8782
0.012244,-13.8621
0.012248,-13.8621
0.012252,-13.8782
0.012256,-13.8621
0.01226,-13.846
0.012264,-13.8621
0.012268,-13.8621
0.012272,-13.8621
0.012276,-13.846
0.01228,-13.846
0.012284,-13.846
0.012288,-13.846
0.012292,-13.846
0.012296,-13.846
0.0123,-13.8299
0.012304,-13.8299
0.012308,-13.8299
0.012312,-13.8299
0.012316,-13.8299
0.01232,-13.8138
0.012324,-13.8299
0.012328,-13.8138
0.012332,-13.8138
0.012336,-13.8138
0.01234,-13.8138
0.012344,-13.8138
0.012348,-13.8138
0.012352,-13.797699999999999
0.012356,-13.797699999999999
0.01236,-13.797699999999999
0.012364,-13.797699999999999
0.012368,-13.797699999999999
0.012372,-13.7816
0.012376,-13.797699999999999
0.01238,-13.797699999999999
0.012384,-13.7816
0.012388,-13.7816
0.012392,-13.7816
0.012396,-13.7655
0.0124,-13.7655
0.012404,-13.7655
0.012408,-13.7655
0.012412,-13.7655
0.012416,-13.7655
0.01242,-13.7494
0.012424,-13.7655
0.012428,-13.7494
0.012432,-13.7655
0.012436,-13.7494
0.01244,-13.7494
0.012444,-13.7494
0.012448,-13.7494
0.012452,-13.7494
0.012456,-13.7333
0.01246,-13.7333
0.012464,-13.7333
0.012468,-13.7172
0.012472,-13.7333
0.012476,-13.7333
0.01248,-13.7333
0.012484,-13.7172
0.012488,-13.7172
0.012492,-13.7172
0.012496,-13.7172
0.0125,-13.7011
0.012504,-13.7011
0.012508,-13.7011
0.012512,-13.7011
0.012516,-13.7011
0.01252,-13.7011
0.012524,-13.7011
0.012528,-13.7011
0.012532,-13.7011
0.012536,-13.685
0.01254,-13.7011
0.012544,-13.685
0.012548,-13.685
0.012552,-13.685
0.012556,-13.685
0.01256,-13.685
0.012564,-13.668899999999999
0.012568,-13.668899999999999
0.012572,-13.668899999999999
0.012576,-13.668899999999999
0.01258,-13.6528
0.012584,-13.6528
0.012588,-13.6528
0.012592,-13.6528
0.012596,-13.6367
0.0126,-13.6528
0.012604,-13.6528
0.012608,-13.6367
0.012612,-13.6528
0.012616,-13.6367
0.01262,-13.6367
0.012624,-13.6367
0.012628,-13.6367
0.012632,-13.6206
0.012636,-13.6206
0.01264,-13.6367
0.012644,-13.6206
0.012648,-13.6206
0.012652,-13.6206
0.012656,-13.6045
0.01266,-13.6045
0.012664,-13.6045
0.012668,-13.6045
0.012672,-13.6045
0.012676,-13.6045
0.01268,-13.6045
0.012684,-13.6045
0.012688,-13.6045
0.012692,-13.5884
0.012696,-13.5884
0.0127,-13.5884
0.012704,-13.5884
0.012708,-13.5884
0.012712,-13.5723
0.012716,-13.5723
0.01272,-13.5723
0.012724,-13.5723
0.012728,-13.5723
0.012732,-13.5723
0.012736,-13.5562
0.01274,-13.5562
0.012744,-13.5723
0.012748,-13.5562
0.012752,-13.5562
0.012756,-13.5562
0.01276,-13.5562
0.012764,-13.5562
0.012768,-13.540099999999999
0.012772,-13.540099999999999
0.012776,-13.524
0.01278,-13.524
0.012784,-13.540099999999999
0.012788,-13.540099999999999
0.012792,-13.540099999999999
0.012796,-13.524
0.0128,-13.524
0.012804,-13.524
0.012808,-13.524
0.012812,-13.5079
0.012816,-13.5079
0.01282,-13.5079
0.012824,-13.5079
0.012828,-13.5079
0.012832,-13.4918
0.012836,-13.4918
0.01284,-13.4918
0.012844,-13.4918
0.012848,-13.4918
0.012852,-13.4918
0.012856,-13.4918
0.01286,-13.4757
0.012864,-13.4757
0.012868,-13.4757
0.012872,-13.4757
0.012876,-13.4757
0.01288,-13.4757
0.012884,-13.4757
0.012888,-13.4757
0.012892,-13.4596
0.012896,-13.4596
0.0129,-13.4596
0.012904,-13.4596
0.012908,-13.4435
0.012912,-13.4435
0.012916,-13.4435
0.01292,-13.4274
0.012924,-13.4435
0.012928,-13.4435
0.012932,-13.4435
0.012936,-13.4435
0.01294,-13.411299999999999
0.012944,-13.4274
0.012948,-13.4435
0.012952,-13.4274
0.012956,-13.411299999999999
0.01296,-13.411299999999999
0.012964,-13.411299999999999
0.012968,-13.4274
0.012972,-13.4274
0.012976,-13.411299999999999
0.01298,-13.395199999999999
0.012984,-13.411299999999999
0.012988,-13.411299999999999
0.012992,-13.411299999999999
0.012996,-13.3791
0.013,-13.3791
0.013004,-13.3791
0.013008,-13.3791
0.013012,-13.3791
0.013016,-13.3791
0.01302,-13.3791
0.013024,-13.3791
0.013028,-13.363
0.013032,-13.363
0.013036,-13.363
0.01304,-13.363
0.013044,-13.3791
0.013048,-13.363
0.013052,-13.363
0.013056,-13.3469
0.01306,-13.3469
0.013064,-13.3469
0.013068,-13.3469
0.013072,-13.3469
0.013076,-13.3308
0.01308,-13.3469
0.013084,-13.3469
0.013088,-13.3308
0.013092,-13.3308
0.013096,-13.3147
0.0131,-13.3147
0.013104,-13.3308
0.013108,-13.3308
0.013112,-13.3147
0.013116,-13.3147
0.01312,-13.3147
0.013124,-13.3147
0.013128,-13.3147
0.013132,-13.2986
0.013136,-13.2986
0.01314,-13.2986
0.013144,-13.3147
0.013148,-13.2986
0.013152,-13.2986
0.013156,-13.2986
0.01316,-13.2825
0.013164,-13.2825
0.013168,-13.2825
0.013172,-13.2825
0.013176,-13.266399999999999
0.01318,-13.2825
0.013184,-13.2825
0.013188,-13.266399999999999
0.013192,-13.266399999999999
0.013196,-13.266399999999999
0.0132,-13.2503
0.013204,-13.2503
0.013208,-13.2503
0.013212,-13.2503
0.013216,-13.2503
0.01322,-13.2503
0.013224,-13.2503
0.013228,-13.2342
0.013232,-13.2342
0.013236,-13.2342
0.01324,-13.2342
0.013244,-13.2342
0.013248,-13.2181
0.013252,-13.2181
0.013256,-13.2181
0.01326,-13.2181
0.013264,-13.202
0.013268,-13.202
0.013272,-13.2181
0.013276,-13.202
0.01328,-13.202
0.013284,-13.202
0.013288,-13.202
0.013292,-13.202
0.013296,-13.202
0.0133,-13.1859
0.013304,-13.1859
0.013308,-13.1859
0.013312,-13.1859
0.013316,-13.1859
0.01332,-13.1698
0.013324,-13.1698
0.013328,-13.1859
0.013332,-13.1698
0.013336,-13.1698
0.01334,-13.1698
0.013344,-13.1698
0.013348,-13.1698
0.013352,-13.1698
0.013356,-13.1698
0.01336,-13.1537
0.013364,-13.1537
0.013368,-13.137599999999999
0.013372,-13.1537
0.013376,-13.1537
0.01338,-13.137599999999999
0.013384,-13.137599999999999
0.013388,-13.137599999999999
0.013392,-13.137599999999999
0.013396,-13.137599999999999
0.0134,-13.1215
0.013404,-13.1215
0.013408,-13.1215
0.013412,-13.1215
0.013416,-13.1215
0.01342,-13.1215
0.013424,-13.1054
0.013428,-13.1215
0.013432,-13.1215
0.013436,-13.1054
0.01344,-13.0893
0.013444,-13.0893
0.013448,-13.0893
0.013452,-13.0893
0.013456,-13.1054
0.01346,-13.0893
0.013464,-13.0893
0.013468,-13.0732
0.013472,-13.0893
0.013476,-13.0893
0.01348,-13.0732
0.013484,-13.0893
0.013488,-13.0732
0.013492,-13.0732
0.013496,-13.0571
0.0135,-13.0571
0.013504,-13.0571
0.013508,-13.0571
0.013512,-13.041
0.013516,-13.0571
0.01352,-13.0571
0.013524,-13.041
0.013528,-13.0571
0.013532,-13.041
0.013536,-13.041
0.01354,-13.041
0.013544,-13.0249
0.013548,-13.041
0.013552,-13.0249
0.013556,-13.041
0.01356,-13.0249
0.013564,-13.0249
0.013568,-13.0249
0.013572,-13.008799999999999
0.013576,-13.008799999999999
0.01358,-13.008799999999999
0.013584,-13.008799999999999
0.013588,-12.9927
0.013592,-12.9927
0.013596,-13.008799999999999
0.0136,-13.008799999999999
0.013604,-12.9927
0.013608,-12.9927
0.013612,-12.9927
0.013616,-12.9766
0.01362,-12.9766
0.013624,-12.9927
0.013628,-12.9766
0.013632,-12.9766
0.013636,-12.9766
0.01364,-12.9605
0.013644,-12.9766
0.013648,-12.9444
0.013652,-12.9605
0.013656,-12.9605
0.01366,-12.9605
0.013664,-12.9444
0.013668,-12.9444
0.013672,-12.9444
0.013676,-12.9444
0.01368,-12.9444
0.013684,-12.9444
0.013688,-12.9444
0.013692,-12.9283
0.013696,-12.9283
0.0137,-12.9283
0.013704,-12.9283
0.013708,-12.9283
0.013712,-12.9283
0.013716,-12.9283
0.01372,-12.9122
0.013724,-12.9122
0.013728,-12.8961
0.013732,-12.8961
0.013736,-12.9122
0.01374,-12.8961
0.013744,-12.8961
0.013748,-12.8961
0.013752,-12.8961
0.013756,-12.879999999999999
0.01376,-12.879999999999999
0.013764,-12.879999999999999
0.013768,-12.879999999999999
0.013772,-12.879999999999999
0.013776,-12.879999999999999
0.01378,-12.879999999999999
0.013784,-12.8639
0.013788,-12.8639
0.013792,-12.8639
0.013796,-12.8639
0.0138,-12.8639
0.013804,-12.8478
0.013808,-12.8478
0.013812,-12.8478
0.013816,-12.8478
0.01382,-12.8478
0.013824,-12.8478
0.013828,-12.8478
0.013832,-12.8317
0.013836,-12.8317
0.01384,-12.8317
0.013844,-12.8156
0.013848,-12.8156
0.013852,-12.8317
0.013856,-12.8156
0.01386,-12.8156
0.013864,-12.8156
0.013868,-12.8156
0.013872,-12.8156
0.013876,-12.7995
0.01388,-12.7995
0.013884,-12.7995
0.013888,-12.7995
0.013892,-12.7995
0.013896,-12.7995
0.0139,-12.7834
0.013904,-12.7834
0.013908,-12.7834
0.013912,-12.7834
0.013916,-12.7834
0.01392,-12.7673
0.013924,-12.7673
0.013928,-12.7673
0.013932,-12.7673
0.013936,-12.751199999999999
0.01394,-12.7673
0.013944,-12.7673
0.013948,-12.751199999999999
0.013952,-12.751199999999999
0.013956,-12.7673
0.01396,-12.751199999999999
0.013964,-12.751199999999999
0.013968,-12.751199999999999
0.013972,-12.7351
0.013976,-12.7351
0.01398,-12.7351
0.013984,-12.7351
0.013988,-12.7351
0.013992,-12.719
0.013996,-12.7351
0.014,-12.719
0.014004,-12.719
0.014008,-12.719
0.014012,-12.7029
0.014016,-12.7029
0.01402,-12.719
0.014024,-12.7029
0.014028,-12.7029
0.014032,-12.7029
0.014036,-12.6868
0.01404,-12.7029
0.014044,-12.6868
0.014048,-12.6868
0.014052,-12.6868
0.014056,-12.6868
0.01406,-12.6868
0.014064,-12.6707
0.014068,-12.6868
0.014072,-12.6868
0.014076,-12.6707
0.01408,-12.6707
0.014084,-12.6707
0.014088,-12.6707
0.014092,-12.6546
0.014096,-12.6546
0.0141,-12.6546
0.014104,-12.6546
0.014108,-12.6546
0.014112,-12.6546
0.014116,-12.6546
0.01412,-12.6385
0.014124,-12.6385
0.014128,-12.6385
0.014132,-12.6385
0.014136,-12.622399999999999
0.01414,-12.622399999999999
0.014144,-12.622399999999999
0.014148,-12.622399999999999
0.014152,-12.622399999999999
0.014156,-12.6063
0.01416,-12.6063
0.014164,-12.6063
0.014168,-12.6063
0.014172,-12.5902
0.014176,-12.6063
0.01418,-12.6063
0.014184,-12.5902
0.014188,-12.5902
0.014192,-12.5902
0.014196,-12.5902
0.0142,-12.5902
0.014204,-12.5741
0.014208,-12.5902
0.014212,-12.5741
0.014216,-12.5741
0.01422,-12.5741
0.014224,-12.5741
0.014228,-12.558
0.014232,-12.558
0.014236,-12.5741
0.01424,-12.558
0.014244,-12.5419
0.014248,-12.558
0.014252,-12.5419
0.014256,-12.5419
0.01426,-12.5419
0.014264,-12.5419
0.014268,-12.5258
0.014272,-12.5258
0.014276,-12.5258
0.01428,-12.5258
0.014284,-12.5258
0.014288,-12.5258
0.014292,-12.5258
0.014296,-12.5258
0.0143,-12.5097
0.014304,-12.5097
0.014308,-12.5097
0.014312,-12.5097
0.014316,-12.5097
0.01432,-12.493599999999999
0.014324,-12.493599999999999
0.014328,-12.493599999999999
0.014332,-12.493599999999999
0.014336,-12.493599999999999
0.01434,-12.4775
0.014344,-12.4775
0.014348,-12.4775
0.014352,-12.4775
0.014356,-12.4775
0.01436,-12.4614
0.014364,-12.4614
0.014368,-12.4614
0.014372,-12.4775
0.014376,-12.4614
0.01438,-12.4614
0.014384,-12.4614
0.014388,-12.4614
0.014392,-12.4453
0.014396,-12.4453
0.0144,-12.4453
0.014404,-12.4453
0.014408,-12.4292
0.014412,-12.4453
0.014416,-12.4453
0.01442,-12.4292
0.014424,-12.4292
0.014428,-12.4292
0.014432,-12.4131
0.014436,-12.4131
0.01444,-12.4131
0.014444,-12.4131
0.014448,-12.4131
0.014452,-12.4131
0.014456,-12.4131
0.01446,-12.4131
0.014464,-12.397
0.014468,-12.397
0.014472,-12.397
0.014476,-12.397
0.01448,-12.3809
0.014484,-12.397
0.014488,-12.397
0.014492,-12.3809
0.014496,-12.3809
0.0145,-12.3809
0.014504,-12.364799999999999
0.014508,-12.3809
0.014512,-12.364799999999999
0.014516,-12.364799999999999
0.01452,-12.364799999999999
0.014524,-12.364799999999999
0.014528,-12.3487
0.014532,-12.364799999999999
0.014536,-12.3487
0.01454,-12.3487
0.014544,-12.3487
0.014548,-12.3326
0.014552,-12.3326
0.014556,-12.3487
0.01456,-12.3326
0.014564,-12.3326
0.014568,-12.3165
0.014572,-12.3165
0.014576,-12.3326
0.01458,-12.3165
0.014584,-12.3165
0.014588,-12.3004
0.014592,-12.3004
0.014596,-12.3165
0.0146,-12.3165
0.014604,-12.3004
0.014608,-12.3004
0.014612,-12.2843
0.014616,-12.3004
0.01462,-12.2843
0.014624,-12.2843
0.014628,-12.2843
0.014632,-12.2843
0.014636,-12.2843
0.01464,-12.2843
0.014644,-12.2682
0.014648,-12.2682
0.014652,-12.2682
0.014656,-12.2682
0.01466,-12.2682
0.014664,-12.2521
0.014668,-12.2521
0.014672,-12.2521
0.014676,-12.2521
0.01468,-12.2521
0.014684,-12.2521
0.014688,-12.236
0.014692,-12.236
0.014696,-12.236
0.0147,-12.236
0.014704,-12.236
0.014708,-12.236
0.014712,-12.219899999999999
0.014716,-12.219899999999999
0.01472,-12.219899999999999
0.014724,-12.219899999999999
0.014728,-12.219899999999999
0.014732,-12.219899999999999
0.014736,-12.219899999999999
0.01474,-12.2038
0.014744,-12.2038
0.014748,-12.2038
0.014752,-12.2038
0.014756,-12.2038
0.01476,-12.1877
0.014764,-12.1716
0.014768,-12.1716
0.014772,-12.1716
0.014776,-12.1716
0.01478,-12.1716
0.014784,-12.1716
0.014788,-12.1877
0.014792,-12.1716
0.014796,-12.1555
0.0148,-12.1716
0.014804,-12.1555
0.014808,-12.1555
0.014812,-12.1555
0.014816,-12.1394
0.01482,-12.1394
0.014824,-12.1394
0.014828,-12.1394
0.014832,-12.1394
0.014836,-12.1394
0.01484,-12.1394
0.014844,-12.1394
0.014848,-12.1233
0.014852,-12.1233
0.014856,-12.1394
0.01486,-12.1233
0.014864,-12.1072
0.014868,-12.1233
0.014872,-12.1233
0.014876,-12.1072
0.01488,-12.1072
0.014884,-12.1072
0.014888,-12.1072
0.014892,-12.1072
0.014896,-12.091099999999999
0.0149,-12.091099999999999
0.014904,-12.091099999999999
0.014908,-12.091099999999999
0.014912,-12.091099999999999
0.014916,-12.075
0.01492,-12.075
0.014924,-12.075
0.014928,-12.075
0.014932,-12.0589
0.014936,-12.075
0.01494,-12.0589
0.014944,-12.0589
0.014948,-12.0589
0.014952,-12.0589
0.014956,-12.0428
0.01496,-12.0428
0.014964,-12.0428
0.014968,-12.0428
0.014972,-12.0428
0.014976,-12.0428
0.01498,-12.0428
0.014984,-12.0267
0.014988,-12.0267
0.014992,-12.0267
0.014996,-12.0267
0.015,-12.0106
0.015004,-12.0106
0.015008,-12.0106
0.015012,-12.0267
0.015016,-12.0106
0.01502,-12.0106
0.015024,-12.0106
0.015028,-12.0106
0.015032,-12.0106
0.015036,-11.9945
0.01504,-11.9945
0.015044,-11.9945
0.015048,-11.9945
0.015052,-11.9945
0.015056,-11.9784
0.01506,-11.9945
0.015064,-11.9784
0.015068,-11.9784
0.015072,-11.9784
0.015076,-11.9784
0.01508,-11.9784
0.015084,-11.962299999999999
0.015088,-11.962299999999999
0.015092,-11.962299999999999
0.015096,-11.962299999999999
0.0151,-11.962299999999999
0.015104,-11.9462
0.015108,-11.9462
0.015112,-11.9462
0.015116,-11.9462
0.01512,-11.9462
0.015124,-11.9462
0.015128,-11.9462
0.015132,-11.9301
0.015136,-11.9301
0.01514,-11.9301
0.015144,-11.914
0.015148,-11.9301
0.015152,-11.914
0.015156,-11.8979
0.01516,-11.914
0.015164,-11.8979
0.015168,-11.914
0.015172,-11.8818
0.015176,-11.8818
0.01518,-11.8979
0.015184,-11.8979
0.015188,-11.8818
0.015192,-11.8818
0.015196,-11.8818
0.0152,-11.8818
0.015204,-11.8657
0.015208,-11.8818
0.015212,-11.8657
0.015216,-11.8657
0.01522,-11.8657
0.015224,-11.8657
0.015228,-11.8496
0.015232,-11.8496
0.015236,-11.8496
0.01524,-11.8657
0.015244,-11.8496
0.015248,-11.833499999999999
0.015252,-11.833499999999999
0.015256,-11.833499999999999
0.01526,-11.833499999999999
0.015264,-11.833499999999999
0.015268,-11.8174
0.015272,-11.8174
0.015276,-11.8174
0.01528,-11.8174
0.015284,-11.833499999999999
0.015288,-11.8013
0.015292,-11.8174
0.015296,-11.8174
0.0153,-11.8174
0.015304,-11.8013
0.015308,-11.7852
0.015312,-11.8013
0.015316,-11.8013
0.01532,-11.8013
0.015324,-11.7852
0.015328,-11.7852
0.015332,-11.7852
0.015336,-11.7852
0.01534,-11.7691
0.015344,-11.7852
0.015348,-11.7691
0.015352,-11.7691
0.015356,-11.7691
0.01536,-11.7691
0.015364,-11.753
0.015368,-11.7691
0.015372,-11.753
0.015376,-11.753
0.01538,-11.753
0.015384,-11.7369
0.015388,-11.753
0.015392,-11.753
0.015396,-11.7369
0.0154,-11.7369
0.015404,-11.7369
0.015408,-11.7208
0.015412,-11.7369
0.015416,-11.7369
0.01542,-11.7208
0.015424,-11.7208
0.015428,-11.704699999999999
0.015432,-11.7208
0.015436,-11.704699999999999
0.01544,-11.704699999999999
0.015444,-11.704699999999999
0.015448,-11.704699999999999
0.015452,-11.704699999999999
0.015456,-11.6886
0.01546,-11.704699999999999
0.015464,-11.704699999999999
0.015468,-11.6886
0.015472,-11.6886
0.015476,-11.6725
0.01548,-11.6886
0.015484,-11.6886
0.015488,-11.6725
0.015492,-11.6725
0.015496,-11.6564
0.0155,-11.6564
0.015504,-11.6725
0.015508,-11.6564
0.015512,-11.6564
0.015516,-11.6403
0.01552,-11.6403
0.015524,-11.6564
0.015528,-11.6403
0.015532,-11.6403
0.015536,-11.6403
0.01554,-11.6242
0.015544,-11.6403
0.015548,-11.6403
0.015552,-11.6403
0.015556,-11.6242
0.01556,-11.6242
0.015564,-11.6242
0.015568,-11.6242
0.015572,-11.6081
0.015576,-11.6081
0.01558,-11.6081
0.015584,-11.6081
0.015588,-11.6081
0.015592,-11.592
0.015596,-11.592
0.0156,-11.592
0.015604,-11.575899999999999
0.015608,-11.592
0.015612,-11.575899999999999
0.015616,-11.575899999999999
0.01562,-11.575899999999999
0.015624,-11.5598
0.015628,-11.575899999999999
0.015632,-11.575899999999999
0.015636,-11.5598
0.01564,-11.5598
0.015644,-11.5598
0.015648,-11.5598
0.015652,-11.5598
0.015656,-11.5598
0.01566,-11.5437
0.015664,-11.5437
0.015668,-11.5437
0.015672,-11.5276
0.015676,-11.5437
0.01568,-11.5276
0.015684,-11.5276
0.015688,-11.5276
0.015692,-11.5115
0.015696,-11.5276
0.0157,-11.5276
0.015704,-11.5115
0.015708,-11.5115
0.015712,-11.5115
0.015716,-11.5115
0.01572,-11.5115
0.015724,-11.4954
0.015728,-11.4954
0.015732,-11.4954
0.015736,-11.5115
0.01574,-11.4954
0.015744,-11.4793
0.015748,-11.4954
0.015752,-11.4793
0.015756,-11.4793
0.01576,-11.4793
0.015764,-11.4793
0.015768,-11.4632
0.015772,-11.4632
0.015776,-11.4632
0.01578,-11.447099999999999
0.015784,-11.447099999999999
0.015788,-11.447099999999999
0.015792,-11.447099999999999
0.015796,-11.4632
0.0158,-11.447099999999999
0.015804,-11.447099999999999
0.015808,-11.447099999999999
0.015812,-11.447099999999999
0.015816,-11.431
0.01582,-11.431
0.015824,-11.431
0.015828,-11.431
0.015832,-11.4149
0.015836,-11.4149
0.01584,-11.431
0.015844,-11.4149
0.015848,-11.4149
0.015852,-11.4149
0.015856,-11.3988
0.01586,-11.4149
0.015864,-11.3988
0.015868,-11.3988
0.015872,-11.3988
0.015876,-11.3988
0.01588,-11.3988
0.015884,-11.3827
0.015888,-11.3827
0.015892,-11.3827
0.015896,-11.3827
0.0159,-11.3827
0.015904,-11.3827
0.015908,-11.3827
0.015912,-11.3666
0.015916,-11.3666
0.01592,-11.3666
0.015924,-11.3505
0.015928,-11.3666
0.015932,-11.3505
0.015936,-11.3505
0.01594,-11.3505
0.015944,-11.3344
0.015948,-11.3344
0.015952,-11.3344
0.015956,-11.3183
0.01596,-11.3344
0.015964,-11.3183
0.015968,-11.3183
0.015972,-11.3344
0.015976,-11.3183
0.01598,-11.3183
0.015984,-11.3022
0.015988,-11.3183
0.015992,-11.3183
0.015996,-11.3022
0.016,-11.3022
0.016004,-11.3022
0.016008,-11.2861
0.016012,-11.2861
0.016016,-11.2861
0.01602,-11.2861
0.016024,-11.2861
0.016028,-11.2861
0.016032,-11.27
0.016036,-11.2861
0.01604,-11.27
0.016044,-11.27
0.016048,-11.2539
0.016052,-11.27
0.016056,-11.27
0.01606,-11.2539
0.016064,-11.2539
0.016068,-11.2539
0.016072,-11.2378
0.016076,-11.2539
0.01608,-11.2378
0.016084,-11.2378
0.016088,-11.2217
0.016092,-11.2217
0.016096,-11.2378
0.0161,-11.2217
0.016104,-11.2217
0.016108,-11.2217
0.016112,-11.2056
0.016116,-11.2056
0.01612,-11.2056
0.016124,-11.1895
0.016128,-11.1895
0.016132,-11.2056
0.016136,-11.1895
0.01614,-11.1895
0.016144,-11.173399999999999
0.016148,-11.173399999999999
0.016152,-11.173399999999999
0.016156,-11.173399999999999
0.01616,-11.173399999999999
0.016164,-11.173399999999999
0.016168,-11.1573
0.016172,-11.1573
0.016176,-11.1573
0.01618,-11.1573
0.016184,-11.1573
0.016188,-11.1573
0.016192,-11.1412
0.016196,-11.1412
0.0162,-11.1251
0.016204,-11.1412
0.016208,-11.1251
0.016212,-11.1251
0.016216,-11.109
0.01622,-11.1251
0.016224,-11.109
0.016228,-11.109
0.016232,-11.109
0.016236,-11.0929
0.01624,-11.109
0.016244,-11.0929
0.016248,-11.0929
0.016252,-11.0929
0.016256,-11.0929
0.01626,-11.0768
0.016264,-11.0768
0.016268,-11.0607
0.016272,-11.0607
0.016276,-11.0607
0.01628,-11.044599999999999
0.016284,-11.0607
0.016288,-11.0607
0.016292,-11.044599999999999
0.016296,-11.0285
0.0163,-11.0285
0.016304,-11.0124
0.016308,-11.0124
0.016312,-11.0124
0.016316,-11.0124
0.01632,-11.0124
0.016324,-11.0124
0.016328,-10.9963
0.016332,-10.9963
0.016336,-10.9802
0.01634,-10.9802
0.016344,-10.9641
0.016348,-10.9641
0.016352,-10.9802
0.016356,-10.9641
0.01636,-10.948
0.016364,-10.948
0.016368,-10.9319
0.016372,-10.915799999999999
0.016376,-10.9319
0.01638,-10.915799999999999
0.016384,-10.915799999999999
0.016388,-10.915799999999999
0.016392,-10.8997
0.016396,-10.8836
0.0164,-10.8675
0.016404,-10.8836
0.016408,-10.8836
0.016412,-10.8675
0.016416,-10.8514
0.01642,-10.8353
0.016424,-10.8514
0.016428,-10.8514
0.016432,-10.8514
0.016436,-10.8353
0.01644,-10.8192
0.016444,-10.8031
0.016448,-10.8031
0.016452,-10.786999999999999
0.016456,-10.786999999999999
0.01646,-10.7709
0.016464,-10.786999999999999
0.016468,-10.7709
0.016472,-10.7709
0.016476,-10.7709
0.01648,-10.7387
0.016484,-10.7387
0.016488,-10.7226
0.016492,-10.7226
0.016496,-10.7065
0.0165,-10.6904
0.016504,-10.6743
0.016508,-10.6904
0.016512,-10.6743
0.016516,-10.658199999999999
0.01652,-10.658199999999999
0.016524,-10.6421
0.016528,-10.6421
0.016532,-10.626
0.016536,-10.6099
0.01654,-10.5938
0.016544,-10.5777
0.016548,-10.5938
0.016552,-10.5777
0.016556,-10.5616
0.01656,-10.5616
0.016564,-10.5616
0.016568,-10.5616
0.016572,-10.5455
0.016576,-10.5455
0.01658,-10.5455
0.016584,-10.529399999999999
0.016588,-10.529399999999999
0.016592,-10.5133
0.016596,-10.5133
0.0166,-10.4972
0.016604,-10.4972
0.016608,-10.4811
0.016612,-10.465
0.016616,-10.4811
0.01662,-10.465
0.016624,-10.4489
0.016628,-10.4328
0.016632,-10.4489
0.016636,-10.4328
0.01664,-10.4489
0.016644,-10.4489
0.016648,-10.4328
0.016652,-10.4328
0.016656,-10.4328
0.01666,-10.4489
0.016664,-10.4328
0.016668,-10.4328
0.016672,-10.4167
0.016676,-10.4328
0.01668,-10.4328
0.016684,-10.4167
0.016688,-10.4167
0.016692,-10.4167
0.016696,-10.400599999999999
0.0167,-10.400599999999999
0.016704,-10.400599999999999
0.016708,-10.400599999999999
0.016712,-10.400599999999999
0.016716,-10.3684
0.01672,-10.3684
0.016724,-10.3684
0.016728,-10.3684
0.016732,-10.3362
0.016736,-10.3362
0.01674,-10.3362
0.016744,-10.3362
0.016748,-10.3523
0.016752,-10.3362
0.016756,-10.3201
0.01676,-10.304
0.016764,-10.3201
0.016768,-10.3201
0.016772,-10.3201
0.016776,-10.304
0.01678,-10.304
0.016784,-10.304
0.016788,-10.304
0.016792,-10.2879
0.016796,-10.2879
0.0168,-10.2879
0.016804,-10.2879
0.016808,-10.2879
0.016812,-10.2718
0.016816,-10.2718
0.01682,-10.2879
0.016824,-10.2718
0.016828,-10.2718
0.016832,-10.2718
0.016836,-10.2718
0.01684,-10.2718
0.016844,-10.2718
0.016848,-10.2557
0.016852,-10.2718
0.016856,-10.2718
0.01686,-10.2557
0.016864,-10.2557
0.016868,-10.2557
0.016872,-10.2557
0.016876,-10.2396
0.01688,-10.2396
0.016884,-10.2557
0.016888,-10.2557
0.016892,-10.2396
0.016896,-10.2396
0.0169,-10.2396
0.016904,-10.2396
0.016908,-10.2396
0.016912,-10.2396
0.016916,-10.2235
0.01692,-10.2396
0.016924,-10.2396
0.016928,-10.2235
0.016932,-10.2396
0.016936,-10.2235
0.01694,-10.2396
0.016944,-10.2235
0.016948,-10.2396
0.016952,-10.2235
0.016956,-10.2396
0.01696,-10.2396
0.016964,-10.2396
0.016968,-10.2396
0.016972,-10.2396
0.016976,-10.2396
0.01698,-10.2396
0.016984,-10.2557
0.016988,-10.2396
0.016992,-10.2396
0.016996,-10.2396
0.017,-10.2396
0.017004,-10.2235
0.017008,-10.2396
0.017012,-10.2235
0.017016,-10.2235
0.01702,-10.2235
0.017024,-10.2235
0.017028,-10.2396
0.017032,-10.2235
0.017036,-10.2396
0.01704,-10.2396
0.017044,-10.2396
0.017048,-10.2235
0.017052,-10.2074
0.017056,-10.2396
0.01706,-10.2235
0.017064,-10.2235
0.017068,-10.2074
0.017072,-10.2235
0.017076,-10.2235
0.01708,-10.2235
0.017084,-10.2074
0.017088,-10.2235
0.017092,-10.2396
0.017096,-10.2235
0.0171,-10.2235
0.017104,-10.2235
0.017108,-10.2235
0.017112,-10.2074
0.017116,-10.2235
0.01712,-10.2074
0.017124,-10.2074
0.017128,-10.2074
0.017132,-10.2235
0.017136,-10.2235
0.01714,-10.2235
0.017144,-10.2235
0.017148,-10.2235
0.017152,-10.2235
0.017156,-10.2235
0.01716,-10.2235
0.017164,-10.2235
0.017168,-10.2235
0.017172,-10.2235
0.017176,-10.2074
0.01718,-10.2074
0.017184,-10.2074
0.017188,-10.2074
0.017192,-10.2074
0.017196,-10.2074
0.0172,-10.2074
0.017204,-10.2074
0.017208,-10.2074
0.017212,-10.1913
0.017216,-10.2074
0.01722,-10.2074
0.017224,-10.2074
0.017228,-10.2074
0.017232,-10.2074
0.017236,-10.2074
0.01724,-10.2074
0.017244,-10.2074
0.017248,-10.2074
0.017252,-10.2074
0.017256,-10.2074
0.01726,-10.2074
0.017264,-10.2074
0.017268,-10.2074
0.017272,-10.2074
0.017276,-10.2074
0.01728,-10.1913
0.017284,-10.1913
0.017288,-10.2074
0.017292,-10.1913
0.017296,-10.1913
0.0173,-10.1913
0.017304,-10.1913
0.017308,-10.1752
0.017312,-10.1913
0.017316,-10.1752
0.01732,-10.1752
0.017324,-10.1752
0.017328,-10.1752
0.017332,-10.1752
0.017336,-10.1591
0.01734,-10.1752
0.017344,-10.1591
0.017348,-10.1752
0.017352,-10.1591
0.017356,-10.1752
0.01736,-10.1591
0.017364,-10.143
0.017368,-10.1591
0.017372,-10.1591
0.017376,-10.1591
0.01738,-10.1591
0.017384,-10.1591
0.017388,-10.143
0.017392,-10.143
0.017396,-10.143
0.0174,-10.1591
0.017404,-10.1591
0.017408,-10.1591
0.017412,-10.1591
0.017416,-10.143
0.01742,-10.143
0.017424,-10.143
0.017428,-10.143
0.017432,-10.143
0.017436,-10.143
0.01744,-10.143
0.017444,-10.1269
0.017448,-10.1269
0.017452,-10.1269
0.017456,-10.1269
0.01746,-10.1269
0.017464,-10.1269
0.017468,-10.1269
0.017472,-10.1269
0.017476,-10.1108
0.01748,-10.1269
0.017484,-10.1108
0.017488,-10.1108
0.017492,-10.1269
0.017496,-10.1108
0.0175,-10.0947
0.017504,-10.1108
0.017508,-10.0947
0.017512,-10.0947
0.017516,-10.0947
0.01752,-10.0786
0.017524,-10.0786
0.017528,-10.0786
0.017532,-10.0786
0.017536,-10.0947
0.01754,-10.0786
0.017544,-10.0625
0.017548,-10.0625
0.017552,-10.0786
0.017556,-10.0625
0.01756,-10.0625
0.017564,-10.0625
0.017568,-10.0625
0.017572,-10.0625
0.017576,-10.0625
0.01758,-10.0464
0.017584,-10.0464
0.017588,-10.0464
0.017592,-10.0464
0.017596,-10.0464
0.0176,-10.0464
0.017604,-10.0464
0.017608,-10.0464
0.017612,-10.0464
0.017616,-10.0303
0.01762,-10.0303
0.017624,-10.0303
0.017628,-10.0303
0.017632,-10.0303
0.017636,-10.0303
0.01764,-10.0303
0.017644,-10.0142
0.017648,-10.0142
0.017652,-10.0142
0.017656,-10.0142
0.01766,-9.998099999999999
0.017664,-9.998099999999999
0.017668,-9.982
0.017672,-9.998099999999999
0.017676,-9.998099999999999
0.01768,-9.998099999999999
0.017684,-9.998099999999999
0.017688,-9.982
0.017692,-9.982
0.017696,-9.998099999999999
0.0177,-9.998099999999999
0.017704,-9.982
0.017708,-9.982
0.017712,-9.982
0.017716,-9.9659
0.01772,-9.982
0.017724,-9.982
0.017728,-9.982
0.017732,-9.9659
0.017736,-9.982
0.01774,-9.9659
0.017744,-9.982
0.017748,-9.982
0.017752,-9.982
0.017756,-9.9659
0.01776,-9.982
0.017764,-9.9659
0.017768,-9.9659
0.017772,-9.9659
0.017776,-9.9659
0.01778,-9.9498
0.017784,-9.9337
0.017788,-9.9498
0.017792,-9.9337
0.017796,-9.9337
0.0178,-9.9337
0.017804,-9.9337
0.017808,-9.9337
0.017812,-9.9337
0.017816,-9.9337
0.01782,-9.9337
0.017824,-9.9176
0.017828,-9.9176
0.017832,-9.9176
0.017836,-9.9337
0.01784,-9.9176
0.017844,-9.9176
0.017848,-9.9176
0.017852,-9.9176
0.017856,-9.9176
0.01786,-9.8854
0.017864,-9.8854
0.017868,-9.8854
0.017872,-9.8854
0.017876,-9.8854
0.01788,-9.869299999999999
0.017884,-9.869299999999999
0.017888,-9.8854
0.017892,-9.869299999999999
0.017896,-9.869299999999999
0.0179,-9.8532
0.017904,-9.8854
0.017908,-9.869299999999999
0.017912,-9.869299999999999
0.017916,-9.869299999999999
0.01792,-9.869299999999999
0.017924,-9.8532
0.017928,-9.8532
0.017932,-9.869299999999999
0.017936,-9.8532
0.01794,-9.8532
0.017944,-9.8532
0.017948,-9.8532
0.017952,-9.8532
0.017956,-9.8371
0.01796,-9.8371
0.017964,-9.821
0.017968,-9.8371
0.017972,-9.8371
0.017976,-9.821
0.01798,-9.8049
0.017984,-9.8049
0.017988,-9.8049
0.017992,-9.8049
0.017996,-9.8049
0.018,-9.7888
0.018004,-9.7888
0.018008,-9.8049
0.018012,-9.8049
0.018016,-9.8049
0.01802,-9.7888
0.018024,-9.7888
0.018028,-9.7888
0.018032,-9.7727
0.018036,-9.7727
0.01804,-9.7727
0.018044,-9.7727
0.018048,-9.7727
0.018052,-9.7566
0.018056,-9.7566
0.01806,-9.7566
0.018064,-9.7566
0.018068,-9.7566
0.018072,-9.740499999999999
0.018076,-9.7566
0.01808,-9.7566
0.018084,-9.7566
0.018088,-9.7566
0.018092,-9.740499999999999
0.018096,-9.740499999999999
0.0181,-9.740499999999999
0.018104,-9.740499999999999
0.018108,-9.740499999999999
0.018112,-9.740499999999999
0.018116,-9.740499999999999
0.01812,-9.7244
0.018124,-9.7244
0.018128,-9.7244
0.018132,-9.7083
0.018136,-9.7083
0.01814,-9.7083
0.018144,-9.7083
0.018148,-9.7083
0.018152,-9.7083
0.018156,-9.6922
0.01816,-9.7083
0.018164,-9.6922
0.018168,-9.6761
0.018172,-9.6922
0.018176,-9.6761
0.01818,-9.66
0.018184,-9.6761
0.018188,-9.6761
0.018192,-9.6761
0.018196,-9.66
0.0182,-9.6761
0.018204,-9.6761
0.018208,-9.6761
0.018212,-9.66
0.018216,-9.66
0.01822,-9.66
0.018224,-9.6439
0.018228,-9.6439
0.018232,-9.6439
0.018236,-9.6439
0.01824,-9.6278
0.018244,-9.611699999999999
0.018248,-9.6278
0.018252,-9.6278
0.018256,-9.6278
0.01826,-9.6278
0.018264,-9.6278
0.018268,-9.6278
0.018272,-9.6278
0.018276,-9.6278
0.01828,-9.6278
0.018284,-9.5956
0.018288,-9.611699999999999
0.018292,-9.611699999999999
0.018296,-9.611699999999999
0.0183,-9.611699999999999
0.018304,-9.5956
0.018308,-9.5956
0.018312,-9.611699999999999
0.018316,-9.611699999999999
0.01832,-9.5956
0.018324,-9.5956
0.018328,-9.5956
0.018332,-9.5956
0.018336,-9.5795
0.01834,-9.5795
0.018344,-9.5634
0.018348,-9.5634
0.018352,-9.5634
0.018356,-9.5634
0.01836,-9.5634
0.018364,-9.5473
0.018368,-9.5473
0.018372,-9.5634
0.018376,-9.5473
0.01838,-9.5473
0.018384,-9.5473
0.018388,-9.5473
0.018392,-9.5312
0.018396,-9.5312
0.0184,-9.5151
0.018404,-9.5151
0.018408,-9.5151
0.018412,-9.5151
0.018416,-9.5151
0.01842,-9.5151
0.018424,-9.5151
0.018428,-9.5151
0.018432,-9.5312
0.018436,-9.5151
0.01844,-9.499
0.018444,-9.5151
0.018448,-9.499
0.018452,-9.499
0.018456,-9.482899999999999
0.01846,-9.482899999999999
0.018464,-9.482899999999999
0.018468,-9.482899999999999
0.018472,-9.482899999999999
0.018476,-9.482899999999999
0.01848,-9.482899999999999
0.018484,-9.482899999999999
0.018488,-9.482899999999999
0.018492,-9.482899999999999
0.018496,-9.482899999999999
0.0185,-9.4668
0.018504,-9.4668
0.018508,-9.4668
0.018512,-9.4507
0.018516,-9.4507
0.01852,-9.4346
0.018524,-9.4346
0.018528,-9.4346
0.018532,-9.4346
0.018536,-9.4346
0.01854,-9.4507
0.018544,-9.4507
0.018548,-9.4346
0.018552,-9.4346
0.018556,-9.4185
0.01856,-9.4346
0.018564,-9.4185
0.018568,-9.4185
0.018572,-9.4024
0.018576,-9.4024
0.01858,-9.4024
0.018584,-9.4024
0.018588,-9.4024
0.018592,-9.4024
0.018596,-9.4024
0.0186,-9.4024
0.018604,-9.4024
0.018608,-9.3863
0.018612,-9.3863
0.018616,-9.3863
0.01862,-9.3863
0.018624,-9.3702
0.018628,-9.3702
0.018632,-9.3863
0.018636,-9.3702
0.01864,-9.354099999999999
0.018644,-9.354099999999999
0.018648,-9.354099999999999
0.018652,-9.3702
0.018656,-9.354099999999999
0.01866,-9.354099999999999
0.018664,-9.354099999999999
0.018668,-9.338
0.018672,-9.338
0.018676,-9.338
0.01868,-9.338
0.018684,-9.338
0.018688,-9.3219
0.018692,-9.3058
0.018696,-9.3058
0.0187,-9.3058
0.018704,-9.3219
0.018708,-9.3058
0.018712,-9.3058
0.018716,-9.3058
0.01872,-9.3058
0.018724,-9.3058
0.018728,-9.2897
0.018732,-9.2897
0.018736,-9.3058
0.01874,-9.2736
0.018744,-9.2736
0.018748,-9.2736
0.018752,-9.2575
0.018756,-9.2575
0.01876,-9.2414
0.018764,-9.2414
0.018768,-9.2575
0.018772,-9.2575
0.018776,-9.2575
0.01878,-9.2414
0.018784,-9.2414
0.018788,-9.2414
0.018792,-9.2414
0.018796,-9.2414
0.0188,-9.2253
0.018804,-9.2253
0.018808,-9.2253
0.018812,-9.2253
0.018816,-9.2253
0.01882,-9.2253
0.018824,-9.2414
0.018828,-9.2414
0.018832,-9.2414
0.018836,-9.2253
0.01884,-9.2092
0.018844,-9.2092
0.018848,-9.1931
0.018852,-9.1931
0.018856,-9.1931
0.01886,-9.1931
0.018864,-9.177
0.018868,-9.1931
0.018872,-9.177
0.018876,-9.177
0.01888,-9.1609
0.018884,-9.177
0.018888,-9.177
0.018892,-9.177
0.018896,-9.177
0.0189,-9.1609
0.018904,-9.1609
0.018908,-9.1448
0.018912,-9.1448
0.018916,-9.1448
0.01892,-9.1448
0.018924,-9.1609
0.018928,-9.1448
0.018932,-9.1448
0.018936,-9.1448
0.01894,-9.1448
0.018944,-9.1448
0.018948,-9.1448
0.018952,-9.1287
0.018956,-9.1287
0.01896,-9.1287
0.018964,-9.1287
0.018968,-9.1287
0.018972,-9.1287
0.018976,-9.1287
0.01898,-9.0965
0.018984,-9.0965
0.018988,-9.0965
0.018992,-9.0965
0.018996,-9.0804
0.019,-9.0804
0.019004,-9.0804
0.019008,-9.0643
0.019012,-9.0643
0.019016,-9.0643
0.01902,-9.0804
0.019024,-9.0643
0.019028,-9.0643
0.019032,-9.0643
0.019036,-9.0643
0.01904,-9.0482
0.019044,-9.0643
0.019048,-9.0643
0.019052,-9.0643
0.019056,-9.0643
0.01906,-9.0482
0.019064,-9.0321
0.019068,-9.0321
0.019072,-9.0321
0.019076,-9.0321
0.01908,-9.016
0.019084,-9.016
0.019088,-9.016
0.019092,-9.016
0.019096,-9.016
0.0191,-9.016
0.019104,-8.9999
0.019108,-8.9838
0.019112,-8.9838
0.019116,-8.9838
0.01912,-8.9999
0.019124,-8.9838
0.019128,-8.9838
0.019132,-8.9838
0.019136,-8.9677
0.01914,-8.9677
0.019144,-8.9677
0.019148,-8.9838
0.019152,-8.9677
0.019156,-8.9677
0.01916,-8.9677
0.019164,-8.9516
0.019168,-8.9516
0.019172,-8.9516
0.019176,-8.9516
0.01918,-8.9516
0.019184,-8.9516
0.019188,-8.9355
0.019192,-8.9355
0.019196,-8.9355
0.0192,-8.9355
0.019204,-8.9194
0.019208,-8.9194
0.019212,-8.9194
0.019216,-8.9194
0.01922,-8.9033
0.019224,-8.9033
0.019228,-8.9033
0.019232,-8.9033
0.019236,-8.9033
0.01924,-8.9033
0.019244,-8.8872
0.019248,-8.9033
0.019252,-8.9033
0.019256,-8.9033
0.01926,-8.8872
0.019264,-8.8872
0.019268,-8.8872
0.019272,-8.8711
0.019276,-8.8711
0.01928,-8.8711
0.019284,-8.8872
0.019288,-8.8711
0.019292,-8.8711
0.019296,-8.8711
0.0193,-8.855
0.019304,-8.855
0.019308,-8.855
0.019312,-8.855
0.019316,-8.8389
0.01932,-8.822799999999999
0.019324,-8.822799999999999
0.019328,-8.822799999999999
0.019332,-8.822799999999999
0.019336,-8.822799999999999
0.01934,-8.8067
0.019344,-8.822799999999999
0.019348,-8.8067
0.019352,-8.8067
0.019356,-8.8067
0.01936,-8.7906
0.019364,-8.7906
0.019368,-8.7906
0.019372,-8.7906
0.019376,-8.7906
0.01938,-8.7906
0.019384,-8.7906
0.019388,-8.7745
0.019392,-8.7906
0.019396,-8.7906
0.0194,-8.7906
0.019404,-8.7745
0.019408,-8.7584
0.019412,-8.7584
0.019416,-8.7584
0.01942,-8.7584
0.019424,-8.7423
0.019428,-8.7423
0.019432,-8.7262
0.019436,-8.7423
0.01944,-8.7423
0.019444,-8.7423
0.019448,-8.7423
0.019452,-8.7423
0.019456,-8.7262
0.01946,-8.7262
0.019464,-8.7262
0.019468,-8.7262
0.019472,-8.7262
0.019476,-8.7262
0.01948,-8.7101
0.019484,-8.7101
0.019488,-8.7101
0.019492,-8.693999999999999
0.019496,-8.7101
0.0195,-8.693999999999999
0.019504,-8.693999999999999
0.019508,-8.693999999999999
0.019512,-8.6779
0.019516,-8.6618
0.01952,-8.6618
0.019524,-8.6618
0.019528,-8.6618
0.019532,-8.6618
0.019536,-8.6618
0.01954,-8.6779
0.019544,-8.6618
0.019548,-8.6618
0.019552,-8.6618
0.019556,-8.6457
0.01956,-8.6296
0.019564,-8.6457
0.019568,-8.6457
0.019572,-8.6457
0.019576,-8.6457
0.01958,-8.6296
0.019584,-8.6296
0.019588,-8.6296
0.019592,-8.6135
0.019596,-8.6135
0.0196,-8.6135
0.019604,-8.6296
0.019608,-8.6135
0.019612,-8.6135
0.019616,-8.5974
0.01962,-8.6135
0.019624,-8.6135
0.019628,-8.5974
0.019632,-8.5813
0.019636,-8.5813
0.01964,-8.5813
0.019644,-8.5813
0.019648,-8.5813
0.019652,-8.565199999999999
0.019656,-8.565199999999999
0.01966,-8.5491
0.019664,-8.565199999999999
0.019668,-8.565199999999999
0.019672,-8.565199999999999
0.019676,-8.565199999999999
0.01968,-8.565199999999999
0.019684,-8.5491
0.019688,-8.533
0.019692,-8.5491
0.019696,-8.5491
0.0197,-8.5491
0.019704,-8.5491
0.019708,-8.533
0.019712,-8.533
0.019716,-8.5169
0.01972,-8.5169
0.019724,-8.5169
0.019728,-8.5169
0.019732,-8.5169
0.019736,-8.5008
0.01974,-8.5008
0.019744,-8.5169
0.019748,-8.5008
0.019752,-8.5008
0.019756,-8.4847
0.01976,-8.4847
0.019764,-8.4847
0.019768,-8.4847
0.019772,-8.4847
0.019776,-8.4686
0.01978,-8.4686
0.019784,-8.4686
0.019788,-8.4686
0.019792,-8.4686
0.019796,-8.4525
0.0198,-8.4525
0.019804,-8.436399999999999
0.019808,-8.436399999999999
0.019812,-8.436399999999999
0.019816,-8.436399999999999
0.01982,-8.436399999999999
0.019824,-8.436399999999999
0.019828,-8.4203
0.019832,-8.4203
0.019836,-8.4203
0.01984,-8.4203
0.019844,-8.4042
0.019848,-8.4042
0.019852,-8.4042
0.019856,-8.4042
0.01986,-8.4042
0.019864,-8.4042
0.019868,-8.4042
0.019872,-8.4042
0.019876,-8.4042
0.01988,-8.3881
0.019884,-8.3881
0.019888,-8.372
0.019892,-8.3881
0.019896,-8.372
0.0199,-8.372
0.019904,-8.372
0.019908,-8.372
0.019912,-8.3559
0.019916,-8.3559
0.01992,-8.3559
0.019924,-8.3398
0.019928,-8.3398
0.019932,-8.3398
0.019936,-8.3559
0.01994,-8.3398
0.019944,-8.3559
0.019948,-8.3559
0.019952,-8.3398
0.019956,-8.3398
0.01996,-8.3398
0.019964,-8.3398
0.019968,-8.3237
0.019972,-8.3237
0.019976,-8.3237
0.01998,-8.307599999999999
0.019984,-8.2915
0.019988,-8.307599999999999
0.019992,-8.2915
0.019996,-8.2915
0.02,-8.2754
0.020004,-8.2754
0.020008,-8.2754
0.020012,-8.2593
0.020016,-8.2754
0.02002,-8.2754
0.020024,-8.2754
0.020028,-8.2754
0.020032,-8.2754
0.020036,-8.2754
0.02004,-8.2754
0.020044,-8.2754
0.020048,-8.2593
0.020052,-8.2593
0.020056,-8.2754
0.02006,-8.2593
0.020064,-8.2593
0.020068,-8.2593
0.020072,-8.2432
0.020076,-8.2432
0.02008,-8.2432
0.020084,-8.2432
0.020088,-8.2432
0.020092,-8.2271
0.020096,-8.2271
0.0201,-8.2271
0.020104,-8.2271
0.020108,-8.2271
0.020112,-8.211
0.020116,-8.211
0.02012,-8.1949
0.020124,-8.1949
0.020128,-8.1949
0.020132,-8.1788
0.020136,-8.1788
0.02014,-8.1788
0.020144,-8.1788
0.020148,-8.1949
0.020152,-8.1627
0.020156,-8.1627
0.02016,-8.1466
0.020164,-8.1627
0.020168,-8.1466
0.020172,-8.1627
0.020176,-8.1466
0.02018,-8.1466
0.020184,-8.1466
0.020188,-8.1466
0.020192,-8.1466
0.020196,-8.1466
0.0202,-8.1305
0.020204,-8.1305
0.020208,-8.1466
0.020212,-8.1466
0.020216,-8.1466
0.02022,-8.1466
0.020224,-8.1466
0.020228,-8.1466
0.020232,-8.1305
0.020236,-8.1305
0.02024,-8.1305
0.020244,-8.1144
0.020248,-8.0983
0.020252,-8.0983
0.020256,-8.0822
0.02026,-8.0822
0.020264,-8.0983
0.020268,-8.0822
0.020272,-8.0822
0.020276,-8.0661
0.02028,-8.0661
0.020284,-8.0661
0.020288,-8.05
0.020292,-8.05
0.020296,-8.05
0.0203,-8.05
0.020304,-8.05
0.020308,-8.05
0.020312,-8.0339
0.020316,-8.0339
0.02032,-8.0339
0.020324,-8.0178
0.020328,-8.0339
0.020332,-8.0017
0.020336,-8.0017
0.02034,-8.0178
0.020344,-8.0017
0.020348,-8.0017
0.020352,-7.9856
0.020356,-8.0017
0.02036,-8.0017
0.020364,-8.0017
0.020368,-8.0017
0.020372,-8.0017
0.020376,-8.0017
0.02038,-7.9856
0.020384,-8.0178
0.020388,-8.0017
0.020392,-8.0017
0.020396,-7.9695
0.0204,-7.9856
0.020404,-7.9856
0.020408,-7.9856
0.020412,-7.9856
0.020416,-7.9695
0.02042,-7.9695
0.020424,-7.9695
0.020428,-7.9695
0.020432,-7.9534
0.020436,-7.9373
0.02044,-7.9695
0.020444,-7.9534
0.020448,-7.9534
0.020452,-7.9534
0.020456,-7.9373
0.02046,-7.9212
0.020464,-7.9373
0.020468,-7.9373
0.020472,-7.9373
0.020476,-7.9212
0.02048,-7.9051
0.020484,-7.9051
0.020488,-7.9051
0.020492,-7.9051
0.020496,-7.889
0.0205,-7.889
0.020504,-7.889
0.020508,-7.889
0.020512,-7.889
0.020516,-7.889
0.02052,-7.8729
0.020524,-7.8729
0.020528,-7.8729
0.020532,-7.8729
0.020536,-7.8568
0.02054,-7.8568
0.020544,-7.8568
0.020548,-7.8407
0.020552,-7.8246
0.020556,-7.8246
0.02056,-7.8407
0.020564,-7.8407
0.020568,-7.8568
0.020572,-7.8407
0.020576,-7.8407
0.02058,-7.8407
0.020584,-7.8407
0.020588,-7.8246
0.020592,-7.8246
0.020596,-7.8246
0.0206,-7.7924
0.020604,-7.8084999999999996
0.020608,-7.8084999999999996
0.020612,-7.7924
0.020616,-7.8084999999999996
0.02062,-7.7763
0.020624,-7.7763
0.020628,-7.7763
0.020632,-7.7602
0.020636,-7.7763
0.02064,-7.7763
0.020644,-7.7602
0.020648,-7.7602
0.020652,-7.7440999999999995
0.020656,-7.7440999999999995
0.02066,-7.7440999999999995
0.020664,-7.7440999999999995
0.020668,-7.7440999999999995
0.020672,-7.728
0.020676,-7.7440999999999995
0.02068,-7.728
0.020684,-7.728
0.020688,-7.728
0.020692,-7.7119
0.020696,-7.7119
0.0207,-7.7119
0.020704,-7.6958
0.020708,-7.6958
0.020712,-7.6958
0.020716,-7.6796999999999995
0.02072,-7.6796999999999995
0.020724,-7.6958
0.020728,-7.6958
0.020732,-7.6958
0.020736,-7.6958
0.02074,-7.6796999999999995
0.020744,-7.6636
0.020748,-7.6796999999999995
0.020752,-7.6796999999999995
0.020756,-7.6636
0.02076,-7.6636
0.020764,-7.6475
0.020768,-7.6475
0.020772,-7.6475
0.020776,-7.6314
0.02078,-7.6314
0.020784,-7.6314
0.020788,-7.6152999999999995
0.020792,-7.6152999999999995
0.020796,-7.6152999999999995
0.0208,-7.6152999999999995
0.020804,-7.6152999999999995
0.020808,-7.5992
0.020812,-7.6152999999999995
0.020816,-7.6152999999999995
0.02082,-7.6152999999999995
0.020824,-7.5992
0.020828,-7.5831
0.020832,-7.5992
0.020836,-7.5992
0.02084,-7.5992
0.020844,-7.5992
0.020848,-7.5831
0.020852,-7.567
0.020856,-7.5831
0.02086,-7.567
0.020864,-7.5508999999999995
0.020868,-7.5508999999999995
0.020872,-7.5508999999999995
0.020876,-7.5508999999999995
0.02088,-7.5348
0.020884,-7.5348
0.020888,-7.5348
0.020892,-7.5508999999999995
0.020896,-7.5348
0.0209,-7.5348
0.020904,-7.5348
0.020908,-7.5348
0.020912,-7.5187
0.020916,-7.5187
0.02092,-7.5187
0.020924,-7.5187
0.020928,-7.5187
0.020932,-7.5026
0.020936,-7.5026
0.02094,-7.4864999999999995
0.020944,-7.4864999999999995
0.020948,-7.4864999999999995
0.020952,-7.4704
0.020956,-7.4704
0.02096,-7.4864999999999995
0.020964,-7.4704
0.020968,-7.4864999999999995
0.020972,-7.4864999999999995
0.020976,-7.4864999999999995
0.02098,-7.4704
0.020984,-7.4543
0.020988,-7.4543
0.020992,-7.4543
0.020996,-7.4543
0.021,-7.4543
0.021004,-7.4382
0.021008,-7.4382
0.021012,-7.4382
0.021016,-7.4220999999999995
0.02102,-7.4220999999999995
0.021024,-7.4220999999999995
0.021028,-7.406
0.021032,-7.406
0.021036,-7.4220999999999995
0.02104,-7.4220999999999995
0.021044,-7.406
0.021048,-7.406
0.021052,-7.406
0.021056,-7.406
0.02106,-7.3899
0.021064,-7.3899
0.021068,-7.3899
0.021072,-7.3899
0.021076,-7.406
0.02108,-7.3899
0.021084,-7.3899
0.021088,-7.3899
0.021092,-7.3738
0.021096,-7.3899
0.0211,-7.3738
0.021104,-7.3738
0.021108,-7.3576999999999995
0.021112,-7.3738
0.021116,-7.3738
0.02112,-7.3576999999999995
0.021124,-7.3576999999999995
0.021128,-7.3255
0.021132,-7.3255
0.021136,-7.3255
0.02114,-7.3255
0.021144,-7.3255
0.021148,-7.3255
0.021152,-7.3094
0.021156,-7.3094
0.02116,-7.3094
0.021164,-7.3094
0.021168,-7.2932999999999995
0.021172,-7.2932999999999995
0.021176,-7.2932999999999995
0.02118,-7.2772
0.021184,-7.2772
0.021188,-7.2932999999999995
0.021192,-7.2611
0.021196,-7.2611
0.0212,-7.245
0.021204,-7.245
0.021208,-7.245
0.021212,-7.2611
0.021216,-7.245
0.02122,-7.2611
0.021224,-7.245
0.021228,-7.2611
0.021232,-7.245
0.021236,-7.245
0.02124,-7.245
0.021244,-7.245
0.021248,-7.245
0.021252,-7.228899999999999
0.021256,-7.228899999999999
0.02126,-7.2128
0.021264,-7.2128
0.021268,-7.1967
0.021272,-7.228899999999999
0.021276,-7.2128
0.02128,-7.1967
0.021284,-7.2128
0.021288,-7.2128
0.021292,-7.2128
0.021296,-7.1967
0.0213,-7.1806
0.021304,-7.1967
0.021308,-7.1806
0.021312,-7.1806
0.021316,-7.1806
0.02132,-7.1806
0.021324,-7.1806
0.021328,-7.1806
0.021332,-7.1645
0.021336,-7.1484
0.02134,-7.1484
0.021344,-7.1484
0.021348,-7.1484
0.021352,-7.1323
0.021356,-7.1323
0.02136,-7.1323
0.021364,-7.1323
0.021368,-7.1323
0.021372,-7.1162
0.021376,-7.1323
0.02138,-7.1323
0.021384,-7.1323
0.021388,-7.1162
0.021392,-7.1162
0.021396,-7.1001
0.0214,-7.1001
0.021404,-7.1001
0.021408,-7.1001
0.021412,-7.1001
0.021416,-7.084
0.02142,-7.1001
0.021424,-7.084
0.021428,-7.084
0.021432,-7.084
0.021436,-7.0679
0.02144,-7.084
0.021444,-7.0679
0.021448,-7.0679
0.021452,-7.0679
0.021456,-7.0679
0.02146,-7.0679
0.021464,-7.0518
0.021468,-7.0518
0.021472,-7.0518
0.021476,-7.0518
0.02148,-7.0518
0.021484,-7.0518
0.021488,-7.0196
0.021492,-7.0357
0.021496,-7.0196
0.0215,-7.0196
0.021504,-7.0035
0.021508,-7.0035
0.021512,-7.0035
0.021516,-6.9874
0.02152,-6.9874
0.021524,-6.9874
0.021528,-6.9874
0.021532,-7.0035
0.021536,-6.9874
0.02154,-6.9874
0.021544,-6.9874
0.021548,-6.9874
0.021552,-6.9713
0.021556,-6.9713
0.02156,-6.9552
0.021564,-6.9552
0.021568,-6.9552
0.021572,-6.9552
0.021576,-6.9391
0.02158,-6.9552
0.021584,-6.9391
0.021588,-6.9391
0.021592,-6.9391
0.021596,-6.923
0.0216,-6.923
0.021604,-6.9391
0.021608,-6.9391
0.021612,-6.923
0.021616,-6.9391
0.02162,-6.9391
0.021624,-6.9391
0.021628,-6.923
0.021632,-6.923
0.021636,-6.923
0.02164,-6.923
0.021644,-6.9069
0.021648,-6.9069
0.021652,-6.9069
0.021656,-6.8908
0.02166,-6.8908
0.021664,-6.8908
0.021668,-6.8747
0.021672,-6.8747
0.021676,-6.8747
0.02168,-6.8586
0.021684,-6.8586
0.021688,-6.8425
0.021692,-6.8586
0.021696,-6.8586
0.0217,-6.8425
0.021704,-6.8425
0.021708,-6.8425
0.021712,-6.8586
0.021716,-6.8586
0.02172,-6.8425
0.021724,-6.8264
0.021728,-6.8264
0.021732,-6.8264
0.021736,-6.8264
0.02174,-6.8103
0.021744,-6.8103
0.021748,-6.8103
0.021752,-6.8103
0.021756,-6.7942
0.02176,-6.8103
0.021764,-6.7942
0.021768,-6.7942
0.021772,-6.7942
0.021776,-6.7781
0.02178,-6.7781
0.021784,-6.7781
0.021788,-6.7781
0.021792,-6.7781
0.021796,-6.7781
0.0218,-6.762
0.021804,-6.762
0.021808,-6.762
0.021812,-6.7781
0.021816,-6.762
0.02182,-6.762
0.021824,-6.7459
0.021828,-6.7298
0.021832,-6.7298
0.021836,-6.7298
0.02184,-6.7298
0.021844,-6.7298
0.021848,-6.7298
0.021852,-6.7137
0.021856,-6.7137
0.02186,-6.7137
0.021864,-6.7137
0.021868,-6.7137
0.021872,-6.6975999999999996
0.021876,-6.6975999999999996
0.02188,-6.6975999999999996
0.021884,-6.6975999999999996
0.021888,-6.6815
0.021892,-6.6815
0.021896,-6.6815
0.0219,-6.6815
0.021904,-6.6654
0.021908,-6.6654
0.021912,-6.6654
0.021916,-6.6654
0.02192,-6.6654
0.021924,-6.6654
0.021928,-6.6654
0.021932,-6.6654
0.021936,-6.6654
0.02194,-6.6493
0.021944,-6.6493
0.021948,-6.6493
0.021952,-6.6493
0.021956,-6.6493
0.02196,-6.6331999999999995
0.021964,-6.6331999999999995
0.021968,-6.6493
0.021972,-6.6331999999999995
0.021976,-6.6331999999999995
0.02198,-6.6171
0.021984,-6.6171
0.021988,-6.601
0.021992,-6.601
0.021996,-6.601
0.022,-6.5849
0.022004,-6.5849
0.022008,-6.5849
0.022012,-6.5849
0.022016,-6.5687999999999995
0.02202,-6.5527
0.022024,-6.5687999999999995
0.022028,-6.5687999999999995
0.022032,-6.5527
0.022036,-6.5527
0.02204,-6.5527
0.022044,-6.5527
0.022048,-6.5527
0.022052,-6.5366
0.022056,-6.5366
0.02206,-6.5366
0.022064,-6.5366
0.022068,-6.5366
0.022072,-6.5205
0.022076,-6.5205
0.02208,-6.5205
0.022084,-6.5205
0.022088,-6.5205
0.022092,-6.5043999999999995
0.022096,-6.5043999999999995
0.0221,-6.5043999999999995
0.022104,-6.5043999999999995
0.022108,-6.5043999999999995
0.022112,-6.5043999999999995
0.022116,-6.4883
0.02212,-6.4883
0.022124,-6.4883
0.022128,-6.4883
0.022132,-6.4883
0.022136,-6.4883
0.02214,-6.4883
0.022144,-6.4883
0.022148,-6.4722
0.022152,-6.4722
0.022156,-6.4722
0.02216,-6.4722
0.022164,-6.4722
0.022168,-6.4561
0.022172,-6.4561
0.022176,-6.4399999999999995
0.02218,-6.4561
0.022184,-6.4399999999999995
0.022188,-6.4399999999999995
0.022192,-6.4399999999999995
0.022196,-6.4399999999999995
0.0222,-6.4399999999999995
0.022204,-6.4239
0.022208,-6.4239
0.022212,-6.4078
0.022216,-6.4078
0.02222,-6.4078
0.022224,-6.3917
0.022228,-6.3917
0.022232,-6.4078
0.022236,-6.3917
0.02224,-6.3917
0.022244,-6.3755999999999995
0.022248,-6.3917
0.022252,-6.3755999999999995
0.022256,-6.3755999999999995
0.02226,-6.3755999999999995
0.022264,-6.3755999999999995
0.022268,-6.3755999999999995
0.022272,-6.3755999999999995
0.022276,-6.3595
0.02228,-6.3595
0.022284,-6.3595
0.022288,-6.3595
0.022292,-6.3434
0.022296,-6.3595
0.0223,-6.3434
0.022304,-6.3434
0.022308,-6.3434
0.022312,-6.3273
0.022316,-6.3273
0.02232,-6.3273
0.022324,-6.3273
0.022328,-6.3111999999999995
0.022332,-6.3273
0.022336,-6.3111999999999995
0.02234,-6.3111999999999995
0.022344,-6.3111999999999995
0.022348,-6.3111999999999995
0.022352,-6.3111999999999995
0.022356,-6.3111999999999995
0.02236,-6.279
0.022364,-6.279
0.022368,-6.279
0.022372,-6.2951
0.022376,-6.279
0.02238,-6.279
0.022384,-6.279
0.022388,-6.279
0.022392,-6.279
0.022396,-6.2629
0.0224,-6.2629
0.022404,-6.2629
0.022408,-6.2629
0.022412,-6.2629
0.022416,-6.2467999999999995
0.02242,-6.2467999999999995
0.022424,-6.2307
0.022428,-6.2146
0.022432,-6.2307
0.022436,-6.2307
0.02244,-6.2307
0.022444,-6.2146
0.022448,-6.2146
0.022452,-6.2146
0.022456,-6.2146
0.02246,-6.2146
0.022464,-6.1985
0.022468,-6.2146
0.022472,-6.1985
0.022476,-6.1985
0.02248,-6.1985
0.022484,-6.1823999999999995
0.022488,-6.1823999999999995
0.022492,-6.1823999999999995
0.022496,-6.1823999999999995
0.0225,-6.1823999999999995
0.022504,-6.1663
0.022508,-6.1663
0.022512,-6.1663
0.022516,-6.1502
0.02252,-6.1502
0.022524,-6.1341
0.022528,-6.1502
0.022532,-6.1502
0.022536,-6.1341
0.02254,-6.118
0.022544,-6.1341
0.022548,-6.1341
0.022552,-6.118
0.022556,-6.1341
0.02256,-6.118
0.022564,-6.118
0.022568,-6.1341
0.022572,-6.1019
0.022576,-6.1019
0.02258,-6.1019
0.022584,-6.1019
0.022588,-6.1019
0.022592,-6.0858
0.022596,-6.0858
0.0226,-6.0858
0.022604,-6.0858
0.022608,-6.0697
0.022612,-6.0697
0.022616,-6.0697
0.02262,-6.0697
0.022624,-6.0697
0.022628,-6.0697
0.022632,-6.0536
0.022636,-6.0536
0.02264,-6.0536
0.022644,-6.0536
0.022648,-6.0536
0.022652,-6.0536
0.022656,-6.0536
0.02266,-6.0536
0.022664,-6.0375
0.022668,-6.0214
0.022672,-6.0214
0.022676,-6.0214
0.02268,-6.0214
0.022684,-6.0214
0.022688,-6.0053
0.022692,-6.0053
0.022696,-6.0053
0.0227,-6.0053
0.022704,-5.9892
0.022708,-5.9892
0.022712,-5.9892
0.022716,-5.9892
0.02272,-5.9892
0.022724,-5.9731
0.022728,-5.9731
0.022732,-5.9731
0.022736,-5.9731
0.02274,-5.9731
0.022744,-5.957
0.022748,-5.957
0.022752,-5.957
0.022756,-5.957
0.02276,-5.957
0.022764,-5.957
0.022768,-5.957
0.022772,-5.957
0.022776,-5.9409
0.02278,-5.9409
0.022784,-5.9409
0.022788,-5.9248
0.022792,-5.9248
0.022796,-5.9409
0.0228,-5.9248
0.022804,-5.9087
0.022808,-5.9087
0.022812,-5.9087
0.022816,-5.9087
0.02282,-5.9087
0.022824,-5.8926
0.022828,-5.8926
0.022832,-5.8926
0.022836,-5.8765
0.02284,-5.8926
0.022844,-5.8765
0.022848,-5.8765
0.022852,-5.8604
0.022856,-5.8604
0.02286,-5.8604
0.022864,-5.8604
0.022868,-5.8604
0.022872,-5.8604
0.022876,-5.8443
0.02288,-5.8443
0.022884,-5.8282
0.022888,-5.8604
0.022892,-5.8443
0.022896,-5.8282
0.0229,-5.8282
0.022904,-5.8121
0.022908,-5.8282
0.022912,-5.8121
0.022916,-5.796
0.02292,-5.796
0.022924,-5.8121
0.022928,-5.796
0.022932,-5.796
0.022936,-5.796
0.02294,-5.796
0.022944,-5.796
0.022948,-5.796
0.022952,-5.796
0.022956,-5.7799
0.02296,-5.7799
0.022964,-5.7799
0.022968,-5.7799
0.022972,-5.7638
0.022976,-5.7638
0.02298,-5.7638
0.022984,-5.7638
0.022988,-5.7638
0.022992,-5.7477
0.022996,-5.7477
0.023,-5.7316
0.023004,-5.7477
0.023008,-5.7316
0.023012,-5.7316
0.023016,-5.7316
0.02302,-5.7155
0.023024,-5.7155
0.023028,-5.7155
0.023032,-5.6994
0.023036,-5.7155
0.02304,-5.7155
0.023044,-5.7155
0.023048,-5.7155
0.023052,-5.6994
0.023056,-5.6994
0.02306,-5.6994
0.023064,-5.6833
0.023068,-5.6833
0.023072,-5.6833
0.023076,-5.6833
0.02308,-5.6833
0.023084,-5.6833
0.023088,-5.6672
0.023092,-5.6511
0.023096,-5.6511
0.0231,-5.6511
0.023104,-5.6511
0.023108,-5.635
0.023112,-5.6511
0.023116,-5.6511
0.02312,-5.635
0.023124,-5.635
0.023128,-5.635
0.023132,-5.635
0.023136,-5.635
0.02314,-5.635
0.023144,-5.6189
0.023148,-5.6028
0.023152,-5.6189
0.023156,-5.6028
0.02316,-5.6028
0.023164,-5.6028
0.023168,-5.6028
0.023172,-5.5866999999999996
0.023176,-5.6028
0.02318,-5.6028
0.023184,-5.6028
0.023188,-5.5866999999999996
0.023192,-5.5706
0.023196,-5.5866999999999996
0.0232,-5.5706
0.023204,-5.5706
0.023208,-5.5706
0.023212,-5.5706
0.023216,-5.5545
0.02322,-5.5545
0.023224,-5.5545
0.023228,-5.5384
0.023232,-5.5384
0.023236,-5.5545
0.02324,-5.5384
0.023244,-5.5384
0.023248,-5.5384
0.023252,-5.5384
0.023256,-5.5384
0.02326,-5.5384
0.023264,-5.5222999999999995
0.023268,-5.5062
0.023272,-5.5062
0.023276,-5.5062
0.02328,-5.4901
0.023284,-5.4901
0.023288,-5.4901
0.023292,-5.4901
0.023296,-5.4901
0.0233,-5.4901
0.023304,-5.4901
0.023308,-5.4901
0.023312,-5.4901
0.023316,-5.474
0.02332,-5.474
0.023324,-5.474
0.023328,-5.4578999999999995
0.023332,-5.4578999999999995
0.023336,-5.4578999999999995
0.02334,-5.4578999999999995
0.023344,-5.4578999999999995
0.023348,-5.4418
0.023352,-5.4418
0.023356,-5.4418
0.02336,-5.4418
0.023364,-5.4418
0.023368,-5.4418
0.023372,-5.4257
0.023376,-5.4257
0.02338,-5.4257
0.023384,-5.4257
0.023388,-5.4096
0.023392,-5.3934999999999995
0.023396,-5.4096
0.0234,-5.4096
0.023404,-5.4096
0.023408,-5.3934999999999995
0.023412,-5.3934999999999995
0.023416,-5.3934999999999995
0.02342,-5.3934999999999995
0.023424,-5.3774
0.023428,-5.3774
0.023432,-5.3774
0.023436,-5.3613
0.02344,-5.3613
0.023444,-5.3613
0.023448,-5.3613
0.023452,-5.3452
0.023456,-5.3613
0.02346,-5.3613
0.023464,-5.3452
0.023468,-5.3452
0.023472,-5.3452
0.023476,-5.3452
0.02348,-5.3452
0.023484,-5.3290999999999995
0.023488,-5.3290999999999995
0.023492,-5.3290999999999995
0.023496,-5.313
0.0235,-5.313
0.023504,-5.313
0.023508,-5.2969
0.023512,-5.2969
0.023516,-5.2969
0.02352,-5.2969
0.023524,-5.2969
0.023528,-5.2969
0.023532,-5.2808
0.023536,-5.2646999999999995
0.02354,-5.2808
0.023544,-5.2808
0.023548,-5.2808
0.023552,-5.2646999999999995
0.023556,-5.2646999999999995
0.02356,-5.2646999999999995
0.023564,-5.2646999999999995
0.023568,-5.2646999999999995
0.023572,-5.2486
0.023576,-5.2486
0.02358,-5.2486
0.023584,-5.2486
0.023588,-5.2486
0.023592,-5.2486
0.023596,-5.2486
0.0236,-5.2325
0.023604,-5.2325
0.023608,-5.2325
0.023612,-5.2325
0.023616,-5.2164
0.02362,-5.2002999999999995
0.023624,-5.2002999999999995
0.023628,-5.2002999999999995
0.023632,-5.2002999999999995
0.023636,-5.2002999999999995
0.02364,-5.2002999999999995
0.023644,-5.2002999999999995
0.023648,-5.1842
0.023652,-5.1842
0.023656,-5.1842
0.02366,-5.1681
0.023664,-5.1842
0.023668,-5.1681
0.023672,-5.1681
0.023676,-5.1681
0.02368,-5.152
0.023684,-5.152
0.023688,-5.152
0.023692,-5.1359
0.023696,-5.1359
0.0237,-5.152
0.023704,-5.152
0.023708,-5.1359
0.023712,-5.1359
0.023716,-5.1198
0.02372,-5.1198
0.023724,-5.1198
0.023728,-5.1198
0.023732,-5.1037
0.023736,-5.1037
0.02374,-5.1037
0.023744,-5.1198
0.023748,-5.1037
0.023752,-5.1037
0.023756,-5.1037
0.02376,-5.0876
0.023764,-5.0876
0.023768,-5.0876
0.023772,-5.0876
0.023776,-5.0715
0.02378,-5.0715
0.023784,-5.0715
0.023788,-5.0554
0.023792,-5.0554
0.023796,-5.0715
0.0238,-5.0715
0.023804,-5.0393
0.023808,-5.0554
0.023812,-5.0554
0.023816,-5.0554
0.02382,-5.0393
0.023824,-5.0393
0.023828,-5.0393
0.023832,-5.0393
0.023836,-5.0232
0.02384,-5.0232
0.023844,-5.0232
0.023848,-5.0071
0.023852,-5.0232
0.023856,-5.0071
0.02386,-5.0071
0.023864,-4.991
0.023868,-4.991
0.023872,-4.991
0.023876,-4.991
0.02388,-4.991
0.023884,-4.9749
0.023888,-4.9749
0.023892,-4.9749
0.023896,-4.9749
0.0239,-4.9749
0.023904,-4.9749
0.023908,-4.9749
0.023912,-4.9749
0.023916,-4.9749
0.02392,-4.9588
0.023924,-4.9427
0.023928,-4.9427
0.023932,-4.9427
0.023936,-4.9427
0.02394,-4.9427
0.023944,-4.9266
0.023948,-4.9266
0.023952,-4.9266
0.023956,-4.9266
0.02396,-4.9266
0.023964,-4.9105
0.023968,-4.9105
0.023972,-4.9105
0.023976,-4.9105
0.02398,-4.9105
0.023984,-4.9105
0.023988,-4.8944
0.023992,-4.8944
0.023996,-4.8944
0.024,-4.8783
0.024004,-4.8944
0.024008,-4.8944
0.024012,-4.8783
0.024016,-4.8783
0.02402,-4.8622
0.024024,-4.8622
0.024028,-4.8622
0.024032,-4.8622
0.024036,-4.8461
0.02404,-4.8461
0.024044,-4.8461
0.024048,-4.8461
0.024052,-4.8461
0.024056,-4.8461
0.02406,-4.83
0.024064,-4.83
0.024068,-4.8139
0.024072,-4.83
0.024076,-4.8139
0.02408,-4.8139
0.024084,-4.8139
0.024088,-4.8139
0.024092,-4.8139
0.024096,-4.7978
0.0241,-4.7978
0.024104,-4.7978
0.024108,-4.7978
0.024112,-4.7978
0.024116,-4.7978
0.02412,-4.7817
0.024124,-4.7978
0.024128,-4.7817
0.024132,-4.7656
0.024136,-4.7656
0.02414,-4.7656
0.024144,-4.7656
0.024148,-4.7656
0.024152,-4.7656
0.024156,-4.7656
0.02416,-4.7495
0.024164,-4.7495
0.024168,-4.7495
0.024172,-4.7334
0.024176,-4.7334
0.02418,-4.7495
0.024184,-4.7173
0.024188,-4.7173
0.024192,-4.7173
0.024196,-4.7173
0.0242,-4.7012
0.024204,-4.7012
0.024208,-4.7012
0.024212,-4.7012
0.024216,-4.6851
0.02422,-4.7012
0.024224,-4.6851
0.024228,-4.6851
0.024232,-4.7012
0.024236,-4.6851
0.02424,-4.6851
0.024244,-4.6851
0.024248,-4.669
0.024252,-4.669
0.024256,-4.669
0.02426,-4.669
0.024264,-4.6529
0.024268,-4.6529
0.024272,-4.6529
0.024276,-4.6529
0.02428,-4.6529
0.024284,-4.6368
0.024288,-4.6368
0.024292,-4.6368
0.024296,-4.6368
0.0243,-4.6207
0.024304,-4.6207
0.024308,-4.6207
0.024312,-4.6207
0.024316,-4.6046
0.02432,-4.6207
0.024324,-4.6046
0.024328,-4.6046
0.024332,-4.6046
0.024336,-4.5885
0.02434,-4.6046
0.024344,-4.5885
0.024348,-4.5885
0.024352,-4.5885
0.024356,-4.5885
0.02436,-4.5724
0.024364,-4.5724
0.024368,-4.5563
0.024372,-4.5563
0.024376,-4.5563
0.02438,-4.5563
0.024384,-4.5563
0.024388,-4.5563
0.024392,-4.5402
0.024396,-4.5402
0.0244,-4.5402
0.024404,-4.5402
0.024408,-4.5402
0.024412,-4.5402
0.024416,-4.5402
0.02442,-4.5241
0.024424,-4.5241
0.024428,-4.508
0.024432,-4.5241
0.024436,-4.508
0.02444,-4.5241
0.024444,-4.508
0.024448,-4.508
0.024452,-4.508
0.024456,-4.4919
0.02446,-4.4919
0.024464,-4.4919
0.024468,-4.4758
0.024472,-4.4758
0.024476,-4.4758
0.02448,-4.4758
0.024484,-4.4758
0.024488,-4.4758
0.024492,-4.4758
0.024496,-4.4758
0.0245,-4.4597
0.024504,-4.4758
0.024508,-4.4436
0.024512,-4.4436
0.024516,-4.4597
0.02452,-4.4436
0.024524,-4.4436
0.024528,-4.4275
0.024532,-4.4275
0.024536,-4.4113999999999995
0.02454,-4.4113999999999995
0.024544,-4.4113999999999995
0.024548,-4.4113999999999995
0.024552,-4.4275
0.024556,-4.4113999999999995
0.02456,-4.3953
0.024564,-4.4113999999999995
0.024568,-4.4113999999999995
0.024572,-4.3953
0.024576,-4.3953
0.02458,-4.3953
0.024584,-4.3953
0.024588,-4.3792
0.024592,-4.3792
0.024596,-4.3792
0.0246,-4.3792
0.024604,-4.3792
0.024608,-4.3792
0.024612,-4.3631
0.024616,-4.3631
0.02462,-4.3631
0.024624,-4.3469999999999995
0.024628,-4.3469999999999995
0.024632,-4.3631
0.024636,-4.3469999999999995
0.02464,-4.3469999999999995
0.024644,-4.3469999999999995
0.024648,-4.3309
0.024652,-4.3309
0.024656,-4.3309
0.02466,-4.3309
0.024664,-4.3148
0.024668,-4.3148
0.024672,-4.3148
0.024676,-4.3148
0.02468,-4.3148
0.024684,-4.2987
0.024688,-4.2825999999999995
0.024692,-4.2987
0.024696,-4.2825999999999995
0.0247,-4.2825999999999995
0.024704,-4.2825999999999995
0.024708,-4.2825999999999995
0.024712,-4.2665
0.024716,-4.2665
0.02472,-4.2665
0.024724,-4.2665
0.024728,-4.2665
0.024732,-4.2665
0.024736,-4.2504
0.02474,-4.2504
0.024744,-4.2504
0.024748,-4.2504
0.024752,-4.2504
0.024756,-4.2504
0.02476,-4.2343
0.024764,-4.2343
0.024768,-4.2343
0.024772,-4.2181999999999995
0.024776,-4.2181999999999995
0.02478,-4.2181999999999995
0.024784,-4.2181999999999995
0.024788,-4.2181999999999995
0.024792,-4.2021
0.024796,-4.2021
0.0248,-4.2181999999999995
0.024804,-4.2021
0.024808,-4.186
0.024812,-4.186
0.024816,-4.186
0.02482,-4.186
0.024824,-4.186
0.024828,-4.186
0.024832,-4.1699
0.024836,-4.1699
0.02484,-4.1699
0.024844,-4.1699
0.024848,-4.1537999999999995
0.024852,-4.1537999999999995
0.024856,-4.1537999999999995
0.02486,-4.1537999999999995
0.024864,-4.1377
0.024868,-4.1377
0.024872,-4.1377
0.024876,-4.1377
0.02488,-4.1377
0.024884,-4.1377
0.024888,-4.1216
0.024892,-4.1216
0.024896,-4.1055
0.0249,-4.1055
0.024904,-4.1055
0.024908,-4.1055
0.024912,-4.1055
0.024916,-4.0894
0.02492,-4.0894
0.024924,-4.0894
0.024928,-4.0894
0.024932,-4.0894
0.024936,-4.0733
0.02494,-4.0894
0.024944,-4.0733
0.024948,-4.0733
0.024952,-4.0733
0.024956,-4.0733
0.02496,-4.0572
0.024964,-4.0572
0.024968,-4.0572
0.024972,-4.0572
0.024976,-4.0572
0.02498,-4.0572
0.024984,-4.0411
0.024988,-4.0411
0.024992,-4.0411
0.024996,-4.025
0.025,-4.025
0.025004,-4.0411
0.025008,-4.025
0.025012,-4.025
0.025016,-4.0089
0.02502,-4.0089
0.025024,-4.0089
0.025028,-3.9928
0.025032,-3.9928
0.025036,-3.9928
0.02504,-4.0089
0.025044,-3.9928
0.025048,-3.9767
0.025052,-3.9928
0.025056,-3.9928
0.02506,-3.9767
0.025064,-3.9767
0.025068,-3.9767
0.025072,-3.9767
0.025076,-3.9606
0.02508,-3.9606
0.025084,-3.9606
0.025088,-3.9445
0.025092,-3.9606
0.025096,-3.9445
0.0251,-3.9284
0.025104,-3.9445
0.025108,-3.9445
0.025112,-3.9445
0.025116,-3.9284
0.02512,-3.9284
0.025124,-3.9123
0.025128,-3.9123
0.025132,-3.9123
0.025136,-3.9123
0.02514,-3.8962
0.025144,-3.8962
0.025148,-3.9123
0.025152,-3.8962
0.025156,-3.9123
0.02516,-3.8962
0.025164,-3.8962
0.025168,-3.8962
0.025172,-3.8962
0.025176,-3.8801
0.02518,-3.8801
0.025184,-3.864
0.025188,-3.8801
0.025192,-3.864
0.025196,-3.864
0.0252,-3.864
0.025204,-3.864
0.025208,-3.8479
0.025212,-3.8479
0.025216,-3.8479
0.02522,-3.8318
0.025224,-3.8318
0.025228,-3.8318
0.025232,-3.8318
0.025236,-3.8157
0.02524,-3.8157
0.025244,-3.8318
0.025248,-3.8318
0.025252,-3.8157
0.025256,-3.8157
0.02526,-3.7996
0.025264,-3.7996
0.025268,-3.8157
0.025272,-3.8157
0.025276,-3.7835
0.02528,-3.7835
0.025284,-3.7835
0.025288,-3.7835
0.025292,-3.7835
0.025296,-3.7674
0.0253,-3.7835
0.025304,-3.7674
0.025308,-3.7674
0.025312,-3.7674
0.025316,-3.7513
0.02532,-3.7513
0.025324,-3.7513
0.025328,-3.7513
0.025332,-3.7513
0.025336,-3.7352
0.02534,-3.7513
0.025344,-3.7352
0.025348,-3.7352
0.025352,-3.7352
0.025356,-3.7191
0.02536,-3.7191
0.025364,-3.7191
0.025368,-3.7191
0.025372,-3.7191
0.025376,-3.703
0.02538,-3.7191
0.025384,-3.703
0.025388,-3.703
0.025392,-3.6708
0.025396,-3.6869
0.0254,-3.6869
0.025404,-3.6708
0.025408,-3.6869
0.025412,-3.6708
0.025416,-3.6708
0.02542,-3.6708
0.025424,-3.6708
0.025428,-3.6708
0.025432,-3.6547
0.025436,-3.6547
0.02544,-3.6547
0.025444,-3.6547
0.025448,-3.6547
0.025452,-3.6386
0.025456,-3.6386
0.02546,-3.6386
0.025464,-3.6386
0.025468,-3.6225
0.025472,-3.6386
0.025476,-3.6225
0.02548,-3.6225
0.025484,-3.6225
0.025488,-3.6225
0.025492,-3.6064
0.025496,-3.6064
0.0255,-3.6064
0.025504,-3.6064
0.025508,-3.5903
0.025512,-3.5903
0.025516,-3.5903
0.02552,-3.5742
0.025524,-3.5742
0.025528,-3.5742
0.025532,-3.5742
0.025536,-3.5581
0.02554,-3.5742
0.025544,-3.5581
0.025548,-3.5581
0.025552,-3.542
0.025556,-3.542
0.02556,-3.542
0.025564,-3.542
0.025568,-3.5259
0.025572,-3.542
0.025576,-3.5259
0.02558,-3.542
0.025584,-3.5259
0.025588,-3.5259
0.025592,-3.5098
0.025596,-3.5259
0.0256,-3.5098
0.025604,-3.5098
0.025608,-3.5098
0.025612,-3.5098
0.025616,-3.5098
0.02562,-3.5098
0.025624,-3.4937
0.025628,-3.4937
0.025632,-3.4776
0.025636,-3.4776
0.02564,-3.4776
0.025644,-3.4776
0.025648,-3.4776
0.025652,-3.4615
0.025656,-3.4776
0.02566,-3.4615
0.025664,-3.4615
0.025668,-3.4615
0.025672,-3.4615
0.025676,-3.4615
0.02568,-3.4454
0.025684,-3.4454
0.025688,-3.4454
0.025692,-3.4293
0.025696,-3.4293
0.0257,-3.4293
0.025704,-3.4132
0.025708,-3.4293
0.025712,-3.4132
0.025716,-3.4132
0.02572,-3.4132
0.025724,-3.3971
0.025728,-3.4132
0.025732,-3.3971
0.025736,-3.3971
0.02574,-3.3971
0.025744,-3.3971
0.025748,-3.3971
0.025752,-3.381
0.025756,-3.3971
0.02576,-3.381
0.025764,-3.3649
0.025768,-3.3649
0.025772,-3.3649
0.025776,-3.3649
0.02578,-3.3649
0.025784,-3.3487999999999998
0.025788,-3.3487999999999998
0.025792,-3.3487999999999998
0.025796,-3.3487999999999998
0.0258,-3.3487999999999998
0.025804,-3.3327
0.025808,-3.3327
0.025812,-3.3327
0.025816,-3.3327
0.02582,-3.3327
0.025824,-3.3327
0.025828,-3.3165999999999998
0.025832,-3.3165999999999998
0.025836,-3.3165999999999998
0.02584,-3.3165999999999998
0.025844,-3.3165999999999998
0.025848,-3.3005
0.025852,-3.3005
0.025856,-3.2843999999999998
0.02586,-3.2843999999999998
0.025864,-3.3005
0.025868,-3.2843999999999998
0.025872,-3.2683
0.025876,-3.2843999999999998
0.02588,-3.2683
0.025884,-3.2683
0.025888,-3.2683
0.025892,-3.2683
0.025896,-3.2521999999999998
0.0259,-3.2521999999999998
0.025904,-3.2521999999999998
0.025908,-3.2521999999999998
0.025912,-3.2361
0.025916,-3.2521999999999998
0.02592,-3.2361
0.025924,-3.2361
0.025928,-3.2361
0.025932,-3.2199999999999998
0.025936,-3.2199999999999998
0.02594,-3.2199999999999998
0.025944,-3.2199999999999998
0.025948,-3.2199999999999998
0.025952,-3.2199999999999998
0.025956,-3.2199999999999998
0.02596,-3.2039
0.025964,-3.2039
0.025968,-3.2039
0.025972,-3.2039
0.025976,-3.1877999999999997
0.02598,-3.1877999999999997
0.025984,-3.1877999999999997
0.025988,-3.1877999999999997
0.025992,-3.1877999999999997
0.025996,-3.1717
0.026,-3.1877999999999997
0.026004,-3.1717
0.026008,-3.1717
0.026012,-3.1717
0.026016,-3.1555999999999997
0.02602,-3.1555999999999997
0.026024,-3.1555999999999997
0.026028,-3.1555999999999997
0.026032,-3.1395
0.026036,-3.1395
0.02604,-3.1395
0.026044,-3.1395
0.026048,-3.1233999999999997
0.026052,-3.1233999999999997
0.026056,-3.1233999999999997
0.02606,-3.1233999999999997
0.026064,-3.1233999999999997
0.026068,-3.1073
0.026072,-3.1073
0.026076,-3.0911999999999997
0.02608,-3.1073
0.026084,-3.1073
0.026088,-3.0911999999999997
0.026092,-3.0911999999999997
0.026096,-3.0911999999999997
0.0261,-3.0751
0.026104,-3.0751
0.026108,-3.0751
0.026112,-3.0751
0.026116,-3.0751
0.02612,-3.059
0.026124,-3.059
0.026128,-3.059
0.026132,-3.059
0.026136,-3.059
0.02614,-3.059
0.026144,-3.0429
0.026148,-3.0429
0.026152,-3.0429
0.026156,-3.0429
0.02616,-3.0429
0.026164,-3.0268
0.026168,-3.0268
0.026172,-3.0268
0.026176,-3.0268
0.02618,-3.0268
0.026184,-3.0107
0.026188,-3.0107
0.026192,-3.0107
0.026196,-3.0107
0.0262,-2.9946
0.026204,-2.9946
0.026208,-2.9785
0.026212,-2.9946
0.026216,-2.9946
0.02622,-2.9785
0.026224,-2.9785
0.026228,-2.9785
0.026232,-2.9785
0.026236,-2.9624
0.02624,-2.9624
0.026244,-2.9624
0.026248,-2.9624
0.026252,-2.9624
0.026256,-2.9624
0.02626,-2.9463
0.026264,-2.9463
0.026268,-2.9302
0.026272,-2.9463
0.026276,-2.9463
0.02628,-2.9302
0.026284,-2.9302
0.026288,-2.9302
0.026292,-2.9302
0.026296,-2.9141
0.0263,-2.9141
0.026304,-2.9141
0.026308,-2.9141
0.026312,-2.898
0.026316,-2.898
0.02632,-2.9141
0.026324,-2.898
0.026328,-2.898
0.026332,-2.898
0.026336,-2.8819
0.02634,-2.8819
0.026344,-2.8819
0.026348,-2.8819
0.026352,-2.8819
0.026356,-2.8658
0.02636,-2.8658
0.026364,-2.8658
0.026368,-2.8658
0.026372,-2.8497
0.026376,-2.8497
0.02638,-2.8497
0.026384,-2.8497
0.026388,-2.8336
0.026392,-2.8336
0.026396,-2.8336
0.0264,-2.8336
0.026404,-2.8336
0.026408,-2.8336
0.026412,-2.8175
0.026416,-2.8175
0.02642,-2.8175
0.026424,-2.8014
0.026428,-2.8175
0.026432,-2.8014
0.026436,-2.8014
0.02644,-2.8014
0.026444,-2.8014
0.026448,-2.7853
0.026452,-2.7853
0.026456,-2.7853
0.02646,-2.7692
0.026464,-2.7853
0.026468,-2.7853
0.026472,-2.7692
0.026476,-2.7531
0.02648,-2.7531
0.026484,-2.7692
0.026488,-2.7531
0.026492,-2.7531
0.026496,-2.7531
0.0265,-2.7531
0.026504,-2.7531
0.026508,-2.737
0.026512,-2.737
0.026516,-2.737
0.02652,-2.737
0.026524,-2.737
0.026528,-2.7209
0.026532,-2.7209
0.026536,-2.7209
0.02654,-2.7048
0.026544,-2.7048
0.026548,-2.7048
0.026552,-2.7048
0.026556,-2.6887
0.02656,-2.6887
0.026564,-2.6887
0.026568,-2.6887
0.026572,-2.6887
0.026576,-2.6726
0.02658,-2.6726
0.026584,-2.6726
0.026588,-2.6726
0.026592,-2.6726
0.026596,-2.6726
0.0266,-2.6726
0.026604,-2.6565
0.026608,-2.6565
0.026612,-2.6565
0.026616,-2.6565
0.02662,-2.6404
0.026624,-2.6404
0.026628,-2.6404
0.026632,-2.6404
0.026636,-2.6243
0.02664,-2.6243
0.026644,-2.6243
0.026648,-2.6243
0.026652,-2.6082
0.026656,-2.6082
0.02666,-2.6082
0.026664,-2.6082
0.026668,-2.5921
0.026672,-2.6082
0.026676,-2.6082
0.02668,-2.5921
0.026684,-2.5921
0.026688,-2.576
0.026692,-2.576
0.026696,-2.576
0.0267,-2.576
0.026704,-2.576
0.026708,-2.576
0.026712,-2.5599
0.026716,-2.5599
0.02672,-2.5599
0.026724,-2.5438
0.026728,-2.5599
0.026732,-2.5438
0.026736,-2.5438
0.02674,-2.5438
0.026744,-2.5438
0.026748,-2.5277
0.026752,-2.5438
0.026756,-2.5277
0.02676,-2.5277
0.026764,-2.5277
0.026768,-2.5116
0.026772,-2.5116
0.026776,-2.4955
0.02678,-2.5116
0.026784,-2.4955
0.026788,-2.4955
0.026792,-2.4955
0.026796,-2.4955
0.0268,-2.4955
0.026804,-2.4794
0.026808,-2.4794
0.026812,-2.4794
0.026816,-2.4794
0.02682,-2.4794
0.026824,-2.4794
0.026828,-2.4794
0.026832,-2.4633
0.026836,-2.4633
0.02684,-2.4633
0.026844,-2.4472
0.026848,-2.4472
0.026852,-2.4472
0.026856,-2.4472
0.02686,-2.4311
0.026864,-2.4311
0.026868,-2.4311
0.026872,-2.4311
0.026876,-2.4311
0.02688,-2.415
0.026884,-2.415
0.026888,-2.415
0.026892,-2.415
0.026896,-2.3989
0.0269,-2.3989
0.026904,-2.3989
0.026908,-2.3989
0.026912,-2.3989
0.026916,-2.3828
0.02692,-2.3828
0.026924,-2.3828
0.026928,-2.3828
0.026932,-2.3828
0.026936,-2.3828
0.02694,-2.3667
0.026944,-2.3667
0.026948,-2.3506
0.026952,-2.3667
0.026956,-2.3667
0.02696,-2.3506
0.026964,-2.3506
0.026968,-2.3506
0.026972,-2.3506
0.026976,-2.3506
0.02698,-2.3345
0.026984,-2.3345
0.026988,-2.3184
0.026992,-2.3345
0.026996,-2.3345
0.027,-2.3345
0.027004,-2.3184
0.027008,-2.3184
0.027012,-2.3184
0.027016,-2.3184
0.02702,-2.3184
0.027024,-2.3023
0.027028,-2.3023
0.027032,-2.3023
0.027036,-2.2862
0.02704,-2.2862
0.027044,-2.2862
0.027048,-2.2862
0.027052,-2.2701
0.027056,-2.2701
0.02706,-2.2701
0.027064,-2.2701
0.027068,-2.254
0.027072,-2.254
0.027076,-2.254
0.02708,-2.254
0.027084,-2.2379
0.027088,-2.2379
0.027092,-2.2379
0.027096,-2.2379
0.0271,-2.2379
0.027104,-2.2379
0.027108,-2.2218
0.027112,-2.2379
0.027116,-2.2218
0.02712,-2.2218
0.027124,-2.2218
0.027128,-2.2056999999999998
0.027132,-2.2056999999999998
0.027136,-2.2218
0.02714,-2.2056999999999998
0.027144,-2.2056999999999998
0.027148,-2.2056999999999998
0.027152,-2.1896
0.027156,-2.1896
0.02716,-2.1896
0.027164,-2.1896
0.027168,-2.1896
0.027172,-2.1896
0.027176,-2.1734999999999998
0.02718,-2.1734999999999998
0.027184,-2.1574
0.027188,-2.1734999999999998
0.027192,-2.1734999999999998
0.027196,-2.1574
0.0272,-2.1574
0.027204,-2.1412999999999998
0.027208,-2.1412999999999998
0.027212,-2.1412999999999998
0.027216,-2.1412999999999998
0.02722,-2.1412999999999998
0.027224,-2.1252
0.027228,-2.1252
0.027232,-2.1252
0.027236,-2.1252
0.02724,-2.1090999999999998
0.027244,-2.1090999999999998
0.027248,-2.1090999999999998
0.027252,-2.1090999999999998
0.027256,-2.1090999999999998
0.02726,-2.1090999999999998
0.027264,-2.093
0.027268,-2.093
0.027272,-2.093
0.027276,-2.093
0.02728,-2.093
0.027284,-2.093
0.027288,-2.0768999999999997
0.027292,-2.0768999999999997
0.027296,-2.0768999999999997
0.0273,-2.0768999999999997
0.027304,-2.0608
0.027308,-2.0608
0.027312,-2.0608
0.027316,-2.0608
0.02732,-2.0447
0.027324,-2.0447
0.027328,-2.0447
0.027332,-2.0286
0.027336,-2.0447
0.02734,-2.0286
0.027344,-2.0286
0.027348,-2.0286
0.027352,-2.0286
0.027356,-2.0125
0.02736,-2.0286
0.027364,-2.0125
0.027368,-1.9964
0.027372,-1.9964
0.027376,-1.9964
0.02738,-1.9964
0.027384,-1.9964
0.027388,-1.9803
0.027392,-1.9964
0.027396,-1.9803
0.0274,-1.9964
0.027404,-1.9803
0.027408,-1.9642
0.027412,-1.9803
0.027416,-1.9642
0.02742,-1.9642
0.027424,-1.9642
0.027428,-1.9481
0.027432,-1.9481
0.027436,-1.9481
0.02744,-1.9481
0.027444,-1.9481
0.027448,-1.932
0.027452,-1.932
0.027456,-1.932
0.02746,-1.932
0.027464,-1.9159
0.027468,-1.932
0.027472,-1.932
0.027476,-1.9159
0.02748,-1.9159
0.027484,-1.9159
0.027488,-1.8998
0.027492,-1.8998
0.027496,-1.8998
0.0275,-1.8998
0.027504,-1.8998
0.027508,-1.8837
0.027512,-1.8837
0.027516,-1.8837
0.02752,-1.8676
0.027524,-1.8837
0.027528,-1.8676
0.027532,-1.8676
0.027536,-1.8676
0.02754,-1.8515
0.027544,-1.8676
0.027548,-1.8515
0.027552,-1.8354
0.027556,-1.8515
0.02756,-1.8354
0.027564,-1.8354
0.027568,-1.8354
0.027572,-1.8193
0.027576,-1.8193
0.02758,-1.8193
0.027584,-1.8193
0.027588,-1.8193
0.027592,-1.8193
0.027596,-1.8032
0.0276,-1.8193
0.027604,-1.8193
0.027608,-1.8032
0.027612,-1.8032
0.027616,-1.7871
0.02762,-1.8032
0.027624,-1.7871
0.027628,-1.7871
0.027632,-1.771
0.027636,-1.771
0.02764,-1.771
0.027644,-1.771
0.027648,-1.771
0.027652,-1.7549
0.027656,-1.7549
0.02766,-1.771
0.027664,-1.7549
0.027668,-1.7549
0.027672,-1.7388
0.027676,-1.7388
0.02768,-1.7549
0.027684,-1.7388
0.027688,-1.7227
0.027692,-1.7227
0.027696,-1.7227
0.0277,-1.7227
0.027704,-1.7066
0.027708,-1.6905
0.027712,-1.6905
0.027716,-1.6743999999999999
0.02772,-1.6743999999999999
0.027724,-1.6582999999999999
0.027728,-1.6421999999999999
0.027732,-1.6582999999999999
0.027736,-1.6582999999999999
0.02774,-1.6421999999999999
0.027744,-1.6260999999999999
0.027748,-1.6260999999999999
0.027752,-1.6260999999999999
0.027756,-1.6260999999999999
0.02776,-1.6260999999999999
0.027764,-1.6099999999999999
0.027768,-1.6099999999999999
0.027772,-1.6099999999999999
0.027776,-1.5938999999999999
0.02778,-1.5938999999999999
0.027784,-1.5777999999999999
0.027788,-1.5777999999999999
0.027792,-1.5777999999999999
0.027796,-1.5777999999999999
0.0278,-1.5777999999999999
0.027804,-1.5616999999999999
0.027808,-1.5455999999999999
0.027812,-1.5455999999999999
0.027816,-1.5616999999999999
0.02782,-1.5455999999999999
0.027824,-1.5455999999999999
0.027828,-1.5455999999999999
0.027832,-1.5455999999999999
0.027836,-1.5295
0.02784,-1.5134
0.027844,-1.5295
0.027848,-1.5295
0.027852,-1.5134
0.027856,-1.5295
0.02786,-1.5134
0.027864,-1.4973
0.027868,-1.4973
0.027872,-1.4973
0.027876,-1.4812
0.02788,-1.4812
0.027884,-1.4812
0.027888,-1.4812
0.027892,-1.4812
0.027896,-1.4651
0.0279,-1.4651
0.027904,-1.4651
0.027908,-1.4651
0.027912,-1.4651
0.027916,-1.449
0.02792,-1.449
0.027924,-1.449
0.027928,-1.449
0.027932,-1.449
0.027936,-1.4329
0.02794,-1.4329
0.027944,-1.4329
0.027948,-1.4329
0.027952,-1.4329
0.027956,-1.4168
0.02796,-1.4329
0.027964,-1.4168
0.027968,-1.4168
0.027972,-1.4007
0.027976,-1.4168
0.02798,-1.4007
0.027984,-1.4007
0.027988,-1.4007
0.027992,-1.4007
0.027996,-1.3846
0.028,-1.3846
0.028004,-1.3685
0.028008,-1.3846
0.028012,-1.3846
0.028016,-1.3685
0.02802,-1.3685
0.028024,-1.3685
0.028028,-1.3685
0.028032,-1.3524
0.028036,-1.3524
0.02804,-1.3524
0.028044,-1.3524
0.028048,-1.3524
0.028052,-1.3363
0.028056,-1.3363
0.02806,-1.3363
0.028064,-1.3202
0.028068,-1.3202
0.028072,-1.3202
0.028076,-1.3202
0.02808,-1.3202
0.028084,-1.3041
0.028088,-1.3041
0.028092,-1.3202
0.028096,-1.3041
0.0281,-1.3041
0.028104,-1.288
0.028108,-1.3041
0.028112,-1.288
0.028116,-1.288
0.02812,-1.288
0.028124,-1.2719
0.028128,-1.2719
0.028132,-1.2719
0.028136,-1.2719
0.02814,-1.2558
0.028144,-1.2558
0.028148,-1.2558
0.028152,-1.2558
0.028156,-1.2558
0.02816,-1.2558
0.028164,-1.2397
0.028168,-1.2397
0.028172,-1.2397
0.028176,-1.2236
0.02818,-1.2397
0.028184,-1.2236
0.028188,-1.2236
0.028192,-1.2236
0.028196,-1.2236
0.0282,-1.2075
0.028204,-1.2075
0.028208,-1.2075
0.028212,-1.2075
0.028216,-1.1914
0.02822,-1.1914
0.028224,-1.1914
0.028228,-1.1914
0.028232,-1.1914
0.028236,-1.1753
0.02824,-1.1753
0.028244,-1.1753
0.028248,-1.1753
0.028252,-1.1753
0.028256,-1.1753
0.02826,-1.1592
0.028264,-1.1592
0.028268,-1.1592
0.028272,-1.1592
0.028276,-1.1592
0.02828,-1.1592
0.028284,-1.1431
0.028288,-1.1431
0.028292,-1.1431
0.028296,-1.127
0.0283,-1.127
0.028304,-1.127
0.028308,-1.127
0.028312,-1.1109
0.028316,-1.1109
0.02832,-1.127
0.028324,-1.1109
0.028328,-1.1109
0.028332,-1.0948
0.028336,-1.0948
0.02834,-1.0948
0.028344,-1.0948
0.028348,-1.0948
0.028352,-1.0787
0.028356,-1.0787
0.02836,-1.0787
0.028364,-1.0787
0.028368,-1.0626
0.028372,-1.0626
0.028376,-1.0626
0.02838,-1.0626
0.028384,-1.0626
0.028388,-1.0465
0.028392,-1.0465
0.028396,-1.0304
0.0284,-1.0465
0.028404,-1.0304
0.028408,-1.0465
0.028412,-1.0143
0.028416,-1.0143
0.02842,-1.0143
0.028424,-1.0143
0.028428,-1.0143
0.028432,-1.0143
0.028436,-0.9982
0.02844,-0.9982
0.028444,-1.0143
0.028448,-0.9982
0.028452,-0.9982
0.028456,-0.9821
0.02846,-0.9821
0.028464,-0.9821
0.028468,-0.9821
0.028472,-0.9821
0.028476,-0.9821
0.02848,-0.966
0.028484,-0.966
0.028488,-0.966
0.028492,-0.966
0.028496,-0.966
0.0285,-0.966
0.028504,-0.9499
0.028508,-0.966
0.028512,-0.9499
0.028516,-0.9499
0.02852,-0.9499
0.028524,-0.9338
0.028528,-0.9338
0.028532,-0.9338
0.028536,-0.9338
0.02854,-0.9177
0.028544,-0.9177
0.028548,-0.9177
0.028552,-0.9177
0.028556,-0.9177
0.02856,-0.9016
0.028564,-0.9016
0.028568,-0.8855
0.028572,-0.8855
0.028576,-0.8855
0.02858,-0.8855
0.028584,-0.8855
0.028588,-0.8855
0.028592,-0.8694
0.028596,-0.8855
0.0286,-0.8694
0.028604,-0.8694
0.028608,-0.8533
0.028612,-0.8533
0.028616,-0.8533
0.02862,-0.8694
0.028624,-0.8533
0.028628,-0.8371999999999999
0.028632,-0.8371999999999999
0.028636,-0.8533
0.02864,-0.8371999999999999
0.028644,-0.8371999999999999
0.028648,-0.8210999999999999
0.028652,-0.8210999999999999
0.028656,-0.8210999999999999
0.02866,-0.8210999999999999
0.028664,-0.8210999999999999
0.028668,-0.8049999999999999
0.028672,-0.8049999999999999
0.028676,-0.8049999999999999
0.02868,-0.8049999999999999
0.028684,-0.7888999999999999
0.028688,-0.8049999999999999
0.028692,-0.8049999999999999
0.028696,-0.7888999999999999
0.0287,-0.7727999999999999
0.028704,-0.7888999999999999
0.028708,-0.7727999999999999
0.028712,-0.7727999999999999
0.028716,-0.7567
0.02872,-0.7567
0.028724,-0.7727999999999999
0.028728,-0.7567
0.028732,-0.7567
0.028736,-0.7567
0.02874,-0.7406
0.028744,-0.7406
0.028748,-0.7245
0.028752,-0.7406
0.028756,-0.7406
0.02876,-0.7245
0.028764,-0.7245
0.028768,-0.7245
0.028772,-0.7245
0.028776,-0.7245
0.02878,-0.7245
0.028784,-0.7084
0.028788,-0.7084
0.028792,-0.7084
0.028796,-0.7084
0.0288,-0.6923
0.028804,-0.6923
0.028808,-0.6923
0.028812,-0.6923
0.028816,-0.6762
0.02882,-0.6762
0.028824,-0.6762
0.028828,-0.6601
0.028832,-0.6762
0.028836,-0.6601
0.02884,-0.6601
0.028844,-0.6762
0.028848,-0.6601
0.028852,-0.644
0.028856,-0.644
0.02886,-0.644
0.028864,-0.644
0.028868,-0.644
0.028872,-0.644
0.028876,-0.6279
0.02888,-0.6279
0.028884,-0.6279
0.028888,-0.6279
0.028892,-0.6118
0.028896,-0.6118
0.0289,-0.6118
0.028904,-0.6118
0.028908,-0.5957
0.028912,-0.5957
0.028916,-0.6118
0.02892,-0.5957
0.028924,-0.5957
0.028928,-0.5957
0.028932,-0.5796
0.028936,-0.5796
0.02894,-0.5635
0.028944,-0.5635
0.028948,-0.5635
0.028952,-0.5635
0.028956,-0.5635
0.02896,-0.5635
0.028964,-0.5635
0.028968,-0.5474
0.028972,-0.5474
0.028976,-0.5474
0.02898,-0.5474
0.028984,-0.5474
0.028988,-0.5313
0.028992,-0.5313
0.028996,-0.5313
0.029,-0.5313
0.029004,-0.5313
0.029008,-0.5152
0.029012,-0.5152
0.029016,-0.4991
0.02902,-0.5152
0.029024,-0.5152
0.029028,-0.4991
0.029032,-0.4991
0.029036,-0.4991
0.02904,-0.4991
0.029044,-0.483
0.029048,-0.483
0.029052,-0.483
0.029056,-0.483
0.02906,-0.4669
0.029064,-0.4669
0.029068,-0.4669
0.029072,-0.4669
0.029076,-0.4508
0.02908,-0.4508
0.029084,-0.4508
0.029088,-0.4508
0.029092,-0.4508
0.029096,-0.4347
0.0291,-0.4347
0.029104,-0.4347
0.029108,-0.4347
0.029112,-0.4347
0.029116,-0.4347
0.02912,-0.4347
0.029124,-0.41859999999999997
0.029128,-0.41859999999999997
0.029132,-0.41859999999999997
0.029136,-0.40249999999999997
0.02914,-0.40249999999999997
0.029144,-0.40249999999999997
0.029148,-0.40249999999999997
0.029152,-0.38639999999999997
0.029156,-0.38639999999999997
0.02916,-0.38639999999999997
0.029164,-0.38639999999999997
0.029168,-0.3703
0.029172,-0.38639999999999997
0.029176,-0.38639999999999997
0.02918,-0.3703
0.029184,-0.3703
0.029188,-0.3542
0.029192,-0.3703
0.029196,-0.3542
0.0292,-0.3542
0.029204,-0.3542
0.029208,-0.3542
0.029212,-0.3542
0.029216,-0.3381
0.02922,-0.3381
0.029224,-0.3381
0.029228,-0.3381
0.029232,-0.322
0.029236,-0.322
0.02924,-0.3059
0.029244,-0.3059
0.029248,-0.3059
0.029252,-0.3059
0.029256,-0.2898
0.02926,-0.3059
0.029264,-0.3059
0.029268,-0.3059
0.029272,-0.2898
0.029276,-0.2898
0.02928,-0.2737
0.029284,-0.2898
0.029288,-0.2898
0.029292,-0.2898
0.029296,-0.2737
0.0293,-0.2737
0.029304,-0.2737
0.029308,-0.2576
0.029312,-0.2576
0.029316,-0.2576
0.02932,-0.2576
0.029324,-0.2415
0.029328,-0.2415
0.029332,-0.2415
0.029336,-0.2415
0.02934,-0.2254
0.029344,-0.2415
0.029348,-0.2254
0.029352,-0.2254
0.029356,-0.2415
0.02936,-0.2254
0.029364,-0.20929999999999999
0.029368,-0.20929999999999999
0.029372,-0.20929999999999999
0.029376,-0.19319999999999998
0.02938,-0.19319999999999998
0.029384,-0.20929999999999999
0.029388,-0.19319999999999998
0.029392,-0.19319999999999998
0.029396,-0.19319999999999998
0.0294,-0.19319999999999998
0.029404,-0.1771
0.029408,-0.1771
0.029412,-0.1771
0.029416,-0.1771
0.02942,-0.1771
0.029424,-0.161
0.029428,-0.1449
0.029432,-0.161
0.029436,-0.161
0.02944,-0.161
0.029444,-0.1449
0.029448,-0.1449
0.029452,-0.1449
0.029456,-0.1449
0.02946,-0.1288
0.029464,-0.1288
0.029468,-0.1288
0.029472,-0.1288
0.029476,-0.3059
0.02948,-0.4991
0.029484,-0.8049999999999999
0.029488,-0.8694
0.029492,-0.9177
0.029496,-1.0948
0.0295,-1.1753
0.029504,-1.2397
0.029508,-1.4007
0.029512,-1.8998
0.029516,-2.6887
0.02952,-2.9946
0.029524,-3.059
0.029528,-3.2683
0.029532,-3.5581
0.029536,-3.703
0.02954,-3.4615
0.029544,-3.3487999999999998
0.029548,-3.4293
0.029552,-3.2521999999999998
0.029556,-2.898
0.02956,-2.5277
0.029564,-2.3184
0.029568,-2.093
0.029572,-1.5777999999999999
0.029576,-1.1914
0.02958,-0.9821
0.029584,-0.7406
0.029588,-0.3542
0.029592,0.0644
0.029596,0.2737
0.0296,0.5152
0.029604,0.9016
0.029608,1.2558
0.029612,1.5134
0.029616,1.7388
0.02962,2.0768999999999997
0.029624,2.4633
0.029628,2.6887
0.029632,2.9141
0.029636,3.2361
0.02964,3.6064
0.029644,3.864
0.029648,4.0572
0.029652,4.3469999999999995
0.029656,4.7012
0.02966,4.9588
0.029664,5.1681
0.029668,5.4418
0.029672,5.7799
0.029676,6.0214
0.02968,6.2146
0.029684,6.4722
0.029688,6.7781
0.029692,7.0196
0.029696,7.228899999999999
0.0297,7.4382
0.029704,7.7440999999999995
0.029708,7.9856
0.029712,8.1627
0.029716,8.372
0.02972,8.6457
0.029724,8.8872
0.029728,9.0804
0.029732,9.2736
0.029736,9.499
0.02974,9.7244
0.029744,9.9176
0.029748,10.0947
0.029752,10.304
0.029756,10.5133
0.02976,10.7065
0.029764,10.8836
0.029768,11.0768
0.029772,11.27
0.029776,11.447099999999999
0.02978,11.592
0.029784,11.7691
0.029788,11.962299999999999
0.029792,12.1233
0.029796,12.2682
0.0298,12.4292
0.029804,12.6063
0.029808,12.7673
0.029812,12.8961
0.029816,13.041
0.02982,13.202
0.029824,13.3469
0.029828,13.4757
0.029832,13.6206
0.029836,13.7655
0.02984,13.8943
0.029844,14.0231
0.029848,14.1358
0.029852,14.2807
0.029856,14.4256
0.02986,14.5222
0.029864,14.6349
0.029868,14.7637
0.029872,14.8764
0.029876,14.9891
0.02988,15.101799999999999
0.029884,15.2145
0.029888,15.3111
0.029892,15.4077
0.029896,15.504299999999999
0.0299,15.616999999999999
0.029904,15.7136
0.029908,15.8102
0.029912,15.9068
0.029916,16.0034
0.02992,16.1
0.029924,16.1805
0.029928,16.261
0.029932,16.3415
0.029936,16.4381
0.02994,16.5186
0.029944,16.5991
0.029948,16.6796
0.029952,16.744
0.029956,16.8084
0.02996,16.8889
0.029964,16.9694
0.029968,17.0499
0.029972,17.1143
0.029976,17.1626
0.02998,17.2431
0.029984,17.3075
0.029988,17.3719
0.029992,17.4202
0.029996,17.4685
0.03,17.532899999999998
0.030004,17.5973
0.030008,17.645599999999998
0.030012,17.71
0.030016,17.7744
0.03002,17.8227
0.030024,17.8549
0.030028,17.9032
0.030032,17.9676
0.030036,18.0159
0.03004,18.0642
0.030044,18.0964
0.030048,18.1447
0.030052,18.193
0.030056,18.2413
0.03006,18.2735
0.030064,18.3218
0.030068,18.354
0.030072,18.4023
0.030076,18.4345
0.03008,18.4506
0.030084,18.4989
0.030088,18.5311
0.030092,18.563299999999998
0.030096,18.5794
0.0301,18.6116
0.030104,18.6599
0.030108,18.676
0.030112,18.6921
0.030116,18.7243
0.03012,18.7404
0.030124,18.7726
0.030128,18.8048
0.030132,18.820899999999998
0.030136,18.837
0.03014,18.8853
0.030144,18.9014
0.030148,18.9336
0.030152,18.9497
0.030156,18.9819
0.03016,18.998
0.030164,18.998
0.030168,19.0302
0.030172,19.0624
0.030176,19.0946
0.03018,19.1107
0.030184,19.1268
0.030188,19.1429
0.030192,19.159
0.030196,19.1429
0.0302,19.159
0.030204,19.159
0.030208,19.159
0.030212,19.1429
0.030216,19.159
0.03022,19.1912
0.030224,19.2073
0.030228,19.2395
0.030232,19.2073
0.030236,19.1912
0.03024,19.1751
0.030244,19.159
0.030248,19.159
0.030252,19.159
0.030256,19.1751
0.03026,19.159
0.030264,19.1268
0.030268,19.1107
0.030272,19.1107
0.030276,19.0785
0.03028,19.0624
0.030284,19.0463
0.030288,19.0141
0.030292,18.998
0.030296,18.998
0.0303,18.965799999999998
0.030304,18.9336
0.030308,18.8853
0.030312,18.8692
0.030316,18.8531
0.03032,18.837
0.030324,18.7726
0.030328,18.7404
0.030332,18.676
0.030336,18.6277
0.03034,18.563299999999998
0.030344,18.4989
0.030348,18.4345
0.030352,18.354
0.030356,18.2896
0.03036,18.2091
0.030364,18.1447
0.030368,18.048099999999998
0.030372,17.9676
0.030376,17.871
0.03038,17.8066
0.030384,17.7261
0.030388,17.6617
0.030392,17.5812
0.030396,17.5007
0.0304,17.4202
0.030404,17.3558
0.030408,17.2592
0.030412,17.2109
0.030416,17.1143
0.03042,17.0338
0.030424,16.9533
0.030428,16.8567
0.030432,16.7762
0.030436,16.6957
0.03044,16.5991
0.030444,16.5186
0.030448,16.4381
0.030452,16.3576
0.030456,16.2932
0.03046,16.212699999999998
0.030464,16.1161
0.030468,16.0517
0.030472,15.9873
0.030476,15.9229
0.03048,15.8424
0.030484,15.778
0.030488,15.7136
0.030492,15.633099999999999
0.030496,15.5687
0.0305,15.5204
0.030504,15.456
0.030508,15.3916
0.030512,15.3272
0.030516,15.2789
0.03052,15.2145
0.030524,15.1501
0.030528,15.0857
0.030532,15.0374
0.030536,14.972999999999999
0.03054,14.9247
0.030544,14.8603
0.030548,14.812
0.030552,14.7637
0.030556,14.6993
0.03056,14.651
0.030564,14.6188
0.030568,14.5705
0.030572,14.5222
0.030576,14.4739
0.03058,14.441699999999999
0.030584,14.3934
0.030588,14.3612
0.030592,14.312899999999999
0.030596,14.2968
0.0306,14.2807
0.030604,14.2485
0.030608,14.2163
0.030612,14.2002
0.030616,14.184099999999999
0.03062,14.168
0.030624,14.1519
0.030628,14.1519
0.030632,14.1519
0.030636,14.168
0.03064,14.168
0.030644,14.1519
0.030648,14.1358
0.030652,14.1358
0.030656,14.1197
0.03066,14.1036
0.030664,14.0875
0.030668,14.0875
0.030672,14.1036
0.030676,14.0875
0.03068,14.0875
0.030684,14.1036
0.030688,14.1358
0.030692,14.1358
0.030696,14.1358
0.0307,14.1197
0.030704,14.1036
0.030708,14.1197
0.030712,14.1358
0.030716,14.1358
0.03072,14.1519
0.030724,14.168
0.030728,14.168
0.030732,14.168
0.030736,14.184099999999999
0.03074,14.2324
0.030744,14.2485
0.030748,14.2163
0.030752,14.2002
0.030756,14.2002
0.03076,14.2324
0.030764,14.2485
0.030768,14.2646
0.030772,14.2485
0.030776,14.2485
0.03078,14.2646
0.030784,14.2646
0.030788,14.2807
0.030792,14.2968
0.030796,14.2968
0.0308,14.2807
0.030804,14.312899999999999
0.030808,14.312899999999999
0.030812,14.2807
0.030816,14.2324
0.03082,14.2485
0.030824,14.2646
0.030828,14.2968
0.030832,14.2807
0.030836,14.2968
0.03084,14.2968
0.030844,14.312899999999999
0.030848,14.312899999999999
0.030852,14.2968
0.030856,14.2807
0.03086,14.2807
0.030864,14.2807
0.030868,14.329
0.030872,14.329
0.030876,14.312899999999999
0.03088,14.312899999999999
0.030884,14.2807
0.030888,14.2807
0.030892,14.2968
0.030896,14.2807
0.0309,14.2485
0.030904,14.2002
0.030908,14.168
0.030912,14.1358
0.030916,14.1036
0.03092,14.1519
0.030924,14.2002
0.030928,14.2324
0.030932,14.2324
0.030936,14.2163
0.03094,14.184099999999999
0.030944,14.1519
0.030948,14.1519
0.030952,14.2002
0.030956,14.2485
0.03096,14.2163
0.030964,14.1358
0.030968,14.1519
0.030972,14.168
0.030976,14.1358
0.03098,14.1036
0.030984,14.1197
0.030988,14.1197
0.030992,14.1197
0.030996,14.0875
0.031,14.0392
0.031004,14.0231
0.031008,14.0392
0.031012,14.0392
0.031016,14.007
0.03102,14.0231
0.031024,14.0392
0.031028,13.9909
0.031032,14.007
0.031036,14.007
0.03104,14.0714
0.031044,14.1036
0.031048,14.0714
0.031052,14.0392
0.031056,13.9748
0.03106,13.926499999999999
0.031064,13.926499999999999
0.031068,13.9104
0.031072,13.9426
0.031076,13.9748
0.03108,13.9587
0.031084,13.9587
0.031088,13.9426
0.031092,13.8943
0.031096,13.846
0.0311,13.846
0.031104,13.8138
0.031108,13.8138
0.031112,13.7655
0.031116,13.7333
0.03112,13.7333
0.031124,13.7011
0.031128,13.685
0.031132,13.668899999999999
0.031136,13.685
0.03114,13.668899999999999
0.031144,13.685
0.031148,13.685
0.031152,13.7172
0.031156,13.7011
0.03116,13.668899999999999
0.031164,13.668899999999999
0.031168,13.6528
0.031172,13.685
0.031176,13.6367
0.03118,13.6206
0.031184,13.6206
0.031188,13.6528
0.031192,13.668899999999999
0.031196,13.7172
0.0312,13.8299
0.031204,13.8299
0.031208,13.797699999999999
0.031212,13.7172
0.031216,13.668899999999999
0.03122,13.6528
0.031224,13.6045
0.031228,13.5884
0.031232,13.5562
0.031236,13.524
0.03124,13.4918
0.031244,13.4596
0.031248,13.4918
0.031252,13.5723
0.031256,13.5884
0.03126,13.6045
0.031264,13.5884
0.031268,13.540099999999999
0.031272,13.4918
0.031276,13.4435
0.03128,13.4274
0.031284,13.411299999999999
0.031288,13.4274
0.031292,13.3791
0.031296,13.363
0.0313,13.3469
0.031304,13.2986
0.031308,13.266399999999999
0.031312,13.266399999999999
0.031316,13.2825
0.03132,13.2825
0.031324,13.2825
0.031328,13.266399999999999
0.031332,13.3308
0.031336,13.3469
0.03134,13.411299999999999
0.031344,13.4757
0.031348,13.524
0.031352,13.5079
0.031356,13.4435
0.03136,13.411299999999999
0.031364,13.411299999999999
0.031368,13.395199999999999
0.031372,13.3791
0.031376,13.3147
0.03138,13.2986
0.031384,13.3308
0.031388,13.2986
0.031392,13.2503
0.031396,13.202
0.0314,13.202
0.031404,13.202
0.031408,13.2342
0.031412,13.2342
0.031416,13.3469
0.03142,13.4757
0.031424,13.4918
0.031428,13.4435
0.031432,13.3791
0.031436,13.3469
0.03144,13.2825
0.031444,13.2342
0.031448,13.1698
0.031452,13.137599999999999
0.031456,13.1215
0.03146,13.0732
0.031464,13.0249
0.031468,13.0732
0.031472,13.1054
0.031476,13.1215
0.03148,13.0249
0.031484,12.7351
0.031488,12.3326
0.031492,11.9945
0.031496,11.8174
0.0315,11.575899999999999
0.031504,11.2378
0.031508,10.9641
0.031512,10.8192
0.031516,10.6743
0.03152,10.4167
0.031524,10.2074
0.031528,10.0947
0.031532,9.9659
0.031536,9.821
0.03154,9.6278
0.031544,9.5634
0.031548,9.499
0.031552,9.3702
0.031556,9.2897
0.03156,9.2897
0.031564,9.338
0.031568,9.2414
0.031572,9.1287
0.031576,9.016
0.03158,8.8872
0.031584,8.8067
0.031588,8.7584
0.031592,8.7101
0.031596,8.7101
0.0316,8.5974
0.031604,8.4686
0.031608,8.3881
0.031612,8.3398
0.031616,8.2915
0.03162,8.2432
0.031624,8.1788
0.031628,8.1627
0.031632,8.0822
0.031636,8.05
0.03164,8.0661
0.031644,8.0822
0.031648,8.05
0.031652,7.9534
0.031656,7.9051
0.03166,7.9534
0.031664,7.9051
0.031668,7.8568
0.031672,7.8084999999999996
0.031676,7.8084999999999996
0.03168,7.7763
0.031684,7.7440999999999995
0.031688,7.7119
0.031692,7.7119
0.031696,7.6958
0.0317,7.6636
0.031704,7.6314
0.031708,7.6152999999999995
0.031712,7.6314
0.031716,7.6314
0.03172,7.6314
0.031724,7.6475
0.031728,7.6152999999999995
0.031732,7.5992
0.031736,7.5992
0.03174,7.5831
0.031744,7.5508999999999995
0.031748,7.5348
0.031752,7.5187
0.031756,7.5187
0.03176,7.5348
0.031764,7.5348
0.031768,7.5348
0.031772,7.5348
0.031776,7.5026
0.03178,7.4704
0.031784,7.4704
0.031788,7.4543
0.031792,7.4382
0.031796,7.406
0.0318,7.4220999999999995
0.031804,7.4543
0.031808,7.4864999999999995
0.031812,7.4704
0.031816,7.4220999999999995
0.03182,7.4382
0.031824,7.4543
0.031828,7.4382
0.031832,7.3899
0.031836,7.3255
0.03184,7.228899999999999
0.031844,7.2128
0.031848,7.2611
0.031852,7.245
0.031856,7.1806
0.03186,7.1645
0.031864,7.2128
0.031868,7.228899999999999
0.031872,7.2128
0.031876,7.2128
0.03188,7.228899999999999
0.031884,7.2611
0.031888,7.2611
0.031892,7.245
0.031896,7.245
0.0319,7.2772
0.031904,7.2932999999999995
0.031908,7.2772
0.031912,7.2932999999999995
0.031916,7.2932999999999995
0.03192,7.3094
0.031924,7.3255
0.031928,7.3255
0.031932,7.3899
0.031936,7.4220999999999995
0.03194,7.4220999999999995
0.031944,7.406
0.031948,7.3738
0.031952,7.3416
0.031956,7.3094
0.03196,7.2772
0.031964,7.245
0.031968,7.228899999999999
0.031972,7.228899999999999
0.031976,7.228899999999999
0.03198,7.2611
0.031984,7.2611
0.031988,7.2772
0.031992,7.245
0.031996,7.2128
0.032,7.1967
0.032004,7.1645
0.032008,7.1645
0.032012,7.1645
0.032016,7.1806
0.03202,7.1806
0.032024,7.1806
0.032028,7.2128
0.032032,7.245
0.032036,7.228899999999999
0.03204,7.245
0.032044,7.2128
0.032048,7.1806
0.032052,7.1645
0.032056,7.1484
0.03206,7.1484
0.032064,7.1484
0.032068,7.1323
0.032072,7.1162
0.032076,7.1323
0.03208,7.1484
0.032084,7.1645
0.032088,7.1967
0.032092,7.1967
0.032096,7.1645
0.0321,7.1323
0.032104,7.1323
0.032108,7.1162
0.032112,7.084
0.032116,7.084
0.03212,7.0679
0.032124,7.084
0.032128,7.1001
0.032132,7.0518
0.032136,7.0035
0.03214,6.9713
0.032144,6.923
0.032148,6.923
0.032152,6.8908
0.032156,6.8586
0.03216,6.8425
0.032164,6.8586
0.032168,6.8908
0.032172,6.8908
0.032176,6.9069
0.03218,6.9069
0.032184,6.8747
0.032188,6.8747
0.032192,6.9069
0.032196,6.8908
0.0322,6.923
0.032204,6.9552
0.032208,6.9874
0.032212,6.9874
0.032216,6.9874
0.03222,7.0035
0.032224,6.9713
0.032228,6.9552
0.032232,6.9713
0.032236,6.9713
0.03224,6.9874
0.032244,6.9874
0.032248,6.9874
0.032252,6.9713
0.032256,6.9874
0.03226,6.9874
0.032264,6.9874
0.032268,7.0357
0.032272,7.0196
0.032276,6.9874
0.03228,6.9713
0.032284,6.9874
0.032288,7.0196
0.032292,7.0518
0.032296,7.0518
0.0323,7.0518
0.032304,7.0357
0.032308,7.0357
0.032312,7.0357
0.032316,7.0518
0.03232,7.0196
0.032324,6.9874
0.032328,6.9391
0.032332,6.9069
0.032336,6.8747
0.03234,6.8908
0.032344,6.8747
0.032348,6.8747
0.032352,6.8586
0.032356,6.8908
0.03236,6.9391
0.032364,6.9713
0.032368,6.9552
0.032372,6.923
0.032376,6.923
0.03238,6.9391
0.032384,6.9552
0.032388,6.9713
0.032392,6.9552
0.032396,6.9391
0.0324,6.923
0.032404,6.9069
0.032408,6.8747
0.032412,6.8264
0.032416,6.8103
0.03242,6.8103
0.032424,6.8103
0.032428,6.8103
0.032432,6.8103
0.032436,6.8908
0.03244,6.923
0.032444,6.9874
0.032448,7.0035
0.032452,7.0196
0.032456,7.0196
0.03246,7.0035
0.032464,6.9552
0.032468,6.8908
0.032472,6.8264
0.032476,6.7942
0.03248,6.7942
0.032484,6.7942
0.032488,6.7459
0.032492,6.6975999999999996
0.032496,6.6654
0.0325,6.6654
0.032504,6.6654
0.032508,6.6331999999999995
0.032512,6.6331999999999995
0.032516,6.6171
0.03252,6.601
0.032524,6.601
0.032528,6.6331999999999995
0.032532,6.6493
0.032536,6.6331999999999995
0.03254,6.6331999999999995
0.032544,6.6331999999999995
0.032548,6.6171
0.032552,6.6493
0.032556,6.6493
0.03256,6.6654
0.032564,6.6815
0.032568,6.6654
0.032572,6.6654
0.032576,6.7137
0.03258,6.7459
0.032584,6.7781
0.032588,6.7298
0.032592,6.6975999999999996
0.032596,6.7459
0.0326,6.762
0.032604,6.7298
0.032608,6.6975999999999996
0.032612,6.6815
0.032616,6.7298
0.03262,6.762
0.032624,6.762
0.032628,6.762
0.032632,6.7459
0.032636,6.7298
0.03264,6.7459
0.032644,6.7298
0.032648,6.7298
0.032652,6.7298
0.032656,6.7137
0.03266,6.6975999999999996
0.032664,6.6815
0.032668,6.6975999999999996
0.032672,6.6975999999999996
0.032676,6.6654
0.03268,6.6493
0.032684,6.6171
0.032688,6.6654
0.032692,6.7137
0.032696,6.7298
0.0327,6.7298
0.032704,6.6975999999999996
0.032708,6.6815
0.032712,6.7137
0.032716,6.7298
0.03272,6.7137
0.032724,6.6654
0.032728,6.6331999999999995
0.032732,6.6654
0.032736,6.6493
0.03274,6.6654
0.032744,6.6493
0.032748,6.6493
0.032752,6.6331999999999995
0.032756,6.6331999999999995
0.03276,6.6171
0.032764,6.601
0.032768,6.601
0.032772,6.601
0.032776,6.6171
0.03278,6.6331999999999995
0.032784,6.601
0.032788,6.601
0.032792,6.6171
0.032796,6.6975999999999996
0.0328,6.7459
0.032804,6.7459
0.032808,6.7459
0.032812,6.7298
0.032816,6.6815
0.03282,6.5849
0.032824,6.5527
0.032828,6.5849
0.032832,6.6171
0.032836,6.601
0.03284,6.5849
0.032844,6.601
0.032848,6.601
0.032852,6.601
0.032856,6.6171
0.03286,6.6815
0.032864,6.7137
0.032868,6.6975999999999996
0.032872,6.6171
0.032876,6.5687999999999995
0.03288,6.5527
0.032884,6.5687999999999995
0.032888,6.5849
0.032892,6.601
0.032896,6.6654
0.0329,6.7137
0.032904,6.6975999999999996
0.032908,6.6815
0.032912,6.6815
0.032916,6.6815
0.03292,6.6654
0.032924,6.6171
0.032928,6.5687999999999995
0.032932,6.5687999999999995
0.032936,6.5687999999999995
0.03294,6.5366
0.032944,6.5043999999999995
0.032948,6.5043999999999995
0.032952,6.4883
0.032956,6.4883
0.03296,6.5043999999999995
0.032964,6.5527
0.032968,6.5687999999999995
0.032972,6.5687999999999995
0.032976,6.601
0.03298,6.6331999999999995
0.032984,6.6171
0.032988,6.601
0.032992,6.6331999999999995
0.032996,6.6654
0.033,6.6654
0.033004,6.6493
0.033008,6.5687999999999995
0.033012,6.4883
0.033016,6.4561
0.03302,6.4722
0.033024,6.4722
0.033028,6.4561
0.033032,6.4883
0.033036,6.4883
0.03304,6.5043999999999995
0.033044,6.5687999999999995
0.033048,6.6171
0.033052,6.6171
0.033056,6.5366
0.03306,6.4883
0.033064,6.4561
0.033068,6.5205
0.033072,6.5366
0.033076,6.5527
0.03308,6.5205
0.033084,6.5205
0.033088,6.5527
0.033092,6.5527
0.033096,6.5043999999999995
0.0331,6.4561
0.033104,6.4239
0.033108,6.4399999999999995
0.033112,6.4239
0.033116,6.4078
0.03312,6.3917
0.033124,6.3755999999999995
0.033128,6.3917
0.033132,6.4399999999999995
0.033136,6.4883
0.03314,6.5366
0.033144,6.5687999999999995
0.033148,6.601
0.033152,6.6171
0.033156,6.6975999999999996
0.03316,6.6975999999999996
0.033164,6.6493
0.033168,6.5849
0.033172,6.5687999999999995
0.033176,6.5205
0.03318,6.4722
0.033184,6.4722
0.033188,6.4722
0.033192,6.5043999999999995
0.033196,6.4883
0.0332,6.4561
0.033204,6.4561
0.033208,6.4399999999999995
0.033212,6.4561
0.033216,6.4561
0.03322,6.4561
0.033224,6.4399999999999995
0.033228,6.4561
0.033232,6.4722
0.033236,6.4883
0.03324,6.5366
0.033244,6.5366
0.033248,6.5043999999999995
0.033252,6.4883
0.033256,6.4883
0.03326,6.4399999999999995
0.033264,6.4239
0.033268,6.3917
0.033272,6.3917
0.033276,6.3755999999999995
0.03328,6.3434
0.033284,6.3434
0.033288,6.3595
0.033292,6.3755999999999995
0.033296,6.3917
0.0333,6.4078
0.033304,6.4239
0.033308,6.4239
0.033312,6.3917
0.033316,6.3755999999999995
0.03332,6.3434
0.033324,6.3595
0.033328,6.3755999999999995
0.033332,6.3917
0.033336,6.4078
0.03334,6.3917
0.033344,6.3755999999999995
0.033348,6.3917
0.033352,6.3917
0.033356,6.3917
0.03336,6.3755999999999995
0.033364,6.3595
0.033368,6.3273
0.033372,6.3111999999999995
0.033376,6.3111999999999995
0.03338,6.2951
0.033384,6.3111999999999995
0.033388,6.2951
0.033392,6.2951
0.033396,6.3434
0.0334,6.3755999999999995
0.033404,6.3917
0.033408,6.3917
0.033412,6.3917
0.033416,6.3755999999999995
0.03342,6.3755999999999995
0.033424,6.3111999999999995
0.033428,6.2629
0.033432,6.2307
0.033436,6.2307
0.03344,6.279
0.033444,6.3111999999999995
0.033448,6.3111999999999995
0.033452,6.3273
0.033456,6.3755999999999995
0.03346,6.3755999999999995
0.033464,6.4078
0.033468,6.4078
0.033472,6.3755999999999995
0.033476,6.3434
0.03348,6.3434
0.033484,6.3917
0.033488,6.4078
0.033492,6.4078
0.033496,6.3755999999999995
0.0335,6.3755999999999995
0.033504,6.4078
0.033508,6.4239
0.033512,6.4399999999999995
0.033516,6.4399999999999995
0.03352,6.4078
0.033524,6.3755999999999995
0.033528,6.3434
0.033532,6.3111999999999995
0.033536,6.3111999999999995
0.03354,6.3434
0.033544,6.3755999999999995
0.033548,6.4239
0.033552,6.4078
0.033556,6.4239
0.03356,6.4239
0.033564,6.4399999999999995
0.033568,6.4561
0.033572,6.4561
0.033576,6.4722
0.03358,6.4399999999999995
0.033584,6.4078
0.033588,6.3755999999999995
0.033592,6.3434
0.033596,6.3917
0.0336,6.4399999999999995
0.033604,6.4883
0.033608,6.4883
0.033612,6.5043999999999995
0.033616,6.5366
0.03362,6.5527
0.033624,6.5687999999999995
0.033628,6.601
0.033632,6.601
0.033636,6.5527
0.03364,6.4722
0.033644,6.4239
0.033648,6.4399999999999995
0.033652,6.4722
0.033656,6.5043999999999995
0.03366,6.5366
0.033664,6.5687999999999995
0.033668,6.5687999999999995
0.033672,6.5687999999999995
0.033676,6.601
0.03368,6.6171
0.033684,6.601
0.033688,6.5043999999999995
0.033692,6.3755999999999995
0.033696,6.3434
0.0337,6.3273
0.033704,6.3595
0.033708,6.3595
0.033712,6.3595
0.033716,6.3917
0.03372,6.4078
0.033724,6.4078
0.033728,6.4078
0.033732,6.4561
0.033736,6.5366
0.03374,6.6171
0.033744,6.6975999999999996
0.033748,6.7137
0.033752,6.6815
0.033756,6.6493
0.03376,6.6331999999999995
0.033764,6.601
0.033768,6.5849
0.033772,6.5687999999999995
0.033776,6.5366
0.03378,6.5043999999999995
0.033784,6.5205
0.033788,6.5849
0.033792,6.6331999999999995
0.033796,6.6331999999999995
0.0338,6.6493
0.033804,6.7137
0.033808,6.7137
0.033812,6.7137
0.033816,6.7137
0.03382,6.6975999999999996
0.033824,6.6493
0.033828,6.601
0.033832,6.5687999999999995
0.033836,6.5366
0.03384,6.5205
0.033844,6.5043999999999995
0.033848,6.5205
0.033852,6.5527
0.033856,6.5687999999999995
0.03386,6.601
0.033864,6.6493
0.033868,6.6493
0.033872,6.601
0.033876,6.5527
0.03388,6.5043999999999995
0.033884,6.4722
0.033888,6.4561
0.033892,6.4561
0.033896,6.4399999999999995
0.0339,6.4722
0.033904,6.5043999999999995
0.033908,6.5205
0.033912,6.5205
0.033916,6.5527
0.03392,6.601
0.033924,6.6331999999999995
0.033928,6.6493
0.033932,6.6654
0.033936,6.6654
0.03394,6.6171
0.033944,6.5849
0.033948,6.5527
0.033952,6.5366
0.033956,6.5043999999999995
0.03396,6.4561
0.033964,6.4561
0.033968,6.4722
0.033972,6.4561
0.033976,6.4561
0.03398,6.4722
0.033984,6.4722
0.033988,6.4722
0.033992,6.4561
0.033996,6.4239
0.034,6.3917
0.034004,6.3755999999999995
0.034008,6.3595
0.034012,6.3273
0.034016,6.2951
0.03402,6.279
0.034024,6.2629
0.034028,6.2467999999999995
0.034032,6.2146
0.034036,6.1823999999999995
0.03404,6.1823999999999995
0.034044,6.1663
0.034048,6.1663
0.034052,6.1823999999999995
0.034056,6.1663
0.03406,6.1502
0.034064,6.1502
0.034068,6.1341
0.034072,6.1341
0.034076,6.118
0.03408,6.1019
0.034084,6.1019
0.034088,6.0858
0.034092,6.0697
0.034096,6.0697
0.0341,6.0536
0.034104,6.0536
0.034108,6.0697
0.034112,6.0697
0.034116,6.0697
0.03412,6.0858
0.034124,6.0697
0.034128,6.0697
0.034132,6.0536
0.034136,6.0536
0.03414,6.0536
0.034144,6.0536
0.034148,6.0375
0.034152,6.0214
0.034156,6.0214
0.03416,6.0214
0.034164,6.0053
0.034168,6.0214
0.034172,6.0536
0.034176,6.1019
0.03418,6.118
0.034184,6.1341
0.034188,6.1502
0.034192,6.1502
0.034196,6.1502
0.0342,6.118
0.034204,6.0858
0.034208,6.1019
0.034212,6.0858
0.034216,6.0697
0.03422,6.0375
0.034224,6.0375
0.034228,6.0053
0.034232,6.0053
0.034236,6.0214
0.03424,6.0375
0.034244,6.0536
0.034248,6.0536
0.034252,6.1019
0.034256,6.118
0.03426,6.118
0.034264,6.118
0.034268,6.118
0.034272,6.1341
0.034276,6.1341
0.03428,6.1341
0.034284,6.1341
0.034288,6.1019
0.034292,6.0858
0.034296,6.0536
0.0343,6.0375
0.034304,6.0214
0.034308,6.0053
0.034312,5.9731
0.034316,5.9892
0.03432,6.0214
0.034324,6.1019
0.034328,6.1502
0.034332,6.1823999999999995
0.034336,6.1823999999999995
0.03434,6.2307
0.034344,6.2629
0.034348,6.3273
0.034352,6.3111999999999995
0.034356,6.279
0.03436,6.2146
0.034364,6.1985
0.034368,6.1663
0.034372,6.1663
0.034376,6.1823999999999995
0.03438,6.2307
0.034384,6.2951
0.034388,6.2951
0.034392,6.279
0.034396,6.3273
0.0344,6.3595
0.034404,6.3111999999999995
0.034408,6.2951
0.034412,6.3111999999999995
0.034416,6.3273
0.03442,6.3917
0.034424,6.4399999999999995
0.034428,6.3595
0.034432,6.3273
0.034436,6.279
0.03444,6.2629
0.034444,6.2467999999999995
0.034448,6.2307
0.034452,6.279
0.034456,6.3434
0.03446,6.4239
0.034464,6.4883
0.034468,6.5205
0.034472,6.5527
0.034476,6.5687999999999995
0.03448,6.5687999999999995
0.034484,6.5366
0.034488,6.4883
0.034492,6.3917
0.034496,6.3111999999999995
0.0345,6.2629
0.034504,6.3111999999999995
0.034508,6.3595
0.034512,6.4078
0.034516,6.4399999999999995
0.03452,6.5043999999999995
0.034524,6.5366
0.034528,6.5687999999999995
0.034532,6.6975999999999996
0.034536,6.7781
0.03454,6.7781
0.034544,6.762
0.034548,6.6815
0.034552,6.601
0.034556,6.5205
0.03456,6.4561
0.034564,6.4399999999999995
0.034568,6.4399999999999995
0.034572,6.4561
0.034576,6.4722
0.03458,6.4722
0.034584,6.5527
0.034588,6.6171
0.034592,6.7137
0.034596,6.8103
0.0346,6.8586
0.034604,6.9069
0.034608,6.9713
0.034612,6.8908
0.034616,6.8103
0.03462,6.7298
0.034624,6.6654
0.034628,6.5849
0.034632,6.5527
0.034636,6.5849
0.03464,6.6493
0.034644,6.6975999999999996
0.034648,6.6975999999999996
0.034652,6.6975999999999996
0.034656,6.7137
0.03466,6.7781
0.034664,6.7942
0.034668,6.762
0.034672,6.7137
0.034676,6.6654
0.03468,6.6171
0.034684,6.5527
0.034688,6.5043999999999995
0.034692,6.4561
0.034696,6.4399999999999995
0.0347,6.4399999999999995
0.034704,6.4561
0.034708,6.4883
0.034712,6.5205
0.034716,6.5205
0.03472,6.5205
0.034724,6.4722
0.034728,6.4399999999999995
0.034732,6.3755999999999995
0.034736,6.3595
0.03474,6.3595
0.034744,6.3434
0.034748,6.3111999999999995
0.034752,6.3111999999999995
0.034756,6.3595
0.03476,6.3755999999999995
0.034764,6.3595
0.034768,6.3595
0.034772,6.3595
0.034776,6.3595
0.03478,6.3273
0.034784,6.279
0.034788,6.2467999999999995
0.034792,6.2467999999999995
0.034796,6.2146
0.0348,6.1663
0.034804,6.1341
0.034808,6.1019
0.034812,6.0858
0.034816,6.0697
0.03482,6.0536
0.034824,6.0375
0.034828,6.0536
0.034832,6.0697
0.034836,6.0536
0.03484,6.0375
0.034844,6.0375
0.034848,6.0536
0.034852,6.0536
0.034856,6.0536
0.03486,6.0214
0.034864,6.0375
0.034868,6.0375
0.034872,6.0053
0.034876,5.9892
0.03488,5.9731
0.034884,5.957
0.034888,6.0053
0.034892,6.0375
0.034896,6.0536
0.0349,6.0697
0.034904,6.0536
0.034908,6.0214
0.034912,6.0053
0.034916,6.0214
0.03492,6.0375
0.034924,6.0214
0.034928,5.9892
0.034932,5.957
0.034936,5.9409
0.03494,5.957
0.034944,5.957
0.034948,5.9731
0.034952,6.0053
0.034956,6.0053
0.03496,6.0053
0.034964,5.9892
0.034968,6.0053
0.034972,5.9892
0.034976,5.9731
0.03498,5.9409
0.034984,5.9409
0.034988,5.9409
0.034992,5.9409
0.034996,5.9409
0.035,5.9409
0.035004,5.957
0.035008,5.9892
0.035012,5.9892
0.035016,5.9731
0.03502,5.9731
0.035024,5.957
0.035028,5.9409
0.035032,5.8926
0.035036,5.8926
0.03504,5.8765
0.035044,5.8926
0.035048,5.8765
0.035052,5.8765
0.035056,5.8765
0.03506,5.8765
0.035064,5.8765
0.035068,5.8926
0.035072,5.9087
0.035076,5.9087
0.03508,5.9087
0.035084,5.9087
0.035088,5.9087
0.035092,5.8765
0.035096,5.8604
0.0351,5.8604
0.035104,5.8604
0.035108,5.8765
0.035112,5.8604
0.035116,5.8765
0.03512,5.9087
0.035124,5.8926
0.035128,5.8765
0.035132,5.8765
0.035136,5.8604
0.03514,5.8604
0.035144,5.8443
0.035148,5.8443
0.035152,5.8282
0.035156,5.8443
0.03516,5.8443
0.035164,5.8443
0.035168,5.8443
0.035172,5.8443
0.035176,5.8604
0.03518,5.8765
0.035184,5.8765
0.035188,5.8765
0.035192,5.8604
0.035196,5.8604
0.0352,5.8604
0.035204,5.8443
0.035208,5.8282
0.035212,5.8282
0.035216,5.8121
0.03522,5.796
0.035224,5.796
0.035228,5.796
0.035232,5.7799
0.035236,5.796
0.03524,5.8121
0.035244,5.8121
0.035248,5.8443
0.035252,5.8765
0.035256,5.8926
0.03526,5.8765
0.035264,5.8604
0.035268,5.8604
0.035272,5.8604
0.035276,5.8443
0.03528,5.8282
0.035284,5.8121
0.035288,5.796
0.035292,5.796
0.035296,5.796
0.0353,5.8121
0.035304,5.8282
0.035308,5.8282
0.035312,5.8443
0.035316,5.8926
0.03532,5.9409
0.035324,5.9731
0.035328,6.0053
0.035332,6.0375
0.035336,6.0697
0.03534,6.0375
0.035344,5.9892
0.035348,5.957
0.035352,5.9248
0.035356,5.9087
0.03536,5.8765
0.035364,5.8443
0.035368,5.8443
0.035372,5.8765
0.035376,5.8926
0.03538,5.9248
0.035384,5.9731
0.035388,6.0053
0.035392,6.0053
0.035396,6.0214
0.0354,6.0053
0.035404,6.0375
0.035408,6.0536
0.035412,6.0375
0.035416,5.9892
0.03542,5.957
0.035424,5.9248
0.035428,5.9248
0.035432,5.957
0.035436,6.0053
0.03544,6.0858
0.035444,6.1823999999999995
0.035448,6.2629
0.035452,6.279
0.035456,6.1985
0.03546,6.1502
0.035464,6.1019
0.035468,6.0858
0.035472,6.0214
0.035476,5.9409
0.03548,5.8765
0.035484,5.8443
0.035488,5.8121
0.035492,5.8443
0.035496,5.8926
0.0355,5.9248
0.035504,5.957
0.035508,5.9731
0.035512,5.9731
0.035516,5.9731
0.03552,6.0053
0.035524,6.0375
0.035528,6.0375
0.035532,6.0375
0.035536,6.0053
0.03554,5.957
0.035544,5.957
0.035548,5.9087
0.035552,5.8765
0.035556,5.957
0.03556,6.0697
0.035564,6.2146
0.035568,6.3273
0.035572,6.3595
0.035576,6.3755999999999995
0.03558,6.3755999999999995
0.035584,6.3434
0.035588,6.279
0.035592,6.2307
0.035596,6.1823999999999995
0.0356,6.0697
0.035604,6.0214
0.035608,6.0536
0.035612,6.1019
0.035616,6.1985
0.03562,6.3111999999999995
0.035624,6.4239
0.035628,6.4883
0.035632,6.4722
0.035636,6.4561
0.03564,6.4561
0.035644,6.4239
0.035648,6.3595
0.035652,6.2467999999999995
0.035656,6.1823999999999995
0.03566,6.1823999999999995
0.035664,6.2629
0.035668,6.3755999999999995
0.035672,6.4561
0.035676,6.5043999999999995
0.03568,6.5527
0.035684,6.5527
0.035688,6.5849
0.035692,6.5527
0.035696,6.5205
0.0357,6.4722
0.035704,6.3755999999999995
0.035708,6.3111999999999995
0.035712,6.279
0.035716,6.2629
0.03572,6.2951
0.035724,6.3434
0.035728,6.4239
0.035732,6.5687999999999995
0.035736,6.7298
0.03574,6.8103
0.035744,6.8264
0.035748,6.8103
0.035752,6.7298
0.035756,6.6493
0.03576,6.5687999999999995
0.035764,6.5043999999999995
0.035768,6.4239
0.035772,6.3755999999999995
0.035776,6.2629
0.03578,6.118
0.035784,6.0375
0.035788,6.0536
0.035792,6.0858
0.035796,6.1663
0.0358,6.3111999999999995
0.035804,6.4883
0.035808,6.7137
0.035812,6.8425
0.035816,6.8586
0.03582,6.7942
0.035824,6.762
0.035828,6.7781
0.035832,6.7298
0.035836,6.6975999999999996
0.03584,6.5849
0.035844,6.4399999999999995
0.035848,6.3434
0.035852,6.279
0.035856,6.2629
0.03586,6.3111999999999995
0.035864,6.4561
0.035868,6.5527
0.035872,6.6331999999999995
0.035876,6.6331999999999995
0.03588,6.6815
0.035884,6.7459
0.035888,6.762
0.035892,6.7298
0.035896,6.6493
0.0359,6.5527
0.035904,6.4561
0.035908,6.3434
0.035912,6.279
0.035916,6.2629
0.03592,6.3273
0.035924,6.3595
0.035928,6.4399999999999995
0.035932,6.5687999999999995
0.035936,6.6654
0.03594,6.6654
0.035944,6.6493
0.035948,6.6654
0.035952,6.6171
0.035956,6.5687999999999995
0.03596,6.4883
0.035964,6.3917
0.035968,6.3434
0.035972,6.279
0.035976,6.2307
0.03598,6.1985
0.035984,6.2146
0.035988,6.279
0.035992,6.3273
0.035996,6.3595
0.036,6.3755999999999995
0.036004,6.3917
0.036008,6.3755999999999995
0.036012,6.3755999999999995
0.036016,6.3595
0.03602,6.279
0.036024,6.2146
0.036028,6.1502
0.036032,6.1019
0.036036,6.0858
0.03604,6.0536
0.036044,6.0375
0.036048,6.0697
0.036052,6.1019
0.036056,6.118
0.03606,6.118
0.036064,6.1019
0.036068,6.0697
0.036072,6.0536
0.036076,5.9892
0.03608,5.9892
0.036084,5.9731
0.036088,5.9248
0.036092,5.8765
0.036096,5.8443
0.0361,5.8121
0.036104,5.8282
0.036108,5.8282
0.036112,5.8121
0.036116,5.8121
0.03612,5.8121
0.036124,5.8282
0.036128,5.8121
0.036132,5.8121
0.036136,5.8121
0.03614,5.8121
0.036144,5.7799
0.036148,5.7638
0.036152,5.7155
0.036156,5.7155
0.03616,5.6833
0.036164,5.6833
0.036168,5.7155
0.036172,5.7316
0.036176,5.7799
0.03618,5.7799
0.036184,5.796
0.036188,5.796
0.036192,5.7799
0.036196,5.7638
0.0362,5.7477
0.036204,5.6994
0.036208,5.6672
0.036212,5.635
0.036216,5.6189
0.03622,5.635
0.036224,5.6189
0.036228,5.635
0.036232,5.635
0.036236,5.6511
0.03624,5.6672
0.036244,5.6833
0.036248,5.6833
0.036252,5.6672
0.036256,5.6672
0.03626,5.6672
0.036264,5.635
0.036268,5.6028
0.036272,5.5706
0.036276,5.5706
0.03628,5.5706
0.036284,5.5545
0.036288,5.5545
0.036292,5.5706
0.036296,5.5866999999999996
0.0363,5.5866999999999996
0.036304,5.6028
0.036308,5.5866999999999996
0.036312,5.6028
0.036316,5.6028
0.03632,5.6028
0.036324,5.6028
0.036328,5.6028
0.036332,5.5866999999999996
0.036336,5.5545
0.03634,5.5384
0.036344,5.5545
0.036348,5.5545
0.036352,5.5384
0.036356,5.5384
0.03636,5.5545
0.036364,5.5706
0.036368,5.5706
0.036372,5.5866999999999996
0.036376,5.6028
0.03638,5.6189
0.036384,5.6028
0.036388,5.5866999999999996
0.036392,5.5706
0.036396,5.5545
0.0364,5.5384
0.036404,5.5222999999999995
0.036408,5.5222999999999995
0.036412,5.5384
0.036416,5.5545
0.03642,5.5706
0.036424,5.5706
0.036428,5.5706
0.036432,5.5706
0.036436,5.5866999999999996
0.03644,5.5706
0.036444,5.5706
0.036448,5.5545
0.036452,5.5545
0.036456,5.5706
0.03646,5.5706
0.036464,5.5706
0.036468,5.5545
0.036472,5.5384
0.036476,5.5545
0.03648,5.5545
0.036484,5.5222999999999995
0.036488,5.5222999999999995
0.036492,5.5222999999999995
0.036496,5.5384
0.0365,5.5062
0.036504,5.5062
0.036508,5.4901
0.036512,5.4901
0.036516,5.4901
0.03652,5.474
0.036524,5.474
0.036528,5.474
0.036532,5.4901
0.036536,5.4901
0.03654,5.4901
0.036544,5.4901
0.036548,5.4901
0.036552,5.474
0.036556,5.4578999999999995
0.03656,5.4578999999999995
0.036564,5.4578999999999995
0.036568,5.474
0.036572,5.474
0.036576,5.4578999999999995
0.03658,5.4578999999999995
0.036584,5.4578999999999995
0.036588,5.4578999999999995
0.036592,5.4578999999999995
0.036596,5.4578999999999995
0.0366,5.474
0.036604,5.4901
0.036608,5.474
0.036612,5.474
0.036616,5.4578999999999995
0.03662,5.4578999999999995
0.036624,5.4578999999999995
0.036628,5.4578999999999995
0.036632,5.4578999999999995
0.036636,5.474
0.03664,5.474
0.036644,5.4578999999999995
0.036648,5.4578999999999995
0.036652,5.4578999999999995
0.036656,5.4578999999999995
0.03666,5.4418
0.036664,5.4257
0.036668,5.4096
0.036672,5.4096
0.036676,5.4096
0.03668,5.4096
0.036684,5.4257
0.036688,5.4257
0.036692,5.4096
0.036696,5.4096
0.0367,5.4257
0.036704,5.4257
0.036708,5.4257
0.036712,5.4257
0.036716,5.4418
0.03672,5.4418
0.036724,5.4418
0.036728,5.4578999999999995
0.036732,5.474
0.036736,5.474
0.03674,5.4578999999999995
0.036744,5.4418
0.036748,5.474
0.036752,5.4578999999999995
0.036756,5.4418
0.03676,5.4257
0.036764,5.4257
0.036768,5.4257
0.036772,5.4257
0.036776,5.4418
0.03678,5.4257
0.036784,5.4257
0.036788,5.474
0.036792,5.474
0.036796,5.474
0.0368,5.474
0.036804,5.4901
0.036808,5.4901
0.036812,5.4257
0.036816,5.3934999999999995
0.03682,5.3934999999999995
0.036824,5.3613
0.036828,5.3613
0.036832,5.3613
0.036836,5.3613
0.03684,5.3613
0.036844,5.3452
0.036848,5.3290999999999995
0.036852,5.2969
0.036856,5.313
0.03686,5.2808
0.036864,5.2646999999999995
0.036868,5.2808
0.036872,5.2486
0.036876,5.2164
0.03688,5.2002999999999995
0.036884,5.2325
0.036888,5.2486
0.036892,5.2486
0.036896,5.2325
0.0369,5.2164
0.036904,5.2486
0.036908,5.2325
0.036912,5.2164
0.036916,5.2002999999999995
0.03692,5.2002999999999995
0.036924,5.1681
0.036928,5.1681
0.036932,5.152
0.036936,5.152
0.03694,5.1359
0.036944,5.1842
0.036948,5.2002999999999995
0.036952,5.2002999999999995
0.036956,5.2002999999999995
0.03696,5.2164
0.036964,5.2002999999999995
0.036968,5.1842
0.036972,5.1681
0.036976,5.1842
0.03698,5.2002999999999995
0.036984,5.2164
0.036988,5.2325
0.036992,5.2325
0.036996,5.2164
0.037,5.2164
0.037004,5.2325
0.037008,5.2486
0.037012,5.2325
0.037016,5.2486
0.03702,5.2325
0.037024,5.2164
0.037028,5.2164
0.037032,5.2164
0.037036,5.2486
0.03704,5.2808
0.037044,5.313
0.037048,5.3290999999999995
0.037052,5.3774
0.037056,5.3774
0.03706,5.3774
0.037064,5.3774
0.037068,5.3613
0.037072,5.3613
0.037076,5.3613
0.03708,5.3290999999999995
0.037084,5.2646999999999995
0.037088,5.2646999999999995
0.037092,5.2646999999999995
0.037096,5.3290999999999995
0.0371,5.4096
0.037104,5.4901
0.037108,5.5384
0.037112,5.6028
0.037116,5.6511
0.03712,5.635
0.037124,5.635
0.037128,5.6189
0.037132,5.5384
0.037136,5.4257
0.03714,5.3613
0.037144,5.3613
0.037148,5.4257
0.037152,5.5062
0.037156,5.5866999999999996
0.03716,5.6511
0.037164,5.6833
0.037168,5.6672
0.037172,5.6672
0.037176,5.6833
0.03718,5.6672
0.037184,5.5866999999999996
0.037188,5.5545
0.037192,5.5062
0.037196,5.474
0.0372,5.474
0.037204,5.5384
0.037208,5.6672
0.037212,5.7638
0.037216,5.8443
0.03722,5.8926
0.037224,5.8926
0.037228,5.8282
0.037232,5.7799
0.037236,5.7477
0.03724,5.7155
0.037244,5.6833
0.037248,5.635
0.037252,5.6189
0.037256,5.6672
0.03726,5.796
0.037264,5.957
0.037268,6.0858
0.037272,6.118
0.037276,6.1502
0.03728,6.1823999999999995
0.037284,6.279
0.037288,6.2951
0.037292,6.279
0.037296,6.2467999999999995
0.0373,6.1341
0.037304,6.0697
0.037308,5.9731
0.037312,5.9409
0.037316,6.0053
0.03732,6.1341
0.037324,6.2629
0.037328,6.3434
0.037332,6.3755999999999995
0.037336,6.4561
0.03734,6.4883
0.037344,6.5043999999999995
0.037348,6.5205
0.037352,6.4883
0.037356,6.4399999999999995
0.03736,6.3111999999999995
0.037364,6.1985
0.037368,6.1019
0.037372,6.0375
0.037376,6.0536
0.03738,6.0858
0.037384,6.1823999999999995
0.037388,6.2467999999999995
0.037392,6.279
0.037396,6.279
0.0374,6.2629
0.037404,6.2146
0.037408,6.1663
0.037412,6.1019
0.037416,6.0375
0.03742,5.957
0.037424,5.8926
0.037428,5.8604
0.037432,5.8926
0.037436,5.9409
0.03744,5.957
0.037444,5.9731
0.037448,6.0053
0.037452,6.0214
0.037456,6.0214
0.03746,5.9731
0.037464,5.9409
0.037468,5.9087
0.037472,5.8443
0.037476,5.7638
0.03748,5.6833
0.037484,5.6511
0.037488,5.6672
0.037492,5.6833
0.037496,5.7316
0.0375,5.7799
0.037504,5.8282
0.037508,5.8121
0.037512,5.8121
0.037516,5.796
0.03752,5.7316
0.037524,5.6833
0.037528,5.635
0.037532,5.6028
0.037536,5.5384
0.03754,5.4901
0.037544,5.4257
0.037548,5.4257
0.037552,5.4901
0.037556,5.5706
0.03756,5.635
0.037564,5.6672
0.037568,5.6994
0.037572,5.7155
0.037576,5.7316
0.03758,5.7155
0.037584,5.6833
0.037588,5.635
0.037592,5.5545
0.037596,5.4901
0.0376,5.4418
0.037604,5.4418
0.037608,5.4901
0.037612,5.5384
0.037616,5.5706
0.03762,5.6028
0.037624,5.6189
0.037628,5.6028
0.037632,5.5866999999999996
0.037636,5.5545
0.03764,5.5222999999999995
0.037644,5.4901
0.037648,5.4578999999999995
0.037652,5.4096
0.037656,5.3613
0.03766,5.3290999999999995
0.037664,5.3290999999999995
0.037668,5.3774
0.037672,5.4418
0.037676,5.4901
0.03768,5.4901
0.037684,5.5222999999999995
0.037688,5.5384
0.037692,5.5222999999999995
0.037696,5.5062
0.0377,5.4418
0.037704,5.4257
0.037708,5.3934999999999995
0.037712,5.3290999999999995
0.037716,5.2969
0.03772,5.2969
0.037724,5.3290999999999995
0.037728,5.3613
0.037732,5.3774
0.037736,5.4096
0.03774,5.4578999999999995
0.037744,5.5062
0.037748,5.4901
0.037752,5.4418
0.037756,5.4096
0.03776,5.3774
0.037764,5.3452
0.037768,5.2969
0.037772,5.2646999999999995
0.037776,5.2002999999999995
0.03778,5.2164
0.037784,5.2486
0.037788,5.2969
0.037792,5.3452
0.037796,5.3613
0.0378,5.4096
0.037804,5.4418
0.037808,5.474
0.037812,5.474
0.037816,5.4257
0.03782,5.3934999999999995
0.037824,5.3613
0.037828,5.313
0.037832,5.2646999999999995
0.037836,5.2164
0.03784,5.2164
0.037844,5.2486
0.037848,5.313
0.037852,5.3452
0.037856,5.3774
0.03786,5.3934999999999995
0.037864,5.4418
0.037868,5.474
0.037872,5.4901
0.037876,5.4901
0.03788,5.5222999999999995
0.037884,5.5062
0.037888,5.4901
0.037892,5.4578999999999995
0.037896,5.4096
0.0379,5.4096
0.037904,5.3934999999999995
0.037908,5.4418
0.037912,5.4901
0.037916,5.5384
0.03792,5.5545
0.037924,5.5866999999999996
0.037928,5.6189
0.037932,5.5706
0.037936,5.5222999999999995
0.03794,5.474
0.037944,5.4257
0.037948,5.3613
0.037952,5.2969
0.037956,5.2646999999999995
0.03796,5.2486
0.037964,5.2808
0.037968,5.2969
0.037972,5.313
0.037976,5.3452
0.03798,5.3613
0.037984,5.4096
0.037988,5.4257
0.037992,5.4096
0.037996,5.3452
0.038,5.313
0.038004,5.2808
0.038008,5.2325
0.038012,5.2002999999999995
0.038016,5.1681
0.03802,5.1198
0.038024,5.1037
0.038028,5.1359
0.038032,5.1681
0.038036,5.1842
0.03804,5.2164
0.038044,5.2325
0.038048,5.2164
0.038052,5.2164
0.038056,5.2164
0.03806,5.1842
0.038064,5.152
0.038068,5.1198
0.038072,5.1037
0.038076,5.0876
0.03808,5.0554
0.038084,5.0232
0.038088,5.0232
0.038092,5.0554
0.038096,5.0876
0.0381,5.0876
0.038104,5.1198
0.038108,5.1359
0.038112,5.152
0.038116,5.1359
0.03812,5.1198
0.038124,5.0876
0.038128,5.0876
0.038132,5.0715
0.038136,5.0393
0.03814,5.0232
0.038144,4.991
0.038148,5.0071
0.038152,5.0232
0.038156,5.0232
0.03816,5.0393
0.038164,5.0715
0.038168,5.1198
0.038172,5.1681
0.038176,5.1681
0.03818,5.1359
0.038184,5.1198
0.038188,5.1198
0.038192,5.1037
0.038196,5.0554
0.0382,5.0554
0.038204,5.0393
0.038208,5.0393
0.038212,5.0232
0.038216,5.0232
0.03822,5.0393
0.038224,5.0876
0.038228,5.0715
0.038232,5.0715
0.038236,5.0876
0.03824,5.0876
0.038244,5.0554
0.038248,5.0715
0.038252,5.0554
0.038256,5.0715
0.03826,5.0554
0.038264,5.0393
0.038268,5.0071
0.038272,5.0071
0.038276,4.991
0.03828,4.991
0.038284,4.9749
0.038288,4.9749
0.038292,4.991
0.038296,4.991
0.0383,4.991
0.038304,5.0232
0.038308,5.0232
0.038312,5.0232
0.038316,5.0071
0.03832,4.991
0.038324,5.0071
0.038328,4.991
0.038332,4.991
0.038336,4.9749
0.03834,4.9749
0.038344,4.9749
0.038348,4.9588
0.038352,4.9588
0.038356,4.9749
0.03836,4.9588
0.038364,4.9588
0.038368,4.9588
0.038372,4.9588
0.038376,4.991
0.03838,4.9749
0.038384,4.991
0.038388,5.0071
0.038392,5.0071
0.038396,4.991
0.0384,4.991
0.038404,4.9749
0.038408,4.991
0.038412,4.9749
0.038416,4.9588
0.03842,4.9588
0.038424,4.9427
0.038428,4.9588
0.038432,4.9588
0.038436,4.9588
0.03844,4.9427
0.038444,4.9749
0.038448,4.991
0.038452,4.991
0.038456,5.0071
0.03846,4.991
0.038464,4.991
0.038468,4.9749
0.038472,4.9588
0.038476,4.9588
0.03848,4.9427
0.038484,4.9588
0.038488,4.9749
0.038492,4.9749
0.038496,4.9749
0.0385,4.9749
0.038504,4.991
0.038508,5.0071
0.038512,4.991
0.038516,5.0071
0.03852,5.0071
0.038524,5.0071
0.038528,5.0071
0.038532,5.0071
0.038536,5.0232
0.03854,5.0554
0.038544,5.0393
0.038548,5.0232
0.038552,5.0232
0.038556,5.0071
0.03856,5.0071
0.038564,5.0071
0.038568,5.0071
0.038572,5.0071
0.038576,4.991
0.03858,4.991
0.038584,5.0071
0.038588,5.0232
0.038592,5.0393
0.038596,5.0393
0.0386,5.0393
0.038604,5.0232
0.038608,5.0393
0.038612,5.0393
0.038616,5.0393
0.03862,5.0393
0.038624,5.0393
0.038628,5.0232
0.038632,5.0393
0.038636,5.0554
0.03864,5.0393
0.038644,5.0554
0.038648,5.0393
0.038652,5.0393
0.038656,5.0393
0.03866,5.0232
0.038664,5.0232
0.038668,5.0071
0.038672,5.0232
0.038676,5.0232
0.03868,5.0071
0.038684,5.0232
0.038688,5.0393
0.038692,5.0232
0.038696,5.0393
0.0387,5.0232
0.038704,5.0071
0.038708,5.0232
0.038712,5.0071
0.038716,5.0071
0.03872,5.0071
0.038724,5.0232
0.038728,5.0393
0.038732,5.0554
0.038736,5.0554
0.03874,5.0393
0.038744,5.0554
0.038748,5.0554
0.038752,5.0876
0.038756,5.1198
0.03876,5.0715
0.038764,5.0715
0.038768,5.0554
0.038772,5.0554
0.038776,5.0715
0.03878,5.0393
0.038784,5.0232
0.038788,5.0232
0.038792,5.0071
0.038796,5.0071
0.0388,5.0232
0.038804,5.0554
0.038808,5.0876
0.038812,5.0554
0.038816,5.0393
0.03882,5.0393
0.038824,5.0554
0.038828,5.0393
0.038832,5.0232
0.038836,5.0232
0.03884,5.0393
0.038844,5.0715
0.038848,5.0715
0.038852,5.0393
0.038856,5.0554
0.03886,5.0393
0.038864,5.0393
0.038868,5.0393
0.038872,5.0554
0.038876,5.0393
0.03888,5.0393
0.038884,5.0393
0.038888,5.0393
0.038892,5.0393
0.038896,5.0554
0.0389,5.0715
0.038904,5.0554
0.038908,5.0393
0.038912,5.0554
0.038916,5.0393
0.03892,5.0393
0.038924,5.0393
0.038928,5.0232
0.038932,5.0232
0.038936,5.0071
0.03894,5.0071
0.038944,5.0232
0.038948,5.0232
0.038952,5.0393
0.038956,5.0554
0.03896,5.0715
0.038964,5.0554
0.038968,5.0393
0.038972,5.0393
0.038976,5.0554
0.03898,5.0393
0.038984,5.0232
0.038988,5.0393
0.038992,5.0232
0.038996,5.0232
0.039,5.0071
0.039004,5.0232
0.039008,5.0232
0.039012,5.0232
0.039016,5.0554
0.03902,5.0393
0.039024,5.0232
0.039028,5.0232
0.039032,5.0071
0.039036,5.0071
0.03904,5.0071
0.039044,4.991
0.039048,5.0071
0.039052,5.0071
0.039056,5.0071
0.03906,5.0071
0.039064,5.0232
0.039068,5.0232
0.039072,4.991
0.039076,5.0071
0.03908,5.0071
0.039084,5.0232
0.039088,4.991
0.039092,5.0071
0.039096,5.0232
0.0391,5.0232
0.039104,5.0071
0.039108,5.0071
0.039112,5.0232
0.039116,5.0071
0.03912,5.0071
0.039124,5.0071
0.039128,5.0232
0.039132,5.0232
0.039136,5.0232
0.03914,5.0232
0.039144,5.0232
0.039148,5.0232
0.039152,5.0232
0.039156,5.0232
0.03916,5.0071
0.039164,5.0071
0.039168,5.0393
0.039172,5.0554
0.039176,5.0715
0.03918,5.0554
0.039184,5.0393
0.039188,5.0554
0.039192,5.0554
0.039196,5.0393
0.0392,5.0071
0.039204,5.0232
0.039208,5.0232
0.039212,5.0232
0.039216,5.0232
0.03922,5.0232
0.039224,5.0232
0.039228,5.0232
0.039232,5.0071
0.039236,4.9749
0.03924,5.0071
0.039244,4.991
0.039248,5.0071
0.039252,5.0071
0.039256,5.0393
0.03926,5.0554
0.039264,5.0554
0.039268,5.0393
0.039272,5.0232
0.039276,5.0232
0.03928,5.0393
0.039284,5.0393
0.039288,5.0232
0.039292,5.0232
0.039296,5.0393
0.0393,5.0554
0.039304,5.0715
0.039308,5.0393
0.039312,5.0232
0.039316,5.0554
0.03932,5.0232
0.039324,5.0232
0.039328,4.991
0.039332,5.0071
0.039336,5.0232
0.03934,5.0071
0.039344,5.0232
0.039348,5.0393
0.039352,5.0715
0.039356,5.0715
0.03936,5.1037
0.039364,5.0715
0.039368,5.0554
0.039372,5.0393
0.039376,5.0393
0.03938,5.0232
0.039384,5.0232
0.039388,5.0071
0.039392,5.0232
0.039396,5.0554
0.0394,5.0715
0.039404,5.0715
0.039408,5.0554
0.039412,5.0554
0.039416,5.0554
0.03942,5.0554
0.039424,5.0393
0.039428,5.0232
0.039432,5.0393
0.039436,5.0393
0.03944,5.0393
0.039444,5.0715
0.039448,5.0715
0.039452,5.0715
0.039456,5.0554
0.03946,5.0393
0.039464,5.0393
0.039468,5.0232
0.039472,5.0232
0.039476,4.991
0.03948,4.991
0.039484,5.0232
0.039488,5.0393
0.039492,5.0715
0.039496,5.1037
0.0395,5.1359
0.039504,5.1198
0.039508,5.1198
0.039512,5.0876
0.039516,5.0393
0.03952,5.0393
0.039524,5.0232
0.039528,5.0554
0.039532,5.0715
0.039536,5.1198
0.03954,5.1681
0.039544,5.2002999999999995
0.039548,5.2325
0.039552,5.2164
0.039556,5.2002999999999995
0.03956,5.1842
0.039564,5.1681
0.039568,5.1359
0.039572,5.1198
0.039576,5.1198
0.03958,5.152
0.039584,5.1681
0.039588,5.2002999999999995
0.039592,5.2808
0.039596,5.313
0.0396,5.2969
0.039604,5.2486
0.039608,5.2164
0.039612,5.1842
0.039616,5.1359
0.03962,5.0715
0.039624,5.0554
0.039628,5.0876
0.039632,5.0876
0.039636,5.1198
0.03964,5.1842
0.039644,5.2325
0.039648,5.2164
0.039652,5.2002999999999995
0.039656,5.2486
0.03966,5.2486
0.039664,5.2164
0.039668,5.1681
0.039672,5.1037
0.039676,5.0715
0.03968,5.0715
0.039684,5.1037
0.039688,5.1681
0.039692,5.2486
0.039696,5.313
0.0397,5.3774
0.039704,5.4096
0.039708,5.4096
0.039712,5.4096
0.039716,5.3452
0.03972,5.2808
0.039724,5.2325
0.039728,5.1681
0.039732,5.1198
0.039736,5.1037
0.03974,5.1681
0.039744,5.2164
0.039748,5.2969
0.039752,5.3774
0.039756,5.3934999999999995
0.03976,5.4257
0.039764,5.4418
0.039768,5.4418
0.039772,5.4418
0.039776,5.4096
0.03978,5.3613
0.039784,5.2808
0.039788,5.2164
0.039792,5.1681
0.039796,5.152
0.0398,5.152
0.039804,5.2002999999999995
0.039808,5.2646999999999995
0.039812,5.3613
0.039816,5.4578999999999995
0.03982,5.5384
0.039824,5.5545
0.039828,5.5222999999999995
0.039832,5.5222999999999995
0.039836,5.5222999999999995
0.03984,5.5062
0.039844,5.4901
0.039848,5.4578999999999995
0.039852,5.3774
0.039856,5.313
0.03986,5.2325
0.039864,5.2002999999999995
0.039868,5.2486
0.039872,5.3290999999999995
0.039876,5.4418
0.03988,5.6189
0.039884,5.7316
0.039888,5.7477
0.039892,5.7799
0.039896,5.8121
0.0399,5.8282
0.039904,5.796
0.039908,5.6994
0.039912,5.5706
0.039916,5.4578999999999995
0.03992,5.4096
0.039924,5.3774
0.039928,5.474
0.039932,5.6028
0.039936,5.796
0.03994,5.9087
0.039944,5.957
0.039948,5.9892
0.039952,6.0053
0.039956,5.9731
0.03996,5.8926
0.039964,5.796
0.039968,5.6994
0.039972,5.5706
0.039976,5.474
0.03998,5.4418
0.039984,5.4901
0.039988,5.5545
0.039992,5.635
0.039996,5.7477
0.04,5.796
0.040004,5.8282
0.040008,5.8443
0.040012,5.796
0.040016,5.7316
0.04002,5.635
0.040024,5.5706
0.040028,5.4901
0.040032,5.4257
0.040036,5.4096
0.04004,5.4096
0.040044,5.4257
0.040048,5.5062
0.040052,5.5866999999999996
0.040056,5.6833
0.04006,5.8282
0.040064,5.8765
0.040068,5.8282
0.040072,5.7799
0.040076,5.7477
0.04008,5.6994
0.040084,5.635
0.040088,5.5384
0.040092,5.4096
0.040096,5.3774
0.0401,5.3774
0.040104,5.3934999999999995
0.040108,5.474
0.040112,5.6189
0.040116,5.7477
0.04012,5.796
0.040124,5.8121
0.040128,5.8282
0.040132,5.8282
0.040136,5.796
0.04014,5.7638
0.040144,5.6672
0.040148,5.5706
0.040152,5.4901
0.040156,5.4257
0.04016,5.4257
0.040164,5.4578999999999995
0.040168,5.5222999999999995
0.040172,5.5866999999999996
0.040176,5.6994
0.04018,5.8443
0.040184,5.8926
0.040188,5.8926
0.040192,5.8926
0.040196,5.8765
0.0402,5.9087
0.040204,5.9087
0.040208,5.8765
0.040212,5.7799
0.040216,5.6833
0.04022,5.6511
0.040224,5.6189
0.040228,5.6189
0.040232,5.6672
0.040236,5.8121
0.04024,5.7155
0.040244,5.5384
0.040248,5.7477
0.040252,6.1019
0.040256,6.8908
0.04026,7.4543
0.040264,7.7602
0.040268,7.9856
0.040272,8.211
0.040276,8.533
0.04028,8.7101
0.040284,8.6457
0.040288,8.372
0.040292,8.0822
0.040296,7.8568
0.0403,7.6475
0.040304,7.5026
0.040308,7.3738
0.040312,7.2772
0.040316,7.228899999999999
0.04032,7.1806
0.040324,7.1323
0.040328,7.1001
0.040332,7.0679
0.040336,7.0357
0.04034,7.0196
0.040344,6.9713
0.040348,6.923
0.040352,6.8264
0.040356,6.7137
0.04036,6.6171
0.040364,6.5205
0.040368,6.4239
0.040372,6.3273
0.040376,6.2146
0.04038,6.1341
0.040384,6.0697
0.040388,6.0536
0.040392,6.0536
0.040396,6.0536
0.0404,6.0697
0.040404,6.1341
0.040408,6.1823999999999995
0.040412,6.1985
0.040416,6.1985
0.04042,6.2146
0.040424,6.1823999999999995
0.040428,6.1341
0.040432,6.0858
0.040436,6.0536
0.04044,6.0053
0.040444,5.9409
0.040448,5.8765
0.040452,5.796
0.040456,5.7316
0.04046,5.6833
0.040464,5.6511
0.040468,5.635
0.040472,5.6672
0.040476,5.6994
0.04048,5.7638
0.040484,5.8121
0.040488,5.8443
0.040492,5.8604
0.040496,5.8926
0.0405,5.8926
0.040504,5.8765
0.040508,5.8282
0.040512,5.7477
0.040516,5.7316
0.04052,5.6833
0.040524,5.635
0.040528,5.5866999999999996
0.040532,5.5384
0.040536,5.5222999999999995
0.04054,5.5384
0.040544,5.5384
0.040548,5.5545
0.040552,5.6028
0.040556,5.635
0.04056,5.6833
0.040564,5.6833
0.040568,5.6833
0.040572,5.6994
0.040576,5.6833
0.04058,5.6672
0.040584,5.635
0.040588,5.6028
0.040592,5.5706
0.040596,5.5384
0.0406,5.5222999999999995
0.040604,5.474
0.040608,5.4418
0.040612,5.4096
0.040616,5.3934999999999995
0.04062,5.4096
0.040624,5.4578999999999995
0.040628,5.4901
0.040632,5.5384
0.040636,5.5866999999999996
0.04064,5.6028
0.040644,5.6189
0.040648,5.6028
0.040652,5.5866999999999996
0.040656,5.5545
0.04066,5.5062
0.040664,5.474
0.040668,5.4418
0.040672,5.4096
0.040676,5.3774
0.04068,5.3290999999999995
0.040684,5.313
0.040688,5.2646999999999995
0.040692,5.2646999999999995
0.040696,5.2646999999999995
0.0407,5.2969
0.040704,5.3613
0.040708,5.4096
0.040712,5.4257
0.040716,5.4257
0.04072,5.4096
0.040724,5.3934999999999995
0.040728,5.3774
0.040732,5.3613
0.040736,5.3290999999999995
0.04074,5.313
0.040744,5.2969
0.040748,5.2808
0.040752,5.2486
0.040756,5.2325
0.04076,5.2325
0.040764,5.2808
0.040768,5.2969
0.040772,5.3290999999999995
0.040776,5.3613
0.04078,5.3774
0.040784,5.4096
0.040788,5.4257
0.040792,5.3934999999999995
0.040796,5.3774
0.0408,5.3613
0.040804,5.3452
0.040808,5.313
0.040812,5.2646999999999995
0.040816,5.2325
0.04082,5.2002999999999995
0.040824,5.1842
0.040828,5.1681
0.040832,5.152
0.040836,5.1681
0.04084,5.2164
0.040844,5.2646999999999995
0.040848,5.313
0.040852,5.313
0.040856,5.3452
0.04086,5.3774
0.040864,5.3774
0.040868,5.4096
0.040872,5.3774
0.040876,5.3774
0.04088,5.3613
0.040884,5.3613
0.040888,5.313
0.040892,5.313
0.040896,5.2808
0.0409,5.2486
0.040904,5.2325
0.040908,5.2325
0.040912,5.2486
0.040916,5.2808
0.04092,5.313
0.040924,5.313
0.040928,5.3290999999999995
0.040932,5.3290999999999995
0.040936,5.3452
0.04094,5.3290999999999995
0.040944,5.313
0.040948,5.313
0.040952,5.2969
0.040956,5.2969
0.04096,5.2646999999999995
0.040964,5.2325
0.040968,5.2164
0.040972,5.2002999999999995
0.040976,5.1842
0.04098,5.1842
0.040984,5.2164
0.040988,5.2325
0.040992,5.2646999999999995
0.040996,5.313
0.041,5.3452
0.041004,5.3613
0.041008,5.3613
0.041012,5.3774
0.041016,5.3774
0.04102,5.3774
0.041024,5.3934999999999995
0.041028,5.3774
0.041032,5.3613
0.041036,5.3452
0.04104,5.313
0.041044,5.2969
0.041048,5.2646999999999995
0.041052,5.2325
0.041056,5.2325
0.04106,5.2808
0.041064,5.313
0.041068,5.3452
0.041072,5.3452
0.041076,5.3452
0.04108,5.3290999999999995
0.041084,5.313
0.041088,5.2969
0.041092,5.2969
0.041096,5.2969
0.0411,5.2808
0.041104,5.2646999999999995
0.041108,5.2325
0.041112,5.2164
0.041116,5.2002999999999995
0.04112,5.1681
0.041124,5.1681
0.041128,5.1681
0.041132,5.2002999999999995
0.041136,5.2325
0.04114,5.2486
0.041144,5.2646999999999995
0.041148,5.2646999999999995
0.041152,5.2646999999999995
0.041156,5.2646999999999995
0.04116,5.2808
0.041164,5.2646999999999995
0.041168,5.2325
0.041172,5.2325
0.041176,5.2164
0.04118,5.2002999999999995
0.041184,5.1681
0.041188,5.152
0.041192,5.1198
0.041196,5.1198
0.0412,5.152
0.041204,5.1842
0.041208,5.2002999999999995
0.041212,5.2164
0.041216,5.1842
0.04122,5.152
0.041224,5.1681
0.041228,5.1842
0.041232,5.1681
0.041236,5.1359
0.04124,5.1359
0.041244,5.1359
0.041248,5.1198
0.041252,5.1037
0.041256,5.0554
0.04126,5.0071
0.041264,4.9749
0.041268,4.9749
0.041272,5.0232
0.041276,5.0393
0.04128,5.0393
0.041284,5.0393
0.041288,5.0393
0.041292,5.0554
0.041296,5.0393
0.0413,5.0232
0.041304,5.0071
0.041308,5.0071
0.041312,4.991
0.041316,4.9749
0.04132,4.9266
0.041324,4.9105
0.041328,4.8944
0.041332,4.8783
0.041336,4.8944
0.04134,4.9266
0.041344,4.9588
0.041348,4.991
0.041352,5.0071
0.041356,5.0071
0.04136,5.0071
0.041364,5.0071
0.041368,5.0071
0.041372,4.991
0.041376,4.9749
0.04138,4.9588
0.041384,4.9588
0.041388,4.9427
0.041392,4.9105
0.041396,4.8783
0.0414,4.8783
0.041404,4.8944
0.041408,4.9105
0.041412,4.9105
0.041416,4.9105
0.04142,4.9266
0.041424,4.9588
0.041428,4.9749
0.041432,4.9749
0.041436,4.9588
0.04144,4.9588
0.041444,4.9588
0.041448,4.9427
0.041452,4.9105
0.041456,4.8622
0.04146,4.83
0.041464,4.8139
0.041468,4.83
0.041472,4.8461
0.041476,4.83
0.04148,4.8139
0.041484,4.83
0.041488,4.8461
0.041492,4.8783
0.041496,4.8783
0.0415,4.8783
0.041504,4.9105
0.041508,4.9105
0.041512,4.9105
0.041516,4.9266
0.04152,4.9105
0.041524,4.8944
0.041528,4.8944
0.041532,4.83
0.041536,4.8461
0.04154,4.8783
0.041544,4.9105
0.041548,4.9266
0.041552,4.9105
0.041556,4.8944
0.04156,4.9105
0.041564,4.8944
0.041568,4.8944
0.041572,4.8944
0.041576,4.9105
0.04158,4.9266
0.041584,4.9105
0.041588,4.8783
0.041592,4.8461
0.041596,4.83
0.0416,4.83
0.041604,4.8461
0.041608,4.8783
0.041612,4.9105
0.041616,4.9105
0.04162,4.9427
0.041624,4.9749
0.041628,4.9749
0.041632,5.0071
0.041636,5.0071
0.04164,5.0232
0.041644,5.0071
0.041648,5.0071
0.041652,4.9588
0.041656,4.9105
0.04166,4.8944
0.041664,4.8944
0.041668,4.9105
0.041672,4.9427
0.041676,4.9266
0.04168,4.9427
0.041684,4.9588
0.041688,4.9749
0.041692,4.991
0.041696,4.991
0.0417,4.991
0.041704,5.0071
0.041708,5.0071
0.041712,5.0071
0.041716,5.0071
0.04172,5.0071
0.041724,4.9588
0.041728,4.9427
0.041732,4.9266
0.041736,4.9266
0.04174,4.9588
0.041744,4.991
0.041748,4.991
0.041752,4.9749
0.041756,4.9588
0.04176,4.991
0.041764,5.0071
0.041768,5.0071
0.041772,5.0071
0.041776,5.0232
0.04178,5.0232
0.041784,5.0071
0.041788,4.9749
0.041792,4.9427
0.041796,4.9105
0.0418,4.8622
0.041804,4.83
0.041808,4.8139
0.041812,4.7978
0.041816,4.8139
0.04182,4.8139
0.041824,4.83
0.041828,4.8461
0.041832,4.8461
0.041836,4.8622
0.04184,4.8783
0.041844,4.8622
0.041848,4.8461
0.041852,4.8622
0.041856,4.83
0.04186,4.7978
0.041864,4.7656
0.041868,4.7334
0.041872,4.7173
0.041876,4.6851
0.04188,4.6851
0.041884,4.7012
0.041888,4.7173
0.041892,4.7334
0.041896,4.7334
0.0419,4.7656
0.041904,4.7817
0.041908,4.7817
0.041912,4.8139
0.041916,4.8139
0.04192,4.83
0.041924,4.8622
0.041928,4.8461
0.041932,4.8139
0.041936,4.7656
0.04194,4.7173
0.041944,4.7012
0.041948,4.7173
0.041952,4.6851
0.041956,4.6529
0.04196,4.6529
0.041964,4.7012
0.041968,4.7012
0.041972,4.7012
0.041976,4.7173
0.04198,4.7334
0.041984,4.7173
0.041988,4.7012
0.041992,4.6851
0.041996,4.669
0.042,4.6368
0.042004,4.5724
0.042008,4.5563
0.042012,4.5241
0.042016,4.4919
0.04202,4.4758
0.042024,4.4919
0.042028,4.5402
0.042032,4.5402
0.042036,4.5563
0.04204,4.5885
0.042044,4.6207
0.042048,4.6207
0.042052,4.6046
0.042056,4.5724
0.04206,4.5563
0.042064,4.5563
0.042068,4.5402
0.042072,4.5241
0.042076,4.4919
0.04208,4.4758
0.042084,4.4436
0.042088,4.4436
0.042092,4.4436
0.042096,4.4113999999999995
0.0421,4.4113999999999995
0.042104,4.4113999999999995
0.042108,4.3953
0.042112,4.4113999999999995
0.042116,4.4275
0.04212,4.4436
0.042124,4.4597
0.042128,4.4919
0.042132,4.508
0.042136,4.4758
0.04214,4.4758
0.042144,4.4758
0.042148,4.4597
0.042152,4.4436
0.042156,4.4436
0.04216,4.4113999999999995
0.042164,4.4113999999999995
0.042168,4.3953
0.042172,4.4113999999999995
0.042176,4.4597
0.04218,4.4919
0.042184,4.4919
0.042188,4.4919
0.042192,4.508
0.042196,4.5402
0.0422,4.5241
0.042204,4.5241
0.042208,4.5241
0.042212,4.5402
0.042216,4.5402
0.04222,4.508
0.042224,4.4758
0.042228,4.4436
0.042232,4.4275
0.042236,4.4113999999999995
0.04224,4.4113999999999995
0.042244,4.4275
0.042248,4.4597
0.042252,4.4919
0.042256,4.4919
0.04226,4.508
0.042264,4.5241
0.042268,4.5241
0.042272,4.5402
0.042276,4.5563
0.04228,4.5563
0.042284,4.5724
0.042288,4.5563
0.042292,4.5563
0.042296,4.5241
0.0423,4.508
0.042304,4.4919
0.042308,4.4919
0.042312,4.4758
0.042316,4.4919
0.04232,4.4919
0.042324,4.5402
0.042328,4.5885
0.042332,4.6046
0.042336,4.5885
0.04234,4.5724
0.042344,4.5885
0.042348,4.5724
0.042352,4.5724
0.042356,4.5724
0.04236,4.5724
0.042364,4.5724
0.042368,4.5563
0.042372,4.5402
0.042376,4.5241
0.04238,4.5241
0.042384,4.508
0.042388,4.508
0.042392,4.4919
0.042396,4.5241
0.0424,4.5724
0.042404,4.5724
0.042408,4.6046
0.042412,4.6207
0.042416,4.6207
0.04242,4.6207
0.042424,4.6207
0.042428,4.6046
0.042432,4.6207
0.042436,4.6046
0.04244,4.5724
0.042444,4.5563
0.042448,4.5402
0.042452,4.5241
0.042456,4.508
0.04246,4.508
0.042464,4.5402
0.042468,4.5563
0.042472,4.5724
0.042476,4.5885
0.04248,4.6046
0.042484,4.6207
0.042488,4.6207
0.042492,4.6207
0.042496,4.6207
0.0425,4.6368
0.042504,4.6046
0.042508,4.5885
0.042512,4.5885
0.042516,4.5885
0.04252,4.5885
0.042524,4.5724
0.042528,4.5885
0.042532,4.6046
0.042536,4.6207
0.04254,4.6207
0.042544,4.6207
0.042548,4.6046
0.042552,4.6046
0.042556,4.6046
0.04256,4.6207
0.042564,4.6368
0.042568,4.6368
0.042572,4.6368
0.042576,4.6368
0.04258,4.6368
0.042584,4.6207
0.042588,4.6046
0.042592,4.5724
0.042596,4.5402
0.0426,4.5563
0.042604,4.5241
0.042608,4.5241
0.042612,4.5563
0.042616,4.5724
0.04262,4.6207
0.042624,4.6207
0.042628,4.6529
0.042632,4.669
0.042636,4.669
0.04264,4.6368
0.042644,4.6046
0.042648,4.6207
0.042652,4.6046
0.042656,4.6046
0.04266,4.5885
0.042664,4.5563
0.042668,4.5563
0.042672,4.5241
0.042676,4.5402
0.04268,4.5563
0.042684,4.5724
0.042688,4.5885
0.042692,4.6046
0.042696,4.6207
0.0427,4.6368
0.042704,4.6207
0.042708,4.6207
0.042712,4.6368
0.042716,4.6207
0.04272,4.6207
0.042724,4.6207
0.042728,4.6046
0.042732,4.6046
0.042736,4.5563
0.04274,4.5563
0.042744,4.5563
0.042748,4.5402
0.042752,4.5724
0.042756,4.6046
0.04276,4.6207
0.042764,4.6368
0.042768,4.669
0.042772,4.7334
0.042776,4.7495
0.04278,4.7656
0.042784,4.7334
0.042788,4.7012
0.042792,4.669
0.042796,4.669
0.0428,4.669
0.042804,4.6529
0.042808,4.6368
0.042812,4.6046
0.042816,4.5885
0.04282,4.5724
0.042824,4.5724
0.042828,4.5724
0.042832,4.5724
0.042836,4.6046
0.04284,4.6207
0.042844,4.6368
0.042848,4.6368
0.042852,4.6368
0.042856,4.6046
0.04286,4.5885
0.042864,4.5885
0.042868,4.6046
0.042872,4.6046
0.042876,4.5724
0.04288,4.5724
0.042884,4.5563
0.042888,4.5563
0.042892,4.5563
0.042896,4.5563
0.0429,4.5402
0.042904,4.5402
0.042908,4.5241
0.042912,4.5402
0.042916,4.5241
0.04292,4.5402
0.042924,4.5402
0.042928,4.5241
0.042932,4.5402
0.042936,4.5241
0.04294,4.5241
0.042944,4.5402
0.042948,4.5402
0.042952,4.5402
0.042956,4.5402
0.04296,4.5241
0.042964,4.5241
0.042968,4.5563
0.042972,4.5563
0.042976,4.5402
0.04298,4.508
0.042984,4.4919
0.042988,4.4919
0.042992,4.4919
0.042996,4.508
0.043,4.5402
0.043004,4.5563
0.043008,4.5563
0.043012,4.5402
0.043016,4.5241
0.04302,4.5402
0.043024,4.508
0.043028,4.4919
0.043032,4.4919
0.043036,4.4758
0.04304,4.4436
0.043044,4.4275
0.043048,4.4436
0.043052,4.4919
0.043056,4.508
0.04306,4.5241
0.043064,4.508
0.043068,4.5241
0.043072,4.5241
0.043076,4.5241
0.04308,4.5241
0.043084,4.5241
0.043088,4.5241
0.043092,4.5241
0.043096,4.508
0.0431,4.508
0.043104,4.508
0.043108,4.508
0.043112,4.4919
0.043116,4.4758
0.04312,4.4758
0.043124,4.4597
0.043128,4.4597
0.043132,4.4275
0.043136,4.4275
0.04314,4.4597
0.043144,4.4758
0.043148,4.508
0.043152,4.5241
0.043156,4.5241
0.04316,4.5241
0.043164,4.5241
0.043168,4.508
0.043172,4.4919
0.043176,4.508
0.04318,4.4919
0.043184,4.4597
0.043188,4.4597
0.043192,4.4758
0.043196,4.4758
0.0432,4.4758
0.043204,4.4758
0.043208,4.4436
0.043212,4.4275
0.043216,4.4436
0.04322,4.4436
0.043224,4.4597
0.043228,4.4758
0.043232,4.4919
0.043236,4.4919
0.04324,4.4758
0.043244,4.4597
0.043248,4.4436
0.043252,4.4275
0.043256,4.4275
0.04326,4.4113999999999995
0.043264,4.3953
0.043268,4.3953
0.043272,4.3792
0.043276,4.3631
0.04328,4.3469999999999995
0.043284,4.3631
0.043288,4.3792
0.043292,4.3953
0.043296,4.4113999999999995
0.0433,4.4275
0.043304,4.4597
0.043308,4.4436
0.043312,4.4275
0.043316,4.4275
0.04332,4.4113999999999995
0.043324,4.4275
0.043328,4.4275
0.043332,4.4275
0.043336,4.4275
0.04334,4.4597
0.043344,4.4758
0.043348,4.508
0.043352,4.5241
0.043356,4.5563
0.04336,4.5402
0.043364,4.508
0.043368,4.4919
0.043372,4.4758
0.043376,4.4919
0.04338,4.4919
0.043384,4.4919
0.043388,4.508
0.043392,4.508
0.043396,4.5402
0.0434,4.5402
0.043404,4.508
0.043408,4.508
0.043412,4.5241
0.043416,4.508
0.04342,4.4597
0.043424,4.4597
0.043428,4.4436
0.043432,4.4275
0.043436,4.4113999999999995
0.04344,4.3953
0.043444,4.4275
0.043448,4.4436
0.043452,4.4597
0.043456,4.4919
0.04346,4.4919
0.043464,4.5241
0.043468,4.5402
0.043472,4.5402
0.043476,4.5402
0.04348,4.508
0.043484,4.4919
0.043488,4.4758
0.043492,4.4597
0.043496,4.4275
0.0435,4.4113999999999995
0.043504,4.4113999999999995
0.043508,4.4113999999999995
0.043512,4.4113999999999995
0.043516,4.4436
0.04352,4.4597
0.043524,4.4597
0.043528,4.4919
0.043532,4.508
0.043536,4.508
0.04354,4.508
0.043544,4.4919
0.043548,4.508
0.043552,4.508
0.043556,4.508
0.04356,4.508
0.043564,4.4758
0.043568,4.4597
0.043572,4.4436
0.043576,4.4275
0.04358,4.4275
0.043584,4.4113999999999995
0.043588,4.3953
0.043592,4.3792
0.043596,4.3631
0.0436,4.3792
0.043604,4.3953
0.043608,4.3953
0.043612,4.3953
0.043616,4.4113999999999995
0.04362,4.4275
0.043624,4.4275
0.043628,4.4113999999999995
0.043632,4.4275
0.043636,4.4275
0.04364,4.4113999999999995
0.043644,4.4113999999999995
0.043648,4.4113999999999995
0.043652,4.4113999999999995
0.043656,4.4113999999999995
0.04366,4.4113999999999995
0.043664,4.3953
0.043668,4.3953
0.043672,4.4113999999999995
0.043676,4.4275
0.04368,4.4436
0.043684,4.4597
0.043688,4.4919
0.043692,4.5241
0.043696,4.5402
0.0437,4.5402
0.043704,4.5402
0.043708,4.5563
0.043712,4.5402
0.043716,4.5241
0.04372,4.508
0.043724,4.4758
0.043728,4.4758
0.043732,4.4597
0.043736,4.4436
0.04374,4.4275
0.043744,4.4113999999999995
0.043748,4.4275
0.043752,4.4275
0.043756,4.4275
0.04376,4.4436
0.043764,4.4597
0.043768,4.4597
0.043772,4.4597
0.043776,4.4758
0.04378,4.4758
0.043784,4.4758
0.043788,4.4919
0.043792,4.4919
0.043796,4.4919
0.0438,4.4758
0.043804,4.4758
0.043808,4.4436
0.043812,4.4436
0.043816,4.4275
0.04382,4.4113999999999995
0.043824,4.4113999999999995
0.043828,4.3792
0.043832,4.3631
0.043836,4.3792
0.04384,4.3792
0.043844,4.3953
0.043848,4.3953
0.043852,4.4275
0.043856,4.4597
0.04386,4.4758
0.043864,4.4919
0.043868,4.4758
0.043872,4.4436
0.043876,4.4436
0.04388,4.4436
0.043884,4.3953
0.043888,4.3953
0.043892,4.3631
0.043896,4.3631
0.0439,4.3631
0.043904,4.3469999999999995
0.043908,4.3792
0.043912,4.3792
0.043916,4.3953
0.04392,4.4275
0.043924,4.4758
0.043928,4.4919
0.043932,4.508
0.043936,4.5402
0.04394,4.5402
0.043944,4.5402
0.043948,4.5241
0.043952,4.508
0.043956,4.508
0.04396,4.4758
0.043964,4.4597
0.043968,4.4597
0.043972,4.4436
0.043976,4.4436
0.04398,4.4113999999999995
0.043984,4.4113999999999995
0.043988,4.4113999999999995
0.043992,4.4436
0.043996,4.4597
0.044,4.4275
0.044004,4.4436
0.044008,4.4436
0.044012,4.4597
0.044016,4.4597
0.04402,4.4436
0.044024,4.4758
0.044028,4.4758
0.044032,4.4758
0.044036,4.4597
0.04404,4.4597
0.044044,4.4436
0.044048,4.4275
0.044052,4.4113999999999995
0.044056,4.3953
0.04406,4.3953
0.044064,4.4275
0.044068,4.4597
0.044072,4.4597
0.044076,4.4758
0.04408,4.508
0.044084,4.4597
0.044088,4.4597
0.044092,4.4597
0.044096,4.4597
0.0441,4.4436
0.044104,4.4436
0.044108,4.4436
0.044112,4.4113999999999995
0.044116,4.3953
0.04412,4.3953
0.044124,4.3953
0.044128,4.3792
0.044132,4.3631
0.044136,4.3631
0.04414,4.3631
0.044144,4.3631
0.044148,4.3792
0.044152,4.3792
0.044156,4.3953
0.04416,4.3792
0.044164,4.3953
0.044168,4.3792
0.044172,4.3792
0.044176,4.3792
0.04418,4.3792
0.044184,4.3631
0.044188,4.3469999999999995
0.044192,4.3631
0.044196,4.3631
0.0442,4.3631
0.044204,4.3792
0.044208,4.3631
0.044212,4.3792
0.044216,4.3792
0.04422,4.3953
0.044224,4.3792
0.044228,4.3792
0.044232,4.3953
0.044236,4.3953
0.04424,4.3792
0.044244,4.3953
0.044248,4.4113999999999995
0.044252,4.4113999999999995
0.044256,4.4113999999999995
0.04426,4.3953
0.044264,4.4113999999999995
0.044268,4.4113999999999995
0.044272,4.3792
0.044276,4.3792
0.04428,4.3792
0.044284,4.3792
0.044288,4.3631
0.044292,4.3792
0.044296,4.3953
0.0443,4.3792
0.044304,4.3792
0.044308,4.3631
0.044312,4.3469999999999995
0.044316,4.3792
0.04432,4.3792
0.044324,4.3953
0.044328,4.4113999999999995
0.044332,4.4113999999999995
0.044336,4.3953
0.04434,4.3953
0.044344,4.4113999999999995
0.044348,4.3953
0.044352,4.4113999999999995
0.044356,4.4113999999999995
0.04436,4.3953
0.044364,4.4113999999999995
0.044368,4.4275
0.044372,4.3953
0.044376,4.3953
0.04438,4.3792
0.044384,4.3953
0.044388,4.3792
0.044392,4.3792
0.044396,4.3953
0.0444,4.4113999999999995
0.044404,4.4113999999999995
0.044408,4.4275
0.044412,4.4275
0.044416,4.4436
0.04442,4.4436
0.044424,4.4436
0.044428,4.4275
0.044432,4.4275
0.044436,4.3953
0.04444,4.3953
0.044444,4.3953
0.044448,4.3953
0.044452,4.3953
0.044456,4.3792
0.04446,4.3792
0.044464,4.3953
0.044468,4.4113999999999995
0.044472,4.4113999999999995
0.044476,4.4113999999999995
0.04448,4.4113999999999995
0.044484,4.4113999999999995
0.044488,4.4113999999999995
0.044492,4.4113999999999995
0.044496,4.4113999999999995
0.0445,4.3953
0.044504,4.4113999999999995
0.044508,4.4113999999999995
0.044512,4.4113999999999995
0.044516,4.4113999999999995
0.04452,4.4275
0.044524,4.4113999999999995
0.044528,4.3953
0.044532,4.4113999999999995
0.044536,4.3953
0.04454,4.3792
0.044544,4.3792
0.044548,4.3792
0.044552,4.3792
0.044556,4.3953
0.04456,4.3953
0.044564,4.4275
0.044568,4.4436
0.044572,4.4758
0.044576,4.4919
0.04458,4.508
0.044584,4.5241
0.044588,4.5402
0.044592,4.5402
0.044596,4.5563
0.0446,4.5563
0.044604,4.5241
0.044608,4.4758
0.044612,4.4597
0.044616,4.4436
0.04462,4.4275
0.044624,4.3953
0.044628,4.3953
0.044632,4.4113999999999995
0.044636,4.4275
0.04464,4.4597
0.044644,4.4919
0.044648,4.508
0.044652,4.4919
0.044656,4.4919
0.04466,4.4758
0.044664,4.4597
0.044668,4.4597
0.044672,4.4597
0.044676,4.4113999999999995
0.04468,4.4113999999999995
0.044684,4.4113999999999995
0.044688,4.3953
0.044692,4.3792
0.044696,4.3631
0.0447,4.3953
0.044704,4.3953
0.044708,4.4113999999999995
0.044712,4.4113999999999995
0.044716,4.4275
0.04472,4.4436
0.044724,4.4597
0.044728,4.4758
0.044732,4.4597
0.044736,4.4436
0.04474,4.4436
0.044744,4.4275
0.044748,4.4113999999999995
0.044752,4.4275
0.044756,4.4275
0.04476,4.4113999999999995
0.044764,4.3953
0.044768,4.3953
0.044772,4.3953
0.044776,4.3792
0.04478,4.3631
0.044784,4.3631
0.044788,4.3631
0.044792,4.3631
0.044796,4.3631
0.0448,4.3631
0.044804,4.3469999999999995
0.044808,4.3631
0.044812,4.3792
0.044816,4.3792
0.04482,4.3792
0.044824,4.4113999999999995
0.044828,4.4275
0.044832,4.4113999999999995
0.044836,4.4113999999999995
0.04484,4.4113999999999995
0.044844,4.4113999999999995
0.044848,4.4113999999999995
0.044852,4.3953
0.044856,4.3953
0.04486,4.3792
0.044864,4.3631
0.044868,4.3792
0.044872,4.3953
0.044876,4.3953
0.04488,4.4275
0.044884,4.4113999999999995
0.044888,4.4275
0.044892,4.4436
0.044896,4.4436
0.0449,4.4597
0.044904,4.4436
0.044908,4.4275
0.044912,4.4113999999999995
0.044916,4.4113999999999995
0.04492,4.4113999999999995
0.044924,4.4275
0.044928,4.4275
0.044932,4.3953
0.044936,4.3953
0.04494,4.3792
0.044944,4.3631
0.044948,4.3792
0.044952,4.3631
0.044956,4.3631
0.04496,4.3953
0.044964,4.3631
0.044968,4.3792
0.044972,4.3953
0.044976,4.3953
0.04498,4.4113999999999995
0.044984,4.3953
0.044988,4.2825999999999995
0.044992,4.1537999999999995
0.044996,4.0089
0.045,3.9606
0.045004,3.8962
0.045008,3.7835
0.045012,3.703
0.045016,3.6869
0.04502,3.6386
0.045024,3.542
0.045028,3.4937
0.045032,3.4776
0.045036,3.4615
0.04504,3.3971
0.045044,3.3327
0.045048,3.3327
0.045052,3.3327
0.045056,3.3005
0.04506,3.2683
0.045064,3.2521999999999998
0.045068,3.2843999999999998
0.045072,3.2521999999999998
0.045076,3.2199999999999998
0.04508,3.1877999999999997
0.045084,3.1717
0.045088,3.1395
0.045092,3.0911999999999997
0.045096,3.0751
0.0451,3.0911999999999997
0.045104,3.0429
0.045108,3.0107
0.045112,2.9946
0.045116,2.9946
0.04512,3.0107
0.045124,2.9785
0.045128,2.9785
0.045132,2.9946
0.045136,3.0107
0.04514,3.0107
0.045144,3.0107
0.045148,3.0107
0.045152,2.9946
0.045156,2.9624
0.04516,2.9624
0.045164,2.9624
0.045168,2.9624
0.045172,2.9302
0.045176,2.9302
0.04518,2.9463
0.045184,2.9624
0.045188,2.9624
0.045192,2.9624
0.045196,2.9463
0.0452,2.9463
0.045204,2.9302
0.045208,2.9141
0.045212,2.9141
0.045216,2.9302
0.04522,2.9302
0.045224,2.9141
0.045228,2.9141
0.045232,2.9141
0.045236,2.9141
0.04524,2.9302
0.045244,2.9302
0.045248,2.9302
0.045252,2.9302
0.045256,2.898
0.04526,2.8819
0.045264,2.8658
0.045268,2.8658
0.045272,2.8819
0.045276,2.898
0.04528,2.8819
0.045284,2.898
0.045288,2.9141
0.045292,2.9302
0.045296,2.9463
0.0453,2.9463
0.045304,2.9463
0.045308,2.9463
0.045312,2.9463
0.045316,2.9302
0.04532,2.9141
0.045324,2.9141
0.045328,2.9141
0.045332,2.898
0.045336,2.8819
0.04534,2.898
0.045344,2.9141
0.045348,2.898
0.045352,2.8819
0.045356,2.8819
0.04536,2.8819
0.045364,2.8819
0.045368,2.9141
0.045372,2.9141
0.045376,2.9302
0.04538,2.9141
0.045384,2.9141
0.045388,2.9302
0.045392,2.9302
0.045396,2.9302
0.0454,2.9141
0.045404,2.9141
0.045408,2.9141
0.045412,2.898
0.045416,2.898
0.04542,2.898
0.045424,2.9141
0.045428,2.898
0.045432,2.898
0.045436,2.8658
0.04544,2.8819
0.045444,2.898
0.045448,2.8819
0.045452,2.8658
0.045456,2.8819
0.04546,2.9141
0.045464,2.9302
0.045468,2.9302
0.045472,2.9463
0.045476,2.9463
0.04548,2.9785
0.045484,2.9624
0.045488,2.9624
0.045492,2.9624
0.045496,2.9463
0.0455,2.9141
0.045504,2.9141
0.045508,2.898
0.045512,2.8819
0.045516,2.898
0.04552,2.8819
0.045524,2.898
0.045528,2.898
0.045532,2.9141
0.045536,2.9463
0.04554,2.9624
0.045544,2.9463
0.045548,2.9463
0.045552,2.9463
0.045556,2.9302
0.04556,2.9302
0.045564,2.9141
0.045568,2.9141
0.045572,2.9141
0.045576,2.9141
0.04558,2.9141
0.045584,2.898
0.045588,2.898
0.045592,2.898
0.045596,2.8819
0.0456,2.8819
0.045604,2.8819
0.045608,2.8658
0.045612,2.8819
0.045616,2.8819
0.04562,2.8819
0.045624,2.8819
0.045628,2.898
0.045632,2.898
0.045636,2.9141
0.04564,2.9141
0.045644,2.898
0.045648,2.9141
0.045652,2.9141
0.045656,2.898
0.04566,2.8819
0.045664,2.8819
0.045668,2.8658
0.045672,2.8658
0.045676,2.8658
0.04568,2.8497
0.045684,2.8497
0.045688,2.8497
0.045692,2.8336
0.045696,2.8336
0.0457,2.8497
0.045704,2.8497
0.045708,2.8497
0.045712,2.8497
0.045716,2.8658
0.04572,2.8497
0.045724,2.8497
0.045728,2.8658
0.045732,2.8658
0.045736,2.8819
0.04574,2.8658
0.045744,2.8658
0.045748,2.8497
0.045752,2.8658
0.045756,2.8497
0.04576,2.8336
0.045764,2.8175
0.045768,2.8014
0.045772,2.8014
0.045776,2.7853
0.04578,2.7853
0.045784,2.8014
0.045788,2.8175
0.045792,2.8497
0.045796,2.8658
0.0458,2.8658
0.045804,2.8819
0.045808,2.8819
0.045812,2.8658
0.045816,2.8658
0.04582,2.8497
0.045824,2.8497
0.045828,2.8336
0.045832,2.8336
0.045836,2.8336
0.04584,2.8336
0.045844,2.8336
0.045848,2.8336
0.045852,2.8336
0.045856,2.8497
0.04586,2.8497
0.045864,2.8497
0.045868,2.8336
0.045872,2.8497
0.045876,2.8497
0.04588,2.8658
0.045884,2.8819
0.045888,2.8819
0.045892,2.898
0.045896,2.8658
0.0459,2.898
0.045904,2.8658
0.045908,2.8497
0.045912,2.8497
0.045916,2.8497
0.04592,2.8497
0.045924,2.8336
0.045928,2.8175
0.045932,2.8175
0.045936,2.8014
0.04594,2.8175
0.045944,2.8175
0.045948,2.8336
0.045952,2.8497
0.045956,2.898
0.04596,2.898
0.045964,2.898
0.045968,2.9302
0.045972,2.898
0.045976,2.8819
0.04598,2.8658
0.045984,2.8819
0.045988,2.8819
0.045992,2.8658
0.045996,2.8497
0.046,2.8175
0.046004,2.8014
0.046008,2.8014
0.046012,2.7853
0.046016,2.7853
0.04602,2.7692
0.046024,2.7853
0.046028,2.7853
0.046032,2.7853
0.046036,2.8175
0.04604,2.8175
0.046044,2.8175
0.046048,2.8175
0.046052,2.8336
0.046056,2.8336
0.04606,2.8336
0.046064,2.8014
0.046068,2.8014
0.046072,2.8014
0.046076,2.7853
0.04608,2.7692
0.046084,2.7531
0.046088,2.7531
0.046092,2.737
0.046096,2.7531
0.0461,2.7692
0.046104,2.7853
0.046108,2.8175
0.046112,2.8497
0.046116,2.8497
0.04612,2.8658
0.046124,2.8336
0.046128,2.8336
0.046132,2.8336
0.046136,2.8175
0.04614,2.8175
0.046144,2.8014
0.046148,2.8014
0.046152,2.7853
0.046156,2.7692
0.04616,2.7531
0.046164,2.7692
0.046168,2.737
0.046172,2.7209
0.046176,2.737
0.04618,2.7531
0.046184,2.7531
0.046188,2.7531
0.046192,2.7531
0.046196,2.7853
0.0462,2.7853
0.046204,2.8175
0.046208,2.8175
0.046212,2.8175
0.046216,2.8336
0.04622,2.8014
0.046224,2.7853
0.046228,2.7853
0.046232,2.7853
0.046236,2.7692
0.04624,2.7692
0.046244,2.7692
0.046248,2.7531
0.046252,2.737
0.046256,2.737
0.04626,2.737
0.046264,2.7531
0.046268,2.7531
0.046272,2.7531
0.046276,2.737
0.04628,2.7531
0.046284,2.7692
0.046288,2.7853
0.046292,2.7692
0.046296,2.7692
0.0463,2.7531
0.046304,2.737
0.046308,2.7531
0.046312,2.7692
0.046316,2.7692
0.04632,2.7531
0.046324,2.7692
0.046328,2.737
0.046332,2.7209
0.046336,2.7048
0.04634,2.7048
0.046344,2.7209
0.046348,2.737
0.046352,2.737
0.046356,2.7531
0.04636,2.737
0.046364,2.737
0.046368,2.737
0.046372,2.7531
0.046376,2.7692
0.04638,2.7692
0.046384,2.7853
0.046388,2.7853
0.046392,2.7692
0.046396,2.7692
0.0464,2.7531
0.046404,2.737
0.046408,2.737
0.046412,2.737
0.046416,2.7209
0.04642,2.7209
0.046424,2.7048
0.046428,2.7209
0.046432,2.7209
0.046436,2.737
0.04644,2.7692
0.046444,2.7692
0.046448,2.8014
0.046452,2.8014
0.046456,2.8014
0.04646,2.7853
0.046464,2.7853
0.046468,2.7853
0.046472,2.7853
0.046476,2.7853
0.04648,2.7692
0.046484,2.737
0.046488,2.737
0.046492,2.7048
0.046496,2.7048
0.0465,2.7048
0.046504,2.6887
0.046508,2.6887
0.046512,2.6726
0.046516,2.6887
0.04652,2.6887
0.046524,2.7048
0.046528,2.7209
0.046532,2.737
0.046536,2.7531
0.04654,2.7692
0.046544,2.7853
0.046548,2.8014
0.046552,2.8014
0.046556,2.8014
0.04656,2.8014
0.046564,2.8175
0.046568,2.7853
0.046572,2.7692
0.046576,2.7531
0.04658,2.737
0.046584,2.7048
0.046588,2.7048
0.046592,2.6887
0.046596,2.7048
0.0466,2.7048
0.046604,2.7209
0.046608,2.7209
0.046612,2.737
0.046616,2.7692
0.04662,2.7853
0.046624,2.8175
0.046628,2.8175
0.046632,2.8497
0.046636,2.8658
0.04664,2.8658
0.046644,2.8497
0.046648,2.8497
0.046652,2.8175
0.046656,2.7853
0.04666,2.7531
0.046664,2.7209
0.046668,2.6887
0.046672,2.6887
0.046676,2.6887
0.04668,2.6726
0.046684,2.7048
0.046688,2.737
0.046692,2.7692
0.046696,2.8175
0.0467,2.8497
0.046704,2.898
0.046708,2.9141
0.046712,2.9302
0.046716,2.9463
0.04672,2.9463
0.046724,2.9302
0.046728,2.9141
0.046732,2.9141
0.046736,2.8819
0.04674,2.8336
0.046744,2.8175
0.046748,2.7692
0.046752,2.737
0.046756,2.7209
0.04676,2.7048
0.046764,2.7209
0.046768,2.737
0.046772,2.7692
0.046776,2.8175
0.04678,2.8497
0.046784,2.8658
0.046788,2.8819
0.046792,2.9141
0.046796,2.9141
0.0468,2.9141
0.046804,2.898
0.046808,2.8658
0.046812,2.8658
0.046816,2.8175
0.04682,2.7853
0.046824,2.7531
0.046828,2.7048
0.046832,2.6887
0.046836,2.6565
0.04684,2.6565
0.046844,2.6887
0.046848,2.7048
0.046852,2.737
0.046856,2.7853
0.04686,2.8175
0.046864,2.8819
0.046868,2.898
0.046872,2.9141
0.046876,2.9141
0.04688,2.9302
0.046884,2.9302
0.046888,2.9302
0.046892,2.9302
0.046896,2.9141
0.0469,2.8336
0.046904,2.7853
0.046908,2.7209
0.046912,2.6726
0.046916,2.6565
0.04692,2.6565
0.046924,2.6565
0.046928,2.7048
0.046932,2.7531
0.046936,2.8175
0.04694,2.8658
0.046944,2.9141
0.046948,2.9463
0.046952,2.9624
0.046956,2.9624
0.04696,2.9785
0.046964,2.9624
0.046968,2.9463
0.046972,2.9141
0.046976,2.8819
0.04698,2.8175
0.046984,2.7692
0.046988,2.7209
0.046992,2.6887
0.046996,2.6726
0.047,2.6887
0.047004,2.7048
0.047008,2.7209
0.047012,2.7692
0.047016,2.8014
0.04702,2.8658
0.047024,2.8819
0.047028,2.898
0.047032,2.9141
0.047036,2.9141
0.04704,2.9141
0.047044,2.898
0.047048,2.9141
0.047052,2.8819
0.047056,2.8497
0.04706,2.8014
0.047064,2.737
0.047068,2.6887
0.047072,2.6404
0.047076,2.6243
0.04708,2.6404
0.047084,2.6887
0.047088,2.7209
0.047092,2.7531
0.047096,2.7692
0.0471,2.8497
0.047104,2.898
0.047108,2.9624
0.047112,2.9785
0.047116,2.9946
0.04712,2.9946
0.047124,2.9785
0.047128,2.9785
0.047132,2.9624
0.047136,2.9302
0.04714,2.898
0.047144,2.8336
0.047148,2.7692
0.047152,2.7209
0.047156,2.6726
0.04716,2.6726
0.047164,2.7048
0.047168,2.7209
0.047172,2.7853
0.047176,2.8175
0.04718,2.8658
0.047184,2.9302
0.047188,2.9463
0.047192,2.9785
0.047196,2.9946
0.0472,2.9946
0.047204,3.0429
0.047208,3.0429
0.047212,3.0268
0.047216,2.9946
0.04722,2.9624
0.047224,2.9141
0.047228,2.8497
0.047232,2.8014
0.047236,2.7692
0.04724,2.7209
0.047244,2.7048
0.047248,2.7531
0.047252,2.7692
0.047256,2.8175
0.04726,2.8658
0.047264,2.898
0.047268,2.9463
0.047272,2.9624
0.047276,3.0107
0.04728,3.059
0.047284,3.059
0.047288,3.0751
0.047292,3.1073
0.047296,3.1073
0.0473,3.059
0.047304,3.0429
0.047308,2.9946
0.047312,2.9302
0.047316,2.8658
0.04732,2.8014
0.047324,2.7692
0.047328,2.7531
0.047332,2.8014
0.047336,2.8175
0.04734,2.8497
0.047344,2.9302
0.047348,2.9624
0.047352,3.0107
0.047356,3.0268
0.04736,3.0751
0.047364,3.1395
0.047368,3.1877999999999997
0.047372,3.1877999999999997
0.047376,3.1717
0.04738,3.1717
0.047384,3.1555999999999997
0.047388,3.1073
0.047392,3.0751
0.047396,3.0107
0.0474,2.9463
0.047404,2.8658
0.047408,2.8336
0.047412,2.8175
0.047416,2.8175
0.04742,2.8497
0.047424,2.898
0.047428,2.9624
0.047432,3.059
0.047436,3.0911999999999997
0.04744,3.1233999999999997
0.047444,3.1877999999999997
0.047448,3.2843999999999998
0.047452,3.3327
0.047456,3.3649
0.04746,3.381
0.047464,3.381
0.047468,3.381
0.047472,3.3487999999999998
0.047476,3.3005
0.04748,3.2361
0.047484,3.1717
0.047488,3.0751
0.047492,3.0107
0.047496,2.9463
0.0475,2.9624
0.047504,2.9785
0.047508,2.9946
0.047512,3.0429
0.047516,3.1073
0.04752,3.1717
0.047524,3.2039
0.047528,3.2199999999999998
0.047532,3.2521999999999998
0.047536,3.2843999999999998
0.04754,3.3005
0.047544,3.2843999999999998
0.047548,3.2521999999999998
0.047552,3.2361
0.047556,3.2199999999999998
0.04756,3.2039
0.047564,3.1395
0.047568,3.0751
0.047572,2.9946
0.047576,2.9463
0.04758,2.898
0.047584,2.8658
0.047588,2.8819
0.047592,2.9141
0.047596,2.9785
0.0476,3.0268
0.047604,3.0751
0.047608,3.1073
0.047612,3.1395
0.047616,3.1877999999999997
0.04762,3.2361
0.047624,3.2683
0.047628,3.2683
0.047632,3.2521999999999998
0.047636,3.2683
0.04764,3.2843999999999998
0.047644,3.2361
0.047648,3.1877999999999997
0.047652,3.1233999999999997
0.047656,3.0911999999999997
0.04766,3.0107
0.047664,2.9463
0.047668,2.9141
0.047672,2.9141
0.047676,2.9463
0.04768,2.9785
0.047684,3.059
0.047688,3.1233999999999997
0.047692,3.1717
0.047696,3.2199999999999998
0.0477,3.2521999999999998
0.047704,3.3165999999999998
0.047708,3.3649
0.047712,3.381
0.047716,3.3649
0.04772,3.3165999999999998
0.047724,3.3005
0.047728,3.2683
0.047732,3.2361
0.047736,3.1717
0.04774,3.1073
0.047744,3.0107
0.047748,2.9302
0.047752,2.8819
0.047756,2.8658
0.04776,2.8819
0.047764,2.898
0.047768,2.9785
0.047772,3.0911999999999997
0.047776,3.1877999999999997
0.04778,3.2521999999999998
0.047784,3.3165999999999998
0.047788,3.4293
0.047792,3.4937
0.047796,3.4937
0.0478,3.4293
0.047804,3.3487999999999998
0.047808,3.3005
0.047812,3.2521999999999998
0.047816,3.1555999999999997
0.04782,3.059
0.047824,2.9463
0.047828,2.898
0.047832,2.898
0.047836,2.9302
0.04784,2.9946
0.047844,3.059
0.047848,3.1073
0.047852,3.1717
0.047856,3.1877999999999997
0.04786,3.2199999999999998
0.047864,3.2361
0.047868,3.2521999999999998
0.047872,3.2843999999999998
0.047876,3.2843999999999998
0.04788,3.3165999999999998
0.047884,3.3165999999999998
0.047888,3.3327
0.047892,3.2843999999999998
0.047896,3.2039
0.0479,3.1395
0.047904,3.0911999999999997
0.047908,3.0268
0.047912,2.9624
0.047916,2.9141
0.04792,2.9141
0.047924,2.9302
0.047928,2.9624
0.047932,3.0107
0.047936,3.0268
0.04794,3.0751
0.047944,3.0911999999999997
0.047948,3.1555999999999997
0.047952,3.1877999999999997
0.047956,3.1877999999999997
0.04796,3.1877999999999997
0.047964,3.1877999999999997
0.047968,3.1877999999999997
0.047972,3.1717
0.047976,3.1395
0.04798,3.0911999999999997
0.047984,3.0107
0.047988,2.9624
0.047992,2.9141
0.047996,2.8658
0.048,2.8175
0.048004,2.8175
0.048008,2.8336
0.048012,2.8819
0.048016,2.9302
0.04802,2.9624
0.048024,3.0268
0.048028,3.059
0.048032,3.0751
0.048036,3.0911999999999997
0.04804,3.1073
0.048044,3.1233999999999997
0.048048,3.1395
0.048052,3.1555999999999997
0.048056,3.1395
0.04806,3.1395
0.048064,3.1073
0.048068,3.0429
0.048072,2.9946
0.048076,2.9302
0.04808,2.8658
0.048084,2.8014
0.048088,2.7692
0.048092,2.7531
0.048096,2.7853
0.0481,2.8497
0.048104,2.8819
0.048108,2.9302
0.048112,2.9785
0.048116,3.0429
0.04812,3.0429
0.048124,3.059
0.048128,3.0911999999999997
0.048132,3.0911999999999997
0.048136,3.0751
0.04814,3.0751
0.048144,3.0429
0.048148,3.0268
0.048152,2.9946
0.048156,2.9302
0.04816,2.8819
0.048164,2.8175
0.048168,2.7692
0.048172,2.7209
0.048176,2.6887
0.04818,2.7048
0.048184,2.7531
0.048188,2.8175
0.048192,2.8497
0.048196,2.9141
0.0482,2.9302
0.048204,2.9624
0.048208,2.9946
0.048212,3.0107
0.048216,3.0268
0.04822,3.0429
0.048224,3.0268
0.048228,3.0429
0.048232,3.0268
0.048236,2.9785
0.04824,2.9302
0.048244,2.8819
0.048248,2.8336
0.048252,2.7853
0.048256,2.737
0.04826,2.6726
0.048264,2.6887
0.048268,2.7048
0.048272,2.7531
0.048276,2.8336
0.04828,2.8819
0.048284,2.9302
0.048288,2.9785
0.048292,3.0107
0.048296,3.0429
0.0483,3.0911999999999997
0.048304,3.1073
0.048308,3.1233999999999997
0.048312,3.1233999999999997
0.048316,3.1073
0.04832,3.0751
0.048324,3.0429
0.048328,3.0268
0.048332,3.0107
0.048336,2.9785
0.04834,2.9302
0.048344,2.8497
0.048348,2.7853
0.048352,2.7692
0.048356,2.7692
0.04836,2.7853
0.048364,2.8336
0.048368,2.9141
0.048372,2.9946
0.048376,3.0429
0.04838,3.059
0.048384,3.0911999999999997
0.048388,3.1395
0.048392,3.1717
0.048396,3.2039
0.0484,3.2199999999999998
0.048404,3.2361
0.048408,3.1877999999999997
0.048412,3.1717
0.048416,3.1395
0.04842,3.1073
0.048424,3.0751
0.048428,2.9946
0.048432,2.898
0.048436,2.8658
0.04844,2.8336
0.048444,2.8336
0.048448,2.8497
0.048452,2.898
0.048456,3.0268
0.04846,3.0911999999999997
0.048464,3.1555999999999997
0.048468,3.2039
0.048472,3.2361
0.048476,3.3165999999999998
0.04848,3.4132
0.048484,3.4132
0.048488,3.381
0.048492,3.3327
0.048496,3.2683
0.0485,3.2361
0.048504,3.1717
0.048508,3.1073
0.048512,3.0429
0.048516,2.9946
0.04852,2.9463
0.048524,2.9463
0.048528,2.9785
0.048532,2.9946
0.048536,3.0268
0.04854,3.0751
0.048544,3.1073
0.048548,3.1395
0.048552,3.1717
0.048556,3.1717
0.04856,3.1717
0.048564,3.1717
0.048568,3.1717
0.048572,3.1717
0.048576,3.1555999999999997
0.04858,3.1555999999999997
0.048584,3.1233999999999997
0.048588,3.0751
0.048592,3.0107
0.048596,2.9463
0.0486,2.8658
0.048604,2.8175
0.048608,2.8014
0.048612,2.7692
0.048616,2.7531
0.04862,2.7853
0.048624,2.8336
0.048628,2.8819
0.048632,2.9141
0.048636,2.9463
0.04864,2.9946
0.048644,3.0107
0.048648,3.0107
0.048652,3.0268
0.048656,3.059
0.04866,3.0911999999999997
0.048664,3.0751
0.048668,3.0751
0.048672,3.0429
0.048676,3.0429
0.04868,3.0268
0.048684,2.9785
0.048688,2.9463
0.048692,2.8658
0.048696,2.8014
0.0487,2.7692
0.048704,2.7692
0.048708,2.7692
0.048712,2.7853
0.048716,2.8497
0.04872,2.8658
0.048724,2.9141
0.048728,2.9463
0.048732,3.0107
0.048736,3.0107
0.04874,3.0429
0.048744,3.059
0.048748,3.059
0.048752,3.0911999999999997
0.048756,3.0751
0.04876,3.0429
0.048764,3.0268
0.048768,3.0107
0.048772,2.9785
0.048776,2.9463
0.04878,2.8819
0.048784,2.8175
0.048788,2.7692
0.048792,2.7531
0.048796,2.7531
0.0488,2.7692
0.048804,2.8336
0.048808,2.8819
0.048812,2.9302
0.048816,2.9785
0.04882,3.0107
0.048824,3.059
0.048828,3.1073
0.048832,3.1555999999999997
0.048836,3.1555999999999997
0.04884,3.1877999999999997
0.048844,3.2039
0.048848,3.1717
0.048852,3.1395
0.048856,3.1073
0.04886,3.059
0.048864,3.0429
0.048868,2.9946
0.048872,2.9463
0.048876,2.898
0.04888,2.8497
0.048884,2.8175
0.048888,2.8175
0.048892,2.8336
0.048896,2.898
0.0489,2.9463
0.048904,3.0107
0.048908,3.059
0.048912,3.059
0.048916,3.0751
0.04892,3.0911999999999997
0.048924,3.1395
0.048928,3.1555999999999997
0.048932,3.1555999999999997
0.048936,3.1555999999999997
0.04894,3.1233999999999997
0.048944,3.0911999999999997
0.048948,3.059
0.048952,3.0429
0.048956,3.0107
0.04896,2.9785
0.048964,2.9141
0.048968,2.8819
0.048972,2.8336
0.048976,2.8014
0.04898,2.8175
0.048984,2.898
0.048988,2.9946
0.048992,3.0911999999999997
0.048996,3.1233999999999997
0.049,3.1717
0.049004,3.2199999999999998
0.049008,3.2683
0.049012,3.3165999999999998
0.049016,3.3165999999999998
0.04902,3.3487999999999998
0.049024,3.3327
0.049028,3.2521999999999998
0.049032,3.1877999999999997
0.049036,3.1073
0.04904,3.0429
0.049044,2.9785
0.049048,2.9141
0.049052,2.8658
0.049056,2.8658
0.04906,2.8819
0.049064,2.9141
0.049068,2.9946
0.049072,3.0751
0.049076,3.1073
0.04908,3.1555999999999997
0.049084,3.1877999999999997
0.049088,3.2361
0.049092,3.2843999999999998
0.049096,3.3165999999999998
0.0491,3.3487999999999998
0.049104,3.3649
0.049108,3.3487999999999998
0.049112,3.3487999999999998
0.049116,3.3487999999999998
0.04912,3.3165999999999998
0.049124,3.2683
0.049128,3.2361
0.049132,3.1717
0.049136,3.1233999999999997
0.04914,3.0751
0.049144,3.0429
0.049148,3.0268
0.049152,3.0268
0.049156,3.0268
0.04916,3.0751
0.049164,3.1073
0.049168,3.1555999999999997
0.049172,3.2039
0.049176,3.2199999999999998
0.04918,3.2361
0.049184,3.2521999999999998
0.049188,3.2843999999999998
0.049192,3.3165999999999998
0.049196,3.3165999999999998
0.0492,3.3165999999999998
0.049204,3.2843999999999998
0.049208,3.2361
0.049212,3.1877999999999997
0.049216,3.1233999999999997
0.04922,3.0911999999999997
0.049224,3.059
0.049228,3.0268
0.049232,2.9946
0.049236,2.9785
0.04924,2.9785
0.049244,2.9946
0.049248,2.9946
0.049252,3.0268
0.049256,3.059
0.04926,3.1073
0.049264,3.1233999999999997
0.049268,3.1717
0.049272,3.1877999999999997
0.049276,3.2199999999999998
0.04928,3.2361
0.049284,3.2039
0.049288,3.1877999999999997
0.049292,3.1877999999999997
0.049296,3.1555999999999997
0.0493,3.1233999999999997
0.049304,3.0911999999999997
0.049308,3.0429
0.049312,2.9946
0.049316,2.9463
0.04932,2.9141
0.049324,2.8819
0.049328,2.8819
0.049332,2.9141
0.049336,2.9302
0.04934,2.9785
0.049344,3.0268
0.049348,3.059
0.049352,3.0911999999999997
0.049356,3.1073
0.04936,3.1555999999999997
0.049364,3.1717
0.049368,3.1877999999999997
0.049372,3.2199999999999998
0.049376,3.2039
0.04938,3.1877999999999997
0.049384,3.1717
0.049388,3.1717
0.049392,3.1233999999999997
0.049396,3.0911999999999997
0.0494,3.059
0.049404,3.0107
0.049408,2.9785
0.049412,2.9302
0.049416,2.898
0.04942,2.8658
0.049424,2.8819
0.049428,2.9141
0.049432,2.9302
0.049436,2.9785
0.04944,3.0268
0.049444,3.059
0.049448,3.0911999999999997
0.049452,3.1073
0.049456,3.1395
0.04946,3.1717
0.049464,3.1877999999999997
0.049468,3.1877999999999997
0.049472,3.1877999999999997
0.049476,3.2039
0.04948,3.2039
0.049484,3.1717
0.049488,3.1395
0.049492,3.1233999999999997
0.049496,3.0911999999999997
0.0495,3.0429
0.049504,2.9946
0.049508,2.9463
0.049512,2.898
0.049516,2.898
0.04952,2.898
0.049524,2.9463
0.049528,2.9785
0.049532,3.0429
0.049536,3.0751
0.04954,3.1233999999999997
0.049544,3.1717
0.049548,3.2039
0.049552,3.2199999999999998
0.049556,3.2521999999999998
0.04956,3.2683
0.049564,3.2683
0.049568,3.2683
0.049572,3.2521999999999998
0.049576,3.2361
0.04958,3.2199999999999998
0.049584,3.1717
0.049588,3.1233999999999997
0.049592,3.0751
0.049596,3.0268
0.0496,3.0107
0.049604,2.9624
0.049608,2.9624
0.049612,2.9946
0.049616,3.0107
0.04962,3.0429
0.049624,3.059
0.049628,3.0751
0.049632,3.1233999999999997
0.049636,3.1717
0.04964,3.2039
0.049644,3.2521999999999998
0.049648,3.2683
0.049652,3.3005
0.049656,3.3165999999999998
0.04966,3.3005
0.049664,3.2683
0.049668,3.2199999999999998
0.049672,3.1877999999999997
0.049676,3.1555999999999997
0.04968,3.1073
0.049684,3.0911999999999997
0.049688,3.0429
0.049692,2.9785
0.049696,2.9463
0.0497,2.9463
0.049704,2.9463
0.049708,2.9785
0.049712,3.059
0.049716,3.1233999999999997
0.04972,3.1555999999999997
0.049724,3.1877999999999997
0.049728,3.2039
0.049732,3.2521999999999998
0.049736,3.2843999999999998
0.04974,3.3005
0.049744,3.3165999999999998
0.049748,3.3327
0.049752,3.3487999999999998
0.049756,3.3327
0.04976,3.3165999999999998
0.049764,3.2843999999999998
0.049768,3.2683
0.049772,3.2521999999999998
0.049776,3.2199999999999998
0.04978,3.1877999999999997
0.049784,3.1555999999999997
0.049788,3.1073
0.049792,3.0751
0.049796,3.0751
0.0498,3.0751
0.049804,3.1073
0.049808,3.1555999999999997
0.049812,3.2039
0.049816,3.2361
0.04982,3.2843999999999998
0.049824,3.3005
0.049828,3.3487999999999998
0.049832,3.381
0.049836,3.3971
0.04984,3.381
0.049844,3.3649
0.049848,3.3487999999999998
0.049852,3.3327
0.049856,3.3005
0.04986,3.2521999999999998
0.049864,3.2039
0.049868,3.1395
0.049872,3.0911999999999997
0.049876,3.059
0.04988,3.0429
0.049884,3.0268
0.049888,3.0107
0.049892,3.0429
0.049896,3.0911999999999997
0.0499,3.1395
0.049904,3.2039
0.049908,3.2199999999999998
0.049912,3.2199999999999998
0.049916,3.2521999999999998
0.04992,3.3005
0.049924,3.3165999999999998
0.049928,3.3487999999999998
0.049932,3.3649
0.049936,3.3649
0.04994,3.3649
0.049944,3.3327
0.049948,3.3165999999999998
0.049952,3.3005
0.049956,3.2683
0.04996,3.2521999999999998
0.049964,3.2199999999999998
0.049968,3.1717
0.049972,3.1395
0.049976,3.1073
0.04998,3.0911999999999997
0.049984,3.1073
0.049988,3.1555999999999997
0.049992,3.2039
0.049996,3.2521999999999998
0.05,3.2843999999999998
0.050004,3.3165999999999998
0.050008,3.3327
0.050012,3.3487999999999998
0.050016,3.3649
0.05002,3.3971
0.050024,3.3971
0.050028,3.4293
0.050032,3.4132
0.050036,3.381
0.05004,3.3487999999999998
0.050044,3.3165999999999998
0.050048,3.2843999999999998
0.050052,3.2361
0.050056,3.1877999999999997
0.05006,3.1233999999999997
0.050064,3.0911999999999997
0.050068,3.0751
0.050072,3.0751
0.050076,3.0751
0.05008,3.1233999999999997
0.050084,3.1717
0.050088,3.2199999999999998
0.050092,3.2843999999999998
0.050096,3.3005
0.0501,3.3327
0.050104,3.3487999999999998
0.050108,3.3649
0.050112,3.3971
0.050116,3.4132
0.05012,3.4132
0.050124,3.4132
0.050128,3.4132
0.050132,3.3649
0.050136,3.3487999999999998
0.05014,3.3005
0.050144,3.2683
0.050148,3.2199999999999998
0.050152,3.1877999999999997
0.050156,3.1395
0.05016,3.1233999999999997
0.050164,3.1073
0.050168,3.1073
0.050172,3.1073
0.050176,3.1717
0.05018,3.2199999999999998
0.050184,3.2683
0.050188,3.3165999999999998
0.050192,3.3165999999999998
0.050196,3.3327
0.0502,3.3487999999999998
0.050204,3.3649
0.050208,3.381
0.050212,3.3971
0.050216,3.3971
0.05022,3.3649
0.050224,3.3487999999999998
0.050228,3.3005
0.050232,3.2843999999999998
0.050236,3.2521999999999998
0.05024,3.2039
0.050244,3.1555999999999997
0.050248,3.1073
0.050252,3.0911999999999997
0.050256,3.059
0.05026,3.059
0.050264,3.0751
0.050268,3.1555999999999997
0.050272,3.2039
0.050276,3.2521999999999998
0.05028,3.3005
0.050284,3.3327
0.050288,3.3487999999999998
0.050292,3.3649
0.050296,3.3971
0.0503,3.4132
0.050304,3.4132
0.050308,3.4132
0.050312,3.4132
0.050316,3.381
0.05032,3.3649
0.050324,3.3165999999999998
0.050328,3.2521999999999998
0.050332,3.2039
0.050336,3.1717
0.05034,3.1555999999999997
0.050344,3.1395
0.050348,3.1073
0.050352,3.1233999999999997
0.050356,3.1555999999999997
0.05036,3.2039
0.050364,3.2361
0.050368,3.2683
0.050372,3.3005
0.050376,3.3165999999999998
0.05038,3.3327
0.050384,3.3487999999999998
0.050388,3.3649
0.050392,3.3971
0.050396,3.4293
0.0504,3.4132
0.050404,3.381
0.050408,3.3649
0.050412,3.3005
0.050416,3.2683
0.05042,3.2361
0.050424,3.2039
0.050428,3.1555999999999997
0.050432,3.1233999999999997
0.050436,3.1073
0.05044,3.059
0.050444,3.0751
0.050448,3.1073
0.050452,3.2039
0.050456,3.2361
0.05046,3.2683
0.050464,3.3165999999999998
0.050468,3.3487999999999998
0.050472,3.3649
0.050476,3.381
0.05048,3.3971
0.050484,3.4132
0.050488,3.4293
0.050492,3.4132
0.050496,3.381
0.0505,3.3327
0.050504,3.2683
0.050508,3.2361
0.050512,3.1877999999999997
0.050516,3.1395
0.05052,3.1073
0.050524,3.059
0.050528,3.0429
0.050532,3.0429
0.050536,3.059
0.05054,3.1395
0.050544,3.1877999999999997
0.050548,3.2683
0.050552,3.3005
0.050556,3.3327
0.05056,3.3649
0.050564,3.381
0.050568,3.3971
0.050572,3.4132
0.050576,3.4293
0.05058,3.4293
0.050584,3.4293
0.050588,3.4132
0.050592,3.3649
0.050596,3.3327
0.0506,3.2843999999999998
0.050604,3.2521999999999998
0.050608,3.2039
0.050612,3.1555999999999997
0.050616,3.1395
0.05062,3.1233999999999997
0.050624,3.1395
0.050628,3.1555999999999997
0.050632,3.1555999999999997
0.050636,3.1877999999999997
0.05064,3.2521999999999998
0.050644,3.2843999999999998
0.050648,3.3005
0.050652,3.3327
0.050656,3.3327
0.05066,3.381
0.050664,3.381
0.050668,3.381
0.050672,3.381
0.050676,3.381
0.05068,3.3487999999999998
0.050684,3.3005
0.050688,3.2521999999999998
0.050692,3.2039
0.050696,3.1395
0.0507,3.0911999999999997
0.050704,3.0429
0.050708,3.0107
0.050712,3.0268
0.050716,3.059
0.05072,3.0751
0.050724,3.1233999999999997
0.050728,3.1877999999999997
0.050732,3.2361
0.050736,3.2843999999999998
0.05074,3.3005
0.050744,3.3165999999999998
0.050748,3.3165999999999998
0.050752,3.3165999999999998
0.050756,3.3327
0.05076,3.3487999999999998
0.050764,3.3487999999999998
0.050768,3.3487999999999998
0.050772,3.3165999999999998
0.050776,3.3005
0.05078,3.2521999999999998
0.050784,3.1877999999999997
0.050788,3.1395
0.050792,3.1073
0.050796,3.0751
0.0508,3.0751
0.050804,3.0751
0.050808,3.1073
0.050812,3.1717
0.050816,3.2199999999999998
0.05082,3.2683
0.050824,3.2843999999999998
0.050828,3.3165999999999998
0.050832,3.3487999999999998
0.050836,3.3649
0.05084,3.3649
0.050844,3.3971
0.050848,3.3971
0.050852,3.4132
0.050856,3.3971
0.05086,3.381
0.050864,3.3487999999999998
0.050868,3.3165999999999998
0.050872,3.2521999999999998
0.050876,3.1877999999999997
0.05088,3.1395
0.050884,3.1073
0.050888,3.1073
0.050892,3.0751
0.050896,3.0751
0.0509,3.1073
0.050904,3.1717
0.050908,3.2039
0.050912,3.2199999999999998
0.050916,3.2683
0.05092,3.3327
0.050924,3.381
0.050928,3.3971
0.050932,3.4132
0.050936,3.4454
0.05094,3.4454
0.050944,3.4615
0.050948,3.4454
0.050952,3.381
0.050956,3.3487999999999998
0.05096,3.3005
0.050964,3.2521999999999998
0.050968,3.2039
0.050972,3.1555999999999997
0.050976,3.1073
0.05098,3.0911999999999997
0.050984,3.059
0.050988,3.0751
0.050992,3.1073
0.050996,3.1717
0.051,3.2199999999999998
0.051004,3.2521999999999998
0.051008,3.2843999999999998
0.051012,3.3005
0.051016,3.3165999999999998
0.05102,3.3487999999999998
0.051024,3.3649
0.051028,3.3971
0.051032,3.3971
0.051036,3.3971
0.05104,3.3487999999999998
0.051044,3.3487999999999998
0.051048,3.3005
0.051052,3.2843999999999998
0.051056,3.2361
0.05106,3.1717
0.051064,3.1233999999999997
0.051068,3.059
0.051072,3.0429
0.051076,3.0429
0.05108,3.0429
0.051084,3.1073
0.051088,3.1717
0.051092,3.2361
0.051096,3.2843999999999998
0.0511,3.3005
0.051104,3.3327
0.051108,3.3649
0.051112,3.381
0.051116,3.381
0.05112,3.3971
0.051124,3.3971
0.051128,3.3971
0.051132,3.3487999999999998
0.051136,3.2843999999999998
0.05114,3.2361
0.051144,3.1877999999999997
0.051148,3.1395
0.051152,3.0751
0.051156,3.0268
0.05116,3.0107
0.051164,3.0107
0.051168,3.0429
0.051172,3.1233999999999997
0.051176,3.2039
0.05118,3.2683
0.051184,3.3165999999999998
0.051188,3.3649
0.051192,3.381
0.051196,3.3971
0.0512,3.4132
0.051204,3.4293
0.051208,3.4454
0.051212,3.4615
0.051216,3.4293
0.05122,3.381
0.051224,3.3487999999999998
0.051228,3.2683
0.051232,3.2199999999999998
0.051236,3.1717
0.05124,3.1233999999999997
0.051244,3.0911999999999997
0.051248,3.0751
0.051252,3.0751
0.051256,3.1233999999999997
0.05126,3.1717
0.051264,3.2361
0.051268,3.2843999999999998
0.051272,3.3327
0.051276,3.3487999999999998
0.05128,3.3649
0.051284,3.381
0.051288,3.4132
0.051292,3.4293
0.051296,3.4293
0.0513,3.4293
0.051304,3.4132
0.051308,3.3649
0.051312,3.3005
0.051316,3.2521999999999998
0.05132,3.2361
0.051324,3.1717
0.051328,3.1395
0.051332,3.0911999999999997
0.051336,3.0911999999999997
0.05134,3.0751
0.051344,3.0751
0.051348,3.1073
0.051352,3.1717
0.051356,3.2039
0.05136,3.2683
0.051364,3.2683
0.051368,3.2683
0.051372,3.2843999999999998
0.051376,3.2843999999999998
0.05138,3.3005
0.051384,3.3165999999999998
0.051388,3.3327
0.051392,3.3165999999999998
0.051396,3.3005
0.0514,3.2683
0.051404,3.2361
0.051408,3.1877999999999997
0.051412,3.1395
0.051416,3.0911999999999997
0.05142,3.0429
0.051424,3.0429
0.051428,3.0107
0.051432,3.0107
0.051436,3.0429
0.05144,3.1073
0.051444,3.1395
0.051448,3.1717
0.051452,3.2039
0.051456,3.2361
0.05146,3.2521999999999998
0.051464,3.2683
0.051468,3.3005
0.051472,3.3165999999999998
0.051476,3.3327
0.05148,3.3327
0.051484,3.2843999999999998
0.051488,3.2521999999999998
0.051492,3.2361
0.051496,3.2039
0.0515,3.1395
0.051504,3.1073
0.051508,3.0751
0.051512,3.0268
0.051516,3.0107
0.05152,3.0107
0.051524,2.9946
0.051528,3.0429
0.051532,3.0911999999999997
0.051536,3.1233999999999997
0.05154,3.1717
0.051544,3.2199999999999998
0.051548,3.2521999999999998
0.051552,3.2683
0.051556,3.2843999999999998
0.05156,3.3005
0.051564,3.3165999999999998
0.051568,3.3165999999999998
0.051572,3.3165999999999998
0.051576,3.2843999999999998
0.05158,3.2683
0.051584,3.2199999999999998
0.051588,3.1717
0.051592,3.1233999999999997
0.051596,3.059
0.0516,3.0268
0.051604,3.0107
0.051608,2.9624
0.051612,2.9463
0.051616,2.9624
0.05162,2.9946
0.051624,3.0429
0.051628,3.1233999999999997
0.051632,3.1555999999999997
0.051636,3.2039
0.05164,3.2039
0.051644,3.2039
0.051648,3.2361
0.051652,3.2843999999999998
0.051656,3.2683
0.05166,3.2683
0.051664,3.2683
0.051668,3.2361
0.051672,3.2039
0.051676,3.1555999999999997
0.05168,3.1073
0.051684,3.059
0.051688,3.0268
0.051692,2.9946
0.051696,2.9624
0.0517,2.9463
0.051704,2.9463
0.051708,2.9785
0.051712,3.0429
0.051716,3.1233999999999997
0.05172,3.1877999999999997
0.051724,3.2039
0.051728,3.2199999999999998
0.051732,3.2361
0.051736,3.2361
0.05174,3.2361
0.051744,3.2683
0.051748,3.2683
0.051752,3.2683
0.051756,3.2521999999999998
0.05176,3.2361
0.051764,3.2199999999999998
0.051768,3.1555999999999997
0.051772,3.0911999999999997
0.051776,3.0429
0.05178,2.9785
0.051784,2.9463
0.051788,2.9141
0.051792,2.9463
0.051796,2.9785
0.0518,3.0268
0.051804,3.0751
0.051808,3.1233999999999997
0.051812,3.1555999999999997
0.051816,3.2039
0.05182,3.2199999999999998
0.051824,3.2199999999999998
0.051828,3.2039
0.051832,3.2361
0.051836,3.2683
0.05184,3.2521999999999998
0.051844,3.2361
0.051848,3.2039
0.051852,3.1877999999999997
0.051856,3.1395
0.05186,3.0911999999999997
0.051864,3.059
0.051868,3.0107
0.051872,2.9785
0.051876,2.9624
0.05188,2.9624
0.051884,2.9463
0.051888,2.9624
0.051892,3.0107
0.051896,3.059
0.0519,3.1233999999999997
0.051904,3.1717
0.051908,3.1877999999999997
0.051912,3.2039
0.051916,3.2199999999999998
0.05192,3.2199999999999998
0.051924,3.2521999999999998
0.051928,3.2521999999999998
0.051932,3.2521999999999998
0.051936,3.2361
0.05194,3.2039
0.051944,3.1717
0.051948,3.1073
0.051952,3.059
0.051956,2.9946
0.05196,2.9463
0.051964,2.9141
0.051968,2.898
0.051972,2.898
0.051976,2.9302
0.05198,2.9624
0.051984,3.0268
0.051988,3.0911999999999997
0.051992,3.1395
0.051996,3.1555999999999997
0.052,3.1555999999999997
0.052004,3.1877999999999997
0.052008,3.1877999999999997
0.052012,3.2039
0.052016,3.2199999999999998
0.05202,3.2199999999999998
0.052024,3.2199999999999998
0.052028,3.1717
0.052032,3.0911999999999997
0.052036,3.0429
0.05204,3.0268
0.052044,2.9624
0.052048,2.9141
0.052052,2.8819
0.052056,2.8819
0.05206,2.8658
0.052064,2.9141
0.052068,2.9785
0.052072,3.0268
0.052076,3.0911999999999997
0.05208,3.1395
0.052084,3.1717
0.052088,3.1877999999999997
0.052092,3.1877999999999997
0.052096,3.2039
0.0521,3.2361
0.052104,3.2683
0.052108,3.2843999999999998
0.052112,3.2521999999999998
0.052116,3.2199999999999998
0.05212,3.1717
0.052124,3.1395
0.052128,3.0751
0.052132,2.9946
0.052136,2.9463
0.05214,2.9302
0.052144,2.9302
0.052148,2.9141
0.052152,2.9302
0.052156,2.9785
0.05216,3.0268
0.052164,3.1073
0.052168,3.1555999999999997
0.052172,3.1717
0.052176,3.2199999999999998
0.05218,3.2199999999999998
0.052184,3.2361
0.052188,3.2683
0.052192,3.2843999999999998
0.052196,3.2843999999999998
0.0522,3.2521999999999998
0.052204,3.2199999999999998
0.052208,3.1877999999999997
0.052212,3.1233999999999997
0.052216,3.059
0.05222,2.9946
0.052224,2.9463
0.052228,2.9463
0.052232,2.9302
0.052236,2.9463
0.05224,2.9785
0.052244,3.0429
0.052248,3.059
0.052252,3.0911999999999997
0.052256,3.1233999999999997
0.05226,3.1555999999999997
0.052264,3.1877999999999997
0.052268,3.2039
0.052272,3.2199999999999998
0.052276,3.2199999999999998
0.05228,3.2361
0.052284,3.2521999999999998
0.052288,3.2361
0.052292,3.1877999999999997
0.052296,3.1555999999999997
0.0523,3.1073
0.052304,3.059
0.052308,3.0107
0.052312,2.9785
0.052316,2.9624
0.05232,2.9141
0.052324,2.898
0.052328,2.898
0.052332,2.9624
0.052336,3.0268
0.05234,3.0751
0.052344,3.1233999999999997
0.052348,3.1555999999999997
0.052352,3.1555999999999997
0.052356,3.1717
0.05236,3.1877999999999997
0.052364,3.1877999999999997
0.052368,3.2199999999999998
0.052372,3.2199999999999998
0.052376,3.2039
0.05238,3.1717
0.052384,3.1233999999999997
0.052388,3.0751
0.052392,3.0107
0.052396,2.9624
0.0524,2.9141
0.052404,2.898
0.052408,2.8819
0.052412,2.8658
0.052416,2.8819
0.05242,2.9141
0.052424,2.9463
0.052428,3.0107
0.052432,3.059
0.052436,3.0911999999999997
0.05244,3.1233999999999997
0.052444,3.1395
0.052448,3.1717
0.052452,3.1877999999999997
0.052456,3.2039
0.05246,3.2039
0.052464,3.1877999999999997
0.052468,3.1717
0.052472,3.1233999999999997
0.052476,3.0751
0.05248,3.0429
0.052484,2.9946
0.052488,2.9463
0.052492,2.9302
0.052496,2.898
0.0525,2.8658
0.052504,2.8658
0.052508,2.8658
0.052512,2.9141
0.052516,2.9624
0.05252,3.0268
0.052524,3.0751
0.052528,3.1073
0.052532,3.1395
0.052536,3.1395
0.05254,3.1555999999999997
0.052544,3.1555999999999997
0.052548,3.1555999999999997
0.052552,3.1717
0.052556,3.1717
0.05256,3.1555999999999997
0.052564,3.1233999999999997
0.052568,3.0751
0.052572,2.9946
0.052576,2.9463
0.05258,2.8658
0.052584,2.8497
0.052588,2.8497
0.052592,2.8497
0.052596,2.8819
0.0526,2.9302
0.052604,2.9785
0.052608,3.0107
0.052612,3.0429
0.052616,3.0751
0.05262,3.0751
0.052624,3.0911999999999997
0.052628,3.1073
0.052632,3.1233999999999997
0.052636,3.1395
0.05264,3.1233999999999997
0.052644,3.1233999999999997
0.052648,3.1073
0.052652,3.059
0.052656,2.9946
0.05266,2.9302
0.052664,2.8658
0.052668,2.8175
0.052672,2.8014
0.052676,2.7853
0.05268,2.8014
0.052684,2.8497
0.052688,2.898
0.052692,2.9463
0.052696,2.9946
0.0527,3.0429
0.052704,3.0751
0.052708,3.1073
0.052712,3.1233999999999997
0.052716,3.1233999999999997
0.05272,3.1395
0.052724,3.1555999999999997
0.052728,3.1717
0.052732,3.1395
0.052736,3.1233999999999997
0.05274,3.0911999999999997
0.052744,3.059
0.052748,3.0107
0.052752,2.9463
0.052756,2.898
0.05276,2.8658
0.052764,2.8497
0.052768,2.8497
0.052772,2.8658
0.052776,2.898
0.05278,2.9463
0.052784,2.9785
0.052788,3.0107
0.052792,3.059
0.052796,3.0751
0.0528,3.0911999999999997
0.052804,3.1233999999999997
0.052808,3.1395
0.052812,3.1555999999999997
0.052816,3.1395
0.05282,3.1233999999999997
0.052824,3.0911999999999997
0.052828,3.0751
0.052832,3.0429
0.052836,2.9785
0.05284,2.9463
0.052844,2.8819
0.052848,2.8336
0.052852,2.8497
0.052856,2.8658
0.05286,2.8658
0.052864,2.8658
0.052868,2.8819
0.052872,2.9463
0.052876,2.9785
0.05288,3.0107
0.052884,3.0429
0.052888,3.0751
0.052892,3.1073
0.052896,3.1073
0.0529,3.1395
0.052904,3.1233999999999997
0.052908,3.1233999999999997
0.052912,3.1073
0.052916,3.0751
0.05292,3.0268
0.052924,2.9785
0.052928,2.9141
0.052932,2.8658
0.052936,2.8175
0.05294,2.8175
0.052944,2.8175
0.052948,2.8175
0.052952,2.8497
0.052956,2.9141
0.05296,2.9463
0.052964,2.9785
0.052968,3.0107
0.052972,3.0429
0.052976,3.059
0.05298,3.0429
0.052984,3.0429
0.052988,3.059
0.052992,3.0911999999999997
0.052996,3.1073
0.053,3.0751
0.053004,3.0429
0.053008,2.9946
0.053012,2.9302
0.053016,2.898
0.05302,2.8497
0.053024,2.8175
0.053028,2.8014
0.053032,2.7853
0.053036,2.7853
0.05304,2.8175
0.053044,2.8336
0.053048,2.898
0.053052,2.9463
0.053056,2.9946
0.05306,3.0268
0.053064,3.0429
0.053068,3.059
0.053072,3.0911999999999997
0.053076,3.1073
0.05308,3.1073
0.053084,3.1073
0.053088,3.0751
0.053092,3.0429
0.053096,2.9785
0.0531,2.9141
0.053104,2.898
0.053108,2.8336
0.053112,2.8014
0.053116,2.7692
0.05312,2.7531
0.053124,2.7692
0.053128,2.7692
0.053132,2.8175
0.053136,2.8658
0.05314,2.898
0.053144,2.9624
0.053148,2.9785
0.053152,2.9946
0.053156,3.0107
0.05316,3.0429
0.053164,3.0429
0.053168,3.0429
0.053172,3.059
0.053176,3.0429
0.05318,3.0107
0.053184,2.9624
0.053188,2.9141
0.053192,2.8336
0.053196,2.7692
0.0532,2.7531
0.053204,2.737
0.053208,2.737
0.053212,2.7853
0.053216,2.8014
0.05322,2.8336
0.053224,2.8819
0.053228,2.9302
0.053232,2.9624
0.053236,2.9624
0.05324,2.9946
0.053244,3.0107
0.053248,3.0107
0.053252,3.0268
0.053256,3.0429
0.05326,3.0429
0.053264,3.0429
0.053268,3.0107
0.053272,3.0107
0.053276,2.9624
0.05328,2.9141
0.053284,2.8658
0.053288,2.8175
0.053292,2.7853
0.053296,2.7692
0.0533,2.737
0.053304,2.7531
0.053308,2.7853
0.053312,2.8336
0.053316,2.8658
0.05332,2.898
0.053324,2.9624
0.053328,2.9946
0.053332,3.0107
0.053336,3.0268
0.05334,3.0429
0.053344,3.0429
0.053348,3.0429
0.053352,3.0268
0.053356,2.9946
0.05336,2.9624
0.053364,2.9302
0.053368,2.8658
0.053372,2.8014
0.053376,2.7692
0.05338,2.737
0.053384,2.7209
0.053388,2.7048
0.053392,2.7209
0.053396,2.7531
0.0534,2.7853
0.053404,2.8819
0.053408,2.9302
0.053412,2.9463
0.053416,2.9785
0.05342,2.9946
0.053424,3.0107
0.053428,3.0268
0.053432,3.0268
0.053436,3.0429
0.05344,3.0429
0.053444,2.9946
0.053448,2.9624
0.053452,2.898
0.053456,2.8497
0.05346,2.8014
0.053464,2.7692
0.053468,2.737
0.053472,2.7209
0.053476,2.7048
0.05348,2.737
0.053484,2.7853
0.053488,2.8336
0.053492,2.8658
0.053496,2.898
0.0535,2.9463
0.053504,2.9463
0.053508,2.9624
0.053512,2.9624
0.053516,2.9624
0.05352,2.9785
0.053524,2.9946
0.053528,2.9785
0.053532,2.9302
0.053536,2.898
0.05354,2.8497
0.053544,2.8175
0.053548,2.7531
0.053552,2.7048
0.053556,2.6726
0.05356,2.6887
0.053564,2.7048
0.053568,2.7209
0.053572,2.7531
0.053576,2.8014
0.05358,2.8497
0.053584,2.898
0.053588,2.898
0.053592,2.9141
0.053596,2.9463
0.0536,2.9624
0.053604,2.9785
0.053608,3.0107
0.053612,3.0268
0.053616,3.0268
0.05362,3.0268
0.053624,2.9785
0.053628,2.9302
0.053632,2.8819
0.053636,2.8336
0.05364,2.7853
0.053644,2.737
0.053648,2.7048
0.053652,2.6887
0.053656,2.7048
0.05366,2.737
0.053664,2.7853
0.053668,2.8336
0.053672,2.8819
0.053676,2.9141
0.05368,2.9302
0.053684,2.9302
0.053688,2.9463
0.053692,2.9624
0.053696,2.9624
0.0537,2.9785
0.053704,2.9785
0.053708,2.9785
0.053712,2.9624
0.053716,2.9141
0.05372,2.8497
0.053724,2.8014
0.053728,2.7692
0.053732,2.737
0.053736,2.737
0.05374,2.7209
0.053744,2.7048
0.053748,2.737
0.053752,2.7692
0.053756,2.8014
0.05376,2.8336
0.053764,2.8819
0.053768,2.9141
0.053772,2.9141
0.053776,2.898
0.05378,2.898
0.053784,2.9302
0.053788,2.9463
0.053792,2.9302
0.053796,2.9302
0.0538,2.898
0.053804,2.8658
0.053808,2.8014
0.053812,2.7531
0.053816,2.7209
0.05382,2.6726
0.053824,2.6565
0.053828,2.6565
0.053832,2.6726
0.053836,2.7048
0.05384,2.7692
0.053844,2.8014
0.053848,2.8175
0.053852,2.8497
0.053856,2.8819
0.05386,2.9141
0.053864,2.9141
0.053868,2.9302
0.053872,2.9463
0.053876,2.9463
0.05388,2.9302
0.053884,2.898
0.053888,2.8658
0.053892,2.8175
0.053896,2.7692
0.0539,2.7209
0.053904,2.7048
0.053908,2.6726
0.053912,2.6565
0.053916,2.6404
0.05392,2.6565
0.053924,2.7048
0.053928,2.737
0.053932,2.7692
0.053936,2.8175
0.05394,2.8497
0.053944,2.8819
0.053948,2.898
0.053952,2.898
0.053956,2.9302
0.05396,2.9463
0.053964,2.9463
0.053968,2.9463
0.053972,2.9302
0.053976,2.898
0.05398,2.8175
0.053984,2.7692
0.053988,2.7048
0.053992,2.6565
0.053996,2.6082
0.054,2.5921
0.054004,2.6082
0.054008,2.6404
0.054012,2.7048
0.054016,2.737
0.05402,2.8014
0.054024,2.8497
0.054028,2.8658
0.054032,2.898
0.054036,2.898
0.05404,2.9141
0.054044,2.9302
0.054048,2.9302
0.054052,2.9463
0.054056,2.9141
0.05406,2.8819
0.054064,2.8336
0.054068,2.7853
0.054072,2.7531
0.054076,2.6887
0.05408,2.6404
0.054084,2.6243
0.054088,2.6243
0.054092,2.6243
0.054096,2.6404
0.0541,2.6726
0.054104,2.7209
0.054108,2.7531
0.054112,2.8014
0.054116,2.8336
0.05412,2.8658
0.054124,2.8658
0.054128,2.898
0.054132,2.9141
0.054136,2.9302
0.05414,2.9302
0.054144,2.898
0.054148,2.8658
0.054152,2.8336
0.054156,2.7853
0.05416,2.737
0.054164,2.6726
0.054168,2.6404
0.054172,2.5921
0.054176,2.6082
0.05418,2.6082
0.054184,2.6243
0.054188,2.6726
0.054192,2.7048
0.054196,2.7531
0.0542,2.8175
0.054204,2.8336
0.054208,2.8497
0.054212,2.8497
0.054216,2.8658
0.05422,2.8658
0.054224,2.8658
0.054228,2.8819
0.054232,2.8658
0.054236,2.8336
0.05424,2.8014
0.054244,2.7531
0.054248,2.7209
0.054252,2.6726
0.054256,2.6243
0.05426,2.5921
0.054264,2.5921
0.054268,2.5921
0.054272,2.6243
0.054276,2.6887
0.05428,2.7209
0.054284,2.7531
0.054288,2.7692
0.054292,2.7692
0.054296,2.8014
0.0543,2.8336
0.054304,2.8658
0.054308,2.8819
0.054312,2.8819
0.054316,2.8819
0.05432,2.8336
0.054324,2.8014
0.054328,2.737
0.054332,2.6887
0.054336,2.6565
0.05434,2.5921
0.054344,2.5599
0.054348,2.5277
0.054352,2.5438
0.054356,2.576
0.05436,2.6243
0.054364,2.6726
0.054368,2.7048
0.054372,2.7531
0.054376,2.8014
0.05438,2.8336
0.054384,2.8497
0.054388,2.8497
0.054392,2.8497
0.054396,2.8497
0.0544,2.8497
0.054404,2.8658
0.054408,2.8497
0.054412,2.8175
0.054416,2.7692
0.05442,2.7209
0.054424,2.6726
0.054428,2.6404
0.054432,2.6082
0.054436,2.576
0.05444,2.5921
0.054444,2.6082
0.054448,2.6243
0.054452,2.6565
0.054456,2.7048
0.05446,2.7531
0.054464,2.7853
0.054468,2.8014
0.054472,2.8175
0.054476,2.8336
0.05448,2.8336
0.054484,2.8497
0.054488,2.8497
0.054492,2.8336
0.054496,2.8014
0.0545,2.7531
0.054504,2.7209
0.054508,2.6726
0.054512,2.6243
0.054516,2.576
0.05452,2.5277
0.054524,2.5277
0.054528,2.5599
0.054532,2.576
0.054536,2.6243
0.05454,2.6726
0.054544,2.7048
0.054548,2.737
0.054552,2.7531
0.054556,2.7692
0.05456,2.7692
0.054564,2.7692
0.054568,2.7853
0.054572,2.8014
0.054576,2.7853
0.05458,2.7853
0.054584,2.737
0.054588,2.7209
0.054592,2.6887
0.054596,2.6243
0.0546,2.576
0.054604,2.5599
0.054608,2.5438
0.054612,2.5277
0.054616,2.5277
0.05462,2.576
0.054624,2.6243
0.054628,2.6726
0.054632,2.7048
0.054636,2.7209
0.05464,2.7692
0.054644,2.7692
0.054648,2.7531
0.054652,2.7692
0.054656,2.7692
0.05466,2.7531
0.054664,2.7531
0.054668,2.737
0.054672,2.7209
0.054676,2.6565
0.05468,2.5921
0.054684,2.5438
0.054688,2.5116
0.054692,2.4794
0.054696,2.4955
0.0547,2.5116
0.054704,2.5277
0.054708,2.576
0.054712,2.6404
0.054716,2.7048
0.05472,2.737
0.054724,2.7692
0.054728,2.7853
0.054732,2.8014
0.054736,2.8014
0.05474,2.8175
0.054744,2.8336
0.054748,2.8175
0.054752,2.7853
0.054756,2.7531
0.05476,2.7209
0.054764,2.6726
0.054768,2.6243
0.054772,2.5599
0.054776,2.5116
0.05478,2.4955
0.054784,2.4955
0.054788,2.4955
0.054792,2.5116
0.054796,2.576
0.0548,2.6404
0.054804,2.6887
0.054808,2.7048
0.054812,2.7209
0.054816,2.7531
0.05482,2.7692
0.054824,2.7853
0.054828,2.8014
0.054832,2.8014
0.054836,2.7853
0.05484,2.7531
0.054844,2.7209
0.054848,2.6726
0.054852,2.6243
0.054856,2.576
0.05486,2.5438
0.054864,2.5277
0.054868,2.5438
0.054872,2.5438
0.054876,2.576
0.05488,2.5921
0.054884,2.6404
0.054888,2.6726
0.054892,2.7209
0.054896,2.7531
0.0549,2.7531
0.054904,2.737
0.054908,2.7531
0.054912,2.7692
0.054916,2.7853
0.05492,2.7853
0.054924,2.7692
0.054928,2.7209
0.054932,2.6726
0.054936,2.6243
0.05494,2.576
0.054944,2.5438
0.054948,2.5116
0.054952,2.4794
0.054956,2.4633
0.05496,2.4794
0.054964,2.5116
0.054968,2.576
0.054972,2.6082
0.054976,2.6404
0.05498,2.6887
0.054984,2.7048
0.054988,2.7048
0.054992,2.7048
0.054996,2.737
0.055,2.7692
0.055004,2.7531
0.055008,2.737
0.055012,2.7048
0.055016,2.6726
0.05502,2.6082
0.055024,2.576
0.055028,2.5277
0.055032,2.5116
0.055036,2.4794
0.05504,2.4633
0.055044,2.4794
0.055048,2.4955
0.055052,2.5599
0.055056,2.6082
0.05506,2.6404
0.055064,2.6887
0.055068,2.7048
0.055072,2.7209
0.055076,2.737
0.05508,2.7209
0.055084,2.737
0.055088,2.737
0.055092,2.7209
0.055096,2.7048
0.0551,2.6726
0.055104,2.6243
0.055108,2.576
0.055112,2.5438
0.055116,2.5116
0.05512,2.4794
0.055124,2.4794
0.055128,2.4794
0.055132,2.4955
0.055136,2.5116
0.05514,2.5438
0.055144,2.576
0.055148,2.6243
0.055152,2.6726
0.055156,2.7048
0.05516,2.7209
0.055164,2.7209
0.055168,2.7531
0.055172,2.7692
0.055176,2.7531
0.05518,2.737
0.055184,2.7048
0.055188,2.6565
0.055192,2.6082
0.055196,2.5599
0.0552,2.5116
0.055204,2.4633
0.055208,2.4472
0.055212,2.4633
0.055216,2.4633
0.05522,2.4794
0.055224,2.5277
0.055228,2.5921
0.055232,2.6404
0.055236,2.6726
0.05524,2.6887
0.055244,2.7048
0.055248,2.7048
0.055252,2.7209
0.055256,2.737
0.05526,2.737
0.055264,2.737
0.055268,2.6887
0.055272,2.6404
0.055276,2.5921
0.05528,2.5599
0.055284,2.4955
0.055288,2.4633
0.055292,2.4472
0.055296,2.4311
0.0553,2.4472
0.055304,2.4955
0.055308,2.5277
0.055312,2.576
0.055316,2.5921
0.05532,2.5921
0.055324,2.6404
0.055328,2.6565
0.055332,2.6565
0.055336,2.6887
0.05534,2.7048
0.055344,2.7048
0.055348,2.6887
0.055352,2.6565
0.055356,2.6243
0.05536,2.576
0.055364,2.5116
0.055368,2.4794
0.055372,2.4472
0.055376,2.4472
0.05538,2.4472
0.055384,2.4311
0.055388,2.4311
0.055392,2.4633
0.055396,2.5116
0.0554,2.5438
0.055404,2.576
0.055408,2.6082
0.055412,2.6243
0.055416,2.6565
0.05542,2.6565
0.055424,2.6887
0.055428,2.7048
0.055432,2.6726
0.055436,2.6243
0.05544,2.5921
0.055444,2.5438
0.055448,2.4955
0.055452,2.4633
0.055456,2.415
0.05546,2.3989
0.055464,2.3989
0.055468,2.3989
0.055472,2.4633
0.055476,2.4794
0.05548,2.5438
0.055484,2.5921
0.055488,2.6404
0.055492,2.6243
0.055496,2.6243
0.0555,2.6243
0.055504,2.6404
0.055508,2.6726
0.055512,2.6565
0.055516,2.6565
0.05552,2.6243
0.055524,2.576
0.055528,2.5277
0.055532,2.4633
0.055536,2.415
0.05554,2.3989
0.055544,2.3828
0.055548,2.415
0.055552,2.4472
0.055556,2.4633
0.05556,2.5277
0.055564,2.5438
0.055568,2.576
0.055572,2.5921
0.055576,2.6243
0.05558,2.6404
0.055584,2.6565
0.055588,2.6726
0.055592,2.6726
0.055596,2.6726
0.0556,2.6404
0.055604,2.6082
0.055608,2.5599
0.055612,2.4955
0.055616,2.4633
0.05562,2.415
0.055624,2.3989
0.055628,2.3828
0.055632,2.3667
0.055636,2.3828
0.05564,2.4311
0.055644,2.4794
0.055648,2.4955
0.055652,2.5277
0.055656,2.576
0.05566,2.6082
0.055664,2.6404
0.055668,2.6404
0.055672,2.6565
0.055676,2.6726
0.05568,2.6565
0.055684,2.6404
0.055688,2.6082
0.055692,2.5599
0.055696,2.5116
0.0557,2.4472
0.055704,2.415
0.055708,2.3989
0.055712,2.3989
0.055716,2.3989
0.05572,2.3828
0.055724,2.4311
0.055728,2.4955
0.055732,2.5438
0.055736,2.5599
0.05574,2.5599
0.055744,2.5921
0.055748,2.6243
0.055752,2.6404
0.055756,2.6404
0.05576,2.6565
0.055764,2.6404
0.055768,2.6082
0.055772,2.576
0.055776,2.5277
0.05578,2.4955
0.055784,2.4472
0.055788,2.3989
0.055792,2.3667
0.055796,2.3667
0.0558,2.3667
0.055804,2.3989
0.055808,2.4472
0.055812,2.4633
0.055816,2.5116
0.05582,2.576
0.055824,2.6082
0.055828,2.6243
0.055832,2.6243
0.055836,2.6404
0.05584,2.6887
0.055844,2.6887
0.055848,2.6565
0.055852,2.6243
0.055856,2.576
0.05586,2.5116
0.055864,2.4794
0.055868,2.415
0.055872,2.3667
0.055876,2.3667
0.05588,2.3506
0.055884,2.3667
0.055888,2.3667
0.055892,2.415
0.055896,2.4472
0.0559,2.4794
0.055904,2.5599
0.055908,2.576
0.055912,2.5921
0.055916,2.6082
0.05592,2.6243
0.055924,2.6243
0.055928,2.6243
0.055932,2.5921
0.055936,2.576
0.05594,2.5438
0.055944,2.4794
0.055948,2.4472
0.055952,2.3989
0.055956,2.3667
0.05596,2.3345
0.055964,2.3184
0.055968,2.3184
0.055972,2.3667
0.055976,2.4311
0.05598,2.4794
0.055984,2.5277
0.055988,2.5599
0.055992,2.5921
0.055996,2.5921
0.056,2.6082
0.056004,2.5921
0.056008,2.6082
0.056012,2.6243
0.056016,2.6082
0.05602,2.5921
0.056024,2.5438
0.056028,2.4794
0.056032,2.4311
0.056036,2.3828
0.05604,2.3667
0.056044,2.3184
0.056048,2.3023
0.056052,2.3184
0.056056,2.3506
0.05606,2.415
0.056064,2.4794
0.056068,2.5277
0.056072,2.5438
0.056076,2.576
0.05608,2.576
0.056084,2.5921
0.056088,2.5921
0.056092,2.6082
0.056096,2.6082
0.0561,2.576
0.056104,2.5438
0.056108,2.4633
0.056112,2.415
0.056116,2.3667
0.05612,2.3345
0.056124,2.3345
0.056128,2.3184
0.056132,2.3345
0.056136,2.3506
0.05614,2.3828
0.056144,2.4311
0.056148,2.4794
0.056152,2.5116
0.056156,2.5438
0.05616,2.5599
0.056164,2.5921
0.056168,2.6082
0.056172,2.5921
0.056176,2.5921
0.05618,2.5599
0.056184,2.5599
0.056188,2.4955
0.056192,2.4311
0.056196,2.3828
0.0562,2.3506
0.056204,2.3345
0.056208,2.3345
0.056212,2.3506
0.056216,2.3667
0.05622,2.415
0.056224,2.4633
0.056228,2.4955
0.056232,2.5599
0.056236,2.576
0.05624,2.576
0.056244,2.5921
0.056248,2.6082
0.056252,2.6082
0.056256,2.6243
0.05626,2.6082
0.056264,2.5599
0.056268,2.5116
0.056272,2.4633
0.056276,2.415
0.05628,2.3989
0.056284,2.3667
0.056288,2.3506
0.056292,2.3506
0.056296,2.3345
0.0563,2.3506
0.056304,2.3989
0.056308,2.4472
0.056312,2.4955
0.056316,2.5277
0.05632,2.5599
0.056324,2.576
0.056328,2.576
0.056332,2.576
0.056336,2.5921
0.05634,2.5921
0.056344,2.576
0.056348,2.5438
0.056352,2.4955
0.056356,2.4472
0.05636,2.3989
0.056364,2.3506
0.056368,2.3345
0.056372,2.3506
0.056376,2.3667
0.05638,2.3667
0.056384,2.3989
0.056388,2.4311
0.056392,2.4955
0.056396,2.5599
0.0564,2.5599
0.056404,2.5921
0.056408,2.5921
0.056412,2.5921
0.056416,2.5921
0.05642,2.576
0.056424,2.5438
0.056428,2.4955
0.056432,2.4472
0.056436,2.415
0.05644,2.3667
0.056444,2.3184
0.056448,2.2862
0.056452,2.2862
0.056456,2.3023
0.05646,2.3667
0.056464,2.3828
0.056468,2.4472
0.056472,2.4794
0.056476,2.5116
0.05648,2.5277
0.056484,2.5438
0.056488,2.5438
0.056492,2.576
0.056496,2.576
0.0565,2.5921
0.056504,2.576
0.056508,2.576
0.056512,2.5116
0.056516,2.4794
0.05652,2.4311
0.056524,2.3828
0.056528,2.3345
0.056532,2.3184
0.056536,2.2862
0.05654,2.3023
0.056544,2.3506
0.056548,2.3828
0.056552,2.4311
0.056556,2.4794
0.05656,2.4955
0.056564,2.5438
0.056568,2.5599
0.056572,2.576
0.056576,2.576
0.05658,2.5599
0.056584,2.5599
0.056588,2.5277
0.056592,2.4955
0.056596,2.4472
0.0566,2.3989
0.056604,2.3667
0.056608,2.3345
0.056612,2.3184
0.056616,2.3345
0.05662,2.3506
0.056624,2.3828
0.056628,2.415
0.056632,2.4633
0.056636,2.5277
0.05664,2.5599
0.056644,2.576
0.056648,2.5921
0.056652,2.576
0.056656,2.5921
0.05666,2.576
0.056664,2.576
0.056668,2.576
0.056672,2.5438
0.056676,2.4794
0.05668,2.4311
0.056684,2.3989
0.056688,2.3345
0.056692,2.3345
0.056696,2.3184
0.0567,2.3184
0.056704,2.3184
0.056708,2.3828
0.056712,2.4311
0.056716,2.4794
0.05672,2.4955
0.056724,2.5116
0.056728,2.5438
0.056732,2.5599
0.056736,2.5921
0.05674,2.5921
0.056744,2.576
0.056748,2.576
0.056752,2.5277
0.056756,2.4794
0.05676,2.4472
0.056764,2.3828
0.056768,2.3345
0.056772,2.3345
0.056776,2.3184
0.05678,2.3506
0.056784,2.3989
0.056788,2.415
0.056792,2.4311
0.056796,2.4633
0.0568,2.5116
0.056804,2.5277
0.056808,2.5438
0.056812,2.5599
0.056816,2.576
0.05682,2.576
0.056824,2.576
0.056828,2.5438
0.056832,2.5116
0.056836,2.4794
0.05684,2.4311
0.056844,2.3828
0.056848,2.3506
0.056852,2.3345
0.056856,2.3345
0.05686,2.3506
0.056864,2.3506
0.056868,2.3667
0.056872,2.4311
0.056876,2.4633
0.05688,2.4633
0.056884,2.4955
0.056888,2.5277
0.056892,2.5438
0.056896,2.5599
0.0569,2.5599
0.056904,2.5438
0.056908,2.5277
0.056912,2.5277
0.056916,2.4794
0.05692,2.4311
0.056924,2.3828
0.056928,2.3506
0.056932,2.3023
0.056936,2.2862
0.05694,2.3023
0.056944,2.3184
0.056948,2.3667
0.056952,2.3989
0.056956,2.4311
0.05696,2.4633
0.056964,2.4955
0.056968,2.5277
0.056972,2.5438
0.056976,2.5438
0.05698,2.5599
0.056984,2.576
0.056988,2.576
0.056992,2.5438
0.056996,2.5116
0.057,2.4794
0.057004,2.415
0.057008,2.3667
0.057012,2.3506
0.057016,2.3345
0.05702,2.3345
0.057024,2.3345
0.057028,2.3828
0.057032,2.3989
0.057036,2.4472
0.05704,2.4794
0.057044,2.4955
0.057048,2.5277
0.057052,2.5438
0.057056,2.5438
0.05706,2.5599
0.057064,2.5438
0.057068,2.5438
0.057072,2.5277
0.057076,2.4955
0.05708,2.4633
0.057084,2.3989
0.057088,2.3506
0.057092,2.3184
0.057096,2.2862
0.0571,2.3023
0.057104,2.3023
0.057108,2.3184
0.057112,2.3828
0.057116,2.4472
0.05712,2.4955
0.057124,2.5116
0.057128,2.5438
0.057132,2.5438
0.057136,2.5277
0.05714,2.5599
0.057144,2.5438
0.057148,2.5116
0.057152,2.4955
0.057156,2.4633
0.05716,2.415
0.057164,2.3828
0.057168,2.3345
0.057172,2.2862
0.057176,2.2701
0.05718,2.2862
0.057184,2.3184
0.057188,2.3667
0.057192,2.415
0.057196,2.4472
0.0572,2.4633
0.057204,2.4955
0.057208,2.5277
0.057212,2.5438
0.057216,2.5277
0.05722,2.5438
0.057224,2.5438
0.057228,2.5116
0.057232,2.4794
0.057236,2.4472
0.05724,2.3989
0.057244,2.3667
0.057248,2.3184
0.057252,2.2701
0.057256,2.2862
0.05726,2.2862
0.057264,2.3184
0.057268,2.3345
0.057272,2.3506
0.057276,2.415
0.05728,2.4472
0.057284,2.4794
0.057288,2.4794
0.057292,2.5116
0.057296,2.5277
0.0573,2.5277
0.057304,2.5116
0.057308,2.4955
0.057312,2.4472
0.057316,2.3989
0.05732,2.3506
0.057324,2.3023
0.057328,2.2701
0.057332,2.254
0.057336,2.2379
0.05734,2.2701
0.057344,2.2701
0.057348,2.3184
0.057352,2.3667
0.057356,2.4311
0.05736,2.4311
0.057364,2.4633
0.057368,2.4633
0.057372,2.5116
0.057376,2.5277
0.05738,2.5277
0.057384,2.5116
0.057388,2.4633
0.057392,2.4472
0.057396,2.3989
0.0574,2.3345
0.057404,2.2862
0.057408,2.2701
0.057412,2.254
0.057416,2.2379
0.05742,2.2701
0.057424,2.2862
0.057428,2.3345
0.057432,2.3989
0.057436,2.4311
0.05744,2.4633
0.057444,2.4955
0.057448,2.5116
0.057452,2.5116
0.057456,2.5277
0.05746,2.5116
0.057464,2.5116
0.057468,2.4794
0.057472,2.4311
0.057476,2.3506
0.05748,2.3184
0.057484,2.2701
0.057488,2.254
0.057492,2.254
0.057496,2.2701
0.0575,2.3023
0.057504,2.3506
0.057508,2.3667
0.057512,2.3989
0.057516,2.4794
0.05752,2.4794
0.057524,2.4955
0.057528,2.5116
0.057532,2.4955
0.057536,2.4794
0.05754,2.4794
0.057544,2.4472
0.057548,2.415
0.057552,2.3506
0.057556,2.3345
0.05756,2.2862
0.057564,2.2379
0.057568,2.2218
0.057572,2.2218
0.057576,2.254
0.05758,2.2862
0.057584,2.3184
0.057588,2.3667
0.057592,2.415
0.057596,2.4633
0.0576,2.4794
0.057604,2.4955
0.057608,2.5116
0.057612,2.5277
0.057616,2.5277
0.05762,2.5277
0.057624,2.4794
0.057628,2.4311
0.057632,2.3989
0.057636,2.3506
0.05764,2.3023
0.057644,2.2862
0.057648,2.2701
0.057652,2.2862
0.057656,2.3184
0.05766,2.3828
0.057664,2.415
0.057668,2.4633
0.057672,2.4794
0.057676,2.4955
0.05768,2.4955
0.057684,2.5116
0.057688,2.5277
0.057692,2.5277
0.057696,2.5116
0.0577,2.4955
0.057704,2.4633
0.057708,2.4472
0.057712,2.3989
0.057716,2.3667
0.05772,2.3345
0.057724,2.3023
0.057728,2.2862
0.057732,2.2862
0.057736,2.3184
0.05774,2.3345
0.057744,2.3667
0.057748,2.3989
0.057752,2.4472
0.057756,2.4794
0.05776,2.4955
0.057764,2.4955
0.057768,2.5116
0.057772,2.5116
0.057776,2.5277
0.05778,2.4794
0.057784,2.4633
0.057788,2.415
0.057792,2.3667
0.057796,2.3184
0.0578,2.2862
0.057804,2.2862
0.057808,2.2701
0.057812,2.2701
0.057816,2.3023
0.05782,2.3506
0.057824,2.415
0.057828,2.4633
0.057832,2.4794
0.057836,2.4794
0.05784,2.5116
0.057844,2.5116
0.057848,2.5438
0.057852,2.5599
0.057856,2.5277
0.05786,2.4955
0.057864,2.4633
0.057868,2.4311
0.057872,2.3828
0.057876,2.3345
0.05788,2.3023
0.057884,2.2862
0.057888,2.2862
0.057892,2.3184
0.057896,2.3345
0.0579,2.3828
0.057904,2.4311
0.057908,2.4794
0.057912,2.5116
0.057916,2.5277
0.05792,2.5116
0.057924,2.5277
0.057928,2.5277
0.057932,2.5277
0.057936,2.5116
0.05794,2.4633
0.057944,2.4472
0.057948,2.3989
0.057952,2.3506
0.057956,2.3184
0.05796,2.2862
0.057964,2.2862
0.057968,2.3184
0.057972,2.3184
0.057976,2.3667
0.05798,2.415
0.057984,2.4472
0.057988,2.4955
0.057992,2.5116
0.057996,2.5438
0.058,2.5277
0.058004,2.5438
0.058008,2.5277
0.058012,2.5277
0.058016,2.4955
0.05802,2.4472
0.058024,2.3989
0.058028,2.3506
0.058032,2.3184
0.058036,2.2701
0.05804,2.2701
0.058044,2.2862
0.058048,2.3184
0.058052,2.3345
0.058056,2.3667
0.05806,2.415
0.058064,2.4311
0.058068,2.4633
0.058072,2.4794
0.058076,2.4955
0.05808,2.5438
0.058084,2.5116
0.058088,2.4955
0.058092,2.4794
0.058096,2.4633
0.0581,2.415
0.058104,2.3506
0.058108,2.3184
0.058112,2.2862
0.058116,2.2701
0.05812,2.2701
0.058124,2.3023
0.058128,2.3184
0.058132,2.3667
0.058136,2.3989
0.05814,2.415
0.058144,2.4633
0.058148,2.4794
0.058152,2.5116
0.058156,2.5277
0.05816,2.5116
0.058164,2.4794
0.058168,2.4472
0.058172,2.3989
0.058176,2.3667
0.05818,2.3506
0.058184,2.2862
0.058188,2.254
0.058192,2.2379
0.058196,2.254
0.0582,2.3023
0.058204,2.3506
0.058208,2.3828
0.058212,2.4311
0.058216,2.4633
0.05822,2.5116
0.058224,2.4955
0.058228,2.5116
0.058232,2.5116
0.058236,2.5116
0.05824,2.5116
0.058244,2.5116
0.058248,2.4633
0.058252,2.415
0.058256,2.3667
0.05826,2.3506
0.058264,2.3184
0.058268,2.3023
0.058272,2.3023
0.058276,2.3345
0.05828,2.3506
0.058284,2.3828
0.058288,2.415
0.058292,2.4472
0.058296,2.4472
0.0583,2.4794
0.058304,2.4794
0.058308,2.4955
0.058312,2.4955
0.058316,2.4794
0.05832,2.4472
0.058324,2.415
0.058328,2.3667
0.058332,2.3184
0.058336,2.3023
0.05834,2.2701
0.058344,2.2218
0.058348,2.2379
0.058352,2.2862
0.058356,2.3184
0.05836,2.3506
0.058364,2.3667
0.058368,2.3828
0.058372,2.415
0.058376,2.4794
0.05838,2.4955
0.058384,2.4955
0.058388,2.4955
0.058392,2.4794
0.058396,2.4472
0.0584,2.415
0.058404,2.3828
0.058408,2.3345
0.058412,2.3184
0.058416,2.2701
0.05842,2.2379
0.058424,2.254
0.058428,2.254
0.058432,2.254
0.058436,2.3023
0.05844,2.3506
0.058444,2.3828
0.058448,2.4311
0.058452,2.4472
0.058456,2.4633
0.05846,2.4794
0.058464,2.4472
0.058468,2.4311
0.058472,2.4311
0.058476,2.3989
0.05848,2.3667
0.058484,2.3023
0.058488,2.2862
0.058492,2.2379
0.058496,2.2379
0.0585,2.2379
0.058504,2.2701
0.058508,2.2862
0.058512,2.3345
0.058516,2.3667
0.05852,2.3989
0.058524,2.415
0.058528,2.4633
0.058532,2.4633
0.058536,2.4633
0.05854,2.4794
0.058544,2.4794
0.058548,2.4633
0.058552,2.4472
0.058556,2.3828
0.05856,2.3345
0.058564,2.2862
0.058568,2.254
0.058572,2.254
0.058576,2.2701
0.05858,2.3023
0.058584,2.3345
0.058588,2.3667
0.058592,2.3989
0.058596,2.4472
0.0586,2.4794
0.058604,2.4794
0.058608,2.4794
0.058612,2.4794
0.058616,2.4633
0.05862,2.4794
0.058624,2.4311
0.058628,2.415
0.058632,2.3667
0.058636,2.3184
0.05864,2.2701
0.058644,2.2701
0.058648,2.2701
0.058652,2.2701
0.058656,2.3023
0.05866,2.3345
0.058664,2.3828
0.058668,2.3989
0.058672,2.4311
0.058676,2.4311
0.05868,2.4472
0.058684,2.4633
0.058688,2.4794
0.058692,2.4633
0.058696,2.4472
0.0587,2.4472
0.058704,2.3989
0.058708,2.3667
0.058712,2.3184
0.058716,2.2701
0.05872,2.2379
0.058724,2.254
0.058728,2.2701
0.058732,2.3345
0.058736,2.3667
0.05874,2.415
0.058744,2.415
0.058748,2.415
0.058752,2.4311
0.058756,2.415
0.05876,2.4311
0.058764,2.4311
0.058768,2.4311
0.058772,2.3989
0.058776,2.3506
0.05878,2.3184
0.058784,2.2701
0.058788,2.2379
0.058792,2.2218
0.058796,2.2056999999999998
0.0588,2.2056999999999998
0.058804,2.2218
0.058808,2.2862
0.058812,2.3345
0.058816,2.3506
0.05882,2.3828
0.058824,2.4311
0.058828,2.4472
0.058832,2.4633
0.058836,2.4633
0.05884,2.4472
0.058844,2.4472
0.058848,2.4311
0.058852,2.3989
0.058856,2.3667
0.05886,2.3184
0.058864,2.2701
0.058868,2.2379
0.058872,2.2218
0.058876,2.2379
0.05888,2.254
0.058884,2.3023
0.058888,2.3506
0.058892,2.3667
0.058896,2.415
0.0589,2.4472
0.058904,2.4472
0.058908,2.4633
0.058912,2.4633
0.058916,2.4472
0.05892,2.4472
0.058924,2.415
0.058928,2.3989
0.058932,2.3506
0.058936,2.3184
0.05894,2.2701
0.058944,2.2701
0.058948,2.254
0.058952,2.2701
0.058956,2.3023
0.05896,2.3667
0.058964,2.3989
0.058968,2.4633
0.058972,2.4794
0.058976,2.4955
0.05898,2.4955
0.058984,2.4955
0.058988,2.4955
0.058992,2.4633
0.058996,2.4472
0.059,2.415
0.059004,2.3828
0.059008,2.3184
0.059012,2.2862
0.059016,2.2701
0.05902,2.254
0.059024,2.254
0.059028,2.2862
0.059032,2.3023
0.059036,2.3506
0.05904,2.3828
0.059044,2.415
0.059048,2.4311
0.059052,2.4472
0.059056,2.4633
0.05906,2.4794
0.059064,2.4794
0.059068,2.4633
0.059072,2.415
0.059076,2.3989
0.05908,2.3506
0.059084,2.3023
0.059088,2.2701
0.059092,2.2379
0.059096,2.2056999999999998
0.0591,2.2218
0.059104,2.2701
0.059108,2.3023
0.059112,2.3345
0.059116,2.3667
0.05912,2.3989
0.059124,2.4311
0.059128,2.4633
0.059132,2.4955
0.059136,2.4955
0.05914,2.4955
0.059144,2.4633
0.059148,2.4311
0.059152,2.3989
0.059156,2.3667
0.05916,2.3184
0.059164,2.3023
0.059168,2.2862
0.059172,2.2862
0.059176,2.2862
0.05918,2.3345
0.059184,2.3828
0.059188,2.3989
0.059192,2.4311
0.059196,2.4472
0.0592,2.4794
0.059204,2.4955
0.059208,2.5116
0.059212,2.4955
0.059216,2.4794
0.05922,2.4633
0.059224,2.4311
0.059228,2.3828
0.059232,2.3345
0.059236,2.2862
0.05924,2.254
0.059244,2.254
0.059248,2.2701
0.059252,2.3023
0.059256,2.3345
0.05926,2.3667
0.059264,2.3989
0.059268,2.415
0.059272,2.4472
0.059276,2.4794
0.05928,2.4633
0.059284,2.4794
0.059288,2.4794
0.059292,2.4472
0.059296,2.4311
0.0593,2.3828
0.059304,2.3667
0.059308,2.3506
0.059312,2.3184
0.059316,2.3023
0.05932,2.3023
0.059324,2.3184
0.059328,2.3506
0.059332,2.3989
0.059336,2.4311
0.05934,2.4472
0.059344,2.4794
0.059348,2.4794
0.059352,2.4794
0.059356,2.4955
0.05936,2.4955
0.059364,2.4794
0.059368,2.4633
0.059372,2.4311
0.059376,2.3828
0.05938,2.3345
0.059384,2.3184
0.059388,2.2862
0.059392,2.2862
0.059396,2.3023
0.0594,2.3345
0.059404,2.3828
0.059408,2.3989
0.059412,2.3989
0.059416,2.4311
0.05942,2.4633
0.059424,2.4633
0.059428,2.4633
0.059432,2.4472
0.059436,2.4311
0.05944,2.3989
0.059444,2.3828
0.059448,2.3345
0.059452,2.3345
0.059456,2.3023
0.05946,2.2862
0.059464,2.3023
0.059468,2.3023
0.059472,2.3023
0.059476,2.3506
0.05948,2.3828
0.059484,2.3989
0.059488,2.4311
0.059492,2.4794
0.059496,2.4955
0.0595,2.4794
0.059504,2.4794
0.059508,2.4794
0.059512,2.4633
0.059516,2.4311
0.05952,2.3828
0.059524,2.3345
0.059528,2.3023
0.059532,2.2862
0.059536,2.2862
0.05954,2.3023
0.059544,2.3184
0.059548,2.3345
0.059552,2.3506
0.059556,2.3989
0.05956,2.4311
0.059564,2.4633
0.059568,2.4633
0.059572,2.4472
0.059576,2.4311
0.05958,2.415
0.059584,2.3828
0.059588,2.3667
0.059592,2.3345
0.059596,2.3023
0.0596,2.2701
0.059604,2.2379
0.059608,2.2379
0.059612,2.254
0.059616,2.254
0.05962,2.2862
0.059624,2.3345
0.059628,2.3828
0.059632,2.3989
0.059636,2.4311
0.05964,2.4472
0.059644,2.4633
0.059648,2.4633
0.059652,2.4311
0.059656,2.3989
0.05966,2.3828
0.059664,2.3506
0.059668,2.3184
0.059672,2.3023
0.059676,2.2862
0.05968,2.2701
0.059684,2.2701
0.059688,2.2862
0.059692,2.3345
0.059696,2.3828
0.0597,2.3989
0.059704,2.4311
0.059708,2.4633
0.059712,2.4794
0.059716,2.4633
0.05972,2.4633
0.059724,2.4472
0.059728,2.4472
0.059732,2.4311
0.059736,2.3828
0.05974,2.3506
0.059744,2.3345
0.059748,2.3023
0.059752,2.2862
0.059756,2.2701
0.05976,2.2701
0.059764,2.2862
0.059768,2.3184
0.059772,2.3506
0.059776,2.3989
0.05978,2.4472
0.059784,2.4633
0.059788,2.4633
0.059792,2.4633
0.059796,2.4794
0.0598,2.4794
0.059804,2.4472
0.059808,2.3989
0.059812,2.3667
0.059816,2.3345
0.05982,2.3184
0.059824,2.3023
0.059828,2.2862
0.059832,2.3023
0.059836,2.3345
0.05984,2.3667
0.059844,2.3828
0.059848,2.415
0.059852,2.4472
0.059856,2.4794
0.05986,2.5116
0.059864,2.4794
0.059868,2.4794
0.059872,2.4472
0.059876,2.4472
0.05988,2.415
0.059884,2.3828
0.059888,2.3506
0.059892,2.3184
0.059896,2.3023
0.0599,2.3023
0.059904,2.3023
0.059908,2.3023
0.059912,2.3345
0.059916,2.3345
0.05992,2.3667
0.059924,2.3989
0.059928,2.415
0.059932,2.4311
0.059936,2.4472
0.05994,2.4472
0.059944,2.4633
0.059948,2.4472
0.059952,2.415
0.059956,2.415
0.05996,2.3667
0.059964,2.3345
0.059968,2.3184
0.059972,2.3184
0.059976,2.3184
0.05998,2.3345
0.059984,2.3506
0.059988,2.3667
0.059992,2.3828
0.059996,2.415
0.06,2.4472
0.060004,2.4633
0.060008,2.4955
0.060012,2.5116
0.060016,2.4955
0.06002,2.4794
0.060024,2.4633
0.060028,2.4472
0.060032,2.3989
0.060036,2.3828
0.06004,2.3506
0.060044,2.3345
0.060048,2.3345
0.060052,2.3345
0.060056,2.3506
0.06006,2.3828
0.060064,2.3989
0.060068,2.4311
0.060072,2.4633
0.060076,2.4955
0.06008,2.5116
0.060084,2.5277
0.060088,2.5116
0.060092,2.5116
0.060096,2.4794
0.0601,2.4794
0.060104,2.4472
0.060108,2.4311
0.060112,2.3989
0.060116,2.3667
0.06012,2.3667
0.060124,2.3506
0.060128,2.3667
0.060132,2.3828
0.060136,2.415
0.06014,2.4311
0.060144,2.4633
0.060148,2.4794
0.060152,2.4955
0.060156,2.4955
0.06016,2.4955
0.060164,2.4794
0.060168,2.4794
0.060172,2.4472
0.060176,2.415
0.06018,2.3828
0.060184,2.3506
0.060188,2.3345
0.060192,2.3023
0.060196,2.3023
0.0602,2.3184
0.060204,2.3506
0.060208,2.415
0.060212,2.4311
0.060216,2.4472
0.06022,2.4633
0.060224,2.4955
0.060228,2.5116
0.060232,2.5116
0.060236,2.4955
0.06024,2.4633
0.060244,2.4311
0.060248,2.3989
0.060252,2.3667
0.060256,2.3345
0.06026,2.3345
0.060264,2.3184
0.060268,2.3023
0.060272,2.3023
0.060276,2.3345
0.06028,2.3667
0.060284,2.3989
0.060288,2.4311
0.060292,2.4794
0.060296,2.4955
0.0603,2.4955
0.060304,2.4633
0.060308,2.4633
0.060312,2.4472
0.060316,2.415
0.06032,2.3667
0.060324,2.3506
0.060328,2.3184
0.060332,2.3023
0.060336,2.3023
0.06034,2.2862
0.060344,2.3184
0.060348,2.3345
0.060352,2.3667
0.060356,2.415
0.06036,2.4472
0.060364,2.4633
0.060368,2.4633
0.060372,2.4633
0.060376,2.4472
0.06038,2.4472
0.060384,2.4311
0.060388,2.3989
0.060392,2.3667
0.060396,2.3345
0.0604,2.3184
0.060404,2.3023
0.060408,2.3023
0.060412,2.2862
0.060416,2.2862
0.06042,2.3184
0.060424,2.3345
0.060428,2.3667
0.060432,2.3989
0.060436,2.4472
0.06044,2.4633
0.060444,2.4794
0.060448,2.4794
0.060452,2.4311
0.060456,2.4311
0.06046,2.3828
0.060464,2.3667
0.060468,2.3506
0.060472,2.3345
0.060476,2.3345
0.06048,2.3023
0.060484,2.3184
0.060488,2.3184
0.060492,2.3345
0.060496,2.3506
0.0605,2.3989
0.060504,2.4311
0.060508,2.4472
0.060512,2.4633
0.060516,2.4794
0.06052,2.4794
0.060524,2.4633
0.060528,2.4472
0.060532,2.4311
0.060536,2.3989
0.06054,2.3828
0.060544,2.3506
0.060548,2.3023
0.060552,2.3023
0.060556,2.3023
0.06056,2.3345
0.060564,2.3506
0.060568,2.3506
0.060572,2.3828
0.060576,2.4311
0.06058,2.4633
0.060584,2.4794
0.060588,2.4794
0.060592,2.4794
0.060596,2.4794
0.0606,2.4633
0.060604,2.415
0.060608,2.3989
0.060612,2.3828
0.060616,2.3667
0.06062,2.3345
0.060624,2.3184
0.060628,2.3184
0.060632,2.3345
0.060636,2.3506
0.06064,2.3989
0.060644,2.415
0.060648,2.4311
0.060652,2.4472
0.060656,2.4472
0.06066,2.4472
0.060664,2.4472
0.060668,2.415
0.060672,2.3989
0.060676,2.3989
0.06068,2.3667
0.060684,2.3506
0.060688,2.3184
0.060692,2.3023
0.060696,2.2862
0.0607,2.2862
0.060704,2.3184
0.060708,2.3506
0.060712,2.3667
0.060716,2.3989
0.06072,2.415
0.060724,2.4311
0.060728,2.4472
0.060732,2.4794
0.060736,2.4794
0.06074,2.4794
0.060744,2.4472
0.060748,2.4311
0.060752,2.3989
0.060756,2.3667
0.06076,2.3345
0.060764,2.3184
0.060768,2.2862
0.060772,2.3023
0.060776,2.3023
0.06078,2.3345
0.060784,2.3506
0.060788,2.3828
0.060792,2.415
0.060796,2.4472
0.0608,2.4633
0.060804,2.4633
0.060808,2.4633
0.060812,2.4472
0.060816,2.4311
0.06082,2.3828
0.060824,2.3506
0.060828,2.3184
0.060832,2.3023
0.060836,2.3023
0.06084,2.2862
0.060844,2.2862
0.060848,2.3345
0.060852,2.3506
0.060856,2.3667
0.06086,2.3989
0.060864,2.415
0.060868,2.4311
0.060872,2.4311
0.060876,2.4311
0.06088,2.4311
0.060884,2.415
0.060888,2.3989
0.060892,2.3989
0.060896,2.3828
0.0609,2.3667
0.060904,2.3345
0.060908,2.3184
0.060912,2.3184
0.060916,2.3023
0.06092,2.3023
0.060924,2.3184
0.060928,2.3667
0.060932,2.3989
0.060936,2.4472
0.06094,2.4633
0.060944,2.4794
0.060948,2.4955
0.060952,2.4794
0.060956,2.4472
0.06096,2.4311
0.060964,2.3828
0.060968,2.3667
0.060972,2.3345
0.060976,2.3184
0.06098,2.3023
0.060984,2.3023
0.060988,2.2862
0.060992,2.3023
0.060996,2.3667
0.061,2.3989
0.061004,2.415
0.061008,2.4472
0.061012,2.4794
0.061016,2.4955
0.06102,2.4633
0.061024,2.4311
0.061028,2.3989
0.061032,2.3989
0.061036,2.3667
0.06104,2.3345
0.061044,2.3023
0.061048,2.2862
0.061052,2.254
0.061056,2.2701
0.06106,2.2862
0.061064,2.3184
0.061068,2.3506
0.061072,2.3828
0.061076,2.3989
0.06108,2.4311
0.061084,2.4311
0.061088,2.4311
0.061092,2.4311
0.061096,2.4311
0.0611,2.3989
0.061104,2.3667
0.061108,2.3506
0.061112,2.3345
0.061116,2.3023
0.06112,2.2862
0.061124,2.2862
0.061128,2.3023
0.061132,2.3023
0.061136,2.3184
0.06114,2.3506
0.061144,2.3989
0.061148,2.3989
0.061152,2.415
0.061156,2.3989
0.06116,2.4311
0.061164,2.4311
0.061168,2.3989
0.061172,2.3828
0.061176,2.3506
0.06118,2.3345
0.061184,2.3184
0.061188,2.3023
0.061192,2.3023
0.061196,2.3023
0.0612,2.3023
0.061204,2.3184
0.061208,2.3667
0.061212,2.3989
0.061216,2.3989
0.06122,2.4311
0.061224,2.4472
0.061228,2.4472
0.061232,2.4633
0.061236,2.4311
0.06124,2.415
0.061244,2.3828
0.061248,2.3506
0.061252,2.3184
0.061256,2.2862
0.06126,2.2701
0.061264,2.254
0.061268,2.2701
0.061272,2.2862
0.061276,2.3184
0.06128,2.3506
0.061284,2.3667
0.061288,2.3828
0.061292,2.3828
0.061296,2.415
0.0613,2.415
0.061304,2.415
0.061308,2.3828
0.061312,2.3667
0.061316,2.3184
0.06132,2.2862
0.061324,2.254
0.061328,2.2701
0.061332,2.254
0.061336,2.254
0.06134,2.254
0.061344,2.2862
0.061348,2.3184
0.061352,2.3184
0.061356,2.3345
0.06136,2.3506
0.061364,2.3667
0.061368,2.3667
0.061372,2.3989
0.061376,2.3828
0.06138,2.3506
0.061384,2.3345
0.061388,2.3023
0.061392,2.2862
0.061396,2.2701
0.0614,2.2379
0.061404,2.2379
0.061408,2.2379
0.061412,2.2701
0.061416,2.2862
0.06142,2.3023
0.061424,2.3345
0.061428,2.3506
0.061432,2.3506
0.061436,2.3506
0.06144,2.3667
0.061444,2.3667
0.061448,2.3506
0.061452,2.3506
0.061456,2.3345
0.06146,2.3345
0.061464,2.3184
0.061468,2.2862
0.061472,2.2701
0.061476,2.2701
0.06148,2.254
0.061484,2.2862
0.061488,2.3184
0.061492,2.3345
0.061496,2.3506
0.0615,2.3989
0.061504,2.3989
0.061508,2.415
0.061512,2.3989
0.061516,2.3828
0.06152,2.3667
0.061524,2.3506
0.061528,2.3345
0.061532,2.3184
0.061536,2.2862
0.06154,2.2862
0.061544,2.2862
0.061548,2.2862
0.061552,2.2701
0.061556,2.2862
0.06156,2.3184
0.061564,2.3345
0.061568,2.3667
0.061572,2.3828
0.061576,2.415
0.06158,2.415
0.061584,2.3989
0.061588,2.3828
0.061592,2.3506
0.061596,2.3345
0.0616,2.3184
0.061604,2.3184
0.061608,2.2862
0.061612,2.2862
0.061616,2.2701
0.06162,2.2701
0.061624,2.3184
0.061628,2.3184
0.061632,2.3506
0.061636,2.3989
0.06164,2.415
0.061644,2.4311
0.061648,2.4472
0.061652,2.4794
0.061656,2.4794
0.06166,2.4472
0.061664,2.4472
0.061668,2.415
0.061672,2.3667
0.061676,2.3506
0.06168,2.3345
0.061684,2.3184
0.061688,2.3023
0.061692,2.3023
0.061696,2.3184
0.0617,2.3345
0.061704,2.3667
0.061708,2.3989
0.061712,2.3828
0.061716,2.415
0.06172,2.4311
0.061724,2.415
0.061728,2.3828
0.061732,2.3667
0.061736,2.3667
0.06174,2.3345
0.061744,2.3184
0.061748,2.2862
0.061752,2.2701
0.061756,2.2701
0.06176,2.2701
0.061764,2.2701
0.061768,2.2862
0.061772,2.3184
0.061776,2.3345
0.06178,2.3667
0.061784,2.3667
0.061788,2.3667
0.061792,2.3828
0.061796,2.3828
0.0618,2.3667
0.061804,2.3667
0.061808,2.3345
0.061812,2.3345
0.061816,2.3023
0.06182,2.2862
0.061824,2.2862
0.061828,2.2701
0.061832,2.2701
0.061836,2.2862
0.06184,2.3184
0.061844,2.3506
0.061848,2.3828
0.061852,2.3989
0.061856,2.3989
0.06186,2.3989
0.061864,2.3989
0.061868,2.415
0.061872,2.3989
0.061876,2.3667
0.06188,2.3506
0.061884,2.3506
0.061888,2.3184
0.061892,2.3184
0.061896,2.3184
0.0619,2.3184
0.061904,2.3023
0.061908,2.3023
0.061912,2.3184
0.061916,2.3345
0.06192,2.3667
0.061924,2.415
0.061928,2.3989
0.061932,2.3989
0.061936,2.415
0.06194,2.3828
0.061944,2.3828
0.061948,2.3667
0.061952,2.3506
0.061956,2.3184
0.06196,2.3023
0.061964,2.2862
0.061968,2.2862
0.061972,2.2862
0.061976,2.3023
0.06198,2.3345
0.061984,2.3667
0.061988,2.3667
0.061992,2.3828
0.061996,2.415
0.062,2.415
0.062004,2.3989
0.062008,2.3989
0.062012,2.3828
0.062016,2.3667
0.06202,2.3506
0.062024,2.3345
0.062028,2.3345
0.062032,2.3023
0.062036,2.3023
0.06204,2.2862
0.062044,2.3023
0.062048,2.3023
0.062052,2.3345
0.062056,2.3828
0.06206,2.3989
0.062064,2.415
0.062068,2.415
0.062072,2.3989
0.062076,2.3828
0.06208,2.3989
0.062084,2.3989
0.062088,2.3828
0.062092,2.3506
0.062096,2.3506
0.0621,2.3184
0.062104,2.3023
0.062108,2.2862
0.062112,2.2862
0.062116,2.2862
0.06212,2.3184
0.062124,2.3184
0.062128,2.3345
0.062132,2.3667
0.062136,2.3667
0.06214,2.3989
0.062144,2.3989
0.062148,2.3667
0.062152,2.3667
0.062156,2.3345
0.06216,2.3345
0.062164,2.3184
0.062168,2.2862
0.062172,2.2701
0.062176,2.2701
0.06218,2.2701
0.062184,2.2862
0.062188,2.3184
0.062192,2.3506
0.062196,2.3506
0.0622,2.3667
0.062204,2.3828
0.062208,2.3828
0.062212,2.3506
0.062216,2.3506
0.06222,2.3506
0.062224,2.3345
0.062228,2.3023
0.062232,2.2862
0.062236,2.2701
0.06224,2.254
0.062244,2.254
0.062248,2.254
0.062252,2.2379
0.062256,2.254
0.06226,2.2701
0.062264,2.3023
0.062268,2.3023
0.062272,2.3345
0.062276,2.3345
0.06228,2.3506
0.062284,2.3667
0.062288,2.3828
0.062292,2.3667
0.062296,2.3345
0.0623,2.3345
0.062304,2.3184
0.062308,2.2862
0.062312,2.2862
0.062316,2.2701
0.06232,2.2701
0.062324,2.2701
0.062328,2.3023
0.062332,2.3184
0.062336,2.3667
0.06234,2.3828
0.062344,2.3989
0.062348,2.3989
0.062352,2.3828
0.062356,2.3667
0.06236,2.3667
0.062364,2.3506
0.062368,2.3184
0.062372,2.3023
0.062376,2.3023
0.06238,2.2862
0.062384,2.2862
0.062388,2.2862
0.062392,2.2862
0.062396,2.3023
0.0624,2.3506
0.062404,2.3506
0.062408,2.3667
0.062412,2.3989
0.062416,2.3828
0.06242,2.3828
0.062424,2.3506
0.062428,2.3506
0.062432,2.3506
0.062436,2.3345
0.06244,2.3023
0.062444,2.2862
0.062448,2.2862
0.062452,2.2862
0.062456,2.2862
0.06246,2.3184
0.062464,2.3345
0.062468,2.3506
0.062472,2.3506
0.062476,2.3667
0.06248,2.3828
0.062484,2.3989
0.062488,2.415
0.062492,2.415
0.062496,2.415
0.0625,2.415
0.062504,2.3828
0.062508,2.3667
0.062512,2.3345
0.062516,2.3345
0.06252,2.3023
0.062524,2.3023
0.062528,2.3184
0.062532,2.3023
0.062536,2.3184
0.06254,2.3345
0.062544,2.3828
0.062548,2.3989
0.062552,2.3989
0.062556,2.3989
0.06256,2.415
0.062564,2.3989
0.062568,2.3989
0.062572,2.3828
0.062576,2.3667
0.06258,2.3506
0.062584,2.3345
0.062588,2.3184
0.062592,2.3023
0.062596,2.3184
0.0626,2.3184
0.062604,2.3184
0.062608,2.3345
0.062612,2.3667
0.062616,2.3828
0.06262,2.3989
0.062624,2.4311
0.062628,2.3989
0.062632,2.3989
0.062636,2.415
0.06264,2.415
0.062644,2.3828
0.062648,2.3667
0.062652,2.3506
0.062656,2.3184
0.06266,2.3184
0.062664,2.3023
0.062668,2.3023
0.062672,2.3023
0.062676,2.3345
0.06268,2.3667
0.062684,2.3828
0.062688,2.3989
0.062692,2.3989
0.062696,2.3828
0.0627,2.3667
0.062704,2.3506
0.062708,2.3506
0.062712,2.3345
0.062716,2.3023
0.06272,2.3023
0.062724,2.3023
0.062728,2.3184
0.062732,2.3023
0.062736,2.3023
0.06274,2.3023
0.062744,2.3184
0.062748,2.3184
0.062752,2.3345
0.062756,2.3345
0.06276,2.3345
0.062764,2.3667
0.062768,2.3506
0.062772,2.3506
0.062776,2.3506
0.06278,2.3345
0.062784,2.3345
0.062788,2.3345
0.062792,2.3184
0.062796,2.2862
0.0628,2.2862
0.062804,2.3023
0.062808,2.3023
0.062812,2.3023
0.062816,2.3023
0.06282,2.3345
0.062824,2.3667
0.062828,2.3667
0.062832,2.3989
0.062836,2.3828
0.06284,2.3989
0.062844,2.3828
0.062848,2.3667
0.062852,2.3667
0.062856,2.3506
0.06286,2.3345
0.062864,2.3184
0.062868,2.3345
0.062872,2.3345
0.062876,2.3345
0.06288,2.3345
0.062884,2.3506
0.062888,2.3828
0.062892,2.3828
0.062896,2.415
0.0629,2.4311
0.062904,2.4311
0.062908,2.415
0.062912,2.3989
0.062916,2.3828
0.06292,2.3828
0.062924,2.3667
0.062928,2.3184
0.062932,2.3023
0.062936,2.3023
0.06294,2.3023
0.062944,2.3184
0.062948,2.3184
0.062952,2.3345
0.062956,2.3667
0.06296,2.3667
0.062964,2.3828
0.062968,2.3828
0.062972,2.3506
0.062976,2.3506
0.06298,2.3506
0.062984,2.3506
0.062988,2.3345
0.062992,2.3184
0.062996,2.3184
0.063,2.3184
0.063004,2.3023
0.063008,2.3023
0.063012,2.3184
0.063016,2.3184
0.06302,2.3345
0.063024,2.3667
0.063028,2.3667
0.063032,2.3667
0.063036,2.3667
0.06304,2.3667
0.063044,2.3667
0.063048,2.3667
0.063052,2.3345
0.063056,2.3345
0.06306,2.3184
0.063064,2.2862
0.063068,2.2862
0.063072,2.2701
0.063076,2.2701
0.06308,2.2701
0.063084,2.2862
0.063088,2.2862
0.063092,2.3023
0.063096,2.3345
0.0631,2.3506
0.063104,2.3506
0.063108,2.3506
0.063112,2.3667
0.063116,2.3506
0.06312,2.3506
0.063124,2.3667
0.063128,2.3345
0.063132,2.3345
0.063136,2.3184
0.06314,2.3023
0.063144,2.3023
0.063148,2.3023
0.063152,2.3184
0.063156,2.3184
0.06316,2.3345
0.063164,2.3506
0.063168,2.3506
0.063172,2.3345
0.063176,2.3345
0.06318,2.3506
0.063184,2.3506
0.063188,2.3667
0.063192,2.3506
0.063196,2.3345
0.0632,2.3184
0.063204,2.3184
0.063208,2.3023
0.063212,2.3023
0.063216,2.3023
0.06322,2.3023
0.063224,2.2862
0.063228,2.3023
0.063232,2.3345
0.063236,2.3667
0.06324,2.3989
0.063244,2.3989
0.063248,2.415
0.063252,2.3989
0.063256,2.3989
0.06326,2.3989
0.063264,2.3989
0.063268,2.3667
0.063272,2.3506
0.063276,2.3345
0.06328,2.3184
0.063284,2.3023
0.063288,2.3184
0.063292,2.3023
0.063296,2.3184
0.0633,2.3506
0.063304,2.3667
0.063308,2.3667
0.063312,2.3828
0.063316,2.415
0.06332,2.3989
0.063324,2.415
0.063328,2.3989
0.063332,2.3989
0.063336,2.3667
0.06334,2.3506
0.063344,2.3506
0.063348,2.3345
0.063352,2.3345
0.063356,2.3345
0.06336,2.3345
0.063364,2.3345
0.063368,2.3506
0.063372,2.3667
0.063376,2.3828
0.06338,2.3989
0.063384,2.3828
0.063388,2.3828
0.063392,2.3828
0.063396,2.3667
0.0634,2.3506
0.063404,2.3345
0.063408,2.3023
0.063412,2.2862
0.063416,2.2862
0.06342,2.3023
0.063424,2.2862
0.063428,2.3023
0.063432,2.3184
0.063436,2.3345
0.06344,2.3506
0.063444,2.3345
0.063448,2.3667
0.063452,2.3828
0.063456,2.3989
0.06346,2.3667
0.063464,2.3667
0.063468,2.3667
0.063472,2.3345
0.063476,2.3345
0.06348,2.3184
0.063484,2.3023
0.063488,2.2862
0.063492,2.2862
0.063496,2.3023
0.0635,2.3023
0.063504,2.3184
0.063508,2.3345
0.063512,2.3345
0.063516,2.3345
0.06352,2.3184
0.063524,2.3184
0.063528,2.3184
0.063532,2.3184
0.063536,2.3184
0.06354,2.3023
0.063544,2.3023
0.063548,2.3023
0.063552,2.2862
0.063556,2.2701
0.06356,2.2701
0.063564,2.254
0.063568,2.2701
0.063572,2.2701
0.063576,2.2862
0.06358,2.3023
0.063584,2.3023
0.063588,2.3184
0.063592,2.3667
0.063596,2.3667
0.0636,2.3506
0.063604,2.3667
0.063608,2.3506
0.063612,2.3506
0.063616,2.3345
0.06362,2.3184
0.063624,2.3023
0.063628,2.2862
0.063632,2.2862
0.063636,2.2862
0.06364,2.2701
0.063644,2.2862
0.063648,2.3184
0.063652,2.3023
0.063656,2.3506
0.06366,2.3667
0.063664,2.3667
0.063668,2.3828
0.063672,2.3828
0.063676,2.3667
0.06368,2.3506
0.063684,2.3184
0.063688,2.3184
0.063692,2.3184
0.063696,2.3345
0.0637,2.3184
0.063704,2.3023
0.063708,2.3023
0.063712,2.3345
0.063716,2.3345
0.06372,2.3506
0.063724,2.3667
0.063728,2.3667
0.063732,2.3667
0.063736,2.3828
0.06374,2.3828
0.063744,2.3828
0.063748,2.3828
0.063752,2.3667
0.063756,2.3506
0.06376,2.3345
0.063764,2.3184
0.063768,2.3184
0.063772,2.3184
0.063776,2.3345
0.06378,2.3345
0.063784,2.3506
0.063788,2.3506
0.063792,2.3506
0.063796,2.3506
0.0638,2.3667
0.063804,2.3667
0.063808,2.3506
0.063812,2.3345
0.063816,2.3184
0.06382,2.3184
0.063824,2.3345
0.063828,2.3184
0.063832,2.3023
0.063836,2.3023
0.06384,2.3023
0.063844,2.2862
0.063848,2.2862
0.063852,2.2862
0.063856,2.3023
0.06386,2.3184
0.063864,2.3345
0.063868,2.3345
0.063872,2.3184
0.063876,2.3345
0.06388,2.3345
0.063884,2.3184
0.063888,2.3184
0.063892,2.3184
0.063896,2.3184
0.0639,2.3023
0.063904,2.2862
0.063908,2.2862
0.063912,2.3023
0.063916,2.2862
0.06392,2.2862
0.063924,2.3023
0.063928,2.3184
0.063932,2.3023
0.063936,2.3345
0.06394,2.3667
0.063944,2.3667
0.063948,2.3667
0.063952,2.3506
0.063956,2.3506
0.06396,2.3667
0.063964,2.3506
0.063968,2.3184
0.063972,2.3184
0.063976,2.3184
0.06398,2.3184
0.063984,2.3023
0.063988,2.2862
0.063992,2.2862
0.063996,2.3184
0.064,2.3345
0.064004,2.3345
0.064008,2.3345
0.064012,2.3667
0.064016,2.3667
0.06402,2.3667
0.064024,2.3667
0.064028,2.3667
0.064032,2.3506
0.064036,2.3506
0.06404,2.3345
0.064044,2.3184
0.064048,2.3184
0.064052,2.3023
0.064056,2.2862
0.06406,2.3023
0.064064,2.3184
0.064068,2.3345
0.064072,2.3345
0.064076,2.3506
0.06408,2.3506
0.064084,2.3667
0.064088,2.3828
0.064092,2.3667
0.064096,2.3506
0.0641,2.3506
0.064104,2.3345
0.064108,2.3184
0.064112,2.3023
0.064116,2.2862
0.06412,2.2862
0.064124,2.2701
0.064128,2.2701
0.064132,2.2701
0.064136,2.2701
0.06414,2.2862
0.064144,2.2862
0.064148,2.3184
0.064152,2.3184
0.064156,2.3345
0.06416,2.3345
0.064164,2.3345
0.064168,2.3184
0.064172,2.3184
0.064176,2.3345
0.06418,2.3345
0.064184,2.3184
0.064188,2.3023
0.064192,2.2862
0.064196,2.2862
0.0642,2.3023
0.064204,2.3184
0.064208,2.3184
0.064212,2.3345
0.064216,2.3506
0.06422,2.3667
0.064224,2.3828
0.064228,2.3989
0.064232,2.3828
0.064236,2.3828
0.06424,2.3667
0.064244,2.3506
0.064248,2.3506
0.064252,2.3506
0.064256,2.3345
0.06426,2.3506
0.064264,2.3184
0.064268,2.3345
0.064272,2.3345
0.064276,2.3506
0.06428,2.3667
0.064284,2.3828
0.064288,2.3828
0.064292,2.415
0.064296,2.3989
0.0643,2.3989
0.064304,2.3989
0.064308,2.415
0.064312,2.3989
0.064316,2.3828
0.06432,2.3667
0.064324,2.3506
0.064328,2.3506
0.064332,2.3506
0.064336,2.3667
0.06434,2.3828
0.064344,2.3828
0.064348,2.3989
0.064352,2.415
0.064356,2.415
0.06436,2.4633
0.064364,2.4472
0.064368,2.4472
0.064372,2.4472
0.064376,2.4472
0.06438,2.415
0.064384,2.415
0.064388,2.415
0.064392,2.415
0.064396,2.415
0.0644,2.3989
0.064404,2.3989
0.064408,2.4311
0.064412,2.4472
0.064416,2.4472
0.06442,2.4633
0.064424,2.4633
0.064428,2.4955
0.064432,2.5116
0.064436,2.5277
0.06444,2.5277
0.064444,2.5277
0.064448,2.5277
0.064452,2.5116
0.064456,2.5116
0.06446,2.5116
0.064464,2.4794
0.064468,2.4794
0.064472,2.5116
0.064476,2.5277
0.06448,2.5277
0.064484,2.5438
0.064488,2.5599
0.064492,2.576
0.064496,2.5921
0.0645,2.6243
0.064504,2.5921
0.064508,2.6082
0.064512,2.6082
0.064516,2.6082
0.06452,2.6082
0.064524,2.5921
0.064528,2.576
0.064532,2.576
0.064536,2.576
0.06454,2.5921
0.064544,2.5921
0.064548,2.576
0.064552,2.5921
0.064556,2.6082
0.06456,2.6243
0.064564,2.6565
0.064568,2.6726
0.064572,2.6565
0.064576,2.6726
0.06458,2.6887
0.064584,2.6887
0.064588,2.6887
0.064592,2.6726
0.064596,2.6726
0.0646,2.6726
0.064604,2.6726
0.064608,2.6726
0.064612,2.6565
0.064616,2.6565
0.06462,2.6726
0.064624,2.6726
0.064628,2.6887
0.064632,2.7048
0.064636,2.737
0.06464,2.7531
0.064644,2.7853
0.064648,2.7692
0.064652,2.7531
0.064656,2.737
0.06466,2.737
0.064664,2.737
0.064668,2.7209
0.064672,2.7048
0.064676,2.7209
0.06468,2.7048
0.064684,2.7209
0.064688,2.7048
0.064692,2.7209
0.064696,2.7531
0.0647,2.7853
0.064704,2.7853
0.064708,2.8014
0.064712,2.8336
0.064716,2.8497
0.06472,2.8497
0.064724,2.8175
0.064728,2.8014
0.064732,2.8175
0.064736,2.7853
0.06474,2.7531
0.064744,2.7531
0.064748,2.737
0.064752,2.7531
0.064756,2.7692
0.06476,2.7531
0.064764,2.7692
0.064768,2.7531
0.064772,2.7692
0.064776,2.8014
0.06478,2.8014
0.064784,2.8175
0.064788,2.8014
0.064792,2.8175
0.064796,2.8175
0.0648,2.7853
0.064804,2.7853
0.064808,2.7853
0.064812,2.7692
0.064816,2.7692
0.06482,2.7531
0.064824,2.7531
0.064828,2.7531
0.064832,2.7692
0.064836,2.7692
0.06484,2.7853
0.064844,2.8014
0.064848,2.8175
0.064852,2.8175
0.064856,2.8175
0.06486,2.8336
0.064864,2.8336
0.064868,2.8336
0.064872,2.8336
0.064876,2.8175
0.06488,2.8014
0.064884,2.8014
0.064888,2.7853
0.064892,2.7853
0.064896,2.7692
0.0649,2.7692
0.064904,2.7853
0.064908,2.8014
0.064912,2.8175
0.064916,2.8336
0.06492,2.8336
0.064924,2.8336
0.064928,2.8497
0.064932,2.8336
0.064936,2.8336
0.06494,2.8336
0.064944,2.8497
0.064948,2.8497
0.064952,2.8497
0.064956,2.8497
0.06496,2.8336
0.064964,2.8175
0.064968,2.8336
0.064972,2.8336
0.064976,2.8497
0.06498,2.8658
0.064984,2.8819
0.064988,2.898
0.064992,2.898
0.064996,2.898
0.065,2.9302
0.065004,2.9141
0.065008,2.9302
0.065012,2.9302
0.065016,2.9141
0.06502,2.898
0.065024,2.898
0.065028,2.8819
0.065032,2.8819
0.065036,2.8658
0.06504,2.8658
0.065044,2.8658
0.065048,2.8819
0.065052,2.898
0.065056,2.9141
0.06506,2.9141
0.065064,2.9302
0.065068,2.9141
0.065072,2.9141
0.065076,2.9141
0.06508,2.9141
0.065084,2.9141
0.065088,2.9141
0.065092,2.898
0.065096,2.898
0.0651,2.898
0.065104,2.898
0.065108,2.898
0.065112,2.9141
0.065116,2.9302
0.06512,2.9463
0.065124,2.9624
0.065128,2.9624
0.065132,2.9946
0.065136,2.9946
0.06514,2.9785
0.065144,2.9624
0.065148,2.9624
0.065152,2.9302
0.065156,2.9302
0.06516,2.9302
0.065164,2.9302
0.065168,2.9302
0.065172,2.9302
0.065176,2.9302
0.06518,2.9463
0.065184,2.9624
0.065188,2.9624
0.065192,2.9785
0.065196,2.9946
0.0652,2.9785
0.065204,2.9624
0.065208,2.9463
0.065212,2.9463
0.065216,2.9302
0.06522,2.9141
0.065224,2.9141
0.065228,2.898
0.065232,2.898
0.065236,2.898
0.06524,2.898
0.065244,2.8819
0.065248,2.8819
0.065252,2.8819
0.065256,2.898
0.06526,2.898
0.065264,2.898
0.065268,2.8819
0.065272,2.898
0.065276,2.8819
0.06528,2.898
0.065284,2.898
0.065288,2.898
0.065292,2.8819
0.065296,2.8819
0.0653,2.8819
0.065304,2.8658
0.065308,2.8497
0.065312,2.8819
0.065316,2.8819
0.06532,2.8658
0.065324,2.8819
0.065328,2.898
0.065332,2.898
0.065336,2.898
0.06534,2.898
0.065344,2.898
0.065348,2.9141
0.065352,2.9141
0.065356,2.898
0.06536,2.898
0.065364,2.898
0.065368,2.898
0.065372,2.8819
0.065376,2.898
0.06538,2.8819
0.065384,2.898
0.065388,2.898
0.065392,2.8819
0.065396,2.898
0.0654,2.9141
0.065404,2.9302
0.065408,2.9302
0.065412,2.9463
0.065416,2.9463
0.06542,2.9463
0.065424,2.9463
0.065428,2.9302
0.065432,2.9463
0.065436,2.9463
0.06544,2.9463
0.065444,2.9624
0.065448,2.9463
0.065452,2.9463
0.065456,2.9463
0.06546,2.9463
0.065464,2.9463
0.065468,2.9463
0.065472,2.9463
0.065476,2.9624
0.06548,2.9624
0.065484,2.9785
0.065488,2.9946
0.065492,2.9946
0.065496,2.9785
0.0655,2.9785
0.065504,2.9785
0.065508,2.9624
0.065512,2.9624
0.065516,2.9463
0.06552,2.9463
0.065524,2.9624
0.065528,2.9624
0.065532,2.9785
0.065536,2.9946
0.06554,3.0107
0.065544,3.0107
0.065548,3.0429
0.065552,3.059
0.065556,3.0751
0.06556,3.0751
0.065564,3.0429
0.065568,3.0107
0.065572,3.0107
0.065576,2.9946
0.06558,2.9946
0.065584,2.9946
0.065588,2.9946
0.065592,3.0107
0.065596,3.0107
0.0656,3.0268
0.065604,3.0268
0.065608,3.0429
0.065612,3.059
0.065616,3.059
0.06562,3.0911999999999997
0.065624,3.059
0.065628,3.0429
0.065632,3.0429
0.065636,3.0429
0.06564,3.0429
0.065644,3.0268
0.065648,3.0268
0.065652,3.0268
0.065656,3.0107
0.06566,3.0268
0.065664,3.0429
0.065668,3.059
0.065672,3.0429
0.065676,3.059
0.06568,3.059
0.065684,3.0429
0.065688,3.0429
0.065692,3.0268
0.065696,3.0107
0.0657,3.0107
0.065704,2.9946
0.065708,2.9946
0.065712,2.9785
0.065716,2.9785
0.06572,2.9785
0.065724,2.9946
0.065728,3.0107
0.065732,3.0107
0.065736,3.0268
0.06574,3.0429
0.065744,3.0429
0.065748,3.0429
0.065752,3.0429
0.065756,3.0268
0.06576,3.0107
0.065764,3.0107
0.065768,2.9946
0.065772,2.9785
0.065776,2.9624
0.06578,2.9624
0.065784,2.9463
0.065788,2.9463
0.065792,2.9463
0.065796,2.9463
0.0658,2.9624
0.065804,2.9624
0.065808,2.9624
0.065812,2.9624
0.065816,2.9624
0.06582,2.9463
0.065824,2.9463
0.065828,2.9302
0.065832,2.9302
0.065836,2.9302
0.06584,2.9302
0.065844,2.9141
0.065848,2.9302
0.065852,2.9302
0.065856,2.9302
0.06586,2.9302
0.065864,2.9302
0.065868,2.9302
0.065872,2.9302
0.065876,2.9302
0.06588,2.9302
0.065884,2.9463
0.065888,2.9463
0.065892,2.9624
0.065896,2.9624
0.0659,2.9463
0.065904,2.9463
0.065908,2.9463
0.065912,2.9302
0.065916,2.9302
0.06592,2.9302
0.065924,2.9463
0.065928,2.9463
0.065932,2.9463
0.065936,2.9463
0.06594,2.9463
0.065944,2.9624
0.065948,2.9463
0.065952,2.9624
0.065956,2.9624
0.06596,2.9624
0.065964,2.9624
0.065968,2.9624
0.065972,2.9624
0.065976,2.9624
0.06598,2.9624
0.065984,2.9624
0.065988,2.9624
0.065992,2.9624
0.065996,2.9624
0.066,2.9946
0.066004,2.9785
0.066008,2.9785
0.066012,2.9946
0.066016,2.9946
0.06602,2.9946
0.066024,2.9946
0.066028,2.9946
0.066032,2.9946
0.066036,2.9946
0.06604,2.9946
0.066044,2.9785
0.066048,2.9946
0.066052,2.9946
0.066056,3.0107
0.06606,3.0107
0.066064,3.0107
0.066068,3.0107
0.066072,3.0107
0.066076,3.0107
0.06608,3.0429
0.066084,3.0429
0.066088,3.059
0.066092,3.059
0.066096,3.059
0.0661,3.0429
0.066104,3.0429
0.066108,3.0268
0.066112,3.0268
0.066116,3.0268
0.06612,3.0268
0.066124,3.0429
0.066128,3.0268
0.066132,3.0429
0.066136,3.059
0.06614,3.059
0.066144,3.059
0.066148,3.059
0.066152,3.059
0.066156,3.059
0.06616,3.0429
0.066164,3.059
0.066168,3.059
0.066172,3.059
0.066176,3.059
0.06618,3.0429
0.066184,3.0429
0.066188,3.0429
0.066192,3.059
0.066196,3.059
0.0662,3.0751
0.066204,3.0751
0.066208,3.0751
0.066212,3.0751
0.066216,3.0751
0.06622,3.059
0.066224,3.0429
0.066228,3.0107
0.066232,3.0107
0.066236,3.0107
0.06624,2.9946
0.066244,2.9946
0.066248,2.9785
0.066252,2.9624
0.066256,2.9785
0.06626,2.9624
0.066264,2.9785
0.066268,2.9785
0.066272,2.9624
0.066276,2.9624
0.06628,2.9463
0.066284,2.9463
0.066288,2.9463
0.066292,2.9463
0.066296,2.9302
0.0663,2.9141
0.066304,2.9141
0.066308,2.9141
0.066312,2.898
0.066316,2.898
0.06632,2.898
0.066324,2.9141
0.066328,2.9141
0.066332,2.898
0.066336,2.9141
0.06634,2.898
0.066344,2.898
0.066348,2.9141
0.066352,2.9141
0.066356,2.9141
0.06636,2.898
0.066364,2.8819
0.066368,2.8658
0.066372,2.8658
0.066376,2.8658
0.06638,2.8658
0.066384,2.8497
0.066388,2.8497
0.066392,2.8819
0.066396,2.8819
0.0664,2.8819
0.066404,2.8658
0.066408,2.8658
0.066412,2.8658
0.066416,2.8819
0.06642,2.8658
0.066424,2.8658
0.066428,2.8658
0.066432,2.8497
0.066436,2.8658
0.06644,2.8497
0.066444,2.8497
0.066448,2.8497
0.066452,2.8658
0.066456,2.8819
0.06646,2.8819
0.066464,2.8819
0.066468,2.898
0.066472,2.9141
0.066476,2.898
0.06648,2.9302
0.066484,2.9141
0.066488,2.9141
0.066492,2.898
0.066496,2.898
0.0665,2.898
0.066504,2.8819
0.066508,2.898
0.066512,2.898
0.066516,2.9141
0.06652,2.898
0.066524,2.9141
0.066528,2.9141
0.066532,2.9302
0.066536,2.9302
0.06654,2.9302
0.066544,2.9463
0.066548,2.9463
0.066552,2.9463
0.066556,2.9463
0.06656,2.9463
0.066564,2.9463
0.066568,2.9463
0.066572,2.9463
0.066576,2.9463
0.06658,2.9463
0.066584,2.9463
0.066588,2.9463
0.066592,2.9624
0.066596,2.9624
0.0666,2.9624
0.066604,2.9785
0.066608,2.9785
0.066612,2.9785
0.066616,2.9785
0.06662,2.9785
0.066624,2.9785
0.066628,2.9946
0.066632,2.9624
0.066636,2.9624
0.06664,2.9785
0.066644,2.9624
0.066648,2.9624
0.066652,2.9463
0.066656,2.9624
0.06666,2.9785
0.066664,2.9785
0.066668,2.9785
0.066672,2.9946
0.066676,2.9946
0.06668,2.9946
0.066684,2.9946
0.066688,2.9946
0.066692,2.9946
0.066696,2.9946
0.0667,2.9946
0.066704,2.9946
0.066708,2.9785
0.066712,2.9624
0.066716,2.9946
0.06672,2.9946
0.066724,2.9946
0.066728,3.0107
0.066732,2.9946
0.066736,2.9946
0.06674,3.0107
0.066744,3.0107
0.066748,2.9946
0.066752,2.9946
0.066756,2.9946
0.06676,3.0107
0.066764,2.9946
0.066768,2.9946
0.066772,2.9785
0.066776,2.9785
0.06678,2.9785
0.066784,2.9946
0.066788,3.0107
0.066792,3.0107
0.066796,3.0107
0.0668,3.0268
0.066804,3.0429
0.066808,3.0429
0.066812,3.059
0.066816,3.059
0.06682,3.059
0.066824,3.0429
0.066828,3.0429
0.066832,3.0268
0.066836,3.0107
0.06684,3.0107
0.066844,3.0107
0.066848,3.0107
0.066852,3.0268
0.066856,3.0268
0.06686,3.0429
0.066864,3.0429
0.066868,3.0429
0.066872,3.0429
0.066876,3.0429
0.06688,3.0268
0.066884,3.0268
0.066888,3.0268
0.066892,3.0107
0.066896,2.9946
0.0669,2.9946
0.066904,2.9946
0.066908,3.0107
0.066912,3.0107
0.066916,3.0107
0.06692,3.0107
0.066924,3.0107
0.066928,3.0107
0.066932,3.0107
0.066936,2.9946
0.06694,2.9785
0.066944,2.9785
0.066948,2.9624
0.066952,2.9302
0.066956,2.9302
0.06696,2.9141
0.066964,2.9302
0.066968,2.9302
0.066972,2.9302
0.066976,2.9302
0.06698,2.9463
0.066984,2.9463
0.066988,2.9463
0.066992,2.9141
0.066996,2.9141
0.067,2.898
0.067004,2.8819
0.067008,2.8819
0.067012,2.8819
0.067016,2.8658
0.06702,2.8658
0.067024,2.8497
0.067028,2.8658
0.067032,2.8497
0.067036,2.8497
0.06704,2.8497
0.067044,2.8497
0.067048,2.8497
0.067052,2.8497
0.067056,2.8658
0.06706,2.8658
0.067064,2.8658
0.067068,2.8658
0.067072,2.8497
0.067076,2.8336
0.06708,2.8336
0.067084,2.8336
0.067088,2.8175
0.067092,2.8175
0.067096,2.8175
0.0671,2.8014
0.067104,2.8175
0.067108,2.8175
0.067112,2.8336
0.067116,2.8497
0.06712,2.8497
0.067124,2.8658
0.067128,2.8497
0.067132,2.8658
0.067136,2.8497
0.06714,2.8497
0.067144,2.8497
0.067148,2.8336
0.067152,2.8336
0.067156,2.8336
0.06716,2.8497
0.067164,2.8497
0.067168,2.8497
0.067172,2.8497
0.067176,2.8658
0.06718,2.8658
0.067184,2.8658
0.067188,2.8497
0.067192,2.8658
0.067196,2.8658
0.0672,2.8658
0.067204,2.8497
0.067208,2.8497
0.067212,2.8497
0.067216,2.8336
0.06722,2.8336
0.067224,2.8336
0.067228,2.8497
0.067232,2.8497
0.067236,2.8497
0.06724,2.8658
0.067244,2.8658
0.067248,2.8819
0.067252,2.898
0.067256,2.898
0.06726,2.8819
0.067264,2.9141
0.067268,2.9141
0.067272,2.898
0.067276,2.898
0.06728,2.9141
0.067284,2.898
0.067288,2.8819
0.067292,2.898
0.067296,2.898
0.0673,2.898
0.067304,2.9141
0.067308,2.9302
0.067312,2.9302
0.067316,2.9463
0.06732,2.9463
0.067324,2.9463
0.067328,2.9624
0.067332,2.9624
0.067336,2.9463
0.06734,2.9463
0.067344,2.9463
0.067348,2.9463
0.067352,2.9463
0.067356,2.9302
0.06736,2.9302
0.067364,2.9302
0.067368,2.9302
0.067372,2.9302
0.067376,2.9463
0.06738,2.9463
0.067384,2.9463
0.067388,2.9624
0.067392,2.9624
0.067396,2.9624
0.0674,2.9463
0.067404,2.9463
0.067408,2.9463
0.067412,2.9463
0.067416,2.9463
0.06742,2.9463
0.067424,2.9463
0.067428,2.9624
0.067432,2.9785
0.067436,2.9785
0.06744,2.9946
0.067444,3.0107
0.067448,3.0107
0.067452,2.9946
0.067456,2.9946
0.06746,2.9946
0.067464,2.9785
0.067468,2.9785
0.067472,2.9624
0.067476,2.9463
0.06748,2.9463
0.067484,2.9624
0.067488,2.9624
0.067492,2.9624
0.067496,2.9463
0.0675,2.9463
0.067504,2.9624
0.067508,2.9463
0.067512,2.9302
0.067516,2.9302
0.06752,2.9463
0.067524,2.9463
0.067528,2.9302
0.067532,2.898
0.067536,2.898
0.06754,2.8819
0.067544,2.8819
0.067548,2.8819
0.067552,2.8819
0.067556,2.8819
0.06756,2.8819
0.067564,2.8658
0.067568,2.8497
0.067572,2.8497
0.067576,2.8497
0.06758,2.8336
0.067584,2.8175
0.067588,2.8175
0.067592,2.8014
0.067596,2.8014
0.0676,2.7853
0.067604,2.7853
0.067608,2.7853
0.067612,2.7853
0.067616,2.8014
0.06762,2.7853
0.067624,2.7853
0.067628,2.7692
0.067632,2.7853
0.067636,2.7692
0.06764,2.7853
0.067644,2.7853
0.067648,2.7692
0.067652,2.7692
0.067656,2.7692
0.06766,2.7531
0.067664,2.7531
0.067668,2.737
0.067672,2.7209
0.067676,2.737
0.06768,2.7531
0.067684,2.737
0.067688,2.737
0.067692,2.737
0.067696,2.7209
0.0677,2.7531
0.067704,2.7531
0.067708,2.737
0.067712,2.7209
0.067716,2.7048
0.06772,2.7048
0.067724,2.7048
0.067728,2.7048
0.067732,2.7048
0.067736,2.7048
0.06774,2.7209
0.067744,2.7048
0.067748,2.7209
0.067752,2.737
0.067756,2.737
0.06776,2.7531
0.067764,2.737
0.067768,2.7531
0.067772,2.7692
0.067776,2.7692
0.06778,2.7692
0.067784,2.7531
0.067788,2.7692
0.067792,2.737
0.067796,2.737
0.0678,2.737
0.067804,2.737
0.067808,2.737
0.067812,2.737
0.067816,2.737
0.06782,2.7531
0.067824,2.7531
0.067828,2.7531
0.067832,2.7692
0.067836,2.7692
0.06784,2.7692
0.067844,2.7692
0.067848,2.7692
0.067852,2.7853
0.067856,2.7853
0.06786,2.7692
0.067864,2.7692
0.067868,2.7692
0.067872,2.7853
0.067876,2.8014
0.06788,2.8014
0.067884,2.8014
0.067888,2.8175
0.067892,2.8336
0.067896,2.8336
0.0679,2.8175
0.067904,2.8175
0.067908,2.8336
0.067912,2.8336
0.067916,2.8175
0.06792,2.8175
0.067924,2.8336
0.067928,2.8336
0.067932,2.8336
0.067936,2.8336
0.06794,2.8497
0.067944,2.8497
0.067948,2.8658
0.067952,2.8819
0.067956,2.8819
0.06796,2.898
0.067964,2.8819
0.067968,2.898
0.067972,2.8819
0.067976,2.898
0.06798,2.898
0.067984,2.898
0.067988,2.898
0.067992,2.8819
0.067996,2.898
0.068,2.8819
0.068004,2.898
0.068008,2.8819
0.068012,2.8819
0.068016,2.8819
0.06802,2.8819
0.068024,2.898
0.068028,2.898
0.068032,2.9141
0.068036,2.898
0.06804,2.9141
0.068044,2.898
0.068048,2.898
0.068052,2.8819
0.068056,2.898
0.06806,2.8819
0.068064,2.8658
0.068068,2.8819
0.068072,2.8658
0.068076,2.8819
0.06808,2.8819
0.068084,2.898
0.068088,2.898
0.068092,2.9141
0.068096,2.898
0.0681,2.898
0.068104,2.9141
0.068108,2.898
0.068112,2.898
0.068116,2.898
0.06812,2.8819
0.068124,2.8819
0.068128,2.8819
0.068132,2.898
0.068136,2.898
0.06814,2.898
0.068144,2.9141
0.068148,2.9141
0.068152,2.9141
0.068156,2.9302
0.06816,2.9141
0.068164,2.9302
0.068168,2.9141
0.068172,2.9141
0.068176,2.9141
0.06818,2.8819
0.068184,2.8819
0.068188,2.8819
0.068192,2.8658
0.068196,2.8658
0.0682,2.8819
0.068204,2.8819
0.068208,2.8819
0.068212,2.8658
0.068216,2.8658
0.06822,2.8658
0.068224,2.8658
0.068228,2.8336
0.068232,2.8175
0.068236,2.8175
0.06824,2.8014
0.068244,2.7853
0.068248,2.7692
0.068252,2.7531
0.068256,2.7531
0.06826,2.7531
0.068264,2.7531
0.068268,2.737
0.068272,2.7531
0.068276,2.737
0.06828,2.7209
0.068284,2.737
0.068288,2.737
0.068292,2.737
0.068296,2.7209
0.0683,2.7209
0.068304,2.7048
0.068308,2.7048
0.068312,2.7048
0.068316,2.6887
0.06832,2.6887
0.068324,2.6726
0.068328,2.6726
0.068332,2.6726
0.068336,2.6887
0.06834,2.6887
0.068344,2.6887
0.068348,2.6726
0.068352,2.6726
0.068356,2.6726
0.06836,2.6887
0.068364,2.6887
0.068368,2.6887
0.068372,2.6726
0.068376,2.6887
0.06838,2.6726
0.068384,2.6726
0.068388,2.6887
0.068392,2.6887
0.068396,2.6887
0.0684,2.6887
0.068404,2.6887
0.068408,2.6887
0.068412,2.6726
0.068416,2.6726
0.06842,2.6726
0.068424,2.6726
0.068428,2.6887
0.068432,2.6726
0.068436,2.6726
0.06844,2.6726
0.068444,2.6726
0.068448,2.6726
0.068452,2.6887
0.068456,2.6887
0.06846,2.6887
0.068464,2.7048
0.068468,2.7048
0.068472,2.737
0.068476,2.7209
0.06848,2.7209
0.068484,2.7209
0.068488,2.737
0.068492,2.7209
0.068496,2.7209
0.0685,2.7209
0.068504,2.7209
0.068508,2.7209
0.068512,2.737
0.068516,2.7209
0.06852,2.7209
0.068524,2.737
0.068528,2.737
0.068532,2.737
0.068536,2.7531
0.06854,2.7692
0.068544,2.7853
0.068548,2.8014
0.068552,2.8014
0.068556,2.7853
0.06856,2.7853
0.068564,2.7531
0.068568,2.7531
0.068572,2.7692
0.068576,2.7692
0.06858,2.7531
0.068584,2.7531
0.068588,2.7531
0.068592,2.7531
0.068596,2.7692
0.0686,2.7692
0.068604,2.7853
0.068608,2.8014
0.068612,2.8175
0.068616,2.8175
0.06862,2.8336
0.068624,2.8336
0.068628,2.8336
0.068632,2.8336
0.068636,2.8497
0.06864,2.8497
0.068644,2.8336
0.068648,2.8175
0.068652,2.8336
0.068656,2.8175
0.06866,2.8336
0.068664,2.8336
0.068668,2.8175
0.068672,2.8336
0.068676,2.8497
0.06868,2.8497
0.068684,2.8497
0.068688,2.8497
0.068692,2.8497
0.068696,2.8497
0.0687,2.8497
0.068704,2.8336
0.068708,2.8336
0.068712,2.8175
0.068716,2.8336
0.06872,2.8336
0.068724,2.8336
0.068728,2.8497
0.068732,2.8497
0.068736,2.8497
0.06874,2.8497
0.068744,2.8497
0.068748,2.8497
0.068752,2.8336
0.068756,2.8336
0.06876,2.8497
0.068764,2.8497
0.068768,2.8497
0.068772,2.8497
0.068776,2.8175
0.06878,2.8175
0.068784,2.8014
0.068788,2.8014
0.068792,2.8014
0.068796,2.8014
0.0688,2.8014
0.068804,2.8175
0.068808,2.8175
0.068812,2.8336
0.068816,2.8336
0.06882,2.8497
0.068824,2.8497
0.068828,2.8497
0.068832,2.8336
0.068836,2.8175
0.06884,2.8014
0.068844,2.8175
0.068848,2.8014
0.068852,2.8014
0.068856,2.8175
0.06886,2.8175
0.068864,2.8497
0.068868,2.8336
0.068872,2.8497
0.068876,2.8658
0.06888,2.8658
0.068884,2.8819
0.068888,2.898
0.068892,2.8819
0.068896,2.8658
0.0689,2.8336
0.068904,2.8336
0.068908,2.8014
0.068912,2.7853
0.068916,2.7853
0.06892,2.7853
0.068924,2.7853
0.068928,2.8175
0.068932,2.8014
0.068936,2.8014
0.06894,2.8014
0.068944,2.8175
0.068948,2.8014
0.068952,2.7531
0.068956,2.737
0.06896,2.737
0.068964,2.7048
0.068968,2.6887
0.068972,2.6887
0.068976,2.6887
0.06898,2.6887
0.068984,2.6726
0.068988,2.6726
0.068992,2.6887
0.068996,2.6887
0.069,2.7048
0.069004,2.6726
0.069008,2.6565
0.069012,2.6565
0.069016,2.6565
0.06902,2.6404
0.069024,2.6404
0.069028,2.6082
0.069032,2.5921
0.069036,2.5921
0.06904,2.6082
0.069044,2.6082
0.069048,2.5921
0.069052,2.6082
0.069056,2.5921
0.06906,2.6082
0.069064,2.6082
0.069068,2.6082
0.069072,2.5921
0.069076,2.5921
0.06908,2.576
0.069084,2.5599
0.069088,2.5438
0.069092,2.5438
0.069096,2.5438
0.0691,2.5599
0.069104,2.5599
0.069108,2.5438
0.069112,2.5599
0.069116,2.576
0.06912,2.576
0.069124,2.576
0.069128,2.576
0.069132,2.5921
0.069136,2.6082
0.06914,2.6082
0.069144,2.5921
0.069148,2.576
0.069152,2.576
0.069156,2.576
0.06916,2.5599
0.069164,2.5599
0.069168,2.5599
0.069172,2.576
0.069176,2.576
0.06918,2.5921
0.069184,2.5921
0.069188,2.5921
0.069192,2.6082
0.069196,2.5921
0.0692,2.6082
0.069204,2.6082
0.069208,2.6082
0.069212,2.6243
0.069216,2.6082
0.06922,2.6082
0.069224,2.6082
0.069228,2.6082
0.069232,2.6082
0.069236,2.5921
0.06924,2.6082
0.069244,2.6082
0.069248,2.6082
0.069252,2.6082
0.069256,2.6082
0.06926,2.6404
0.069264,2.6404
0.069268,2.6726
0.069272,2.6887
0.069276,2.6887
0.06928,2.6887
0.069284,2.6887
0.069288,2.6887
0.069292,2.6887
0.069296,2.6887
0.0693,2.6726
0.069304,2.6726
0.069308,2.6726
0.069312,2.6565
0.069316,2.6726
0.06932,2.6565
0.069324,2.6887
0.069328,2.6887
0.069332,2.7048
0.069336,2.7209
0.06934,2.737
0.069344,2.737
0.069348,2.737
0.069352,2.737
0.069356,2.7531
0.06936,2.737
0.069364,2.7048
0.069368,2.7209
0.069372,2.6887
0.069376,2.6887
0.06938,2.6726
0.069384,2.6726
0.069388,2.6565
0.069392,2.6726
0.069396,2.6887
0.0694,2.7209
0.069404,2.737
0.069408,2.7531
0.069412,2.7531
0.069416,2.7692
0.06942,2.7853
0.069424,2.7853
0.069428,2.7853
0.069432,2.7692
0.069436,2.737
0.06944,2.737
0.069444,2.7209
0.069448,2.7209
0.069452,2.7209
0.069456,2.7209
0.06946,2.7209
0.069464,2.737
0.069468,2.7531
0.069472,2.7692
0.069476,2.7853
0.06948,2.7853
0.069484,2.8014
0.069488,2.8336
0.069492,2.8175
0.069496,2.8014
0.0695,2.7853
0.069504,2.7853
0.069508,2.7531
0.069512,2.7531
0.069516,2.7531
0.06952,2.737
0.069524,2.737
0.069528,2.7531
0.069532,2.7692
0.069536,2.7692
0.06954,2.7692
0.069544,2.7692
0.069548,2.7531
0.069552,2.7692
0.069556,2.7531
0.06956,2.7531
0.069564,2.737
0.069568,2.7048
0.069572,2.6887
0.069576,2.6726
0.06958,2.6726
0.069584,2.6726
0.069588,2.6726
0.069592,2.6726
0.069596,2.7209
0.0696,2.7048
0.069604,2.7209
0.069608,2.7209
0.069612,2.7209
0.069616,2.7209
0.06962,2.7048
0.069624,2.6887
0.069628,2.6565
0.069632,2.6404
0.069636,2.6404
0.06964,2.6243
0.069644,2.6243
0.069648,2.6082
0.069652,2.6082
0.069656,2.6082
0.06966,2.6243
0.069664,2.6404
0.069668,2.6243
0.069672,2.6404
0.069676,2.6404
0.06968,2.6243
0.069684,2.6082
0.069688,2.6082
0.069692,2.5921
0.069696,2.5921
0.0697,2.576
0.069704,2.5438
0.069708,2.5438
0.069712,2.5438
0.069716,2.5438
0.06972,2.5599
0.069724,2.5599
0.069728,2.5599
0.069732,2.576
0.069736,2.576
0.06974,2.5599
0.069744,2.5599
0.069748,2.5599
0.069752,2.5438
0.069756,2.5599
0.06976,2.5438
0.069764,2.5277
0.069768,2.5116
0.069772,2.5116
0.069776,2.5116
0.06978,2.5116
0.069784,2.5116
0.069788,2.5116
0.069792,2.5277
0.069796,2.5277
0.0698,2.5438
0.069804,2.5277
0.069808,2.5438
0.069812,2.5599
0.069816,2.576
0.06982,2.576
0.069824,2.5599
0.069828,2.5438
0.069832,2.5438
0.069836,2.5277
0.06984,2.5277
0.069844,2.5116
0.069848,2.5277
0.069852,2.5277
0.069856,2.5116
0.06986,2.5116
0.069864,2.5277
0.069868,2.5438
0.069872,2.5599
0.069876,2.576
0.06988,2.576
0.069884,2.576
0.069888,2.576
0.069892,2.576
0.069896,2.5599
0.0699,2.5438
0.069904,2.5438
0.069908,2.5277
0.069912,2.5277
0.069916,2.5116
0.06992,2.5277
0.069924,2.5277
0.069928,2.5438
0.069932,2.5438
0.069936,2.5438
0.06994,2.5599
0.069944,2.576
0.069948,2.5921
0.069952,2.5921
0.069956,2.6082
0.06996,2.6082
0.069964,2.6082
0.069968,2.6082
0.069972,2.5921
0.069976,2.5921
0.06998,2.576
0.069984,2.576
0.069988,2.5599
0.069992,2.5599
0.069996,2.5599
0.07,2.5921
0.070004,2.5921
0.070008,2.6082
0.070012,2.6243
0.070016,2.6243
0.07002,2.6243
0.070024,2.6404
0.070028,2.6404
0.070032,2.6404
0.070036,2.6243
0.07004,2.6082
0.070044,2.6082
0.070048,2.6082
0.070052,2.5921
0.070056,2.576
0.07006,2.576
0.070064,2.5921
0.070068,2.5921
0.070072,2.5921
0.070076,2.6082
0.07008,2.6082
0.070084,2.6404
0.070088,2.6404
0.070092,2.6404
0.070096,2.6404
0.0701,2.6404
0.070104,2.6565
0.070108,2.6404
0.070112,2.6243
0.070116,2.6243
0.07012,2.6082
0.070124,2.576
0.070128,2.576
0.070132,2.576
0.070136,2.576
0.07014,2.5921
0.070144,2.6082
0.070148,2.6404
0.070152,2.6404
0.070156,2.6726
0.07016,2.6887
0.070164,2.6726
0.070168,2.6565
0.070172,2.6565
0.070176,2.6404
0.07018,2.6565
0.070184,2.6243
0.070188,2.6082
0.070192,2.5921
0.070196,2.5921
0.0702,2.5921
0.070204,2.6082
0.070208,2.6243
0.070212,2.6404
0.070216,2.6565
0.07022,2.6404
0.070224,2.6404
0.070228,2.6404
0.070232,2.6243
0.070236,2.6082
0.07024,2.576
0.070244,2.5438
0.070248,2.5277
0.070252,2.5116
0.070256,2.5116
0.07026,2.4955
0.070264,2.4955
0.070268,2.4955
0.070272,2.5116
0.070276,2.4955
0.07028,2.4955
0.070284,2.5116
0.070288,2.4955
0.070292,2.4955
0.070296,2.4955
0.0703,2.4955
0.070304,2.4794
0.070308,2.4633
0.070312,2.4311
0.070316,2.415
0.07032,2.415
0.070324,2.415
0.070328,2.415
0.070332,2.415
0.070336,2.415
0.07034,2.415
0.070344,2.4311
0.070348,2.4633
0.070352,2.4633
0.070356,2.4633
0.07036,2.4311
0.070364,2.4472
0.070368,2.415
0.070372,2.415
0.070376,2.3989
0.07038,2.3828
0.070384,2.3667
0.070388,2.3506
0.070392,2.3506
0.070396,2.3506
0.0704,2.3506
0.070404,2.3506
0.070408,2.3828
0.070412,2.3828
0.070416,2.3989
0.07042,2.415
0.070424,2.415
0.070428,2.3989
0.070432,2.415
0.070436,2.415
0.07044,2.415
0.070444,2.3989
0.070448,2.3828
0.070452,2.3989
0.070456,2.3667
0.07046,2.3667
0.070464,2.3667
0.070468,2.3667
0.070472,2.3828
0.070476,2.3828
0.07048,2.3989
0.070484,2.4311
0.070488,2.4311
0.070492,2.4633
0.070496,2.4633
0.0705,2.4472
0.070504,2.4633
0.070508,2.4794
0.070512,2.4955
0.070516,2.4794
0.07052,2.4633
0.070524,2.4311
0.070528,2.4311
0.070532,2.415
0.070536,2.4311
0.07054,2.4472
0.070544,2.4472
0.070548,2.4633
0.070552,2.4633
0.070556,2.4794
0.07056,2.4794
0.070564,2.4955
0.070568,2.5277
0.070572,2.5277
0.070576,2.5277
0.07058,2.5277
0.070584,2.5277
0.070588,2.5277
0.070592,2.5277
0.070596,2.4955
0.0706,2.4794
0.070604,2.4633
0.070608,2.4633
0.070612,2.4633
0.070616,2.4955
0.07062,2.4955
0.070624,2.4955
0.070628,2.5277
0.070632,2.5277
0.070636,2.5599
0.07064,2.576
0.070644,2.5921
0.070648,2.6082
0.070652,2.6243
0.070656,2.6243
0.07066,2.5921
0.070664,2.5921
0.070668,2.576
0.070672,2.576
0.070676,2.5599
0.07068,2.5438
0.070684,2.5277
0.070688,2.5277
0.070692,2.5599
0.070696,2.576
0.0707,2.5599
0.070704,2.576
0.070708,2.5921
0.070712,2.6082
0.070716,2.6082
0.07072,2.5921
0.070724,2.6082
0.070728,2.5921
0.070732,2.6082
0.070736,2.5921
0.07074,2.576
0.070744,2.5599
0.070748,2.5599
0.070752,2.5599
0.070756,2.5599
0.07076,2.576
0.070764,2.5921
0.070768,2.5921
0.070772,2.6243
0.070776,2.6243
0.07078,2.6404
0.070784,2.6404
0.070788,2.6404
0.070792,2.6243
0.070796,2.6082
0.0708,2.576
0.070804,2.5599
0.070808,2.5599
0.070812,2.5438
0.070816,2.5438
0.07082,2.5277
0.070824,2.5438
0.070828,2.5438
0.070832,2.5438
0.070836,2.5277
0.07084,2.5277
0.070844,2.5438
0.070848,2.5599
0.070852,2.5438
0.070856,2.5277
0.07086,2.4955
0.070864,2.4794
0.070868,2.4472
0.070872,2.415
0.070876,2.4311
0.07088,2.4311
0.070884,2.4311
0.070888,2.4311
0.070892,2.4472
0.070896,2.4633
0.0709,2.4472
0.070904,2.4472
0.070908,2.4472
0.070912,2.4311
0.070916,2.4311
0.07092,2.4311
0.070924,2.415
0.070928,2.3989
0.070932,2.3667
0.070936,2.3506
0.07094,2.3506
0.070944,2.3506
0.070948,2.3506
0.070952,2.3667
0.070956,2.3667
0.07096,2.3667
0.070964,2.3667
0.070968,2.3828
0.070972,2.3828
0.070976,2.3828
0.07098,2.3989
0.070984,2.3828
0.070988,2.3667
0.070992,2.3828
0.070996,2.3828
0.071,2.3667
0.071004,2.3506
0.071008,2.3667
0.071012,2.3506
0.071016,2.3667
0.07102,2.3506
0.071024,2.3506
0.071028,2.3506
0.071032,2.3667
0.071036,2.3828
0.07104,2.3989
0.071044,2.415
0.071048,2.415
0.071052,2.4472
0.071056,2.4472
0.07106,2.4472
0.071064,2.4472
0.071068,2.4311
0.071072,2.415
0.071076,2.415
0.07108,2.415
0.071084,2.3989
0.071088,2.3989
0.071092,2.3989
0.071096,2.3989
0.0711,2.415
0.071104,2.4311
0.071108,2.4472
0.071112,2.4794
0.071116,2.4794
0.07112,2.5277
0.071124,2.5277
0.071128,2.5116
0.071132,2.5277
0.071136,2.5116
0.07114,2.5116
0.071144,2.5116
0.071148,2.4955
0.071152,2.4955
0.071156,2.4794
0.07116,2.4794
0.071164,2.4633
0.071168,2.4633
0.071172,2.4633
0.071176,2.4794
0.07118,2.5116
0.071184,2.5277
0.071188,2.5277
0.071192,2.5599
0.071196,2.576
0.0712,2.5921
0.071204,2.5921
0.071208,2.5921
0.071212,2.5921
0.071216,2.576
0.07122,2.5599
0.071224,2.5599
0.071228,2.5438
0.071232,2.5277
0.071236,2.5116
0.07124,2.5116
0.071244,2.5116
0.071248,2.5277
0.071252,2.5438
0.071256,2.5599
0.07126,2.576
0.071264,2.576
0.071268,2.6082
0.071272,2.6243
0.071276,2.6243
0.07128,2.6082
0.071284,2.6243
0.071288,2.6404
0.071292,2.6243
0.071296,2.6082
0.0713,2.6082
0.071304,2.5921
0.071308,2.576
0.071312,2.576
0.071316,2.5599
0.07132,2.576
0.071324,2.5921
0.071328,2.5921
0.071332,2.6243
0.071336,2.6404
0.07134,2.6404
0.071344,2.6726
0.071348,2.6726
0.071352,2.6726
0.071356,2.6565
0.07136,2.6726
0.071364,2.6726
0.071368,2.6404
0.071372,2.6082
0.071376,2.5921
0.07138,2.576
0.071384,2.576
0.071388,2.576
0.071392,2.576
0.071396,2.5921
0.0714,2.6082
0.071404,2.6243
0.071408,2.6404
0.071412,2.6404
0.071416,2.6243
0.07142,2.6404
0.071424,2.6404
0.071428,2.6082
0.071432,2.5921
0.071436,2.5921
0.07144,2.5599
0.071444,2.5438
0.071448,2.5277
0.071452,2.5116
0.071456,2.5116
0.07146,2.5116
0.071464,2.5277
0.071468,2.5438
0.071472,2.5438
0.071476,2.5438
0.07148,2.5438
0.071484,2.5438
0.071488,2.5277
0.071492,2.4955
0.071496,2.4794
0.0715,2.4472
0.071504,2.415
0.071508,2.3989
0.071512,2.3989
0.071516,2.3989
0.07152,2.3989
0.071524,2.3989
0.071528,2.3989
0.071532,2.415
0.071536,2.4311
0.07154,2.4472
0.071544,2.4472
0.071548,2.4472
0.071552,2.4311
0.071556,2.4472
0.07156,2.415
0.071564,2.3989
0.071568,2.3989
0.071572,2.3828
0.071576,2.3667
0.07158,2.3506
0.071584,2.3506
0.071588,2.3506
0.071592,2.3506
0.071596,2.3667
0.0716,2.3667
0.071604,2.3828
0.071608,2.3989
0.071612,2.3989
0.071616,2.3989
0.07162,2.3828
0.071624,2.3828
0.071628,2.3828
0.071632,2.3667
0.071636,2.3506
0.07164,2.3345
0.071644,2.3345
0.071648,2.3023
0.071652,2.3023
0.071656,2.3023
0.07166,2.3184
0.071664,2.3345
0.071668,2.3506
0.071672,2.3506
0.071676,2.3828
0.07168,2.3989
0.071684,2.4311
0.071688,2.415
0.071692,2.4311
0.071696,2.4311
0.0717,2.4311
0.071704,2.415
0.071708,2.415
0.071712,2.3989
0.071716,2.3989
0.07172,2.3828
0.071724,2.3828
0.071728,2.3667
0.071732,2.3667
0.071736,2.3828
0.07174,2.3989
0.071744,2.4311
0.071748,2.4311
0.071752,2.4311
0.071756,2.4633
0.07176,2.4794
0.071764,2.4955
0.071768,2.4955
0.071772,2.4955
0.071776,2.4955
0.07178,2.4794
0.071784,2.4633
0.071788,2.4633
0.071792,2.4311
0.071796,2.415
0.0718,2.415
0.071804,2.3989
0.071808,2.415
0.071812,2.4311
0.071816,2.4472
0.07182,2.4472
0.071824,2.4794
0.071828,2.5277
0.071832,2.5599
0.071836,2.5438
0.07184,2.5599
0.071844,2.5438
0.071848,2.5277
0.071852,2.5277
0.071856,2.5116
0.07186,2.5116
0.071864,2.4955
0.071868,2.4794
0.071872,2.4633
0.071876,2.4633
0.07188,2.4633
0.071884,2.4633
0.071888,2.4794
0.071892,2.4955
0.071896,2.5277
0.0719,2.5438
0.071904,2.5599
0.071908,2.576
0.071912,2.5921
0.071916,2.5921
0.07192,2.6082
0.071924,2.5921
0.071928,2.576
0.071932,2.576
0.071936,2.5438
0.07194,2.5277
0.071944,2.5277
0.071948,2.5116
0.071952,2.4955
0.071956,2.5116
0.07196,2.5277
0.071964,2.5438
0.071968,2.576
0.071972,2.6082
0.071976,2.6404
0.07198,2.6565
0.071984,2.6565
0.071988,2.6565
0.071992,2.6565
0.071996,2.6404
0.072,2.6243
0.072004,2.5921
0.072008,2.576
0.072012,2.5599
0.072016,2.5277
0.07202,2.5277
0.072024,2.5277
0.072028,2.5277
0.072032,2.5599
0.072036,2.576
0.07204,2.576
0.072044,2.5921
0.072048,2.6082
0.072052,2.6082
0.072056,2.6243
0.07206,2.5921
0.072064,2.576
0.072068,2.5277
0.072072,2.5116
0.072076,2.4794
0.07208,2.4472
0.072084,2.4311
0.072088,2.4311
0.072092,2.4311
0.072096,2.4311
0.0721,2.4311
0.072104,2.4633
0.072108,2.4955
0.072112,2.5116
0.072116,2.5438
0.07212,2.5438
0.072124,2.5277
0.072128,2.5116
0.072132,2.4955
0.072136,2.4633
0.07214,2.4311
0.072144,2.3828
0.072148,2.3506
0.072152,2.3506
0.072156,2.3667
0.07216,2.3506
0.072164,2.3506
0.072168,2.3828
0.072172,2.415
0.072176,2.4311
0.07218,2.4311
0.072184,2.415
0.072188,2.415
0.072192,2.3989
0.072196,2.415
0.0722,2.415
0.072204,2.3828
0.072208,2.3345
0.072212,2.3184
0.072216,2.3023
0.07222,2.2862
0.072224,2.2862
0.072228,2.2862
0.072232,2.3184
0.072236,2.3184
0.07224,2.3345
0.072244,2.3345
0.072248,2.3506
0.072252,2.3667
0.072256,2.3828
0.07226,2.3989
0.072264,2.3989
0.072268,2.3989
0.072272,2.3667
0.072276,2.3506
0.07228,2.3184
0.072284,2.3023
0.072288,2.2701
0.072292,2.254
0.072296,2.2701
0.0723,2.2701
0.072304,2.2862
0.072308,2.3023
0.072312,2.3184
0.072316,2.3345
0.07232,2.3667
0.072324,2.3828
0.072328,2.3989
0.072332,2.4311
0.072336,2.4311
0.07234,2.4311
0.072344,2.415
0.072348,2.3989
0.072352,2.3667
0.072356,2.3345
0.07236,2.3184
0.072364,2.2862
0.072368,2.2862
0.072372,2.2701
0.072376,2.3023
0.07238,2.3345
0.072384,2.3667
0.072388,2.3828
0.072392,2.3989
0.072396,2.4472
0.0724,2.4472
0.072404,2.4633
0.072408,2.4794
0.072412,2.4633
0.072416,2.4633
0.07242,2.4472
0.072424,2.415
0.072428,2.3989
0.072432,2.3667
0.072436,2.3506
0.07244,2.3345
0.072444,2.3184
0.072448,2.3345
0.072452,2.3506
0.072456,2.3667
0.07246,2.3828
0.072464,2.415
0.072468,2.4311
0.072472,2.4633
0.072476,2.4955
0.07248,2.4955
0.072484,2.4955
0.072488,2.4955
0.072492,2.4794
0.072496,2.4794
0.0725,2.4472
0.072504,2.415
0.072508,2.3828
0.072512,2.3667
0.072516,2.3667
0.07252,2.3667
0.072524,2.3828
0.072528,2.3989
0.072532,2.415
0.072536,2.4311
0.07254,2.4633
0.072544,2.4794
0.072548,2.4955
0.072552,2.5116
0.072556,2.5277
0.07256,2.5277
0.072564,2.5116
0.072568,2.4794
0.072572,2.4633
0.072576,2.4311
0.07258,2.415
0.072584,2.3828
0.072588,2.3828
0.072592,2.3989
0.072596,2.3828
0.0726,2.415
0.072604,2.415
0.072608,2.4633
0.072612,2.4794
0.072616,2.4794
0.07262,2.4794
0.072624,2.4794
0.072628,2.4794
0.072632,2.4633
0.072636,2.4472
0.07264,2.415
0.072644,2.3989
0.072648,2.3667
0.072652,2.3345
0.072656,2.3184
0.07266,2.3184
0.072664,2.3345
0.072668,2.3506
0.072672,2.3667
0.072676,2.3828
0.07268,2.3989
0.072684,2.415
0.072688,2.4311
0.072692,2.4472
0.072696,2.4311
0.0727,2.415
0.072704,2.3828
0.072708,2.3506
0.072712,2.3184
0.072716,2.2862
0.07272,2.2701
0.072724,2.254
0.072728,2.254
0.072732,2.2701
0.072736,2.2701
0.07274,2.3023
0.072744,2.3345
0.072748,2.3667
0.072752,2.3828
0.072756,2.3989
0.07276,2.3989
0.072764,2.415
0.072768,2.3828
0.072772,2.3667
0.072776,2.3506
0.07278,2.3345
0.072784,2.2862
0.072788,2.2701
0.072792,2.2379
0.072796,2.2218
0.0728,2.254
0.072804,2.254
0.072808,2.254
0.072812,2.2862
0.072816,2.2862
0.07282,2.3184
0.072824,2.3667
0.072828,2.3828
0.072832,2.415
0.072836,2.4311
0.07284,2.415
0.072844,2.415
0.072848,2.3989
0.072852,2.3828
0.072856,2.3506
0.07286,2.3345
0.072864,2.3023
0.072868,2.2701
0.072872,2.254
0.072876,2.2701
0.07288,2.2862
0.072884,2.2862
0.072888,2.3184
0.072892,2.3506
0.072896,2.3828
0.0729,2.4311
0.072904,2.4794
0.072908,2.5277
0.072912,2.5277
0.072916,2.4955
0.07292,2.4633
0.072924,2.4472
0.072928,2.4311
0.072932,2.3989
0.072936,2.3828
0.07294,2.3345
0.072944,2.3023
0.072948,2.3023
0.072952,2.3023
0.072956,2.3184
0.07296,2.3345
0.072964,2.3667
0.072968,2.415
0.072972,2.4472
0.072976,2.4794
0.07298,2.5116
0.072984,2.5116
0.072988,2.5116
0.072992,2.4955
0.072996,2.4794
0.073,2.4472
0.073004,2.415
0.073008,2.3828
0.073012,2.3506
0.073016,2.3345
0.07302,2.3184
0.073024,2.3345
0.073028,2.3667
0.073032,2.3989
0.073036,2.3989
0.07304,2.415
0.073044,2.4311
0.073048,2.4472
0.073052,2.4633
0.073056,2.4794
0.07306,2.4794
0.073064,2.4794
0.073068,2.4472
0.073072,2.3989
0.073076,2.3667
0.07308,2.3345
0.073084,2.3023
0.073088,2.3023
0.073092,2.3184
0.073096,2.3345
0.0731,2.3345
0.073104,2.3506
0.073108,2.3667
0.073112,2.415
0.073116,2.4311
0.07312,2.4633
0.073124,2.4633
0.073128,2.4633
0.073132,2.4633
0.073136,2.415
0.07314,2.3667
0.073144,2.3345
0.073148,2.3023
0.073152,2.254
0.073156,2.254
0.07316,2.2379
0.073164,2.254
0.073168,2.2862
0.073172,2.3023
0.073176,2.3184
0.07318,2.3828
0.073184,2.415
0.073188,2.4472
0.073192,2.4633
0.073196,2.4472
0.0732,2.4311
0.073204,2.415
0.073208,2.3506
0.073212,2.3023
0.073216,2.2379
0.07322,2.2056999999999998
0.073224,2.1896
0.073228,2.1574
0.073232,2.1574
0.073236,2.1896
0.07324,2.2056999999999998
0.073244,2.254
0.073248,2.3023
0.073252,2.3667
0.073256,2.3989
0.07326,2.415
0.073264,2.415
0.073268,2.3989
0.073272,2.3667
0.073276,2.3506
0.07328,2.2862
0.073284,2.254
0.073288,2.2056999999999998
0.073292,2.1734999999999998
0.073296,2.1574
0.0733,2.1574
0.073304,2.1896
0.073308,2.2056999999999998
0.073312,2.2218
0.073316,2.254
0.07332,2.2862
0.073324,2.3345
0.073328,2.3828
0.073332,2.4311
0.073336,2.4311
0.07334,2.4311
0.073344,2.415
0.073348,2.3828
0.073352,2.3345
0.073356,2.2862
0.07336,2.2379
0.073364,2.2056999999999998
0.073368,2.1896
0.073372,2.1734999999999998
0.073376,2.1896
0.07338,2.2379
0.073384,2.2701
0.073388,2.3023
0.073392,2.3345
0.073396,2.3989
0.0734,2.415
0.073404,2.4472
0.073408,2.4633
0.073412,2.4633
0.073416,2.4472
0.07342,2.415
0.073424,2.3667
0.073428,2.3345
0.073432,2.2862
0.073436,2.254
0.07344,2.2056999999999998
0.073444,2.2056999999999998
0.073448,2.2379
0.073452,2.254
0.073456,2.3023
0.07346,2.3345
0.073464,2.3828
0.073468,2.4311
0.073472,2.4633
0.073476,2.4955
0.07348,2.5116
0.073484,2.4955
0.073488,2.4633
0.073492,2.4472
0.073496,2.415
0.0735,2.3506
0.073504,2.2862
0.073508,2.2379
0.073512,2.2056999999999998
0.073516,2.2218
0.07352,2.2218
0.073524,2.2379
0.073528,2.2701
0.073532,2.3023
0.073536,2.3184
0.07354,2.3667
0.073544,2.415
0.073548,2.4472
0.073552,2.4472
0.073556,2.4472
0.07356,2.4472
0.073564,2.4311
0.073568,2.3989
0.073572,2.3506
0.073576,2.3023
0.07358,2.2379
0.073584,2.1896
0.073588,2.1734999999999998
0.073592,2.1896
0.073596,2.2218
0.0736,2.2701
0.073604,2.3184
0.073608,2.415
0.073612,2.4472
0.073616,2.4633
0.07362,2.4794
0.073624,2.4633
0.073628,2.4794
0.073632,2.4633
0.073636,2.415
0.07364,2.3667
0.073644,2.3023
0.073648,2.254
0.073652,2.2056999999999998
0.073656,2.1734999999999998
0.07366,2.1896
0.073664,2.2056999999999998
0.073668,2.2218
0.073672,2.254
0.073676,2.2862
0.07368,2.3506
0.073684,2.415
0.073688,2.4472
0.073692,2.4472
0.073696,2.4472
0.0737,2.4472
0.073704,2.4311
0.073708,2.3828
0.073712,2.3345
0.073716,2.2862
0.07372,2.2379
0.073724,2.1734999999999998
0.073728,2.1412999999999998
0.073732,2.1574
0.073736,2.2056999999999998
0.07374,2.2701
0.073744,2.3023
0.073748,2.3667
0.073752,2.4311
0.073756,2.4311
0.07376,2.4472
0.073764,2.4472
0.073768,2.4633
0.073772,2.4633
0.073776,2.4311
0.07378,2.3828
0.073784,2.3345
0.073788,2.254
0.073792,2.2056999999999998
0.073796,2.1734999999999998
0.0738,2.1574
0.073804,2.1734999999999998
0.073808,2.1896
0.073812,2.2218
0.073816,2.2701
0.07382,2.3345
0.073824,2.415
0.073828,2.4633
0.073832,2.4633
0.073836,2.4794
0.07384,2.4955
0.073844,2.4633
0.073848,2.415
0.073852,2.3667
0.073856,2.3345
0.07386,2.2862
0.073864,2.2218
0.073868,2.1734999999999998
0.073872,2.1574
0.073876,2.1734999999999998
0.07388,2.2056999999999998
0.073884,2.2862
0.073888,2.3345
0.073892,2.3989
0.073896,2.415
0.0739,2.4311
0.073904,2.4633
0.073908,2.4955
0.073912,2.5116
0.073916,2.4794
0.07392,2.4472
0.073924,2.4311
0.073928,2.3989
0.073932,2.3506
0.073936,2.3023
0.07394,2.2218
0.073944,2.2056999999999998
0.073948,2.2056999999999998
0.073952,2.2701
0.073956,2.3023
0.07396,2.3345
0.073964,2.3667
0.073968,2.415
0.073972,2.4311
0.073976,2.4633
0.07398,2.4633
0.073984,2.4794
0.073988,2.4794
0.073992,2.4472
0.073996,2.3828
0.074,2.3345
0.074004,2.3023
0.074008,2.2379
0.074012,2.1896
0.074016,2.1412999999999998
0.07402,2.1412999999999998
0.074024,2.1574
0.074028,2.1896
0.074032,2.2701
0.074036,2.3506
0.07404,2.3989
0.074044,2.4311
0.074048,2.4472
0.074052,2.4633
0.074056,2.4794
0.07406,2.4633
0.074064,2.4311
0.074068,2.3828
0.074072,2.3667
0.074076,2.3345
0.07408,2.2701
0.074084,2.2379
0.074088,2.1896
0.074092,2.1734999999999998
0.074096,2.1734999999999998
0.0741,2.2056999999999998
0.074104,2.2379
0.074108,2.3023
0.074112,2.3506
0.074116,2.3828
0.07412,2.4472
0.074124,2.4633
0.074128,2.4794
0.074132,2.4794
0.074136,2.4472
0.07414,2.415
0.074144,2.3989
0.074148,2.3345
0.074152,2.3023
0.074156,2.2218
0.07416,2.1734999999999998
0.074164,2.1090999999999998
0.074168,2.1252
0.074172,2.1574
0.074176,2.2379
0.07418,2.3023
0.074184,2.3345
0.074188,2.3828
0.074192,2.4311
0.074196,2.4794
0.0742,2.4633
0.074204,2.4794
0.074208,2.4633
0.074212,2.4472
0.074216,2.4311
0.07422,2.3667
0.074224,2.3023
0.074228,2.2379
0.074232,2.1734999999999998
0.074236,2.1252
0.07424,2.1252
0.074244,2.1734999999999998
0.074248,2.2218
0.074252,2.2862
0.074256,2.3345
0.07426,2.3506
0.074264,2.3989
0.074268,2.4472
0.074272,2.4633
0.074276,2.4794
0.07428,2.4794
0.074284,2.4955
0.074288,2.4633
0.074292,2.415
0.074296,2.3506
0.0743,2.3345
0.074304,2.254
0.074308,2.1734999999999998
0.074312,2.1734999999999998
0.074316,2.1734999999999998
0.07432,2.2056999999999998
0.074324,2.2218
0.074328,2.3184
0.074332,2.3828
0.074336,2.4472
0.07434,2.4794
0.074344,2.4794
0.074348,2.4794
0.074352,2.5438
0.074356,2.5277
0.07436,2.4794
0.074364,2.4472
0.074368,2.3989
0.074372,2.3667
0.074376,2.3023
0.07438,2.2379
0.074384,2.1734999999999998
0.074388,2.1412999999999998
0.074392,2.1574
0.074396,2.2056999999999998
0.0744,2.254
0.074404,2.3023
0.074408,2.3667
0.074412,2.3989
0.074416,2.4633
0.07442,2.5116
0.074424,2.5277
0.074428,2.5116
0.074432,2.4794
0.074436,2.4633
0.07444,2.415
0.074444,2.3506
0.074448,2.2862
0.074452,2.2218
0.074456,2.1574
0.07446,2.093
0.074464,2.093
0.074468,2.1252
0.074472,2.1734999999999998
0.074476,2.254
0.07448,2.3345
0.074484,2.3989
0.074488,2.4633
0.074492,2.4955
0.074496,2.5116
0.0745,2.4794
0.074504,2.5116
0.074508,2.4633
0.074512,2.3989
0.074516,2.3506
0.07452,2.3184
0.074524,2.2862
0.074528,2.2218
0.074532,2.1252
0.074536,2.093
0.07454,2.1090999999999998
0.074544,2.1574
0.074548,2.2056999999999998
0.074552,2.2862
0.074556,2.3506
0.07456,2.3989
0.074564,2.415
0.074568,2.4472
0.074572,2.4633
0.074576,2.4794
0.07458,2.4633
0.074584,2.4311
0.074588,2.3828
0.074592,2.3345
0.074596,2.3345
0.0746,2.2862
0.074604,2.2056999999999998
0.074608,2.1574
0.074612,2.1574
0.074616,2.1734999999999998
0.07462,2.1896
0.074624,2.2056999999999998
0.074628,2.254
0.074632,2.3345
0.074636,2.415
0.07464,2.4472
0.074644,2.4633
0.074648,2.4794
0.074652,2.4955
0.074656,2.5116
0.07466,2.4794
0.074664,2.4472
0.074668,2.415
0.074672,2.3667
0.074676,2.3023
0.07468,2.2379
0.074684,2.1896
0.074688,2.1574
0.074692,2.1574
0.074696,2.1896
0.0747,2.2701
0.074704,2.3184
0.074708,2.3345
0.074712,2.3989
0.074716,2.4472
0.07472,2.4955
0.074724,2.5116
0.074728,2.4955
0.074732,2.4955
0.074736,2.4794
0.07474,2.4794
0.074744,2.4633
0.074748,2.415
0.074752,2.3828
0.074756,2.3345
0.07476,2.254
0.074764,2.1734999999999998
0.074768,2.1412999999999998
0.074772,2.1412999999999998
0.074776,2.1734999999999998
0.07478,2.2218
0.074784,2.3023
0.074788,2.3828
0.074792,2.4472
0.074796,2.4794
0.0748,2.5116
0.074804,2.5438
0.074808,2.576
0.074812,2.576
0.074816,2.5438
0.07482,2.4955
0.074824,2.4794
0.074828,2.4472
0.074832,2.415
0.074836,2.3667
0.07484,2.3023
0.074844,2.2379
0.074848,2.2056999999999998
0.074852,2.2056999999999998
0.074856,2.2379
0.07486,2.3184
0.074864,2.3989
0.074868,2.4633
0.074872,2.4955
0.074876,2.5599
0.07488,2.5277
0.074884,2.5277
0.074888,2.5438
0.074892,2.5277
0.074896,2.5116
0.0749,2.4794
0.074904,2.4633
0.074908,2.415
0.074912,2.3828
0.074916,2.3506
0.07492,2.2862
0.074924,2.2379
0.074928,2.2218
0.074932,2.2218
0.074936,2.2701
0.07494,2.3345
0.074944,2.415
0.074948,2.4633
0.074952,2.5277
0.074956,2.5438
0.07496,2.576
0.074964,2.5599
0.074968,2.5921
0.074972,2.576
0.074976,2.5277
0.07498,2.4955
0.074984,2.4472
0.074988,2.415
0.074992,2.3506
0.074996,2.3023
0.075,2.2379
0.075004,2.1896
0.075008,2.1896
0.075012,2.2218
0.075016,2.2862
0.07502,2.3506
0.075024,2.4311
0.075028,2.4794
0.075032,2.5277
0.075036,2.5599
0.07504,2.576
0.075044,2.5921
0.075048,2.576
0.075052,2.5599
0.075056,2.5599
0.07506,2.5438
0.075064,2.4955
0.075068,2.4633
0.075072,2.4311
0.075076,2.3506
0.07508,2.2862
0.075084,2.2379
0.075088,2.2701
0.075092,2.3023
0.075096,2.3828
0.0751,2.4472
0.075104,2.5116
0.075108,2.576
0.075112,2.6082
0.075116,2.6404
0.07512,2.6404
0.075124,2.6243
0.075128,2.6243
0.075132,2.6082
0.075136,2.5921
0.07514,2.5438
0.075144,2.4794
0.075148,2.3828
0.075152,2.2862
0.075156,2.2218
0.07516,2.1574
0.075164,2.1896
0.075168,2.254
0.075172,2.3184
0.075176,2.3828
0.07518,2.4311
0.075184,2.4794
0.075188,2.5599
0.075192,2.6082
0.075196,2.6565
0.0752,2.6565
0.075204,2.6404
0.075208,2.6404
0.075212,2.6243
0.075216,2.576
0.07522,2.5277
0.075224,2.4955
0.075228,2.415
0.075232,2.3345
0.075236,2.2862
0.07524,2.2379
0.075244,2.254
0.075248,2.3184
0.075252,2.3667
0.075256,2.4311
0.07526,2.5277
0.075264,2.5921
0.075268,2.6243
0.075272,2.6082
0.075276,2.6243
0.07528,2.6243
0.075284,2.5921
0.075288,2.576
0.075292,2.5438
0.075296,2.5116
0.0753,2.4633
0.075304,2.4472
0.075308,2.3667
0.075312,2.2862
0.075316,2.2379
0.07532,2.2218
0.075324,2.254
0.075328,2.2862
0.075332,2.3667
0.075336,2.4311
0.07534,2.4955
0.075344,2.5277
0.075348,2.5921
0.075352,2.6243
0.075356,2.6243
0.07536,2.6082
0.075364,2.6082
0.075368,2.576
0.075372,2.5438
0.075376,2.5116
0.07538,2.4633
0.075384,2.3828
0.075388,2.3345
0.075392,2.2379
0.075396,2.2218
0.0754,2.2056999999999998
0.075404,2.2379
0.075408,2.3184
0.075412,2.3989
0.075416,2.4955
0.07542,2.5277
0.075424,2.576
0.075428,2.6082
0.075432,2.6565
0.075436,2.6565
0.07544,2.6565
0.075444,2.6404
0.075448,2.6243
0.075452,2.576
0.075456,2.5438
0.07546,2.4794
0.075464,2.3828
0.075468,2.3184
0.075472,2.2379
0.075476,2.2056999999999998
0.07548,2.2218
0.075484,2.3184
0.075488,2.3667
0.075492,2.4472
0.075496,2.5438
0.0755,2.6082
0.075504,2.6565
0.075508,2.6565
0.075512,2.6726
0.075516,2.6887
0.07552,2.6887
0.075524,2.6726
0.075528,2.6404
0.075532,2.6082
0.075536,2.576
0.07554,2.4955
0.075544,2.415
0.075548,2.3828
0.075552,2.3184
0.075556,2.3345
0.07556,2.3828
0.075564,2.3828
0.075568,2.4472
0.075572,2.5277
0.075576,2.5599
0.07558,2.6082
0.075584,2.6726
0.075588,2.6565
0.075592,2.6565
0.075596,2.6726
0.0756,2.6404
0.075604,2.6243
0.075608,2.5921
0.075612,2.5599
0.075616,2.5116
0.07562,2.4633
0.075624,2.3989
0.075628,2.3184
0.075632,2.2701
0.075636,2.2862
0.07564,2.3345
0.075644,2.4472
0.075648,2.4955
0.075652,2.5599
0.075656,2.5921
0.07566,2.6243
0.075664,2.6726
0.075668,2.6887
0.075672,2.737
0.075676,2.7048
0.07568,2.6887
0.075684,2.6565
0.075688,2.6404
0.075692,2.6243
0.075696,2.5599
0.0757,2.4633
0.075704,2.3989
0.075708,2.3345
0.075712,2.3023
0.075716,2.3345
0.07572,2.3667
0.075724,2.3989
0.075728,2.4794
0.075732,2.5921
0.075736,2.6404
0.07574,2.7048
0.075744,2.7209
0.075748,2.737
0.075752,2.7209
0.075756,2.737
0.07576,2.7048
0.075764,2.6887
0.075768,2.6726
0.075772,2.6243
0.075776,2.5921
0.07578,2.5116
0.075784,2.415
0.075788,2.3506
0.075792,2.3184
0.075796,2.3345
0.0758,2.3828
0.075804,2.4311
0.075808,2.5116
0.075812,2.5921
0.075816,2.6565
0.07582,2.7209
0.075824,2.7531
0.075828,2.7853
0.075832,2.8014
0.075836,2.7853
0.07584,2.7853
0.075844,2.7531
0.075848,2.7209
0.075852,2.6726
0.075856,2.6243
0.07586,2.5599
0.075864,2.4794
0.075868,2.415
0.075872,2.3828
0.075876,2.3989
0.07588,2.4311
0.075884,2.4794
0.075888,2.5438
0.075892,2.6082
0.075896,2.6565
0.0759,2.7048
0.075904,2.737
0.075908,2.7692
0.075912,2.7853
0.075916,2.7853
0.07592,2.7692
0.075924,2.7531
0.075928,2.7531
0.075932,2.7209
0.075936,2.6565
0.07594,2.6082
0.075944,2.5116
0.075948,2.4472
0.075952,2.3989
0.075956,2.3989
0.07596,2.4633
0.075964,2.5116
0.075968,2.5438
0.075972,2.5921
0.075976,2.6565
0.07598,2.6887
0.075984,2.7531
0.075988,2.7692
0.075992,2.7692
0.075996,2.7853
0.076,2.7853
0.076004,2.7853
0.076008,2.7692
0.076012,2.7209
0.076016,2.6887
0.07602,2.6404
0.076024,2.5599
0.076028,2.4633
0.076032,2.3667
0.076036,2.2862
0.07604,2.2701
0.076044,2.2701
0.076048,2.2701
0.076052,2.2862
0.076056,2.3184
0.07606,2.3506
0.076064,2.3828
0.076068,2.3667
0.076072,2.3506
0.076076,2.3345
0.07608,2.3184
0.076084,2.254
0.076088,2.2218
0.076092,2.2056999999999998
0.076096,2.1734999999999998
0.0761,2.1090999999999998
0.076104,2.0286
0.076108,1.9642
0.076112,1.8998
0.076116,1.8193
0.07612,1.8354
0.076124,1.8354
0.076128,1.8998
0.076132,1.932
0.076136,1.9642
0.07614,2.0125
0.076144,2.0447
0.076148,2.1090999999999998
0.076152,2.1252
0.076156,2.1574
0.07616,2.1734999999999998
0.076164,2.1896
0.076168,2.1896
0.076172,2.1896
0.076176,2.1734999999999998
0.07618,2.1734999999999998
0.076184,2.1252
0.076188,2.093
0.076192,2.0447
0.076196,1.9642
0.0762,1.8837
0.076204,1.8515
0.076208,1.8998
0.076212,1.932
0.076216,1.9964
0.07622,2.0768999999999997
0.076224,2.1734999999999998
0.076228,2.1896
0.076232,2.254
0.076236,2.2862
0.07624,2.3184
0.076244,2.3345
0.076248,2.3184
0.076252,2.3184
0.076256,2.3023
0.07626,2.2701
0.076264,2.2701
0.076268,2.2218
0.076272,2.1574
0.076276,2.093
0.07628,2.0447
0.076284,2.0125
0.076288,1.9964
0.076292,2.0608
0.076296,2.1090999999999998
0.0763,2.1574
0.076304,2.2218
0.076308,2.2862
0.076312,2.3506
0.076316,2.3989
0.07632,2.4311
0.076324,2.4472
0.076328,2.4633
0.076332,2.4794
0.076336,2.4794
0.07634,2.4794
0.076344,2.4794
0.076348,2.4633
0.076352,2.4472
0.076356,2.3989
0.07636,2.3506
0.076364,2.3023
0.076368,2.254
0.076372,2.2862
0.076376,2.3184
0.07638,2.3506
0.076384,2.3989
0.076388,2.4633
0.076392,2.5277
0.076396,2.576
0.0764,2.6243
0.076404,2.6565
0.076408,2.7048
0.076412,2.7209
0.076416,2.737
0.07642,2.7531
0.076424,2.7048
0.076428,2.6887
0.076432,2.6726
0.076436,2.6565
0.07644,2.5921
0.076444,2.5277
0.076448,2.4633
0.076452,2.4472
0.076456,2.4633
0.07646,2.4955
0.076464,2.5438
0.076468,2.576
0.076472,2.6726
0.076476,2.737
0.07648,2.7853
0.076484,2.8175
0.076488,2.8336
0.076492,2.8336
0.076496,2.8336
0.0765,2.8175
0.076504,2.8175
0.076508,2.8014
0.076512,2.7853
0.076516,2.737
0.07652,2.7048
0.076524,2.6565
0.076528,2.6082
0.076532,2.5277
0.076536,2.5116
0.07654,2.576
0.076544,2.6404
0.076548,2.6726
0.076552,2.7531
0.076556,2.8336
0.07656,2.8819
0.076564,2.9624
0.076568,3.0107
0.076572,3.059
0.076576,3.0911999999999997
0.07658,3.1073
0.076584,3.1233999999999997
0.076588,3.1395
0.076592,3.1233999999999997
0.076596,3.1233999999999997
0.0766,3.0911999999999997
0.076604,3.059
0.076608,2.9946
0.076612,2.9302
0.076616,2.8497
0.07662,2.8014
0.076624,2.8175
0.076628,2.8819
0.076632,2.898
0.076636,2.9302
0.07664,2.9946
0.076644,3.0751
0.076648,3.1233999999999997
0.076652,3.1555999999999997
0.076656,3.1717
0.07666,3.1717
0.076664,3.1877999999999997
0.076668,3.2039
0.076672,3.2199999999999998
0.076676,3.2361
0.07668,3.2039
0.076684,3.1717
0.076688,3.0911999999999997
0.076692,2.9946
0.076696,2.9302
0.0767,2.8819
0.076704,2.8658
0.076708,2.8658
0.076712,2.9141
0.076716,2.9463
0.07672,3.0107
0.076724,3.059
0.076728,3.1717
0.076732,3.2199999999999998
0.076736,3.2683
0.07674,3.3487999999999998
0.076744,3.3649
0.076748,3.3487999999999998
0.076752,3.3165999999999998
0.076756,3.3487999999999998
0.07676,3.3487999999999998
0.076764,3.3487999999999998
0.076768,3.3165999999999998
0.076772,3.2683
0.076776,3.2199999999999998
0.07678,3.1395
0.076784,3.0429
0.076788,2.9785
0.076792,2.9624
0.076796,3.0107
0.0768,3.059
0.076804,3.0911999999999997
0.076808,3.1555999999999997
0.076812,3.2039
0.076816,3.2521999999999998
0.07682,3.3165999999999998
0.076824,3.3649
0.076828,3.4132
0.076832,3.4293
0.076836,3.4132
0.07684,3.4293
0.076844,3.4293
0.076848,3.4132
0.076852,3.3649
0.076856,3.3005
0.07686,3.2683
0.076864,3.1877999999999997
0.076868,3.1233999999999997
0.076872,3.059
0.076876,3.0429
0.07688,3.059
0.076884,3.1073
0.076888,3.1555999999999997
0.076892,3.2039
0.076896,3.2843999999999998
0.0769,3.3327
0.076904,3.3971
0.076908,3.4293
0.076912,3.4776
0.076916,3.5098
0.07692,3.5098
0.076924,3.5259
0.076928,3.5098
0.076932,3.5098
0.076936,3.4937
0.07694,3.4615
0.076944,3.3971
0.076948,3.3327
0.076952,3.2361
0.076956,3.1717
0.07696,3.1233999999999997
0.076964,3.1395
0.076968,3.1877999999999997
0.076972,3.2361
0.076976,3.2843999999999998
0.07698,3.3327
0.076984,3.4132
0.076988,3.4615
0.076992,3.4776
0.076996,3.542
0.077,3.5742
0.077004,3.6064
0.077008,3.6064
0.077012,3.6064
0.077016,3.6064
0.07702,3.5903
0.077024,3.5742
0.077028,3.542
0.077032,3.4937
0.077036,3.4132
0.07704,3.3165999999999998
0.077044,3.2361
0.077048,3.1877999999999997
0.077052,3.1717
0.077056,3.2361
0.07706,3.3005
0.077064,3.3487999999999998
0.077068,3.4293
0.077072,3.4776
0.077076,3.5098
0.07708,3.5742
0.077084,3.6386
0.077088,3.6708
0.077092,3.6869
0.077096,3.6869
0.0771,3.6869
0.077104,3.6708
0.077108,3.6547
0.077112,3.6225
0.077116,3.5903
0.07712,3.542
0.077124,3.4615
0.077128,3.381
0.077132,3.2683
0.077136,3.1877999999999997
0.07714,3.2199999999999998
0.077144,3.2683
0.077148,3.3165999999999998
0.077152,3.3327
0.077156,3.3971
0.07716,3.4454
0.077164,3.4937
0.077168,3.5581
0.077172,3.6064
0.077176,3.6225
0.07718,3.6064
0.077184,3.6386
0.077188,3.6547
0.077192,3.6386
0.077196,3.6386
0.0772,3.6225
0.077204,3.5742
0.077208,3.4615
0.077212,3.3649
0.077216,3.3005
0.07722,3.2843999999999998
0.077224,3.3005
0.077228,3.3649
0.077232,3.381
0.077236,3.4293
0.07724,3.5098
0.077244,3.5903
0.077248,3.6225
0.077252,3.6547
0.077256,3.6869
0.07726,3.703
0.077264,3.703
0.077268,3.703
0.077272,3.7191
0.077276,3.7352
0.07728,3.7352
0.077284,3.7191
0.077288,3.6708
0.077292,3.6225
0.077296,3.5259
0.0773,3.4454
0.077304,3.381
0.077308,3.3327
0.077312,3.3165999999999998
0.077316,3.3487999999999998
0.07732,3.3971
0.077324,3.4293
0.077328,3.5098
0.077332,3.5742
0.077336,3.6225
0.07734,3.6386
0.077344,3.6547
0.077348,3.703
0.077352,3.7352
0.077356,3.7513
0.07736,3.7674
0.077364,3.7352
0.077368,3.7191
0.077372,3.703
0.077376,3.6708
0.07738,3.6064
0.077384,3.542
0.077388,3.4776
0.077392,3.4293
0.077396,3.3649
0.0774,3.3649
0.077404,3.4293
0.077408,3.4776
0.077412,3.5098
0.077416,3.5742
0.07742,3.6708
0.077424,3.7352
0.077428,3.7674
0.077432,3.8157
0.077436,3.8479
0.07744,3.8962
0.077444,3.8801
0.077448,3.8801
0.077452,3.8801
0.077456,3.864
0.07746,3.8318
0.077464,3.7835
0.077468,3.7513
0.077472,3.6869
0.077476,3.5903
0.07748,3.4776
0.077484,3.4293
0.077488,3.4293
0.077492,3.4776
0.077496,3.5259
0.0775,3.542
0.077504,3.5903
0.077508,3.6869
0.077512,3.7352
0.077516,3.7674
0.07752,3.8479
0.077524,3.864
0.077528,3.864
0.077532,3.8801
0.077536,3.8962
0.07754,3.8962
0.077544,3.864
0.077548,3.8479
0.077552,3.8318
0.077556,3.7352
0.07756,3.6386
0.077564,3.542
0.077568,3.4615
0.077572,3.4293
0.077576,3.3971
0.07758,3.4293
0.077584,3.4937
0.077588,3.542
0.077592,3.6064
0.077596,3.6869
0.0776,3.7352
0.077604,3.7835
0.077608,3.7996
0.077612,3.7996
0.077616,3.8318
0.07762,3.864
0.077624,3.8318
0.077628,3.8157
0.077632,3.8318
0.077636,3.8157
0.07764,3.7674
0.077644,3.7191
0.077648,3.6386
0.077652,3.5581
0.077656,3.4776
0.07766,3.4132
0.077664,3.381
0.077668,3.4293
0.077672,3.5098
0.077676,3.542
0.07768,3.6064
0.077684,3.6708
0.077688,3.7191
0.077692,3.7674
0.077696,3.8157
0.0777,3.864
0.077704,3.864
0.077708,3.864
0.077712,3.8479
0.077716,3.8479
0.07772,3.8318
0.077724,3.7996
0.077728,3.7835
0.077732,3.7513
0.077736,3.6547
0.07774,3.5581
0.077744,3.4937
0.077748,3.4454
0.077752,3.4293
0.077756,3.4293
0.07776,3.4776
0.077764,3.5098
0.077768,3.5903
0.077772,3.6869
0.077776,3.7352
0.07778,3.7674
0.077784,3.7996
0.077788,3.864
0.077792,3.8962
0.077796,3.9284
0.0778,3.9284
0.077804,3.9123
0.077808,3.8962
0.077812,3.864
0.077816,3.8157
0.07782,3.7996
0.077824,3.7352
0.077828,3.6386
0.077832,3.542
0.077836,3.4293
0.07784,3.3971
0.077844,3.4132
0.077848,3.4615
0.077852,3.5098
0.077856,3.542
0.07786,3.6064
0.077864,3.6869
0.077868,3.7191
0.077872,3.7352
0.077876,3.8157
0.07788,3.864
0.077884,3.9123
0.077888,3.9445
0.077892,3.9606
0.077896,3.9284
0.0779,3.9123
0.077904,3.8962
0.077908,3.8479
0.077912,3.7835
0.077916,3.6869
0.07792,3.5903
0.077924,3.4937
0.077928,3.4293
0.077932,3.4454
0.077936,3.4776
0.07794,3.5259
0.077944,3.5742
0.077948,3.6386
0.077952,3.7191
0.077956,3.7835
0.07796,3.8318
0.077964,3.8962
0.077968,3.9606
0.077972,3.9928
0.077976,3.9767
0.07798,3.9767
0.077984,3.9606
0.077988,3.9445
0.077992,3.8962
0.077996,3.8479
0.078,3.8157
0.078004,3.7352
0.078008,3.6386
0.078012,3.542
0.078016,3.4937
0.07802,3.4454
0.078024,3.4776
0.078028,3.5259
0.078032,3.542
0.078036,3.6225
0.07804,3.7191
0.078044,3.7674
0.078048,3.7996
0.078052,3.8318
0.078056,3.8801
0.07806,3.9284
0.078064,3.9284
0.078068,3.9284
0.078072,3.9284
0.078076,3.9123
0.07808,3.8801
0.078084,3.8801
0.078088,3.8318
0.078092,3.7513
0.078096,3.6708
0.0781,3.5581
0.078104,3.4615
0.078108,3.4293
0.078112,3.4293
0.078116,3.4454
0.07812,3.4937
0.078124,3.5098
0.078128,3.5742
0.078132,3.6547
0.078136,3.6869
0.07814,3.7352
0.078144,3.7996
0.078148,3.8479
0.078152,3.8962
0.078156,3.9123
0.07816,3.9123
0.078164,3.9123
0.078168,3.8962
0.078172,3.864
0.078176,3.8157
0.07818,3.7513
0.078184,3.6708
0.078188,3.5581
0.078192,3.4454
0.078196,3.381
0.0782,3.4132
0.078204,3.4454
0.078208,3.4776
0.078212,3.5098
0.078216,3.5903
0.07822,3.6869
0.078224,3.7352
0.078228,3.7674
0.078232,3.8157
0.078236,3.864
0.07824,3.8801
0.078244,3.8479
0.078248,3.8479
0.078252,3.7996
0.078256,3.7835
0.07826,3.7996
0.078264,3.7513
0.078268,3.7191
0.078272,3.6547
0.078276,3.5742
0.07828,3.4615
0.078284,3.3487999999999998
0.078288,3.3005
0.078292,3.3487999999999998
0.078296,3.3971
0.0783,3.4776
0.078304,3.5259
0.078308,3.6064
0.078312,3.6386
0.078316,3.7352
0.07832,3.8157
0.078324,3.8479
0.078328,3.864
0.078332,3.8962
0.078336,3.8962
0.07834,3.8962
0.078344,3.8801
0.078348,3.8479
0.078352,3.8318
0.078356,3.7835
0.07836,3.7191
0.078364,3.6225
0.078368,3.5259
0.078372,3.4615
0.078376,3.4132
0.07838,3.381
0.078384,3.4132
0.078388,3.4615
0.078392,3.5098
0.078396,3.6064
0.0784,3.6708
0.078404,3.7352
0.078408,3.7996
0.078412,3.8479
0.078416,3.8962
0.07842,3.9445
0.078424,3.9445
0.078428,3.9445
0.078432,3.9284
0.078436,3.8801
0.07844,3.8801
0.078444,3.8479
0.078448,3.8157
0.078452,3.7513
0.078456,3.6708
0.07846,3.5903
0.078464,3.4937
0.078468,3.3971
0.078472,3.381
0.078476,3.4293
0.07848,3.4937
0.078484,3.5581
0.078488,3.6064
0.078492,3.6869
0.078496,3.7674
0.0785,3.7996
0.078504,3.8479
0.078508,3.8801
0.078512,3.9123
0.078516,3.9284
0.07852,3.8801
0.078524,3.8318
0.078528,3.8157
0.078532,3.7996
0.078536,3.7835
0.07854,3.7191
0.078544,3.6547
0.078548,3.5742
0.078552,3.5259
0.078556,3.4454
0.07856,3.4132
0.078564,3.4132
0.078568,3.4454
0.078572,3.4454
0.078576,3.4937
0.07858,3.5903
0.078584,3.6869
0.078588,3.7835
0.078592,3.8318
0.078596,3.864
0.0786,3.9284
0.078604,3.9445
0.078608,3.9445
0.078612,3.9445
0.078616,3.9123
0.07862,3.8962
0.078624,3.8801
0.078628,3.8318
0.078632,3.7996
0.078636,3.7191
0.07864,3.6225
0.078644,3.5098
0.078648,3.4454
0.078652,3.3971
0.078656,3.381
0.07866,3.4293
0.078664,3.4937
0.078668,3.5742
0.078672,3.6547
0.078676,3.7352
0.07868,3.7674
0.078684,3.8318
0.078688,3.864
0.078692,3.8962
0.078696,3.8962
0.0787,3.8962
0.078704,3.8962
0.078708,3.8801
0.078712,3.864
0.078716,3.864
0.07872,3.8318
0.078724,3.8157
0.078728,3.7674
0.078732,3.6708
0.078736,3.5581
0.07874,3.4454
0.078744,3.381
0.078748,3.3487999999999998
0.078752,3.381
0.078756,3.4615
0.07876,3.5098
0.078764,3.5903
0.078768,3.6708
0.078772,3.7513
0.078776,3.8479
0.07878,3.8479
0.078784,3.9123
0.078788,3.9284
0.078792,3.9606
0.078796,3.9284
0.0788,3.9284
0.078804,3.8962
0.078808,3.864
0.078812,3.8157
0.078816,3.7674
0.07882,3.6708
0.078824,3.5903
0.078828,3.4776
0.078832,3.381
0.078836,3.3005
0.07884,3.2843999999999998
0.078844,3.3165999999999998
0.078848,3.3649
0.078852,3.4454
0.078856,3.5098
0.07886,3.6064
0.078864,3.703
0.078868,3.7352
0.078872,3.8157
0.078876,3.8801
0.07888,3.8962
0.078884,3.9123
0.078888,3.9123
0.078892,3.8962
0.078896,3.864
0.0789,3.8318
0.078904,3.7996
0.078908,3.7352
0.078912,3.6386
0.078916,3.5903
0.07892,3.5098
0.078924,3.4132
0.078928,3.3327
0.078932,3.3005
0.078936,3.3005
0.07894,3.3487999999999998
0.078944,3.381
0.078948,3.4293
0.078952,3.4937
0.078956,3.4937
0.07896,3.5098
0.078964,3.5742
0.078968,3.6386
0.078972,3.7191
0.078976,3.7674
0.07898,3.7513
0.078984,3.703
0.078988,3.6225
0.078992,3.542
0.078996,3.4615
0.079,3.3487999999999998
0.079004,3.2683
0.079008,3.1717
0.079012,3.059
0.079016,3.0429
0.07902,3.059
0.079024,3.0751
0.079028,3.1555999999999997
0.079032,3.2521999999999998
0.079036,3.3165999999999998
0.07904,3.3487999999999998
0.079044,3.381
0.079048,3.4454
0.079052,3.5259
0.079056,3.5903
0.07906,3.6547
0.079064,3.6708
0.079068,3.6386
0.079072,3.6064
0.079076,3.5742
0.07908,3.5259
0.079084,3.4454
0.079088,3.3005
0.079092,3.1555999999999997
0.079096,3.0751
0.0791,3.059
0.079104,3.0911999999999997
0.079108,3.1555999999999997
0.079112,3.2361
0.079116,3.3165999999999998
0.07912,3.4132
0.079124,3.4776
0.079128,3.5259
0.079132,3.6064
0.079136,3.6708
0.07914,3.7191
0.079144,3.7191
0.079148,3.703
0.079152,3.703
0.079156,3.6708
0.07916,3.6547
0.079164,3.6547
0.079168,3.6225
0.079172,3.5742
0.079176,3.5098
0.07918,3.4293
0.079184,3.381
0.079188,3.3487999999999998
0.079192,3.3327
0.079196,3.3487999999999998
0.0792,3.4132
0.079204,3.4615
0.079208,3.5098
0.079212,3.5581
0.079216,3.6386
0.07922,3.703
0.079224,3.7513
0.079228,3.7996
0.079232,3.7996
0.079236,3.8157
0.07924,3.8157
0.079244,3.7996
0.079248,3.7996
0.079252,3.7835
0.079256,3.7674
0.07926,3.7352
0.079264,3.6708
0.079268,3.5903
0.079272,3.5098
0.079276,3.4454
0.07928,3.3971
0.079284,3.3649
0.079288,3.3971
0.079292,3.4293
0.079296,3.4776
0.0793,3.542
0.079304,3.5742
0.079308,3.6064
0.079312,3.6386
0.079316,3.6869
0.07932,3.7513
0.079324,3.7674
0.079328,3.7835
0.079332,3.7513
0.079336,3.7352
0.07934,3.7191
0.079344,3.7191
0.079348,3.6708
0.079352,3.6547
0.079356,3.5903
0.07936,3.5259
0.079364,3.4615
0.079368,3.3971
0.079372,3.3487999999999998
0.079376,3.3165999999999998
0.07938,3.3165999999999998
0.079384,3.3487999999999998
0.079388,3.381
0.079392,3.4454
0.079396,3.4776
0.0794,3.5259
0.079404,3.5903
0.079408,3.6386
0.079412,3.6708
0.079416,3.7191
0.07942,3.7352
0.079424,3.7513
0.079428,3.7513
0.079432,3.7352
0.079436,3.703
0.07944,3.703
0.079444,3.6869
0.079448,3.6225
0.079452,3.5581
0.079456,3.4776
0.07946,3.4293
0.079464,3.3487999999999998
0.079468,3.2843999999999998
0.079472,3.2843999999999998
0.079476,3.3005
0.07948,3.3327
0.079484,3.3649
0.079488,3.4132
0.079492,3.4454
0.079496,3.5259
0.0795,3.5742
0.079504,3.6225
0.079508,3.6708
0.079512,3.6869
0.079516,3.703
0.07952,3.7513
0.079524,3.7513
0.079528,3.7352
0.079532,3.6708
0.079536,3.6547
0.07954,3.5903
0.079544,3.542
0.079548,3.4615
0.079552,3.381
0.079556,3.3005
0.07956,3.2521999999999998
0.079564,3.1877999999999997
0.079568,3.1555999999999997
0.079572,3.2039
0.079576,3.2361
0.07958,3.3005
0.079584,3.3649
0.079588,3.4615
0.079592,3.5259
0.079596,3.5903
0.0796,3.6386
0.079604,3.6708
0.079608,3.703
0.079612,3.7352
0.079616,3.7352
0.07962,3.6869
0.079624,3.6547
0.079628,3.6547
0.079632,3.6225
0.079636,3.5742
0.07964,3.5098
0.079644,3.4293
0.079648,3.3327
0.079652,3.2199999999999998
0.079656,3.1395
0.07966,3.1555999999999997
0.079664,3.2199999999999998
0.079668,3.3005
0.079672,3.3487999999999998
0.079676,3.3971
0.07968,3.4454
0.079684,3.5098
0.079688,3.5742
0.079692,3.6386
0.079696,3.6547
0.0797,3.6708
0.079704,3.6869
0.079708,3.703
0.079712,3.7191
0.079716,3.6869
0.07972,3.6547
0.079724,3.6225
0.079728,3.5742
0.079732,3.5259
0.079736,3.4454
0.07974,3.3649
0.079744,3.2843999999999998
0.079748,3.2361
0.079752,3.1877999999999997
0.079756,3.1877999999999997
0.07976,3.2039
0.079764,3.2683
0.079768,3.3165999999999998
0.079772,3.3971
0.079776,3.4937
0.07978,3.542
0.079784,3.5903
0.079788,3.6708
0.079792,3.7352
0.079796,3.7835
0.0798,3.7835
0.079804,3.7674
0.079808,3.7513
0.079812,3.703
0.079816,3.6708
0.07982,3.6386
0.079824,3.6225
0.079828,3.542
0.079832,3.4615
0.079836,3.381
0.07984,3.3005
0.079844,3.2361
0.079848,3.2039
0.079852,3.2039
0.079856,3.2361
0.07986,3.3005
0.079864,3.381
0.079868,3.4776
0.079872,3.5581
0.079876,3.5903
0.07988,3.6547
0.079884,3.703
0.079888,3.7352
0.079892,3.7674
0.079896,3.7674
0.0799,3.7674
0.079904,3.7674
0.079908,3.7513
0.079912,3.6869
0.079916,3.6547
0.07992,3.6064
0.079924,3.542
0.079928,3.4454
0.079932,3.381
0.079936,3.3165999999999998
0.07994,3.2521999999999998
0.079944,3.1877999999999997
0.079948,3.1877999999999997
0.079952,3.2521999999999998
0.079956,3.3165999999999998
0.07996,3.3971
0.079964,3.4776
0.079968,3.5259
0.079972,3.5742
0.079976,3.6547
0.07998,3.703
0.079984,3.7674
0.079988,3.7674
0.079992,3.7513
0.079996,3.7191
0.08,3.6869
0.080004,3.6547
0.080008,3.6386
0.080012,3.5903
0.080016,3.542
0.08002,3.4776
0.080024,3.381
0.080028,3.2843999999999998
0.080032,3.2199999999999998
0.080036,3.1395
0.08004,3.1073
0.080044,3.1717
0.080048,3.2521999999999998
0.080052,3.3165999999999998
0.080056,3.381
0.08006,3.4454
0.080064,3.4776
0.080068,3.5742
0.080072,3.6386
0.080076,3.703
0.08008,3.7513
0.080084,3.7513
0.080088,3.7191
0.080092,3.703
0.080096,3.6708
0.0801,3.6225
0.080104,3.5742
0.080108,3.542
0.080112,3.4776
0.080116,3.4293
0.08012,3.3005
0.080124,3.2199999999999998
0.080128,3.1717
0.080132,3.1395
0.080136,3.1233999999999997
0.08014,3.1717
0.080144,3.2521999999999998
0.080148,3.3165999999999998
0.080152,3.4132
0.080156,3.4615
0.08016,3.5098
0.080164,3.5903
0.080168,3.6708
0.080172,3.7191
0.080176,3.7513
0.08018,3.7352
0.080184,3.7352
0.080188,3.703
0.080192,3.6708
0.080196,3.6225
0.0802,3.5903
0.080204,3.5259
0.080208,3.4454
0.080212,3.3487999999999998
0.080216,3.2199999999999998
0.08022,3.1073
0.080224,2.9946
0.080228,2.9785
0.080232,3.0429
0.080236,3.1073
0.08024,3.2199999999999998
0.080244,3.2843999999999998
0.080248,3.3971
0.080252,3.4454
0.080256,3.5098
0.08026,3.5903
0.080264,3.6386
0.080268,3.6708
0.080272,3.6869
0.080276,3.6708
0.08028,3.6386
0.080284,3.5903
0.080288,3.4937
0.080292,3.4615
0.080296,3.4132
0.0803,3.3327
0.080304,3.2521999999999998
0.080308,3.1233999999999997
0.080312,3.0429
0.080316,2.9785
0.08032,2.9463
0.080324,2.9624
0.080328,2.9946
0.080332,3.0429
0.080336,3.0911999999999997
0.08034,3.1877999999999997
0.080344,3.2199999999999998
0.080348,3.2199999999999998
0.080352,3.2521999999999998
0.080356,3.3487999999999998
0.08036,3.4132
0.080364,3.4293
0.080368,3.4293
0.080372,3.3487999999999998
0.080376,3.2521999999999998
0.08038,3.1233999999999997
0.080384,3.0268
0.080388,2.9141
0.080392,2.7692
0.080396,2.6887
0.0804,2.6565
0.080404,2.6565
0.080408,2.7048
0.080412,2.7853
0.080416,2.9141
0.08042,3.0107
0.080424,3.0268
0.080428,3.0751
0.080432,3.1073
0.080436,3.2039
0.08044,3.2683
0.080444,3.3165999999999998
0.080448,3.381
0.080452,3.381
0.080456,3.3487999999999998
0.08046,3.3327
0.080464,3.2683
0.080468,3.1877999999999997
0.080472,3.0911999999999997
0.080476,2.9624
0.08048,2.8497
0.080484,2.7531
0.080488,2.7531
0.080492,2.7853
0.080496,2.8497
0.0805,2.9463
0.080504,3.0268
0.080508,3.0911999999999997
0.080512,3.1233999999999997
0.080516,3.1877999999999997
0.08052,3.2843999999999998
0.080524,3.3165999999999998
0.080528,3.381
0.080532,3.381
0.080536,3.3971
0.08054,3.3971
0.080544,3.3487999999999998
0.080548,3.3487999999999998
0.080552,3.3649
0.080556,3.3327
0.08056,3.2843999999999998
0.080564,3.2361
0.080568,3.1877999999999997
0.080572,3.1233999999999997
0.080576,3.059
0.08058,3.0107
0.080584,3.0429
0.080588,3.059
0.080592,3.1233999999999997
0.080596,3.1877999999999997
0.0806,3.2199999999999998
0.080604,3.3005
0.080608,3.3487999999999998
0.080612,3.381
0.080616,3.4132
0.08062,3.4454
0.080624,3.4454
0.080628,3.4615
0.080632,3.4776
0.080636,3.4776
0.08064,3.4615
0.080644,3.4293
0.080648,3.3971
0.080652,3.3487999999999998
0.080656,3.3005
0.08066,3.2683
0.080664,3.1877999999999997
0.080668,3.1233999999999997
0.080672,3.1073
0.080676,3.0751
0.08068,3.0911999999999997
0.080684,3.1395
0.080688,3.1877999999999997
0.080692,3.2521999999999998
0.080696,3.3005
0.0807,3.3327
0.080704,3.381
0.080708,3.4132
0.080712,3.4454
0.080716,3.4776
0.08072,3.4937
0.080724,3.4776
0.080728,3.4615
0.080732,3.4454
0.080736,3.4293
0.08074,3.4132
0.080744,3.381
0.080748,3.3487999999999998
0.080752,3.2683
0.080756,3.2199999999999998
0.08076,3.1717
0.080764,3.1233999999999997
0.080768,3.0911999999999997
0.080772,3.0911999999999997
0.080776,3.1395
0.08078,3.1717
0.080784,3.2199999999999998
0.080788,3.2683
0.080792,3.3327
0.080796,3.381
0.0808,3.4132
0.080804,3.4615
0.080808,3.4937
0.080812,3.5259
0.080816,3.5259
0.08082,3.5098
0.080824,3.4937
0.080828,3.4937
0.080832,3.4776
0.080836,3.4454
0.08084,3.4132
0.080844,3.381
0.080848,3.3165999999999998
0.080852,3.2199999999999998
0.080856,3.1555999999999997
0.08086,3.1073
0.080864,3.0751
0.080868,3.059
0.080872,3.0911999999999997
0.080876,3.1395
0.08088,3.2039
0.080884,3.2361
0.080888,3.2843999999999998
0.080892,3.3327
0.080896,3.3971
0.0809,3.4132
0.080904,3.4293
0.080908,3.4615
0.080912,3.4937
0.080916,3.4776
0.08092,3.4776
0.080924,3.4615
0.080928,3.4293
0.080932,3.3971
0.080936,3.3327
0.08094,3.2683
0.080944,3.2199999999999998
0.080948,3.1555999999999997
0.080952,3.059
0.080956,3.0268
0.08096,3.0107
0.080964,3.0268
0.080968,3.0751
0.080972,3.1555999999999997
0.080976,3.2199999999999998
0.08098,3.2521999999999998
0.080984,3.2843999999999998
0.080988,3.3327
0.080992,3.3971
0.080996,3.4293
0.081,3.4132
0.081004,3.4454
0.081008,3.4776
0.081012,3.4776
0.081016,3.4776
0.08102,3.4776
0.081024,3.4454
0.081028,3.3971
0.081032,3.3487999999999998
0.081036,3.2843999999999998
0.08104,3.2199999999999998
0.081044,3.1073
0.081048,3.0107
0.081052,2.9463
0.081056,2.9302
0.08106,2.9785
0.081064,3.0429
0.081068,3.1233999999999997
0.081072,3.1877999999999997
0.081076,3.2361
0.08108,3.3005
0.081084,3.381
0.081088,3.4293
0.081092,3.4776
0.081096,3.5259
0.0811,3.5098
0.081104,3.4776
0.081108,3.4615
0.081112,3.4132
0.081116,3.381
0.08112,3.381
0.081124,3.3327
0.081128,3.2683
0.081132,3.2199999999999998
0.081136,3.1555999999999997
0.08114,3.0751
0.081144,2.9624
0.081148,2.9141
0.081152,2.898
0.081156,2.9463
0.08116,2.9946
0.081164,3.0751
0.081168,3.1395
0.081172,3.2199999999999998
0.081176,3.2683
0.08118,3.3005
0.081184,3.3649
0.081188,3.3971
0.081192,3.4615
0.081196,3.4937
0.0812,3.5098
0.081204,3.5259
0.081208,3.5098
0.081212,3.4776
0.081216,3.4454
0.08122,3.3971
0.081224,3.381
0.081228,3.2843999999999998
0.081232,3.2361
0.081236,3.1717
0.08124,3.0751
0.081244,3.0268
0.081248,2.9463
0.081252,2.9141
0.081256,2.9463
0.08126,3.0268
0.081264,3.1073
0.081268,3.2039
0.081272,3.2683
0.081276,3.3165999999999998
0.08128,3.381
0.081284,3.4454
0.081288,3.4776
0.081292,3.4776
0.081296,3.4937
0.0813,3.5098
0.081304,3.4615
0.081308,3.4293
0.081312,3.3971
0.081316,3.381
0.08132,3.3327
0.081324,3.2683
0.081328,3.2199999999999998
0.081332,3.1073
0.081336,2.9946
0.08134,2.9141
0.081344,2.8658
0.081348,2.8658
0.081352,2.9141
0.081356,3.0107
0.08136,3.0751
0.081364,3.1717
0.081368,3.2361
0.081372,3.2843999999999998
0.081376,3.3165999999999998
0.08138,3.3649
0.081384,3.4293
0.081388,3.4615
0.081392,3.4615
0.081396,3.4615
0.0814,3.4454
0.081404,3.4132
0.081408,3.381
0.081412,3.3487999999999998
0.081416,3.3165999999999998
0.08142,3.2683
0.081424,3.2199999999999998
0.081428,3.1233999999999997
0.081432,3.0429
0.081436,2.9624
0.08144,2.9141
0.081444,2.898
0.081448,2.8819
0.081452,2.9463
0.081456,3.0107
0.08146,3.1233999999999997
0.081464,3.2361
0.081468,3.2683
0.081472,3.3649
0.081476,3.4132
0.08148,3.4615
0.081484,3.4776
0.081488,3.5098
0.081492,3.5098
0.081496,3.4776
0.0815,3.4454
0.081504,3.3971
0.081508,3.3487999999999998
0.081512,3.3165999999999998
0.081516,3.2843999999999998
0.08152,3.2199999999999998
0.081524,3.1233999999999997
0.081528,3.0429
0.081532,2.9785
0.081536,2.898
0.08154,2.8819
0.081544,2.8819
0.081548,2.8658
0.081552,2.9463
0.081556,3.0429
0.08156,3.1073
0.081564,3.1877999999999997
0.081568,3.2683
0.081572,3.3327
0.081576,3.3971
0.08158,3.4776
0.081584,3.4937
0.081588,3.4776
0.081592,3.4937
0.081596,3.4615
0.0816,3.4454
0.081604,3.4293
0.081608,3.381
0.081612,3.3327
0.081616,3.2843999999999998
0.08162,3.2521999999999998
0.081624,3.1717
0.081628,3.0911999999999997
0.081632,3.0429
0.081636,2.9624
0.08164,2.9141
0.081644,2.898
0.081648,2.898
0.081652,2.9785
0.081656,3.0751
0.08166,3.1717
0.081664,3.2521999999999998
0.081668,3.2683
0.081672,3.3005
0.081676,3.3649
0.08168,3.4454
0.081684,3.4615
0.081688,3.4776
0.081692,3.5098
0.081696,3.4454
0.0817,3.4132
0.081704,3.3649
0.081708,3.3327
0.081712,3.3005
0.081716,3.2683
0.08172,3.1717
0.081724,3.0911999999999997
0.081728,3.0429
0.081732,2.9785
0.081736,2.898
0.08174,2.8497
0.081744,2.8336
0.081748,2.8658
0.081752,2.9141
0.081756,2.9785
0.08176,3.0751
0.081764,3.1233999999999997
0.081768,3.2199999999999998
0.081772,3.3005
0.081776,3.3487999999999998
0.08178,3.3971
0.081784,3.3971
0.081788,3.4132
0.081792,3.381
0.081796,3.3487999999999998
0.0818,3.2843999999999998
0.081804,3.2521999999999998
0.081808,3.2199999999999998
0.081812,3.1233999999999997
0.081816,3.0751
0.08182,2.9463
0.081824,2.8175
0.081828,2.6565
0.081832,2.576
0.081836,2.5277
0.08184,2.4794
0.081844,2.4794
0.081848,2.5438
0.081852,2.6404
0.081856,2.7531
0.08186,2.7692
0.081864,2.8497
0.081868,2.9141
0.081872,2.9141
0.081876,2.8497
0.08188,2.8014
0.081884,2.6726
0.081888,2.5116
0.081892,2.2379
0.081896,1.9964
0.0819,1.8032
0.081904,1.5616999999999999
0.081908,1.449
0.081912,1.449
0.081916,1.5134
0.08192,1.6743999999999999
0.081924,1.8676
0.081928,2.0286
0.081932,2.1574
0.081936,2.1574
0.08194,2.1734999999999998
0.081944,2.1734999999999998
0.081948,2.3506
0.081952,2.3828
0.081956,2.2379
0.08196,2.0608
0.081964,1.8354
0.081968,1.6421999999999999
0.081972,1.3685
0.081976,1.0465
0.08198,0.8049999999999999
0.081984,0.5957
0.081988,0.41859999999999997
0.081992,0.0322
0.081996,-0.322
0.082,-0.41859999999999997
0.082004,-2.5599
0.082008,-5.1198
0.082012,-9.1126
0.082016,-14.2968
0.08202,-17.5168
0.082024,-18.3218
0.082028,-17.7422
0.082032,-17.1465
0.082036,-18.048099999999998
0.08204,-19.4005
0.082044,-19.1107
0.082048,-18.0803
0.082052,-15.778
0.082056,-13.5562
0.08206,-11.962299999999999
0.082064,-10.0303
0.082068,-7.8246
0.082072,-5.6672
0.082076,-3.2843999999999998
0.08208,-1.4812
0.082084,-0.2576
0.082088,0.4669
0.082092,1.0626
0.082096,1.5938999999999999
0.0821,1.8998
0.082104,2.1574
0.082108,2.4472
0.082112,2.6565
0.082116,2.737
0.08212,2.9785
0.082124,3.3649
0.082128,3.7191
0.082132,4.5885
0.082136,5.6189
0.08214,6.7137
0.082144,7.3416
0.082148,7.7602
0.082152,8.2271
0.082156,8.693999999999999
0.08216,9.1126
0.082164,9.5151
0.082168,9.8532
0.082172,10.0464
0.082176,10.1752
0.08218,10.1913
0.082184,10.304
0.082188,10.529399999999999
0.082192,10.786999999999999
0.082196,10.8997
0.0822,10.8353
0.082204,10.8031
0.082208,10.8192
0.082212,10.7548
0.082216,10.6421
0.08222,10.529399999999999
0.082224,10.3845
0.082228,10.0786
0.082232,9.499
0.082236,8.8389
0.08224,7.9212
0.082244,7.0518
0.082248,6.0858
0.082252,5.313
0.082256,4.6368
0.08226,4.3469999999999995
0.082264,3.9445
0.082268,3.6869
0.082272,3.381
0.082276,2.8497
0.08228,1.7066
0.082284,0.7245
0.082288,1.6099999999999999
0.082292,2.576
0.082296,3.3971
0.0823,4.6046
0.082304,6.279
0.082308,7.567
0.082312,8.9033
0.082316,9.0965
0.08232,9.2253
0.082324,11.2217
0.082328,12.4131
0.082332,13.6367
0.082336,14.3612
0.08234,14.651
0.082344,14.5061
0.082348,14.2324
0.082352,14.1519
0.082356,14.3934
0.08236,14.6027
0.082364,14.5705
0.082368,14.5222
0.082372,14.5705
0.082376,14.715399999999999
0.08238,14.8603
0.082384,15.616999999999999
0.082388,16.1805
0.082392,16.1966
0.082396,15.8263
0.0824,15.3755
0.082404,15.1823
0.082408,15.101799999999999
0.082412,14.812
0.082416,14.4095
0.08242,14.184099999999999
0.082424,14.1358
0.082428,14.0392
0.082432,13.846
0.082436,13.7655
0.08244,13.7333
0.082444,13.6528
0.082448,13.5079
0.082452,13.266399999999999
0.082456,12.9605
0.08246,12.558
0.082464,12.1072
0.082468,11.7369
0.082472,11.3344
0.082476,10.8997
0.08248,10.2718
0.082484,9.7244
0.082488,9.2414
0.082492,8.7906
0.082496,8.1788
0.0825,7.6314
0.082504,7.1323
0.082508,6.6975999999999996
0.082512,6.2629
0.082516,5.9087
0.08252,5.8765
0.082524,6.3595
0.082528,6.601
0.082532,7.1645
0.082536,7.5992
0.08254,7.9856
0.082544,8.2754
0.082548,8.4847
0.082552,8.6779
0.082556,9.0321
0.08256,9.4668
0.082564,9.8532
0.082568,10.1269
0.082572,10.304
0.082576,10.400599999999999
0.08258,10.5455
0.082584,10.7548
0.082588,11.0285
0.082592,11.27
0.082596,11.431
0.0826,11.592
0.082604,11.7208
0.082608,11.8496
0.082612,11.9462
0.082616,11.9945
0.08262,12.091099999999999
0.082624,12.1555
0.082628,12.1877
0.082632,12.1716
0.082636,12.1072
0.08264,12.091099999999999
0.082644,12.091099999999999
0.082648,12.075
0.082652,12.0428
0.082656,11.9945
0.08266,11.9945
0.082664,11.9462
0.082668,11.833499999999999
0.082672,11.704699999999999
0.082676,11.575899999999999
0.08268,11.3988
0.082684,11.2378
0.082688,11.044599999999999
0.082692,10.7387
0.082696,10.3201
0.0827,9.821
0.082704,9.2092
0.082708,8.565199999999999
0.082712,7.8568
0.082716,7.0679
0.08272,6.3595
0.082724,5.5866999999999996
0.082728,4.9266
0.082732,4.5724
0.082736,4.186
0.08274,4.3953
0.082744,4.6851
0.082748,5.8282
0.082752,6.6815
0.082756,7.2611
0.08276,7.9212
0.082764,8.3237
0.082768,8.7423
0.082772,9.2736
0.082776,9.6922
0.08278,10.0625
0.082784,10.3523
0.082788,10.465
0.082792,10.5616
0.082796,10.7065
0.0828,10.8353
0.082804,10.948
0.082808,11.0285
0.082812,11.1412
0.082816,11.2378
0.08282,11.3827
0.082824,11.431
0.082828,11.575899999999999
0.082832,11.704699999999999
0.082836,11.833499999999999
0.08284,11.9301
0.082844,12.0106
0.082848,12.0589
0.082852,12.1072
0.082856,12.075
0.08286,12.0589
0.082864,12.0106
0.082868,11.8979
0.082872,11.753
0.082876,11.592
0.08288,11.3827
0.082884,11.1251
0.082888,10.8675
0.082892,10.658199999999999
0.082896,10.4489
0.0829,10.2718
0.082904,10.1269
0.082908,9.982
0.082912,9.8532
0.082916,9.7888
0.08292,9.7083
0.082924,9.6439
0.082928,9.5956
0.082932,9.5795
0.082936,9.5795
0.08294,9.611699999999999
0.082944,9.6439
0.082948,9.7083
0.082952,9.7566
0.082956,9.8049
0.08296,9.869299999999999
0.082964,9.9659
0.082968,10.0786
0.082972,10.2074
0.082976,10.304
0.08298,10.3684
0.082984,10.3845
0.082988,10.3523
0.082992,10.3362
0.082996,10.304
0.083,10.2879
0.083004,10.2557
0.083008,10.2557
0.083012,10.3201
0.083016,10.3845
0.08302,10.4328
0.083024,10.4489
0.083028,10.465
0.083032,10.465
0.083036,10.465
0.08304,10.4167
0.083044,10.3684
0.083048,10.2879
0.083052,10.2074
0.083056,10.143
0.08306,10.0625
0.083064,9.998099999999999
0.083068,9.9498
0.083072,9.8854
0.083076,9.8532
0.08308,9.821
0.083084,9.7727
0.083088,9.7566
0.083092,9.7888
0.083096,9.8371
0.0831,9.9015
0.083104,9.9498
0.083108,10.0142
0.083112,10.0947
0.083116,10.143
0.08312,10.2074
0.083124,10.2396
0.083128,10.2879
0.083132,10.304
0.083136,10.3523
0.08314,10.400599999999999
0.083144,10.4489
0.083148,10.4811
0.083152,10.529399999999999
0.083156,10.5616
0.08316,10.6421
0.083164,10.6904
0.083168,10.7548
0.083172,10.7709
0.083176,10.6743
0.08318,10.4489
0.083184,10.2235
0.083188,9.7888
0.083192,9.2897
0.083196,8.6457
0.0832,7.9856
0.083204,7.3416
0.083208,6.7781
0.083212,6.0697
0.083216,5.0715
0.08322,2.6726
0.083224,-0.966
0.083228,-6.279
0.083232,-9.482899999999999
0.083236,-10.9802
0.08324,-10.8514
0.083244,-10.2396
0.083248,-8.7423
0.083252,-7.4382
0.083256,-5.9087
0.08326,-4.83
0.083264,-3.7513
0.083268,-2.3828
0.083272,-0.9982
0.083276,0.19319999999999998
0.08328,1.288
0.083284,2.3184
0.083288,3.3165999999999998
0.083292,4.0572
0.083296,4.7012
0.0833,5.3452
0.083304,5.9731
0.083308,6.3917
0.083312,6.762
0.083316,7.1484
0.08332,7.567
0.083324,7.9856
0.083328,8.307599999999999
0.083332,8.565199999999999
0.083336,8.822799999999999
0.08334,9.016
0.083344,9.177
0.083348,9.3219
0.083352,9.5312
0.083356,9.7083
0.08336,9.7888
0.083364,9.869299999999999
0.083368,10.0786
0.083372,10.304
0.083376,10.4328
0.08338,10.5938
0.083384,10.7387
0.083388,10.7548
0.083392,10.5616
0.083396,10.1913
0.0834,9.482899999999999
0.083404,8.211
0.083408,7.2772
0.083412,6.1341
0.083416,4.3631
0.08342,2.9302
0.083424,1.6905
0.083428,1.3363
0.083432,1.6582999999999999
0.083436,2.1090999999999998
0.08344,2.8819
0.083444,3.7191
0.083448,4.5402
0.083452,4.9105
0.083456,5.2164
0.08346,5.6672
0.083464,6.2951
0.083468,7.0196
0.083472,7.6314
0.083476,7.9373
0.08348,8.4042
0.083484,8.9033
0.083488,9.2092
0.083492,9.4346
0.083496,9.5312
0.0835,9.6439
0.083504,9.7083
0.083508,9.5312
0.083512,9.2575
0.083516,8.9516
0.08352,8.4847
0.083524,7.8729
0.083528,7.4704
0.083532,7.084
0.083536,6.4239
0.08354,5.8926
0.083544,5.8443
0.083548,5.4901
0.083552,5.2969
0.083556,5.3452
0.08356,5.1681
0.083564,5.2808
0.083568,5.6189
0.083572,5.9731
0.083576,6.4883
0.08358,6.9713
0.083584,7.5992
0.083588,8.1305
0.083592,8.5491
0.083596,8.9033
0.0836,9.2897
0.083604,9.6922
0.083608,10.1269
0.083612,10.4489
0.083616,10.8031
0.08362,11.0929
0.083624,11.3505
0.083628,11.5276
0.083632,11.704699999999999
0.083636,11.8657
0.08364,12.0428
0.083644,12.219899999999999
0.083648,12.3487
0.083652,12.0428
0.083656,11.5276
0.08366,10.8514
0.083664,10.2557
0.083668,9.6278
0.083672,8.8389
0.083676,8.4525
0.08368,8.6457
0.083684,8.6135
0.083688,8.7262
0.083692,8.4686
0.083696,8.6779
0.0837,8.7262
0.083704,8.3237
0.083708,8.2593
0.083712,8.6135
0.083716,9.177
0.08372,9.5634
0.083724,9.8532
0.083728,10.2235
0.083732,10.6421
0.083736,11.109
0.08374,11.4632
0.083744,11.6564
0.083748,11.9301
0.083752,12.2521
0.083756,12.5741
0.08376,12.7834
0.083764,12.8478
0.083768,12.9444
0.083772,12.9927
0.083776,12.9766
0.08378,12.8639
0.083784,13.0571
0.083788,12.493599999999999
0.083792,12.0267
0.083796,12.1072
0.0838,12.236
0.083804,12.4775
0.083808,12.5741
0.083812,12.5258
0.083816,12.558
0.08382,12.9605
0.083824,13.4596
0.083828,13.926499999999999
0.083832,14.312899999999999
0.083836,14.5705
0.08384,14.7476
0.083844,14.9086
0.083848,15.101799999999999
0.083852,15.3272
0.083856,15.4077
0.08386,15.4399
0.083864,15.4077
0.083868,15.4077
0.083872,15.359399999999999
0.083876,15.3433
0.08388,15.359399999999999
0.083884,15.4077
0.083888,15.3272
0.083892,15.0535
0.083896,14.7476
0.0839,14.2485
0.083904,13.685
0.083908,14.2968
0.083912,14.441699999999999
0.083916,14.055299999999999
0.08392,13.1698
0.083924,12.8639
0.083928,12.4453
0.083932,12.1233
0.083936,12.1233
0.08394,12.364799999999999
0.083944,12.6063
0.083948,12.7351
0.083952,12.6868
0.083956,12.751199999999999
0.08396,13.0732
0.083964,13.4596
0.083968,13.6045
0.083972,13.4274
0.083976,13.1215
0.08398,12.9927
0.083984,12.8317
0.083988,12.4131
0.083992,12.1877
0.083996,12.1072
0.084,11.9301
0.084004,11.8496
0.084008,11.7691
0.084012,11.6725
0.084016,11.6564
0.08402,11.6242
0.084024,11.6242
0.084028,11.3827
0.084032,11.3666
0.084036,11.27
0.08404,11.6725
0.084044,12.0428
0.084048,12.3326
0.084052,12.622399999999999
0.084056,12.8478
0.08406,12.8639
0.084064,12.6385
0.084068,12.6385
0.084072,12.8478
0.084076,12.8961
0.08408,13.0249
0.084084,13.041
0.084088,13.0249
0.084092,12.9766
0.084096,13.0249
0.0841,13.5562
0.084104,14.1519
0.084108,15.6975
0.084112,16.3415
0.084116,16.8245
0.08412,17.4524
0.084124,17.8871
0.084128,18.1125
0.084132,18.2574
0.084136,18.2735
0.08414,18.6277
0.084144,19.0624
0.084148,19.6098
0.084152,20.0767
0.084156,20.4631
0.08416,20.6885
0.084164,20.6885
0.084168,21.2037
0.084172,20.1894
0.084176,19.642
0.08418,20.286
0.084184,22.2502
0.084188,22.8781
0.084192,23.264499999999998
0.084196,23.3933
0.0842,23.3128
0.084204,23.828
0.084208,24.472
0.084212,24.794
0.084216,25.3092
0.08422,26.243
0.084224,27.048
0.084228,27.4827
0.084232,27.9013
0.084236,28.4326
0.08424,29.1893
0.084244,29.5918
0.084248,29.8977
0.084252,30.348499999999998
0.084256,30.8959
0.08426,31.6204
0.084264,32.8923
0.084268,32.9728
0.084272,32.9728
0.084276,32.9728
0.08428,32.9728
0.084284,32.9728
0.084288,32.9728
0.084292,32.9728
0.084296,32.9728
0.0843,32.9728
0.084304,32.9728
0.084308,32.9728
0.084312,32.9728
0.084316,32.9728
0.08432,32.9728
0.084324,32.9728
0.084328,32.9728
0.084332,32.9728
0.084336,32.9728
0.08434,32.9728
0.084344,32.9728
0.084348,32.9728
0.084352,32.9728
0.084356,32.9728
0.08436,32.9728
0.084364,32.9728
0.084368,32.9728
0.084372,32.9728
0.084376,32.9728
0.08438,32.9728
0.084384,32.9728
0.084388,32.9728
0.084392,32.9728
0.084396,32.9728
0.0844,32.9728
0.084404,32.9728
0.084408,32.9728
0.084412,32.9728
0.084416,32.9728
0.08442,32.9728
0.084424,32.9728
0.084428,32.9728
0.084432,32.9728
0.084436,32.9728
0.08444,32.9728
0.084444,32.9728
0.084448,32.9728
0.084452,32.9728
0.084456,32.9728
0.08446,32.9728
0.084464,32.9728
0.084468,32.9728
0.084472,32.9728
0.084476,32.9728
0.08448,32.9728
0.084484,32.9728
0.084488,32.9728
0.084492,32.9728
0.084496,32.9728
0.0845,32.9728
0.084504,32.9728
0.084508,32.9728
0.084512,32.9728
0.084516,32.5864
0.08452,32.1678
0.084524,31.7492
0.084528,31.2984
0.084532,30.8315
0.084536,30.4129
0.08454,29.9621
0.084544,29.5113
0.084548,29.0766
0.084552,28.625799999999998
0.084556,28.2072
0.08456,27.8208
0.084564,27.4022
0.084568,27.0158
0.084572,26.6133
0.084576,26.2108
0.08458,25.8083
0.084584,25.438
0.084588,25.0355
0.084592,24.633
0.084596,24.2949
0.0846,23.9568
0.084604,23.6187
0.084608,23.264499999999998
0.084612,22.9264
0.084616,22.6044
0.08462,22.2985
0.084624,22.0087
0.084628,21.6706
0.084632,21.3486
0.084636,21.058799999999998
0.08464,20.7851
0.084644,20.5114
0.084648,20.2699
0.084652,20.0284
0.084656,19.7708
0.08466,19.5293
0.084664,19.3039
0.084668,19.0785
0.084672,18.8853
0.084676,18.6438
0.08468,18.4184
0.084684,18.2091
0.084688,18.032
0.084692,17.8388
0.084696,17.5973
0.0847,17.387999999999998
0.084704,17.2109
0.084708,17.0338
0.084712,16.872799999999998
0.084716,16.7118
0.08472,16.5669
0.084724,16.422
0.084728,16.261
0.084732,16.1
0.084736,15.939
0.08474,15.7941
0.084744,15.6653
0.084748,15.5204
0.084752,15.3755
0.084756,15.2145
0.08476,15.0857
0.084764,14.9569
0.084768,14.844199999999999
0.084772,14.7315
0.084776,14.6188
0.08478,14.5061
0.084784,14.3934
0.084788,14.2807
0.084792,14.168
0.084796,14.0714
0.0848,13.9748
0.084804,13.8621
0.084808,13.7494
0.084812,13.6528
0.084816,13.5562
0.08482,13.4435
0.084824,13.3308
0.084828,13.2342
0.084832,13.1698
0.084836,13.0893
0.08484,12.9927
0.084844,12.8961
0.084848,12.7834
0.084852,12.6868
0.084856,12.622399999999999
0.08486,12.558
0.084864,12.4775
0.084868,12.4292
0.084872,12.3326
0.084876,12.2521
0.08488,12.1877
0.084884,12.1072
0.084888,12.0428
0.084892,11.9462
0.084896,11.8496
0.0849,11.8013
0.084904,11.753
0.084908,11.6725
0.084912,11.575899999999999
0.084916,11.4954
0.08492,11.431
0.084924,11.3827
0.084928,11.3183
0.084932,11.27
0.084936,11.2056
0.08494,11.1573
0.084944,11.0768
0.084948,11.0124
0.084952,10.948
0.084956,10.8997
0.08496,10.8353
0.084964,10.786999999999999
0.084968,10.7387
0.084972,10.6904
0.084976,10.626
0.08498,10.5616
0.084984,10.4811
0.084988,10.4328
0.084992,10.3845
0.084996,10.3362
0.085,10.304
0.085004,10.2396
0.085008,10.2235
0.085012,10.1752
0.085016,10.1269
0.08502,10.0786
0.085024,10.0303
0.085028,9.982
0.085032,9.9176
0.085036,9.8854
0.08504,9.8371
0.085044,9.7888
0.085048,9.7566
0.085052,9.7244
0.085056,9.6761
0.08506,9.6278
0.085064,9.5956
0.085068,9.5312
0.085072,9.499
0.085076,9.4507
0.08508,9.4185
0.085084,9.3702
0.085088,9.3219
0.085092,9.2897
0.085096,9.2414
0.0851,9.2092
0.085104,9.177
0.085108,9.1287
0.085112,9.0965
0.085116,9.0643
0.08512,9.0321
0.085124,8.9999
0.085128,8.9516
0.085132,8.9194
0.085136,8.8711
0.08514,8.8389
0.085144,8.8067
0.085148,8.7906
0.085152,8.7423
0.085156,8.7101
0.08516,8.6779
0.085164,8.6457
0.085168,8.6135
0.085172,8.5813
0.085176,8.565199999999999
0.08518,8.5169
0.085184,8.4847
0.085188,8.4686
0.085192,8.4203
0.085196,8.4042
0.0852,8.372
0.085204,8.3398
0.085208,8.3237
0.085212,8.2915
0.085216,8.2432
0.08522,8.211
0.085224,8.1949
0.085228,8.1627
0.085232,8.1305
0.085236,8.1144
0.08524,8.0661
0.085244,8.05
0.085248,8.0178
0.085252,7.9856
0.085256,7.9695
0.08526,7.9373
0.085264,7.9212
0.085268,7.889
0.085272,7.8568
0.085276,7.8246
0.08528,7.8084999999999996
0.085284,7.7763
0.085288,7.7763
0.085292,7.7440999999999995
0.085296,7.7119
0.0853,7.6796999999999995
0.085304,7.6636
0.085308,7.6314
0.085312,7.5992
0.085316,7.5831
0.08532,7.5508999999999995
0.085324,7.5348
0.085328,7.5187
0.085332,7.4864999999999995
0.085336,7.4543
0.08534,7.4543
0.085344,7.4220999999999995
0.085348,7.4220999999999995
0.085352,7.406
0.085356,7.3738
0.08536,7.3416
0.085364,7.3255
0.085368,7.3094
0.085372,7.2932999999999995
0.085376,7.2611
0.08538,7.245
0.085384,7.228899999999999
0.085388,7.1967
0.085392,7.1806
0.085396,7.1484
0.0854,7.1323
0.085404,7.1001
0.085408,7.1162
0.085412,7.0679
0.085416,7.0357
0.08542,7.0196
0.085424,7.0035
0.085428,6.9874
0.085432,6.9713
0.085436,6.9552
0.08544,6.923
0.085444,6.9069
0.085448,6.9069
0.085452,6.8908
0.085456,6.8747
0.08546,6.8747
0.085464,6.8425
0.085468,6.8264
0.085472,6.7942
0.085476,6.7781
0.08548,6.7781
0.085484,6.762
0.085488,6.7298
0.085492,6.7137
0.085496,6.6975999999999996
0.0855,6.6654
0.085504,6.6654
0.085508,6.6331999999999995
0.085512,6.6171
0.085516,6.601
0.08552,6.601
0.085524,6.5849
0.085528,6.5687999999999995
0.085532,6.5527
0.085536,6.5366
0.08554,6.5205
0.085544,6.5043999999999995
0.085548,6.4883
0.085552,6.4722
0.085556,6.4561
0.08556,6.4561
0.085564,6.4399999999999995
0.085568,6.4078
0.085572,6.3917
0.085576,6.3755999999999995
0.08558,6.3595
0.085584,6.3434
0.085588,6.3273
0.085592,6.3111999999999995
0.085596,6.3111999999999995
0.0856,6.2951
0.085604,6.279
0.085608,6.2629
0.085612,6.2467999999999995
0.085616,6.2146
0.08562,6.2146
0.085624,6.1985
0.085628,6.1985
0.085632,6.1823999999999995
0.085636,6.1823999999999995
0.08564,6.1663
0.085644,6.1502
0.085648,6.1341
0.085652,6.118
0.085656,6.1019
0.08566,6.1019
0.085664,6.0697
0.085668,6.0697
0.085672,6.0536
0.085676,6.0375
0.08568,6.0214
0.085684,6.0053
0.085688,6.0053
0.085692,5.9892
0.085696,5.9731
0.0857,5.957
0.085704,5.957
0.085708,5.9409
0.085712,5.9248
0.085716,5.9248
0.08572,5.8926
0.085724,5.8926
0.085728,5.8765
0.085732,5.8765
0.085736,5.8604
0.08574,5.8282
0.085744,5.8282
0.085748,5.8282
0.085752,5.796
0.085756,5.796
0.08576,5.7799
0.085764,5.7799
0.085768,5.7638
0.085772,5.7477
0.085776,5.7477
0.08578,5.7477
0.085784,5.7155
0.085788,5.7155
0.085792,5.6994
0.085796,5.6994
0.0858,5.6833
0.085804,5.6672
0.085808,5.6511
0.085812,5.6511
0.085816,5.635
0.08582,5.635
0.085824,5.6189
0.085828,5.6028
0.085832,5.6028
0.085836,5.5706
0.08584,5.5706
0.085844,5.5706
0.085848,5.5384
0.085852,5.5384
0.085856,5.5384
0.08586,5.5222999999999995
0.085864,5.5062
0.085868,5.5062
0.085872,5.4901
0.085876,5.474
0.08588,5.474
0.085884,5.4578999999999995
0.085888,5.4418
0.085892,5.4257
0.085896,5.4257
0.0859,5.4257
0.085904,5.4096
0.085908,5.3934999999999995
0.085912,5.3934999999999995
0.085916,5.3774
0.08592,5.3774
0.085924,5.3613
0.085928,5.3613
0.085932,5.3452
0.085936,5.3452
0.08594,5.3290999999999995
0.085944,5.3290999999999995
0.085948,5.313
0.085952,5.2969
0.085956,5.2969
0.08596,5.2808
0.085964,5.2646999999999995
0.085968,5.2646999999999995
0.085972,5.2486
0.085976,5.2486
0.08598,5.2325
0.085984,5.2325
0.085988,5.2164
0.085992,5.2164
0.085996,5.2002999999999995
0.086,5.2002999999999995
0.086004,5.1842
0.086008,5.1842
0.086012,5.1842
0.086016,5.1681
0.08602,5.152
0.086024,5.1359
0.086028,5.1359
0.086032,5.1359
0.086036,5.1198
0.08604,5.1198
0.086044,5.1037
0.086048,5.1037
0.086052,5.1037
0.086056,5.0876
0.08606,5.0715
0.086064,5.0554
0.086068,5.0715
0.086072,5.0715
0.086076,5.0393
0.08608,5.0393
0.086084,5.0232
0.086088,5.0232
0.086092,5.0232
0.086096,5.0071
0.0861,4.991
0.086104,4.991
0.086108,4.991
0.086112,4.991
0.086116,4.9749
0.08612,4.9588
0.086124,4.9588
0.086128,4.9588
0.086132,4.9588
0.086136,4.9427
0.08614,4.9427
0.086144,4.9266
0.086148,4.9266
0.086152,4.9266
0.086156,4.9105
0.08616,4.9105
0.086164,4.8944
0.086168,4.8622
0.086172,4.8783
0.086176,4.8783
0.08618,4.8622
0.086184,4.8622
0.086188,4.8461
0.086192,4.8461
0.086196,4.8461
0.0862,4.8461
0.086204,4.83
0.086208,4.8139
0.086212,4.8139
0.086216,4.8139
0.08622,4.7978
0.086224,4.7978
0.086228,4.7978
0.086232,4.7817
0.086236,4.7817
0.08624,4.7656
0.086244,4.7656
0.086248,4.7495
0.086252,4.7495
0.086256,4.7334
0.08626,4.7334
0.086264,4.7334
0.086268,4.7334
0.086272,4.7173
0.086276,4.7173
0.08628,4.7173
0.086284,4.7012
0.086288,4.7012
0.086292,4.7012
0.086296,4.7012
0.0863,4.6851
0.086304,4.6851
0.086308,4.669
0.086312,4.669
0.086316,4.669
0.08632,4.6529
0.086324,4.6529
0.086328,4.6207
0.086332,4.6368
0.086336,4.6368
0.08634,4.6207
0.086344,4.6207
0.086348,4.6046
0.086352,4.6207
0.086356,4.6207
0.08636,4.5885
0.086364,4.6046
0.086368,4.5885
0.086372,4.5885
0.086376,4.5724
0.08638,4.5563
0.086384,4.5724
0.086388,4.5724
0.086392,4.5563
0.086396,4.5402
0.0864,4.5402
0.086404,4.5402
0.086408,4.5241
0.086412,4.5402
0.086416,4.5241
0.08642,4.508
0.086424,4.508
0.086428,4.508
0.086432,4.4919
0.086436,4.4919
0.08644,4.4919
0.086444,4.4758
0.086448,4.4758
0.086452,4.4758
0.086456,4.4758
0.08646,4.4597
0.086464,4.4597
0.086468,4.4597
0.086472,4.4597
0.086476,4.4436
0.08648,4.4597
0.086484,4.4436
0.086488,4.4275
0.086492,4.4275
0.086496,4.4275
0.0865,4.4113999999999995
0.086504,4.4113999999999995
0.086508,4.4113999999999995
0.086512,4.3953
0.086516,4.4113999999999995
0.08652,4.3953
0.086524,4.3792
0.086528,4.3792
0.086532,4.3792
0.086536,4.3792
0.08654,4.3792
0.086544,4.3631
0.086548,4.3469999999999995
0.086552,4.3469999999999995
0.086556,4.3469999999999995
0.08656,4.3469999999999995
0.086564,4.3309
0.086568,4.3309
0.086572,4.3148
0.086576,4.3148
0.08658,4.3309
0.086584,4.3309
0.086588,4.3148
0.086592,4.2987
0.086596,4.2987
0.0866,4.2825999999999995
0.086604,4.2825999999999995
0.086608,4.2987
0.086612,4.2825999999999995
0.086616,4.2825999999999995
0.08662,4.2665
0.086624,4.2665
0.086628,4.2665
0.086632,4.2665
0.086636,4.2504
0.08664,4.2504
0.086644,4.2504
0.086648,4.2343
0.086652,4.2504
0.086656,4.2504
0.08666,4.2343
0.086664,4.2343
0.086668,4.2181999999999995
0.086672,4.2181999999999995
0.086676,4.2181999999999995
0.08668,4.2021
0.086684,4.2021
0.086688,4.186
0.086692,4.2021
0.086696,4.2021
0.0867,4.2021
0.086704,4.2021
0.086708,4.186
0.086712,4.186
0.086716,4.186
0.08672,4.1699
0.086724,4.1699
0.086728,4.1699
0.086732,4.1537999999999995
0.086736,4.1537999999999995
0.08674,4.1377
0.086744,4.1537999999999995
0.086748,4.1537999999999995
0.086752,4.1537999999999995
0.086756,4.1537999999999995
0.08676,4.1377
0.086764,4.1377
0.086768,4.1216
0.086772,4.1216
0.086776,4.1216
0.08678,4.1055
0.086784,4.1055
0.086788,4.1055
0.086792,4.1055
0.086796,4.1055
0.0868,4.0894
0.086804,4.0894
0.086808,4.0733
0.086812,4.0894
0.086816,4.0733
0.08682,4.0733
0.086824,4.0733
0.086828,4.0733
0.086832,4.0733
0.086836,4.0572
0.08684,4.0572
0.086844,4.0572
0.086848,4.0572
0.086852,4.0411
0.086856,4.0411
0.08686,4.0411
0.086864,4.0411
0.086868,4.025
0.086872,4.025
0.086876,4.0411
0.08688,4.025
0.086884,4.0089
0.086888,4.0089
0.086892,4.0089
0.086896,4.0089
0.0869,4.0089
0.086904,4.0089
0.086908,3.9928
0.086912,3.9928
0.086916,3.9928
0.08692,3.9767
0.086924,3.9928
0.086928,3.9767
0.086932,3.9606
0.086936,3.9767
0.08694,3.9606
0.086944,3.9767
0.086948,3.9767
0.086952,3.9767
0.086956,3.9606
0.08696,3.9606
0.086964,3.9606
0.086968,3.9606
0.086972,3.9445
0.086976,3.9445
0.08698,3.9445
0.086984,3.9445
0.086988,3.9284
0.086992,3.9284
0.086996,3.9284
0.087,3.9123
0.087004,3.9123
0.087008,3.9123
0.087012,3.9123
0.087016,3.8962
0.08702,3.8962
0.087024,3.8962
0.087028,3.8962
0.087032,3.8962
0.087036,3.8801
0.08704,3.8962
0.087044,3.8962
0.087048,3.8962
0.087052,3.8962
0.087056,3.8801
0.08706,3.864
0.087064,3.8801
0.087068,3.864
0.087072,3.8479
0.087076,3.8479
0.08708,3.864
0.087084,3.864
0.087088,3.8479
0.087092,3.8318
0.087096,3.8318
0.0871,3.8318
0.087104,3.8157
0.087108,3.8318
0.087112,3.8318
0.087116,3.8157
0.08712,3.8157
0.087124,3.8157
0.087128,3.8157
0.087132,3.8157
0.087136,3.7996
0.08714,3.7996
0.087144,3.8157
0.087148,3.7996
0.087152,3.7835
0.087156,3.7835
0.08716,3.7996
0.087164,3.7835
0.087168,3.7835
0.087172,3.7835
0.087176,3.7835
0.08718,3.7835
0.087184,3.7835
0.087188,3.7674
0.087192,3.7674
0.087196,3.7674
0.0872,3.7674
0.087204,3.7674
0.087208,3.7513
0.087212,3.7513
0.087216,3.7513
0.08722,3.7513
0.087224,3.7352
0.087228,3.7352
0.087232,3.7352
0.087236,3.7352
0.08724,3.7352
0.087244,3.7191
0.087248,3.7191
0.087252,3.7191
0.087256,3.7191
0.08726,3.7191
0.087264,3.7191
0.087268,3.703
0.087272,3.703
0.087276,3.703
0.08728,3.7191
0.087284,3.703
0.087288,3.703
0.087292,3.703
0.087296,3.703
0.0873,3.6869
0.087304,3.703
0.087308,3.6869
0.087312,3.6869
0.087316,3.6869
0.08732,3.6869
0.087324,3.6869
0.087328,3.6708
0.087332,3.6708
0.087336,3.6708
0.08734,3.6708
0.087344,3.6547
0.087348,3.6547
0.087352,3.6547
0.087356,3.6547
0.08736,3.6547
0.087364,3.6547
0.087368,3.6547
0.087372,3.6386
0.087376,3.6547
0.08738,3.6547
0.087384,3.6386
0.087388,3.6386
0.087392,3.6386
0.087396,3.6386
0.0874,3.6225
0.087404,3.6386
0.087408,3.6225
0.087412,3.6225
0.087416,3.6225
0.08742,3.6225
0.087424,3.6225
0.087428,3.6064
0.087432,3.6064
0.087436,3.6064
0.08744,3.5903
0.087444,3.6064
0.087448,3.6064
0.087452,3.5903
0.087456,3.6064
0.08746,3.5903
0.087464,3.5903
0.087468,3.5903
0.087472,3.5903
0.087476,3.5742
0.08748,3.5742
0.087484,3.5903
0.087488,3.5742
0.087492,3.5742
0.087496,3.5742
0.0875,3.5742
0.087504,3.5581
0.087508,3.5742
0.087512,3.5581
0.087516,3.5581
0.08752,3.5581
0.087524,3.5581
0.087528,3.5581
0.087532,3.542
0.087536,3.5581
0.08754,3.542
0.087544,3.542
0.087548,3.542
0.087552,3.542
0.087556,3.542
0.08756,3.542
0.087564,3.5259
0.087568,3.5259
0.087572,3.5259
0.087576,3.5259
0.08758,3.5259
0.087584,3.5259
0.087588,3.5098
0.087592,3.5098
0.087596,3.5098
0.0876,3.4937
0.087604,3.4937
0.087608,3.5098
0.087612,3.4937
0.087616,3.4937
0.08762,3.4937
0.087624,3.4937
0.087628,3.4937
0.087632,3.4937
0.087636,3.4776
0.08764,3.4937
0.087644,3.4776
0.087648,3.4776
0.087652,3.4776
0.087656,3.4776
0.08766,3.4615
0.087664,3.4615
0.087668,3.4776
0.087672,3.4615
0.087676,3.4615
0.08768,3.4615
0.087684,3.4615
0.087688,3.4454
0.087692,3.4615
0.087696,3.4454
0.0877,3.4615
0.087704,3.4615
0.087708,3.4615
0.087712,3.4454
0.087716,3.4454
0.08772,3.4454
0.087724,3.4454
0.087728,3.4293
0.087732,3.4293
0.087736,3.4293
0.08774,3.4293
0.087744,3.4293
0.087748,3.4293
0.087752,3.4293
0.087756,3.4132
0.08776,3.4293
0.087764,3.4132
0.087768,3.4132
0.087772,3.4132
0.087776,3.4132
0.08778,3.4132
0.087784,3.4132
0.087788,3.4132
0.087792,3.3971
0.087796,3.3971
0.0878,3.3971
0.087804,3.3971
0.087808,3.3971
0.087812,3.3971
0.087816,3.3971
0.08782,3.381
0.087824,3.381
0.087828,3.3971
0.087832,3.381
0.087836,3.3971
0.08784,3.3971
0.087844,3.381
0.087848,3.381
0.087852,3.381
0.087856,3.3649
0.08786,3.3649
0.087864,3.381
0.087868,3.381
0.087872,3.381
0.087876,3.3649
0.08788,3.3649
0.087884,3.3649
0.087888,3.3649
0.087892,3.3649
0.087896,3.3487999999999998
0.0879,3.3487999999999998
0.087904,3.3487999999999998
0.087908,3.3487999999999998
0.087912,3.3487999999999998
0.087916,3.3327
0.08792,3.3327
0.087924,3.3487999999999998
0.087928,3.3487999999999998
0.087932,3.3487999999999998
0.087936,3.3327
0.08794,3.3327
0.087944,3.3327
0.087948,3.3327
0.087952,3.3327
0.087956,3.3327
0.08796,3.3327
0.087964,3.3165999999999998
0.087968,3.3165999999999998
0.087972,3.3165999999999998
0.087976,3.3165999999999998
0.08798,3.3165999999999998
0.087984,3.3165999999999998
0.087988,3.3005
0.087992,3.3165999999999998
0.087996,3.3005
0.088,3.3005
0.088004,3.3005
0.088008,3.3005
0.088012,3.3005
0.088016,3.3005
0.08802,3.2843999999999998
0.088024,3.3005
0.088028,3.2843999999999998
0.088032,3.3005
0.088036,3.3005
0.08804,3.2843999999999998
0.088044,3.2843999999999998
0.088048,3.2843999999999998
0.088052,3.2843999999999998
0.088056,3.2683
0.08806,3.2683
0.088064,3.2683
0.088068,3.2843999999999998
0.088072,3.2683
0.088076,3.2843999999999998
0.08808,3.2683
0.088084,3.2683
0.088088,3.2683
0.088092,3.2683
0.088096,3.2683
0.0881,3.2521999999999998
0.088104,3.2683
0.088108,3.2521999999999998
0.088112,3.2521999999999998
0.088116,3.2521999999999998
0.08812,3.2521999999999998
0.088124,3.2361
0.088128,3.2521999999999998
0.088132,3.2521999999999998
0.088136,3.2361
0.08814,3.2361
0.088144,3.2361
0.088148,3.2361
0.088152,3.2361
0.088156,3.2361
0.08816,3.2361
0.088164,3.2361
0.088168,3.2199999999999998
0.088172,3.2199999999999998
0.088176,3.2199999999999998
0.08818,3.2361
0.088184,3.2361
0.088188,3.2199999999999998
0.088192,3.2199999999999998
0.088196,3.2199999999999998
0.0882,3.2039
0.088204,3.2199999999999998
0.088208,3.2199999999999998
0.088212,3.2199999999999998
0.088216,3.2039
0.08822,3.2039
0.088224,3.2039
0.088228,3.2039
0.088232,3.2039
0.088236,3.2039
0.08824,3.2039
0.088244,3.2039
0.088248,3.2039
0.088252,3.2039
0.088256,3.2039
0.08826,3.2039
0.088264,3.1877999999999997
0.088268,3.1877999999999997
0.088272,3.1877999999999997
0.088276,3.1877999999999997
0.08828,3.1877999999999997
0.088284,3.1877999999999997
0.088288,3.1877999999999997
0.088292,3.1717
0.088296,3.1877999999999997
0.0883,3.1717
0.088304,3.1877999999999997
0.088308,3.1877999999999997
0.088312,3.1877999999999997
0.088316,3.1717
0.08832,3.1717
0.088324,3.1877999999999997
0.088328,3.1877999999999997
0.088332,3.1717
0.088336,3.1555999999999997
0.08834,3.1555999999999997
0.088344,3.1717
0.088348,3.1717
0.088352,3.1555999999999997
0.088356,3.1555999999999997
0.08836,3.1555999999999997
0.088364,3.1555999999999997
0.088368,3.1555999999999997
0.088372,3.1555999999999997
0.088376,3.1555999999999997
0.08838,3.1555999999999997
0.088384,3.1555999999999997
0.088388,3.1555999999999997
0.088392,3.1395
0.088396,3.1395
0.0884,3.1395
0.088404,3.1395
0.088408,3.1395
0.088412,3.1395
0.088416,3.1233999999999997
0.08842,3.1395
0.088424,3.1233999999999997
0.088428,3.1233999999999997
0.088432,3.1233999999999997
0.088436,3.1233999999999997
0.08844,3.1395
0.088444,3.1233999999999997
0.088448,3.1233999999999997
0.088452,3.1233999999999997
0.088456,3.1233999999999997
0.08846,3.1073
0.088464,3.1233999999999997
0.088468,3.1233999999999997
0.088472,3.1233999999999997
0.088476,3.1073
0.08848,3.1073
0.088484,3.1073
0.088488,3.0911999999999997
0.088492,3.1073
0.088496,3.1073
0.0885,3.1073
0.088504,3.1073
0.088508,3.0911999999999997
0.088512,3.1073
0.088516,3.1073
0.08852,3.0911999999999997
0.088524,3.0911999999999997
0.088528,3.0911999999999997
0.088532,3.0751
0.088536,3.0751
0.08854,3.0911999999999997
0.088544,3.0911999999999997
0.088548,3.0751
0.088552,3.0911999999999997
0.088556,3.0751
0.08856,3.0911999999999997
0.088564,3.0911999999999997
0.088568,3.0751
0.088572,3.0751
0.088576,3.0751
0.08858,3.0751
0.088584,3.0751
0.088588,3.059
0.088592,3.059
0.088596,3.0751
0.0886,3.0751
0.088604,3.0751
0.088608,3.059
0.088612,3.059
0.088616,3.059
0.08862,3.059
0.088624,3.059
0.088628,3.0429
0.088632,3.059
0.088636,3.0429
0.08864,3.059
0.088644,3.0429
0.088648,3.0429
0.088652,3.0429
0.088656,3.059
0.08866,3.0429
0.088664,3.0429
0.088668,3.0429
0.088672,3.0429
0.088676,3.0429
0.08868,3.0429
0.088684,3.0429
0.088688,3.0268
0.088692,3.0268
0.088696,3.0429
0.0887,3.0429
0.088704,3.0268
0.088708,3.0268
0.088712,3.0429
0.088716,3.0268
0.08872,3.0268
0.088724,3.0268
0.088728,3.0268
0.088732,3.0268
0.088736,3.0268
0.08874,3.0268
0.088744,3.0107
0.088748,3.0268
0.088752,3.0268
0.088756,3.0107
0.08876,3.0107
0.088764,3.0107
0.088768,3.0107
0.088772,3.0107
0.088776,3.0107
0.08878,3.0107
0.088784,3.0107
0.088788,3.0107
0.088792,2.9946
0.088796,2.9946
0.0888,2.9946
0.088804,2.9946
0.088808,2.9946
0.088812,2.9946
0.088816,2.9946
0.08882,2.9946
0.088824,2.9946
0.088828,2.9946
0.088832,2.9946
0.088836,2.9946
0.08884,2.9946
0.088844,2.9785
0.088848,2.9785
0.088852,2.9946
0.088856,2.9785
0.08886,2.9785
0.088864,2.9785
0.088868,2.9624
0.088872,2.9785
0.088876,2.9785
0.08888,2.9624
0.088884,2.9785
0.088888,2.9785
0.088892,2.9624
0.088896,2.9624
0.0889,2.9624
0.088904,2.9624
0.088908,2.9624
0.088912,2.9624
0.088916,2.9624
0.08892,2.9624
0.088924,2.9624
0.088928,2.9463
0.088932,2.9624
0.088936,2.9624
0.08894,2.9463
0.088944,2.9463
0.088948,2.9463
0.088952,2.9463
0.088956,2.9624
0.08896,2.9463
0.088964,2.9302
0.088968,2.9463
0.088972,2.9463
0.088976,2.9463
0.08898,2.9463
0.088984,2.9302
0.088988,2.9302
0.088992,2.9302
0.088996,2.9302
0.089,2.9302
0.089004,2.9302
0.089008,2.9302
0.089012,2.9302
0.089016,2.9302
0.08902,2.9302
0.089024,2.9302
0.089028,2.9141
0.089032,2.9302
0.089036,2.9302
0.08904,2.9302
0.089044,2.9141
0.089048,2.9302
0.089052,2.9141
0.089056,2.9141
0.08906,2.9141
0.089064,2.9141
0.089068,2.898
0.089072,2.898
0.089076,2.9302
0.08908,2.9141
0.089084,2.9141
0.089088,2.898
0.089092,2.898
0.089096,2.9141
0.0891,2.898
0.089104,2.898
0.089108,2.898
0.089112,2.898
0.089116,2.898
0.08912,2.898
0.089124,2.898
0.089128,2.898
0.089132,2.898
0.089136,2.898
0.08914,2.898
0.089144,2.8819
0.089148,2.898
0.089152,2.8819
0.089156,2.8819
0.08916,2.8819
0.089164,2.8819
0.089168,2.8819
0.089172,2.8819
0.089176,2.8819
0.08918,2.8819
0.089184,2.8819
0.089188,2.8819
0.089192,2.898
0.089196,2.8819
0.0892,2.8658
0.089204,2.8658
0.089208,2.8819
0.089212,2.8819
0.089216,2.8658
0.08922,2.8819
0.089224,2.8819
0.089228,2.8658
0.089232,2.8658
0.089236,2.8658
0.08924,2.8658
0.089244,2.8658
0.089248,2.8658
0.089252,2.8658
0.089256,2.8658
0.08926,2.8658
0.089264,2.8658
0.089268,2.8497
0.089272,2.8497
0.089276,2.8497
0.08928,2.8497
0.089284,2.8497
0.089288,2.8497
0.089292,2.8497
0.089296,2.8497
0.0893,2.8497
0.089304,2.8497
0.089308,2.8497
0.089312,2.8497
0.089316,2.8497
0.08932,2.8336
0.089324,2.8497
0.089328,2.8336
0.089332,2.8336
0.089336,2.8336
0.08934,2.8336
0.089344,2.8336
0.089348,2.8336
0.089352,2.8336
0.089356,2.8336
0.08936,2.8336
0.089364,2.8336
0.089368,2.8175
0.089372,2.8336
0.089376,2.8336
0.08938,2.8336
0.089384,2.8336
0.089388,2.8175
0.089392,2.8336
0.089396,2.8336
0.0894,2.8336
0.089404,2.8175
0.089408,2.8175
0.089412,2.8175
0.089416,2.8336
0.08942,2.8175
0.089424,2.8175
0.089428,2.8014
0.089432,2.8014
0.089436,2.8175
0.08944,2.8175
0.089444,2.8175
0.089448,2.8014
0.089452,2.8014
0.089456,2.8014
0.08946,2.8014
0.089464,2.8014
0.089468,2.8014
0.089472,2.8014
0.089476,2.8014
0.08948,2.8014
0.089484,2.8014
0.089488,2.8014
0.089492,2.8014
0.089496,2.8014
0.0895,2.8014
0.089504,2.7853
0.089508,2.7853
0.089512,2.8014
0.089516,2.7853
0.08952,2.7853
0.089524,2.7853
0.089528,2.8014
0.089532,2.7853
0.089536,2.7853
0.08954,2.7853
0.089544,2.7853
0.089548,2.7853
0.089552,2.8014
0.089556,2.7853
0.08956,2.7853
0.089564,2.7692
0.089568,2.7853
0.089572,2.7853
0.089576,2.7853
0.08958,2.7853
0.089584,2.7853
0.089588,2.7853
0.089592,2.7692
0.089596,2.7853
0.0896,2.7692
0.089604,2.7692
0.089608,2.7853
0.089612,2.7692
0.089616,2.7692
0.08962,2.7692
0.089624,2.7692
0.089628,2.7692
0.089632,2.7531
0.089636,2.7531
0.08964,2.7531
0.089644,2.7531
0.089648,2.7531
0.089652,2.7531
0.089656,2.7531
0.08966,2.7531
0.089664,2.7692
0.089668,2.7531
0.089672,2.7531
0.089676,2.7531
0.08968,2.7531
0.089684,2.7531
0.089688,2.7531
0.089692,2.737
0.089696,2.737
0.0897,2.7531
0.089704,2.7531
0.089708,2.737
0.089712,2.737
0.089716,2.737
0.08972,2.7531
0.089724,2.7531
0.089728,2.737
0.089732,2.737
0.089736,2.737
0.08974,2.737
0.089744,2.737
0.089748,2.737
0.089752,2.7209
0.089756,2.737
0.08976,2.737
0.089764,2.737
0.089768,2.7209
0.089772,2.737
0.089776,2.7209
0.08978,2.7209
0.089784,2.7209
0.089788,2.7209
0.089792,2.737
0.089796,2.7209
0.0898,2.7048
0.089804,2.7209
0.089808,2.7209
0.089812,2.7048
0.089816,2.7209
0.08982,2.7209
0.089824,2.7048
0.089828,2.7048
0.089832,2.7209
0.089836,2.7209
0.08984,2.7048
0.089844,2.7048
0.089848,2.7048
0.089852,2.7048
0.089856,2.7048
0.08986,2.7048
0.089864,2.7048
0.089868,2.6887
0.089872,2.7209
0.089876,2.7048
0.08988,2.7048
0.089884,2.6887
0.089888,2.7048
0.089892,2.7048
0.089896,2.6887
0.0899,2.6887
0.089904,2.6887
0.089908,2.7048
0.089912,2.7048
0.089916,2.6887
0.08992,2.6887
0.089924,2.6887
0.089928,2.6887
0.089932,2.6887
0.089936,2.7048
0.08994,2.7048
0.089944,2.6887
0.089948,2.6887
0.089952,2.6887
0.089956,2.6887
0.08996,2.6887
0.089964,2.6887
0.089968,2.6726
0.089972,2.6887
0.089976,2.6887
0.08998,2.6887
0.089984,2.6726
0.089988,2.6726
0.089992,2.6726
0.089996,2.6726
0.09,2.6726
0.090004,2.6887
0.090008,2.6726
0.090012,2.6887
0.090016,2.6726
0.09002,2.6726
0.090024,2.6565
0.090028,2.6726
0.090032,2.6726
0.090036,2.6565
0.09004,2.6565
0.090044,2.6726
0.090048,2.6565
0.090052,2.6726
0.090056,2.6726
0.09006,2.6565
0.090064,2.6565
0.090068,2.6726
0.090072,2.6726
0.090076,2.6565
0.09008,2.6565
0.090084,2.6565
0.090088,2.6565
0.090092,2.6726
0.090096,2.6565
0.0901,2.6404
0.090104,2.6404
0.090108,2.6565
0.090112,2.6565
0.090116,2.6404
0.09012,2.6404
0.090124,2.6404
0.090128,2.6404
0.090132,2.6404
0.090136,2.6404
0.09014,2.6404
0.090144,2.6404
0.090148,2.6404
0.090152,2.6404
0.090156,2.6243
0.09016,2.6243
0.090164,2.6404
0.090168,2.6404
0.090172,2.6404
0.090176,2.6404
0.09018,2.6243
0.090184,2.6243
0.090188,2.6404
0.090192,2.6404
0.090196,2.6404
0.0902,2.6404
0.090204,2.6243
0.090208,2.6404
0.090212,2.6404
0.090216,2.6243
0.09022,2.6243
0.090224,2.6404
0.090228,2.6243
0.090232,2.6243
0.090236,2.6243
0.09024,2.6243
0.090244,2.6243
0.090248,2.6243
0.090252,2.6243
0.090256,2.6243
0.09026,2.6243
0.090264,2.6243
0.090268,2.6082
0.090272,2.6243
0.090276,2.6082
0.09028,2.6243
0.090284,2.6243
0.090288,2.6082
0.090292,2.6082
0.090296,2.6082
0.0903,2.6082
0.090304,2.6082
0.090308,2.6082
0.090312,2.6082
0.090316,2.6243
0.09032,2.6082
0.090324,2.6082
0.090328,2.6082
0.090332,2.6082
0.090336,2.6082
0.09034,2.6082
0.090344,2.6082
0.090348,2.6082
0.090352,2.6082
0.090356,2.6082
0.09036,2.6082
0.090364,2.6082
0.090368,2.6082
0.090372,2.5921
0.090376,2.5921
0.09038,2.5921
0.090384,2.6082
0.090388,2.5921
0.090392,2.5921
0.090396,2.5921
0.0904,2.5921
0.090404,2.5921
0.090408,2.6082
0.090412,2.5921
0.090416,2.5921
0.09042,2.5921
0.090424,2.5921
0.090428,2.5921
0.090432,2.5921
0.090436,2.5921
0.09044,2.576
0.090444,2.576
0.090448,2.576
0.090452,2.576
0.090456,2.576
0.09046,2.576
0.090464,2.576
0.090468,2.576
0.090472,2.576
0.090476,2.576
0.09048,2.576
0.090484,2.576
0.090488,2.576
0.090492,2.5599
0.090496,2.576
0.0905,2.576
0.090504,2.576
0.090508,2.5599
0.090512,2.5599
0.090516,2.5599
0.09052,2.5599
0.090524,2.5599
0.090528,2.576
0.090532,2.5599
0.090536,2.5599
0.09054,2.5599
0.090544,2.5599
0.090548,2.576
0.090552,2.5599
0.090556,2.5599
0.09056,2.5599
0.090564,2.5438
0.090568,2.5599
0.090572,2.5599
0.090576,2.5599
0.09058,2.5599
0.090584,2.5599
0.090588,2.5438
0.090592,2.5438
0.090596,2.5599
0.0906,2.5599
0.090604,2.5438
0.090608,2.5438
0.090612,2.5438
0.090616,2.5599
0.09062,2.5438
0.090624,2.5438
0.090628,2.5438
0.090632,2.5438
0.090636,2.5438
0.09064,2.5438
0.090644,2.5438
0.090648,2.5438
0.090652,2.5438
0.090656,2.5438
0.09066,2.5277
0.090664,2.5438
0.090668,2.5438
0.090672,2.5438
0.090676,2.5438
0.09068,2.5438
0.090684,2.5277
0.090688,2.5277
0.090692,2.5277
0.090696,2.5277
0.0907,2.5438
0.090704,2.5438
0.090708,2.5438
0.090712,2.5438
0.090716,2.5277
0.09072,2.5277
0.090724,2.5277
0.090728,2.5277
0.090732,2.5277
0.090736,2.5277
0.09074,2.5277
0.090744,2.5277
0.090748,2.5277
0.090752,2.5277
0.090756,2.5277
0.09076,2.5116
0.090764,2.5277
0.090768,2.5116
0.090772,2.5116
0.090776,2.5116
0.09078,2.5277
0.090784,2.5116
0.090788,2.5116
0.090792,2.5116
0.090796,2.5116
0.0908,2.5116
0.090804,2.5116
0.090808,2.5116
0.090812,2.4955
0.090816,2.4955
0.09082,2.5116
0.090824,2.4955
0.090828,2.4955
0.090832,2.5116
0.090836,2.5116
0.09084,2.4955
0.090844,2.4955
0.090848,2.4955
0.090852,2.4955
0.090856,2.4955
0.09086,2.4955
0.090864,2.4955
0.090868,2.5116
0.090872,2.5116
0.090876,2.4955
0.09088,2.4955
0.090884,2.4955
0.090888,2.4955
0.090892,2.4955
0.090896,2.4955
0.0909,2.4955
0.090904,2.4955
0.090908,2.4794
0.090912,2.4794
0.090916,2.4955
0.09092,2.4794
0.090924,2.4794
0.090928,2.4794
0.090932,2.4794
0.090936,2.4955
0.09094,2.4794
0.090944,2.4794
0.090948,2.4633
0.090952,2.4794
0.090956,2.4794
0.09096,2.4633
0.090964,2.4794
0.090968,2.4633
0.090972,2.4794
0.090976,2.4633
0.09098,2.4794
0.090984,2.4633
0.090988,2.4633
0.090992,2.4633
0.090996,2.4794
0.091,2.4633
0.091004,2.4633
0.091008,2.4633
0.091012,2.4633
0.091016,2.4633
0.09102,2.4633
0.091024,2.4633
0.091028,2.4633
0.091032,2.4633
0.091036,2.4633
0.09104,2.4633
0.091044,2.4633
0.091048,2.4633
0.091052,2.4633
0.091056,2.4633
0.09106,2.4633
0.091064,2.4633
0.091068,2.4633
0.091072,2.4633
0.091076,2.4633
0.09108,2.4472
0.091084,2.4472
0.091088,2.4472
0.091092,2.4472
0.091096,2.4472
0.0911,2.4472
0.091104,2.4633
0.091108,2.4472
0.091112,2.4472
0.091116,2.4472
0.09112,2.4472
0.091124,2.4472
0.091128,2.4472
0.091132,2.4472
0.091136,2.4472
0.09114,2.4472
0.091144,2.4311
0.091148,2.4311
0.091152,2.4472
0.091156,2.4472
0.09116,2.4472
0.091164,2.4311
0.091168,2.4311
0.091172,2.4311
0.091176,2.4311
0.09118,2.4311
0.091184,2.4311
0.091188,2.4311
0.091192,2.4311
0.091196,2.4311
0.0912,2.4472
0.091204,2.4311
0.091208,2.4311
0.091212,2.4311
0.091216,2.4311
0.09122,2.4311
0.091224,2.4311
0.091228,2.415
0.091232,2.4311
0.091236,2.4311
0.09124,2.4311
0.091244,2.4311
0.091248,2.4311
0.091252,2.4311
0.091256,2.415
0.09126,2.415
0.091264,2.4311
0.091268,2.4311
0.091272,2.4311
0.091276,2.415
0.09128,2.415
0.091284,2.415
0.091288,2.415
0.091292,2.3989
0.091296,2.415
0.0913,2.415
0.091304,2.415
0.091308,2.415
0.091312,2.415
0.091316,2.3989
0.09132,2.415
0.091324,2.415
0.091328,2.415
0.091332,2.3989
0.091336,2.3989
0.09134,2.415
0.091344,2.3989
0.091348,2.3989
0.091352,2.3989
0.091356,2.415
0.09136,2.3989
0.091364,2.415
0.091368,2.415
0.091372,2.3989
0.091376,2.415
0.09138,2.415
0.091384,2.3989
0.091388,2.415
0.091392,2.3989
0.091396,2.3989
0.0914,2.3989
0.091404,2.3989
0.091408,2.3989
0.091412,2.3989
0.091416,2.3828
0.09142,2.3989
0.091424,2.3989
0.091428,2.3989
0.091432,2.3989
0.091436,2.3989
0.09144,2.3989
0.091444,2.3989
0.091448,2.3989
0.091452,2.3989
0.091456,2.3828
0.09146,2.3828
0.091464,2.3989
0.091468,2.3989
0.091472,2.3989
0.091476,2.3667
0.09148,2.3828
0.091484,2.3828
0.091488,2.3989
0.091492,2.3828
0.091496,2.3828
0.0915,2.3828
0.091504,2.3828
0.091508,2.3828
0.091512,2.3828
0.091516,2.3828
0.09152,2.3667
0.091524,2.3828
0.091528,2.3828
0.091532,2.3828
0.091536,2.3828
0.09154,2.3667
0.091544,2.3828
0.091548,2.3828
0.091552,2.3667
0.091556,2.3828
0.09156,2.3828
0.091564,2.3828
0.091568,2.3667
0.091572,2.3667
0.091576,2.3667
0.09158,2.3667
0.091584,2.3828
0.091588,2.3667
0.091592,2.3667
0.091596,2.3667
0.0916,2.3667
0.091604,2.3667
0.091608,2.3667
0.091612,2.3667
0.091616,2.3667
0.09162,2.3506
0.091624,2.3667
0.091628,2.3667
0.091632,2.3667
0.091636,2.3506
0.09164,2.3506
0.091644,2.3506
0.091648,2.3667
0.091652,2.3506
0.091656,2.3506
0.09166,2.3506
0.091664,2.3506
0.091668,2.3506
0.091672,2.3506
0.091676,2.3345
0.09168,2.3345
0.091684,2.3506
0.091688,2.3506
0.091692,2.3506
0.091696,2.3506
0.0917,2.3345
0.091704,2.3506
0.091708,2.3506
0.091712,2.3506
0.091716,2.3506
0.09172,2.3506
0.091724,2.3506
0.091728,2.3345
0.091732,2.3345
0.091736,2.3345
0.09174,2.3345
0.091744,2.3506
0.091748,2.3345
0.091752,2.3506
0.091756,2.3345
0.09176,2.3345
0.091764,2.3345
0.091768,2.3506
0.091772,2.3345
0.091776,2.3345
0.09178,2.3506
0.091784,2.3345
0.091788,2.3345
0.091792,2.3345
0.091796,2.3345
0.0918,2.3345
0.091804,2.3184
0.091808,2.3345
0.091812,2.3345
0.091816,2.3184
0.09182,2.3345
0.091824,2.3345
0.091828,2.3345
0.091832,2.3345
0.091836,2.3345
0.09184,2.3184
0.091844,2.3184
0.091848,2.3345
0.091852,2.3184
0.091856,2.3184
0.09186,2.3184
0.091864,2.3184
0.091868,2.3184
0.091872,2.3184
0.091876,2.3184
0.09188,2.3184
0.091884,2.3184
0.091888,2.3184
0.091892,2.3184
0.091896,2.3023
0.0919,2.3023
0.091904,2.3184
0.091908,2.3184
0.091912,2.3184
0.091916,2.3023
0.09192,2.3184
0.091924,2.3184
0.091928,2.3023
0.091932,2.3023
0.091936,2.3023
0.09194,2.3184
0.091944,2.3184
0.091948,2.3023
0.091952,2.3023
0.091956,2.3023
0.09196,2.3023
0.091964,2.3023
0.091968,2.2862
0.091972,2.3023
0.091976,2.2862
0.09198,2.3023
0.091984,2.3023
0.091988,2.2862
0.091992,2.2862
0.091996,2.3023
0.092,2.2862
0.092004,2.2862
0.092008,2.2862
0.092012,2.2862
0.092016,2.2862
0.09202,2.2862
0.092024,2.2862
0.092028,2.2862
0.092032,2.2862
0.092036,2.2862
0.09204,2.2862
0.092044,2.2862
0.092048,2.2862
0.092052,2.2862
0.092056,2.2862
0.09206,2.2862
0.092064,2.2862
0.092068,2.2862
0.092072,2.2862
0.092076,2.2862
0.09208,2.2862
0.092084,2.2862
0.092088,2.2701
0.092092,2.2862
0.092096,2.2862
0.0921,2.2862
0.092104,2.2862
0.092108,2.2701
0.092112,2.2862
0.092116,2.2701
0.09212,2.2701
0.092124,2.2701
0.092128,2.2701
0.092132,2.2701
0.092136,2.2701
0.09214,2.2701
0.092144,2.2701
0.092148,2.2701
0.092152,2.2701
0.092156,2.2701
0.09216,2.2701
0.092164,2.254
0.092168,2.2701
0.092172,2.2701
0.092176,2.254
0.09218,2.2701
0.092184,2.254
0.092188,2.2701
0.092192,2.2701
0.092196,2.2701
0.0922,2.2701
0.092204,2.254
0.092208,2.254
0.092212,2.254
0.092216,2.2701
0.09222,2.254
0.092224,2.2701
0.092228,2.2701
0.092232,2.254
0.092236,2.254
0.09224,2.254
0.092244,2.2701
0.092248,2.2701
0.092252,2.254
0.092256,2.254
0.09226,2.254
0.092264,2.254
0.092268,2.254
0.092272,2.2379
0.092276,2.254
0.09228,2.254
0.092284,2.254
0.092288,2.254
0.092292,2.2379
0.092296,2.2379
0.0923,2.254
0.092304,2.254
0.092308,2.2379
0.092312,2.2379
0.092316,2.2379
0.09232,2.2379
0.092324,2.2379
0.092328,2.2379
0.092332,2.2218
0.092336,2.2379
0.09234,2.2218
0.092344,2.2379
0.092348,2.2379
0.092352,2.2379
0.092356,2.2379
0.09236,2.2379
0.092364,2.2218
0.092368,2.2379
0.092372,2.2379
0.092376,2.2379
0.09238,2.2218
0.092384,2.2379
0.092388,2.2379
0.092392,2.2218
0.092396,2.2379
0.0924,2.2379
0.092404,2.2218
0.092408,2.2218
0.092412,2.2218
0.092416,2.2379
0.09242,2.2379
0.092424,2.2379
0.092428,2.2218
0.092432,2.2218
0.092436,2.2218
0.09244,2.2218
0.092444,2.2218
0.092448,2.2218
0.092452,2.2218
0.092456,2.2218
0.09246,2.2218
0.092464,2.2218
0.092468,2.2218
0.092472,2.2218
0.092476,2.2218
0.09248,2.2218
0.092484,2.2218
0.092488,2.2056999999999998
0.092492,2.2056999999999998
0.092496,2.2218
0.0925,2.2056999999999998
0.092504,2.2218
0.092508,2.2056999999999998
0.092512,2.2056999999999998
0.092516,2.2056999999999998
0.09252,2.2056999999999998
0.092524,2.2056999999999998
0.092528,2.2056999999999998
0.092532,2.2056999999999998
0.092536,2.2056999999999998
0.09254,2.2218
0.092544,2.2056999999999998
0.092548,2.2218
0.092552,2.2218
0.092556,2.2056999999999998
0.09256,2.2218
0.092564,2.2056999999999998
0.092568,2.2056999999999998
0.092572,2.2056999999999998
0.092576,2.2056999999999998
0.09258,2.2056999999999998
0.092584,2.2056999999999998
0.092588,2.2056999999999998
0.092592,2.2056999999999998
0.092596,2.2056999999999998
0.0926,2.1896
0.092604,2.2056999999999998
0.092608,2.2056999999999998
0.092612,2.1896
0.092616,2.1896
0.09262,2.1896
0.092624,2.1896
0.092628,2.1896
0.092632,2.2056999999999998
0.092636,2.1896
0.09264,2.1896
0.092644,2.1896
0.092648,2.1896
0.092652,2.1896
0.092656,2.1896
0.09266,2.1896
0.092664,2.1896
0.092668,2.1896
0.092672,2.1896
0.092676,2.1896
0.09268,2.1734999999999998
0.092684,2.1734999999999998
0.092688,2.1734999999999998
0.092692,2.1896
0.092696,2.1896
0.0927,2.1734999999999998
0.092704,2.1896
0.092708,2.1896
0.092712,2.1734999999999998
0.092716,2.1734999999999998
0.09272,2.1734999999999998
0.092724,2.1734999999999998
0.092728,2.1896
0.092732,2.1734999999999998
0.092736,2.1734999999999998
0.09274,2.1734999999999998
0.092744,2.1734999999999998
0.092748,2.1734999999999998
0.092752,2.1734999999999998
0.092756,2.1734999999999998
0.09276,2.1574
0.092764,2.1734999999999998
0.092768,2.1734999999999998
0.092772,2.1734999999999998
0.092776,2.1734999999999998
0.09278,2.1734999999999998
0.092784,2.1734999999999998
0.092788,2.1574
0.092792,2.1574
0.092796,2.1734999999999998
0.0928,2.1734999999999998
0.092804,2.1734999999999998
0.092808,2.1574
0.092812,2.1574
0.092816,2.1574
0.09282,2.1574
0.092824,2.1574
0.092828,2.1734999999999998
0.092832,2.1574
0.092836,2.1574
0.09284,2.1574
0.092844,2.1574
0.092848,2.1734999999999998
0.092852,2.1574
0.092856,2.1574
0.09286,2.1574
0.092864,2.1574
0.092868,2.1574
0.092872,2.1574
0.092876,2.1574
0.09288,2.1574
0.092884,2.1574
0.092888,2.1574
0.092892,2.1574
0.092896,2.1574
0.0929,2.1574
0.092904,2.1574
0.092908,2.1412999999999998
0.092912,2.1574
0.092916,2.1574
0.09292,2.1412999999999998
0.092924,2.1574
0.092928,2.1412999999999998
0.092932,2.1412999999999998
0.092936,2.1574
0.09294,2.1574
0.092944,2.1412999999999998
0.092948,2.1412999999999998
0.092952,2.1412999999999998
0.092956,2.1412999999999998
0.09296,2.1412999999999998
0.092964,2.1412999999999998
0.092968,2.1412999999999998
0.092972,2.1412999999999998
0.092976,2.1412999999999998
0.09298,2.1574
0.092984,2.1412999999999998
0.092988,2.1412999999999998
0.092992,2.1252
0.092996,2.1412999999999998
0.093,2.1412999999999998
0.093004,2.1252
0.093008,2.1252
0.093012,2.1412999999999998
0.093016,2.1252
0.09302,2.1252
0.093024,2.1252
0.093028,2.1252
0.093032,2.1252
0.093036,2.1252
0.09304,2.1412999999999998
0.093044,2.1252
0.093048,2.1252
0.093052,2.1252
0.093056,2.1252
0.09306,2.1252
0.093064,2.1252
0.093068,2.1252
0.093072,2.1252
0.093076,2.1252
0.09308,2.1252
0.093084,2.1252
0.093088,2.1252
0.093092,2.1252
0.093096,2.1252
0.0931,2.1252
0.093104,2.1090999999999998
0.093108,2.1252
0.093112,2.1090999999999998
0.093116,2.1252
0.09312,2.1252
0.093124,2.1252
0.093128,2.1090999999999998
0.093132,2.1090999999999998
0.093136,2.1090999999999998
0.09314,2.1252
0.093144,2.1252
0.093148,2.1252
0.093152,2.1090999999999998
0.093156,2.1252
0.09316,2.1090999999999998
0.093164,2.1090999999999998
0.093168,2.1252
0.093172,2.1090999999999998
0.093176,2.1090999999999998
0.09318,2.1090999999999998
0.093184,2.1090999999999998
0.093188,2.1090999999999998
0.093192,2.1090999999999998
0.093196,2.1090999999999998
0.0932,2.1090999999999998
0.093204,2.1090999999999998
0.093208,2.1090999999999998
0.093212,2.093
0.093216,2.1090999999999998
0.09322,2.1090999999999998
0.093224,2.1090999999999998
0.093228,2.1090999999999998
0.093232,2.1090999999999998
0.093236,2.1090999999999998
0.09324,2.1090999999999998
0.093244,2.1090999999999998
0.093248,2.1090999999999998
0.093252,2.1090999999999998
0.093256,2.1090999999999998
0.09326,2.1090999999999998
0.093264,2.093
0.093268,2.093
0.093272,2.1090999999999998
0.093276,2.093
0.09328,2.093
0.093284,2.1090999999999998
0.093288,2.093
0.093292,2.093
0.093296,2.1090999999999998
0.0933,2.093
0.093304,2.093
0.093308,2.093
0.093312,2.093
0.093316,2.093
0.09332,2.093
0.093324,2.093
0.093328,2.093
0.093332,2.093
0.093336,2.093
0.09334,2.093
0.093344,2.093
0.093348,2.093
0.093352,2.0768999999999997
0.093356,2.093
0.09336,2.093
0.093364,2.093
0.093368,2.093
0.093372,2.093
0.093376,2.0768999999999997
0.09338,2.0768999999999997
0.093384,2.0768999999999997
0.093388,2.093
0.093392,2.093
0.093396,2.0768999999999997
0.0934,2.093
0.093404,2.093
0.093408,2.0768999999999997
0.093412,2.0768999999999997
0.093416,2.0768999999999997
0.09342,2.0768999999999997
0.093424,2.093
0.093428,2.093
0.093432,2.0768999999999997
0.093436,2.0768999999999997
0.09344,2.0768999999999997
0.093444,2.0768999999999997
0.093448,2.093
0.093452,2.0768999999999997
0.093456,2.0768999999999997
0.09346,2.0768999999999997
0.093464,2.0768999999999997
0.093468,2.0768999999999997
0.093472,2.0768999999999997
0.093476,2.0608
0.09348,2.0608
0.093484,2.0768999999999997
0.093488,2.0768999999999997
0.093492,2.0768999999999997
0.093496,2.0768999999999997
0.0935,2.0608
0.093504,2.0608
0.093508,2.0608
0.093512,2.0608
0.093516,2.0608
0.09352,2.0768999999999997
0.093524,2.0608
0.093528,2.0608
0.093532,2.0608
0.093536,2.0608
0.09354,2.0608
0.093544,2.0608
0.093548,2.0608
0.093552,2.0608
0.093556,2.0608
0.09356,2.0608
0.093564,2.0608
0.093568,2.0447
0.093572,2.0608
0.093576,2.0447
0.09358,2.0608
0.093584,2.0608
0.093588,2.0608
0.093592,2.0608
0.093596,2.0608
0.0936,2.0447
0.093604,2.0447
0.093608,2.0608
0.093612,2.0447
0.093616,2.0608
0.09362,2.0608
0.093624,2.0447
0.093628,2.0608
0.093632,2.0447
0.093636,2.0447
0.09364,2.0447
0.093644,2.0447
0.093648,2.0447
0.093652,2.0447
0.093656,2.0286
0.09366,2.0447
0.093664,2.0447
0.093668,2.0447
0.093672,2.0286
0.093676,2.0447
0.09368,2.0286
0.093684,2.0286
0.093688,2.0286
0.093692,2.0447
0.093696,2.0286
0.0937,2.0286
0.093704,2.0286
0.093708,2.0286
0.093712,2.0286
0.093716,2.0286
0.09372,2.0286
0.093724,2.0286
0.093728,2.0286
0.093732,2.0286
0.093736,2.0286
0.09374,2.0286
0.093744,2.0286
0.093748,2.0447
0.093752,2.0447
0.093756,2.0286
0.09376,2.0286
0.093764,2.0125
0.093768,2.0286
0.093772,2.0286
0.093776,2.0286
0.09378,2.0125
0.093784,2.0286
0.093788,2.0286
0.093792,2.0286
0.093796,2.0286
0.0938,2.0125
0.093804,2.0286
0.093808,2.0286
0.093812,2.0286
0.093816,2.0125
0.09382,2.0125
0.093824,2.0125
0.093828,2.0125
0.093832,2.0286
0.093836,2.0125
0.09384,2.0125
0.093844,2.0286
0.093848,2.0286
0.093852,2.0125
0.093856,2.0125
0.09386,2.0125
0.093864,2.0286
0.093868,2.0125
0.093872,2.0125
0.093876,2.0125
0.09388,2.0125
0.093884,2.0125
0.093888,2.0125
0.093892,2.0125
0.093896,2.0125
0.0939,2.0286
0.093904,2.0125
0.093908,2.0125
0.093912,1.9964
0.093916,1.9964
0.09392,2.0125
0.093924,1.9964
0.093928,1.9964
0.093932,2.0125
0.093936,1.9964
0.09394,1.9964
0.093944,2.0125
0.093948,1.9964
0.093952,1.9964
0.093956,1.9964
0.09396,1.9964
0.093964,1.9964
0.093968,1.9964
0.093972,1.9964
0.093976,1.9803
0.09398,1.9964
0.093984,1.9964
0.093988,1.9964
0.093992,1.9964
0.093996,1.9803
0.094,1.9964
0.094004,1.9964
0.094008,1.9803
0.094012,1.9964
0.094016,1.9803
0.09402,1.9964
0.094024,1.9803
0.094028,1.9964
0.094032,1.9803
0.094036,1.9964
0.09404,1.9964
0.094044,1.9964
0.094048,1.9964
0.094052,1.9964
0.094056,1.9803
0.09406,1.9964
0.094064,1.9964
0.094068,1.9964
0.094072,1.9964
0.094076,1.9803
0.09408,1.9803
0.094084,1.9803
0.094088,1.9964
0.094092,1.9964
0.094096,1.9803
0.0941,1.9803
0.094104,1.9803
0.094108,1.9803
0.094112,1.9803
0.094116,1.9803
0.09412,1.9803
0.094124,1.9803
0.094128,1.9964
0.094132,1.9803
0.094136,1.9803
0.09414,1.9803
0.094144,1.9803
0.094148,1.9803
0.094152,1.9803
0.094156,1.9803
0.09416,1.9803
0.094164,1.9803
0.094168,1.9642
0.094172,1.9803
0.094176,1.9642
0.09418,1.9803
0.094184,1.9803
0.094188,1.9642
0.094192,1.9642
0.094196,1.9642
0.0942,1.9642
0.094204,1.9642
0.094208,1.9642
0.094212,1.9642
0.094216,1.9642
0.09422,1.9642
0.094224,1.9642
0.094228,1.9642
0.094232,1.9642
0.094236,1.9642
0.09424,1.9642
0.094244,1.9642
0.094248,1.9642
0.094252,1.9642
0.094256,1.9642
0.09426,1.9642
0.094264,1.9642
0.094268,1.9642
0.094272,1.9481
0.094276,1.9642
0.09428,1.9642
0.094284,1.9642
0.094288,1.9481
0.094292,1.9642
0.094296,1.9481
0.0943,1.9481
0.094304,1.9481
0.094308,1.9481
0.094312,1.9642
0.094316,1.9481
0.09432,1.9481
0.094324,1.9481
0.094328,1.9481
0.094332,1.9481
0.094336,1.9481
0.09434,1.9481
0.094344,1.9481
0.094348,1.9481
0.094352,1.9481
0.094356,1.9481
0.09436,1.9481
0.094364,1.932
0.094368,1.9481
0.094372,1.9481
0.094376,1.9481
0.09438,1.9481
0.094384,1.9481
0.094388,1.9481
0.094392,1.9481
0.094396,1.932
0.0944,1.9481
0.094404,1.932
0.094408,1.9481
0.094412,1.9481
0.094416,1.9481
0.09442,1.932
0.094424,1.932
0.094428,1.9481
0.094432,1.932
0.094436,1.932
0.09444,1.932
0.094444,1.932
0.094448,1.9481
0.094452,1.932
0.094456,1.932
0.09446,1.932
0.094464,1.932
0.094468,1.932
0.094472,1.932
0.094476,1.932
0.09448,1.9159
0.094484,1.932
0.094488,1.9159
0.094492,1.932
0.094496,1.932
0.0945,1.932
0.094504,1.932
0.094508,1.932
0.094512,1.9159
0.094516,1.9159
0.09452,1.9159
0.094524,1.932
0.094528,1.9159
0.094532,1.9159
0.094536,1.932
0.09454,1.9159
0.094544,1.932
0.094548,1.932
0.094552,1.9159
0.094556,1.932
0.09456,1.9159
0.094564,1.932
0.094568,1.9159
0.094572,1.9159
0.094576,1.9159
0.09458,1.9159
0.094584,1.9159
0.094588,1.9159
0.094592,1.9159
0.094596,1.9159
0.0946,1.9159
0.094604,1.9159
0.094608,1.9159
0.094612,1.9159
0.094616,1.8998
0.09462,1.9159
0.094624,1.9159
0.094628,1.9159
0.094632,1.9159
0.094636,1.8998
0.09464,1.8998
0.094644,1.9159
0.094648,1.9159
0.094652,1.9159
0.094656,1.9159
0.09466,1.8998
0.094664,1.8998
0.094668,1.8998
0.094672,1.9159
0.094676,1.8998
0.09468,1.8998
0.094684,1.8998
0.094688,1.8998
0.094692,1.8998
0.094696,1.8998
0.0947,1.8998
0.094704,1.8998
0.094708,1.8998
0.094712,1.9159
0.094716,1.8998
0.09472,1.8998
0.094724,1.8998
0.094728,1.9159
0.094732,1.8998
0.094736,1.8998
0.09474,1.8998
0.094744,1.8998
0.094748,1.8998
0.094752,1.8998
0.094756,1.8998
0.09476,1.8998
0.094764,1.8837
0.094768,1.8998
0.094772,1.8998
0.094776,1.8998
0.09478,1.8998
0.094784,1.8998
0.094788,1.8837
0.094792,1.8998
0.094796,1.8998
0.0948,1.8998
0.094804,1.8998
0.094808,1.8837
0.094812,1.8837
0.094816,1.8998
0.09482,1.8837
0.094824,1.8837
0.094828,1.8998
0.094832,1.8837
0.094836,1.8837
0.09484,1.8998
0.094844,1.8837
0.094848,1.8837
0.094852,1.8837
0.094856,1.8837
0.09486,1.8837
0.094864,1.8837
0.094868,1.8837
0.094872,1.8837
0.094876,1.8837
0.09488,1.8837
0.094884,1.8837
0.094888,1.8837
0.094892,1.8837
0.094896,1.8837
0.0949,1.8837
0.094904,1.8837
0.094908,1.8837
0.094912,1.8837
0.094916,1.8676
0.09492,1.8676
0.094924,1.8837
0.094928,1.8676
0.094932,1.8837
0.094936,1.8837
0.09494,1.8676
0.094944,1.8837
0.094948,1.8676
0.094952,1.8676
0.094956,1.8676
0.09496,1.8676
0.094964,1.8676
0.094968,1.8676
0.094972,1.8676
0.094976,1.8837
0.09498,1.8676
0.094984,1.8837
0.094988,1.8837
0.094992,1.8676
0.094996,1.8676
0.095,1.8837
0.095004,1.8676
0.095008,1.8676
0.095012,1.8515
0.095016,1.8676
0.09502,1.8515
0.095024,1.8676
0.095028,1.8837
0.095032,1.8676
0.095036,1.8676
0.09504,1.8676
0.095044,1.8515
0.095048,1.8676
0.095052,1.8676
0.095056,1.8676
0.09506,1.8676
0.095064,1.8676
0.095068,1.8676
0.095072,1.8676
0.095076,1.8515
0.09508,1.8676
0.095084,1.8676
0.095088,1.8676
0.095092,1.8676
0.095096,1.8515
0.0951,1.8676
0.095104,1.8515
0.095108,1.8676
0.095112,1.8515
0.095116,1.8515
0.09512,1.8515
0.095124,1.8515
0.095128,1.8515
0.095132,1.8515
0.095136,1.8676
0.09514,1.8515
0.095144,1.8515
0.095148,1.8515
0.095152,1.8515
0.095156,1.8515
0.09516,1.8515
0.095164,1.8676
0.095168,1.8515
0.095172,1.8515
0.095176,1.8515
0.09518,1.8515
0.095184,1.8676
0.095188,1.8354
0.095192,1.8354
0.095196,1.8354
0.0952,1.8515
0.095204,1.8515
0.095208,1.8515
0.095212,1.8515
0.095216,1.8515
0.09522,1.8354
0.095224,1.8515
0.095228,1.8515
0.095232,1.8515
0.095236,1.8515
0.09524,1.8515
0.095244,1.8515
0.095248,1.8515
0.095252,1.8515
0.095256,1.8515
0.09526,1.8354
0.095264,1.8515
0.095268,1.8354
0.095272,1.8354
0.095276,1.8515
0.09528,1.8354
0.095284,1.8354
0.095288,1.8515
0.095292,1.8354
0.095296,1.8354
0.0953,1.8354
0.095304,1.8354
0.095308,1.8354
0.095312,1.8354
0.095316,1.8354
0.09532,1.8354
0.095324,1.8515
0.095328,1.8354
0.095332,1.8354
0.095336,1.8354
0.09534,1.8354
0.095344,1.8354
0.095348,1.8354
0.095352,1.8193
0.095356,1.8193
0.09536,1.8193
0.095364,1.8193
0.095368,1.8193
0.095372,1.8354
0.095376,1.8193
0.09538,1.8193
0.095384,1.8354
0.095388,1.8193
0.095392,1.8354
0.095396,1.8354
0.0954,1.8354
0.095404,1.8193
0.095408,1.8193
0.095412,1.8354
0.095416,1.8193
0.09542,1.8193
0.095424,1.8193
0.095428,1.8193
0.095432,1.8354
0.095436,1.8193
0.09544,1.8193
0.095444,1.8193
0.095448,1.8193
0.095452,1.8193
0.095456,1.8193
0.09546,1.8193
0.095464,1.8193
0.095468,1.8193
0.095472,1.8032
0.095476,1.8193
0.09548,1.8193
0.095484,1.8193
0.095488,1.8193
0.095492,1.8193
0.095496,1.8032
0.0955,1.8032
0.095504,1.8193
0.095508,1.8193
0.095512,1.8193
0.095516,1.8032
0.09552,1.8032
0.095524,1.8032
0.095528,1.8032
0.095532,1.8032
0.095536,1.8032
0.09554,1.8032
0.095544,1.8032
0.095548,1.8032
0.095552,1.8032
0.095556,1.8032
0.09556,1.8032
0.095564,1.8032
0.095568,1.8032
0.095572,1.8032
0.095576,1.8032
0.09558,1.8193
0.095584,1.8032
0.095588,1.8032
0.095592,1.7871
0.095596,1.8032
0.0956,1.8032
0.095604,1.7871
0.095608,1.7871
0.095612,1.8032
0.095616,1.8032
0.09562,1.8032
0.095624,1.7871
0.095628,1.8032
0.095632,1.7871
0.095636,1.7871
0.09564,1.8032
0.095644,1.8032
0.095648,1.7871
0.095652,1.7871
0.095656,1.7871
0.09566,1.7871
0.095664,1.7871
0.095668,1.7871
0.095672,1.8032
0.095676,1.7871
0.09568,1.7871
0.095684,1.7871
0.095688,1.771
0.095692,1.7871
0.095696,1.771
0.0957,1.7871
0.095704,1.7871
0.095708,1.771
0.095712,1.7871
0.095716,1.771
0.09572,1.771
0.095724,1.771
0.095728,1.7871
0.095732,1.771
0.095736,1.7871
0.09574,1.7871
0.095744,1.771
0.095748,1.771
0.095752,1.771
0.095756,1.771
0.09576,1.771
0.095764,1.771
0.095768,1.771
0.095772,1.7549
0.095776,1.771
0.09578,1.771
0.095784,1.771
0.095788,1.771
0.095792,1.771
0.095796,1.7549
0.0958,1.771
0.095804,1.7871
0.095808,1.771
0.095812,1.771
0.095816,1.771
0.09582,1.771
0.095824,1.771
0.095828,1.771
0.095832,1.771
0.095836,1.771
0.09584,1.771
0.095844,1.771
0.095848,1.771
0.095852,1.7549
0.095856,1.771
0.09586,1.7549
0.095864,1.7549
0.095868,1.7549
0.095872,1.7549
0.095876,1.7549
0.09588,1.771
0.095884,1.7549
0.095888,1.7549
0.095892,1.7549
0.095896,1.7549
0.0959,1.771
0.095904,1.7549
0.095908,1.7549
0.095912,1.7549
0.095916,1.771
0.09592,1.7549
0.095924,1.771
0.095928,1.7549
0.095932,1.7549
0.095936,1.7549
0.09594,1.7388
0.095944,1.7549
0.095948,1.7388
0.095952,1.7549
0.095956,1.7549
0.09596,1.7549
0.095964,1.7388
0.095968,1.7549
0.095972,1.7549
0.095976,1.7549
0.09598,1.7388
0.095984,1.7549
0.095988,1.7549
0.095992,1.7549
0.095996,1.7549
0.096,1.7549
0.096004,1.7549
0.096008,1.7388
0.096012,1.7388
0.096016,1.7388
0.09602,1.7388
0.096024,1.7388
0.096028,1.7388
0.096032,1.7388
0.096036,1.7388
0.09604,1.7388
0.096044,1.7388
0.096048,1.7388
0.096052,1.7388
0.096056,1.7388
0.09606,1.7549
0.096064,1.7388
0.096068,1.7388
0.096072,1.7388
0.096076,1.7388
0.09608,1.7388
0.096084,1.7388
0.096088,1.7388
0.096092,1.7388
0.096096,1.7388
0.0961,1.7388
0.096104,1.7388
0.096108,1.7388
0.096112,1.7227
0.096116,1.7388
0.09612,1.7227
0.096124,1.7388
0.096128,1.7227
0.096132,1.7388
0.096136,1.7227
0.09614,1.7388
0.096144,1.7227
0.096148,1.7388
0.096152,1.7227
0.096156,1.7388
0.09616,1.7388
0.096164,1.7227
0.096168,1.7227
0.096172,1.7227
0.096176,1.7227
0.09618,1.7388
0.096184,1.7227
0.096188,1.7227
0.096192,1.7227
0.096196,1.7227
0.0962,1.7227
0.096204,1.7388
0.096208,1.7227
0.096212,1.7227
0.096216,1.7227
0.09622,1.7227
0.096224,1.7227
0.096228,1.7227
0.096232,1.7227
0.096236,1.7227
0.09624,1.7388
0.096244,1.7227
0.096248,1.7227
0.096252,1.7227
0.096256,1.7227
0.09626,1.7227
0.096264,1.7227
0.096268,1.7227
0.096272,1.7227
0.096276,1.7227
0.09628,1.7227
0.096284,1.7227
0.096288,1.7227
0.096292,1.7066
0.096296,1.7227
0.0963,1.7227
0.096304,1.7227
0.096308,1.7227
0.096312,1.7066
0.096316,1.7066
0.09632,1.7227
0.096324,1.7066
0.096328,1.7227
0.096332,1.7066
0.096336,1.7066
0.09634,1.7066
0.096344,1.7066
0.096348,1.7066
0.096352,1.7066
0.096356,1.7066
0.09636,1.7066
0.096364,1.7066
0.096368,1.7066
0.096372,1.7066
0.096376,1.7066
0.09638,1.7066
0.096384,1.7066
0.096388,1.7066
0.096392,1.7066
0.096396,1.6905
0.0964,1.7066
0.096404,1.7066
0.096408,1.7066
0.096412,1.7066
0.096416,1.7066
0.09642,1.7066
0.096424,1.7066
0.096428,1.6905
0.096432,1.7066
0.096436,1.7066
0.09644,1.7066
0.096444,1.7066
0.096448,1.6905
0.096452,1.7066
0.096456,1.6905
0.09646,1.7066
0.096464,1.6905
0.096468,1.6905
0.096472,1.7066
0.096476,1.6905
0.09648,1.6905
0.096484,1.7066
0.096488,1.7066
0.096492,1.6905
0.096496,1.6905
0.0965,1.6905
0.096504,1.6905
0.096508,1.7066
0.096512,1.6905
0.096516,1.6905
0.09652,1.6905
0.096524,1.6905
0.096528,1.6905
0.096532,1.6905
0.096536,1.6905
0.09654,1.6905
0.096544,1.6905
0.096548,1.6905
0.096552,1.6905
0.096556,1.6743999999999999
0.09656,1.6905
0.096564,1.6905
0.096568,1.6905
0.096572,1.6905
0.096576,1.6905
0.09658,1.6905
0.096584,1.6905
0.096588,1.6905
0.096592,1.6905
0.096596,1.6905
0.0966,1.6905
0.096604,1.6905
0.096608,1.6905
0.096612,1.6743999999999999
0.096616,1.6743999999999999
0.09662,1.6905
0.096624,1.6905
0.096628,1.6743999999999999
0.096632,1.6743999999999999
0.096636,1.6905
0.09664,1.6743999999999999
0.096644,1.6743999999999999
0.096648,1.6743999999999999
0.096652,1.6743999999999999
0.096656,1.6743999999999999
0.09666,1.6582999999999999
0.096664,1.6743999999999999
0.096668,1.6743999999999999
0.096672,1.6743999999999999
0.096676,1.6743999999999999
0.09668,1.6743999999999999
0.096684,1.6743999999999999
0.096688,1.6743999999999999
0.096692,1.6743999999999999
0.096696,1.6582999999999999
0.0967,1.6743999999999999
0.096704,1.6582999999999999
0.096708,1.6743999999999999
0.096712,1.6743999999999999
0.096716,1.6743999999999999
0.09672,1.6743999999999999
0.096724,1.6743999999999999
0.096728,1.6743999999999999
0.096732,1.6582999999999999
0.096736,1.6743999999999999
0.09674,1.6743999999999999
0.096744,1.6743999999999999
0.096748,1.6743999999999999
0.096752,1.6743999999999999
0.096756,1.6743999999999999
0.09676,1.6743999999999999
0.096764,1.6582999999999999
0.096768,1.6743999999999999
0.096772,1.6582999999999999
0.096776,1.6582999999999999
0.09678,1.6743999999999999
0.096784,1.6743999999999999
0.096788,1.6582999999999999
0.096792,1.6582999999999999
0.096796,1.6582999999999999
0.0968,1.6582999999999999
0.096804,1.6582999999999999
0.096808,1.6582999999999999
0.096812,1.6582999999999999
0.096816,1.6743999999999999
0.09682,1.6582999999999999
0.096824,1.6582999999999999
0.096828,1.6582999999999999
0.096832,1.6582999999999999
0.096836,1.6582999999999999
0.09684,1.6582999999999999
0.096844,1.6582999999999999
0.096848,1.6582999999999999
0.096852,1.6582999999999999
0.096856,1.6582999999999999
0.09686,1.6421999999999999
0.096864,1.6582999999999999
0.096868,1.6582999999999999
0.096872,1.6421999999999999
0.096876,1.6421999999999999
0.09688,1.6582999999999999
0.096884,1.6582999999999999
0.096888,1.6582999999999999
0.096892,1.6582999999999999
0.096896,1.6582999999999999
0.0969,1.6421999999999999
0.096904,1.6582999999999999
0.096908,1.6582999999999999
0.096912,1.6421999999999999
0.096916,1.6582999999999999
0.09692,1.6582999999999999
0.096924,1.6421999999999999
0.096928,1.6421999999999999
0.096932,1.6421999999999999
0.096936,1.6421999999999999
0.09694,1.6421999999999999
0.096944,1.6421999999999999
0.096948,1.6421999999999999
0.096952,1.6582999999999999
0.096956,1.6421999999999999
0.09696,1.6421999999999999
0.096964,1.6421999999999999
0.096968,1.6421999999999999
0.096972,1.6421999999999999
0.096976,1.6421999999999999
0.09698,1.6260999999999999
0.096984,1.6421999999999999
0.096988,1.6421999999999999
0.096992,1.6421999999999999
0.096996,1.6421999999999999
0.097,1.6260999999999999
0.097004,1.6421999999999999
0.097008,1.6421999999999999
0.097012,1.6260999999999999
0.097016,1.6421999999999999
0.09702,1.6421999999999999
0.097024,1.6260999999999999
0.097028,1.6260999999999999
0.097032,1.6260999999999999
0.097036,1.6260999999999999
0.09704,1.6421999999999999
0.097044,1.6260999999999999
0.097048,1.6260999999999999
0.097052,1.6260999999999999
0.097056,1.6421999999999999
0.09706,1.6421999999999999
0.097064,1.6260999999999999
0.097068,1.6260999999999999
0.097072,1.6260999999999999
0.097076,1.6260999999999999
0.09708,1.6421999999999999
0.097084,1.6260999999999999
0.097088,1.6421999999999999
0.097092,1.6260999999999999
0.097096,1.6260999999999999
0.0971,1.6421999999999999
0.097104,1.6260999999999999
0.097108,1.6260999999999999
0.097112,1.6260999999999999
0.097116,1.6260999999999999
0.09712,1.6260999999999999
0.097124,1.6260999999999999
0.097128,1.6260999999999999
0.097132,1.6260999999999999
0.097136,1.6260999999999999
0.09714,1.6260999999999999
0.097144,1.6260999999999999
0.097148,1.6260999999999999
0.097152,1.6260999999999999
0.097156,1.6099999999999999
0.09716,1.6099999999999999
0.097164,1.6099999999999999
0.097168,1.6099999999999999
0.097172,1.6260999999999999
0.097176,1.6260999999999999
0.09718,1.6099999999999999
0.097184,1.6099999999999999
0.097188,1.6260999999999999
0.097192,1.6099999999999999
0.097196,1.6260999999999999
0.0972,1.6099999999999999
0.097204,1.6099999999999999
0.097208,1.6099999999999999
0.097212,1.6099999999999999
0.097216,1.6099999999999999
0.09722,1.5938999999999999
0.097224,1.6099999999999999
0.097228,1.6099999999999999
0.097232,1.6099999999999999
0.097236,1.6099999999999999
0.09724,1.6260999999999999
0.097244,1.6099999999999999
0.097248,1.6099999999999999
0.097252,1.6099999999999999
0.097256,1.5938999999999999
0.09726,1.5938999999999999
0.097264,1.6099999999999999
0.097268,1.6099999999999999
0.097272,1.6099999999999999
0.097276,1.5938999999999999
0.09728,1.6099999999999999
0.097284,1.6099999999999999
0.097288,1.5938999999999999
0.097292,1.5938999999999999
0.097296,1.5938999999999999
0.0973,1.5938999999999999
0.097304,1.6099999999999999
0.097308,1.5938999999999999
0.097312,1.5938999999999999
0.097316,1.5938999999999999
0.09732,1.5938999999999999
0.097324,1.6099999999999999
0.097328,1.5938999999999999
0.097332,1.5938999999999999
0.097336,1.6099999999999999
0.09734,1.5938999999999999
0.097344,1.5938999999999999
0.097348,1.5938999999999999
0.097352,1.5938999999999999
0.097356,1.6099999999999999
0.09736,1.5938999999999999
0.097364,1.5938999999999999
0.097368,1.5938999999999999
0.097372,1.5938999999999999
0.097376,1.6099999999999999
0.09738,1.5938999999999999
0.097384,1.5777999999999999
0.097388,1.5938999999999999
0.097392,1.5938999999999999
0.097396,1.5938999999999999
0.0974,1.5938999999999999
0.097404,1.5938999999999999
0.097408,1.5938999999999999
0.097412,1.5938999999999999
0.097416,1.5938999999999999
0.09742,1.5938999999999999
0.097424,1.5938999999999999
0.097428,1.5777999999999999
0.097432,1.5938999999999999
0.097436,1.5777999999999999
0.09744,1.5938999999999999
0.097444,1.5777999999999999
0.097448,1.5777999999999999
0.097452,1.5777999999999999
0.097456,1.5777999999999999
0.09746,1.5777999999999999
0.097464,1.5777999999999999
0.097468,1.5777999999999999
0.097472,1.5777999999999999
0.097476,1.5777999999999999
0.09748,1.5777999999999999
0.097484,1.5777999999999999
0.097488,1.5777999999999999
0.097492,1.5777999999999999
0.097496,1.5777999999999999
0.0975,1.5777999999999999
0.097504,1.5777999999999999
0.097508,1.5777999999999999
0.097512,1.5616999999999999
0.097516,1.5777999999999999
0.09752,1.5616999999999999
0.097524,1.5777999999999999
0.097528,1.5777999999999999
0.097532,1.5777999999999999
0.097536,1.5777999999999999
0.09754,1.5777999999999999
0.097544,1.5777999999999999
0.097548,1.5777999999999999
0.097552,1.5777999999999999
0.097556,1.5777999999999999
0.09756,1.5777999999999999
0.097564,1.5777999999999999
0.097568,1.5777999999999999
0.097572,1.5777999999999999
0.097576,1.5777999999999999
0.09758,1.5777999999999999
0.097584,1.5777999999999999
0.097588,1.5777999999999999
0.097592,1.5938999999999999
0.097596,1.5777999999999999
0.0976,1.5616999999999999
0.097604,1.5777999999999999
0.097608,1.5616999999999999
0.097612,1.5777999999999999
0.097616,1.5777999999999999
0.09762,1.5616999999999999
0.097624,1.5777999999999999
0.097628,1.5616999999999999
0.097632,1.5777999999999999
0.097636,1.5616999999999999
0.09764,1.5616999999999999
0.097644,1.5777999999999999
0.097648,1.5777999999999999
0.097652,1.5616999999999999
0.097656,1.5777999999999999
0.09766,1.5616999999999999
0.097664,1.5777999999999999
0.097668,1.5616999999999999
0.097672,1.5616999999999999
0.097676,1.5616999999999999
0.09768,1.5616999999999999
0.097684,1.5616999999999999
0.097688,1.5616999999999999
0.097692,1.5616999999999999
0.097696,1.5777999999999999
0.0977,1.5616999999999999
0.097704,1.5616999999999999
0.097708,1.5455999999999999
0.097712,1.5455999999999999
0.097716,1.5616999999999999
0.09772,1.5616999999999999
0.097724,1.5616999999999999
0.097728,1.5616999999999999
0.097732,1.5616999999999999
0.097736,1.5616999999999999
0.09774,1.5616999999999999
0.097744,1.5616999999999999
0.097748,1.5616999999999999
0.097752,1.5616999999999999
0.097756,1.5616999999999999
0.09776,1.5616999999999999
0.097764,1.5616999999999999
0.097768,1.5616999999999999
0.097772,1.5616999999999999
0.097776,1.5455999999999999
0.09778,1.5455999999999999
0.097784,1.5616999999999999
0.097788,1.5616999999999999
0.097792,1.5455999999999999
0.097796,1.5616999999999999
0.0978,1.5616999999999999
0.097804,1.5616999999999999
0.097808,1.5616999999999999
0.097812,1.5616999999999999
0.097816,1.5455999999999999
0.09782,1.5455999999999999
0.097824,1.5616999999999999
0.097828,1.5455999999999999
0.097832,1.5616999999999999
0.097836,1.5616999999999999
0.09784,1.5455999999999999
0.097844,1.5455999999999999
0.097848,1.5455999999999999
0.097852,1.5455999999999999
0.097856,1.5616999999999999
0.09786,1.5455999999999999
0.097864,1.5455999999999999
0.097868,1.5455999999999999
0.097872,1.5295
0.097876,1.5455999999999999
0.09788,1.5455999999999999
0.097884,1.5455999999999999
0.097888,1.5455999999999999
0.097892,1.5455999999999999
0.097896,1.5295
0.0979,1.5455999999999999
0.097904,1.5455999999999999
0.097908,1.5455999999999999
0.097912,1.5616999999999999
0.097916,1.5455999999999999
0.09792,1.5455999999999999
0.097924,1.5455999999999999
0.097928,1.5455999999999999
0.097932,1.5455999999999999
0.097936,1.5455999999999999
0.09794,1.5455999999999999
0.097944,1.5455999999999999
0.097948,1.5455999999999999
0.097952,1.5295
0.097956,1.5295
0.09796,1.5295
0.097964,1.5455999999999999
0.097968,1.5295
0.097972,1.5295
0.097976,1.5295
0.09798,1.5455999999999999
0.097984,1.5455999999999999
0.097988,1.5295
0.097992,1.5295
0.097996,1.5295
0.098,1.5295
0.098004,1.5295
0.098008,1.5295
0.098012,1.5295
0.098016,1.5455999999999999
0.09802,1.5455999999999999
0.098024,1.5295
0.098028,1.5134
0.098032,1.5295
0.098036,1.5295
0.09804,1.5295
0.098044,1.5295
0.098048,1.5134
0.098052,1.5295
0.098056,1.5134
0.09806,1.5295
0.098064,1.5295
0.098068,1.5295
0.098072,1.5295
0.098076,1.5134
0.09808,1.5295
0.098084,1.5295
0.098088,1.5295
0.098092,1.5134
0.098096,1.5134
0.0981,1.5295
0.098104,1.5295
0.098108,1.5134
0.098112,1.5134
0.098116,1.5134
0.09812,1.5134
0.098124,1.5295
0.098128,1.5134
0.098132,1.5134
0.098136,1.5295
0.09814,1.5134
0.098144,1.5134
0.098148,1.5134
0.098152,1.5134
0.098156,1.5134
0.09816,1.5134
0.098164,1.5134
0.098168,1.5134
0.098172,1.5134
0.098176,1.5134
0.09818,1.5134
0.098184,1.5134
0.098188,1.5134
0.098192,1.5134
0.098196,1.5134
0.0982,1.5134
0.098204,1.5134
0.098208,1.5134
0.098212,1.4973
0.098216,1.4973
0.09822,1.5134
0.098224,1.4973
0.098228,1.5134
0.098232,1.5134
0.098236,1.5134
0.09824,1.5134
0.098244,1.5134
0.098248,1.5134
0.098252,1.4973
0.098256,1.5134
0.09826,1.5134
0.098264,1.4973
0.098268,1.5134
0.098272,1.4973
0.098276,1.5134
0.09828,1.5134
0.098284,1.5134
0.098288,1.5134
0.098292,1.4973
0.098296,1.4973
0.0983,1.5134
0.098304,1.5134
0.098308,1.4973
0.098312,1.4973
0.098316,1.4973
0.09832,1.4973
0.098324,1.4973
0.098328,1.4973
0.098332,1.4973
0.098336,1.4973
0.09834,1.4973
0.098344,1.4812
0.098348,1.4973
0.098352,1.4973
0.098356,1.4973
0.09836,1.4973
0.098364,1.4973
0.098368,1.4812
0.098372,1.4973
0.098376,1.4812
0.09838,1.4973
0.098384,1.4973
0.098388,1.4973
0.098392,1.4812
0.098396,1.4973
0.0984,1.4973
0.098404,1.4973
0.098408,1.4973
0.098412,1.4973
0.098416,1.4973
0.09842,1.4973
0.098424,1.4973
0.098428,1.4973
0.098432,1.4973
0.098436,1.4973
0.09844,1.4973
0.098444,1.4812
0.098448,1.4973
0.098452,1.4812
0.098456,1.4812
0.09846,1.4812
0.098464,1.4973
0.098468,1.4812
0.098472,1.4973
0.098476,1.4973
0.09848,1.4812
0.098484,1.4812
0.098488,1.4812
0.098492,1.4812
0.098496,1.4812
0.0985,1.4812
0.098504,1.4973
0.098508,1.4812
0.098512,1.4812
0.098516,1.4973
0.09852,1.4812
0.098524,1.4812
0.098528,1.4812
0.098532,1.4812
0.098536,1.4812
0.09854,1.4651
0.098544,1.4812
0.098548,1.4812
0.098552,1.4812
0.098556,1.4812
0.09856,1.4812
0.098564,1.4812
0.098568,1.4651
0.098572,1.4973
0.098576,1.4651
0.09858,1.4812
0.098584,1.4651
0.098588,1.4651
0.098592,1.4812
0.098596,1.4651
0.0986,1.4651
0.098604,1.4651
0.098608,1.4812
0.098612,1.4812
0.098616,1.4651
0.09862,1.4812
0.098624,1.449
0.098628,1.4812
0.098632,1.4651
0.098636,1.449
0.09864,1.4651
0.098644,1.4651
0.098648,1.4651
0.098652,1.4651
0.098656,1.4651
0.09866,1.4651
0.098664,1.4651
0.098668,1.4651
0.098672,1.4651
0.098676,1.4651
0.09868,1.4651
0.098684,1.4651
0.098688,1.4651
0.098692,1.449
0.098696,1.449
0.0987,1.449
0.098704,1.4651
0.098708,1.4651
0.098712,1.4651
0.098716,1.4651
0.09872,1.4651
0.098724,1.449
0.098728,1.449
0.098732,1.449
0.098736,1.449
0.09874,1.4651
0.098744,1.4651
0.098748,1.4651
0.098752,1.4651
0.098756,1.4651
0.09876,1.449
0.098764,1.449
0.098768,1.4651
0.098772,1.449
0.098776,1.449
0.09878,1.4651
0.098784,1.449
0.098788,1.449
0.098792,1.449
0.098796,1.449
0.0988,1.4651
0.098804,1.449
0.098808,1.449
0.098812,1.449
0.098816,1.449
0.09882,1.449
0.098824,1.449
0.098828,1.4651
0.098832,1.449
0.098836,1.449
0.09884,1.449
0.098844,1.449
0.098848,1.449
0.098852,1.449
0.098856,1.449
0.09886,1.449
0.098864,1.4329
0.098868,1.4329
0.098872,1.449
0.098876,1.449
0.09888,1.449
0.098884,1.449
0.098888,1.449
0.098892,1.449
0.098896,1.449
0.0989,1.4329
0.098904,1.4329
0.098908,1.4329
0.098912,1.449
0.098916,1.449
0.09892,1.449
0.098924,1.4329
0.098928,1.4329
0.098932,1.449
0.098936,1.449
0.09894,1.449
0.098944,1.449
0.098948,1.449
0.098952,1.4329
0.098956,1.4329
0.09896,1.4329
0.098964,1.4329
0.098968,1.4329
0.098972,1.449
0.098976,1.4329
0.09898,1.4329
0.098984,1.449
0.098988,1.449
0.098992,1.4329
0.098996,1.449
0.099,1.4329
0.099004,1.4329
0.099008,1.4329
0.099012,1.4329
0.099016,1.4329
0.09902,1.4329
0.099024,1.4329
0.099028,1.4329
0.099032,1.4329
0.099036,1.4329
0.09904,1.4329
0.099044,1.4329
0.099048,1.4329
0.099052,1.4329
0.099056,1.4168
0.09906,1.4329
0.099064,1.4168
0.099068,1.4329
0.099072,1.4329
0.099076,1.4329
0.09908,1.4329
0.099084,1.4329
0.099088,1.4168
0.099092,1.4168
0.099096,1.4329
0.0991,1.4329
0.099104,1.4329
0.099108,1.4329
0.099112,1.4329
0.099116,1.4168
0.09912,1.4329
0.099124,1.4168
0.099128,1.4168
0.099132,1.4168
0.099136,1.4168
0.09914,1.4168
0.099144,1.4168
0.099148,1.4168
0.099152,1.4168
0.099156,1.4168
0.09916,1.4168
0.099164,1.4168
0.099168,1.4329
0.099172,1.4168
0.099176,1.4168
0.09918,1.4168
0.099184,1.4168
0.099188,1.4168
0.099192,1.4168
0.099196,1.4007
0.0992,1.4168
0.099204,1.4168
0.099208,1.4168
0.099212,1.4007
0.099216,1.4007
0.09922,1.4168
0.099224,1.4168
0.099228,1.4168
0.099232,1.4168
0.099236,1.4168
0.09924,1.4168
0.099244,1.4168
0.099248,1.4168
0.099252,1.4007
0.099256,1.4168
0.09926,1.4168
0.099264,1.4168
0.099268,1.4168
0.099272,1.4168
0.099276,1.4007
0.09928,1.4168
0.099284,1.4007
0.099288,1.4168
0.099292,1.4007
0.099296,1.4007
0.0993,1.4007
0.099304,1.4007
0.099308,1.4007
0.099312,1.4007
0.099316,1.4168
0.09932,1.3846
0.099324,1.4007
0.099328,1.4007
0.099332,1.4007
0.099336,1.4007
0.09934,1.4007
0.099344,1.4007
0.099348,1.4007
0.099352,1.4007
0.099356,1.3846
0.09936,1.4007
0.099364,1.4007
0.099368,1.4007
0.099372,1.3846
0.099376,1.4007
0.09938,1.4007
0.099384,1.4007
0.099388,1.3846
0.099392,1.3846
0.099396,1.3846
0.0994,1.4007
0.099404,1.3846
0.099408,1.4007
0.099412,1.4007
0.099416,1.4007
0.09942,1.4007
0.099424,1.4007
0.099428,1.4007
0.099432,1.3846
0.099436,1.4007
0.09944,1.4007
0.099444,1.4007
0.099448,1.3846
0.099452,1.3846
0.099456,1.4007
0.09946,1.4007
0.099464,1.3846
0.099468,1.3846
0.099472,1.3846
0.099476,1.3846
0.09948,1.4007
0.099484,1.3846
0.099488,1.3685
0.099492,1.3846
0.099496,1.3846
0.0995,1.3846
0.099504,1.3846
0.099508,1.3846
0.099512,1.3846
0.099516,1.3846
0.09952,1.3846
0.099524,1.3846
0.099528,1.3846
0.099532,1.3846
0.099536,1.3846
0.09954,1.3846
0.099544,1.3846
0.099548,1.3846
0.099552,1.3846
0.099556,1.3846
0.09956,1.3685
0.099564,1.3685
0.099568,1.3846
0.099572,1.3846
0.099576,1.3846
0.09958,1.3846
0.099584,1.3846
0.099588,1.3685
0.099592,1.3846
0.099596,1.3846
0.0996,1.3685
0.099604,1.3685
0.099608,1.3846
0.099612,1.3846
0.099616,1.3846
0.09962,1.3846
0.099624,1.3685
0.099628,1.3685
0.099632,1.3846
0.099636,1.3685
0.09964,1.3846
0.099644,1.3846
0.099648,1.3685
0.099652,1.3685
0.099656,1.3685
0.09966,1.3685
0.099664,1.3685
0.099668,1.3685
0.099672,1.3685
0.099676,1.3685
0.09968,1.3685
0.099684,1.3685
0.099688,1.3685
0.099692,1.3685
0.099696,1.3685
0.0997,1.3524
0.099704,1.3524
0.099708,1.3685
0.099712,1.3685
0.099716,1.3685
0.09972,1.3685
0.099724,1.3685
0.099728,1.3524
0.099732,1.3524
0.099736,1.3685
0.09974,1.3685
0.099744,1.3685
0.099748,1.3685
0.099752,1.3685
0.099756,1.3846
0.09976,1.3685
0.099764,1.3685
0.099768,1.3685
0.099772,1.3524
0.099776,1.3685
0.09978,1.3685
0.099784,1.3524
0.099788,1.3685
0.099792,1.3524
0.099796,1.3685
0.0998,1.3685
0.099804,1.3524
0.099808,1.3524
0.099812,1.3524
0.099816,1.3524
0.09982,1.3524
0.099824,1.3524
0.099828,1.3685
0.099832,1.3524
0.099836,1.3685
0.09984,1.3524
0.099844,1.3524
0.099848,1.3524
0.099852,1.3524
0.099856,1.3524
0.09986,1.3524
0.099864,1.3524
0.099868,1.3524
0.099872,1.3524
0.099876,1.3524
0.09988,1.3524
0.099884,1.3524
0.099888,1.3524
0.099892,1.3524
0.099896,1.3524
0.0999,1.3524
0.099904,1.3524
0.099908,1.3524
0.099912,1.3524
0.099916,1.3524
0.09992,1.3524
0.099924,1.3524
0.099928,1.3524
0.099932,1.3524
0.099936,1.3524
0.09994,1.3524
0.099944,1.3524
0.099948,1.3524
0.099952,1.3524
0.099956,1.3524
0.09996,1.3524
0.099964,1.3524
0.099968,1.3524
0.099972,1.3524
0.099976,1.3363
0.09998,1.3524
0.099984,1.3363
0.099988,1.3363
0.099992,1.3524
0.099996,1.3363
0.1,1.3524
0.100004,1.3363
0.100008,1.3524
0.100012,1.3524
0.100016,1.3363
0.10002,1.3363
0.100024,1.3363
0.100028,1.3363
0.100032,1.3363
0.100036,1.3363
0.10004,1.3524
0.100044,1.3363
0.100048,1.3363
0.100052,1.3363
0.100056,1.3363
0.10006,1.3363
0.100064,1.3363
0.100068,1.3363
0.100072,1.3524
0.100076,1.3524
0.10008,1.3363
0.100084,1.3524
0.100088,1.3363
0.100092,1.3363
0.100096,1.3363
0.1001,1.3363
0.100104,1.3202
0.100108,1.3363
0.100112,1.3524
0.100116,1.3363
0.10012,1.3363
0.100124,1.3363
0.100128,1.3363
0.100132,1.3363
0.100136,1.3363
0.10014,1.3363
0.100144,1.3202
0.100148,1.3202
0.100152,1.3363
0.100156,1.3363
0.10016,1.3202
0.100164,1.3363
0.100168,1.3363
0.100172,1.3363
0.100176,1.3363
0.10018,1.3363
0.100184,1.3363
0.100188,1.3363
0.100192,1.3363
0.100196,1.3202
0.1002,1.3202
0.100204,1.3202
0.100208,1.3202
0.100212,1.3202
0.100216,1.3363
0.10022,1.3202
0.100224,1.3363
0.100228,1.3202
0.100232,1.3202
0.100236,1.3202
0.10024,1.3363
0.100244,1.3363
0.100248,1.3202
0.100252,1.3202
0.100256,1.3202
0.10026,1.3202
0.100264,1.3363
0.100268,1.3202
0.100272,1.3202
0.100276,1.3202
0.10028,1.3202
0.100284,1.3363
0.100288,1.3202
0.100292,1.3202
0.100296,1.3202
0.1003,1.3202
0.100304,1.3202
0.100308,1.3202
0.100312,1.3202
0.100316,1.3202
0.10032,1.3202
0.100324,1.3202
0.100328,1.3041
0.100332,1.3041
0.100336,1.3202
0.10034,1.3041
0.100344,1.3202
0.100348,1.3202
0.100352,1.3041
0.100356,1.3202
0.10036,1.3202
0.100364,1.3041
0.100368,1.3041
0.100372,1.3041
0.100376,1.3202
0.10038,1.3041
0.100384,1.3041
0.100388,1.3202
0.100392,1.3041
0.100396,1.3202
0.1004,1.3041
0.100404,1.3041
0.100408,1.3041
0.100412,1.3202
0.100416,1.3041
0.10042,1.3041
0.100424,1.3041
0.100428,1.3041
0.100432,1.3041
0.100436,1.3041
0.10044,1.3041
0.100444,1.3041
0.100448,1.3041
0.100452,1.3041
0.100456,1.3041
0.10046,1.3041
0.100464,1.3041
0.100468,1.3041
0.100472,1.3041
0.100476,1.288
0.10048,1.3041
0.100484,1.3041
0.100488,1.3041
0.100492,1.288
0.100496,1.288
0.1005,1.3041
0.100504,1.3041
0.100508,1.3041
0.100512,1.288
0.100516,1.288
0.10052,1.288
0.100524,1.3041
0.100528,1.288
0.100532,1.288
0.100536,1.3041
0.10054,1.288
0.100544,1.288
0.100548,1.288
0.100552,1.288
0.100556,1.288
0.10056,1.3041
0.100564,1.288
0.100568,1.288
0.100572,1.288
0.100576,1.288
0.10058,1.288
0.100584,1.288
0.100588,1.288
0.100592,1.288
0.100596,1.288
0.1006,1.288
0.100604,1.288
0.100608,1.288
0.100612,1.3041
0.100616,1.288
0.10062,1.3041
0.100624,1.288
0.100628,1.288
0.100632,1.288
0.100636,1.288
0.10064,1.288
0.100644,1.288
0.100648,1.288
0.100652,1.288
0.100656,1.2719
0.10066,1.2719
0.100664,1.288
0.100668,1.288
0.100672,1.2719
0.100676,1.288
0.10068,1.288
0.100684,1.288
0.100688,1.288
0.100692,1.288
0.100696,1.2719
0.1007,1.2719
0.100704,1.288
0.100708,1.2719
0.100712,1.2719
0.100716,1.2719
0.10072,1.2719
0.100724,1.288
0.100728,1.2719
0.100732,1.2719
0.100736,1.2719
0.10074,1.2719
0.100744,1.288
0.100748,1.2719
0.100752,1.288
0.100756,1.2719
0.10076,1.2719
0.100764,1.2719
0.100768,1.288
0.100772,1.2719
0.100776,1.2719
0.10078,1.288
0.100784,1.2719
0.100788,1.288
0.100792,1.2719
0.100796,1.2719
0.1008,1.2719
0.100804,1.2719
0.100808,1.2719
0.100812,1.2719
0.100816,1.2719
0.10082,1.2719
0.100824,1.2719
0.100828,1.2719
0.100832,1.2719
0.100836,1.2719
0.10084,1.2719
0.100844,1.2719
0.100848,1.2719
0.100852,1.2719
0.100856,1.2719
0.10086,1.2558
0.100864,1.2719
0.100868,1.2719
0.100872,1.2719
0.100876,1.2558
0.10088,1.2719
0.100884,1.2719
0.100888,1.2719
0.100892,1.2558
0.100896,1.2719
0.1009,1.2719
0.100904,1.2558
0.100908,1.2719
0.100912,1.2719
0.100916,1.2719
0.10092,1.2558
0.100924,1.2719
0.100928,1.2558
0.100932,1.2719
0.100936,1.2558
0.10094,1.2558
0.100944,1.2558
0.100948,1.2719
0.100952,1.2558
0.100956,1.2558
0.10096,1.2719
0.100964,1.2558
0.100968,1.2558
0.100972,1.2558
0.100976,1.2558
0.10098,1.2558
0.100984,1.2558
0.100988,1.2558
0.100992,1.2558
0.100996,1.2558
0.101,1.2558
0.101004,1.2558
0.101008,1.2558
0.101012,1.2558
0.101016,1.2558
0.10102,1.2558
0.101024,1.2558
0.101028,1.2558
0.101032,1.2397
0.101036,1.2558
0.10104,1.2558
0.101044,1.2558
0.101048,1.2558
0.101052,1.2397
0.101056,1.2558
0.10106,1.2558
0.101064,1.2558
0.101068,1.2558
0.101072,1.2558
0.101076,1.2558
0.10108,1.2558
0.101084,1.2558
0.101088,1.2558
0.101092,1.2558
0.101096,1.2397
0.1011,1.2397
0.101104,1.2558
0.101108,1.2558
0.101112,1.2397
0.101116,1.2397
0.10112,1.2558
0.101124,1.2558
0.101128,1.2397
0.101132,1.2397
0.101136,1.2397
0.10114,1.2397
0.101144,1.2397
0.101148,1.2397
0.101152,1.2558
0.101156,1.2397
0.10116,1.2397
0.101164,1.2558
0.101168,1.2397
0.101172,1.2397
0.101176,1.2558
0.10118,1.2397
0.101184,1.2397
0.101188,1.2397
0.101192,1.2397
0.101196,1.2397
0.1012,1.2397
0.101204,1.2397
0.101208,1.2397
0.101212,1.2397
0.101216,1.2397
0.10122,1.2397
0.101224,1.2397
0.101228,1.2397
0.101232,1.2236
0.101236,1.2397
0.10124,1.2397
0.101244,1.2397
0.101248,1.2397
0.101252,1.2397
0.101256,1.2397
0.10126,1.2397
0.101264,1.2397
0.101268,1.2397
0.101272,1.2397
0.101276,1.2397
0.10128,1.2397
0.101284,1.2397
0.101288,1.2236
0.101292,1.2236
0.101296,1.2397
0.1013,1.2236
0.101304,1.2397
0.101308,1.2236
0.101312,1.2236
0.101316,1.2397
0.10132,1.2236
0.101324,1.2236
0.101328,1.2236
0.101332,1.2236
0.101336,1.2236
0.10134,1.2397
0.101344,1.2236
0.101348,1.2236
0.101352,1.2236
0.101356,1.2236
0.10136,1.2397
0.101364,1.2236
0.101368,1.2236
0.101372,1.2236
0.101376,1.2236
0.10138,1.2236
0.101384,1.2236
0.101388,1.2236
0.101392,1.2236
0.101396,1.2236
0.1014,1.2236
0.101404,1.2236
0.101408,1.2236
0.101412,1.2236
0.101416,1.2236
0.10142,1.2236
0.101424,1.2075
0.101428,1.2075
0.101432,1.2236
0.101436,1.2397
0.10144,1.2236
0.101444,1.2236
0.101448,1.2397
0.101452,1.2236
0.101456,1.2236
0.10146,1.2236
0.101464,1.2236
0.101468,1.2075
0.101472,1.2236
0.101476,1.2236
0.10148,1.2236
0.101484,1.2236
0.101488,1.2075
0.101492,1.2075
0.101496,1.2236
0.1015,1.2236
0.101504,1.2236
0.101508,1.2236
0.101512,1.2236
0.101516,1.2236
0.10152,1.2075
0.101524,1.2236
0.101528,1.2236
0.101532,1.2075
0.101536,1.2236
0.10154,1.2075
0.101544,1.2075
0.101548,1.2236
0.101552,1.2075
0.101556,1.2075
0.10156,1.2075
0.101564,1.2075
0.101568,1.2075
0.101572,1.2075
0.101576,1.2075
0.10158,1.2075
0.101584,1.2075
0.101588,1.2075
0.101592,1.2075
0.101596,1.2075
0.1016,1.2075
0.101604,1.2075
0.101608,1.2075
0.101612,1.2075
0.101616,1.2075
0.10162,1.2075
0.101624,1.2075
0.101628,1.2075
0.101632,1.2075
0.101636,1.2075
0.10164,1.2236
0.101644,1.2075
0.101648,1.2075
0.101652,1.2075
0.101656,1.2075
0.10166,1.2075
0.101664,1.2075
0.101668,1.2075
0.101672,1.2075
0.101676,1.2075
0.10168,1.2075
0.101684,1.2075
0.101688,1.2075
0.101692,1.2075
0.101696,1.2075
0.1017,1.1914
0.101704,1.2075
0.101708,1.1914
0.101712,1.2075
0.101716,1.1914
0.10172,1.1914
0.101724,1.1914
0.101728,1.2075
0.101732,1.1914
0.101736,1.2075
0.10174,1.2075
0.101744,1.1914
0.101748,1.1914
0.101752,1.1914
0.101756,1.2075
0.10176,1.1914
0.101764,1.1914
0.101768,1.2075
0.101772,1.1914
0.101776,1.1914
0.10178,1.1914
0.101784,1.1914
0.101788,1.1914
0.101792,1.2075
0.101796,1.2075
0.1018,1.1914
0.101804,1.1914
0.101808,1.1914
0.101812,1.2075
0.101816,1.1914
0.10182,1.1914
0.101824,1.1914
0.101828,1.1914
0.101832,1.1914
0.101836,1.1914
0.10184,1.1914
0.101844,1.1914
0.101848,1.1753
0.101852,1.1753
0.101856,1.1914
0.10186,1.1914
0.101864,1.1914
0.101868,1.1914
0.101872,1.1753
0.101876,1.1753
0.10188,1.1914
0.101884,1.1753
0.101888,1.1914
0.101892,1.1753
0.101896,1.1914
0.1019,1.1914
0.101904,1.1753
0.101908,1.1914
0.101912,1.1914
0.101916,1.1753
0.10192,1.1753
0.101924,1.1753
0.101928,1.1753
0.101932,1.1914
0.101936,1.1753
0.10194,1.1914
0.101944,1.1753
0.101948,1.1914
0.101952,1.1753
0.101956,1.1914
0.10196,1.1914
0.101964,1.1753
0.101968,1.1914
0.101972,1.1753
0.101976,1.1914
0.10198,1.1914
0.101984,1.1753
0.101988,1.1753
0.101992,1.1753
0.101996,1.1914
0.102,1.1753
0.102004,1.1753
0.102008,1.1753
0.102012,1.1753
0.102016,1.1753
0.10202,1.1753
0.102024,1.1753
0.102028,1.1753
0.102032,1.1753
0.102036,1.1753
0.10204,1.1753
0.102044,1.1753
0.102048,1.1753
0.102052,1.1592
0.102056,1.1753
0.10206,1.1753
0.102064,1.1753
0.102068,1.1592
0.102072,1.1592
0.102076,1.1753
0.10208,1.1753
0.102084,1.1753
0.102088,1.1753
0.102092,1.1592
0.102096,1.1753
0.1021,1.1753
0.102104,1.1753
0.102108,1.1753
0.102112,1.1753
0.102116,1.1592
0.10212,1.1753
0.102124,1.1592
0.102128,1.1592
0.102132,1.1753
0.102136,1.1592
0.10214,1.1753
0.102144,1.1753
0.102148,1.1592
0.102152,1.1592
0.102156,1.1592
0.10216,1.1753
0.102164,1.1753
0.102168,1.1753
0.102172,1.1753
0.102176,1.1592
0.10218,1.1592
0.102184,1.1753
0.102188,1.1753
0.102192,1.1753
0.102196,1.1592
0.1022,1.1592
0.102204,1.1753
0.102208,1.1753
0.102212,1.1592
0.102216,1.1592
0.10222,1.1592
0.102224,1.1592
0.102228,1.1592
0.102232,1.1592
0.102236,1.1592
0.10224,1.1592
0.102244,1.1753
0.102248,1.1753
0.102252,1.1592
0.102256,1.1592
0.10226,1.1592
0.102264,1.1592
0.102268,1.1592
0.102272,1.1592
0.102276,1.1592
0.10228,1.1592
0.102284,1.1592
0.102288,1.1592
0.102292,1.1592
0.102296,1.1592
0.1023,1.1592
0.102304,1.1592
0.102308,1.1592
0.102312,1.1431
0.102316,1.1431
0.10232,1.1431
0.102324,1.1431
0.102328,1.1592
0.102332,1.1592
0.102336,1.1431
0.10234,1.1431
0.102344,1.1592
0.102348,1.1592
0.102352,1.1592
0.102356,1.1431
0.10236,1.1431
0.102364,1.1431
0.102368,1.1431
0.102372,1.1431
0.102376,1.1431
0.10238,1.1592
0.102384,1.1431
0.102388,1.1431
0.102392,1.1592
0.102396,1.1431
0.1024,1.1431
0.102404,1.1592
0.102408,1.1431
0.102412,1.1592
0.102416,1.1431
0.10242,1.1431
0.102424,1.1592
0.102428,1.1431
0.102432,1.1431
0.102436,1.1431
0.10244,1.1431
0.102444,1.1431
0.102448,1.1431
0.102452,1.1431
0.102456,1.1431
0.10246,1.1431
0.102464,1.1431
0.102468,1.1431
0.102472,1.1431
0.102476,1.1431
0.10248,1.1431
0.102484,1.1431
0.102488,1.1431
0.102492,1.1592
0.102496,1.1431
0.1025,1.1431
0.102504,1.1592
0.102508,1.1431
0.102512,1.1431
0.102516,1.127
0.10252,1.1431
0.102524,1.127
0.102528,1.1431
0.102532,1.1431
0.102536,1.1431
0.10254,1.1431
0.102544,1.127
0.102548,1.127
0.102552,1.1431
0.102556,1.127
0.10256,1.127
0.102564,1.127
0.102568,1.1431
0.102572,1.127
0.102576,1.1431
0.10258,1.127
0.102584,1.127
0.102588,1.127
0.102592,1.127
0.102596,1.127
0.1026,1.127
0.102604,1.1431
0.102608,1.127
0.102612,1.1431
0.102616,1.1431
0.10262,1.127
0.102624,1.127
0.102628,1.1431
0.102632,1.127
0.102636,1.127
0.10264,1.127
0.102644,1.127
0.102648,1.1431
0.102652,1.127
0.102656,1.127
0.10266,1.127
0.102664,1.127
0.102668,1.1431
0.102672,1.127
0.102676,1.127
0.10268,1.127
0.102684,1.127
0.102688,1.127
0.102692,1.1431
0.102696,1.127
0.1027,1.127
0.102704,1.127
0.102708,1.127
0.102712,1.127
0.102716,1.127
0.10272,1.1109
0.102724,1.127
0.102728,1.127
0.102732,1.127
0.102736,1.1109
0.10274,1.127
0.102744,1.127
0.102748,1.127
0.102752,1.127
0.102756,1.127
0.10276,1.127
0.102764,1.127
0.102768,1.1109
0.102772,1.127
0.102776,1.1109
0.10278,1.1109
0.102784,1.127
0.102788,1.127
0.102792,1.1109
0.102796,1.1109
0.1028,1.127
0.102804,1.1109
0.102808,1.1109
0.102812,1.1109
0.102816,1.1109
0.10282,1.127
0.102824,1.1109
0.102828,1.127
0.102832,1.1109
0.102836,1.1109
0.10284,1.1109
0.102844,1.1109
0.102848,1.1109
0.102852,1.1109
0.102856,1.1109
0.10286,1.1109
0.102864,1.1109
0.102868,1.1109
0.102872,1.1109
0.102876,1.0948
0.10288,1.1109
0.102884,1.1109
0.102888,1.1109
0.102892,1.0948
0.102896,1.0948
0.1029,1.1109
0.102904,1.1109
0.102908,1.1109
0.102912,1.1109
0.102916,1.1109
0.10292,1.1109
0.102924,1.0948
0.102928,1.1109
0.102932,1.1109
0.102936,1.1109
0.10294,1.1109
0.102944,1.0948
0.102948,1.1109
0.102952,1.1109
0.102956,1.1109
0.10296,1.1109
0.102964,1.0948
0.102968,1.1109
0.102972,1.1109
0.102976,1.1109
0.10298,1.0948
0.102984,1.1109
0.102988,1.1109
0.102992,1.1109
0.102996,1.1109
0.103,1.1109
0.103004,1.1109
0.103008,1.1109
0.103012,1.0948
0.103016,1.0948
0.10302,1.0948
0.103024,1.0948
0.103028,1.0948
0.103032,1.0948
0.103036,1.0948
0.10304,1.0948
0.103044,1.0948
0.103048,1.0948
0.103052,1.0948
0.103056,1.0948
0.10306,1.0948
0.103064,1.0948
0.103068,1.1109
0.103072,1.0948
0.103076,1.0948
0.10308,1.0948
0.103084,1.0948
0.103088,1.1109
0.103092,1.0948
0.103096,1.0948
0.1031,1.0948
0.103104,1.0948
0.103108,1.0948
0.103112,1.0948
0.103116,1.0787
0.10312,1.0948
0.103124,1.0948
0.103128,1.0948
0.103132,1.0948
0.103136,1.0787
0.10314,1.0948
0.103144,1.0948
0.103148,1.0948
0.103152,1.0948
0.103156,1.0948
0.10316,1.0948
0.103164,1.0948
0.103168,1.0948
0.103172,1.0948
0.103176,1.0948
0.10318,1.0948
0.103184,1.0948
0.103188,1.0948
0.103192,1.0787
0.103196,1.0948
0.1032,1.0948
0.103204,1.0948
0.103208,1.0948
0.103212,1.0948
0.103216,1.0948
0.10322,1.0948
0.103224,1.0948
0.103228,1.0787
0.103232,1.0787
0.103236,1.0787
0.10324,1.0787
0.103244,1.0948
0.103248,1.0948
0.103252,1.0787
0.103256,1.0948
0.10326,1.0948
0.103264,1.0787
0.103268,1.0787
0.103272,1.0787
0.103276,1.0787
0.10328,1.0787
0.103284,1.0948
0.103288,1.0787
0.103292,1.0787
0.103296,1.0948
0.1033,1.0948
0.103304,1.0787
0.103308,1.0787
0.103312,1.0948
0.103316,1.0787
0.10332,1.0787
0.103324,1.0787
0.103328,1.0948
0.103332,1.0948
0.103336,1.0787
0.10334,1.0787
0.103344,1.0787
0.103348,1.0626
0.103352,1.0787
0.103356,1.0787
0.10336,1.0787
0.103364,1.0787
0.103368,1.0787
0.103372,1.0787
0.103376,1.0787
0.10338,1.0787
0.103384,1.0787
0.103388,1.0787
0.103392,1.0787
0.103396,1.0787
0.1034,1.0787
0.103404,1.0787
0.103408,1.0787
0.103412,1.0787
0.103416,1.0787
0.10342,1.0787
0.103424,1.0787
0.103428,1.0948
0.103432,1.0787
0.103436,1.0787
0.10344,1.0787
0.103444,1.0787
0.103448,1.0787
0.103452,1.0787
0.103456,1.0787
0.10346,1.0787
0.103464,1.0787
0.103468,1.0626
0.103472,1.0787
0.103476,1.0787
0.10348,1.0626
0.103484,1.0787
0.103488,1.0626
0.103492,1.0626
0.103496,1.0787
0.1035,1.0787
0.103504,1.0787
0.103508,1.0787
0.103512,1.0626
0.103516,1.0787
0.10352,1.0787
0.103524,1.0626
0.103528,1.0787
0.103532,1.0626
0.103536,1.0787
0.10354,1.0626
0.103544,1.0787
0.103548,1.0787
0.103552,1.0626
0.103556,1.0626
0.10356,1.0626
0.103564,1.0626
0.103568,1.0787
0.103572,1.0626
0.103576,1.0626
0.10358,1.0626
0.103584,1.0787
0.103588,1.0626
0.103592,1.0787
0.103596,1.0626
0.1036,1.0626
0.103604,1.0787
0.103608,1.0626
0.103612,1.0626
0.103616,1.0626
0.10362,1.0626
0.103624,1.0626
0.103628,1.0626
0.103632,1.0626
0.103636,1.0626
0.10364,1.0626
0.103644,1.0626
0.103648,1.0626
0.103652,1.0787
0.103656,1.0626
0.10366,1.0626
0.103664,1.0787
0.103668,1.0626
0.103672,1.0626
0.103676,1.0626
0.10368,1.0626
0.103684,1.0626
0.103688,1.0626
0.103692,1.0626
0.103696,1.0465
0.1037,1.0626
0.103704,1.0465
0.103708,1.0626
0.103712,1.0626
0.103716,1.0465
0.10372,1.0465
0.103724,1.0465
0.103728,1.0626
0.103732,1.0626
0.103736,1.0626
0.10374,1.0626
0.103744,1.0626
0.103748,1.0626
0.103752,1.0626
0.103756,1.0465
0.10376,1.0626
0.103764,1.0465
0.103768,1.0626
0.103772,1.0465
0.103776,1.0465
0.10378,1.0626
0.103784,1.0465
0.103788,1.0626
0.103792,1.0465
0.103796,1.0465
0.1038,1.0465
0.103804,1.0465
0.103808,1.0465
0.103812,1.0465
0.103816,1.0465
0.10382,1.0465
0.103824,1.0626
0.103828,1.0626
0.103832,1.0465
0.103836,1.0465
0.10384,1.0465
0.103844,1.0465
0.103848,1.0465
0.103852,1.0465
0.103856,1.0465
0.10386,1.0465
0.103864,1.0465
0.103868,1.0465
0.103872,1.0465
0.103876,1.0465
0.10388,1.0465
0.103884,1.0304
0.103888,1.0465
0.103892,1.0465
0.103896,1.0465
0.1039,1.0465
0.103904,1.0465
0.103908,1.0465
0.103912,1.0465
0.103916,1.0465
0.10392,1.0465
0.103924,1.0465
0.103928,1.0465
0.103932,1.0465
0.103936,1.0465
0.10394,1.0304
0.103944,1.0304
0.103948,1.0304
0.103952,1.0465
0.103956,1.0465
0.10396,1.0304
0.103964,1.0465
0.103968,1.0304
0.103972,1.0304
0.103976,1.0304
0.10398,1.0465
0.103984,1.0465
0.103988,1.0465
0.103992,1.0304
0.103996,1.0304
0.104,1.0304
0.104004,1.0465
0.104008,1.0304
0.104012,1.0304
0.104016,1.0304
0.10402,1.0304
0.104024,1.0304
0.104028,1.0304
0.104032,1.0304
0.104036,1.0304
0.10404,1.0143
0.104044,1.0304
0.104048,1.0304
0.104052,1.0304
0.104056,1.0304
0.10406,1.0304
0.104064,1.0304
0.104068,1.0304
0.104072,1.0304
0.104076,1.0304
0.10408,1.0304
0.104084,1.0143
0.104088,1.0304
0.104092,1.0143
0.104096,1.0304
0.1041,1.0304
0.104104,1.0304
0.104108,1.0304
0.104112,1.0143
0.104116,1.0304
0.10412,1.0304
0.104124,1.0304
0.104128,1.0304
0.104132,1.0143
0.104136,1.0304
0.10414,1.0304
0.104144,1.0143
0.104148,1.0304
0.104152,1.0143
0.104156,1.0143
0.10416,1.0143
0.104164,1.0304
0.104168,1.0304
0.104172,1.0304
0.104176,1.0143
0.10418,1.0304
0.104184,1.0143
0.104188,1.0304
0.104192,1.0304
0.104196,1.0143
0.1042,1.0304
0.104204,1.0143
0.104208,1.0143
0.104212,1.0143
0.104216,1.0143
0.10422,1.0143
0.104224,1.0143
0.104228,1.0143
0.104232,1.0143
0.104236,1.0143
0.10424,1.0143
0.104244,1.0143
0.104248,1.0143
0.104252,1.0143
0.104256,1.0143
0.10426,1.0143
0.104264,1.0143
0.104268,1.0143
0.104272,1.0143
0.104276,1.0143
0.10428,0.9982
0.104284,1.0143
0.104288,1.0143
0.104292,1.0143
0.104296,1.0143
0.1043,1.0143
0.104304,1.0143
0.104308,1.0143
0.104312,1.0143
0.104316,1.0304
0.10432,1.0143
0.104324,1.0143
0.104328,1.0143
0.104332,0.9982
0.104336,0.9982
0.10434,1.0143
0.104344,1.0143
0.104348,0.9982
0.104352,1.0143
0.104356,1.0143
0.10436,1.0143
0.104364,1.0143
0.104368,0.9982
0.104372,0.9982
0.104376,0.9982
0.10438,1.0143
0.104384,0.9982
0.104388,1.0143
0.104392,1.0143
0.104396,1.0143
0.1044,0.9982
0.104404,1.0143
0.104408,1.0143
0.104412,0.9982
0.104416,1.0143
0.10442,0.9982
0.104424,1.0143
0.104428,0.9982
0.104432,0.9982
0.104436,0.9982
0.10444,0.9982
0.104444,1.0143
0.104448,0.9982
0.104452,0.9982
0.104456,0.9982
0.10446,0.9982
0.104464,0.9982
0.104468,0.9982
0.104472,0.9982
0.104476,0.9982
0.10448,1.0143
0.104484,0.9982
0.104488,0.9982
0.104492,0.9982
0.104496,0.9982
0.1045,1.0143
0.104504,0.9982
0.104508,0.9982
0.104512,0.9982
0.104516,0.9982
0.10452,1.0143
0.104524,0.9982
0.104528,0.9982
0.104532,0.9982
0.104536,0.9982
0.10454,0.9982
0.104544,0.9982
0.104548,0.9982
0.104552,0.9982
0.104556,0.9982
0.10456,0.9821
0.104564,0.9982
0.104568,0.9982
0.104572,0.9982
0.104576,0.9982
0.10458,0.9982
0.104584,0.9982
0.104588,0.9821
0.104592,0.9982
0.104596,0.9982
0.1046,0.9982
0.104604,0.9821
0.104608,0.9821
0.104612,0.9982
0.104616,0.9982
0.10462,0.9821
0.104624,0.9821
0.104628,0.9821
0.104632,0.9821
0.104636,0.9821
0.10464,0.9821
0.104644,0.9982
0.104648,0.9982
0.104652,0.9982
0.104656,0.9821
0.10466,0.9982
0.104664,0.9821
0.104668,0.9982
0.104672,0.9821
0.104676,0.9821
0.10468,0.9821
0.104684,0.9982
0.104688,0.9982
0.104692,0.966
0.104696,0.9821
0.1047,0.9821
0.104704,0.9821
0.104708,0.9821
0.104712,0.9821
0.104716,0.966
0.10472,0.9982
0.104724,0.9821
0.104728,0.9821
0.104732,0.9821
0.104736,0.9821
0.10474,0.9982
0.104744,0.9821
0.104748,0.9821
0.104752,0.9821
0.104756,0.9982
0.10476,0.9821
0.104764,0.9821
0.104768,0.9982
0.104772,0.966
0.104776,0.9821
0.10478,0.9982
0.104784,0.9821
0.104788,0.9821
0.104792,0.966
0.104796,0.9821
0.1048,0.9821
0.104804,0.9821
0.104808,0.9821
0.104812,0.9821
0.104816,0.9821
0.10482,0.9821
0.104824,0.9821
0.104828,0.9821
0.104832,0.9821
0.104836,0.9821
0.10484,0.9821
0.104844,0.9821
0.104848,0.9821
0.104852,0.966
0.104856,0.966
0.10486,0.966
0.104864,0.9821
0.104868,0.9821
0.104872,0.9821
0.104876,0.966
0.10488,0.9821
0.104884,0.9821
0.104888,0.966
0.104892,0.966
0.104896,0.9821
0.1049,0.966
0.104904,0.9821
0.104908,0.9821
0.104912,0.966
0.104916,0.966
0.10492,0.9821
0.104924,0.966
0.104928,0.9821
0.104932,0.9821
0.104936,0.9821
0.10494,0.966
0.104944,0.9821
0.104948,0.966
0.104952,0.966
0.104956,0.966
0.10496,0.966
0.104964,0.966
0.104968,0.966
0.104972,0.9821
0.104976,0.966
0.10498,0.9821
0.104984,0.9821
0.104988,0.966
0.104992,0.966
0.104996,0.966
0.105,0.966
0.105004,0.966
0.105008,0.966
0.105012,0.966
0.105016,0.966
0.10502,0.966
0.105024,0.9821
0.105028,0.9821
0.105032,0.966
0.105036,0.966
0.10504,0.966
0.105044,0.966
0.105048,0.966
0.105052,0.966
0.105056,0.9499
0.10506,0.9499
0.105064,0.966
0.105068,0.966
0.105072,0.9499
0.105076,0.966
0.10508,0.966
0.105084,0.966
0.105088,0.966
0.105092,0.966
0.105096,0.966
0.1051,0.966
0.105104,0.9499
0.105108,0.966
0.105112,0.966
0.105116,0.966
0.10512,0.9499
0.105124,0.9499
0.105128,0.966
0.105132,0.966
0.105136,0.9499
0.10514,0.9499
0.105144,0.9499
0.105148,0.9499
0.105152,0.966
0.105156,0.9499
0.10516,0.9499
0.105164,0.966
0.105168,0.966
0.105172,0.9499
0.105176,0.9499
0.10518,0.966
0.105184,0.966
0.105188,0.966
0.105192,0.966
0.105196,0.9499
0.1052,0.9499
0.105204,0.9499
0.105208,0.966
0.105212,0.9499
0.105216,0.9499
0.10522,0.966
0.105224,0.9499
0.105228,0.9499
0.105232,0.966
0.105236,0.966
0.10524,0.9499
0.105244,0.9499
0.105248,0.9499
0.105252,0.9499
0.105256,0.9499
0.10526,0.9499
0.105264,0.9499
0.105268,0.9499
0.105272,0.966
0.105276,0.9499
0.10528,0.9499
0.105284,0.9499
0.105288,0.9499
0.105292,0.9499
0.105296,0.9499
0.1053,0.9499
0.105304,0.9499
0.105308,0.9499
0.105312,0.9499
0.105316,0.9338
0.10532,0.966
0.105324,0.9499
0.105328,0.9499
0.105332,0.9499
0.105336,0.966
0.10534,0.966
0.105344,0.9499
0.105348,0.9499
0.105352,0.9499
0.105356,0.9499
0.10536,0.9499
0.105364,0.9499
0.105368,0.9499
0.105372,0.9499
0.105376,0.9499
0.10538,0.9499
0.105384,0.9338
0.105388,0.9338
0.105392,0.9338
0.105396,0.9499
0.1054,0.9499
0.105404,0.9499
0.105408,0.9499
0.105412,0.9499
0.105416,0.9499
0.10542,0.9338
0.105424,0.9338
0.105428,0.9499
0.105432,0.9499
0.105436,0.9338
0.10544,0.9338
0.105444,0.9338
0.105448,0.9499
0.105452,0.9499
0.105456,0.9338
0.10546,0.9338
0.105464,0.9338
0.105468,0.9338
0.105472,0.9338
0.105476,0.9338
0.10548,0.9338
0.105484,0.9338
0.105488,0.9338
0.105492,0.9338
0.105496,0.9338
0.1055,0.9338
0.105504,0.9338
0.105508,0.9338
0.105512,0.9338
0.105516,0.9338
0.10552,0.9177
0.105524,0.9338
0.105528,0.9338
0.105532,0.9338
0.105536,0.9338
0.10554,0.9338
0.105544,0.9338
0.105548,0.9338
0.105552,0.9338
0.105556,0.9338
0.10556,0.9338
0.105564,0.9338
0.105568,0.9338
0.105572,0.9177
0.105576,0.9338
0.10558,0.9338
0.105584,0.9177
0.105588,0.9338
0.105592,0.9338
0.105596,0.9177
0.1056,0.9338
0.105604,0.9338
0.105608,0.9338
0.105612,0.9177
0.105616,0.9338
0.10562,0.9338
0.105624,0.9177
0.105628,0.9177
0.105632,0.9338
0.105636,0.9177
0.10564,0.9177
0.105644,0.9338
0.105648,0.9177
0.105652,0.9177
0.105656,0.9338
0.10566,0.9338
0.105664,0.9338
0.105668,0.9177
0.105672,0.9338
0.105676,0.9338
0.10568,0.9338
0.105684,0.9338
0.105688,0.9177
0.105692,0.9177
0.105696,0.9338
0.1057,0.9338
0.105704,0.9177
0.105708,0.9177
0.105712,0.9177
0.105716,0.9177
0.10572,0.9177
0.105724,0.9177
0.105728,0.9177
0.105732,0.9177
0.105736,0.9177
0.10574,0.9177
0.105744,0.9177
0.105748,0.9177
0.105752,0.9177
0.105756,0.9177
0.10576,0.9177
0.105764,0.9177
0.105768,0.9177
0.105772,0.9177
0.105776,0.9177
0.10578,0.9177
0.105784,0.9177
0.105788,0.9177
0.105792,0.9177
0.105796,0.9177
0.1058,0.9177
0.105804,0.9177
0.105808,0.9177
0.105812,0.9177
0.105816,0.9177
0.10582,0.9177
0.105824,0.9177
0.105828,0.9177
0.105832,0.9016
0.105836,0.9177
0.10584,0.9177
0.105844,0.9016
0.105848,0.9177
0.105852,0.9016
0.105856,0.9177
0.10586,0.9016
0.105864,0.9177
0.105868,0.9177
0.105872,0.9016
0.105876,0.9016
0.10588,0.9177
0.105884,0.9016
0.105888,0.9016
0.105892,0.9016
0.105896,0.9177
0.1059,0.9016
0.105904,0.9177
0.105908,0.9177
0.105912,0.9177
0.105916,0.9016
0.10592,0.9177
0.105924,0.9016
0.105928,0.9177
0.105932,0.9177
0.105936,0.9177
0.10594,0.9016
0.105944,0.9016
0.105948,0.9177
0.105952,0.9177
0.105956,0.9016
0.10596,0.9016
0.105964,0.9177
0.105968,0.9177
0.105972,0.9016
0.105976,0.9016
0.10598,0.9016
0.105984,0.9016
0.105988,0.9016
0.105992,0.9016
0.105996,0.9016
0.106,0.9016
0.106004,0.9016
0.106008,0.9016
0.106012,0.9177
0.106016,0.9016
0.10602,0.9016
0.106024,0.9016
0.106028,0.9016
0.106032,0.9016
0.106036,0.9016
0.10604,0.9016
0.106044,0.9016
0.106048,0.9177
0.106052,0.9016
0.106056,0.9016
0.10606,0.8855
0.106064,0.9016
0.106068,0.9016
0.106072,0.9016
0.106076,0.9016
0.10608,0.9016
0.106084,0.9016
0.106088,0.9016
0.106092,0.9016
0.106096,0.9016
0.1061,0.9016
0.106104,0.9016
0.106108,0.9016
0.106112,0.9016
0.106116,0.9016
0.10612,0.9016
0.106124,0.8855
0.106128,0.9016
0.106132,0.8855
0.106136,0.9016
0.10614,0.9016
0.106144,0.8855
0.106148,0.9016
0.106152,0.9016
0.106156,0.9016
0.10616,0.9016
0.106164,0.9016
0.106168,0.8855
0.106172,0.9016
0.106176,0.8855
0.10618,0.9016
0.106184,0.9016
0.106188,0.9016
0.106192,0.8855
0.106196,0.9016
0.1062,0.8855
0.106204,0.9016
0.106208,0.8855
0.106212,0.9016
0.106216,0.9016
0.10622,0.9016
0.106224,0.9016
0.106228,0.8855
0.106232,0.8855
0.106236,0.9016
0.10624,0.8855
0.106244,0.8855
0.106248,0.8855
0.106252,0.9016
0.106256,0.9016
0.10626,0.9016
0.106264,0.8855
0.106268,0.8855
0.106272,0.8855
0.106276,0.8855
0.10628,0.8855
0.106284,0.9016
0.106288,0.8855
0.106292,0.8855
0.106296,0.8855
0.1063,0.8855
0.106304,0.9016
0.106308,0.9016
0.106312,0.8855
0.106316,0.8855
0.10632,0.8855
0.106324,0.8855
0.106328,0.8855
0.106332,0.8855
0.106336,0.8855
0.10634,0.8855
0.106344,0.8855
0.106348,0.8694
0.106352,0.8855
0.106356,0.8855
0.10636,0.8855
0.106364,0.8855
0.106368,0.8855
0.106372,0.8855
0.106376,0.8855
0.10638,0.8855
0.106384,0.8694
0.106388,0.8694
0.106392,0.8694
0.106396,0.8855
0.1064,0.8855
0.106404,0.8855
0.106408,0.8855
0.106412,0.8855
0.106416,0.8855
0.10642,0.8855
0.106424,0.8855
0.106428,0.8855
0.106432,0.8855
0.106436,0.8694
0.10644,0.8694
0.106444,0.8694
0.106448,0.8855
0.106452,0.8855
0.106456,0.8855
0.10646,0.8855
0.106464,0.8855
0.106468,0.8694
0.106472,0.8694
0.106476,0.8694
0.10648,0.8694
0.106484,0.8855
0.106488,0.8855
0.106492,0.8694
0.106496,0.8694
0.1065,0.8694
0.106504,0.8694
0.106508,0.8855
0.106512,0.8855
0.106516,0.8694
0.10652,0.8855
0.106524,0.8694
0.106528,0.8855
0.106532,0.8694
0.106536,0.8694
0.10654,0.8694
0.106544,0.8855
0.106548,0.8694
0.106552,0.8694
0.106556,0.8694
0.10656,0.8694
0.106564,0.8694
0.106568,0.8694
0.106572,0.8694
0.106576,0.8694
0.10658,0.8694
0.106584,0.8694
0.106588,0.8694
0.106592,0.8694
0.106596,0.8694
0.1066,0.8694
0.106604,0.8694
0.106608,0.8694
0.106612,0.8694
0.106616,0.8694
0.10662,0.8694
0.106624,0.8855
0.106628,0.8694
0.106632,0.8694
0.106636,0.8694
0.10664,0.8533
0.106644,0.8694
0.106648,0.8694
0.106652,0.8694
0.106656,0.8533
0.10666,0.8533
0.106664,0.8694
0.106668,0.8694
0.106672,0.8694
0.106676,0.8694
0.10668,0.8694
0.106684,0.8694
0.106688,0.8694
0.106692,0.8694
0.106696,0.8694
0.1067,0.8694
0.106704,0.8694
0.106708,0.8694
0.106712,0.8533
0.106716,0.8533
0.10672,0.8533
0.106724,0.8694
0.106728,0.8533
0.106732,0.8694
0.106736,0.8694
0.10674,0.8694
0.106744,0.8533
0.106748,0.8533
0.106752,0.8533
0.106756,0.8694
0.10676,0.8694
0.106764,0.8694
0.106768,0.8694
0.106772,0.8694
0.106776,0.8694
0.10678,0.8533
0.106784,0.8694
0.106788,0.8694
0.106792,0.8694
0.106796,0.8533
0.1068,0.8533
0.106804,0.8533
0.106808,0.8533
0.106812,0.8533
0.106816,0.8694
0.10682,0.8533
0.106824,0.8533
0.106828,0.8694
0.106832,0.8533
0.106836,0.8533
0.10684,0.8533
0.106844,0.8533
0.106848,0.8533
0.106852,0.8533
0.106856,0.8694
0.10686,0.8533
0.106864,0.8533
0.106868,0.8533
0.106872,0.8533
0.106876,0.8533
0.10688,0.8533
0.106884,0.8533
0.106888,0.8533
0.106892,0.8533
0.106896,0.8533
0.1069,0.8533
0.106904,0.8533
0.106908,0.8533
0.106912,0.8533
0.106916,0.8533
0.10692,0.8533
0.106924,0.8533
0.106928,0.8533
0.106932,0.8694
0.106936,0.8533
0.10694,0.8533
0.106944,0.8533
0.106948,0.8533
0.106952,0.8533
0.106956,0.8533
0.10696,0.8533
0.106964,0.8533
0.106968,0.8533
0.106972,0.8533
0.106976,0.8533
0.10698,0.8371999999999999
0.106984,0.8533
0.106988,0.8533
0.106992,0.8533
0.106996,0.8533
0.107,0.8533
0.107004,0.8533
0.107008,0.8533
0.107012,0.8533
0.107016,0.8533
0.10702,0.8533
0.107024,0.8533
0.107028,0.8533
0.107032,0.8371999999999999
0.107036,0.8533
0.10704,0.8371999999999999
0.107044,0.8533
0.107048,0.8533
0.107052,0.8371999999999999
0.107056,0.8371999999999999
0.10706,0.8533
0.107064,0.8533
0.107068,0.8371999999999999
0.107072,0.8533
0.107076,0.8371999999999999
0.10708,0.8371999999999999
0.107084,0.8371999999999999
0.107088,0.8533
0.107092,0.8371999999999999
0.107096,0.8371999999999999
0.1071,0.8371999999999999
0.107104,0.8533
0.107108,0.8371999999999999
0.107112,0.8371999999999999
0.107116,0.8533
0.10712,0.8533
0.107124,0.8533
0.107128,0.8371999999999999
0.107132,0.8371999999999999
0.107136,0.8371999999999999
0.10714,0.8371999999999999
0.107144,0.8371999999999999
0.107148,0.8371999999999999
0.107152,0.8371999999999999
0.107156,0.8371999999999999
0.10716,0.8371999999999999
0.107164,0.8371999999999999
0.107168,0.8371999999999999
0.107172,0.8371999999999999
0.107176,0.8371999999999999
0.10718,0.8533
0.107184,0.8371999999999999
0.107188,0.8371999999999999
0.107192,0.8371999999999999
0.107196,0.8533
0.1072,0.8371999999999999
0.107204,0.8371999999999999
0.107208,0.8371999999999999
0.107212,0.8371999999999999
0.107216,0.8371999999999999
0.10722,0.8371999999999999
0.107224,0.8210999999999999
0.107228,0.8210999999999999
0.107232,0.8371999999999999
0.107236,0.8371999999999999
0.10724,0.8371999999999999
0.107244,0.8210999999999999
0.107248,0.8210999999999999
0.107252,0.8210999999999999
0.107256,0.8371999999999999
0.10726,0.8371999999999999
0.107264,0.8371999999999999
0.107268,0.8371999999999999
0.107272,0.8371999999999999
0.107276,0.8371999999999999
0.10728,0.8371999999999999
0.107284,0.8371999999999999
0.107288,0.8371999999999999
0.107292,0.8371999999999999
0.107296,0.8371999999999999
0.1073,0.8371999999999999
0.107304,0.8210999999999999
0.107308,0.8371999999999999
0.107312,0.8371999999999999
0.107316,0.8371999999999999
0.10732,0.8210999999999999
0.107324,0.8210999999999999
0.107328,0.8210999999999999
0.107332,0.8371999999999999
0.107336,0.8210999999999999
0.10734,0.8371999999999999
0.107344,0.8210999999999999
0.107348,0.8210999999999999
0.107352,0.8210999999999999
0.107356,0.8371999999999999
0.10736,0.8210999999999999
0.107364,0.8371999999999999
0.107368,0.8210999999999999
0.107372,0.8210999999999999
0.107376,0.8371999999999999
0.10738,0.8210999999999999
0.107384,0.8210999999999999
0.107388,0.8371999999999999
0.107392,0.8210999999999999
0.107396,0.8210999999999999
0.1074,0.8210999999999999
0.107404,0.8210999999999999
0.107408,0.8210999999999999
0.107412,0.8371999999999999
0.107416,0.8210999999999999
0.10742,0.8210999999999999
0.107424,0.8210999999999999
0.107428,0.8371999999999999
0.107432,0.8371999999999999
0.107436,0.8210999999999999
0.10744,0.8210999999999999
0.107444,0.8049999999999999
0.107448,0.8371999999999999
0.107452,0.8210999999999999
0.107456,0.8210999999999999
0.10746,0.8210999999999999
0.107464,0.8210999999999999
0.107468,0.8371999999999999
0.107472,0.8210999999999999
0.107476,0.8210999999999999
0.10748,0.8210999999999999
0.107484,0.8371999999999999
0.107488,0.8210999999999999
0.107492,0.8210999999999999
0.107496,0.8049999999999999
0.1075,0.8371999999999999
0.107504,0.8210999999999999
0.107508,0.8210999999999999
0.107512,0.8210999999999999
0.107516,0.8210999999999999
0.10752,0.8210999999999999
0.107524,0.8210999999999999
0.107528,0.8210999999999999
0.107532,0.8210999999999999
0.107536,0.8210999999999999
0.10754,0.8210999999999999
0.107544,0.8210999999999999
0.107548,0.8210999999999999
0.107552,0.8049999999999999
0.107556,0.8210999999999999
0.10756,0.8049999999999999
0.107564,0.8210999999999999
0.107568,0.8210999999999999
0.107572,0.8210999999999999
0.107576,0.8210999999999999
0.10758,0.8210999999999999
0.107584,0.8210999999999999
0.107588,0.8210999999999999
0.107592,0.8210999999999999
0.107596,0.8210999999999999
0.1076,0.8210999999999999
0.107604,0.8210999999999999
0.107608,0.8210999999999999
0.107612,0.8210999999999999
0.107616,0.8210999999999999
0.10762,0.8049999999999999
0.107624,0.8049999999999999
0.107628,0.8210999999999999
0.107632,0.8210999999999999
0.107636,0.8049999999999999
0.10764,0.8210999999999999
0.107644,0.8210999999999999
0.107648,0.8210999999999999
0.107652,0.8049999999999999
0.107656,0.8210999999999999
0.10766,0.8210999999999999
0.107664,0.8049999999999999
0.107668,0.8210999999999999
0.107672,0.8210999999999999
0.107676,0.8210999999999999
0.10768,0.8049999999999999
0.107684,0.8049999999999999
0.107688,0.8049999999999999
0.107692,0.8210999999999999
0.107696,0.8210999999999999
0.1077,0.8210999999999999
0.107704,0.8049999999999999
0.107708,0.8049999999999999
0.107712,0.8049999999999999
0.107716,0.8210999999999999
0.10772,0.8049999999999999
0.107724,0.8049999999999999
0.107728,0.8049999999999999
0.107732,0.8049999999999999
0.107736,0.8049999999999999
0.10774,0.8049999999999999
0.107744,0.8049999999999999
0.107748,0.8049999999999999
0.107752,0.8049999999999999
0.107756,0.8049999999999999
0.10776,0.8049999999999999
0.107764,0.8049999999999999
0.107768,0.8210999999999999
0.107772,0.8049999999999999
0.107776,0.8049999999999999
0.10778,0.8049999999999999
0.107784,0.8210999999999999
0.107788,0.8049999999999999
0.107792,0.8049999999999999
0.107796,0.8049999999999999
0.1078,0.8049999999999999
0.107804,0.8049999999999999
0.107808,0.8049999999999999
0.107812,0.8049999999999999
0.107816,0.8049999999999999
0.10782,0.7888999999999999
0.107824,0.8049999999999999
0.107828,0.8210999999999999
0.107832,0.8049999999999999
0.107836,0.7888999999999999
0.10784,0.8049999999999999
0.107844,0.8049999999999999
0.107848,0.8049999999999999
0.107852,0.8049999999999999
0.107856,0.8049999999999999
0.10786,0.8210999999999999
0.107864,0.8049999999999999
0.107868,0.8049999999999999
0.107872,0.8210999999999999
0.107876,0.8049999999999999
0.10788,0.8049999999999999
0.107884,0.8049999999999999
0.107888,0.8049999999999999
0.107892,0.8049999999999999
0.107896,0.8049999999999999
0.1079,0.7888999999999999
0.107904,0.8049999999999999
0.107908,0.8049999999999999
0.107912,0.8049999999999999
0.107916,0.8049999999999999
0.10792,0.8049999999999999
0.107924,0.8049999999999999
0.107928,0.8049999999999999
0.107932,0.8049999999999999
0.107936,0.8049999999999999
0.10794,0.8049999999999999
0.107944,0.8049999999999999
0.107948,0.8049999999999999
0.107952,0.7888999999999999
0.107956,0.8210999999999999
0.10796,0.8049999999999999
0.107964,0.8049999999999999
0.107968,0.8049999999999999
0.107972,0.8049999999999999
0.107976,0.8049999999999999
0.10798,0.8049999999999999
0.107984,0.8049999999999999
0.107988,0.7888999999999999
0.107992,0.7888999999999999
0.107996,0.8049999999999999
0.108,0.8049999999999999
0.108004,0.8049999999999999
0.108008,0.7888999999999999
0.108012,0.8049999999999999
0.108016,0.8049999999999999
0.10802,0.7888999999999999
0.108024,0.8049999999999999
0.108028,0.8049999999999999
0.108032,0.8049999999999999
0.108036,0.8049999999999999
0.10804,0.7888999999999999
0.108044,0.7888999999999999
0.108048,0.8049999999999999
0.108052,0.7888999999999999
0.108056,0.8049999999999999
0.10806,0.7888999999999999
0.108064,0.7888999999999999
0.108068,0.7888999999999999
0.108072,0.7888999999999999
0.108076,0.7888999999999999
0.10808,0.7888999999999999
0.108084,0.7888999999999999
0.108088,0.7888999999999999
0.108092,0.7888999999999999
0.108096,0.7888999999999999
0.1081,0.8049999999999999
0.108104,0.7888999999999999
0.108108,0.7888999999999999
0.108112,0.8049999999999999
0.108116,0.8049999999999999
0.10812,0.7888999999999999
0.108124,0.7888999999999999
0.108128,0.7888999999999999
0.108132,0.7888999999999999
0.108136,0.8049999999999999
0.10814,0.7888999999999999
0.108144,0.7888999999999999
0.108148,0.7888999999999999
0.108152,0.8049999999999999
0.108156,0.8049999999999999
0.10816,0.7888999999999999
0.108164,0.7888999999999999
0.108168,0.7888999999999999
0.108172,0.7888999999999999
0.108176,0.7888999999999999
0.10818,0.7888999999999999
0.108184,0.7888999999999999
0.108188,0.7888999999999999
0.108192,0.8049999999999999
0.108196,0.7888999999999999
0.1082,0.7888999999999999
0.108204,0.7888999999999999
0.108208,0.7888999999999999
0.108212,0.7888999999999999
0.108216,0.7888999999999999
0.10822,0.7888999999999999
0.108224,0.7888999999999999
0.108228,0.7888999999999999
0.108232,0.7888999999999999
0.108236,0.7888999999999999
0.10824,0.7888999999999999
0.108244,0.7888999999999999
0.108248,0.7888999999999999
0.108252,0.7888999999999999
0.108256,0.7888999999999999
0.10826,0.7888999999999999
0.108264,0.7888999999999999
0.108268,0.7888999999999999
0.108272,0.7888999999999999
0.108276,0.7888999999999999
0.10828,0.7888999999999999
0.108284,0.7888999999999999
0.108288,0.7888999999999999
0.108292,0.7888999999999999
0.108296,0.7727999999999999
0.1083,0.7888999999999999
0.108304,0.7888999999999999
0.108308,0.7888999999999999
0.108312,0.7727999999999999
0.108316,0.7727999999999999
0.10832,0.7727999999999999
0.108324,0.7727999999999999
0.108328,0.7888999999999999
0.108332,0.7727999999999999
0.108336,0.7727999999999999
0.10834,0.7727999999999999
0.108344,0.7888999999999999
0.108348,0.7727999999999999
0.108352,0.7727999999999999
0.108356,0.7888999999999999
0.10836,0.7888999999999999
0.108364,0.7888999999999999
0.108368,0.7727999999999999
0.108372,0.7888999999999999
0.108376,0.7727999999999999
0.10838,0.7888999999999999
0.108384,0.7727999999999999
0.108388,0.7727999999999999
0.108392,0.7727999999999999
0.108396,0.7727999999999999
0.1084,0.7727999999999999
0.108404,0.7727999999999999
0.108408,0.7727999999999999
0.108412,0.7888999999999999
0.108416,0.7888999999999999
0.10842,0.7727999999999999
0.108424,0.7727999999999999
0.108428,0.7727999999999999
0.108432,0.7888999999999999
0.108436,0.7727999999999999
0.10844,0.7888999999999999
0.108444,0.7727999999999999
0.108448,0.7727999999999999
0.108452,0.7888999999999999
0.108456,0.7727999999999999
0.10846,0.7888999999999999
0.108464,0.7727999999999999
0.108468,0.7727999999999999
0.108472,0.7727999999999999
0.108476,0.7727999999999999
0.10848,0.7727999999999999
0.108484,0.7727999999999999
0.108488,0.7888999999999999
0.108492,0.7727999999999999
0.108496,0.7567
0.1085,0.7888999999999999
0.108504,0.7727999999999999
0.108508,0.7727999999999999
0.108512,0.7727999999999999
0.108516,0.7727999999999999
0.10852,0.7727999999999999
0.108524,0.7727999999999999
0.108528,0.7727999999999999
0.108532,0.7727999999999999
0.108536,0.7727999999999999
0.10854,0.7727999999999999
0.108544,0.7727999999999999
0.108548,0.7727999999999999
0.108552,0.7567
0.108556,0.7727999999999999
0.10856,0.7567
0.108564,0.7727999999999999
0.108568,0.7727999999999999
0.108572,0.7567
0.108576,0.7567
0.10858,0.7727999999999999
0.108584,0.7727999999999999
0.108588,0.7727999999999999
0.108592,0.7727999999999999
0.108596,0.7567
0.1086,0.7727999999999999
0.108604,0.7727999999999999
0.108608,0.7727999999999999
0.108612,0.7727999999999999
0.108616,0.7727999999999999
0.10862,0.7727999999999999
0.108624,0.7567
0.108628,0.7727999999999999
0.108632,0.7567
0.108636,0.7727999999999999
0.10864,0.7567
0.108644,0.7727999999999999
0.108648,0.7727999999999999
0.108652,0.7727999999999999
0.108656,0.7727999999999999
0.10866,0.7567
0.108664,0.7567
0.108668,0.7727999999999999
0.108672,0.7567
0.108676,0.7727999999999999
0.10868,0.7727999999999999
0.108684,0.7567
0.108688,0.7727999999999999
0.108692,0.7727999999999999
0.108696,0.7567
0.1087,0.7727999999999999
0.108704,0.7567
0.108708,0.7727999999999999
0.108712,0.7567
0.108716,0.7567
0.10872,0.7567
0.108724,0.7727999999999999
0.108728,0.7567
0.108732,0.7567
0.108736,0.7567
0.10874,0.7567
0.108744,0.7567
0.108748,0.7567
0.108752,0.7567
0.108756,0.7567
0.10876,0.7727999999999999
0.108764,0.7727999999999999
0.108768,0.7567
0.108772,0.7567
0.108776,0.7567
0.10878,0.7567
0.108784,0.7567
0.108788,0.7567
0.108792,0.7567
0.108796,0.7567
0.1088,0.7406
0.108804,0.7567
0.108808,0.7567
0.108812,0.7567
0.108816,0.7567
0.10882,0.7567
0.108824,0.7567
0.108828,0.7567
0.108832,0.7567
0.108836,0.7406
0.10884,0.7567
0.108844,0.7567
0.108848,0.7567
0.108852,0.7567
0.108856,0.7406
0.10886,0.7567
0.108864,0.7567
0.108868,0.7567
0.108872,0.7567
0.108876,0.7406
0.10888,0.7567
0.108884,0.7567
0.108888,0.7567
0.108892,0.7406
0.108896,0.7406
0.1089,0.7406
0.108904,0.7567
0.108908,0.7406
0.108912,0.7567
0.108916,0.7567
0.10892,0.7567
0.108924,0.7567
0.108928,0.7567
0.108932,0.7567
0.108936,0.7567
0.10894,0.7567
0.108944,0.7567
0.108948,0.7567
0.108952,0.7567
0.108956,0.7567
0.10896,0.7567
0.108964,0.7567
0.108968,0.7406
0.108972,0.7567
0.108976,0.7406
0.10898,0.7567
0.108984,0.7406
0.108988,0.7406
0.108992,0.7406
0.108996,0.7406
0.109,0.7567
0.109004,0.7406
0.109008,0.7406
0.109012,0.7567
0.109016,0.7406
0.10902,0.7567
0.109024,0.7567
0.109028,0.7406
0.109032,0.7567
0.109036,0.7567
0.10904,0.7567
0.109044,0.7406
0.109048,0.7406
0.109052,0.7406
0.109056,0.7406
0.10906,0.7406
0.109064,0.7406
0.109068,0.7406
0.109072,0.7406
0.109076,0.7406
0.10908,0.7406
0.109084,0.7406
0.109088,0.7406
0.109092,0.7406
0.109096,0.7406
0.1091,0.7406
0.109104,0.7406
0.109108,0.7567
0.109112,0.7406
0.109116,0.7406
0.10912,0.7406
0.109124,0.7406
0.109128,0.7567
0.109132,0.7406
0.109136,0.7406
0.10914,0.7406
0.109144,0.7406
0.109148,0.7406
0.109152,0.7406
0.109156,0.7406
0.10916,0.7406
0.109164,0.7406
0.109168,0.7406
0.109172,0.7406
0.109176,0.7406
0.10918,0.7406
0.109184,0.7406
0.109188,0.7406
0.109192,0.7406
0.109196,0.7406
0.1092,0.7245
0.109204,0.7406
0.109208,0.7406
0.109212,0.7406
0.109216,0.7406
0.10922,0.7406
0.109224,0.7406
0.109228,0.7245
0.109232,0.7406
0.109236,0.7406
0.10924,0.7406
0.109244,0.7406
0.109248,0.7406
0.109252,0.7245
0.109256,0.7406
0.10926,0.7406
0.109264,0.7245
0.109268,0.7406
0.109272,0.7406
0.109276,0.7406
0.10928,0.7245
0.109284,0.7245
0.109288,0.7406
0.109292,0.7406
0.109296,0.7406
0.1093,0.7245
0.109304,0.7245
0.109308,0.7406
0.109312,0.7406
0.109316,0.7406
0.10932,0.7245
0.109324,0.7245
0.109328,0.7245
0.109332,0.7245
0.109336,0.7406
0.10934,0.7245
0.109344,0.7406
0.109348,0.7245
0.109352,0.7406
0.109356,0.7245
0.10936,0.7245
0.109364,0.7406
0.109368,0.7406
0.109372,0.7245
0.109376,0.7406
0.10938,0.7406
0.109384,0.7406
0.109388,0.7406
0.109392,0.7245
0.109396,0.7406
0.1094,0.7406
0.109404,0.7406
0.109408,0.7245
0.109412,0.7245
0.109416,0.7245
0.10942,0.7245
0.109424,0.7245
0.109428,0.7245
0.109432,0.7245
0.109436,0.7406
0.10944,0.7245
0.109444,0.7245
0.109448,0.7245
0.109452,0.7406
0.109456,0.7245
0.10946,0.7245
0.109464,0.7245
0.109468,0.7245
0.109472,0.7245
0.109476,0.7084
0.10948,0.7245
0.109484,0.7245
0.109488,0.7245
0.109492,0.7245
0.109496,0.7245
0.1095,0.7245
0.109504,0.7245
0.109508,0.7245
0.109512,0.7245
0.109516,0.7245
0.10952,0.7245
0.109524,0.7245
0.109528,0.7084
0.109532,0.7245
0.109536,0.7245
0.10954,0.7245
0.109544,0.7245
0.109548,0.7245
0.109552,0.7245
0.109556,0.7245
0.10956,0.7084
0.109564,0.7084
0.109568,0.7245
0.109572,0.7084
0.109576,0.7084
0.10958,0.7245
0.109584,0.7084
0.109588,0.7245
0.109592,0.7245
0.109596,0.7084
0.1096,0.7245
0.109604,0.7245
0.109608,0.7245
0.109612,0.7084
0.109616,0.7245
0.10962,0.7245
0.109624,0.7245
0.109628,0.7084
0.109632,0.7245
0.109636,0.7245
0.10964,0.7084
0.109644,0.7245
0.109648,0.7084
0.109652,0.7245
0.109656,0.7245
0.10966,0.7245
0.109664,0.7084
0.109668,0.7084
0.109672,0.7084
0.109676,0.7245
0.10968,0.7245
0.109684,0.7245
0.109688,0.7084
0.109692,0.7245
0.109696,0.7084
0.1097,0.7245
0.109704,0.7245
0.109708,0.7245
0.109712,0.7084
0.109716,0.7245
0.10972,0.7245
0.109724,0.7084
0.109728,0.7084
0.109732,0.7084
0.109736,0.7084
0.10974,0.7084
0.109744,0.7245
0.109748,0.7084
0.109752,0.7084
0.109756,0.7084
0.10976,0.7084
0.109764,0.7084
0.109768,0.7084
0.109772,0.7084
0.109776,0.7245
0.10978,0.7084
0.109784,0.7084
0.109788,0.7084
0.109792,0.7084
0.109796,0.7084
0.1098,0.7084
0.109804,0.7084
0.109808,0.7084
0.109812,0.7084
0.109816,0.7084
0.10982,0.7084
0.109824,0.7084
0.109828,0.7084
0.109832,0.7084
0.109836,0.7084
0.10984,0.7084
0.109844,0.7084
0.109848,0.7084
0.109852,0.6923
0.109856,0.7084
0.10986,0.7084
0.109864,0.7084
0.109868,0.7084
0.109872,0.7084
0.109876,0.7084
0.10988,0.7084
0.109884,0.7084
0.109888,0.7084
0.109892,0.7084
0.109896,0.7084
0.1099,0.7084
0.109904,0.7084
0.109908,0.7084
0.109912,0.7084
0.109916,0.7084
0.10992,0.7084
0.109924,0.7084
0.109928,0.7084
0.109932,0.7084
0.109936,0.7084
0.10994,0.7245
0.109944,0.7245
0.109948,0.7084
0.109952,0.7084
0.109956,0.7084
0.10996,0.7084
0.109964,0.7084
0.109968,0.7084
0.109972,0.7084
0.109976,0.7084
0.10998,0.7084
0.109984,0.6923
0.109988,0.7084
0.109992,0.6923
0.109996,0.7084
0.11,0.6923
0.110004,0.7084
0.110008,0.7084
0.110012,0.6923
0.110016,0.6923
0.11002,0.6923
0.110024,0.7084
0.110028,0.7084
0.110032,0.7084
0.110036,0.6923
0.11004,0.7084
0.110044,0.7084
0.110048,0.7084
0.110052,0.6923
0.110056,0.6923
0.11006,0.6923
0.110064,0.7084
0.110068,0.6923
0.110072,0.6923
0.110076,0.7084
0.11008,0.6923
0.110084,0.7084
0.110088,0.6923
0.110092,0.6923
0.110096,0.6923
0.1101,0.6923
0.110104,0.6923
0.110108,0.7084
0.110112,0.6923
0.110116,0.7084
0.11012,0.6923
0.110124,0.6923
0.110128,0.6923
0.110132,0.6923
0.110136,0.6923
0.11014,0.6923
0.110144,0.6923
0.110148,0.6762
0.110152,0.7084
0.110156,0.6923
0.11016,0.6923
0.110164,0.6762
0.110168,0.6923
0.110172,0.7084
0.110176,0.6923
0.11018,0.6923
0.110184,0.6923
0.110188,0.6923
0.110192,0.6923
0.110196,0.6923
0.1102,0.6923
0.110204,0.6923
0.110208,0.6923
0.110212,0.6923
0.110216,0.6923
0.11022,0.6923
0.110224,0.6923
0.110228,0.6923
0.110232,0.6923
0.110236,0.6923
0.11024,0.6923
0.110244,0.6923
0.110248,0.6923
0.110252,0.6923
0.110256,0.6923
0.11026,0.6923
0.110264,0.6923
0.110268,0.6923
0.110272,0.6923
0.110276,0.6923
0.11028,0.6923
0.110284,0.6923
0.110288,0.6923
0.110292,0.6923
0.110296,0.6923
0.1103,0.6923
0.110304,0.6923
0.110308,0.6923
0.110312,0.6762
0.110316,0.6923
0.11032,0.6923
0.110324,0.6923
0.110328,0.6923
0.110332,0.6762
0.110336,0.6762
0.11034,0.6923
0.110344,0.6923
0.110348,0.6762
0.110352,0.6762
0.110356,0.6762
0.11036,0.6762
0.110364,0.6923
0.110368,0.6923
0.110372,0.6762
0.110376,0.6762
0.11038,0.6923
0.110384,0.6923
0.110388,0.6762
0.110392,0.6923
0.110396,0.6923
0.1104,0.6923
0.110404,0.6762
0.110408,0.6762
0.110412,0.6762
0.110416,0.6923
0.11042,0.6762
0.110424,0.6923
0.110428,0.6762
0.110432,0.6923
0.110436,0.6762
0.11044,0.6923
0.110444,0.6923
0.110448,0.6923
0.110452,0.6762
0.110456,0.6762
0.11046,0.6762
0.110464,0.6762
0.110468,0.6762
0.110472,0.6923
0.110476,0.6762
0.11048,0.6762
0.110484,0.6923
0.110488,0.6601
0.110492,0.6923
0.110496,0.6762
0.1105,0.6762
0.110504,0.6762
0.110508,0.6762
0.110512,0.6923
0.110516,0.6762
0.11052,0.6923
0.110524,0.6762
0.110528,0.6762
0.110532,0.6923
0.110536,0.6762
0.11054,0.6762
0.110544,0.6762
0.110548,0.6923
0.110552,0.6923
0.110556,0.6923
0.11056,0.6762
0.110564,0.6762
0.110568,0.6762
0.110572,0.6762
0.110576,0.6762
0.11058,0.6762
0.110584,0.6762
0.110588,0.6762
0.110592,0.6601
0.110596,0.6601
0.1106,0.6762
0.110604,0.6762
0.110608,0.6762
0.110612,0.6762
0.110616,0.6762
0.11062,0.6762
0.110624,0.6762
0.110628,0.6762
0.110632,0.6762
0.110636,0.6762
0.11064,0.6762
0.110644,0.6762
0.110648,0.6601
0.110652,0.6762
0.110656,0.6762
0.11066,0.6762
0.110664,0.6601
0.110668,0.6601
0.110672,0.6601
0.110676,0.6762
0.11068,0.6762
0.110684,0.6762
0.110688,0.6762
0.110692,0.6762
0.110696,0.6762
0.1107,0.6762
0.110704,0.6762
0.110708,0.6762
0.110712,0.6762
0.110716,0.6762
0.11072,0.6762
0.110724,0.6762
0.110728,0.6762
0.110732,0.6762
0.110736,0.6762
0.11074,0.6762
0.110744,0.6601
0.110748,0.6762
0.110752,0.6762
0.110756,0.6762
0.11076,0.6762
0.110764,0.6601
0.110768,0.6762
0.110772,0.6762
0.110776,0.6762
0.11078,0.6762
0.110784,0.6762
0.110788,0.6762
0.110792,0.6762
0.110796,0.6762
0.1108,0.6762
0.110804,0.6762
0.110808,0.6601
0.110812,0.6601
0.110816,0.6601
0.11082,0.6601
0.110824,0.6762
0.110828,0.6762
0.110832,0.6601
0.110836,0.6601
0.11084,0.6601
0.110844,0.6601
0.110848,0.6601
0.110852,0.6601
0.110856,0.6601
0.11086,0.6762
0.110864,0.6762
0.110868,0.6601
0.110872,0.6762
0.110876,0.6762
0.11088,0.6762
0.110884,0.6762
0.110888,0.6601
0.110892,0.6601
0.110896,0.6601
0.1109,0.6762
0.110904,0.6601
0.110908,0.6601
0.110912,0.6601
0.110916,0.6601
0.11092,0.6601
0.110924,0.6601
0.110928,0.6601
0.110932,0.6601
0.110936,0.6601
0.11094,0.6601
0.110944,0.6601
0.110948,0.6601
0.110952,0.6762
0.110956,0.6601
0.11096,0.6601
0.110964,0.6601
0.110968,0.6601
0.110972,0.6601
0.110976,0.6601
0.11098,0.6601
0.110984,0.6601
0.110988,0.6601
0.110992,0.6601
0.110996,0.6601
0.111,0.6601
0.111004,0.6601
0.111008,0.6601
0.111012,0.6601
0.111016,0.6601
0.11102,0.6601
0.111024,0.6601
0.111028,0.6601
0.111032,0.6601
0.111036,0.6601
0.11104,0.6601
0.111044,0.6601
0.111048,0.6601
0.111052,0.6601
0.111056,0.6601
0.11106,0.6601
0.111064,0.644
0.111068,0.644
0.111072,0.6601
0.111076,0.6601
0.11108,0.6601
0.111084,0.644
0.111088,0.6601
0.111092,0.6601
0.111096,0.6601
0.1111,0.6601
0.111104,0.6601
0.111108,0.6601
0.111112,0.6601
0.111116,0.6601
0.11112,0.6601
0.111124,0.644
0.111128,0.644
0.111132,0.6601
0.111136,0.6601
0.11114,0.644
0.111144,0.644
0.111148,0.6601
0.111152,0.6601
0.111156,0.644
0.11116,0.644
0.111164,0.644
0.111168,0.644
0.111172,0.6601
0.111176,0.644
0.11118,0.644
0.111184,0.644
0.111188,0.6601
0.111192,0.644
0.111196,0.644
0.1112,0.6601
0.111204,0.6601
0.111208,0.6601
0.111212,0.6601
0.111216,0.644
0.11122,0.6601
0.111224,0.644
0.111228,0.6601
0.111232,0.6601
0.111236,0.644
0.11124,0.644
0.111244,0.644
0.111248,0.644
0.111252,0.644
0.111256,0.644
0.11126,0.644
0.111264,0.644
0.111268,0.644
0.111272,0.644
0.111276,0.644
0.11128,0.644
0.111284,0.644
0.111288,0.6601
0.111292,0.644
0.111296,0.644
0.1113,0.6601
0.111304,0.6601
0.111308,0.6601
0.111312,0.644
0.111316,0.644
0.11132,0.6601
0.111324,0.644
0.111328,0.644
0.111332,0.6601
0.111336,0.644
0.11134,0.644
0.111344,0.644
0.111348,0.6279
0.111352,0.644
0.111356,0.644
0.11136,0.644
0.111364,0.644
0.111368,0.6601
0.111372,0.644
0.111376,0.644
0.11138,0.644
0.111384,0.644
0.111388,0.6601
0.111392,0.644
0.111396,0.644
0.1114,0.644
0.111404,0.644
0.111408,0.644
0.111412,0.644
0.111416,0.644
0.11142,0.644
0.111424,0.644
0.111428,0.6601
0.111432,0.644
0.111436,0.644
0.11144,0.6279
0.111444,0.644
0.111448,0.644
0.111452,0.644
0.111456,0.644
0.11146,0.644
0.111464,0.6279
0.111468,0.644
0.111472,0.644
0.111476,0.644
0.11148,0.644
0.111484,0.6279
0.111488,0.644
0.111492,0.644
0.111496,0.644
0.1115,0.644
0.111504,0.644
0.111508,0.644
0.111512,0.6279
0.111516,0.644
0.11152,0.6279
0.111524,0.644
0.111528,0.644
0.111532,0.644
0.111536,0.644
0.11154,0.6279
0.111544,0.644
0.111548,0.644
0.111552,0.644
0.111556,0.644
0.11156,0.6279
0.111564,0.644
0.111568,0.644
0.111572,0.644
0.111576,0.6279
0.11158,0.6279
0.111584,0.644
0.111588,0.644
0.111592,0.644
0.111596,0.6279
0.1116,0.644
0.111604,0.644
0.111608,0.644
0.111612,0.644
0.111616,0.6279
0.11162,0.6279
0.111624,0.644
0.111628,0.644
0.111632,0.644
0.111636,0.644
0.11164,0.644
0.111644,0.644
0.111648,0.644
0.111652,0.644
0.111656,0.6279
0.11166,0.644
0.111664,0.6279
0.111668,0.644
0.111672,0.6279
0.111676,0.644
0.11168,0.644
0.111684,0.6279
0.111688,0.6279
0.111692,0.644
0.111696,0.644
0.1117,0.644
0.111704,0.644
0.111708,0.6279
0.111712,0.644
0.111716,0.6279
0.11172,0.644
0.111724,0.6279
0.111728,0.6279
0.111732,0.6279
0.111736,0.6279
0.11174,0.6279
0.111744,0.6279
0.111748,0.6279
0.111752,0.6279
0.111756,0.644
0.11176,0.6279
0.111764,0.6279
0.111768,0.6279
0.111772,0.6279
0.111776,0.644
0.11178,0.6279
0.111784,0.6279
0.111788,0.6279
0.111792,0.6279
0.111796,0.6279
0.1118,0.6279
0.111804,0.6279
0.111808,0.6279
0.111812,0.6279
0.111816,0.644
0.11182,0.6279
0.111824,0.6279
0.111828,0.6279
0.111832,0.6279
0.111836,0.6279
0.11184,0.6279
0.111844,0.6279
0.111848,0.6279
0.111852,0.6279
0.111856,0.6279
0.11186,0.6279
0.111864,0.6279
0.111868,0.6279
0.111872,0.6279
0.111876,0.6279
0.11188,0.6279
0.111884,0.6118
0.111888,0.6279
0.111892,0.6279
0.111896,0.6279
0.1119,0.6279
0.111904,0.6279
0.111908,0.6279
0.111912,0.6279
0.111916,0.6279
0.11192,0.6279
0.111924,0.6279
0.111928,0.6279
0.111932,0.6279
0.111936,0.6279
0.11194,0.6279
0.111944,0.6279
0.111948,0.6279
0.111952,0.6279
0.111956,0.6279
0.11196,0.6279
0.111964,0.6118
0.111968,0.6279
0.111972,0.6279
0.111976,0.6279
0.11198,0.6118
0.111984,0.6279
0.111988,0.6279
0.111992,0.6118
0.111996,0.6118
0.112,0.6279
0.112004,0.6279
0.112008,0.6279
0.112012,0.6118
0.112016,0.6118
0.11202,0.6118
0.112024,0.6279
0.112028,0.6118
0.112032,0.6118
0.112036,0.6279
0.11204,0.6118
0.112044,0.6118
0.112048,0.6279
0.112052,0.6118
0.112056,0.6279
0.11206,0.6279
0.112064,0.6118
0.112068,0.6118
0.112072,0.6118
0.112076,0.6118
0.11208,0.6118
0.112084,0.6118
0.112088,0.6118
0.112092,0.6118
0.112096,0.6118
0.1121,0.6118
0.112104,0.6118
0.112108,0.6118
0.112112,0.6279
0.112116,0.6279
0.11212,0.6118
0.112124,0.6118
0.112128,0.6279
0.112132,0.6118
0.112136,0.6279
0.11214,0.6118
0.112144,0.6118
0.112148,0.6279
0.112152,0.6118
0.112156,0.6118
0.11216,0.6118
0.112164,0.6279
0.112168,0.6118
0.112172,0.6118
0.112176,0.6118
0.11218,0.6118
0.112184,0.6279
0.112188,0.6118
0.112192,0.6118
0.112196,0.6118
0.1122,0.6118
0.112204,0.6118
0.112208,0.6118
0.112212,0.6118
0.112216,0.6118
0.11222,0.6118
0.112224,0.6118
0.112228,0.6118
0.112232,0.6118
0.112236,0.6118
0.11224,0.6118
0.112244,0.6118
0.112248,0.6118
0.112252,0.6118
0.112256,0.6118
0.11226,0.6118
0.112264,0.6118
0.112268,0.6118
0.112272,0.6118
0.112276,0.6118
0.11228,0.6118
0.112284,0.6118
0.112288,0.6118
0.112292,0.6118
0.112296,0.6118
0.1123,0.6118
0.112304,0.6118
0.112308,0.6118
0.112312,0.6118
0.112316,0.6118
0.11232,0.6118
0.112324,0.5957
0.112328,0.6118
0.112332,0.6118
0.112336,0.6118
0.11234,0.6118
0.112344,0.6118
0.112348,0.6118
0.112352,0.6118
0.112356,0.6118
0.11236,0.5957
0.112364,0.6118
0.112368,0.5957
0.112372,0.6118
0.112376,0.6118
0.11238,0.6118
0.112384,0.6118
0.112388,0.6118
0.112392,0.6118
0.112396,0.6118
0.1124,0.6118
0.112404,0.6118
0.112408,0.6118
0.112412,0.5957
0.112416,0.6118
0.11242,0.5957
0.112424,0.6118
0.112428,0.6118
0.112432,0.6118
0.112436,0.6118
0.11244,0.6118
0.112444,0.6118
0.112448,0.6118
0.112452,0.6118
0.112456,0.5957
0.11246,0.6118
0.112464,0.6118
0.112468,0.6118
0.112472,0.6118
0.112476,0.5957
0.11248,0.6118
0.112484,0.5957
0.112488,0.6118
0.112492,0.5957
0.112496,0.6118
0.1125,0.6118
0.112504,0.6118
0.112508,0.6118
0.112512,0.5957
0.112516,0.5957
0.11252,0.5957
0.112524,0.5957
0.112528,0.5957
0.112532,0.5957
0.112536,0.6118
0.11254,0.5957
0.112544,0.5957
0.112548,0.5957
0.112552,0.5957
0.112556,0.5957
0.11256,0.5957
0.112564,0.5957
0.112568,0.6118
0.112572,0.5957
0.112576,0.6118
0.11258,0.6118
0.112584,0.5957
0.112588,0.5957
0.112592,0.5957
0.112596,0.5957
0.1126,0.5957
0.112604,0.6118
0.112608,0.5957
0.112612,0.6118
0.112616,0.6118
0.11262,0.5957
0.112624,0.5957
0.112628,0.5957
0.112632,0.5957
0.112636,0.5957
0.11264,0.5957
0.112644,0.5957
0.112648,0.5957
0.112652,0.5957
0.112656,0.5957
0.11266,0.5957
0.112664,0.5957
0.112668,0.5957
0.112672,0.5957
0.112676,0.5957
0.11268,0.5957
0.112684,0.5957
0.112688,0.5796
0.112692,0.5957
0.112696,0.5957
0.1127,0.5957
0.112704,0.5957
0.112708,0.5796
0.112712,0.5957
0.112716,0.5796
0.11272,0.5957
0.112724,0.5957
0.112728,0.5957
0.112732,0.5957
0.112736,0.5957
0.11274,0.5796
0.112744,0.5957
0.112748,0.5957
0.112752,0.5957
0.112756,0.5957
0.11276,0.5957
0.112764,0.5957
0.112768,0.5957
0.112772,0.5796
0.112776,0.5796
0.11278,0.5957
0.112784,0.5957
0.112788,0.5957
0.112792,0.5957
0.112796,0.5957
0.1128,0.5957
0.112804,0.5957
0.112808,0.5957
0.112812,0.5957
0.112816,0.5796
0.11282,0.5796
0.112824,0.5957
0.112828,0.5957
0.112832,0.5957
0.112836,0.5957
0.11284,0.5957
0.112844,0.5957
0.112848,0.5796
0.112852,0.5796
0.112856,0.5957
0.11286,0.5957
0.112864,0.5796
0.112868,0.5796
0.112872,0.5796
0.112876,0.5796
0.11288,0.5796
0.112884,0.5796
0.112888,0.5796
0.112892,0.5957
0.112896,0.5796
0.1129,0.5796
0.112904,0.5796
0.112908,0.5796
0.112912,0.5796
0.112916,0.5796
0.11292,0.5796
0.112924,0.5796
0.112928,0.5796
0.112932,0.5957
0.112936,0.5957
0.11294,0.5796
0.112944,0.5957
0.112948,0.5796
0.112952,0.5796
0.112956,0.5796
0.11296,0.5796
0.112964,0.5957
0.112968,0.5957
0.112972,0.5796
0.112976,0.5957
0.11298,0.5796
0.112984,0.5796
0.112988,0.5796
0.112992,0.5796
0.112996,0.5796
0.113,0.5796
0.113004,0.5635
0.113008,0.5796
0.113012,0.5796
0.113016,0.5796
0.11302,0.5796
0.113024,0.5957
0.113028,0.5796
0.113032,0.5796
0.113036,0.5635
0.11304,0.5796
0.113044,0.5796
0.113048,0.5796
0.113052,0.5796
0.113056,0.5635
0.11306,0.5796
0.113064,0.5796
0.113068,0.5796
0.113072,0.5796
0.113076,0.5796
0.11308,0.5796
0.113084,0.5796
0.113088,0.5796
0.113092,0.5796
0.113096,0.5635
0.1131,0.5796
0.113104,0.5796
0.113108,0.5796
0.113112,0.5635
0.113116,0.5796
0.11312,0.5957
0.113124,0.5796
0.113128,0.5635
0.113132,0.5635
0.113136,0.5796
0.11314,0.5796
0.113144,0.5796
0.113148,0.5635
0.113152,0.5796
0.113156,0.5635
0.11316,0.5796
0.113164,0.5635
0.113168,0.5796
0.113172,0.5796
0.113176,0.5635
0.11318,0.5796
0.113184,0.5796
0.113188,0.5635
0.113192,0.5796
0.113196,0.5796
0.1132,0.5796
0.113204,0.5796
0.113208,0.5796
0.113212,0.5796
0.113216,0.5796
0.11322,0.5796
0.113224,0.5635
0.113228,0.5635
0.113232,0.5796
0.113236,0.5635
0.11324,0.5635
0.113244,0.5796
0.113248,0.5635
0.113252,0.5635
0.113256,0.5635
0.11326,0.5635
0.113264,0.5796
0.113268,0.5796
0.113272,0.5796
0.113276,0.5635
0.11328,0.5796
0.113284,0.5635
0.113288,0.5796
0.113292,0.5635
0.113296,0.5796
0.1133,0.5635
0.113304,0.5635
0.113308,0.5635
0.113312,0.5796
0.113316,0.5635
0.11332,0.5796
0.113324,0.5635
0.113328,0.5796
0.113332,0.5635
0.113336,0.5635
0.11334,0.5796
0.113344,0.5635
0.113348,0.5635
0.113352,0.5635
0.113356,0.5635
0.11336,0.5635
0.113364,0.5635
0.113368,0.5635
0.113372,0.5635
0.113376,0.5796
0.11338,0.5635
0.113384,0.5635
0.113388,0.5635
0.113392,0.5635
0.113396,0.5796
0.1134,0.5796
0.113404,0.5635
0.113408,0.5474
0.113412,0.5796
0.113416,0.5635
0.11342,0.5635
0.113424,0.5635
0.113428,0.5635
0.113432,0.5796
0.113436,0.5635
0.11344,0.5635
0.113444,0.5635
0.113448,0.5635
0.113452,0.5635
0.113456,0.5635
0.11346,0.5635
0.113464,0.5635
0.113468,0.5635
0.113472,0.5635
0.113476,0.5796
0.11348,0.5635
0.113484,0.5635
0.113488,0.5796
0.113492,0.5635
0.113496,0.5635
0.1135,0.5635
0.113504,0.5635
0.113508,0.5635
0.113512,0.5635
0.113516,0.5796
0.11352,0.5474
0.113524,0.5635
0.113528,0.5635
0.113532,0.5635
0.113536,0.5635
0.11354,0.5635
0.113544,0.5635
0.113548,0.5635
0.113552,0.5635
0.113556,0.5635
0.11356,0.5635
0.113564,0.5635
0.113568,0.5635
0.113572,0.5635
0.113576,0.5635
0.11358,0.5635
0.113584,0.5474
0.113588,0.5474
0.113592,0.5635
0.113596,0.5635
0.1136,0.5635
0.113604,0.5635
0.113608,0.5635
0.113612,0.5635
0.113616,0.5635
0.11362,0.5635
0.113624,0.5635
0.113628,0.5635
0.113632,0.5635
0.113636,0.5474
0.11364,0.5635
0.113644,0.5474
0.113648,0.5635
0.113652,0.5635
0.113656,0.5635
0.11366,0.5635
0.113664,0.5474
0.113668,0.5635
0.113672,0.5635
0.113676,0.5635
0.11368,0.5474
0.113684,0.5635
0.113688,0.5635
0.113692,0.5635
0.113696,0.5635
0.1137,0.5635
0.113704,0.5635
0.113708,0.5635
0.113712,0.5635
0.113716,0.5635
0.11372,0.5635
0.113724,0.5635
0.113728,0.5635
0.113732,0.5635
0.113736,0.5635
0.11374,0.5635
0.113744,0.5635
0.113748,0.5635
0.113752,0.5635
0.113756,0.5635
0.11376,0.5635
0.113764,0.5635
0.113768,0.5635
0.113772,0.5474
0.113776,0.5796
0.11378,0.5635
0.113784,0.5474
0.113788,0.5635
0.113792,0.5474
0.113796,0.5635
0.1138,0.5635
0.113804,0.5474
0.113808,0.5474
0.113812,0.5635
0.113816,0.5635
0.11382,0.5635
0.113824,0.5635
0.113828,0.5635
0.113832,0.5474
0.113836,0.5474
0.11384,0.5635
0.113844,0.5635
0.113848,0.5474
0.113852,0.5635
0.113856,0.5474
0.11386,0.5474
0.113864,0.5474
0.113868,0.5474
0.113872,0.5635
0.113876,0.5474
0.11388,0.5474
0.113884,0.5474
0.113888,0.5474
0.113892,0.5474
0.113896,0.5474
0.1139,0.5474
0.113904,0.5635
0.113908,0.5474
0.113912,0.5474
0.113916,0.5635
0.11392,0.5474
0.113924,0.5474
0.113928,0.5474
0.113932,0.5635
0.113936,0.5635
0.11394,0.5474
0.113944,0.5474
0.113948,0.5474
0.113952,0.5474
0.113956,0.5635
0.11396,0.5635
0.113964,0.5474
0.113968,0.5474
0.113972,0.5474
0.113976,0.5635
0.11398,0.5474
0.113984,0.5635
0.113988,0.5474
0.113992,0.5474
0.113996,0.5474
0.114,0.5474
0.114004,0.5474
0.114008,0.5474
0.114012,0.5474
0.114016,0.5474
0.11402,0.5474
0.114024,0.5474
0.114028,0.5474
0.114032,0.5474
0.114036,0.5474
0.11404,0.5313
0.114044,0.5474
0.114048,0.5474
0.114052,0.5474
0.114056,0.5313
0.11406,0.5313
0.114064,0.5474
0.114068,0.5474
0.114072,0.5474
0.114076,0.5474
0.11408,0.5474
0.114084,0.5313
0.114088,0.5474
0.114092,0.5474
0.114096,0.5474
0.1141,0.5474
0.114104,0.5474
0.114108,0.5474
0.114112,0.5474
0.114116,0.5474
0.11412,0.5474
0.114124,0.5474
0.114128,0.5474
0.114132,0.5474
0.114136,0.5474
0.11414,0.5474
0.114144,0.5474
0.114148,0.5313
0.114152,0.5474
0.114156,0.5474
0.11416,0.5474
0.114164,0.5313
0.114168,0.5474
0.114172,0.5474
0.114176,0.5474
0.11418,0.5313
0.114184,0.5313
0.114188,0.5474
0.114192,0.5313
0.114196,0.5474
0.1142,0.5313
0.114204,0.5313
0.114208,0.5313
0.114212,0.5313
0.114216,0.5313
0.11422,0.5474
0.114224,0.5313
0.114228,0.5474
0.114232,0.5474
0.114236,0.5313
0.11424,0.5313
0.114244,0.5474
0.114248,0.5313
0.114252,0.5313
0.114256,0.5474
0.11426,0.5313
0.114264,0.5313
0.114268,0.5313
0.114272,0.5474
0.114276,0.5313
0.11428,0.5474
0.114284,0.5313
0.114288,0.5313
0.114292,0.5313
0.114296,0.5313
0.1143,0.5313
0.114304,0.5313
0.114308,0.5313
0.114312,0.5313
0.114316,0.5313
0.11432,0.5313
0.114324,0.5313
0.114328,0.5313
0.114332,0.5313
0.114336,0.5313
0.11434,0.5313
0.114344,0.5313
0.114348,0.5313
0.114352,0.5313
0.114356,0.5313
0.11436,0.5313
0.114364,0.5313
0.114368,0.5313
0.114372,0.5313
0.114376,0.5313
0.11438,0.5313
0.114384,0.5313
0.114388,0.5313
0.114392,0.5313
0.114396,0.5313
0.1144,0.5152
0.114404,0.5313
0.114408,0.5313
0.114412,0.5313
0.114416,0.5152
0.11442,0.5313
0.114424,0.5313
0.114428,0.5313
0.114432,0.5313
0.114436,0.5313
0.11444,0.5313
0.114444,0.5474
0.114448,0.5313
0.114452,0.5313
0.114456,0.5313
0.11446,0.5313
0.114464,0.5313
0.114468,0.5313
0.114472,0.5313
0.114476,0.5152
0.11448,0.5152
0.114484,0.5313
0.114488,0.5152
0.114492,0.5152
0.114496,0.5152
0.1145,0.5313
0.114504,0.5313
0.114508,0.5313
0.114512,0.5152
0.114516,0.5152
0.11452,0.5313
0.114524,0.5313
0.114528,0.5152
0.114532,0.5152
0.114536,0.5152
0.11454,0.5313
0.114544,0.5152
0.114548,0.5152
0.114552,0.5152
0.114556,0.5313
0.11456,0.5313
0.114564,0.5313
0.114568,0.5313
0.114572,0.5152
0.114576,0.5152
0.11458,0.5313
0.114584,0.5313
0.114588,0.5313
0.114592,0.5313
0.114596,0.5313
0.1146,0.5313
0.114604,0.5152
0.114608,0.5152
0.114612,0.5313
0.114616,0.5313
0.11462,0.5313
0.114624,0.5152
0.114628,0.5313
0.114632,0.5313
0.114636,0.5313
0.11464,0.5313
0.114644,0.5152
0.114648,0.5313
0.114652,0.5152
0.114656,0.5313
0.11466,0.5313
0.114664,0.5313
0.114668,0.5152
0.114672,0.5313
0.114676,0.5313
0.11468,0.5313
0.114684,0.5152
0.114688,0.5313
0.114692,0.5152
0.114696,0.5313
0.1147,0.5313
0.114704,0.5152
0.114708,0.5152
0.114712,0.5152
0.114716,0.5313
0.11472,0.5152
0.114724,0.5152
0.114728,0.5313
0.114732,0.5313
0.114736,0.5313
0.11474,0.5152
0.114744,0.5152
0.114748,0.5313
0.114752,0.5313
0.114756,0.5152
0.11476,0.5152
0.114764,0.5152
0.114768,0.5313
0.114772,0.5313
0.114776,0.5313
0.11478,0.5313
0.114784,0.5313
0.114788,0.5313
0.114792,0.5152
0.114796,0.5152
0.1148,0.5152
0.114804,0.5313
0.114808,0.5313
0.114812,0.5313
0.114816,0.5313
0.11482,0.5313
0.114824,0.5152
0.114828,0.5152
0.114832,0.5152
0.114836,0.5152
0.11484,0.5152
0.114844,0.5313
0.114848,0.5152
0.114852,0.5152
0.114856,0.5152
0.11486,0.5313
0.114864,0.5152
0.114868,0.5152
0.114872,0.5152
0.114876,0.5152
0.11488,0.5152
0.114884,0.5152
0.114888,0.5152
0.114892,0.5152
0.114896,0.5152
0.1149,0.5152
0.114904,0.5152
0.114908,0.5152
0.114912,0.5152
0.114916,0.5152
0.11492,0.5313
0.114924,0.5313
0.114928,0.5152
0.114932,0.5152
0.114936,0.5152
0.11494,0.5313
0.114944,0.5152
0.114948,0.5152
0.114952,0.5152
0.114956,0.5152
0.11496,0.5152
0.114964,0.5152
0.114968,0.5152
0.114972,0.5152
0.114976,0.5152
0.11498,0.5152
0.114984,0.5152
0.114988,0.4991
0.114992,0.4991
0.114996,0.5152
0.115,0.5152
0.115004,0.4991
0.115008,0.5152
0.115012,0.5152
0.115016,0.5152
0.11502,0.4991
0.115024,0.5152
0.115028,0.4991
0.115032,0.5152
0.115036,0.5152
0.11504,0.4991
0.115044,0.5152
0.115048,0.4991
0.115052,0.5152
0.115056,0.4991
0.11506,0.4991
0.115064,0.5152
0.115068,0.4991
0.115072,0.5152
0.115076,0.5152
0.11508,0.4991
0.115084,0.5152
0.115088,0.5152
0.115092,0.5152
0.115096,0.5152
0.1151,0.5152
0.115104,0.5152
0.115108,0.5152
0.115112,0.5152
0.115116,0.5152
0.11512,0.5152
0.115124,0.5152
0.115128,0.5152
0.115132,0.4991
0.115136,0.4991
0.11514,0.4991
0.115144,0.5152
0.115148,0.4991
0.115152,0.4991
0.115156,0.4991
0.11516,0.5152
0.115164,0.5152
0.115168,0.4991
0.115172,0.5152
0.115176,0.4991
0.11518,0.4991
0.115184,0.5152
0.115188,0.4991
0.115192,0.4991
0.115196,0.4991
0.1152,0.5152
0.115204,0.5152
0.115208,0.4991
0.115212,0.4991
0.115216,0.4991
0.11522,0.5152
0.115224,0.4991
0.115228,0.4991
0.115232,0.4991
0.115236,0.4991
0.11524,0.4991
0.115244,0.5152
0.115248,0.4991
0.115252,0.4991
0.115256,0.4991
0.11526,0.4991
0.115264,0.5152
0.115268,0.4991
0.115272,0.5152
0.115276,0.4991
0.11528,0.4991
0.115284,0.4991
0.115288,0.4991
0.115292,0.4991
0.115296,0.4991
0.1153,0.5152
0.115304,0.4991
0.115308,0.5152
0.115312,0.4991
0.115316,0.4991
0.11532,0.4991
0.115324,0.4991
0.115328,0.4991
0.115332,0.4991
0.115336,0.4991
0.11534,0.4991
0.115344,0.4991
0.115348,0.4991
0.115352,0.4991
0.115356,0.4991
0.11536,0.4991
0.115364,0.4991
0.115368,0.5152
0.115372,0.4991
0.115376,0.4991
0.11538,0.4991
0.115384,0.4991
0.115388,0.4991
0.115392,0.4991
0.115396,0.4991
0.1154,0.4991
0.115404,0.4991
0.115408,0.4991
0.115412,0.4991
0.115416,0.483
0.11542,0.4991
0.115424,0.4991
0.115428,0.4991
0.115432,0.4991
0.115436,0.4991
0.11544,0.4991
0.115444,0.483
0.115448,0.4991
0.115452,0.483
0.115456,0.4991
0.11546,0.4991
0.115464,0.4991
0.115468,0.4991
0.115472,0.4991
0.115476,0.4991
0.11548,0.4991
0.115484,0.4991
0.115488,0.4991
0.115492,0.4991
0.115496,0.5152
0.1155,0.4991
0.115504,0.483
0.115508,0.483
0.115512,0.483
0.115516,0.4991
0.11552,0.4991
0.115524,0.4991
0.115528,0.4991
0.115532,0.4991
0.115536,0.4991
0.11554,0.4991
0.115544,0.4991
0.115548,0.4991
0.115552,0.4991
0.115556,0.4991
0.11556,0.4991
0.115564,0.4991
0.115568,0.483
0.115572,0.4991
0.115576,0.483
0.11558,0.483
0.115584,0.4991
0.115588,0.483
0.115592,0.4991
0.115596,0.4991
0.1156,0.4991
0.115604,0.4991
0.115608,0.4991
0.115612,0.4991
0.115616,0.483
0.11562,0.483
0.115624,0.483
0.115628,0.4991
0.115632,0.4991
0.115636,0.4991
0.11564,0.4991
0.115644,0.483
0.115648,0.4991
0.115652,0.483
0.115656,0.4991
0.11566,0.4991
0.115664,0.483
0.115668,0.4991
0.115672,0.4991
0.115676,0.4991
0.11568,0.483
0.115684,0.483
0.115688,0.483
0.115692,0.4991
0.115696,0.483
0.1157,0.483
0.115704,0.483
0.115708,0.483
0.115712,0.4991
0.115716,0.483
0.11572,0.4991
0.115724,0.483
0.115728,0.4991
0.115732,0.4991
0.115736,0.4991
0.11574,0.483
0.115744,0.483
0.115748,0.483
0.115752,0.483
0.115756,0.483
0.11576,0.4991
0.115764,0.483
0.115768,0.483
0.115772,0.4991
0.115776,0.483
0.11578,0.4991
0.115784,0.483
0.115788,0.4991
0.115792,0.483
0.115796,0.483
0.1158,0.483
0.115804,0.4991
0.115808,0.4991
0.115812,0.4991
0.115816,0.483
0.11582,0.483
0.115824,0.4991
0.115828,0.4991
0.115832,0.483
0.115836,0.483
0.11584,0.4991
0.115844,0.483
0.115848,0.483
0.115852,0.483
0.115856,0.483
0.11586,0.483
0.115864,0.483
0.115868,0.483
0.115872,0.483
0.115876,0.483
0.11588,0.483
0.115884,0.483
0.115888,0.483
0.115892,0.483
0.115896,0.483
0.1159,0.483
0.115904,0.483
0.115908,0.4991
0.115912,0.483
0.115916,0.483
0.11592,0.483
0.115924,0.483
0.115928,0.483
0.115932,0.483
0.115936,0.483
0.11594,0.483
0.115944,0.483
0.115948,0.483
0.115952,0.483
0.115956,0.4991
0.11596,0.483
0.115964,0.483
0.115968,0.483
0.115972,0.483
0.115976,0.483
0.11598,0.483
0.115984,0.483
0.115988,0.483
0.115992,0.4991
0.115996,0.483
0.116,0.483
0.116004,0.483
0.116008,0.483
0.116012,0.483
0.116016,0.483
0.11602,0.483
0.116024,0.483
0.116028,0.483
0.116032,0.483
0.116036,0.483
0.11604,0.483
0.116044,0.483
0.116048,0.483
0.116052,0.483
0.116056,0.483
0.11606,0.483
0.116064,0.483
0.116068,0.483
0.116072,0.4991
0.116076,0.483
0.11608,0.4669
0.116084,0.4669
0.116088,0.483
0.116092,0.483
0.116096,0.4669
0.1161,0.483
0.116104,0.483
0.116108,0.483
0.116112,0.483
0.116116,0.483
0.11612,0.483
0.116124,0.483
0.116128,0.483
0.116132,0.483
0.116136,0.4669
0.11614,0.483
0.116144,0.483
0.116148,0.483
0.116152,0.4669
0.116156,0.4669
0.11616,0.483
0.116164,0.483
0.116168,0.483
0.116172,0.483
0.116176,0.4669
0.11618,0.483
0.116184,0.483
0.116188,0.4669
0.116192,0.4669
0.116196,0.4669
0.1162,0.483
0.116204,0.483
0.116208,0.483
0.116212,0.4669
0.116216,0.4669
0.11622,0.483
0.116224,0.4669
0.116228,0.4669
0.116232,0.4669
0.116236,0.4669
0.11624,0.4669
0.116244,0.4669
0.116248,0.4669
0.116252,0.4669
0.116256,0.4669
0.11626,0.483
0.116264,0.483
0.116268,0.4669
0.116272,0.4669
0.116276,0.4669
0.11628,0.483
0.116284,0.4669
0.116288,0.4669
0.116292,0.483
0.116296,0.483
0.1163,0.4669
0.116304,0.483
0.116308,0.4669
0.116312,0.4669
0.116316,0.483
0.11632,0.483
0.116324,0.4669
0.116328,0.4669
0.116332,0.483
0.116336,0.4669
0.11634,0.4669
0.116344,0.4669
0.116348,0.4669
0.116352,0.4669
0.116356,0.483
0.11636,0.4669
0.116364,0.4669
0.116368,0.4669
0.116372,0.4669
0.116376,0.4669
0.11638,0.4669
0.116384,0.4669
0.116388,0.4669
0.116392,0.4669
0.116396,0.4669
0.1164,0.4669
0.116404,0.4669
0.116408,0.4669
0.116412,0.4669
0.116416,0.4669
0.11642,0.4669
0.116424,0.4669
0.116428,0.4669
0.116432,0.4669
0.116436,0.4669
0.11644,0.4669
0.116444,0.483
0.116448,0.4669
0.116452,0.4669
0.116456,0.4669
0.11646,0.4669
0.116464,0.4669
0.116468,0.4669
0.116472,0.4669
0.116476,0.4508
0.11648,0.4669
0.116484,0.4669
0.116488,0.4508
0.116492,0.4669
0.116496,0.4669
0.1165,0.4669
0.116504,0.4669
0.116508,0.4669
0.116512,0.4669
0.116516,0.4669
0.11652,0.4669
0.116524,0.4669
0.116528,0.4508
0.116532,0.4669
0.116536,0.4669
0.11654,0.4669
0.116544,0.4669
0.116548,0.4669
0.116552,0.4508
0.116556,0.4508
0.11656,0.4669
0.116564,0.4508
0.116568,0.4508
0.116572,0.4508
0.116576,0.4669
0.11658,0.4669
0.116584,0.4669
0.116588,0.4669
0.116592,0.4669
0.116596,0.4669
0.1166,0.4669
0.116604,0.4669
0.116608,0.4669
0.116612,0.4669
0.116616,0.4669
0.11662,0.4669
0.116624,0.4669
0.116628,0.4669
0.116632,0.4669
0.116636,0.4669
0.11664,0.4669
0.116644,0.4669
0.116648,0.4669
0.116652,0.4669
0.116656,0.4669
0.11666,0.4669
0.116664,0.4508
0.116668,0.4508
0.116672,0.4508
0.116676,0.4669
0.11668,0.4669
0.116684,0.4669
0.116688,0.4508
0.116692,0.4508
0.116696,0.4669
0.1167,0.4669
0.116704,0.4508
0.116708,0.4669
0.116712,0.4508
0.116716,0.4669
0.11672,0.4669
0.116724,0.4508
0.116728,0.4669
0.116732,0.4508
0.116736,0.4508
0.11674,0.4508
0.116744,0.4508
0.116748,0.4508
0.116752,0.4508
0.116756,0.4669
0.11676,0.4508
0.116764,0.4508
0.116768,0.4508
0.116772,0.4508
0.116776,0.4669
0.11678,0.4508
0.116784,0.4508
0.116788,0.4508
0.116792,0.4669
0.116796,0.4669
0.1168,0.4669
0.116804,0.4669
0.116808,0.4508
0.116812,0.4508
0.116816,0.4508
0.11682,0.4508
0.116824,0.4508
0.116828,0.4669
0.116832,0.4669
0.116836,0.4508
0.11684,0.4508
0.116844,0.4508
0.116848,0.4508
0.116852,0.4508
0.116856,0.4508
0.11686,0.4508
0.116864,0.4508
0.116868,0.4508
0.116872,0.4669
0.116876,0.4508
0.11688,0.4669
0.116884,0.4508
0.116888,0.4508
0.116892,0.4508
0.116896,0.4508
0.1169,0.4669
0.116904,0.4508
0.116908,0.4508
0.116912,0.4669
0.116916,0.4508
0.11692,0.4508
0.116924,0.4508
0.116928,0.4508
0.116932,0.4669
0.116936,0.4508
0.11694,0.4669
0.116944,0.4508
0.116948,0.4508
0.116952,0.4669
0.116956,0.4669
0.11696,0.4508
0.116964,0.4508
0.116968,0.4669
0.116972,0.4669
0.116976,0.4508
0.11698,0.4508
0.116984,0.4508
0.116988,0.4508
0.116992,0.4508
0.116996,0.4508
0.117,0.4508
0.117004,0.4508
0.117008,0.4508
0.117012,0.4508
0.117016,0.4508
0.11702,0.4508
0.117024,0.4508
0.117028,0.4347
0.117032,0.4508
0.117036,0.4508
0.11704,0.4347
0.117044,0.4508
0.117048,0.4508
0.117052,0.4508
0.117056,0.4508
0.11706,0.4508
0.117064,0.4508
0.117068,0.4508
0.117072,0.4508
0.117076,0.4508
0.11708,0.4347
0.117084,0.4508
0.117088,0.4347
0.117092,0.4508
0.117096,0.4508
0.1171,0.4508
0.117104,0.4508
0.117108,0.4508
0.117112,0.4508
0.117116,0.4508
0.11712,0.4508
0.117124,0.4508
0.117128,0.4508
0.117132,0.4508
0.117136,0.4508
0.11714,0.4508
0.117144,0.4508
0.117148,0.4508
0.117152,0.4669
0.117156,0.4508
0.11716,0.4508
0.117164,0.4508
0.117168,0.4508
0.117172,0.4508
0.117176,0.4508
0.11718,0.4508
0.117184,0.4508
0.117188,0.4508
0.117192,0.4347
0.117196,0.4508
0.1172,0.4508
0.117204,0.4508
0.117208,0.4508
0.117212,0.4508
0.117216,0.4508
0.11722,0.4508
0.117224,0.4508
0.117228,0.4508
0.117232,0.4347
0.117236,0.4508
0.11724,0.4347
0.117244,0.4347
0.117248,0.4347
0.117252,0.4508
0.117256,0.4347
0.11726,0.4347
0.117264,0.4347
0.117268,0.4347
0.117272,0.4508
0.117276,0.4508
0.11728,0.4508
0.117284,0.4347
0.117288,0.4347
0.117292,0.4508
0.117296,0.4347
0.1173,0.4508
0.117304,0.4508
0.117308,0.4347
0.117312,0.4347
0.117316,0.4508
0.11732,0.4347
0.117324,0.4347
0.117328,0.4508
0.117332,0.4508
0.117336,0.4347
0.11734,0.4508
0.117344,0.4508
0.117348,0.4347
0.117352,0.4347
0.117356,0.4508
0.11736,0.4347
0.117364,0.4347
0.117368,0.4347
0.117372,0.4508
0.117376,0.4508
0.11738,0.4347
0.117384,0.4347
0.117388,0.4347
0.117392,0.4347
0.117396,0.4347
0.1174,0.4508
0.117404,0.4347
0.117408,0.4347
0.117412,0.4347
0.117416,0.4347
0.11742,0.4347
0.117424,0.4347
0.117428,0.4347
0.117432,0.4347
0.117436,0.4347
0.11744,0.4347
0.117444,0.4347
0.117448,0.4347
0.117452,0.4347
0.117456,0.4347
0.11746,0.4347
0.117464,0.4347
0.117468,0.4347
0.117472,0.4347
0.117476,0.4347
0.11748,0.41859999999999997
0.117484,0.4347
0.117488,0.4347
0.117492,0.4347
0.117496,0.4347
0.1175,0.4347
0.117504,0.4508
0.117508,0.4347
0.117512,0.41859999999999997
0.117516,0.4347
0.11752,0.4347
0.117524,0.4347
0.117528,0.4347
0.117532,0.4347
0.117536,0.4347
0.11754,0.4347
0.117544,0.41859999999999997
0.117548,0.4347
0.117552,0.41859999999999997
0.117556,0.4347
0.11756,0.4347
0.117564,0.4347
0.117568,0.41859999999999997
0.117572,0.4347
0.117576,0.4347
0.11758,0.41859999999999997
0.117584,0.41859999999999997
0.117588,0.4347
0.117592,0.4347
0.117596,0.4347
0.1176,0.41859999999999997
0.117604,0.41859999999999997
0.117608,0.4347
0.117612,0.4347
0.117616,0.41859999999999997
0.11762,0.41859999999999997
0.117624,0.41859999999999997
0.117628,0.4347
0.117632,0.4347
0.117636,0.4347
0.11764,0.4347
0.117644,0.4347
0.117648,0.4347
0.117652,0.41859999999999997
0.117656,0.41859999999999997
0.11766,0.4347
0.117664,0.4347
0.117668,0.4347
0.117672,0.41859999999999997
0.117676,0.41859999999999997
0.11768,0.41859999999999997
0.117684,0.4347
0.117688,0.4347
0.117692,0.4347
0.117696,0.4347
0.1177,0.4347
0.117704,0.4347
0.117708,0.4347
0.117712,0.4347
0.117716,0.4347
0.11772,0.4347
0.117724,0.4347
0.117728,0.4347
0.117732,0.41859999999999997
0.117736,0.41859999999999997
0.11774,0.4347
0.117744,0.41859999999999997
0.117748,0.41859999999999997
0.117752,0.4347
0.117756,0.41859999999999997
0.11776,0.41859999999999997
0.117764,0.4347
0.117768,0.41859999999999997
0.117772,0.41859999999999997
0.117776,0.4347
0.11778,0.41859999999999997
0.117784,0.4347
0.117788,0.4347
0.117792,0.41859999999999997
0.117796,0.4347
0.1178,0.4347
0.117804,0.4347
0.117808,0.4347
0.117812,0.4347
0.117816,0.41859999999999997
0.11782,0.41859999999999997
0.117824,0.4347
0.117828,0.41859999999999997
0.117832,0.4347
0.117836,0.41859999999999997
0.11784,0.41859999999999997
0.117844,0.41859999999999997
0.117848,0.4347
0.117852,0.41859999999999997
0.117856,0.41859999999999997
0.11786,0.41859999999999997
0.117864,0.41859999999999997
0.117868,0.41859999999999997
0.117872,0.41859999999999997
0.117876,0.41859999999999997
0.11788,0.41859999999999997
0.117884,0.41859999999999997
0.117888,0.41859999999999997
0.117892,0.41859999999999997
0.117896,0.41859999999999997
0.1179,0.4347
0.117904,0.41859999999999997
0.117908,0.41859999999999997
0.117912,0.41859999999999997
0.117916,0.41859999999999997
0.11792,0.41859999999999997
0.117924,0.41859999999999997
0.117928,0.41859999999999997
0.117932,0.41859999999999997
0.117936,0.4347
0.11794,0.4347
0.117944,0.41859999999999997
0.117948,0.41859999999999997
0.117952,0.41859999999999997
0.117956,0.41859999999999997
0.11796,0.4347
0.117964,0.4347
0.117968,0.4347
0.117972,0.4347
0.117976,0.4347
0.11798,0.41859999999999997
0.117984,0.41859999999999997
0.117988,0.41859999999999997
0.117992,0.41859999999999997
0.117996,0.41859999999999997
0.118,0.41859999999999997
0.118004,0.41859999999999997
0.118008,0.41859999999999997
0.118012,0.41859999999999997
0.118016,0.41859999999999997
0.11802,0.41859999999999997
0.118024,0.41859999999999997
0.118028,0.41859999999999997
0.118032,0.41859999999999997
0.118036,0.41859999999999997
0.11804,0.41859999999999997
0.118044,0.41859999999999997
0.118048,0.41859999999999997
0.118052,0.41859999999999997
0.118056,0.4347
0.11806,0.41859999999999997
0.118064,0.4347
0.118068,0.41859999999999997
0.118072,0.41859999999999997
0.118076,0.41859999999999997
0.11808,0.41859999999999997
0.118084,0.40249999999999997
0.118088,0.41859999999999997
0.118092,0.4347
0.118096,0.4347
0.1181,0.41859999999999997
0.118104,0.41859999999999997
0.118108,0.40249999999999997
0.118112,0.4347
0.118116,0.41859999999999997
0.11812,0.41859999999999997
0.118124,0.41859999999999997
0.118128,0.41859999999999997
0.118132,0.4347
0.118136,0.41859999999999997
0.11814,0.41859999999999997
0.118144,0.41859999999999997
0.118148,0.41859999999999997
0.118152,0.41859999999999997
0.118156,0.40249999999999997
0.11816,0.41859999999999997
0.118164,0.41859999999999997
0.118168,0.41859999999999997
0.118172,0.41859999999999997
0.118176,0.41859999999999997
0.11818,0.40249999999999997
0.118184,0.41859999999999997
0.118188,0.41859999999999997
0.118192,0.41859999999999997
0.118196,0.40249999999999997
0.1182,0.40249999999999997
0.118204,0.41859999999999997
0.118208,0.41859999999999997
0.118212,0.41859999999999997
0.118216,0.41859999999999997
0.11822,0.40249999999999997
0.118224,0.41859999999999997
0.118228,0.41859999999999997
0.118232,0.41859999999999997
0.118236,0.41859999999999997
0.11824,0.41859999999999997
0.118244,0.41859999999999997
0.118248,0.41859999999999997
0.118252,0.41859999999999997
0.118256,0.40249999999999997
0.11826,0.41859999999999997
0.118264,0.40249999999999997
0.118268,0.41859999999999997
0.118272,0.40249999999999997
0.118276,0.41859999999999997
0.11828,0.41859999999999997
0.118284,0.41859999999999997
0.118288,0.41859999999999997
0.118292,0.41859999999999997
0.118296,0.41859999999999997
0.1183,0.41859999999999997
0.118304,0.41859999999999997
0.118308,0.41859999999999997
0.118312,0.41859999999999997
0.118316,0.41859999999999997
0.11832,0.41859999999999997
0.118324,0.40249999999999997
0.118328,0.41859999999999997
0.118332,0.41859999999999997
0.118336,0.41859999999999997
0.11834,0.41859999999999997
0.118344,0.41859999999999997
0.118348,0.40249999999999997
0.118352,0.41859999999999997
0.118356,0.41859999999999997
0.11836,0.40249999999999997
0.118364,0.41859999999999997
0.118368,0.41859999999999997
0.118372,0.41859999999999997
0.118376,0.40249999999999997
0.11838,0.41859999999999997
0.118384,0.40249999999999997
0.118388,0.41859999999999997
0.118392,0.41859999999999997
0.118396,0.40249999999999997
0.1184,0.41859999999999997
0.118404,0.40249999999999997
0.118408,0.40249999999999997
0.118412,0.40249999999999997
0.118416,0.40249999999999997
0.11842,0.41859999999999997
0.118424,0.40249999999999997
0.118428,0.40249999999999997
0.118432,0.41859999999999997
0.118436,0.40249999999999997
0.11844,0.40249999999999997
0.118444,0.41859999999999997
0.118448,0.40249999999999997
0.118452,0.41859999999999997
0.118456,0.41859999999999997
0.11846,0.41859999999999997
0.118464,0.40249999999999997
0.118468,0.41859999999999997
0.118472,0.41859999999999997
0.118476,0.41859999999999997
0.11848,0.40249999999999997
0.118484,0.40249999999999997
0.118488,0.41859999999999997
0.118492,0.41859999999999997
0.118496,0.40249999999999997
0.1185,0.40249999999999997
0.118504,0.40249999999999997
0.118508,0.41859999999999997
0.118512,0.41859999999999997
0.118516,0.40249999999999997
0.11852,0.40249999999999997
0.118524,0.40249999999999997
0.118528,0.41859999999999997
0.118532,0.40249999999999997
0.118536,0.40249999999999997
0.11854,0.40249999999999997
0.118544,0.40249999999999997
0.118548,0.40249999999999997
0.118552,0.40249999999999997
0.118556,0.40249999999999997
0.11856,0.40249999999999997
0.118564,0.40249999999999997
0.118568,0.40249999999999997
0.118572,0.40249999999999997
0.118576,0.40249999999999997
0.11858,0.40249999999999997
0.118584,0.40249999999999997
0.118588,0.40249999999999997
0.118592,0.40249999999999997
0.118596,0.40249999999999997
0.1186,0.40249999999999997
0.118604,0.41859999999999997
0.118608,0.40249999999999997
0.118612,0.40249999999999997
0.118616,0.40249999999999997
0.11862,0.40249999999999997
0.118624,0.41859999999999997
0.118628,0.40249999999999997
0.118632,0.40249999999999997
0.118636,0.41859999999999997
0.11864,0.41859999999999997
0.118644,0.40249999999999997
0.118648,0.40249999999999997
0.118652,0.40249999999999997
0.118656,0.41859999999999997
0.11866,0.40249999999999997
0.118664,0.40249999999999997
0.118668,0.41859999999999997
0.118672,0.40249999999999997
0.118676,0.40249999999999997
0.11868,0.40249999999999997
0.118684,0.40249999999999997
0.118688,0.41859999999999997
0.118692,0.40249999999999997
0.118696,0.40249999999999997
0.1187,0.40249999999999997
0.118704,0.40249999999999997
0.118708,0.40249999999999997
0.118712,0.40249999999999997
0.118716,0.40249999999999997
0.11872,0.40249999999999997
0.118724,0.40249999999999997
0.118728,0.40249999999999997
0.118732,0.40249999999999997
0.118736,0.40249999999999997
0.11874,0.40249999999999997
0.118744,0.40249999999999997
0.118748,0.40249999999999997
0.118752,0.38639999999999997
0.118756,0.40249999999999997
0.11876,0.40249999999999997
0.118764,0.40249999999999997
0.118768,0.40249999999999997
0.118772,0.40249999999999997
0.118776,0.40249999999999997
0.11878,0.40249999999999997
0.118784,0.40249999999999997
0.118788,0.40249999999999997
0.118792,0.40249999999999997
0.118796,0.40249999999999997
0.1188,0.40249999999999997
0.118804,0.40249999999999997
0.118808,0.40249999999999997
0.118812,0.40249999999999997
0.118816,0.40249999999999997
0.11882,0.40249999999999997
0.118824,0.40249999999999997
0.118828,0.38639999999999997
0.118832,0.40249999999999997
0.118836,0.40249999999999997
0.11884,0.40249999999999997
0.118844,0.38639999999999997
0.118848,0.38639999999999997
0.118852,0.38639999999999997
0.118856,0.40249999999999997
0.11886,0.40249999999999997
0.118864,0.40249999999999997
0.118868,0.40249999999999997
0.118872,0.38639999999999997
0.118876,0.40249999999999997
0.11888,0.40249999999999997
0.118884,0.40249999999999997
0.118888,0.40249999999999997
0.118892,0.40249999999999997
0.118896,0.40249999999999997
0.1189,0.40249999999999997
0.118904,0.40249999999999997
0.118908,0.38639999999999997
0.118912,0.40249999999999997
0.118916,0.38639999999999997
0.11892,0.40249999999999997
0.118924,0.38639999999999997
0.118928,0.38639999999999997
0.118932,0.40249999999999997
0.118936,0.40249999999999997
0.11894,0.40249999999999997
0.118944,0.40249999999999997
0.118948,0.38639999999999997
0.118952,0.40249999999999997
0.118956,0.40249999999999997
0.11896,0.41859999999999997
0.118964,0.40249999999999997
0.118968,0.40249999999999997
0.118972,0.40249999999999997
0.118976,0.40249999999999997
0.11898,0.38639999999999997
0.118984,0.40249999999999997
0.118988,0.40249999999999997
0.118992,0.40249999999999997
0.118996,0.40249999999999997
0.119,0.40249999999999997
0.119004,0.38639999999999997
0.119008,0.40249999999999997
0.119012,0.40249999999999997
0.119016,0.40249999999999997
0.11902,0.40249999999999997
0.119024,0.40249999999999997
0.119028,0.40249999999999997
0.119032,0.38639999999999997
0.119036,0.40249999999999997
0.11904,0.40249999999999997
0.119044,0.40249999999999997
0.119048,0.40249999999999997
0.119052,0.38639999999999997
0.119056,0.38639999999999997
0.11906,0.38639999999999997
0.119064,0.38639999999999997
0.119068,0.38639999999999997
0.119072,0.40249999999999997
0.119076,0.40249999999999997
0.11908,0.38639999999999997
0.119084,0.40249999999999997
0.119088,0.40249999999999997
0.119092,0.38639999999999997
0.119096,0.38639999999999997
0.1191,0.38639999999999997
0.119104,0.38639999999999997
0.119108,0.38639999999999997
0.119112,0.38639999999999997
0.119116,0.40249999999999997
0.11912,0.40249999999999997
0.119124,0.38639999999999997
0.119128,0.40249999999999997
0.119132,0.40249999999999997
0.119136,0.38639999999999997
0.11914,0.40249999999999997
0.119144,0.40249999999999997
0.119148,0.40249999999999997
0.119152,0.38639999999999997
0.119156,0.38639999999999997
0.11916,0.38639999999999997
0.119164,0.38639999999999997
0.119168,0.40249999999999997
0.119172,0.38639999999999997
0.119176,0.40249999999999997
0.11918,0.40249999999999997
0.119184,0.40249999999999997
0.119188,0.38639999999999997
0.119192,0.38639999999999997
0.119196,0.38639999999999997
0.1192,0.40249999999999997
0.119204,0.40249999999999997
0.119208,0.38639999999999997
0.119212,0.38639999999999997
0.119216,0.40249999999999997
0.11922,0.38639999999999997
0.119224,0.40249999999999997
0.119228,0.40249999999999997
0.119232,0.40249999999999997
0.119236,0.38639999999999997
0.11924,0.40249999999999997
0.119244,0.40249999999999997
0.119248,0.38639999999999997
0.119252,0.38639999999999997
0.119256,0.38639999999999997
0.11926,0.38639999999999997
0.119264,0.38639999999999997
0.119268,0.38639999999999997
0.119272,0.38639999999999997
0.119276,0.38639999999999997
0.11928,0.38639999999999997
0.119284,0.38639999999999997
0.119288,0.38639999999999997
0.119292,0.38639999999999997
0.119296,0.38639999999999997
0.1193,0.38639999999999997
0.119304,0.38639999999999997
0.119308,0.38639999999999997
0.119312,0.40249999999999997
0.119316,0.38639999999999997
0.11932,0.38639999999999997
0.119324,0.38639999999999997
0.119328,0.38639999999999997
0.119332,0.38639999999999997
0.119336,0.38639999999999997
0.11934,0.38639999999999997
0.119344,0.38639999999999997
0.119348,0.40249999999999997
0.119352,0.38639999999999997
0.119356,0.38639999999999997
0.11936,0.38639999999999997
0.119364,0.38639999999999997
0.119368,0.38639999999999997
0.119372,0.38639999999999997
0.119376,0.38639999999999997
0.11938,0.3703
0.119384,0.38639999999999997
0.119388,0.38639999999999997
0.119392,0.38639999999999997
0.119396,0.38639999999999997
0.1194,0.38639999999999997
0.119404,0.38639999999999997
0.119408,0.38639999999999997
0.119412,0.38639999999999997
0.119416,0.38639999999999997
0.11942,0.3703
0.119424,0.38639999999999997
0.119428,0.38639999999999997
0.119432,0.3703
0.119436,0.3703
0.11944,0.38639999999999997
0.119444,0.38639999999999997
0.119448,0.38639999999999997
0.119452,0.38639999999999997
0.119456,0.38639999999999997
0.11946,0.38639999999999997
0.119464,0.38639999999999997
0.119468,0.40249999999999997
0.119472,0.38639999999999997
0.119476,0.38639999999999997
0.11948,0.38639999999999997
0.119484,0.38639999999999997
0.119488,0.38639999999999997
0.119492,0.3703
0.119496,0.38639999999999997
0.1195,0.3703
0.119504,0.38639999999999997
0.119508,0.38639999999999997
0.119512,0.38639999999999997
0.119516,0.38639999999999997
0.11952,0.3703
0.119524,0.38639999999999997
0.119528,0.38639999999999997
0.119532,0.38639999999999997
0.119536,0.38639999999999997
0.11954,0.38639999999999997
0.119544,0.38639999999999997
0.119548,0.38639999999999997
0.119552,0.38639999999999997
0.119556,0.38639999999999997
0.11956,0.38639999999999997
0.119564,0.38639999999999997
0.119568,0.3703
0.119572,0.3703
0.119576,0.3703
0.11958,0.3703
0.119584,0.38639999999999997
0.119588,0.3703
0.119592,0.3703
0.119596,0.3703
0.1196,0.38639999999999997
0.119604,0.38639999999999997
0.119608,0.3703
0.119612,0.3703
0.119616,0.3703
0.11962,0.38639999999999997
0.119624,0.3703
0.119628,0.3703
0.119632,0.38639999999999997
0.119636,0.38639999999999997
0.11964,0.38639999999999997
0.119644,0.3703
0.119648,0.38639999999999997
0.119652,0.38639999999999997
0.119656,0.38639999999999997
0.11966,0.3703
0.119664,0.3703
0.119668,0.3703
0.119672,0.38639999999999997
0.119676,0.3703
0.11968,0.3703
0.119684,0.38639999999999997
0.119688,0.3703
0.119692,0.3703
0.119696,0.38639999999999997
0.1197,0.3703
0.119704,0.3703
0.119708,0.38639999999999997
0.119712,0.3703
0.119716,0.3703
0.11972,0.3703
0.119724,0.3703
0.119728,0.38639999999999997
0.119732,0.3703
0.119736,0.3703
0.11974,0.3703
0.119744,0.38639999999999997
0.119748,0.3703
0.119752,0.3703
0.119756,0.38639999999999997
0.11976,0.3703
0.119764,0.3703
0.119768,0.3703
0.119772,0.3703
0.119776,0.3703
0.11978,0.3703
0.119784,0.38639999999999997
0.119788,0.3703
0.119792,0.3703
0.119796,0.3703
0.1198,0.3703
0.119804,0.38639999999999997
0.119808,0.38639999999999997
0.119812,0.3703
0.119816,0.3703
0.11982,0.38639999999999997
0.119824,0.38639999999999997
0.119828,0.38639999999999997
0.119832,0.3703
0.119836,0.38639999999999997
0.11984,0.3703
0.119844,0.38639999999999997
0.119848,0.3703
0.119852,0.3703
0.119856,0.38639999999999997
0.11986,0.3703
0.119864,0.3703
0.119868,0.3703
0.119872,0.3703
0.119876,0.3703
0.11988,0.38639999999999997
0.119884,0.38639999999999997
0.119888,0.3703
0.119892,0.38639999999999997
0.119896,0.3703
0.1199,0.3703
0.119904,0.3703
0.119908,0.3703
0.119912,0.3703
0.119916,0.3703
0.11992,0.3703
0.119924,0.3703
0.119928,0.3703
0.119932,0.3703
0.119936,0.3703
0.11994,0.3703
0.119944,0.3703
0.119948,0.3703
0.119952,0.3703
0.119956,0.3703
0.11996,0.38639999999999997
0.119964,0.3703
0.119968,0.3703
0.119972,0.3703
0.119976,0.3703
0.11998,0.3703
0.119984,0.38639999999999997
0.119988,0.3703
0.119992,0.3703
0.119996,0.3703
0.12,0.3703
0.120004,0.3703
0.120008,0.3703
0.120012,0.3703
0.120016,0.3703
0.12002,0.3703
0.120024,0.3703
0.120028,0.3542
0.120032,0.3703
0.120036,0.3703
0.12004,0.3703
0.120044,0.3703
0.120048,0.3703
0.120052,0.3703
0.120056,0.3703
0.12006,0.3703
0.120064,0.3703
0.120068,0.3703
0.120072,0.3703
0.120076,0.38639999999999997
0.12008,0.3703
0.120084,0.3703
0.120088,0.3703
0.120092,0.3703
0.120096,0.3703
0.1201,0.3703
0.120104,0.3703
0.120108,0.3703
0.120112,0.38639999999999997
0.120116,0.3703
0.12012,0.3703
0.120124,0.3703
0.120128,0.3703
0.120132,0.38639999999999997
0.120136,0.38639999999999997
0.12014,0.3703
0.120144,0.3703
0.120148,0.3703
0.120152,0.38639999999999997
0.120156,0.3703
0.12016,0.3703
0.120164,0.3703
0.120168,0.3703
0.120172,0.38639999999999997
0.120176,0.3703
0.12018,0.3703
0.120184,0.3703
0.120188,0.3703
0.120192,0.38639999999999997
0.120196,0.3703
0.1202,0.3703
0.120204,0.3703
0.120208,0.3703
0.120212,0.3703
0.120216,0.38639999999999997
0.12022,0.3703
0.120224,0.3703
0.120228,0.3703
0.120232,0.3703
0.120236,0.3703
0.12024,0.3703
0.120244,0.38639999999999997
0.120248,0.3703
0.120252,0.3703
0.120256,0.3703
0.12026,0.3703
0.120264,0.3542
0.120268,0.3542
0.120272,0.3703
0.120276,0.3703
0.12028,0.3542
0.120284,0.3703
0.120288,0.3703
0.120292,0.3703
0.120296,0.3703
0.1203,0.3703
0.120304,0.3703
0.120308,0.3703
0.120312,0.3703
0.120316,0.3703
0.12032,0.3542
0.120324,0.3703
0.120328,0.3703
0.120332,0.3703
0.120336,0.3703
0.12034,0.3703
0.120344,0.3703
0.120348,0.3703
0.120352,0.3703
0.120356,0.3703
0.12036,0.3703
0.120364,0.3542
0.120368,0.3703
0.120372,0.3703
0.120376,0.3542
0.12038,0.3703
0.120384,0.3703
0.120388,0.3703
0.120392,0.3542
0.120396,0.3542
0.1204,0.3703
0.120404,0.3703
0.120408,0.3703
0.120412,0.3542
0.120416,0.3542
0.12042,0.3703
0.120424,0.3703
0.120428,0.3542
0.120432,0.3542
0.120436,0.3542
0.12044,0.3542
0.120444,0.3703
0.120448,0.3542
0.120452,0.3542
0.120456,0.3703
0.12046,0.3703
0.120464,0.3703
0.120468,0.3703
0.120472,0.3703
0.120476,0.3703
0.12048,0.3542
0.120484,0.3542
0.120488,0.3703
0.120492,0.3542
0.120496,0.3703
0.1205,0.3542
0.120504,0.3542
0.120508,0.3542
0.120512,0.3542
0.120516,0.3542
0.12052,0.3542
0.120524,0.3703
0.120528,0.3542
0.120532,0.3542
0.120536,0.3542
0.12054,0.3542
0.120544,0.3542
0.120548,0.3542
0.120552,0.3542
0.120556,0.3542
0.12056,0.3542
0.120564,0.3542
0.120568,0.3703
0.120572,0.3542
0.120576,0.3542
0.12058,0.3542
0.120584,0.3381
0.120588,0.3542
0.120592,0.3542
0.120596,0.3381
0.1206,0.3542
0.120604,0.3542
0.120608,0.3381
0.120612,0.3542
0.120616,0.3542
0.12062,0.3542
0.120624,0.3542
0.120628,0.3703
0.120632,0.3542
0.120636,0.3542
0.12064,0.3542
0.120644,0.3542
0.120648,0.3542
0.120652,0.3542
0.120656,0.3542
0.12066,0.3703
0.120664,0.3542
0.120668,0.3542
0.120672,0.3542
0.120676,0.3542
0.12068,0.3542
0.120684,0.3542
0.120688,0.3542
0.120692,0.3542
0.120696,0.3542
0.1207,0.3542
0.120704,0.3542
0.120708,0.3542
0.120712,0.3542
0.120716,0.3703
0.12072,0.3542
0.120724,0.3542
0.120728,0.3542
0.120732,0.3542
0.120736,0.3542
0.12074,0.3542
0.120744,0.3542
0.120748,0.3542
0.120752,0.3542
0.120756,0.3542
0.12076,0.3381
0.120764,0.3542
0.120768,0.3542
0.120772,0.3542
0.120776,0.3381
0.12078,0.3381
0.120784,0.3542
0.120788,0.3542
0.120792,0.3542
0.120796,0.3542
0.1208,0.3542
0.120804,0.3381
0.120808,0.3542
0.120812,0.3542
0.120816,0.3381
0.12082,0.3542
0.120824,0.3542
0.120828,0.3542
0.120832,0.3542
0.120836,0.3542
0.12084,0.3542
0.120844,0.3542
0.120848,0.3542
0.120852,0.3381
0.120856,0.3542
0.12086,0.3542
0.120864,0.3381
0.120868,0.3542
0.120872,0.3542
0.120876,0.3542
0.12088,0.3542
0.120884,0.3542
0.120888,0.3381
0.120892,0.3542
0.120896,0.3542
0.1209,0.3381
0.120904,0.3542
0.120908,0.3381
0.120912,0.3542
0.120916,0.3542
0.12092,0.3542
0.120924,0.3381
0.120928,0.3381
0.120932,0.3381
0.120936,0.3542
0.12094,0.3381
0.120944,0.3381
0.120948,0.3381
0.120952,0.3542
0.120956,0.3542
0.12096,0.3381
0.120964,0.3542
0.120968,0.3381
0.120972,0.3542
0.120976,0.3381
0.12098,0.3542
0.120984,0.3542
0.120988,0.3542
0.120992,0.3542
0.120996,0.3542
0.121,0.3381
0.121004,0.3381
0.121008,0.3381
0.121012,0.3542
0.121016,0.3542
0.12102,0.3542
0.121024,0.3381
0.121028,0.3381
0.121032,0.3542
0.121036,0.3381
0.12104,0.3381
0.121044,0.3381
0.121048,0.3542
0.121052,0.3542
0.121056,0.3542
0.12106,0.3542
0.121064,0.3381
0.121068,0.3381
0.121072,0.3542
0.121076,0.3542
0.12108,0.3542
0.121084,0.3542
0.121088,0.3381
0.121092,0.3542
0.121096,0.3381
0.1211,0.3381
0.121104,0.3381
0.121108,0.3381
0.121112,0.3381
0.121116,0.3381
0.12112,0.3542
0.121124,0.3542
0.121128,0.3381
0.121132,0.3381
0.121136,0.3381
0.12114,0.3542
0.121144,0.3542
0.121148,0.3381
0.121152,0.3381
0.121156,0.3542
0.12116,0.3542
0.121164,0.3542
0.121168,0.3542
0.121172,0.3381
0.121176,0.3381
0.12118,0.3381
0.121184,0.3381
0.121188,0.3381
0.121192,0.3381
0.121196,0.3381
0.1212,0.3381
0.121204,0.3381
0.121208,0.3381
0.121212,0.3381
0.121216,0.3381
0.12122,0.3381
0.121224,0.3381
0.121228,0.3381
0.121232,0.3381
0.121236,0.3381
0.12124,0.3381
0.121244,0.3381
0.121248,0.3381
0.121252,0.3381
0.121256,0.3381
0.12126,0.3381
0.121264,0.3381
0.121268,0.3381
0.121272,0.3381
0.121276,0.3381
0.12128,0.3381
0.121284,0.3381
0.121288,0.3381
0.121292,0.3381
0.121296,0.3542
0.1213,0.3542
0.121304,0.3381
0.121308,0.3542
0.121312,0.3381
0.121316,0.3381
0.12132,0.3542
0.121324,0.3381
0.121328,0.3542
0.121332,0.3542
0.121336,0.3542
0.12134,0.3542
0.121344,0.3381
0.121348,0.3381
0.121352,0.3542
0.121356,0.3381
0.12136,0.3542
0.121364,0.3381
0.121368,0.3381
0.121372,0.3381
0.121376,0.3381
0.12138,0.3381
0.121384,0.3381
0.121388,0.3381
0.121392,0.3381
0.121396,0.3381
0.1214,0.3381
0.121404,0.3381
0.121408,0.3381
0.121412,0.3381
0.121416,0.3381
0.12142,0.3381
0.121424,0.3381
0.121428,0.3381
0.121432,0.3381
0.121436,0.3381
0.12144,0.322
0.121444,0.3381
0.121448,0.3381
0.121452,0.3542
0.121456,0.3381
0.12146,0.3381
0.121464,0.3381
0.121468,0.3381
0.121472,0.3381
0.121476,0.3381
0.12148,0.3381
0.121484,0.3381
0.121488,0.3381
0.121492,0.3381
0.121496,0.3381
0.1215,0.3381
0.121504,0.3381
0.121508,0.3381
0.121512,0.3381
0.121516,0.3381
0.12152,0.3381
0.121524,0.3381
0.121528,0.3381
0.121532,0.3381
0.121536,0.3381
0.12154,0.3381
0.121544,0.3381
0.121548,0.3381
0.121552,0.322
0.121556,0.3381
0.12156,0.3381
0.121564,0.3381
0.121568,0.3381
0.121572,0.3381
0.121576,0.3381
0.12158,0.3381
0.121584,0.3381
0.121588,0.3381
0.121592,0.3381
0.121596,0.3381
0.1216,0.322
0.121604,0.322
0.121608,0.322
0.121612,0.322
0.121616,0.3381
0.12162,0.322
0.121624,0.3381
0.121628,0.3381
0.121632,0.3542
0.121636,0.3381
0.12164,0.3381
0.121644,0.3381
0.121648,0.3381
0.121652,0.3542
0.121656,0.3381
0.12166,0.3381
0.121664,0.3381
0.121668,0.3381
0.121672,0.3381
0.121676,0.3381
0.12168,0.3381
0.121684,0.3381
0.121688,0.3381
0.121692,0.3381
0.121696,0.3381
0.1217,0.322
0.121704,0.3381
0.121708,0.3381
0.121712,0.3381
0.121716,0.3381
0.12172,0.3381
0.121724,0.322
0.121728,0.3381
0.121732,0.3381
0.121736,0.3381
0.12174,0.3381
0.121744,0.3381
0.121748,0.3381
0.121752,0.3381
0.121756,0.3381
0.12176,0.3381
0.121764,0.3381
0.121768,0.322
0.121772,0.3381
0.121776,0.3381
0.12178,0.322
0.121784,0.322
0.121788,0.3381
0.121792,0.322
0.121796,0.3381
0.1218,0.3381
0.121804,0.3381
0.121808,0.3381
0.121812,0.322
0.121816,0.322
0.12182,0.3381
0.121824,0.3381
0.121828,0.322
0.121832,0.3381
0.121836,0.322
0.12184,0.322
0.121844,0.3381
0.121848,0.3381
0.121852,0.3381
0.121856,0.3381
0.12186,0.322
0.121864,0.3381
0.121868,0.3381
0.121872,0.3381
0.121876,0.322
0.12188,0.322
0.121884,0.3381
0.121888,0.322
0.121892,0.3381
0.121896,0.3381
0.1219,0.3381
0.121904,0.3381
0.121908,0.3381
0.121912,0.3381
0.121916,0.3381
0.12192,0.322
0.121924,0.322
0.121928,0.3381
0.121932,0.322
0.121936,0.3381
0.12194,0.3381
0.121944,0.322
0.121948,0.322
0.121952,0.322
0.121956,0.3381
0.12196,0.322
0.121964,0.3381
0.121968,0.322
0.121972,0.3381
0.121976,0.3381
0.12198,0.3381
0.121984,0.322
0.121988,0.3381
0.121992,0.322
0.121996,0.322
0.122,0.322
0.122004,0.3381
0.122008,0.3381
0.122012,0.322
0.122016,0.3381
0.12202,0.322
0.122024,0.3381
0.122028,0.322
0.122032,0.3381
0.122036,0.322
0.12204,0.322
0.122044,0.3381
0.122048,0.322
0.122052,0.322
0.122056,0.322
0.12206,0.3381
0.122064,0.3381
0.122068,0.322
0.122072,0.322
0.122076,0.322
0.12208,0.322
0.122084,0.322
0.122088,0.322
0.122092,0.3381
0.122096,0.322
0.1221,0.322
0.122104,0.322
0.122108,0.3059
0.122112,0.3381
0.122116,0.322
0.12212,0.322
0.122124,0.322
0.122128,0.322
0.122132,0.322
0.122136,0.322
0.12214,0.3381
0.122144,0.322
0.122148,0.322
0.122152,0.3381
0.122156,0.322
0.12216,0.322
0.122164,0.322
0.122168,0.3381
0.122172,0.322
0.122176,0.322
0.12218,0.322
0.122184,0.322
0.122188,0.3381
0.122192,0.322
0.122196,0.322
0.1222,0.322
0.122204,0.322
0.122208,0.322
0.122212,0.322
0.122216,0.322
0.12222,0.322
0.122224,0.322
0.122228,0.322
0.122232,0.322
0.122236,0.322
0.12224,0.322
0.122244,0.322
0.122248,0.322
0.122252,0.322
0.122256,0.322
0.12226,0.322
0.122264,0.322
0.122268,0.322
0.122272,0.322
0.122276,0.322
0.12228,0.3059
0.122284,0.322
0.122288,0.322
0.122292,0.322
0.122296,0.322
0.1223,0.322
0.122304,0.322
0.122308,0.322
0.122312,0.322
0.122316,0.322
0.12232,0.322
0.122324,0.322
0.122328,0.322
0.122332,0.322
0.122336,0.322
0.12234,0.322
0.122344,0.322
0.122348,0.3381
0.122352,0.322
0.122356,0.322
0.12236,0.322
0.122364,0.3059
0.122368,0.3059
0.122372,0.322
0.122376,0.3059
0.12238,0.322
0.122384,0.322
0.122388,0.322
0.122392,0.3059
0.122396,0.322
0.1224,0.322
0.122404,0.322
0.122408,0.322
0.122412,0.322
0.122416,0.3059
0.12242,0.322
0.122424,0.322
0.122428,0.322
0.122432,0.3059
0.122436,0.3059
0.12244,0.322
0.122444,0.322
0.122448,0.3059
0.122452,0.3059
0.122456,0.3059
0.12246,0.322
0.122464,0.3059
0.122468,0.3059
0.122472,0.322
0.122476,0.322
0.12248,0.322
0.122484,0.322
0.122488,0.322
0.122492,0.322
0.122496,0.322
0.1225,0.3059
0.122504,0.322
0.122508,0.322
0.122512,0.322
0.122516,0.322
0.12252,0.322
0.122524,0.322
0.122528,0.322
0.122532,0.322
0.122536,0.3059
0.12254,0.3059
0.122544,0.322
0.122548,0.322
0.122552,0.3059
0.122556,0.322
0.12256,0.3059
0.122564,0.322
0.122568,0.322
0.122572,0.322
0.122576,0.322
0.12258,0.322
0.122584,0.3059
0.122588,0.3059
0.122592,0.322
0.122596,0.322
0.1226,0.3059
0.122604,0.322
0.122608,0.322
0.122612,0.3059
0.122616,0.3059
0.12262,0.3059
0.122624,0.3059
0.122628,0.3059
0.122632,0.3059
0.122636,0.3059
0.12264,0.3059
0.122644,0.322
0.122648,0.3059
0.122652,0.3059
0.122656,0.3059
0.12266,0.322
0.122664,0.322
0.122668,0.322
0.122672,0.3059
0.122676,0.3059
0.12268,0.322
0.122684,0.322
0.122688,0.3059
0.122692,0.3059
0.122696,0.3059
0.1227,0.3059
0.122704,0.3059
0.122708,0.3059
0.122712,0.3059
0.122716,0.3059
0.12272,0.3059
0.122724,0.2898
0.122728,0.3059
0.122732,0.3059
0.122736,0.322
0.12274,0.3059
0.122744,0.3059
0.122748,0.3059
0.122752,0.3059
0.122756,0.3059
0.12276,0.3059
0.122764,0.3059
0.122768,0.3059
0.122772,0.3059
0.122776,0.3059
0.12278,0.3059
0.122784,0.3059
0.122788,0.3059
0.122792,0.3059
0.122796,0.3059
0.1228,0.3059
0.122804,0.3059
0.122808,0.3059
0.122812,0.322
0.122816,0.3059
0.12282,0.3059
0.122824,0.3059
0.122828,0.3059
0.122832,0.3059
0.122836,0.3059
0.12284,0.3059
0.122844,0.3059
0.122848,0.3059
0.122852,0.3059
0.122856,0.3059
0.12286,0.3059
0.122864,0.3059
0.122868,0.3059
0.122872,0.3059
0.122876,0.322
0.12288,0.3059
0.122884,0.3059
0.122888,0.3059
0.122892,0.3059
0.122896,0.3059
0.1229,0.3059
0.122904,0.3059
0.122908,0.3059
0.122912,0.3059
0.122916,0.3059
0.12292,0.3059
0.122924,0.3059
0.122928,0.3059
0.122932,0.3059
0.122936,0.3059
0.12294,0.3059
0.122944,0.3059
0.122948,0.3059
0.122952,0.3059
0.122956,0.3059
0.12296,0.3059
0.122964,0.3059
0.122968,0.2898
0.122972,0.3059
0.122976,0.3059
0.12298,0.3059
0.122984,0.322
0.122988,0.3059
0.122992,0.3059
0.122996,0.3059
0.123,0.3059
0.123004,0.3059
0.123008,0.3059
0.123012,0.3059
0.123016,0.3059
0.12302,0.3059
0.123024,0.3059
0.123028,0.3059
0.123032,0.3059
0.123036,0.3059
0.12304,0.3059
0.123044,0.3059
0.123048,0.3059
0.123052,0.3059
0.123056,0.3059
0.12306,0.3059
0.123064,0.2898
0.123068,0.3059
0.123072,0.3059
0.123076,0.3059
0.12308,0.3059
0.123084,0.3059
0.123088,0.3059
0.123092,0.3059
0.123096,0.3059
0.1231,0.3059
0.123104,0.3059
0.123108,0.3059
0.123112,0.3059
0.123116,0.3059
0.12312,0.2898
0.123124,0.3059
0.123128,0.2898
0.123132,0.3059
0.123136,0.2898
0.12314,0.2898
0.123144,0.3059
0.123148,0.3059
0.123152,0.3059
0.123156,0.3059
0.12316,0.3059
0.123164,0.3059
0.123168,0.3059
0.123172,0.3059
0.123176,0.3059
0.12318,0.3059
0.123184,0.3059
0.123188,0.3059
0.123192,0.3059
0.123196,0.322
0.1232,0.3059
0.123204,0.3059
0.123208,0.3059
0.123212,0.3059
0.123216,0.3059
0.12322,0.3059
0.123224,0.3059
0.123228,0.3059
0.123232,0.3059
0.123236,0.3059
0.12324,0.3059
0.123244,0.3059
0.123248,0.3059
0.123252,0.3059
0.123256,0.3059
0.12326,0.322
0.123264,0.3059
0.123268,0.2898
0.123272,0.3059
0.123276,0.3059
0.12328,0.3059
0.123284,0.3059
0.123288,0.2898
0.123292,0.3059
0.123296,0.3059
0.1233,0.2898
0.123304,0.2898
0.123308,0.3059
0.123312,0.2898
0.123316,0.2898
0.12332,0.3059
0.123324,0.3059
0.123328,0.3059
0.123332,0.3059
0.123336,0.2898
0.12334,0.3059
0.123344,0.3059
0.123348,0.3059
0.123352,0.3059
0.123356,0.2898
0.12336,0.2898
0.123364,0.3059
0.123368,0.2898
0.123372,0.2898
0.123376,0.3059
0.12338,0.3059
0.123384,0.2898
0.123388,0.3059
0.123392,0.3059
0.123396,0.2898
0.1234,0.2898
0.123404,0.3059
0.123408,0.2898
0.123412,0.2898
0.123416,0.2898
0.12342,0.2898
0.123424,0.2898
0.123428,0.3059
0.123432,0.2898
0.123436,0.3059
0.12344,0.2898
0.123444,0.2898
0.123448,0.2898
0.123452,0.2898
0.123456,0.2898
0.12346,0.2898
0.123464,0.2898
0.123468,0.2898
0.123472,0.3059
0.123476,0.3059
0.12348,0.3059
0.123484,0.2898
0.123488,0.2898
0.123492,0.2898
0.123496,0.3059
0.1235,0.3059
0.123504,0.3059
0.123508,0.2898
0.123512,0.3059
0.123516,0.3059
0.12352,0.3059
0.123524,0.3059
0.123528,0.2898
0.123532,0.3059
0.123536,0.3059
0.12354,0.2898
0.123544,0.2898
0.123548,0.2898
0.123552,0.2898
0.123556,0.2898
0.12356,0.2898
0.123564,0.2898
0.123568,0.2898
0.123572,0.3059
0.123576,0.2898
0.12358,0.2898
0.123584,0.2898
0.123588,0.2898
0.123592,0.3059
0.123596,0.2898
0.1236,0.2898
0.123604,0.2898
0.123608,0.2898
0.123612,0.3059
0.123616,0.2898
0.12362,0.2898
0.123624,0.2898
0.123628,0.2898
0.123632,0.2898
0.123636,0.2898
0.12364,0.2898
0.123644,0.2898
0.123648,0.2898
0.123652,0.2898
0.123656,0.2898
0.12366,0.2898
0.123664,0.2898
0.123668,0.2898
0.123672,0.2898
0.123676,0.2898
0.12368,0.2898
0.123684,0.2898
0.123688,0.2898
0.123692,0.2898
0.123696,0.2898
0.1237,0.3059
0.123704,0.2737
0.123708,0.2898
0.123712,0.2898
0.123716,0.2898
0.12372,0.2898
0.123724,0.2898
0.123728,0.2898
0.123732,0.2898
0.123736,0.2898
0.12374,0.2898
0.123744,0.2898
0.123748,0.2898
0.123752,0.2898
0.123756,0.2898
0.12376,0.2898
0.123764,0.2898
0.123768,0.2898
0.123772,0.2898
0.123776,0.2898
0.12378,0.2737
0.123784,0.2898
0.123788,0.2898
0.123792,0.2898
0.123796,0.2898
0.1238,0.2898
0.123804,0.2898
0.123808,0.2898
0.123812,0.2898
0.123816,0.2898
0.12382,0.2898
0.123824,0.2898
0.123828,0.3059
0.123832,0.2898
0.123836,0.2898
0.12384,0.2898
0.123844,0.2898
0.123848,0.2898
0.123852,0.2898
0.123856,0.2898
0.12386,0.2898
0.123864,0.2898
0.123868,0.2898
0.123872,0.2898
0.123876,0.2898
0.12388,0.2898
0.123884,0.2898
0.123888,0.2898
0.123892,0.2898
0.123896,0.2737
0.1239,0.2737
0.123904,0.2898
0.123908,0.2737
0.123912,0.2898
0.123916,0.2737
0.12392,0.2737
0.123924,0.2737
0.123928,0.2737
0.123932,0.2737
0.123936,0.2737
0.12394,0.2898
0.123944,0.2898
0.123948,0.2898
0.123952,0.2737
0.123956,0.2898
0.12396,0.2737
0.123964,0.2737
0.123968,0.2737
0.123972,0.2898
0.123976,0.2737
0.12398,0.2898
0.123984,0.2737
0.123988,0.2898
0.123992,0.2898
0.123996,0.2737
0.124,0.2898
0.124004,0.2898
0.124008,0.2898
0.124012,0.2898
0.124016,0.2898
0.12402,0.2737
0.124024,0.2898
0.124028,0.2898
0.124032,0.2737
0.124036,0.2737
0.12404,0.2898
0.124044,0.3059
0.124048,0.2737
0.124052,0.2898
0.124056,0.2898
0.12406,0.2737
0.124064,0.2898
0.124068,0.2898
0.124072,0.2737
0.124076,0.2898
0.12408,0.2737
0.124084,0.2898
0.124088,0.2737
0.124092,0.2898
0.124096,0.2898
0.1241,0.2737
0.124104,0.2898
0.124108,0.2737
0.124112,0.2737
0.124116,0.2737
0.12412,0.2898
0.124124,0.2737
0.124128,0.2737
0.124132,0.2737
0.124136,0.2737
0.12414,0.2898
0.124144,0.2737
0.124148,0.2898
0.124152,0.2898
0.124156,0.2898
0.12416,0.2898
0.124164,0.2737
0.124168,0.2898
0.124172,0.2898
0.124176,0.2898
0.12418,0.2898
0.124184,0.2737
0.124188,0.2898
0.124192,0.2898
0.124196,0.2737
0.1242,0.2898
0.124204,0.2898
0.124208,0.2898
0.124212,0.2737
0.124216,0.2737
0.12422,0.2898
0.124224,0.2898
0.124228,0.2898
0.124232,0.2898
0.124236,0.2898
0.12424,0.2898
0.124244,0.2737
0.124248,0.2737
0.124252,0.2737
0.124256,0.2898
0.12426,0.2737
0.124264,0.2737
0.124268,0.2898
0.124272,0.2737
0.124276,0.2737
0.12428,0.2898
0.124284,0.2898
0.124288,0.2737
0.124292,0.2737
0.124296,0.2737
0.1243,0.2737
0.124304,0.2737
0.124308,0.2898
0.124312,0.2898
0.124316,0.2737
0.12432,0.2898
0.124324,0.2737
0.124328,0.2898
0.124332,0.2737
0.124336,0.2737
0.12434,0.2898
0.124344,0.2898
0.124348,0.2737
0.124352,0.2898
0.124356,0.2898
0.12436,0.2898
0.124364,0.2737
0.124368,0.2737
0.124372,0.2737
0.124376,0.2737
0.12438,0.2737
0.124384,0.2898
0.124388,0.2737
0.124392,0.2737
0.124396,0.2737
0.1244,0.2898
0.124404,0.2737
0.124408,0.2737
0.124412,0.2737
0.124416,0.2898
0.12442,0.2898
0.124424,0.2898
0.124428,0.2898
0.124432,0.2898
0.124436,0.2737
0.12444,0.2737
0.124444,0.2737
0.124448,0.2737
0.124452,0.2737
0.124456,0.2898
0.12446,0.2737
0.124464,0.2737
0.124468,0.2737
0.124472,0.2737
0.124476,0.2737
0.12448,0.2898
0.124484,0.2737
0.124488,0.2737
0.124492,0.2737
0.124496,0.2898
0.1245,0.2898
0.124504,0.2737
0.124508,0.2898
0.124512,0.2737
0.124516,0.2898
0.12452,0.2898
0.124524,0.2737
0.124528,0.2737
0.124532,0.2737
0.124536,0.2898
0.12454,0.2737
0.124544,0.2737
0.124548,0.2737
0.124552,0.2737
0.124556,0.2898
0.12456,0.2898
0.124564,0.2737
0.124568,0.2737
0.124572,0.2898
0.124576,0.2737
0.12458,0.2737
0.124584,0.2737
0.124588,0.2737
0.124592,0.2737
0.124596,0.2737
0.1246,0.2737
0.124604,0.2737
0.124608,0.2737
0.124612,0.2898
0.124616,0.2737
0.12462,0.2737
0.124624,0.2737
0.124628,0.2898
0.124632,0.2737
0.124636,0.2737
0.12464,0.2898
0.124644,0.2737
0.124648,0.2737
0.124652,0.2898
0.124656,0.2737
0.12466,0.2737
0.124664,0.2737
0.124668,0.2737
0.124672,0.2898
0.124676,0.2898
0.12468,0.2737
0.124684,0.2898
0.124688,0.2737
0.124692,0.2737
0.124696,0.2737
0.1247,0.2737
0.124704,0.2737
0.124708,0.2737
0.124712,0.2737
0.124716,0.2737
0.12472,0.2737
0.124724,0.2737
0.124728,0.2737
0.124732,0.2898
0.124736,0.2898
0.12474,0.2737
0.124744,0.2898
0.124748,0.2737
0.124752,0.2737
0.124756,0.2737
0.12476,0.2737
0.124764,0.2737
0.124768,0.2737
0.124772,0.2737
0.124776,0.2737
0.12478,0.2737
0.124784,0.2737
0.124788,0.2737
0.124792,0.2737
0.124796,0.2737
0.1248,0.2737
0.124804,0.2737
0.124808,0.2737
0.124812,0.2737
0.124816,0.2737
0.12482,0.2898
0.124824,0.2737
0.124828,0.2737
0.124832,0.2737
0.124836,0.2737
0.12484,0.2737
0.124844,0.2737
0.124848,0.2898
0.124852,0.2737
0.124856,0.2737
0.12486,0.2737
0.124864,0.2737
0.124868,0.2737
0.124872,0.2737
0.124876,0.2737
0.12488,0.2737
0.124884,0.2737
0.124888,0.2737
0.124892,0.2898
0.124896,0.2737
0.1249,0.2737
0.124904,0.2737
0.124908,0.2737
0.124912,0.2737
0.124916,0.2737
0.12492,0.2737
0.124924,0.2737
0.124928,0.2737
0.124932,0.2737
0.124936,0.2737
0.12494,0.2737
0.124944,0.2737
0.124948,0.2737
0.124952,0.2737
0.124956,0.2737
0.12496,0.2737
0.124964,0.2737
0.124968,0.2737
0.124972,0.2737
0.124976,0.2737
0.12498,0.2737
0.124984,0.2737
0.124988,0.2737
0.124992,0.2737
0.124996,0.2737
0.125,0.2737
0.125004,0.2737
0.125008,0.2737
0.125012,0.2737
0.125016,0.2737
0.12502,0.2737
0.125024,0.2737
0.125028,0.2737
0.125032,0.2737
0.125036,0.2737
0.12504,0.2737
0.125044,0.2737
0.125048,0.2737
0.125052,0.2737
0.125056,0.2737
0.12506,0.2737
0.125064,0.2737
0.125068,0.2737
0.125072,0.2737
0.125076,0.2737
0.12508,0.2737
0.125084,0.2737
0.125088,0.2737
0.125092,0.2576
0.125096,0.2737
0.1251,0.2737
0.125104,0.2737
0.125108,0.2576
0.125112,0.2737
0.125116,0.2737
0.12512,0.2576
0.125124,0.2576
0.125128,0.2737
0.125132,0.2737
0.125136,0.2576
0.12514,0.2737
0.125144,0.2576
0.125148,0.2576
0.125152,0.2737
0.125156,0.2737
0.12516,0.2737
0.125164,0.2737
0.125168,0.2737
0.125172,0.2737
0.125176,0.2737
0.12518,0.2737
0.125184,0.2737
0.125188,0.2737
0.125192,0.2576
0.125196,0.2737
0.1252,0.2737
0.125204,0.2576
0.125208,0.2576
0.125212,0.2737
0.125216,0.2576
0.12522,0.2737
0.125224,0.2737
0.125228,0.2737
0.125232,0.2737
0.125236,0.2576
0.12524,0.2737
0.125244,0.2737
0.125248,0.2737
0.125252,0.2576
0.125256,0.2737
0.12526,0.2576
0.125264,0.2576
0.125268,0.2576
0.125272,0.2737
0.125276,0.2576
0.12528,0.2576
0.125284,0.2576
0.125288,0.2576
0.125292,0.2576
0.125296,0.2576
0.1253,0.2576
0.125304,0.2576
0.125308,0.2737
0.125312,0.2737
0.125316,0.2576
0.12532,0.2576
0.125324,0.2576
0.125328,0.2576
0.125332,0.2576
0.125336,0.2576
0.12534,0.2576
0.125344,0.2737
0.125348,0.2737
0.125352,0.2737
0.125356,0.2576
0.12536,0.2737
0.125364,0.2576
0.125368,0.2576
0.125372,0.2576
0.125376,0.2737
0.12538,0.2576
0.125384,0.2737
0.125388,0.2576
0.125392,0.2576
0.125396,0.2576
0.1254,0.2576
0.125404,0.2576
0.125408,0.2737
0.125412,0.2576
0.125416,0.2576
0.12542,0.2576
0.125424,0.2737
0.125428,0.2576
0.125432,0.2576
0.125436,0.2576
0.12544,0.2576
0.125444,0.2576
0.125448,0.2576
0.125452,0.2576
0.125456,0.2576
0.12546,0.2576
0.125464,0.2576
0.125468,0.2576
0.125472,0.2576
0.125476,0.2576
0.12548,0.2576
0.125484,0.2576
0.125488,0.2576
0.125492,0.2576
0.125496,0.2576
0.1255,0.2576
0.125504,0.2576
0.125508,0.2576
0.125512,0.2576
0.125516,0.2737
0.12552,0.2576
0.125524,0.2576
0.125528,0.2576
0.125532,0.2576
0.125536,0.2576
0.12554,0.2576
0.125544,0.2576
0.125548,0.2576
0.125552,0.2576
0.125556,0.2576
0.12556,0.2576
0.125564,0.2576
0.125568,0.2576
0.125572,0.2576
0.125576,0.2576
0.12558,0.2576
0.125584,0.2576
0.125588,0.2576
0.125592,0.2576
0.125596,0.2576
0.1256,0.2576
0.125604,0.2576
0.125608,0.2415
0.125612,0.2576
0.125616,0.2576
0.12562,0.2576
0.125624,0.2415
0.125628,0.2576
0.125632,0.2737
0.125636,0.2576
0.12564,0.2737
0.125644,0.2737
0.125648,0.2576
0.125652,0.2576
0.125656,0.2576
0.12566,0.2576
0.125664,0.2576
0.125668,0.2576
0.125672,0.2576
0.125676,0.2576
0.12568,0.2576
0.125684,0.2576
0.125688,0.2737
0.125692,0.2576
0.125696,0.2576
0.1257,0.2576
0.125704,0.2576
0.125708,0.2576
0.125712,0.2576
0.125716,0.2576
0.12572,0.2576
0.125724,0.2576
0.125728,0.2576
0.125732,0.2737
0.125736,0.2576
0.12574,0.2576
0.125744,0.2576
0.125748,0.2415
0.125752,0.2415
0.125756,0.2415
0.12576,0.2576
0.125764,0.2415
0.125768,0.2576
0.125772,0.2576
0.125776,0.2576
0.12578,0.2576
0.125784,0.2576
0.125788,0.2576
0.125792,0.2415
0.125796,0.2576
0.1258,0.2415
0.125804,0.2576
0.125808,0.2576
0.125812,0.2576
0.125816,0.2576
0.12582,0.2415
0.125824,0.2576
0.125828,0.2576
0.125832,0.2576
0.125836,0.2576
0.12584,0.2576
0.125844,0.2576
0.125848,0.2576
0.125852,0.2576
0.125856,0.2576
0.12586,0.2576
0.125864,0.2576
0.125868,0.2576
0.125872,0.2576
0.125876,0.2576
0.12588,0.2576
0.125884,0.2576
0.125888,0.2415
0.125892,0.2576
0.125896,0.2576
0.1259,0.2576
0.125904,0.2576
0.125908,0.2576
0.125912,0.2576
0.125916,0.2576
0.12592,0.2576
0.125924,0.2576
0.125928,0.2576
0.125932,0.2576
0.125936,0.2576
0.12594,0.2415
0.125944,0.2415
0.125948,0.2576
0.125952,0.2576
0.125956,0.2576
0.12596,0.2576
0.125964,0.2576
0.125968,0.2737
0.125972,0.2576
0.125976,0.2576
0.12598,0.2576
0.125984,0.2415
0.125988,0.2576
0.125992,0.2737
0.125996,0.2576
0.126,0.2576
0.126004,0.2576
0.126008,0.2576
0.126012,0.2415
0.126016,0.2576
0.12602,0.2576
0.126024,0.2576
0.126028,0.2576
0.126032,0.2576
0.126036,0.2576
0.12604,0.2576
0.126044,0.2576
0.126048,0.2576
0.126052,0.2576
0.126056,0.2576
0.12606,0.2576
0.126064,0.2576
0.126068,0.2576
0.126072,0.2576
0.126076,0.2415
0.12608,0.2576
0.126084,0.2415
0.126088,0.2415
0.126092,0.2576
0.126096,0.2415
0.1261,0.2576
0.126104,0.2415
0.126108,0.2576
0.126112,0.2415
0.126116,0.2415
0.12612,0.2576
0.126124,0.2576
0.126128,0.2576
0.126132,0.2576
0.126136,0.2415
0.12614,0.2576
0.126144,0.2576
0.126148,0.2576
0.126152,0.2576
0.126156,0.2415
0.12616,0.2576
0.126164,0.2576
0.126168,0.2415
0.126172,0.2415
0.126176,0.2576
0.12618,0.2576
0.126184,0.2576
0.126188,0.2576
0.126192,0.2576
0.126196,0.2576
0.1262,0.2415
0.126204,0.2576
0.126208,0.2415
0.126212,0.2415
0.126216,0.2415
0.12622,0.2576
0.126224,0.2415
0.126228,0.2415
0.126232,0.2576
0.126236,0.2415
0.12624,0.2576
0.126244,0.2415
0.126248,0.2576
0.126252,0.2576
0.126256,0.2415
0.12626,0.2415
0.126264,0.2415
0.126268,0.2576
0.126272,0.2576
0.126276,0.2415
0.12628,0.2415
0.126284,0.2415
0.126288,0.2415
0.126292,0.2415
0.126296,0.2415
0.1263,0.2576
0.126304,0.2576
0.126308,0.2576
0.126312,0.2415
0.126316,0.2576
0.12632,0.2415
0.126324,0.2576
0.126328,0.2415
0.126332,0.2415
0.126336,0.2415
0.12634,0.2576
0.126344,0.2576
0.126348,0.2576
0.126352,0.2576
0.126356,0.2576
0.12636,0.2415
0.126364,0.2415
0.126368,0.2576
0.126372,0.2415
0.126376,0.2415
0.12638,0.2415
0.126384,0.2415
0.126388,0.2415
0.126392,0.2415
0.126396,0.2415
0.1264,0.2415
0.126404,0.2415
0.126408,0.2415
0.126412,0.2415
0.126416,0.2415
0.12642,0.2415
0.126424,0.2576
0.126428,0.2415
0.126432,0.2415
0.126436,0.2415
0.12644,0.2415
0.126444,0.2415
0.126448,0.2415
0.126452,0.2415
0.126456,0.2254
0.12646,0.2415
0.126464,0.2415
0.126468,0.2415
0.126472,0.2415
0.126476,0.2415
0.12648,0.2415
0.126484,0.2415
0.126488,0.2415
0.126492,0.2415
0.126496,0.2415
0.1265,0.2576
0.126504,0.2415
0.126508,0.2415
0.126512,0.2576
0.126516,0.2415
0.12652,0.2415
0.126524,0.2576
0.126528,0.2415
0.126532,0.2415
0.126536,0.2415
0.12654,0.2415
0.126544,0.2415
0.126548,0.2415
0.126552,0.2576
0.126556,0.2415
0.12656,0.2415
0.126564,0.2415
0.126568,0.2415
0.126572,0.2415
0.126576,0.2415
0.12658,0.2415
0.126584,0.2415
0.126588,0.2415
0.126592,0.2415
0.126596,0.2254
0.1266,0.2415
0.126604,0.2415
0.126608,0.2415
0.126612,0.2415
0.126616,0.2415
0.12662,0.2415
0.126624,0.2415
0.126628,0.2254
0.126632,0.2415
0.126636,0.2415
0.12664,0.2415
0.126644,0.2415
0.126648,0.2415
0.126652,0.2415
0.126656,0.2415
0.12666,0.2415
0.126664,0.2415
0.126668,0.2254
0.126672,0.2415
0.126676,0.2415
0.12668,0.2415
0.126684,0.2415
0.126688,0.2415
0.126692,0.2415
0.126696,0.2415
0.1267,0.2415
0.126704,0.2576
0.126708,0.2415
0.126712,0.2415
0.126716,0.2415
0.12672,0.2415
0.126724,0.2415
0.126728,0.2415
0.126732,0.2415
0.126736,0.2415
0.12674,0.2415
0.126744,0.2415
0.126748,0.2415
0.126752,0.2415
0.126756,0.2415
0.12676,0.2254
0.126764,0.2415
0.126768,0.2415
0.126772,0.2254
0.126776,0.2415
0.12678,0.2254
0.126784,0.2576
0.126788,0.2415
0.126792,0.2415
0.126796,0.2415
0.1268,0.2415
0.126804,0.2415
0.126808,0.2415
0.126812,0.2415
0.126816,0.2415
0.12682,0.2415
0.126824,0.2415
0.126828,0.2415
0.126832,0.2415
0.126836,0.2415
0.12684,0.2254
0.126844,0.2415
0.126848,0.2415
0.126852,0.2415
0.126856,0.2415
0.12686,0.2415
0.126864,0.2415
0.126868,0.2415
0.126872,0.2415
0.126876,0.2415
0.12688,0.2415
0.126884,0.2415
0.126888,0.2415
0.126892,0.2254
0.126896,0.2415
0.1269,0.2576
0.126904,0.2576
0.126908,0.2415
0.126912,0.2415
0.126916,0.2415
0.12692,0.2415
0.126924,0.2415
0.126928,0.2415
0.126932,0.2415
0.126936,0.2415
0.12694,0.2415
0.126944,0.2415
0.126948,0.2415
0.126952,0.2415
0.126956,0.2415
0.12696,0.2415
0.126964,0.2415
0.126968,0.2415
0.126972,0.2415
0.126976,0.2415
0.12698,0.2415
0.126984,0.2415
0.126988,0.2415
0.126992,0.2415
0.126996,0.2415
0.127,0.2254
0.127004,0.2254
0.127008,0.2415
0.127012,0.2415
0.127016,0.2254
0.12702,0.2415
0.127024,0.2415
0.127028,0.2415
0.127032,0.2415
0.127036,0.2415
0.12704,0.2415
0.127044,0.2415
0.127048,0.2415
0.127052,0.2415
0.127056,0.2415
0.12706,0.2415
0.127064,0.2415
0.127068,0.2415
0.127072,0.2415
0.127076,0.2415
0.12708,0.2254
0.127084,0.2415
0.127088,0.2415
0.127092,0.2415
0.127096,0.2254
0.1271,0.2254
0.127104,0.2415
0.127108,0.2415
0.127112,0.2415
0.127116,0.2254
0.12712,0.2415
0.127124,0.2254
0.127128,0.2254
0.127132,0.2415
0.127136,0.2254
0.12714,0.2415
0.127144,0.2254
0.127148,0.2254
0.127152,0.2415
0.127156,0.2415
0.12716,0.2415
0.127164,0.2415
0.127168,0.2415
0.127172,0.2254
0.127176,0.2254
0.12718,0.2415
0.127184,0.2415
0.127188,0.2254
0.127192,0.2415
0.127196,0.2415
0.1272,0.2415
0.127204,0.2415
0.127208,0.2415
0.127212,0.2415
0.127216,0.2415
0.12722,0.2254
0.127224,0.2415
0.127228,0.2254
0.127232,0.2254
0.127236,0.2415
0.12724,0.2254
0.127244,0.2254
0.127248,0.2415
0.127252,0.2415
0.127256,0.2254
0.12726,0.2415
0.127264,0.2254
0.127268,0.2415
0.127272,0.2415
0.127276,0.2254
0.12728,0.2254
0.127284,0.2254
0.127288,0.2415
0.127292,0.2415
0.127296,0.2254
0.1273,0.2254
0.127304,0.2415
0.127308,0.2415
0.127312,0.2254
0.127316,0.2254
0.12732,0.2415
0.127324,0.2415
0.127328,0.2254
0.127332,0.2254
0.127336,0.2415
0.12734,0.2254
0.127344,0.2254
0.127348,0.2254
0.127352,0.2254
0.127356,0.2415
0.12736,0.2415
0.127364,0.2415
0.127368,0.2254
0.127372,0.2254
0.127376,0.2415
0.12738,0.2254
0.127384,0.2254
0.127388,0.2415
0.127392,0.2254
0.127396,0.2415
0.1274,0.2254
0.127404,0.2254
0.127408,0.2415
0.127412,0.2415
0.127416,0.2415
0.12742,0.2254
0.127424,0.2254
0.127428,0.2415
0.127432,0.2415
0.127436,0.2415
0.12744,0.2254
0.127444,0.2254
0.127448,0.2254
0.127452,0.2254
0.127456,0.2254
0.12746,0.2254
0.127464,0.2254
0.127468,0.2415
0.127472,0.2254
0.127476,0.2254
0.12748,0.2254
0.127484,0.2415
0.127488,0.2415
0.127492,0.2254
0.127496,0.2254
0.1275,0.2254
0.127504,0.2254
0.127508,0.2254
0.127512,0.2254
0.127516,0.2415
0.12752,0.2254
0.127524,0.2415
0.127528,0.2254
0.127532,0.2415
0.127536,0.2254
0.12754,0.2254
0.127544,0.2254
0.127548,0.2415
0.127552,0.2254
0.127556,0.2254
0.12756,0.2415
0.127564,0.2254
0.127568,0.2254
0.127572,0.2254
0.127576,0.2254
0.12758,0.2254
0.127584,0.2254
0.127588,0.2415
0.127592,0.2254
0.127596,0.2254
0.1276,0.20929999999999999
0.127604,0.2254
0.127608,0.2254
0.127612,0.2254
0.127616,0.2254
0.12762,0.2254
0.127624,0.2254
0.127628,0.2254
0.127632,0.2254
0.127636,0.2254
0.12764,0.2254
0.127644,0.2254
0.127648,0.2254
0.127652,0.2254
0.127656,0.2415
0.12766,0.2254
0.127664,0.2254
0.127668,0.2254
0.127672,0.2254
0.127676,0.2254
0.12768,0.2254
0.127684,0.2254
0.127688,0.2254
0.127692,0.2254
0.127696,0.2415
0.1277,0.2254
0.127704,0.2254
0.127708,0.2254
0.127712,0.2254
0.127716,0.2415
0.12772,0.2254
0.127724,0.2254
0.127728,0.2254
0.127732,0.2254
0.127736,0.2254
0.12774,0.2254
0.127744,0.2254
0.127748,0.20929999999999999
0.127752,0.2254
0.127756,0.2254
0.12776,0.2254
0.127764,0.20929999999999999
0.127768,0.20929999999999999
0.127772,0.2254
0.127776,0.2254
0.12778,0.2254
0.127784,0.2254
0.127788,0.2254
0.127792,0.2254
0.127796,0.2254
0.1278,0.2254
0.127804,0.2254
0.127808,0.2415
0.127812,0.2254
0.127816,0.2254
0.12782,0.2254
0.127824,0.2254
0.127828,0.2254
0.127832,0.2254
0.127836,0.2254
0.12784,0.20929999999999999
0.127844,0.2254
0.127848,0.2254
0.127852,0.2254
0.127856,0.2254
0.12786,0.2254
0.127864,0.2415
0.127868,0.2415
0.127872,0.2254
0.127876,0.2254
0.12788,0.2254
0.127884,0.2254
0.127888,0.2254
0.127892,0.2254
0.127896,0.2254
0.1279,0.2254
0.127904,0.2254
0.127908,0.2254
0.127912,0.2254
0.127916,0.2254
0.12792,0.2254
0.127924,0.2254
0.127928,0.2254
0.127932,0.2254
0.127936,0.2254
0.12794,0.2254
0.127944,0.2254
0.127948,0.2254
0.127952,0.2254
0.127956,0.2254
0.12796,0.2254
0.127964,0.2254
0.127968,0.2415
0.127972,0.2254
0.127976,0.20929999999999999
0.12798,0.2254
0.127984,0.2254
0.127988,0.2254
0.127992,0.2254
0.127996,0.2254
0.128,0.2254
0.128004,0.2254
0.128008,0.2254
0.128012,0.2254
0.128016,0.2254
0.12802,0.20929999999999999
0.128024,0.2254
0.128028,0.2254
0.128032,0.2254
0.128036,0.20929999999999999
0.12804,0.2254
0.128044,0.2254
0.128048,0.2415
0.128052,0.2254
0.128056,0.2254
0.12806,0.20929999999999999
0.128064,0.2254
0.128068,0.2254
0.128072,0.2254
0.128076,0.2254
0.12808,0.20929999999999999
0.128084,0.2254
0.128088,0.2254
0.128092,0.2254
0.128096,0.2254
0.1281,0.20929999999999999
0.128104,0.20929999999999999
0.128108,0.2254
0.128112,0.2254
0.128116,0.2254
0.12812,0.20929999999999999
0.128124,0.20929999999999999
0.128128,0.2254
0.128132,0.2254
0.128136,0.2254
0.12814,0.2254
0.128144,0.2254
0.128148,0.2254
0.128152,0.20929999999999999
0.128156,0.20929999999999999
0.12816,0.2254
0.128164,0.20929999999999999
0.128168,0.2254
0.128172,0.20929999999999999
0.128176,0.2254
0.12818,0.2254
0.128184,0.2254
0.128188,0.2254
0.128192,0.2254
0.128196,0.20929999999999999
0.1282,0.2254
0.128204,0.2254
0.128208,0.2254
0.128212,0.2254
0.128216,0.20929999999999999
0.12822,0.2254
0.128224,0.2254
0.128228,0.2254
0.128232,0.2254
0.128236,0.2254
0.12824,0.2254
0.128244,0.2254
0.128248,0.2254
0.128252,0.2254
0.128256,0.2254
0.12826,0.2254
0.128264,0.2254
0.128268,0.2254
0.128272,0.2254
0.128276,0.2254
0.12828,0.2254
0.128284,0.20929999999999999
0.128288,0.2254
0.128292,0.2254
0.128296,0.2254
0.1283,0.2254
0.128304,0.2254
0.128308,0.2254
0.128312,0.2254
0.128316,0.2254
0.12832,0.2254
0.128324,0.2254
0.128328,0.2254
0.128332,0.2254
0.128336,0.20929999999999999
0.12834,0.2254
0.128344,0.20929999999999999
0.128348,0.2254
0.128352,0.2254
0.128356,0.2254
0.12836,0.2254
0.128364,0.2254
0.128368,0.2254
0.128372,0.20929999999999999
0.128376,0.20929999999999999
0.12838,0.2254
0.128384,0.2254
0.128388,0.2254
0.128392,0.2254
0.128396,0.2254
0.1284,0.2254
0.128404,0.2254
0.128408,0.20929999999999999
0.128412,0.2254
0.128416,0.2254
0.12842,0.20929999999999999
0.128424,0.2254
0.128428,0.2254
0.128432,0.2254
0.128436,0.2254
0.12844,0.2254
0.128444,0.20929999999999999
0.128448,0.2254
0.128452,0.20929999999999999
0.128456,0.2254
0.12846,0.2254
0.128464,0.2254
0.128468,0.2254
0.128472,0.20929999999999999
0.128476,0.20929999999999999
0.12848,0.2254
0.128484,0.20929999999999999
0.128488,0.2254
0.128492,0.2254
0.128496,0.2254
0.1285,0.2254
0.128504,0.20929999999999999
0.128508,0.20929999999999999
0.128512,0.20929999999999999
0.128516,0.20929999999999999
0.12852,0.2254
0.128524,0.2254
0.128528,0.20929999999999999
0.128532,0.2254
0.128536,0.2254
0.12854,0.2254
0.128544,0.20929999999999999
0.128548,0.20929999999999999
0.128552,0.2254
0.128556,0.2254
0.12856,0.2254
0.128564,0.2254
0.128568,0.2254
0.128572,0.20929999999999999
0.128576,0.2254
0.12858,0.2254
0.128584,0.20929999999999999
0.128588,0.2254
0.128592,0.2254
0.128596,0.20929999999999999
0.1286,0.20929999999999999
0.128604,0.20929999999999999
0.128608,0.2254
0.128612,0.2254
0.128616,0.20929999999999999
0.12862,0.20929999999999999
0.128624,0.20929999999999999
0.128628,0.2254
0.128632,0.2254
0.128636,0.2254
0.12864,0.20929999999999999
0.128644,0.20929999999999999
0.128648,0.2254
0.128652,0.20929999999999999
0.128656,0.2254
0.12866,0.2254
0.128664,0.20929999999999999
0.128668,0.20929999999999999
0.128672,0.2254
0.128676,0.20929999999999999
0.12868,0.2254
0.128684,0.2254
0.128688,0.20929999999999999
0.128692,0.20929999999999999
0.128696,0.20929999999999999
0.1287,0.20929999999999999
0.128704,0.20929999999999999
0.128708,0.20929999999999999
0.128712,0.2254
0.128716,0.2254
0.12872,0.20929999999999999
0.128724,0.2254
0.128728,0.2254
0.128732,0.2254
0.128736,0.2254
0.12874,0.20929999999999999
0.128744,0.2254
0.128748,0.2254
0.128752,0.20929999999999999
0.128756,0.20929999999999999
0.12876,0.2254
0.128764,0.2254
0.128768,0.2254
0.128772,0.2254
0.128776,0.20929999999999999
0.12878,0.20929999999999999
0.128784,0.20929999999999999
0.128788,0.2254
0.128792,0.20929999999999999
0.128796,0.20929999999999999
0.1288,0.20929999999999999
0.128804,0.20929999999999999
0.128808,0.20929999999999999
0.128812,0.2254
0.128816,0.2254
0.12882,0.20929999999999999
0.128824,0.20929999999999999
0.128828,0.2254
0.128832,0.2254
0.128836,0.20929999999999999
0.12884,0.2254
0.128844,0.20929999999999999
0.128848,0.2254
0.128852,0.2254
0.128856,0.2254
0.12886,0.20929999999999999
0.128864,0.2254
0.128868,0.20929999999999999
0.128872,0.20929999999999999
0.128876,0.20929999999999999
0.12888,0.2254
0.128884,0.20929999999999999
0.128888,0.2254
0.128892,0.2254
0.128896,0.2254
0.1289,0.20929999999999999
0.128904,0.2254
0.128908,0.20929999999999999
0.128912,0.20929999999999999
0.128916,0.20929999999999999
0.12892,0.20929999999999999
0.128924,0.2254
0.128928,0.20929999999999999
0.128932,0.2254
0.128936,0.2254
0.12894,0.2254
0.128944,0.20929999999999999
0.128948,0.2254
0.128952,0.20929999999999999
0.128956,0.20929999999999999
0.12896,0.20929999999999999
0.128964,0.20929999999999999
0.128968,0.20929999999999999
0.128972,0.2254
0.128976,0.2254
0.12898,0.20929999999999999
0.128984,0.20929999999999999
0.128988,0.2254
0.128992,0.2254
0.128996,0.2254
0.129,0.20929999999999999
0.129004,0.20929999999999999
0.129008,0.20929999999999999
0.129012,0.20929999999999999
0.129016,0.20929999999999999
0.12902,0.2254
0.129024,0.20929999999999999
0.129028,0.20929999999999999
0.129032,0.20929999999999999
0.129036,0.20929999999999999
0.12904,0.20929999999999999
0.129044,0.20929999999999999
0.129048,0.2254
0.129052,0.20929999999999999
0.129056,0.20929999999999999
0.12906,0.20929999999999999
0.129064,0.2254
0.129068,0.20929999999999999
0.129072,0.20929999999999999
0.129076,0.2254
0.12908,0.20929999999999999
0.129084,0.20929999999999999
0.129088,0.20929999999999999
0.129092,0.20929999999999999
0.129096,0.20929999999999999
0.1291,0.2254
0.129104,0.20929999999999999
0.129108,0.20929999999999999
0.129112,0.20929999999999999
0.129116,0.20929999999999999
0.12912,0.20929999999999999
0.129124,0.20929999999999999
0.129128,0.20929999999999999
0.129132,0.2254
0.129136,0.20929999999999999
0.12914,0.20929999999999999
0.129144,0.20929999999999999
0.129148,0.20929999999999999
0.129152,0.20929999999999999
0.129156,0.20929999999999999
0.12916,0.2254
0.129164,0.20929999999999999
0.129168,0.20929999999999999
0.129172,0.2254
0.129176,0.20929999999999999
0.12918,0.20929999999999999
0.129184,0.20929999999999999
0.129188,0.20929999999999999
0.129192,0.20929999999999999
0.129196,0.20929999999999999
0.1292,0.2254
0.129204,0.20929999999999999
0.129208,0.20929999999999999
0.129212,0.20929999999999999
0.129216,0.20929999999999999
0.12922,0.20929999999999999
0.129224,0.20929999999999999
0.129228,0.2254
0.129232,0.2254
0.129236,0.20929999999999999
0.12924,0.20929999999999999
0.129244,0.20929999999999999
0.129248,0.20929999999999999
0.129252,0.20929999999999999
0.129256,0.2254
0.12926,0.20929999999999999
0.129264,0.20929999999999999
0.129268,0.20929999999999999
0.129272,0.20929999999999999
0.129276,0.20929999999999999
0.12928,0.20929999999999999
0.129284,0.20929999999999999
0.129288,0.20929999999999999
0.129292,0.2254
0.129296,0.2254
0.1293,0.20929999999999999
0.129304,0.20929999999999999
0.129308,0.20929999999999999
0.129312,0.19319999999999998
0.129316,0.20929999999999999
0.12932,0.20929999999999999
0.129324,0.20929999999999999
0.129328,0.20929999999999999
0.129332,0.20929999999999999
0.129336,0.20929999999999999
0.12934,0.20929999999999999
0.129344,0.20929999999999999
0.129348,0.2254
0.129352,0.20929999999999999
0.129356,0.20929999999999999
0.12936,0.20929999999999999
0.129364,0.20929999999999999
0.129368,0.20929999999999999
0.129372,0.20929999999999999
0.129376,0.20929999999999999
0.12938,0.20929999999999999
0.129384,0.20929999999999999
0.129388,0.20929999999999999
0.129392,0.20929999999999999
0.129396,0.20929999999999999
0.1294,0.20929999999999999
0.129404,0.19319999999999998
0.129408,0.20929999999999999
0.129412,0.20929999999999999
0.129416,0.20929999999999999
0.12942,0.20929999999999999
0.129424,0.20929999999999999
0.129428,0.20929999999999999
0.129432,0.20929999999999999
0.129436,0.19319999999999998
0.12944,0.20929999999999999
0.129444,0.20929999999999999
0.129448,0.20929999999999999
0.129452,0.20929999999999999
0.129456,0.20929999999999999
0.12946,0.19319999999999998
0.129464,0.20929999999999999
0.129468,0.20929999999999999
0.129472,0.19319999999999998
0.129476,0.20929999999999999
0.12948,0.20929999999999999
0.129484,0.20929999999999999
0.129488,0.20929999999999999
0.129492,0.20929999999999999
0.129496,0.20929999999999999
0.1295,0.20929999999999999
0.129504,0.19319999999999998
0.129508,0.20929999999999999
0.129512,0.20929999999999999
0.129516,0.20929999999999999
0.12952,0.20929999999999999
0.129524,0.20929999999999999
0.129528,0.20929999999999999
0.129532,0.20929999999999999
0.129536,0.20929999999999999
0.12954,0.20929999999999999
0.129544,0.19319999999999998
0.129548,0.20929999999999999
0.129552,0.20929999999999999
0.129556,0.20929999999999999
0.12956,0.20929999999999999
0.129564,0.20929999999999999
0.129568,0.20929999999999999
0.129572,0.20929999999999999
0.129576,0.20929999999999999
0.12958,0.20929999999999999
0.129584,0.20929999999999999
0.129588,0.19319999999999998
0.129592,0.19319999999999998
0.129596,0.19319999999999998
0.1296,0.20929999999999999
0.129604,0.19319999999999998
0.129608,0.20929999999999999
0.129612,0.20929999999999999
0.129616,0.19319999999999998
0.12962,0.20929999999999999
0.129624,0.20929999999999999
0.129628,0.20929999999999999
0.129632,0.20929999999999999
0.129636,0.20929999999999999
0.12964,0.20929999999999999
0.129644,0.19319999999999998
0.129648,0.20929999999999999
0.129652,0.20929999999999999
0.129656,0.20929999999999999
0.12966,0.20929999999999999
0.129664,0.20929999999999999
0.129668,0.20929999999999999
0.129672,0.20929999999999999
0.129676,0.19319999999999998
0.12968,0.20929999999999999
0.129684,0.19319999999999998
0.129688,0.20929999999999999
0.129692,0.19319999999999998
0.129696,0.19319999999999998
0.1297,0.20929999999999999
0.129704,0.20929999999999999
0.129708,0.19319999999999998
0.129712,0.20929999999999999
0.129716,0.20929999999999999
0.12972,0.19319999999999998
0.129724,0.19319999999999998
0.129728,0.20929999999999999
0.129732,0.19319999999999998
0.129736,0.20929999999999999
0.12974,0.20929999999999999
0.129744,0.20929999999999999
0.129748,0.20929999999999999
0.129752,0.20929999999999999
0.129756,0.20929999999999999
0.12976,0.20929999999999999
0.129764,0.19319999999999998
0.129768,0.20929999999999999
0.129772,0.19319999999999998
0.129776,0.19319999999999998
0.12978,0.19319999999999998
0.129784,0.20929999999999999
0.129788,0.19319999999999998
0.129792,0.19319999999999998
0.129796,0.19319999999999998
0.1298,0.20929999999999999
0.129804,0.19319999999999998
0.129808,0.19319999999999998
0.129812,0.19319999999999998
0.129816,0.19319999999999998
0.12982,0.19319999999999998
0.129824,0.20929999999999999
0.129828,0.20929999999999999
0.129832,0.19319999999999998
0.129836,0.20929999999999999
0.12984,0.19319999999999998
0.129844,0.20929999999999999
0.129848,0.19319999999999998
0.129852,0.20929999999999999
0.129856,0.19319999999999998
0.12986,0.19319999999999998
0.129864,0.19319999999999998
0.129868,0.19319999999999998
0.129872,0.19319999999999998
0.129876,0.19319999999999998
0.12988,0.20929999999999999
0.129884,0.20929999999999999
0.129888,0.19319999999999998
0.129892,0.19319999999999998
0.129896,0.19319999999999998
0.1299,0.20929999999999999
0.129904,0.19319999999999998
0.129908,0.19319999999999998
0.129912,0.19319999999999998
0.129916,0.19319999999999998
0.12992,0.20929999999999999
0.129924,0.19319999999999998
0.129928,0.19319999999999998
0.129932,0.19319999999999998
0.129936,0.20929999999999999
0.12994,0.20929999999999999
0.129944,0.19319999999999998
0.129948,0.19319999999999998
0.129952,0.19319999999999998
0.129956,0.19319999999999998
0.12996,0.19319999999999998
0.129964,0.19319999999999998
0.129968,0.19319999999999998
0.129972,0.19319999999999998
0.129976,0.19319999999999998
0.12998,0.19319999999999998
0.129984,0.19319999999999998
0.129988,0.20929999999999999
0.129992,0.20929999999999999
0.129996,0.20929999999999999
0.13,0.20929999999999999
0.130004,0.20929999999999999
0.130008,0.19319999999999998
0.130012,0.20929999999999999
0.130016,0.20929999999999999
0.13002,0.19319999999999998
0.130024,0.19319999999999998
0.130028,0.19319999999999998
0.130032,0.19319999999999998
0.130036,0.19319999999999998
0.13004,0.19319999999999998
0.130044,0.19319999999999998
0.130048,0.19319999999999998
0.130052,0.19319999999999998
0.130056,0.19319999999999998
0.13006,0.19319999999999998
0.130064,0.19319999999999998
0.130068,0.19319999999999998
0.130072,0.19319999999999998
0.130076,0.20929999999999999
0.13008,0.19319999999999998
0.130084,0.19319999999999998
0.130088,0.19319999999999998
0.130092,0.20929999999999999
0.130096,0.20929999999999999
0.1301,0.19319999999999998
0.130104,0.19319999999999998
0.130108,0.19319999999999998
0.130112,0.20929999999999999
0.130116,0.20929999999999999
0.13012,0.19319999999999998
0.130124,0.19319999999999998
0.130128,0.19319999999999998
0.130132,0.20929999999999999
0.130136,0.19319999999999998
0.13014,0.19319999999999998
0.130144,0.19319999999999998
0.130148,0.19319999999999998
0.130152,0.19319999999999998
0.130156,0.20929999999999999
0.13016,0.20929999999999999
0.130164,0.19319999999999998
0.130168,0.19319999999999998
0.130172,0.19319999999999998
0.130176,0.19319999999999998
0.13018,0.19319999999999998
0.130184,0.19319999999999998
0.130188,0.20929999999999999
0.130192,0.19319999999999998
0.130196,0.19319999999999998
0.1302,0.19319999999999998
0.130204,0.19319999999999998
0.130208,0.19319999999999998
0.130212,0.19319999999999998
0.130216,0.19319999999999998
0.13022,0.19319999999999998
0.130224,0.20929999999999999
0.130228,0.19319999999999998
0.130232,0.20929999999999999
0.130236,0.19319999999999998
0.13024,0.19319999999999998
0.130244,0.19319999999999998
0.130248,0.20929999999999999
0.130252,0.19319999999999998
0.130256,0.19319999999999998
0.13026,0.20929999999999999
0.130264,0.19319999999999998
0.130268,0.20929999999999999
0.130272,0.20929999999999999
0.130276,0.19319999999999998
0.13028,0.19319999999999998
0.130284,0.19319999999999998
0.130288,0.19319999999999998
0.130292,0.19319999999999998
0.130296,0.19319999999999998
0.1303,0.20929999999999999
0.130304,0.19319999999999998
0.130308,0.19319999999999998
0.130312,0.19319999999999998
0.130316,0.20929999999999999
0.13032,0.19319999999999998
0.130324,0.19319999999999998
0.130328,0.20929999999999999
0.130332,0.19319999999999998
0.130336,0.19319999999999998
0.13034,0.19319999999999998
0.130344,0.20929999999999999
0.130348,0.19319999999999998
0.130352,0.19319999999999998
0.130356,0.19319999999999998
0.13036,0.19319999999999998
0.130364,0.19319999999999998
0.130368,0.19319999999999998
0.130372,0.20929999999999999
0.130376,0.19319999999999998
0.13038,0.19319999999999998
0.130384,0.19319999999999998
0.130388,0.19319999999999998
0.130392,0.19319999999999998
0.130396,0.19319999999999998
0.1304,0.19319999999999998
0.130404,0.19319999999999998
0.130408,0.19319999999999998
0.130412,0.20929999999999999
0.130416,0.19319999999999998
0.13042,0.19319999999999998
0.130424,0.19319999999999998
0.130428,0.19319999999999998
0.130432,0.19319999999999998
0.130436,0.19319999999999998
0.13044,0.19319999999999998
0.130444,0.19319999999999998
0.130448,0.19319999999999998
0.130452,0.19319999999999998
0.130456,0.19319999999999998
0.13046,0.19319999999999998
0.130464,0.19319999999999998
0.130468,0.19319999999999998
0.130472,0.19319999999999998
0.130476,0.19319999999999998
0.13048,0.19319999999999998
0.130484,0.19319999999999998
0.130488,0.19319999999999998
0.130492,0.19319999999999998
0.130496,0.19319999999999998
0.1305,0.19319999999999998
0.130504,0.19319999999999998
0.130508,0.19319999999999998
0.130512,0.19319999999999998
0.130516,0.19319999999999998
0.13052,0.19319999999999998
0.130524,0.19319999999999998
0.130528,0.19319999999999998
0.130532,0.19319999999999998
0.130536,0.19319999999999998
0.13054,0.19319999999999998
0.130544,0.19319999999999998
0.130548,0.19319999999999998
0.130552,0.19319999999999998
0.130556,0.19319999999999998
0.13056,0.19319999999999998
0.130564,0.19319999999999998
0.130568,0.19319999999999998
0.130572,0.1771
0.130576,0.19319999999999998
0.13058,0.19319999999999998
0.130584,0.19319999999999998
0.130588,0.19319999999999998
0.130592,0.19319999999999998
0.130596,0.1771
0.1306,0.19319999999999998
0.130604,0.19319999999999998
0.130608,0.19319999999999998
0.130612,0.19319999999999998
0.130616,0.19319999999999998
0.13062,0.19319999999999998
0.130624,0.1771
0.130628,0.1771
0.130632,0.19319999999999998
0.130636,0.20929999999999999
0.13064,0.19319999999999998
0.130644,0.19319999999999998
0.130648,0.1771
0.130652,0.1771
0.130656,0.19319999999999998
0.13066,0.19319999999999998
0.130664,0.19319999999999998
0.130668,0.1771
0.130672,0.19319999999999998
0.130676,0.19319999999999998
0.13068,0.19319999999999998
0.130684,0.19319999999999998
0.130688,0.19319999999999998
0.130692,0.1771
0.130696,0.1771
0.1307,0.19319999999999998
0.130704,0.19319999999999998
0.130708,0.19319999999999998
0.130712,0.19319999999999998
0.130716,0.19319999999999998
0.13072,0.19319999999999998
0.130724,0.1771
0.130728,0.19319999999999998
0.130732,0.19319999999999998
0.130736,0.1771
0.13074,0.19319999999999998
0.130744,0.19319999999999998
0.130748,0.19319999999999998
0.130752,0.1771
0.130756,0.19319999999999998
0.13076,0.19319999999999998
0.130764,0.19319999999999998
0.130768,0.19319999999999998
0.130772,0.19319999999999998
0.130776,0.19319999999999998
0.13078,0.19319999999999998
0.130784,0.19319999999999998
0.130788,0.19319999999999998
0.130792,0.19319999999999998
0.130796,0.19319999999999998
0.1308,0.19319999999999998
0.130804,0.19319999999999998
0.130808,0.1771
0.130812,0.1771
0.130816,0.1771
0.13082,0.1771
0.130824,0.19319999999999998
0.130828,0.1771
0.130832,0.19319999999999998
0.130836,0.19319999999999998
0.13084,0.1771
0.130844,0.19319999999999998
0.130848,0.19319999999999998
0.130852,0.19319999999999998
0.130856,0.19319999999999998
0.13086,0.19319999999999998
0.130864,0.1771
0.130868,0.19319999999999998
0.130872,0.19319999999999998
0.130876,0.1771
0.13088,0.19319999999999998
0.130884,0.1771
0.130888,0.1771
0.130892,0.19319999999999998
0.130896,0.19319999999999998
0.1309,0.1771
0.130904,0.1771
0.130908,0.19319999999999998
0.130912,0.19319999999999998
0.130916,0.19319999999999998
0.13092,0.1771
0.130924,0.19319999999999998
0.130928,0.19319999999999998
0.130932,0.19319999999999998
0.130936,0.19319999999999998
0.13094,0.19319999999999998
0.130944,0.1771
0.130948,0.1771
0.130952,0.1771
0.130956,0.19319999999999998
0.13096,0.1771
0.130964,0.19319999999999998
0.130968,0.1771
0.130972,0.1771
0.130976,0.1771
0.13098,0.1771
0.130984,0.1771
0.130988,0.1771
0.130992,0.19319999999999998
0.130996,0.19319999999999998
0.131,0.1771
0.131004,0.1771
0.131008,0.19319999999999998
0.131012,0.1771
0.131016,0.1771
0.13102,0.1771
0.131024,0.1771
0.131028,0.1771
0.131032,0.1771
0.131036,0.1771
0.13104,0.1771
0.131044,0.1771
0.131048,0.1771
0.131052,0.19319999999999998
0.131056,0.1771
0.13106,0.1771
0.131064,0.1771
0.131068,0.1771
0.131072,0.1771
0.131076,0.19319999999999998
0.13108,0.19319999999999998
0.131084,0.1771
0.131088,0.19319999999999998
0.131092,0.1771
0.131096,0.19319999999999998
0.1311,0.1771
0.131104,0.1771
0.131108,0.1771
0.131112,0.1771
0.131116,0.19319999999999998
0.13112,0.1771
0.131124,0.1771
0.131128,0.1771
0.131132,0.1771
0.131136,0.1771
0.13114,0.1771
0.131144,0.1771
0.131148,0.1771
0.131152,0.1771
0.131156,0.1771
0.13116,0.1771
0.131164,0.19319999999999998
0.131168,0.1771
0.131172,0.1771
0.131176,0.19319999999999998
0.13118,0.1771
0.131184,0.19319999999999998
0.131188,0.1771
0.131192,0.19319999999999998
0.131196,0.1771
0.1312,0.1771
0.131204,0.1771
0.131208,0.1771
0.131212,0.19319999999999998
0.131216,0.1771
0.13122,0.1771
0.131224,0.1771
0.131228,0.19319999999999998
0.131232,0.1771
0.131236,0.19319999999999998
0.13124,0.19319999999999998
0.131244,0.1771
0.131248,0.19319999999999998
0.131252,0.1771
0.131256,0.1771
0.13126,0.1771
0.131264,0.1771
0.131268,0.1771
0.131272,0.1771
0.131276,0.19319999999999998
0.13128,0.19319999999999998
0.131284,0.1771
0.131288,0.19319999999999998
0.131292,0.1771
0.131296,0.1771
0.1313,0.1771
0.131304,0.1771
0.131308,0.19319999999999998
0.131312,0.19319999999999998
0.131316,0.1771
0.13132,0.1771
0.131324,0.1771
0.131328,0.19319999999999998
0.131332,0.1771
0.131336,0.1771
0.13134,0.1771
0.131344,0.1771
0.131348,0.19319999999999998
0.131352,0.19319999999999998
0.131356,0.1771
0.13136,0.1771
0.131364,0.1771
0.131368,0.1771
0.131372,0.1771
0.131376,0.1771
0.13138,0.1771
0.131384,0.1771
0.131388,0.1771
0.131392,0.1771
0.131396,0.1771
0.1314,0.19319999999999998
0.131404,0.1771
0.131408,0.19319999999999998
0.131412,0.1771
0.131416,0.19319999999999998
0.13142,0.19319999999999998
0.131424,0.1771
0.131428,0.1771
0.131432,0.1771
0.131436,0.19319999999999998
0.13144,0.1771
0.131444,0.1771
0.131448,0.1771
0.131452,0.1771
0.131456,0.1771
0.13146,0.19319999999999998
0.131464,0.1771
0.131468,0.1771
0.131472,0.1771
0.131476,0.19319999999999998
0.13148,0.19319999999999998
0.131484,0.1771
0.131488,0.1771
0.131492,0.1771
0.131496,0.19319999999999998
0.1315,0.19319999999999998
0.131504,0.19319999999999998
0.131508,0.19319999999999998
0.131512,0.1771
0.131516,0.1771
0.13152,0.19319999999999998
0.131524,0.1771
0.131528,0.19319999999999998
0.131532,0.19319999999999998
0.131536,0.1771
0.13154,0.19319999999999998
0.131544,0.1771
0.131548,0.1771
0.131552,0.1771
0.131556,0.1771
0.13156,0.1771
0.131564,0.1771
0.131568,0.1771
0.131572,0.19319999999999998
0.131576,0.19319999999999998
0.13158,0.1771
0.131584,0.1771
0.131588,0.1771
0.131592,0.19319999999999998
0.131596,0.1771
0.1316,0.1771
0.131604,0.1771
0.131608,0.1771
0.131612,0.1771
0.131616,0.1771
0.13162,0.19319999999999998
0.131624,0.1771
0.131628,0.1771
0.131632,0.1771
0.131636,0.1771
0.13164,0.1771
0.131644,0.1771
0.131648,0.19319999999999998
0.131652,0.1771
0.131656,0.1771
0.13166,0.1771
0.131664,0.19319999999999998
0.131668,0.1771
0.131672,0.1771
0.131676,0.19319999999999998
0.13168,0.1771
0.131684,0.1771
0.131688,0.1771
0.131692,0.1771
0.131696,0.1771
0.1317,0.19319999999999998
0.131704,0.1771
0.131708,0.1771
0.131712,0.1771
0.131716,0.1771
0.13172,0.1771
0.131724,0.1771
0.131728,0.1771
0.131732,0.1771
0.131736,0.1771
0.13174,0.1771
0.131744,0.19319999999999998
0.131748,0.19319999999999998
0.131752,0.1771
0.131756,0.1771
0.13176,0.1771
0.131764,0.1771
0.131768,0.1771
0.131772,0.1771
0.131776,0.1771
0.13178,0.1771
0.131784,0.1771
0.131788,0.1771
0.131792,0.1771
0.131796,0.1771
0.1318,0.1771
0.131804,0.1771
0.131808,0.1771
0.131812,0.1771
0.131816,0.1771
0.13182,0.1771
0.131824,0.1771
0.131828,0.1771
0.131832,0.1771
0.131836,0.1771
0.13184,0.1771
0.131844,0.1771
0.131848,0.1771
0.131852,0.1771
0.131856,0.1771
0.13186,0.1771
0.131864,0.1771
0.131868,0.1771
0.131872,0.19319999999999998
0.131876,0.1771
0.13188,0.1771
0.131884,0.1771
0.131888,0.1771
0.131892,0.1771
0.131896,0.1771
0.1319,0.1771
0.131904,0.1771
0.131908,0.1771
0.131912,0.1771
0.131916,0.1771
0.13192,0.1771
0.131924,0.1771
0.131928,0.1771
0.131932,0.1771
0.131936,0.1771
0.13194,0.1771
0.131944,0.1771
0.131948,0.161
0.131952,0.1771
0.131956,0.1771
0.13196,0.1771
0.131964,0.1771
0.131968,0.161
0.131972,0.1771
0.131976,0.1771
0.13198,0.1771
0.131984,0.1771
0.131988,0.1771
0.131992,0.1771
0.131996,0.1771
0.132,0.1771
0.132004,0.1771
0.132008,0.19319999999999998
0.132012,0.1771
0.132016,0.1771
0.13202,0.1771
0.132024,0.1771
0.132028,0.1771
0.132032,0.161
0.132036,0.1771
0.13204,0.1771
0.132044,0.1771
0.132048,0.1771
0.132052,0.1771
0.132056,0.1771
0.13206,0.161
0.132064,0.1771
0.132068,0.1771
0.132072,0.1771
0.132076,0.1771
0.13208,0.1771
0.132084,0.1771
0.132088,0.1771
0.132092,0.1771
0.132096,0.1771
0.1321,0.1771
0.132104,0.1771
0.132108,0.1771
0.132112,0.1771
0.132116,0.1771
0.13212,0.161
0.132124,0.161
0.132128,0.1771
0.132132,0.161
0.132136,0.1771
0.13214,0.1771
0.132144,0.1771
0.132148,0.1771
0.132152,0.1771
0.132156,0.1771
0.13216,0.161
0.132164,0.1771
0.132168,0.1771
0.132172,0.1771
0.132176,0.1771
0.13218,0.1771
0.132184,0.1771
0.132188,0.1771
0.132192,0.1771
0.132196,0.161
0.1322,0.1771
0.132204,0.1771
0.132208,0.1771
0.132212,0.161
0.132216,0.1771
0.13222,0.1771
0.132224,0.1771
0.132228,0.1771
0.132232,0.161
0.132236,0.1771
0.13224,0.1771
0.132244,0.1771
0.132248,0.1771
0.132252,0.161
0.132256,0.1771
0.13226,0.1771
0.132264,0.1771
0.132268,0.1771
0.132272,0.1771
0.132276,0.161
0.13228,0.1771
0.132284,0.1771
0.132288,0.1771
0.132292,0.1771
0.132296,0.1771
0.1323,0.161
0.132304,0.1771
0.132308,0.1771
0.132312,0.1771
0.132316,0.1771
0.13232,0.1771
0.132324,0.1771
0.132328,0.1771
0.132332,0.1771
0.132336,0.1771
0.13234,0.1771
0.132344,0.1771
0.132348,0.1771
0.132352,0.161
0.132356,0.1771
0.13236,0.1771
0.132364,0.1771
0.132368,0.161
0.132372,0.161
0.132376,0.1771
0.13238,0.1771
0.132384,0.1771
0.132388,0.1771
0.132392,0.161
0.132396,0.161
0.1324,0.1771
0.132404,0.1771
0.132408,0.161
0.132412,0.161
0.132416,0.1771
0.13242,0.19319999999999998
0.132424,0.1771
0.132428,0.1771
0.132432,0.161
0.132436,0.1771
0.13244,0.1771
0.132444,0.1771
0.132448,0.1771
0.132452,0.161
0.132456,0.161
0.13246,0.1771
0.132464,0.1771
0.132468,0.161
0.132472,0.161
0.132476,0.1771
0.13248,0.1771
0.132484,0.1771
0.132488,0.161
0.132492,0.1771
0.132496,0.1771
0.1325,0.1771
0.132504,0.161
0.132508,0.161
0.132512,0.1771
0.132516,0.1771
0.13252,0.1771
0.132524,0.1771
0.132528,0.161
0.132532,0.1771
0.132536,0.1771
0.13254,0.1771
0.132544,0.1771
0.132548,0.1771
0.132552,0.1771
0.132556,0.1771
0.13256,0.161
0.132564,0.161
0.132568,0.1771
0.132572,0.1771
0.132576,0.161
0.13258,0.161
0.132584,0.161
0.132588,0.161
0.132592,0.1771
0.132596,0.1771
0.1326,0.1771
0.132604,0.1771
0.132608,0.1771
0.132612,0.1771
0.132616,0.1771
0.13262,0.161
0.132624,0.1771
0.132628,0.161
0.132632,0.161
0.132636,0.1771
0.13264,0.1771
0.132644,0.1771
0.132648,0.1771
0.132652,0.161
0.132656,0.161
0.13266,0.1771
0.132664,0.161
0.132668,0.161
0.132672,0.1771
0.132676,0.1771
0.13268,0.1771
0.132684,0.1771
0.132688,0.161
0.132692,0.161
0.132696,0.161
0.1327,0.1771
0.132704,0.1771
0.132708,0.1771
0.132712,0.161
0.132716,0.161
0.13272,0.161
0.132724,0.161
0.132728,0.1771
0.132732,0.161
0.132736,0.161
0.13274,0.161
0.132744,0.1771
0.132748,0.161
0.132752,0.161
0.132756,0.161
0.13276,0.1771
0.132764,0.161
0.132768,0.161
0.132772,0.161
0.132776,0.161
0.13278,0.1771
0.132784,0.1771
0.132788,0.161
0.132792,0.161
0.132796,0.161
0.1328,0.161
0.132804,0.161
0.132808,0.161
0.132812,0.161
0.132816,0.161
0.13282,0.1771
0.132824,0.161
0.132828,0.161
0.132832,0.1771
0.132836,0.161
0.13284,0.1771
0.132844,0.1771
0.132848,0.1771
0.132852,0.1771
0.132856,0.1771
0.13286,0.1771
0.132864,0.161
0.132868,0.161
0.132872,0.161
0.132876,0.1771
0.13288,0.1771
0.132884,0.1771
0.132888,0.161
0.132892,0.161
0.132896,0.161
0.1329,0.161
0.132904,0.161
0.132908,0.1771
0.132912,0.161
0.132916,0.161
0.13292,0.1771
0.132924,0.161
0.132928,0.1771
0.132932,0.161
0.132936,0.1771
0.13294,0.161
0.132944,0.161
0.132948,0.161
0.132952,0.1771
0.132956,0.1771
0.13296,0.161
0.132964,0.161
0.132968,0.161
0.132972,0.1771
0.132976,0.1771
0.13298,0.1771
0.132984,0.161
0.132988,0.161
0.132992,0.161
0.132996,0.161
0.133,0.161
0.133004,0.161
0.133008,0.1771
0.133012,0.161
0.133016,0.161
0.13302,0.1771
0.133024,0.1771
0.133028,0.161
0.133032,0.161
0.133036,0.161
0.13304,0.161
0.133044,0.161
0.133048,0.1771
0.133052,0.161
0.133056,0.161
0.13306,0.161
0.133064,0.161
0.133068,0.161
0.133072,0.161
0.133076,0.161
0.13308,0.161
0.133084,0.161
0.133088,0.161
0.133092,0.1771
0.133096,0.161
0.1331,0.161
0.133104,0.161
0.133108,0.161
0.133112,0.161
0.133116,0.161
0.13312,0.161
0.133124,0.161
0.133128,0.161
0.133132,0.161
0.133136,0.161
0.13314,0.161
0.133144,0.161
0.133148,0.161
0.133152,0.161
0.133156,0.161
0.13316,0.161
0.133164,0.161
0.133168,0.161
0.133172,0.161
0.133176,0.161
0.13318,0.161
0.133184,0.1771
0.133188,0.161
0.133192,0.161
0.133196,0.161
0.1332,0.161
0.133204,0.161
0.133208,0.161
0.133212,0.161
0.133216,0.161
0.13322,0.1771
0.133224,0.161
0.133228,0.161
0.133232,0.161
0.133236,0.161
0.13324,0.1771
0.133244,0.161
0.133248,0.161
0.133252,0.161
0.133256,0.161
0.13326,0.161
0.133264,0.161
0.133268,0.1771
0.133272,0.161
0.133276,0.161
0.13328,0.161
0.133284,0.161
0.133288,0.161
0.133292,0.1771
0.133296,0.161
0.1333,0.161
0.133304,0.161
0.133308,0.161
0.133312,0.161
0.133316,0.161
0.13332,0.161
0.133324,0.161
0.133328,0.161
0.133332,0.161
0.133336,0.161
0.13334,0.161
0.133344,0.161
0.133348,0.1771
0.133352,0.161
0.133356,0.161
0.13336,0.161
0.133364,0.161
0.133368,0.161
0.133372,0.161
0.133376,0.161
0.13338,0.161
0.133384,0.161
0.133388,0.161
0.133392,0.161
0.133396,0.161
0.1334,0.161
0.133404,0.161
0.133408,0.161
0.133412,0.161
0.133416,0.161
0.13342,0.161
0.133424,0.161
0.133428,0.161
0.133432,0.161
0.133436,0.161
0.13344,0.1771
0.133444,0.161
0.133448,0.161
0.133452,0.1449
0.133456,0.161
0.13346,0.161
0.133464,0.161
0.133468,0.161
0.133472,0.161
0.133476,0.161
0.13348,0.161
0.133484,0.161
0.133488,0.161
0.133492,0.161
0.133496,0.161
0.1335,0.161
0.133504,0.161
0.133508,0.161
0.133512,0.161
0.133516,0.161
0.13352,0.161
0.133524,0.161
0.133528,0.161
0.133532,0.161
0.133536,0.161
0.13354,0.161
0.133544,0.161
0.133548,0.161
0.133552,0.1771
0.133556,0.161
0.13356,0.1449
0.133564,0.1449
0.133568,0.161
0.133572,0.161
0.133576,0.161
0.13358,0.161
0.133584,0.161
0.133588,0.161
0.133592,0.1449
0.133596,0.161
0.1336,0.161
0.133604,0.161
0.133608,0.161
0.133612,0.1449
0.133616,0.161
0.13362,0.161
0.133624,0.161
0.133628,0.161
0.133632,0.161
0.133636,0.161
0.13364,0.161
0.133644,0.1771
0.133648,0.161
0.133652,0.1449
0.133656,0.161
0.13366,0.161
0.133664,0.161
0.133668,0.161
0.133672,0.161
0.133676,0.161
0.13368,0.161
0.133684,0.161
0.133688,0.161
0.133692,0.161
0.133696,0.1449
0.1337,0.161
0.133704,0.161
0.133708,0.161
0.133712,0.1449
0.133716,0.1449
0.13372,0.1771
0.133724,0.161
0.133728,0.161
0.133732,0.1449
0.133736,0.1449
0.13374,0.161
0.133744,0.1449
0.133748,0.161
0.133752,0.161
0.133756,0.161
0.13376,0.161
0.133764,0.161
0.133768,0.161
0.133772,0.1449
0.133776,0.1449
0.13378,0.161
0.133784,0.161
0.133788,0.161
0.133792,0.161
0.133796,0.1449
0.1338,0.161
0.133804,0.161
0.133808,0.161
0.133812,0.1449
0.133816,0.1449
0.13382,0.161
0.133824,0.161
0.133828,0.1449
0.133832,0.161
0.133836,0.161
0.13384,0.161
0.133844,0.161
0.133848,0.161
0.133852,0.1449
0.133856,0.161
0.13386,0.161
0.133864,0.161
0.133868,0.161
0.133872,0.161
0.133876,0.161
0.13388,0.161
0.133884,0.1449
0.133888,0.161
0.133892,0.1449
0.133896,0.161
0.1339,0.161
0.133904,0.1449
0.133908,0.1449
0.133912,0.161
0.133916,0.161
0.13392,0.1449
0.133924,0.161
0.133928,0.161
0.133932,0.161
0.133936,0.161
0.13394,0.1449
0.133944,0.161
0.133948,0.1449
0.133952,0.1449
0.133956,0.1449
0.13396,0.161
0.133964,0.161
0.133968,0.1449
0.133972,0.1449
0.133976,0.161
0.13398,0.1449
0.133984,0.1449
0.133988,0.1449
0.133992,0.161
0.133996,0.1449
0.134,0.1449
0.134004,0.1449
0.134008,0.1449
0.134012,0.161
0.134016,0.1449
0.13402,0.1449
0.134024,0.1449
0.134028,0.1449
0.134032,0.1449
0.134036,0.1449
0.13404,0.161
0.134044,0.161
0.134048,0.161
0.134052,0.1449
0.134056,0.1449
0.13406,0.1449
0.134064,0.1449
0.134068,0.161
0.134072,0.1449
0.134076,0.1449
0.13408,0.1449
0.134084,0.1449
0.134088,0.1449
0.134092,0.1449
0.134096,0.1449
0.1341,0.161
0.134104,0.1449
0.134108,0.1449
0.134112,0.1449
0.134116,0.161
0.13412,0.161
0.134124,0.1449
0.134128,0.1449
0.134132,0.1449
0.134136,0.1449
0.13414,0.1449
0.134144,0.161
0.134148,0.1449
0.134152,0.1449
0.134156,0.1449
0.13416,0.1449
0.134164,0.161
0.134168,0.1449
0.134172,0.161
0.134176,0.1449
0.13418,0.161
0.134184,0.1449
0.134188,0.161
0.134192,0.161
0.134196,0.161
0.1342,0.161
0.134204,0.1449
0.134208,0.1449
0.134212,0.161
0.134216,0.1449
0.13422,0.1449
0.134224,0.1449
0.134228,0.1449
0.134232,0.1449
0.134236,0.1449
0.13424,0.1449
0.134244,0.1449
0.134248,0.1449
0.134252,0.1449
0.134256,0.161
0.13426,0.1449
0.134264,0.1449
0.134268,0.161
0.134272,0.1449
0.134276,0.1449
0.13428,0.1449
0.134284,0.1449
0.134288,0.161
0.134292,0.1449
0.134296,0.1449
0.1343,0.1449
0.134304,0.1449
0.134308,0.1449
0.134312,0.1449
0.134316,0.1449
0.13432,0.1449
0.134324,0.161
0.134328,0.161
0.134332,0.1449
0.134336,0.1449
0.13434,0.1449
0.134344,0.161
0.134348,0.161
0.134352,0.1449
0.134356,0.1449
0.13436,0.1449
0.134364,0.1449
0.134368,0.161
0.134372,0.1449
0.134376,0.1449
0.13438,0.1449
0.134384,0.1449
0.134388,0.1449
0.134392,0.1449
0.134396,0.1449
0.1344,0.1449
0.134404,0.1449
0.134408,0.1449
0.134412,0.1449
0.134416,0.1449
0.13442,0.161
0.134424,0.1449
0.134428,0.1449
0.134432,0.1449
0.134436,0.1449
0.13444,0.1449
0.134444,0.161
0.134448,0.1449
0.134452,0.161
0.134456,0.1449
0.13446,0.1449
0.134464,0.161
0.134468,0.1288
0.134472,0.1449
0.134476,0.1449
0.13448,0.1449
0.134484,0.1449
0.134488,0.1449
0.134492,0.1449
0.134496,0.161
0.1345,0.1449
0.134504,0.1449
0.134508,0.161
0.134512,0.1449
0.134516,0.1449
0.13452,0.1449
0.134524,0.1449
0.134528,0.1449
0.134532,0.1449
0.134536,0.1449
0.13454,0.1449
0.134544,0.161
0.134548,0.161
0.134552,0.1449
0.134556,0.1449
0.13456,0.1449
0.134564,0.1449
0.134568,0.1449
0.134572,0.1449
0.134576,0.1449
0.13458,0.1449
0.134584,0.1449
0.134588,0.1449
0.134592,0.161
0.134596,0.1449
0.1346,0.161
0.134604,0.161
0.134608,0.1449
0.134612,0.1449
0.134616,0.161
0.13462,0.1449
0.134624,0.1449
0.134628,0.1449
0.134632,0.1449
0.134636,0.161
0.13464,0.1449
0.134644,0.1449
0.134648,0.1449
0.134652,0.1288
0.134656,0.1449
0.13466,0.1449
0.134664,0.1449
0.134668,0.161
0.134672,0.161
0.134676,0.161
0.13468,0.1449
0.134684,0.1449
0.134688,0.1449
0.134692,0.1449
0.134696,0.1449
0.1347,0.1449
0.134704,0.1449
0.134708,0.1449
0.134712,0.161
0.134716,0.1449
0.13472,0.1449
0.134724,0.1449
0.134728,0.1449
0.134732,0.1449
0.134736,0.1449
0.13474,0.1449
0.134744,0.1449
0.134748,0.1449
0.134752,0.161
0.134756,0.1449
0.13476,0.1288
0.134764,0.1288
0.134768,0.1449
0.134772,0.1449
0.134776,0.1449
0.13478,0.1449
0.134784,0.1449
0.134788,0.1449
0.134792,0.1449
0.134796,0.1449
0.1348,0.1449
0.134804,0.1449
0.134808,0.1449
0.134812,0.1449
0.134816,0.1449
0.13482,0.1449
0.134824,0.1449
0.134828,0.1449
0.134832,0.1449
0.134836,0.1449
0.13484,0.1449
0.134844,0.161
0.134848,0.1449
0.134852,0.1449
0.134856,0.1449
0.13486,0.1449
0.134864,0.1449
0.134868,0.1449
0.134872,0.161
0.134876,0.1449
0.13488,0.1449
0.134884,0.1449
0.134888,0.1449
0.134892,0.1449
0.134896,0.1449
0.1349,0.1449
0.134904,0.1449
0.134908,0.1449
0.134912,0.1449
0.134916,0.1449
0.13492,0.1288
0.134924,0.1288
0.134928,0.1449
0.134932,0.1449
0.134936,0.1449
0.13494,0.1449
0.134944,0.1449
0.134948,0.1449
0.134952,0.1449
0.134956,0.1449
0.13496,0.161
0.134964,0.1449
0.134968,0.1449
0.134972,0.1449
0.134976,0.1449
0.13498,0.1449
0.134984,0.1449
0.134988,0.1449
0.134992,0.161
0.134996,0.1449
0.135,0.1449
0.135004,0.1449
0.135008,0.1449
0.135012,0.1449
0.135016,0.1449
0.13502,0.1449
0.135024,0.1449
0.135028,0.1449
0.135032,0.1449
0.135036,0.1449
0.13504,0.1449
0.135044,0.1449
0.135048,0.1449
0.135052,0.1449
0.135056,0.1449
0.13506,0.1449
0.135064,0.1449
0.135068,0.1449
0.135072,0.1449
0.135076,0.1449
0.13508,0.1449
0.135084,0.1449
0.135088,0.1449
0.135092,0.1449
0.135096,0.1449
0.1351,0.1449
0.135104,0.1449
0.135108,0.1449
0.135112,0.1449
0.135116,0.1449
0.13512,0.1449
0.135124,0.1449
0.135128,0.1449
0.135132,0.1449
0.135136,0.1449
0.13514,0.1288
0.135144,0.1288
0.135148,0.1449
0.135152,0.1449
0.135156,0.1449
0.13516,0.1449
0.135164,0.1288
0.135168,0.1449
0.135172,0.1449
0.135176,0.161
0.13518,0.1449
0.135184,0.1449
0.135188,0.1449
0.135192,0.1449
0.135196,0.161
0.1352,0.1449
0.135204,0.1449
0.135208,0.1449
0.135212,0.1449
0.135216,0.1449
0.13522,0.1449
0.135224,0.1449
0.135228,0.1449
0.135232,0.1449
0.135236,0.1449
0.13524,0.1288
0.135244,0.1449
0.135248,0.1449
0.135252,0.1449
0.135256,0.1288
0.13526,0.1449
0.135264,0.1288
0.135268,0.1449
0.135272,0.1449
0.135276,0.1449
0.13528,0.1449
0.135284,0.1449
0.135288,0.1449
0.135292,0.1449
0.135296,0.1449
0.1353,0.1449
0.135304,0.1449
0.135308,0.1449
0.135312,0.1449
0.135316,0.1449
0.13532,0.1449
0.135324,0.1449
0.135328,0.1449
0.135332,0.1449
0.135336,0.1288
0.13534,0.1449
0.135344,0.1449
0.135348,0.1288
0.135352,0.1288
0.135356,0.1449
0.13536,0.1449
0.135364,0.1449
0.135368,0.1449
0.135372,0.1449
0.135376,0.1449
0.13538,0.1449
0.135384,0.1449
0.135388,0.1449
0.135392,0.1449
0.135396,0.1449
0.1354,0.1449
0.135404,0.1449
0.135408,0.1449
0.135412,0.1449
0.135416,0.1449
0.13542,0.1288
0.135424,0.1449
0.135428,0.1288
0.135432,0.1288
0.135436,0.1449
0.13544,0.1449
0.135444,0.1449
0.135448,0.1449
0.135452,0.1449
0.135456,0.1449
0.13546,0.1288
0.135464,0.1449
0.135468,0.1449
0.135472,0.1449
0.135476,0.1449
0.13548,0.1449
0.135484,0.1288
0.135488,0.1288
0.135492,0.1449
0.135496,0.1449
0.1355,0.1449
0.135504,0.1449
0.135508,0.1288
0.135512,0.1288
0.135516,0.1449
0.13552,0.1449
0.135524,0.1449
0.135528,0.1449
0.135532,0.1449
0.135536,0.1449
0.13554,0.1288
0.135544,0.1288
0.135548,0.1288
0.135552,0.1449
0.135556,0.1449
0.13556,0.1449
0.135564,0.1449
0.135568,0.1449
0.135572,0.1449
0.135576,0.1449
0.13558,0.1288
0.135584,0.1288
0.135588,0.1288
0.135592,0.1449
0.135596,0.1449
0.1356,0.1449
0.135604,0.1288
0.135608,0.1449
0.135612,0.1449
0.135616,0.1449
0.13562,0.1288
0.135624,0.1449
0.135628,0.161
0.135632,0.1449
0.135636,0.1449
0.13564,0.1449
0.135644,0.1449
0.135648,0.1449
0.135652,0.1449
0.135656,0.1449
0.13566,0.1449
0.135664,0.1449
0.135668,0.1449
0.135672,0.1449
0.135676,0.1449
0.13568,0.1449
0.135684,0.1449
0.135688,0.1449
0.135692,0.1449
0.135696,0.1449
0.1357,0.1288
0.135704,0.1449
0.135708,0.1449
0.135712,0.1449
0.135716,0.1449
0.13572,0.1449
0.135724,0.1449
0.135728,0.1449
0.135732,0.1449
0.135736,0.1288
0.13574,0.1288
0.135744,0.1449
0.135748,0.1449
0.135752,0.1288
0.135756,0.1288
0.13576,0.1449
0.135764,0.1288
0.135768,0.1288
0.135772,0.1449
0.135776,0.1449
0.13578,0.1449
0.135784,0.1449
0.135788,0.1449
0.135792,0.1449
0.135796,0.1449
0.1358,0.1449
0.135804,0.1449
0.135808,0.1449
0.135812,0.1449
0.135816,0.1449
0.13582,0.1449
0.135824,0.1449
0.135828,0.1449
0.135832,0.1449
0.135836,0.1449
0.13584,0.1449
0.135844,0.1449
0.135848,0.1449
0.135852,0.1288
0.135856,0.1449
0.13586,0.1449
0.135864,0.1288
0.135868,0.1449
0.135872,0.1288
0.135876,0.1288
0.13588,0.1449
0.135884,0.1449
0.135888,0.1449
0.135892,0.1449
0.135896,0.1288
0.1359,0.1449
0.135904,0.1449
0.135908,0.1449
0.135912,0.1449
0.135916,0.1288
0.13592,0.1288
0.135924,0.1449
0.135928,0.1449
0.135932,0.1449
0.135936,0.1449
0.13594,0.1449
0.135944,0.1288
0.135948,0.1449
0.135952,0.1449
0.135956,0.1449
0.13596,0.1449
0.135964,0.1449
0.135968,0.1449
0.135972,0.1288
0.135976,0.1288
0.13598,0.1449
0.135984,0.1449
0.135988,0.1449
0.135992,0.1449
0.135996,0.1449
0.136,0.1449
0.136004,0.1449
0.136008,0.1449
0.136012,0.1449
0.136016,0.1449
0.13602,0.1449
0.136024,0.1449
0.136028,0.1449
0.136032,0.1449
0.136036,0.1288
0.13604,0.1449
0.136044,0.1449
0.136048,0.1288
0.136052,0.1288
0.136056,0.1288
0.13606,0.1449
0.136064,0.1449
0.136068,0.1288
0.136072,0.1288
0.136076,0.1288
0.13608,0.1449
0.136084,0.1288
0.136088,0.1288
0.136092,0.1288
0.136096,0.1288
0.1361,0.1449
0.136104,0.1288
0.136108,0.1288
0.136112,0.1288
0.136116,0.1449
0.13612,0.1449
0.136124,0.1449
0.136128,0.1288
0.136132,0.1288
0.136136,0.1288
0.13614,0.1449
0.136144,0.1288
0.136148,0.1288
0.136152,0.1288
0.136156,0.1288
0.13616,0.1288
0.136164,0.1288
0.136168,0.1288
0.136172,0.1288
0.136176,0.1449
0.13618,0.1288
0.136184,0.1288
0.136188,0.1288
0.136192,0.1288
0.136196,0.1288
0.1362,0.1449
0.136204,0.1449
0.136208,0.1288
0.136212,0.1288
0.136216,0.1449
0.13622,0.1288
0.136224,0.1288
0.136228,0.1449
0.136232,0.1288
0.136236,0.1449
0.13624,0.1288
0.136244,0.1288
0.136248,0.1288
0.136252,0.1449
0.136256,0.1288
0.13626,0.1288
0.136264,0.1288
0.136268,0.1449
0.136272,0.1288
0.136276,0.1288
0.13628,0.1449
0.136284,0.1288
0.136288,0.1288
0.136292,0.1288
0.136296,0.1449
0.1363,0.1288
0.136304,0.1288
0.136308,0.1288
0.136312,0.1288
0.136316,0.1449
0.13632,0.1288
0.136324,0.1288
0.136328,0.1288
0.136332,0.1288
0.136336,0.1288
0.13634,0.1288
0.136344,0.1288
0.136348,0.1288
0.136352,0.1288
0.136356,0.1288
0.13636,0.1449
0.136364,0.1449
0.136368,0.1288
0.136372,0.1288
0.136376,0.1288
0.13638,0.1449
0.136384,0.1449
0.136388,0.1288
0.136392,0.1288
0.136396,0.1288
0.1364,0.1288
0.136404,0.1288
0.136408,0.1288
0.136412,0.1288
0.136416,0.1288
0.13642,0.1288
0.136424,0.1288
0.136428,0.1288
0.136432,0.1127
0.136436,0.1288
0.13644,0.1288
0.136444,0.1288
0.136448,0.1288
0.136452,0.1288
0.136456,0.1288
0.13646,0.1288
0.136464,0.1288
0.136468,0.1127
0.136472,0.1288
0.136476,0.1288
0.13648,0.1288
0.136484,0.1288
0.136488,0.1288
0.136492,0.1288
0.136496,0.1288
0.1365,0.1288
0.136504,0.1288
0.136508,0.1288
0.136512,0.1288
0.136516,0.1288
0.13652,0.1288
0.136524,0.1288
0.136528,0.1288
0.136532,0.1288
0.136536,0.1288
0.13654,0.1288
0.136544,0.1288
0.136548,0.1288
0.136552,0.1288
0.136556,0.1449
0.13656,0.1288
0.136564,0.1288
0.136568,0.1288
0.136572,0.1288
0.136576,0.1288
0.13658,0.1288
0.136584,0.1288
0.136588,0.1288
0.136592,0.1288
0.136596,0.1288
0.1366,0.1288
0.136604,0.1288
0.136608,0.1288
0.136612,0.1449
0.136616,0.1288
0.13662,0.1288
0.136624,0.1288
0.136628,0.1288
0.136632,0.1449
0.136636,0.1288
0.13664,0.1288
0.136644,0.1288
0.136648,0.1288
0.136652,0.1288
0.136656,0.1288
0.13666,0.1288
0.136664,0.1288
0.136668,0.1288
0.136672,0.1288
0.136676,0.1288
0.13668,0.1288
0.136684,0.1288
0.136688,0.1288
0.136692,0.1288
0.136696,0.1288
0.1367,0.1288
0.136704,0.1449
0.136708,0.1288
0.136712,0.1288
0.136716,0.1288
0.13672,0.1288
0.136724,0.1449
0.136728,0.1449
0.136732,0.1288
0.136736,0.1288
0.13674,0.1288
0.136744,0.1288
0.136748,0.1288
0.136752,0.1288
0.136756,0.1288
0.13676,0.1288
0.136764,0.1288
0.136768,0.1288
0.136772,0.1288
0.136776,0.1449
0.13678,0.1288
0.136784,0.1288
0.136788,0.1288
0.136792,0.1288
0.136796,0.1288
0.1368,0.1288
0.136804,0.1127
0.136808,0.1288
0.136812,0.1288
0.136816,0.1288
0.13682,0.1288
0.136824,0.1288
0.136828,0.1288
0.136832,0.1288
0.136836,0.1288
0.13684,0.1288
0.136844,0.1288
0.136848,0.1288
0.136852,0.1288
0.136856,0.1288
0.13686,0.1288
0.136864,0.1288
0.136868,0.1288
0.136872,0.1288
0.136876,0.1288
0.13688,0.1449
0.136884,0.1288
0.136888,0.1288
0.136892,0.1127
0.136896,0.1288
0.1369,0.1288
0.136904,0.1288
0.136908,0.1288
0.136912,0.1288
0.136916,0.1127
0.13692,0.1288
0.136924,0.1288
0.136928,0.1288
0.136932,0.1288
0.136936,0.1288
0.13694,0.1288
0.136944,0.1127
0.136948,0.1288
0.136952,0.1288
0.136956,0.1288
0.13696,0.1288
0.136964,0.1288
0.136968,0.1288
0.136972,0.1288
0.136976,0.1288
0.13698,0.1288
0.136984,0.1288
0.136988,0.1288
0.136992,0.1288
0.136996,0.1288
0.137,0.1288
0.137004,0.1288
0.137008,0.1288
0.137012,0.1288
0.137016,0.1288
0.13702,0.1288
0.137024,0.1127
0.137028,0.1288
0.137032,0.1288
0.137036,0.1288
0.13704,0.1288
0.137044,0.1288
0.137048,0.1288
0.137052,0.1449
0.137056,0.1288
0.13706,0.1127
0.137064,0.1127
0.137068,0.1288
0.137072,0.1288
0.137076,0.1288
0.13708,0.1288
0.137084,0.1288
0.137088,0.1288
0.137092,0.1127
0.137096,0.1288
0.1371,0.1127
0.137104,0.1288
0.137108,0.1288
0.137112,0.1288
0.137116,0.1127
0.13712,0.1288
0.137124,0.1288
0.137128,0.1288
0.137132,0.1288
0.137136,0.1288
0.13714,0.1127
0.137144,0.1288
0.137148,0.1288
0.137152,0.1288
0.137156,0.1288
0.13716,0.1127
0.137164,0.1288
0.137168,0.1288
0.137172,0.1288
0.137176,0.1288
0.13718,0.1288
0.137184,0.1288
0.137188,0.1288
0.137192,0.1288
0.137196,0.1288
0.1372,0.1288
0.137204,0.1288
0.137208,0.1288
0.137212,0.1288
0.137216,0.1288
0.13722,0.1127
0.137224,0.1288
0.137228,0.1127
0.137232,0.1127
0.137236,0.1288
0.13724,0.1288
0.137244,0.1127
0.137248,0.1127
0.137252,0.1288
0.137256,0.1127
0.13726,0.1288
0.137264,0.1288
0.137268,0.1127
0.137272,0.1288
0.137276,0.1288
0.13728,0.1288
0.137284,0.1288
0.137288,0.1288
0.137292,0.1288
0.137296,0.1288
0.1373,0.1127
0.137304,0.1288
0.137308,0.1288
0.137312,0.1288
0.137316,0.1288
0.13732,0.1288
0.137324,0.1449
0.137328,0.1127
0.137332,0.1288
0.137336,0.1288
0.13734,0.1288
0.137344,0.1288
0.137348,0.1288
0.137352,0.1288
0.137356,0.1288
0.13736,0.1288
0.137364,0.1288
0.137368,0.1288
0.137372,0.1288
0.137376,0.1288
0.13738,0.1288
0.137384,0.1288
0.137388,0.1288
0.137392,0.1288
0.137396,0.1127
0.1374,0.1288
0.137404,0.1127
0.137408,0.1288
0.137412,0.1127
0.137416,0.1288
0.13742,0.1127
0.137424,0.1127
0.137428,0.1288
0.137432,0.1127
0.137436,0.1127
0.13744,0.1288
0.137444,0.1288
0.137448,0.1288
0.137452,0.1127
0.137456,0.1127
0.13746,0.1288
0.137464,0.1127
0.137468,0.1288
0.137472,0.1127
0.137476,0.1288
0.13748,0.1127
0.137484,0.1288
0.137488,0.1127
0.137492,0.1127
0.137496,0.1288
0.1375,0.1288
0.137504,0.1127
0.137508,0.1127
0.137512,0.1127
0.137516,0.1288
0.13752,0.1288
0.137524,0.1288
0.137528,0.1127
0.137532,0.1127
0.137536,0.1288
0.13754,0.1288
0.137544,0.1288
0.137548,0.1288
0.137552,0.1127
0.137556,0.1127
0.13756,0.1127
0.137564,0.1288
0.137568,0.1288
0.137572,0.1127
0.137576,0.1127
0.13758,0.1288
0.137584,0.1127
0.137588,0.1127
0.137592,0.1288
0.137596,0.1288
0.1376,0.1288
0.137604,0.1288
0.137608,0.1127
0.137612,0.1127
0.137616,0.1288
0.13762,0.1288
0.137624,0.1127
0.137628,0.1288
0.137632,0.1127
0.137636,0.1288
0.13764,0.1127
0.137644,0.1288
0.137648,0.1127
0.137652,0.1127
0.137656,0.1288
0.13766,0.1288
0.137664,0.1127
0.137668,0.1288
0.137672,0.1288
0.137676,0.1288
0.13768,0.1288
0.137684,0.1288
0.137688,0.1127
0.137692,0.1127
0.137696,0.1288
0.1377,0.1288
0.137704,0.1127
0.137708,0.1288
0.137712,0.1288
0.137716,0.1127
0.13772,0.1288
0.137724,0.1288
0.137728,0.1288
0.137732,0.1288
0.137736,0.1288
0.13774,0.1288
0.137744,0.1288
0.137748,0.1127
0.137752,0.1127
0.137756,0.1288
0.13776,0.1288
0.137764,0.1127
0.137768,0.1127
0.137772,0.1288
0.137776,0.1288
0.13778,0.1288
0.137784,0.1288
0.137788,0.1127
0.137792,0.1288
0.137796,0.1288
0.1378,0.1288
0.137804,0.1127
0.137808,0.1288
0.137812,0.1288
0.137816,0.1127
0.13782,0.1288
0.137824,0.1127
0.137828,0.1288
0.137832,0.1127
0.137836,0.1127
0.13784,0.1288
0.137844,0.1127
0.137848,0.1127
0.137852,0.1288
0.137856,0.1288
0.13786,0.1288
0.137864,0.1288
0.137868,0.1127
0.137872,0.1127
0.137876,0.1288
0.13788,0.1288
0.137884,0.1127
0.137888,0.1127
0.137892,0.1127
0.137896,0.1127
0.1379,0.1127
0.137904,0.1127
0.137908,0.1127
0.137912,0.1288
0.137916,0.1288
0.13792,0.1288
0.137924,0.1288
0.137928,0.1288
0.137932,0.1288
0.137936,0.1127
0.13794,0.1127
0.137944,0.1127
0.137948,0.1127
0.137952,0.1127
0.137956,0.1127
0.13796,0.1127
0.137964,0.1288
0.137968,0.1288
0.137972,0.1127
0.137976,0.1127
0.13798,0.1288
0.137984,0.1288
0.137988,0.1127
0.137992,0.1127
0.137996,0.1127
0.138,0.1127
0.138004,0.1288
0.138008,0.1127
0.138012,0.1127
0.138016,0.1288
0.13802,0.1288
0.138024,0.1288
0.138028,0.1127
0.138032,0.1288
0.138036,0.1288
0.13804,0.1127
0.138044,0.1288
0.138048,0.1288
0.138052,0.1288
0.138056,0.1127
0.13806,0.1127
0.138064,0.1127
0.138068,0.1288
0.138072,0.1127
0.138076,0.1127
0.13808,0.1288
0.138084,0.1127
0.138088,0.1127
0.138092,0.1127
0.138096,0.1288
0.1381,0.1127
0.138104,0.1127
0.138108,0.1127
0.138112,0.1127
0.138116,0.1127
0.13812,0.1127
0.138124,0.1127
0.138128,0.1127
0.138132,0.1288
0.138136,0.1127
0.13814,0.1127
0.138144,0.1127
0.138148,0.1127
0.138152,0.1127
0.138156,0.1288
0.13816,0.1127
0.138164,0.1127
0.138168,0.1288
0.138172,0.1288
0.138176,0.1127
0.13818,0.1127
0.138184,0.1288
0.138188,0.1288
0.138192,0.1127
0.138196,0.1127
0.1382,0.1127
0.138204,0.1127
0.138208,0.1288
0.138212,0.1127
0.138216,0.1127
0.13822,0.1127
0.138224,0.1288
0.138228,0.1127
0.138232,0.1127
0.138236,0.1127
0.13824,0.1127
0.138244,0.1127
0.138248,0.1127
0.138252,0.1127
0.138256,0.1127
0.13826,0.1127
0.138264,0.1288
0.138268,0.1127
0.138272,0.1127
0.138276,0.1127
0.13828,0.1127
0.138284,0.1127
0.138288,0.1127
0.138292,0.1127
0.138296,0.1127
0.1383,0.1127
0.138304,0.1288
0.138308,0.1127
0.138312,0.1127
0.138316,0.1127
0.13832,0.1127
0.138324,0.1288
0.138328,0.1127
0.138332,0.1288
0.138336,0.1127
0.13834,0.1127
0.138344,0.1288
0.138348,0.1127
0.138352,0.1288
0.138356,0.1127
0.13836,0.1127
0.138364,0.1288
0.138368,0.1288
0.138372,0.1127
0.138376,0.1127
0.13838,0.1288
0.138384,0.1127
0.138388,0.1127
0.138392,0.1127
0.138396,0.1127
0.1384,0.1288
0.138404,0.1127
0.138408,0.1127
0.138412,0.1127
0.138416,0.1127
0.13842,0.1288
0.138424,0.1288
0.138428,0.1127
0.138432,0.1127
0.138436,0.1127
0.13844,0.1127
0.138444,0.1288
0.138448,0.1127
0.138452,0.1127
0.138456,0.1127
0.13846,0.1127
0.138464,0.1127
0.138468,0.1127
0.138472,0.1127
0.138476,0.1127
0.13848,0.1288
0.138484,0.1127
0.138488,0.1127
0.138492,0.1127
0.138496,0.1127
0.1385,0.1288
0.138504,0.1127
0.138508,0.1127
0.138512,0.1127
0.138516,0.1127
0.13852,0.1288
0.138524,0.1288
0.138528,0.1127
0.138532,0.1127
0.138536,0.1288
0.13854,0.1127
0.138544,0.1127
0.138548,0.1127
0.138552,0.1127
0.138556,0.1288
0.13856,0.1127
0.138564,0.1127
0.138568,0.1127
0.138572,0.1127
0.138576,0.1288
0.13858,0.1127
0.138584,0.1127
0.138588,0.1127
0.138592,0.1127
0.138596,0.1127
0.1386,0.1288
0.138604,0.1127
0.138608,0.1127
0.138612,0.1127
0.138616,0.1127
0.13862,0.1127
0.138624,0.1127
0.138628,0.1127
0.138632,0.1127
0.138636,0.1127
0.13864,0.1127
0.138644,0.1127
0.138648,0.1127
0.138652,0.1127
0.138656,0.1127
0.13866,0.1127
0.138664,0.1127
0.138668,0.1127
0.138672,0.1127
0.138676,0.1127
0.13868,0.1127
0.138684,0.1127
0.138688,0.1288
0.138692,0.1288
0.138696,0.1127
0.1387,0.1127
0.138704,0.1288
0.138708,0.1127
0.138712,0.1288
0.138716,0.1127
0.13872,0.1288
0.138724,0.1127
0.138728,0.1288
0.138732,0.1127
0.138736,0.1127
0.13874,0.1127
0.138744,0.1127
0.138748,0.1127
0.138752,0.1127
0.138756,0.1127
0.13876,0.1127
0.138764,0.1127
0.138768,0.1127
0.138772,0.1127
0.138776,0.1127
0.13878,0.1127
0.138784,0.1127
0.138788,0.1288
0.138792,0.1127
0.138796,0.1127
0.1388,0.1127
0.138804,0.1127
0.138808,0.1127
0.138812,0.1127
0.138816,0.1127
0.13882,0.1127
0.138824,0.1127
0.138828,0.1127
0.138832,0.1127
0.138836,0.1127
0.13884,0.1127
0.138844,0.1127
0.138848,0.1127
0.138852,0.1288
0.138856,0.1127
0.13886,0.1288
0.138864,0.1127
0.138868,0.1127
0.138872,0.1127
0.138876,0.1127
0.13888,0.1127
0.138884,0.1127
0.138888,0.1127
0.138892,0.1127
0.138896,0.1127
0.1389,0.1127
0.138904,0.1127
0.138908,0.09659999999999999
0.138912,0.1127
0.138916,0.1127
0.13892,0.1127
0.138924,0.1127
0.138928,0.1127
0.138932,0.1127
0.138936,0.09659999999999999
0.13894,0.1127
0.138944,0.1127
0.138948,0.1127
0.138952,0.09659999999999999
0.138956,0.1127
0.13896,0.1127
0.138964,0.1127
0.138968,0.1127
0.138972,0.1127
0.138976,0.1127
0.13898,0.1127
0.138984,0.1127
0.138988,0.1127
0.138992,0.1127
0.138996,0.1127
0.139,0.1127
0.139004,0.1127
0.139008,0.1127
0.139012,0.1127
0.139016,0.1127
0.13902,0.1127
0.139024,0.1127
0.139028,0.1127
0.139032,0.1127
0.139036,0.1127
0.13904,0.1127
0.139044,0.1127
0.139048,0.1127
0.139052,0.1127
0.139056,0.1127
0.13906,0.1127
0.139064,0.1127
0.139068,0.1127
0.139072,0.09659999999999999
0.139076,0.1127
0.13908,0.1127
0.139084,0.1127
0.139088,0.1127
0.139092,0.1127
0.139096,0.1127
0.1391,0.1127
0.139104,0.09659999999999999
0.139108,0.1127
0.139112,0.1127
0.139116,0.1127
0.13912,0.1127
0.139124,0.09659999999999999
0.139128,0.09659999999999999
0.139132,0.1127
0.139136,0.1127
0.13914,0.1127
0.139144,0.09659999999999999
0.139148,0.1127
0.139152,0.1127
0.139156,0.1127
0.13916,0.1127
0.139164,0.1127
0.139168,0.09659999999999999
0.139172,0.1127
0.139176,0.1127
0.13918,0.09659999999999999
0.139184,0.1127
0.139188,0.1127
0.139192,0.1127
0.139196,0.1127
0.1392,0.1127
0.139204,0.1127
0.139208,0.1127
0.139212,0.1127
0.139216,0.1127
0.13922,0.1127
0.139224,0.09659999999999999
0.139228,0.09659999999999999
0.139232,0.1127
0.139236,0.1127
0.13924,0.1127
0.139244,0.1127
0.139248,0.09659999999999999
0.139252,0.1127
0.139256,0.1127
0.13926,0.1127
0.139264,0.09659999999999999
0.139268,0.09659999999999999
0.139272,0.1127
0.139276,0.09659999999999999
0.13928,0.1127
0.139284,0.09659999999999999
0.139288,0.09659999999999999
0.139292,0.1127
0.139296,0.1127
0.1393,0.1127
0.139304,0.09659999999999999
0.139308,0.1127
0.139312,0.09659999999999999
0.139316,0.1127
0.13932,0.09659999999999999
0.139324,0.09659999999999999
0.139328,0.09659999999999999
0.139332,0.09659999999999999
0.139336,0.1127
0.13934,0.09659999999999999
0.139344,0.09659999999999999
0.139348,0.09659999999999999
0.139352,0.1127
0.139356,0.1127
0.13936,0.09659999999999999
0.139364,0.09659999999999999
0.139368,0.1127
0.139372,0.1127
0.139376,0.1127
0.13938,0.09659999999999999
0.139384,0.1127
0.139388,0.1127
0.139392,0.1127
0.139396,0.09659999999999999
0.1394,0.09659999999999999
0.139404,0.09659999999999999
0.139408,0.1127
0.139412,0.09659999999999999
0.139416,0.1127
0.13942,0.09659999999999999
0.139424,0.09659999999999999
0.139428,0.09659999999999999
0.139432,0.1127
0.139436,0.09659999999999999
0.13944,0.1127
0.139444,0.09659999999999999
0.139448,0.09659999999999999
0.139452,0.1127
0.139456,0.09659999999999999
0.13946,0.09659999999999999
0.139464,0.09659999999999999
0.139468,0.1127
0.139472,0.1127
0.139476,0.09659999999999999
0.13948,0.09659999999999999
0.139484,0.09659999999999999
0.139488,0.09659999999999999
0.139492,0.1127
0.139496,0.1127
0.1395,0.1127
0.139504,0.1127
0.139508,0.1127
0.139512,0.1127
0.139516,0.09659999999999999
0.13952,0.1127
0.139524,0.1127
0.139528,0.09659999999999999
0.139532,0.1127
0.139536,0.09659999999999999
0.13954,0.1127
0.139544,0.09659999999999999
0.139548,0.09659999999999999
0.139552,0.1127
0.139556,0.1127
0.13956,0.09659999999999999
0.139564,0.1127
0.139568,0.09659999999999999
0.139572,0.1127
0.139576,0.1127
0.13958,0.09659999999999999
0.139584,0.09659999999999999
0.139588,0.09659999999999999
0.139592,0.1127
0.139596,0.1127
0.1396,0.09659999999999999
0.139604,0.09659999999999999
0.139608,0.09659999999999999
0.139612,0.09659999999999999
0.139616,0.1127
0.13962,0.09659999999999999
0.139624,0.09659999999999999
0.139628,0.1127
0.139632,0.09659999999999999
0.139636,0.09659999999999999
0.13964,0.1127
0.139644,0.09659999999999999
0.139648,0.09659999999999999
0.139652,0.09659999999999999
0.139656,0.1127
0.13966,0.1127
0.139664,0.1127
0.139668,0.1127
0.139672,0.09659999999999999
0.139676,0.09659999999999999
0.13968,0.1127
0.139684,0.1127
0.139688,0.09659999999999999
0.139692,0.09659999999999999
0.139696,0.1127
0.1397,0.09659999999999999
0.139704,0.09659999999999999
0.139708,0.09659999999999999
0.139712,0.1127
0.139716,0.1127
0.13972,0.09659999999999999
0.139724,0.1127
0.139728,0.09659999999999999
0.139732,0.09659999999999999
0.139736,0.1127
0.13974,0.1127
0.139744,0.09659999999999999
0.139748,0.09659999999999999
0.139752,0.1127
0.139756,0.1127
0.13976,0.09659999999999999
0.139764,0.09659999999999999
0.139768,0.09659999999999999
0.139772,0.1127
0.139776,0.09659999999999999
0.13978,0.09659999999999999
0.139784,0.09659999999999999
0.139788,0.09659999999999999
0.139792,0.1127
0.139796,0.1127
0.1398,0.09659999999999999
0.139804,0.09659999999999999
0.139808,0.09659999999999999
0.139812,0.09659999999999999
0.139816,0.09659999999999999
0.13982,0.09659999999999999
0.139824,0.09659999999999999
0.139828,0.1127
0.139832,0.1127
0.139836,0.1127
0.13984,0.09659999999999999
0.139844,0.1127
0.139848,0.1127
0.139852,0.1127
0.139856,0.09659999999999999
0.13986,0.1127
0.139864,0.1127
0.139868,0.09659999999999999
0.139872,0.09659999999999999
0.139876,0.1127
0.13988,0.09659999999999999
0.139884,0.1127
0.139888,0.1127
0.139892,0.09659999999999999
0.139896,0.09659999999999999
0.1399,0.1127
0.139904,0.1127
0.139908,0.1127
0.139912,0.1127
0.139916,0.09659999999999999
0.13992,0.09659999999999999
0.139924,0.1127
0.139928,0.1127
0.139932,0.1127
0.139936,0.09659999999999999
0.13994,0.09659999999999999
0.139944,0.1127
0.139948,0.09659999999999999
0.139952,0.09659999999999999
0.139956,0.09659999999999999
0.13996,0.09659999999999999
0.139964,0.1127
0.139968,0.09659999999999999
0.139972,0.09659999999999999
0.139976,0.09659999999999999
0.13998,0.09659999999999999
0.139984,0.09659999999999999
0.139988,0.1127
0.139992,0.1127
0.139996,0.1127
0.14,0.09659999999999999
0.140004,0.1127
0.140008,0.1127
0.140012,0.09659999999999999
0.140016,0.09659999999999999
0.14002,0.1127
0.140024,0.09659999999999999
0.140028,0.1127
0.140032,0.09659999999999999
0.140036,0.09659999999999999
0.14004,0.09659999999999999
0.140044,0.1127
0.140048,0.09659999999999999
0.140052,0.1127
0.140056,0.09659999999999999
0.14006,0.09659999999999999
0.140064,0.09659999999999999
0.140068,0.1127
0.140072,0.09659999999999999
0.140076,0.09659999999999999
0.14008,0.09659999999999999
0.140084,0.09659999999999999
0.140088,0.09659999999999999
0.140092,0.09659999999999999
0.140096,0.09659999999999999
0.1401,0.09659999999999999
0.140104,0.1127
0.140108,0.1127
0.140112,0.09659999999999999
0.140116,0.09659999999999999
0.14012,0.1127
0.140124,0.1127
0.140128,0.09659999999999999
0.140132,0.09659999999999999
0.140136,0.1127
0.14014,0.09659999999999999
0.140144,0.09659999999999999
0.140148,0.09659999999999999
0.140152,0.09659999999999999
0.140156,0.09659999999999999
0.14016,0.1127
0.140164,0.09659999999999999
0.140168,0.09659999999999999
0.140172,0.09659999999999999
0.140176,0.1127
0.14018,0.1127
0.140184,0.09659999999999999
0.140188,0.09659999999999999
0.140192,0.1127
0.140196,0.1127
0.1402,0.1127
0.140204,0.09659999999999999
0.140208,0.1127
0.140212,0.1127
0.140216,0.1127
0.14022,0.1127
0.140224,0.1127
0.140228,0.1127
0.140232,0.1127
0.140236,0.09659999999999999
0.14024,0.1127
0.140244,0.09659999999999999
0.140248,0.09659999999999999
0.140252,0.09659999999999999
0.140256,0.1127
0.14026,0.09659999999999999
0.140264,0.09659999999999999
0.140268,0.09659999999999999
0.140272,0.1127
0.140276,0.1127
0.14028,0.1127
0.140284,0.09659999999999999
0.140288,0.09659999999999999
0.140292,0.1127
0.140296,0.09659999999999999
0.1403,0.09659999999999999
0.140304,0.09659999999999999
0.140308,0.09659999999999999
0.140312,0.1127
0.140316,0.09659999999999999
0.14032,0.09659999999999999
0.140324,0.0805
0.140328,0.09659999999999999
0.140332,0.09659999999999999
0.140336,0.09659999999999999
0.14034,0.09659999999999999
0.140344,0.09659999999999999
0.140348,0.1127
0.140352,0.1127
0.140356,0.09659999999999999
0.14036,0.09659999999999999
0.140364,0.1127
0.140368,0.1127
0.140372,0.1127
0.140376,0.09659999999999999
0.14038,0.09659999999999999
0.140384,0.1127
0.140388,0.09659999999999999
0.140392,0.09659999999999999
0.140396,0.1127
0.1404,0.09659999999999999
0.140404,0.09659999999999999
0.140408,0.09659999999999999
0.140412,0.09659999999999999
0.140416,0.1127
0.14042,0.09659999999999999
0.140424,0.09659999999999999
0.140428,0.09659999999999999
0.140432,0.1127
0.140436,0.1127
0.14044,0.09659999999999999
0.140444,0.09659999999999999
0.140448,0.09659999999999999
0.140452,0.09659999999999999
0.140456,0.09659999999999999
0.14046,0.09659999999999999
0.140464,0.09659999999999999
0.140468,0.09659999999999999
0.140472,0.09659999999999999
0.140476,0.09659999999999999
0.14048,0.09659999999999999
0.140484,0.09659999999999999
0.140488,0.09659999999999999
0.140492,0.09659999999999999
0.140496,0.09659999999999999
0.1405,0.09659999999999999
0.140504,0.09659999999999999
0.140508,0.09659999999999999
0.140512,0.1127
0.140516,0.09659999999999999
0.14052,0.09659999999999999
0.140524,0.09659999999999999
0.140528,0.1127
0.140532,0.1127
0.140536,0.1127
0.14054,0.09659999999999999
0.140544,0.09659999999999999
0.140548,0.09659999999999999
0.140552,0.09659999999999999
0.140556,0.09659999999999999
0.14056,0.09659999999999999
0.140564,0.09659999999999999
0.140568,0.1127
0.140572,0.1127
0.140576,0.09659999999999999
0.14058,0.09659999999999999
0.140584,0.09659999999999999
0.140588,0.09659999999999999
0.140592,0.09659999999999999
0.140596,0.09659999999999999
0.1406,0.09659999999999999
0.140604,0.1127
0.140608,0.1127
0.140612,0.1127
0.140616,0.1127
0.14062,0.09659999999999999
0.140624,0.09659999999999999
0.140628,0.09659999999999999
0.140632,0.09659999999999999
0.140636,0.09659999999999999
0.14064,0.09659999999999999
0.140644,0.09659999999999999
0.140648,0.09659999999999999
0.140652,0.09659999999999999
0.140656,0.09659999999999999
0.14066,0.09659999999999999
0.140664,0.09659999999999999
0.140668,0.09659999999999999
0.140672,0.1127
0.140676,0.09659999999999999
0.14068,0.09659999999999999
0.140684,0.09659999999999999
0.140688,0.1127
0.140692,0.09659999999999999
0.140696,0.09659999999999999
0.1407,0.09659999999999999
0.140704,0.09659999999999999
0.140708,0.1127
0.140712,0.09659999999999999
0.140716,0.09659999999999999
0.14072,0.09659999999999999
0.140724,0.09659999999999999
0.140728,0.09659999999999999
0.140732,0.09659999999999999
0.140736,0.1127
0.14074,0.09659999999999999
0.140744,0.09659999999999999
0.140748,0.09659999999999999
0.140752,0.09659999999999999
0.140756,0.09659999999999999
0.14076,0.09659999999999999
0.140764,0.09659999999999999
0.140768,0.09659999999999999
0.140772,0.09659999999999999
0.140776,0.09659999999999999
0.14078,0.09659999999999999
0.140784,0.09659999999999999
0.140788,0.09659999999999999
0.140792,0.09659999999999999
0.140796,0.09659999999999999
0.1408,0.09659999999999999
0.140804,0.09659999999999999
0.140808,0.09659999999999999
0.140812,0.1127
0.140816,0.09659999999999999
0.14082,0.09659999999999999
0.140824,0.0805
0.140828,0.09659999999999999
0.140832,0.09659999999999999
0.140836,0.09659999999999999
0.14084,0.09659999999999999
0.140844,0.1127
0.140848,0.09659999999999999
0.140852,0.09659999999999999
0.140856,0.1127
0.14086,0.09659999999999999
0.140864,0.09659999999999999
0.140868,0.09659999999999999
0.140872,0.09659999999999999
0.140876,0.09659999999999999
0.14088,0.09659999999999999
0.140884,0.09659999999999999
0.140888,0.09659999999999999
0.140892,0.09659999999999999
0.140896,0.09659999999999999
0.1409,0.09659999999999999
0.140904,0.09659999999999999
0.140908,0.09659999999999999
0.140912,0.09659999999999999
0.140916,0.09659999999999999
0.14092,0.09659999999999999
0.140924,0.09659999999999999
0.140928,0.09659999999999999
0.140932,0.09659999999999999
0.140936,0.09659999999999999
0.14094,0.09659999999999999
0.140944,0.0805
0.140948,0.09659999999999999
0.140952,0.09659999999999999
0.140956,0.09659999999999999
0.14096,0.09659999999999999
0.140964,0.09659999999999999
0.140968,0.09659999999999999
0.140972,0.09659999999999999
0.140976,0.09659999999999999
0.14098,0.0805
0.140984,0.1127
0.140988,0.09659999999999999
0.140992,0.0805
0.140996,0.09659999999999999
0.141,0.0805
0.141004,0.09659999999999999
0.141008,0.09659999999999999
0.141012,0.09659999999999999
0.141016,0.09659999999999999
0.14102,0.09659999999999999
0.141024,0.09659999999999999
0.141028,0.09659999999999999
0.141032,0.09659999999999999
0.141036,0.09659999999999999
0.14104,0.09659999999999999
0.141044,0.09659999999999999
0.141048,0.09659999999999999
0.141052,0.09659999999999999
0.141056,0.09659999999999999
0.14106,0.09659999999999999
0.141064,0.09659999999999999
0.141068,0.09659999999999999
0.141072,0.09659999999999999
0.141076,0.09659999999999999
0.14108,0.09659999999999999
0.141084,0.09659999999999999
0.141088,0.0805
0.141092,0.09659999999999999
0.141096,0.0805
0.1411,0.09659999999999999
0.141104,0.09659999999999999
0.141108,0.09659999999999999
0.141112,0.09659999999999999
0.141116,0.09659999999999999
0.14112,0.09659999999999999
0.141124,0.0805
0.141128,0.0805
0.141132,0.09659999999999999
0.141136,0.09659999999999999
0.14114,0.09659999999999999
0.141144,0.09659999999999999
0.141148,0.09659999999999999
0.141152,0.09659999999999999
0.141156,0.09659999999999999
0.14116,0.09659999999999999
0.141164,0.09659999999999999
0.141168,0.09659999999999999
0.141172,0.09659999999999999
0.141176,0.09659999999999999
0.14118,0.09659999999999999
0.141184,0.1127
0.141188,0.0805
0.141192,0.09659999999999999
0.141196,0.09659999999999999
0.1412,0.09659999999999999
0.141204,0.09659999999999999
0.141208,0.09659999999999999
0.141212,0.1127
0.141216,0.09659999999999999
0.14122,0.0805
0.141224,0.09659999999999999
0.141228,0.09659999999999999
0.141232,0.09659999999999999
0.141236,0.09659999999999999
0.14124,0.09659999999999999
0.141244,0.09659999999999999
0.141248,0.09659999999999999
0.141252,0.09659999999999999
0.141256,0.09659999999999999
0.14126,0.09659999999999999
0.141264,0.09659999999999999
0.141268,0.09659999999999999
0.141272,0.09659999999999999
0.141276,0.09659999999999999
0.14128,0.09659999999999999
0.141284,0.1127
0.141288,0.09659999999999999
0.141292,0.09659999999999999
0.141296,0.09659999999999999
0.1413,0.09659999999999999
0.141304,0.09659999999999999
0.141308,0.09659999999999999
0.141312,0.09659999999999999
0.141316,0.09659999999999999
0.14132,0.09659999999999999
0.141324,0.09659999999999999
0.141328,0.09659999999999999
0.141332,0.09659999999999999
0.141336,0.1127
0.14134,0.09659999999999999
0.141344,0.1127
0.141348,0.1127
0.141352,0.09659999999999999
0.141356,0.09659999999999999
0.14136,0.09659999999999999
0.141364,0.1127
0.141368,0.09659999999999999
0.141372,0.09659999999999999
0.141376,0.09659999999999999
0.14138,0.09659999999999999
0.141384,0.09659999999999999
0.141388,0.09659999999999999
0.141392,0.1127
0.141396,0.09659999999999999
0.1414,0.09659999999999999
0.141404,0.09659999999999999
0.141408,0.09659999999999999
0.141412,0.09659999999999999
0.141416,0.09659999999999999
0.14142,0.09659999999999999
0.141424,0.09659999999999999
0.141428,0.09659999999999999
0.141432,0.09659999999999999
0.141436,0.0805
0.14144,0.09659999999999999
0.141444,0.09659999999999999
0.141448,0.09659999999999999
0.141452,0.0805
0.141456,0.09659999999999999
0.14146,0.09659999999999999
0.141464,0.09659999999999999
0.141468,0.09659999999999999
0.141472,0.09659999999999999
0.141476,0.09659999999999999
0.14148,0.09659999999999999
0.141484,0.09659999999999999
0.141488,0.09659999999999999
0.141492,0.09659999999999999
0.141496,0.09659999999999999
0.1415,0.09659999999999999
0.141504,0.09659999999999999
0.141508,0.09659999999999999
0.141512,0.09659999999999999
0.141516,0.1127
0.14152,0.09659999999999999
0.141524,0.09659999999999999
0.141528,0.09659999999999999
0.141532,0.09659999999999999
0.141536,0.09659999999999999
0.14154,0.09659999999999999
0.141544,0.09659999999999999
0.141548,0.09659999999999999
0.141552,0.09659999999999999
0.141556,0.09659999999999999
0.14156,0.09659999999999999
0.141564,0.09659999999999999
0.141568,0.09659999999999999
0.141572,0.09659999999999999
0.141576,0.09659999999999999
0.14158,0.09659999999999999
0.141584,0.09659999999999999
0.141588,0.09659999999999999
0.141592,0.1127
0.141596,0.09659999999999999
0.1416,0.09659999999999999
0.141604,0.09659999999999999
0.141608,0.09659999999999999
0.141612,0.09659999999999999
0.141616,0.09659999999999999
0.14162,0.09659999999999999
0.141624,0.09659999999999999
0.141628,0.09659999999999999
0.141632,0.09659999999999999
0.141636,0.09659999999999999
0.14164,0.09659999999999999
0.141644,0.09659999999999999
0.141648,0.09659999999999999
0.141652,0.09659999999999999
0.141656,0.0805
0.14166,0.09659999999999999
0.141664,0.1127
0.141668,0.09659999999999999
0.141672,0.09659999999999999
0.141676,0.0805
0.14168,0.09659999999999999
0.141684,0.09659999999999999
0.141688,0.1127
0.141692,0.09659999999999999
0.141696,0.09659999999999999
0.1417,0.09659999999999999
0.141704,0.09659999999999999
0.141708,0.09659999999999999
0.141712,0.09659999999999999
0.141716,0.1127
0.14172,0.09659999999999999
0.141724,0.09659999999999999
0.141728,0.09659999999999999
0.141732,0.09659999999999999
0.141736,0.1127
0.14174,0.09659999999999999
0.141744,0.09659999999999999
0.141748,0.09659999999999999
0.141752,0.09659999999999999
0.141756,0.09659999999999999
0.14176,0.09659999999999999
0.141764,0.09659999999999999
0.141768,0.1127
0.141772,0.09659999999999999
0.141776,0.09659999999999999
0.14178,0.09659999999999999
0.141784,0.09659999999999999
0.141788,0.1127
0.141792,0.09659999999999999
0.141796,0.09659999999999999
0.1418,0.1127
0.141804,0.09659999999999999
0.141808,0.09659999999999999
0.141812,0.09659999999999999
0.141816,0.0805
0.14182,0.09659999999999999
0.141824,0.09659999999999999
0.141828,0.0805
0.141832,0.0805
0.141836,0.09659999999999999
0.14184,0.09659999999999999
0.141844,0.09659999999999999
0.141848,0.09659999999999999
0.141852,0.09659999999999999
0.141856,0.09659999999999999
0.14186,0.1127
0.141864,0.09659999999999999
0.141868,0.09659999999999999
0.141872,0.0805
0.141876,0.09659999999999999
0.14188,0.09659999999999999
0.141884,0.09659999999999999
0.141888,0.09659999999999999
0.141892,0.09659999999999999
0.141896,0.09659999999999999
0.1419,0.09659999999999999
0.141904,0.09659999999999999
0.141908,0.09659999999999999
0.141912,0.09659999999999999
0.141916,0.09659999999999999
0.14192,0.09659999999999999
0.141924,0.09659999999999999
0.141928,0.09659999999999999
0.141932,0.09659999999999999
0.141936,0.09659999999999999
0.14194,0.09659999999999999
0.141944,0.09659999999999999
0.141948,0.09659999999999999
0.141952,0.0805
0.141956,0.09659999999999999
0.14196,0.09659999999999999
0.141964,0.09659999999999999
0.141968,0.09659999999999999
0.141972,0.0805
0.141976,0.09659999999999999
0.14198,0.0805
0.141984,0.0805
0.141988,0.09659999999999999
0.141992,0.09659999999999999
0.141996,0.09659999999999999
0.142,0.09659999999999999
0.142004,0.0805
0.142008,0.09659999999999999
0.142012,0.09659999999999999
0.142016,0.09659999999999999
0.14202,0.09659999999999999
0.142024,0.09659999999999999
0.142028,0.09659999999999999
0.142032,0.09659999999999999
0.142036,0.09659999999999999
0.14204,0.09659999999999999
0.142044,0.09659999999999999
0.142048,0.09659999999999999
0.142052,0.09659999999999999
0.142056,0.09659999999999999
0.14206,0.0805
0.142064,0.09659999999999999
0.142068,0.09659999999999999
0.142072,0.0805
0.142076,0.09659999999999999
0.14208,0.09659999999999999
0.142084,0.09659999999999999
0.142088,0.09659999999999999
0.142092,0.09659999999999999
0.142096,0.0805
0.1421,0.09659999999999999
0.142104,0.09659999999999999
0.142108,0.09659999999999999
0.142112,0.0805
0.142116,0.09659999999999999
0.14212,0.09659999999999999
0.142124,0.09659999999999999
0.142128,0.09659999999999999
0.142132,0.0805
0.142136,0.09659999999999999
0.14214,0.09659999999999999
0.142144,0.09659999999999999
0.142148,0.09659999999999999
0.142152,0.0805
0.142156,0.09659999999999999
0.14216,0.09659999999999999
0.142164,0.09659999999999999
0.142168,0.09659999999999999
0.142172,0.0805
0.142176,0.0805
0.14218,0.09659999999999999
0.142184,0.0805
0.142188,0.09659999999999999
0.142192,0.09659999999999999
0.142196,0.0805
0.1422,0.09659999999999999
0.142204,0.09659999999999999
0.142208,0.09659999999999999
0.142212,0.0805
0.142216,0.0805
0.14222,0.09659999999999999
0.142224,0.09659999999999999
0.142228,0.09659999999999999
0.142232,0.0805
0.142236,0.09659999999999999
0.14224,0.09659999999999999
0.142244,0.09659999999999999
0.142248,0.0805
0.142252,0.0805
0.142256,0.0805
0.14226,0.0805
0.142264,0.0805
0.142268,0.09659999999999999
0.142272,0.09659999999999999
0.142276,0.0805
0.14228,0.09659999999999999
0.142284,0.0805
0.142288,0.09659999999999999
0.142292,0.0805
0.142296,0.09659999999999999
0.1423,0.09659999999999999
0.142304,0.0805
0.142308,0.09659999999999999
0.142312,0.09659999999999999
0.142316,0.0805
0.14232,0.09659999999999999
0.142324,0.09659999999999999
0.142328,0.09659999999999999
0.142332,0.09659999999999999
0.142336,0.09659999999999999
0.14234,0.09659999999999999
0.142344,0.09659999999999999
0.142348,0.09659999999999999
0.142352,0.09659999999999999
0.142356,0.09659999999999999
0.14236,0.09659999999999999
0.142364,0.09659999999999999
0.142368,0.1127
0.142372,0.09659999999999999
0.142376,0.09659999999999999
0.14238,0.09659999999999999
0.142384,0.09659999999999999
0.142388,0.09659999999999999
0.142392,0.09659999999999999
0.142396,0.09659999999999999
0.1424,0.0805
0.142404,0.0805
0.142408,0.09659999999999999
0.142412,0.09659999999999999
0.142416,0.09659999999999999
0.14242,0.09659999999999999
0.142424,0.09659999999999999
0.142428,0.09659999999999999
0.142432,0.09659999999999999
0.142436,0.09659999999999999
0.14244,0.09659999999999999
0.142444,0.0805
0.142448,0.09659999999999999
0.142452,0.09659999999999999
0.142456,0.0805
0.14246,0.0805
0.142464,0.09659999999999999
0.142468,0.09659999999999999
0.142472,0.0805
0.142476,0.09659999999999999
0.14248,0.0805
0.142484,0.09659999999999999
0.142488,0.0805
0.142492,0.0805
0.142496,0.0805
0.1425,0.0805
0.142504,0.09659999999999999
0.142508,0.09659999999999999
0.142512,0.09659999999999999
0.142516,0.0805
0.14252,0.09659999999999999
0.142524,0.1127
0.142528,0.09659999999999999
0.142532,0.09659999999999999
0.142536,0.09659999999999999
0.14254,0.09659999999999999
0.142544,0.1127
0.142548,0.09659999999999999
0.142552,0.09659999999999999
0.142556,0.09659999999999999
0.14256,0.09659999999999999
0.142564,0.09659999999999999
0.142568,0.09659999999999999
0.142572,0.09659999999999999
0.142576,0.09659999999999999
0.14258,0.09659999999999999
0.142584,0.09659999999999999
0.142588,0.09659999999999999
0.142592,0.09659999999999999
0.142596,0.09659999999999999
0.1426,0.09659999999999999
0.142604,0.09659999999999999
0.142608,0.0805
0.142612,0.09659999999999999
0.142616,0.09659999999999999
0.14262,0.1127
0.142624,0.0805
0.142628,0.09659999999999999
0.142632,0.0805
0.142636,0.0805
0.14264,0.09659999999999999
0.142644,0.09659999999999999
0.142648,0.09659999999999999
0.142652,0.09659999999999999
0.142656,0.0805
0.14266,0.0805
0.142664,0.09659999999999999
0.142668,0.09659999999999999
0.142672,0.0805
0.142676,0.0805
0.14268,0.0805
0.142684,0.09659999999999999
0.142688,0.09659999999999999
0.142692,0.09659999999999999
0.142696,0.09659999999999999
0.1427,0.09659999999999999
0.142704,0.09659999999999999
0.142708,0.09659999999999999
0.142712,0.09659999999999999
0.142716,0.09659999999999999
0.14272,0.0805
0.142724,0.09659999999999999
0.142728,0.0805
0.142732,0.09659999999999999
0.142736,0.09659999999999999
0.14274,0.09659999999999999
0.142744,0.09659999999999999
0.142748,0.0805
0.142752,0.09659999999999999
0.142756,0.09659999999999999
0.14276,0.09659999999999999
0.142764,0.09659999999999999
0.142768,0.09659999999999999
0.142772,0.09659999999999999
0.142776,0.1127
0.14278,0.09659999999999999
0.142784,0.09659999999999999
0.142788,0.09659999999999999
0.142792,0.09659999999999999
0.142796,0.09659999999999999
0.1428,0.09659999999999999
0.142804,0.09659999999999999
0.142808,0.0805
0.142812,0.09659999999999999
0.142816,0.09659999999999999
0.14282,0.09659999999999999
0.142824,0.0805
0.142828,0.09659999999999999
0.142832,0.09659999999999999
0.142836,0.09659999999999999
0.14284,0.09659999999999999
0.142844,0.09659999999999999
0.142848,0.0805
0.142852,0.09659999999999999
0.142856,0.09659999999999999
0.14286,0.0805
0.142864,0.09659999999999999
0.142868,0.09659999999999999
0.142872,0.09659999999999999
0.142876,0.09659999999999999
0.14288,0.0805
0.142884,0.09659999999999999
0.142888,0.09659999999999999
0.142892,0.0805
0.142896,0.0805
0.1429,0.09659999999999999
0.142904,0.09659999999999999
0.142908,0.09659999999999999
0.142912,0.09659999999999999
0.142916,0.09659999999999999
0.14292,0.09659999999999999
0.142924,0.0805
0.142928,0.0805
0.142932,0.0805
0.142936,0.09659999999999999
0.14294,0.0805
0.142944,0.0805
0.142948,0.09659999999999999
0.142952,0.0805
0.142956,0.0805
0.14296,0.09659999999999999
0.142964,0.09659999999999999
0.142968,0.09659999999999999
0.142972,0.09659999999999999
0.142976,0.09659999999999999
0.14298,0.09659999999999999
0.142984,0.09659999999999999
0.142988,0.0805
0.142992,0.09659999999999999
0.142996,0.09659999999999999
0.143,0.09659999999999999
0.143004,0.09659999999999999
0.143008,0.09659999999999999
0.143012,0.09659999999999999
0.143016,0.09659999999999999
0.14302,0.09659999999999999
0.143024,0.09659999999999999
0.143028,0.09659999999999999
0.143032,0.09659999999999999
0.143036,0.0805
0.14304,0.09659999999999999
0.143044,0.1127
0.143048,0.09659999999999999
0.143052,0.0805
0.143056,0.09659999999999999
0.14306,0.09659999999999999
0.143064,0.09659999999999999
0.143068,0.09659999999999999
0.143072,0.09659999999999999
0.143076,0.09659999999999999
0.14308,0.09659999999999999
0.143084,0.0805
0.143088,0.0805
0.143092,0.0805
0.143096,0.09659999999999999
0.1431,0.0805
0.143104,0.0805
0.143108,0.0805
0.143112,0.0805
0.143116,0.0805
0.14312,0.0805
0.143124,0.09659999999999999
0.143128,0.0805
0.143132,0.09659999999999999
0.143136,0.0805
0.14314,0.0805
0.143144,0.09659999999999999
0.143148,0.09659999999999999
0.143152,0.0805
0.143156,0.0805
0.14316,0.09659999999999999
0.143164,0.0805
0.143168,0.0805
0.143172,0.09659999999999999
0.143176,0.0805
0.14318,0.0805
0.143184,0.0805
0.143188,0.0805
0.143192,0.09659999999999999
0.143196,0.09659999999999999
0.1432,0.09659999999999999
0.143204,0.09659999999999999
0.143208,0.09659999999999999
0.143212,0.09659999999999999
0.143216,0.0805
0.14322,0.0805
0.143224,0.09659999999999999
0.143228,0.09659999999999999
0.143232,0.09659999999999999
0.143236,0.0805
0.14324,0.0805
0.143244,0.0805
0.143248,0.09659999999999999
0.143252,0.09659999999999999
0.143256,0.0805
0.14326,0.0805
0.143264,0.0805
0.143268,0.0805
0.143272,0.09659999999999999
0.143276,0.09659999999999999
0.14328,0.0805
0.143284,0.0805
0.143288,0.0805
0.143292,0.09659999999999999
0.143296,0.0805
0.1433,0.0805
0.143304,0.0805
0.143308,0.0805
0.143312,0.0805
0.143316,0.0805
0.14332,0.0805
0.143324,0.0805
0.143328,0.0805
0.143332,0.0805
0.143336,0.0805
0.14334,0.0805
0.143344,0.0805
0.143348,0.0805
0.143352,0.09659999999999999
0.143356,0.0805
0.14336,0.0805
0.143364,0.09659999999999999
0.143368,0.09659999999999999
0.143372,0.09659999999999999
0.143376,0.0805
0.14338,0.0805
0.143384,0.0805
0.143388,0.09659999999999999
0.143392,0.09659999999999999
0.143396,0.0805
0.1434,0.0805
0.143404,0.09659999999999999
0.143408,0.09659999999999999
0.143412,0.0805
0.143416,0.09659999999999999
0.14342,0.0805
0.143424,0.09659999999999999
0.143428,0.0805
0.143432,0.0805
0.143436,0.09659999999999999
0.14344,0.09659999999999999
0.143444,0.09659999999999999
0.143448,0.0805
0.143452,0.0805
0.143456,0.09659999999999999
0.14346,0.09659999999999999
0.143464,0.0805
0.143468,0.0805
0.143472,0.0805
0.143476,0.09659999999999999
0.14348,0.0805
0.143484,0.0805
0.143488,0.0644
0.143492,0.0805
0.143496,0.0805
0.1435,0.0805
0.143504,0.0805
0.143508,0.0805
0.143512,0.0805
0.143516,0.0805
0.14352,0.09659999999999999
0.143524,0.0805
0.143528,0.09659999999999999
0.143532,0.09659999999999999
0.143536,0.09659999999999999
0.14354,0.0805
0.143544,0.0805
0.143548,0.0805
0.143552,0.09659999999999999
0.143556,0.0805
0.14356,0.0805
0.143564,0.0805
0.143568,0.0805
0.143572,0.09659999999999999
0.143576,0.0805
0.14358,0.0805
0.143584,0.0805
0.143588,0.0805
0.143592,0.09659999999999999
0.143596,0.0805
0.1436,0.0644
0.143604,0.09659999999999999
0.143608,0.09659999999999999
0.143612,0.0805
0.143616,0.0805
0.14362,0.0805
0.143624,0.0805
0.143628,0.09659999999999999
0.143632,0.09659999999999999
0.143636,0.09659999999999999
0.14364,0.09659999999999999
0.143644,0.0805
0.143648,0.0805
0.143652,0.09659999999999999
0.143656,0.0805
0.14366,0.0805
0.143664,0.0805
0.143668,0.09659999999999999
0.143672,0.0805
0.143676,0.0805
0.14368,0.0805
0.143684,0.0805
0.143688,0.0805
0.143692,0.0805
0.143696,0.09659999999999999
0.1437,0.09659999999999999
0.143704,0.09659999999999999
0.143708,0.09659999999999999
0.143712,0.0805
0.143716,0.0805
0.14372,0.09659999999999999
0.143724,0.0805
0.143728,0.09659999999999999
0.143732,0.0805
0.143736,0.09659999999999999
0.14374,0.0805
0.143744,0.0805
0.143748,0.0805
0.143752,0.0805
0.143756,0.0805
0.14376,0.0805
0.143764,0.0805
0.143768,0.0805
0.143772,0.0805
0.143776,0.0805
0.14378,0.0805
0.143784,0.0805
0.143788,0.0805
0.143792,0.0805
0.143796,0.0805
0.1438,0.0805
0.143804,0.0805
0.143808,0.0805
0.143812,0.0805
0.143816,0.09659999999999999
0.14382,0.0805
0.143824,0.0805
0.143828,0.0805
0.143832,0.0805
0.143836,0.0805
0.14384,0.0644
0.143844,0.0644
0.143848,0.0805
0.143852,0.0805
0.143856,0.0805
0.14386,0.0805
0.143864,0.0805
0.143868,0.0805
0.143872,0.0805
0.143876,0.0805
0.14388,0.0805
0.143884,0.0805
0.143888,0.0805
0.143892,0.0805
0.143896,0.0805
0.1439,0.0805
0.143904,0.0805
0.143908,0.0805
0.143912,0.0644
0.143916,0.0644
0.14392,0.0644
0.143924,0.0805
0.143928,0.0644
0.143932,0.0644
0.143936,0.0644
0.14394,0.0644
0.143944,0.0644
0.143948,0.0644
0.143952,0.0805
0.143956,0.0644
0.14396,0.0644
0.143964,0.0644
0.143968,0.0644
0.143972,0.0644
0.143976,0.0644
0.14398,0.0644
0.143984,0.0805
0.143988,0.0644
0.143992,0.0644
0.143996,0.0644
0.144,0.0644
0.144004,0.0644
0.144008,0.0805
0.144012,0.0644
0.144016,0.0805
0.14402,0.0644
0.144024,0.0644
0.144028,0.0644
0.144032,0.0805
0.144036,0.0644
0.14404,0.0644
0.144044,0.0805
0.144048,0.0805
0.144052,0.0644
0.144056,0.0644
0.14406,0.0805
0.144064,0.0805
0.144068,0.0644
0.144072,0.0644
0.144076,0.0644
0.14408,0.0644
0.144084,0.0644
0.144088,0.0805
0.144092,0.0644
0.144096,0.0644
0.1441,0.0644
0.144104,0.0644
0.144108,0.0805
0.144112,0.0644
0.144116,0.0644
0.14412,0.0644
0.144124,0.0644
0.144128,0.0805
0.144132,0.0644
0.144136,0.0644
0.14414,0.048299999999999996
0.144144,0.0644
0.144148,0.0644
0.144152,0.0644
0.144156,0.0644
0.14416,0.0644
0.144164,0.0644
0.144168,0.0644
0.144172,0.0644
0.144176,0.0644
0.14418,0.0644
0.144184,0.048299999999999996
0.144188,0.048299999999999996
0.144192,0.0644
0.144196,0.0644
0.1442,0.0805
0.144204,0.0644
0.144208,0.0644
0.144212,0.0644
0.144216,0.0644
0.14422,0.0644
0.144224,0.0644
0.144228,0.0805
0.144232,0.0805
0.144236,0.0644
0.14424,0.0644
0.144244,0.0644
0.144248,0.0644
0.144252,0.0644
0.144256,0.0644
0.14426,0.0805
0.144264,0.0805
0.144268,0.0644
0.144272,0.0805
0.144276,0.0805
0.14428,0.0644
0.144284,0.0644
0.144288,0.0805
0.144292,0.0805
0.144296,0.0805
0.1443,0.0644
0.144304,0.0805
0.144308,0.0805
0.144312,0.0644
0.144316,0.0805
0.14432,0.0644
0.144324,0.0805
0.144328,0.0805
0.144332,0.0644
0.144336,0.0644
0.14434,0.0805
0.144344,0.0805
0.144348,0.0805
0.144352,0.0644
0.144356,0.0805
0.14436,0.0644
0.144364,0.0805
0.144368,0.0805
0.144372,0.0805
0.144376,0.0805
0.14438,0.0805
0.144384,0.0805
0.144388,0.0644
0.144392,0.0805
0.144396,0.0805
0.1444,0.0805
0.144404,0.0805
0.144408,0.0805
0.144412,0.0805
0.144416,0.0805
0.14442,0.0805
0.144424,0.0805
0.144428,0.0644
0.144432,0.0644
0.144436,0.0805
0.14444,0.0805
0.144444,0.0805
0.144448,0.0805
0.144452,0.0805
0.144456,0.0805
0.14446,0.0805
0.144464,0.0805
0.144468,0.0805
0.144472,0.0805
0.144476,0.0805
0.14448,0.0805
0.144484,0.0805
0.144488,0.0805
0.144492,0.09659999999999999
0.144496,0.0805
0.1445,0.0805
0.144504,0.0805
0.144508,0.0805
0.144512,0.0805
0.144516,0.09659999999999999
0.14452,0.0805
0.144524,0.0805
0.144528,0.0805
0.144532,0.09659999999999999
0.144536,0.0805
0.14454,0.09659999999999999
0.144544,0.09659999999999999
0.144548,0.09659999999999999
0.144552,0.0805
0.144556,0.09659999999999999
0.14456,0.0805
0.144564,0.0805
0.144568,0.0805
0.144572,0.09659999999999999
0.144576,0.09659999999999999
0.14458,0.09659999999999999
0.144584,0.0805
0.144588,0.0805
0.144592,0.0805
0.144596,0.0805
0.1446,0.0805
0.144604,0.0805
0.144608,0.0805
0.144612,0.0805
0.144616,0.0805
0.14462,0.0805
0.144624,0.09659999999999999
0.144628,0.0805
0.144632,0.09659999999999999
0.144636,0.0805
0.14464,0.09659999999999999
0.144644,0.0805
0.144648,0.0805
0.144652,0.0805
0.144656,0.09659999999999999
0.14466,0.0805
0.144664,0.0805
0.144668,0.0805
0.144672,0.0805
0.144676,0.0805
0.14468,0.0805
0.144684,0.09659999999999999
0.144688,0.0805
0.144692,0.0805
0.144696,0.09659999999999999
0.1447,0.0805
0.144704,0.0805
0.144708,0.09659999999999999
0.144712,0.0805
0.144716,0.0805
0.14472,0.09659999999999999
0.144724,0.09659999999999999
0.144728,0.09659999999999999
0.144732,0.0805
0.144736,0.0805
0.14474,0.0805
0.144744,0.09659999999999999
0.144748,0.09659999999999999
0.144752,0.09659999999999999
0.144756,0.0805
0.14476,0.09659999999999999
0.144764,0.09659999999999999
0.144768,0.09659999999999999
0.144772,0.0805
0.144776,0.0805
0.14478,0.0805
0.144784,0.09659999999999999
0.144788,0.0805
0.144792,0.0805
0.144796,0.0805
0.1448,0.0805
0.144804,0.0805
0.144808,0.09659999999999999
0.144812,0.09659999999999999
0.144816,0.0805
0.14482,0.0805
0.144824,0.09659999999999999
0.144828,0.0805
0.144832,0.0805
0.144836,0.0805
0.14484,0.09659999999999999
0.144844,0.0805
0.144848,0.0805
0.144852,0.0805
0.144856,0.0805
0.14486,0.0805
0.144864,0.0805
0.144868,0.0805
0.144872,0.0805
0.144876,0.0805
0.14488,0.0805
0.144884,0.0805
0.144888,0.09659999999999999
0.144892,0.09659999999999999
0.144896,0.0805
0.1449,0.0805
0.144904,0.0805
0.144908,0.09659999999999999
0.144912,0.0805
0.144916,0.0805
0.14492,0.0805
0.144924,0.0805
0.144928,0.0805
0.144932,0.0805
0.144936,0.0805
0.14494,0.0805
0.144944,0.0805
0.144948,0.0805
0.144952,0.0805
0.144956,0.0805
0.14496,0.0805
0.144964,0.0805
0.144968,0.09659999999999999
0.144972,0.0805
0.144976,0.0805
0.14498,0.0805
0.144984,0.0805
0.144988,0.0805
0.144992,0.0644
0.144996,0.0805
0.145,0.0805
0.145004,0.0805
0.145008,0.0805
0.145012,0.0805
0.145016,0.0805
0.14502,0.0805
0.145024,0.0805
0.145028,0.0805
0.145032,0.0805
0.145036,0.0805
0.14504,0.0805
0.145044,0.0805
0.145048,0.0805
0.145052,0.0805
0.145056,0.0805
0.14506,0.0805
0.145064,0.0805
0.145068,0.0805
0.145072,0.0805
0.145076,0.0805
0.14508,0.0805
0.145084,0.0644
0.145088,0.0644
0.145092,0.0805
0.145096,0.0805
0.1451,0.0805
0.145104,0.0644
0.145108,0.0805
0.145112,0.0805
0.145116,0.0805
0.14512,0.0644
0.145124,0.0805
0.145128,0.0805
0.145132,0.0805
0.145136,0.0644
0.14514,0.0644
0.145144,0.0805
0.145148,0.0805
0.145152,0.0805
0.145156,0.0644
0.14516,0.0644
0.145164,0.0805
0.145168,0.0805
0.145172,0.0805
0.145176,0.0805
0.14518,0.0644
0.145184,0.0805
0.145188,0.0805
0.145192,0.0805
0.145196,0.0644
0.1452,0.0805
0.145204,0.0805
0.145208,0.0805
0.145212,0.0805
0.145216,0.0805
0.14522,0.0805
0.145224,0.0805
0.145228,0.0805
0.145232,0.0805
0.145236,0.0644
0.14524,0.0805
0.145244,0.0805
0.145248,0.0805
0.145252,0.0644
0.145256,0.0805
0.14526,0.0805
0.145264,0.0805
0.145268,0.0805
0.145272,0.0805
0.145276,0.0805
0.14528,0.0644
0.145284,0.0805
0.145288,0.0805
0.145292,0.0805
0.145296,0.0805
0.1453,0.0805
0.145304,0.0805
0.145308,0.0805
0.145312,0.0805
0.145316,0.0805
0.14532,0.0805
0.145324,0.0805
0.145328,0.0805
0.145332,0.0644
0.145336,0.0644
0.14534,0.0805
0.145344,0.0805
0.145348,0.0805
0.145352,0.0644
0.145356,0.0644
0.14536,0.0644
0.145364,0.0805
0.145368,0.0805
0.145372,0.0805
0.145376,0.0805
0.14538,0.0644
0.145384,0.0805
0.145388,0.0805
0.145392,0.0805
0.145396,0.0805
0.1454,0.0805
0.145404,0.0805
0.145408,0.0805
0.145412,0.0644
0.145416,0.09659999999999999
0.14542,0.0805
0.145424,0.0805
0.145428,0.0805
0.145432,0.0644
0.145436,0.0805
0.14544,0.0805
0.145444,0.0805
0.145448,0.0805
0.145452,0.0805
0.145456,0.0805
0.14546,0.0644
0.145464,0.0805
0.145468,0.0805
0.145472,0.0805
0.145476,0.0805
0.14548,0.0805
0.145484,0.0805
0.145488,0.0805
0.145492,0.0805
0.145496,0.0805
0.1455,0.0805
0.145504,0.0805
0.145508,0.0805
0.145512,0.0805
0.145516,0.0805
0.14552,0.0805
0.145524,0.0805
0.145528,0.0805
0.145532,0.0805
0.145536,0.0805
0.14554,0.0805
0.145544,0.0805
0.145548,0.0805
0.145552,0.0805
0.145556,0.0805
0.14556,0.0805
0.145564,0.0805
0.145568,0.0805
0.145572,0.0805
0.145576,0.0805
0.14558,0.0805
0.145584,0.0805
0.145588,0.0805
0.145592,0.0805
0.145596,0.0805
0.1456,0.0805
0.145604,0.0805
0.145608,0.0805
0.145612,0.0805
0.145616,0.0644
0.14562,0.0805
0.145624,0.0805
0.145628,0.0805
0.145632,0.0805
0.145636,0.0805
0.14564,0.0805
0.145644,0.0805
0.145648,0.0805
0.145652,0.0644
0.145656,0.0805
0.14566,0.0805
0.145664,0.0805
0.145668,0.0805
0.145672,0.0805
0.145676,0.0805
0.14568,0.0805
0.145684,0.0644
0.145688,0.0805
0.145692,0.0644
0.145696,0.0805
0.1457,0.0805
0.145704,0.0805
0.145708,0.0805
0.145712,0.0644
0.145716,0.0644
0.14572,0.0805
0.145724,0.0805
0.145728,0.0805
0.145732,0.0805
0.145736,0.0805
0.14574,0.0805
0.145744,0.0805
0.145748,0.0805
0.145752,0.0805
0.145756,0.0805
0.14576,0.0805
0.145764,0.0805
0.145768,0.0805
0.145772,0.0805
0.145776,0.0805
0.14578,0.0805
0.145784,0.0805
0.145788,0.09659999999999999
0.145792,0.09659999999999999
0.145796,0.0805
0.1458,0.0805
0.145804,0.0805
0.145808,0.0805
0.145812,0.0805
0.145816,0.0805
0.14582,0.0805
0.145824,0.0805
0.145828,0.0805
0.145832,0.0805
0.145836,0.0805
0.14584,0.0805
0.145844,0.0805
0.145848,0.0805
0.145852,0.0644
0.145856,0.0805
0.14586,0.0805
0.145864,0.0805
0.145868,0.0805
0.145872,0.0805
0.145876,0.0805
0.14588,0.09659999999999999
0.145884,0.0805
0.145888,0.0805
0.145892,0.0805
0.145896,0.0805
0.1459,0.0805
0.145904,0.0805
0.145908,0.0805
0.145912,0.0805
0.145916,0.0805
0.14592,0.0644
0.145924,0.0805
0.145928,0.0805
0.145932,0.0805
0.145936,0.0805
0.14594,0.0805
0.145944,0.0805
0.145948,0.0805
0.145952,0.0644
0.145956,0.0805
0.14596,0.0805
0.145964,0.0805
0.145968,0.0805
0.145972,0.0805
0.145976,0.0805
0.14598,0.0805
0.145984,0.0805
0.145988,0.0805
0.145992,0.0805
0.145996,0.0805
0.146,0.0805
0.146004,0.0805
0.146008,0.0805
0.146012,0.0805
0.146016,0.0644
0.14602,0.0805
0.146024,0.0644
0.146028,0.0805
0.146032,0.0805
0.146036,0.0805
0.14604,0.0805
0.146044,0.0805
0.146048,0.0805
0.146052,0.0644
0.146056,0.0805
0.14606,0.0805
0.146064,0.0644
0.146068,0.0805
0.146072,0.0805
0.146076,0.0805
0.14608,0.0805
0.146084,0.0805
0.146088,0.0805
0.146092,0.0805
0.146096,0.0644
0.1461,0.0644
0.146104,0.0805
0.146108,0.0805
0.146112,0.0805
0.146116,0.0805
0.14612,0.0644
0.146124,0.0644
0.146128,0.0805
0.146132,0.0805
0.146136,0.0644
0.14614,0.0644
0.146144,0.0644
0.146148,0.0805
0.146152,0.0805
0.146156,0.0805
0.14616,0.0805
0.146164,0.0805
0.146168,0.0644
0.146172,0.0805
0.146176,0.0805
0.14618,0.0805
0.146184,0.0644
0.146188,0.0805
0.146192,0.0805
0.146196,0.0805
0.1462,0.0805
0.146204,0.0805
0.146208,0.0644
0.146212,0.0805
0.146216,0.0805
0.14622,0.0805
0.146224,0.0805
0.146228,0.0644
0.146232,0.0644
0.146236,0.0805
0.14624,0.0805
0.146244,0.0805
0.146248,0.0805
0.146252,0.0805
0.146256,0.0805
0.14626,0.0805
0.146264,0.0805
0.146268,0.0805
0.146272,0.0805
0.146276,0.0805
0.14628,0.0805
0.146284,0.0805
0.146288,0.0805
0.146292,0.0644
0.146296,0.0805
0.1463,0.0805
0.146304,0.0805
0.146308,0.0805
0.146312,0.0805
0.146316,0.0805
0.14632,0.0805
0.146324,0.0805
0.146328,0.0805
0.146332,0.0805
0.146336,0.0805
0.14634,0.0805
0.146344,0.0644
0.146348,0.0805
0.146352,0.0805
0.146356,0.0644
0.14636,0.0805
0.146364,0.0644
0.146368,0.0805
0.146372,0.0805
0.146376,0.0644
0.14638,0.0805
0.146384,0.0805
0.146388,0.0805
0.146392,0.0805
0.146396,0.0805
0.1464,0.0805
0.146404,0.0805
0.146408,0.0805
0.146412,0.0805
0.146416,0.0805
0.14642,0.0805
0.146424,0.0805
0.146428,0.0805
0.146432,0.0805
0.146436,0.0805
0.14644,0.0805
0.146444,0.0644
0.146448,0.0805
0.146452,0.0805
0.146456,0.0805
0.14646,0.0644
0.146464,0.0805
0.146468,0.0805
0.146472,0.0805
0.146476,0.0805
0.14648,0.0805
0.146484,0.0805
0.146488,0.0644
0.146492,0.0805
0.146496,0.0805
0.1465,0.0805
0.146504,0.0644
0.146508,0.0805
0.146512,0.0805
0.146516,0.0805
0.14652,0.0805
0.146524,0.0644
0.146528,0.0805
0.146532,0.0805
0.146536,0.0805
0.14654,0.0805
0.146544,0.0805
0.146548,0.0805
0.146552,0.0805
0.146556,0.0805
0.14656,0.09659999999999999
0.146564,0.0805
0.146568,0.0805
0.146572,0.0805
0.146576,0.0805
0.14658,0.0805
0.146584,0.0805
0.146588,0.0805
0.146592,0.0805
0.146596,0.0805
0.1466,0.0805
0.146604,0.0805
0.146608,0.0805
0.146612,0.0805
0.146616,0.0805
0.14662,0.0805
0.146624,0.0805
0.146628,0.0805
0.146632,0.0805
0.146636,0.0805
0.14664,0.0805
0.146644,0.0805
0.146648,0.0805
0.146652,0.0644
0.146656,0.0805
0.14666,0.0805
0.146664,0.0805
0.146668,0.0805
0.146672,0.0805
0.146676,0.0805
0.14668,0.0805
0.146684,0.0805
0.146688,0.09659999999999999
0.146692,0.0805
0.146696,0.0805
0.1467,0.0805
0.146704,0.0805
0.146708,0.0805
0.146712,0.0805
0.146716,0.0805
0.14672,0.0805
0.146724,0.09659999999999999
0.146728,0.0805
0.146732,0.09659999999999999
0.146736,0.0805
0.14674,0.0805
0.146744,0.09659999999999999
0.146748,0.0805
0.146752,0.09659999999999999
0.146756,0.0805
0.14676,0.0805
0.146764,0.0805
0.146768,0.0805
0.146772,0.0805
0.146776,0.0805
0.14678,0.0805
0.146784,0.0805
0.146788,0.0805
0.146792,0.0805
0.146796,0.0805
0.1468,0.0805
0.146804,0.0805
0.146808,0.0805
0.146812,0.0805
0.146816,0.0805
0.14682,0.09659999999999999
0.146824,0.0805
0.146828,0.09659999999999999
0.146832,0.0805
0.146836,0.0805
0.14684,0.0805
0.146844,0.0805
0.146848,0.0805
0.146852,0.0805
0.146856,0.0805
0.14686,0.09659999999999999
0.146864,0.0805
0.146868,0.0805
0.146872,0.0805
0.146876,0.09659999999999999
0.14688,0.0805
0.146884,0.0805
0.146888,0.0805
0.146892,0.0805
0.146896,0.0805
0.1469,0.09659999999999999
0.146904,0.09659999999999999
0.146908,0.09659999999999999
0.146912,0.09659999999999999
0.146916,0.0805
0.14692,0.0805
0.146924,0.0805
0.146928,0.09659999999999999
0.146932,0.09659999999999999
0.146936,0.0805
0.14694,0.0805
0.146944,0.0805
0.146948,0.09659999999999999
0.146952,0.0805
0.146956,0.0805
0.14696,0.09659999999999999
0.146964,0.0805
0.146968,0.09659999999999999
0.146972,0.09659999999999999
0.146976,0.0805
0.14698,0.09659999999999999
0.146984,0.09659999999999999
0.146988,0.09659999999999999
0.146992,0.09659999999999999
0.146996,0.0805
0.147,0.09659999999999999
0.147004,0.09659999999999999
0.147008,0.0805
0.147012,0.0805
0.147016,0.09659999999999999
0.14702,0.0805
0.147024,0.09659999999999999
0.147028,0.09659999999999999
0.147032,0.0805
0.147036,0.0805
0.14704,0.09659999999999999
0.147044,0.1127
0.147048,0.09659999999999999
0.147052,0.09659999999999999
0.147056,0.0805
0.14706,0.0805
0.147064,0.09659999999999999
0.147068,0.09659999999999999
0.147072,0.0805
0.147076,0.09659999999999999
0.14708,0.09659999999999999
0.147084,0.09659999999999999
0.147088,0.09659999999999999
0.147092,0.09659999999999999
0.147096,0.09659999999999999
0.1471,0.09659999999999999
0.147104,0.09659999999999999
0.147108,0.09659999999999999
0.147112,0.0805
0.147116,0.09659999999999999
0.14712,0.09659999999999999
0.147124,0.09659999999999999
0.147128,0.0805
0.147132,0.0805
0.147136,0.09659999999999999
0.14714,0.09659999999999999
0.147144,0.09659999999999999
0.147148,0.0805
0.147152,0.0805
0.147156,0.09659999999999999
0.14716,0.09659999999999999
0.147164,0.0805
0.147168,0.0805
0.147172,0.0805
0.147176,0.09659999999999999
0.14718,0.09659999999999999
0.147184,0.09659999999999999
0.147188,0.0805
0.147192,0.0805
0.147196,0.0805
0.1472,0.0805
0.147204,0.0805
0.147208,0.0805
0.147212,0.0805
0.147216,0.09659999999999999
0.14722,0.0805
0.147224,0.0805
0.147228,0.0805
0.147232,0.0805
0.147236,0.0805
0.14724,0.0805
0.147244,0.0805
0.147248,0.09659999999999999
0.147252,0.0805
0.147256,0.0805
0.14726,0.0805
0.147264,0.0644
0.147268,0.0805
0.147272,0.0805
0.147276,0.0644
0.14728,0.0805
0.147284,0.0805
0.147288,0.0805
0.147292,0.0805
0.147296,0.0644
0.1473,0.0644
0.147304,0.0805
0.147308,0.0805
0.147312,0.0644
0.147316,0.0805
0.14732,0.0805
0.147324,0.0644
0.147328,0.0644
0.147332,0.0644
0.147336,0.0644
0.14734,0.0644
0.147344,0.0644
0.147348,0.0644
0.147352,0.0644
0.147356,0.0644
0.14736,0.0644
0.147364,0.0644
0.147368,0.0644
0.147372,0.0644
0.147376,0.0644
0.14738,0.0644
0.147384,0.0644
0.147388,0.0805
0.147392,0.0644
0.147396,0.0644
0.1474,0.0644
0.147404,0.0644
0.147408,0.0644
0.147412,0.0644
0.147416,0.0644
0.14742,0.0644
0.147424,0.0644
0.147428,0.0644
0.147432,0.0644
0.147436,0.0644
0.14744,0.0644
0.147444,0.0644
0.147448,0.0644
0.147452,0.0644
0.147456,0.0644
0.14746,0.048299999999999996
0.147464,0.048299999999999996
0.147468,0.048299999999999996
0.147472,0.0644
0.147476,0.0644
0.14748,0.048299999999999996
0.147484,0.0644
0.147488,0.048299999999999996
0.147492,0.0644
0.147496,0.048299999999999996
0.1475,0.048299999999999996
0.147504,0.048299999999999996
0.147508,0.0644
0.147512,0.048299999999999996
0.147516,0.048299999999999996
0.14752,0.048299999999999996
0.147524,0.048299999999999996
0.147528,0.048299999999999996
0.147532,0.048299999999999996
0.147536,0.048299999999999996
0.14754,0.048299999999999996
0.147544,0.048299999999999996
0.147548,0.048299999999999996
0.147552,0.048299999999999996
0.147556,0.048299999999999996
0.14756,0.048299999999999996
0.147564,0.048299999999999996
0.147568,0.048299999999999996
0.147572,0.048299999999999996
0.147576,0.048299999999999996
0.14758,0.048299999999999996
0.147584,0.048299999999999996
0.147588,0.048299999999999996
0.147592,0.048299999999999996
0.147596,0.048299999999999996
0.1476,0.048299999999999996
0.147604,0.048299999999999996
0.147608,0.048299999999999996
0.147612,0.0322
0.147616,0.0322
0.14762,0.048299999999999996
0.147624,0.0322
0.147628,0.0322
0.147632,0.0322
0.147636,0.048299999999999996
0.14764,0.048299999999999996
0.147644,0.0322
0.147648,0.0322
0.147652,0.048299999999999996
0.147656,0.0322
0.14766,0.048299999999999996
0.147664,0.0322
0.147668,0.0322
0.147672,0.0322
0.147676,0.0322
0.14768,0.0161
0.147684,0.0161
0.147688,0.048299999999999996
0.147692,0.048299999999999996
0.147696,0.0322
0.1477,0.0161
0.147704,0.0322
0.147708,0.0322
0.147712,0.0322
0.147716,0.0322
0.14772,0.0322
0.147724,0.0161
0.147728,0.0322
0.147732,0.0322
0.147736,0.0322
0.14774,0.0161
0.147744,0.0322
0.147748,0.0322
0.147752,0.0322
0.147756,0.0322
0.14776,0.0322
0.147764,0.0161
0.147768,0.0322
0.147772,0.0322
0.147776,0.0322
0.14778,0.0322
0.147784,0.0322
0.147788,0.0161
0.147792,0.0322
0.147796,0.0161
0.1478,0.0322
0.147804,0.0161
0.147808,0.0322
0.147812,0.0161
0.147816,0.0322
0.14782,0.0161
0.147824,0.0161
0.147828,0.0322
0.147832,0.0161
0.147836,0.0161
0.14784,0.0161
0.147844,0.0322
0.147848,0.0161
0.147852,0.0161
0.147856,0.0161
0.14786,0.0322
0.147864,0.0161
0.147868,0.0161
0.147872,0.0161
0.147876,0.0161
0.14788,0.0161
0.147884,0.0161
0.147888,0.0161
0.147892,0.0161
0.147896,0.0161
0.1479,0.0161
0.147904,0.0161
0.147908,0.0322
0.147912,0.0161
0.147916,0.0161
0.14792,0.0161
0.147924,0.0161
0.147928,0.0161
0.147932,0.0161
0.147936,0.0161
0.14794,0.0161
0.147944,-0.0
0.147948,0.0161
0.147952,0.0161
0.147956,0.0161
0.14796,0.0161
0.147964,0.0161
0.147968,0.0161
0.147972,0.0161
0.147976,0.0161
0.14798,0.0161
0.147984,0.0161
0.147988,0.0161
0.147992,0.0161
0.147996,0.0161
0.148,0.0161
0.148004,0.0161
0.148008,0.0161
0.148012,-0.0
0.148016,-0.0
0.14802,-0.0
0.148024,0.0161
0.148028,0.0161
0.148032,0.0161
0.148036,-0.0
0.14804,-0.0
0.148044,-0.0
0.148048,0.0161
0.148052,0.0161
0.148056,0.0161
0.14806,0.0161
0.148064,0.0161
0.148068,0.0161
0.148072,0.0161
0.148076,0.0161
0.14808,0.0161
0.148084,0.0161
0.148088,0.0161
0.148092,0.0161
0.148096,0.0161
0.1481,0.0161
0.148104,0.0161
0.148108,0.0161
0.148112,0.0161
0.148116,0.0161
0.14812,0.0161
0.148124,0.0161
0.148128,0.0161
0.148132,0.0161
0.148136,0.0161
0.14814,0.0161
0.148144,0.0161
0.148148,0.0161
0.148152,0.0161
0.148156,-0.0
0.14816,0.0161
0.148164,0.0161
0.148168,0.0161
0.148172,0.0161
0.148176,-0.0
0.14818,0.0161
0.148184,0.0161
0.148188,0.0161
0.148192,0.0161
0.148196,0.0161
0.1482,0.0161
0.148204,0.0161
0.148208,0.0161
0.148212,0.0161
0.148216,0.0161
0.14822,0.0161
0.148224,0.0161
0.148228,0.0161
0.148232,0.0161
0.148236,0.0161
0.14824,0.0161
0.148244,0.0161
0.148248,0.0161
0.148252,0.0161
0.148256,0.0161
0.14826,0.0161
0.148264,0.0161
0.148268,0.0161
0.148272,0.0161
0.148276,0.0161
0.14828,0.0161
0.148284,0.0161
0.148288,0.0161
0.148292,0.0161
0.148296,0.0161
0.1483,0.0161
0.148304,0.0161
0.148308,0.0161
0.148312,-0.0
0.148316,-0.0
0.14832,-0.0
0.148324,-0.0
0.148328,0.0161
0.148332,0.0161
0.148336,0.0161
0.14834,0.0161
0.148344,0.0161
0.148348,-0.0
0.148352,-0.0
0.148356,-0.0
0.14836,-0.0
0.148364,-0.0
0.148368,0.0161
0.148372,0.0161
0.148376,0.0161
0.14838,0.0161
0.148384,0.0161
0.148388,-0.0
0.148392,-0.0
0.148396,-0.0
0.1484,0.0161
0.148404,0.0161
0.148408,0.0161
0.148412,0.0161
0.148416,0.0161
0.14842,0.0161
0.148424,0.0161
0.148428,0.0161
0.148432,0.0161
0.148436,0.0161
0.14844,0.0161
0.148444,0.0161
0.148448,0.0161
0.148452,0.0161
0.148456,0.0161
0.14846,0.0161
0.148464,0.0161
0.148468,-0.0
0.148472,-0.0
0.148476,0.0161
0.14848,0.0161
0.148484,0.0161
0.148488,0.0161
0.148492,0.0161
0.148496,0.0161
0.1485,0.0161
0.148504,0.0161
0.148508,0.0161
0.148512,0.0161
0.148516,0.0161
0.14852,0.0161
0.148524,0.0161
0.148528,0.0161
0.148532,0.0161
0.148536,0.0161
0.14854,0.0161
0.148544,0.0161
0.148548,0.0161
0.148552,0.0322
0.148556,0.0161
0.14856,0.0161
0.148564,0.0161
0.148568,0.0161
0.148572,0.0161
0.148576,0.0161
0.14858,0.0161
0.148584,0.0161
0.148588,0.0161
0.148592,0.0161
0.148596,0.0161
0.1486,0.0161
0.148604,0.0161
0.148608,-0.0
0.148612,0.0161
0.148616,0.0161
0.14862,0.0161
0.148624,0.0161
0.148628,0.0161
0.148632,0.0161
0.148636,0.0161
0.14864,0.0161
0.148644,0.0161
0.148648,0.0161
0.148652,0.0161
0.148656,0.0161
0.14866,0.0161
0.148664,0.0161
0.148668,0.0161
0.148672,0.0161
0.148676,0.0161
0.14868,0.0161
0.148684,0.0161
0.148688,0.0161
0.148692,0.0161
0.148696,0.0161
0.1487,0.0161
0.148704,0.0161
0.148708,0.0161
0.148712,0.0161
0.148716,0.0161
0.14872,0.0161
0.148724,0.0161
0.148728,0.0161
0.148732,0.0161
0.148736,0.0161
0.14874,0.0161
0.148744,0.0161
0.148748,0.0161
0.148752,0.0161
0.148756,0.0161
0.14876,0.0161
0.148764,0.0161
0.148768,0.0161
0.148772,0.0161
0.148776,0.0161
0.14878,0.0161
0.148784,0.0161
0.148788,0.0322
0.148792,0.0322
0.148796,0.0161
0.1488,0.0161
0.148804,0.0161
0.148808,0.0161
0.148812,0.0161
0.148816,0.0161
0.14882,0.0161
0.148824,0.0161
0.148828,0.0322
0.148832,0.0161
0.148836,-0.0
0.14884,0.0161
0.148844,0.0161
0.148848,0.0161
0.148852,0.0161
0.148856,0.0161
0.14886,0.0161
0.148864,0.0322
0.148868,0.0161
0.148872,0.0161
0.148876,0.0161
0.14888,0.0161
0.148884,0.0322
0.148888,0.0161
0.148892,0.0161
0.148896,0.0161
0.1489,0.0161
0.148904,0.0322
0.148908,0.0161
0.148912,0.0161
0.148916,0.0161
0.14892,0.0161
0.148924,0.0322
0.148928,0.0161
0.148932,0.0161
0.148936,0.0161
0.14894,0.0161
0.148944,0.0322
0.148948,0.0161
0.148952,0.0161
0.148956,0.0161
0.14896,0.0322
0.148964,0.0322
0.148968,0.0161
0.148972,0.0161
0.148976,0.0161
0.14898,0.0161
0.148984,0.0161
0.148988,0.0322
0.148992,0.0161
0.148996,0.0161
0.149,0.0161
0.149004,0.0161
0.149008,0.0161
0.149012,0.0161
0.149016,0.0161
0.14902,0.0322
0.149024,0.0161
0.149028,0.0161
0.149032,0.0161
0.149036,0.0161
0.14904,0.0161
0.149044,0.0161
0.149048,0.0161
0.149052,0.0161
0.149056,0.0161
0.14906,0.0161
0.149064,0.0161
0.149068,0.0161
0.149072,0.0161
0.149076,0.0161
0.14908,0.0322
0.149084,0.0161
0.149088,0.0161
0.149092,0.0322
0.149096,0.0161
0.1491,0.0161
0.149104,0.0161
0.149108,0.0322
0.149112,0.0161
0.149116,0.0161
0.14912,0.0161
0.149124,0.0161
0.149128,0.0161
0.149132,0.0322
0.149136,0.0322
0.14914,0.0161
0.149144,0.0161
0.149148,0.0322
0.149152,0.0161
0.149156,0.0322
0.14916,0.0161
0.149164,0.0161
0.149168,0.0161
0.149172,0.0322
0.149176,0.0161
0.14918,0.0161
0.149184,0.0161
0.149188,0.0322
0.149192,0.0161
0.149196,0.0161
0.1492,0.0161
0.149204,0.0322
0.149208,0.0161
0.149212,0.0161
0.149216,0.0161
0.14922,0.0161
0.149224,0.0161
0.149228,0.0161
0.149232,0.0161
0.149236,0.0161
0.14924,0.0161
0.149244,0.0322
0.149248,0.0161
0.149252,0.0322
0.149256,0.0161
0.14926,0.0322
0.149264,0.0322
0.149268,0.0161
0.149272,0.0161
0.149276,0.0161
0.14928,0.0161
0.149284,0.0322
0.149288,0.0161
0.149292,0.0161
0.149296,0.0161
0.1493,0.0161
0.149304,0.0161
0.149308,0.0322
0.149312,0.0161
0.149316,0.0161
0.14932,0.0161
0.149324,0.0161
0.149328,0.0322
0.149332,0.0161
0.149336,0.0161
0.14934,0.0161
0.149344,0.0161
0.149348,0.0161
0.149352,0.0161
0.149356,0.0161
0.14936,0.0161
0.149364,0.0161
0.149368,0.0161
0.149372,0.0161
0.149376,0.0161
0.14938,0.0161
0.149384,0.0161
0.149388,0.0161
0.149392,0.0161
0.149396,0.0161
0.1494,0.0161
0.149404,0.0161
0.149408,0.0161
0.149412,0.0161
0.149416,0.0161
0.14942,0.0161
0.149424,0.0161
0.149428,0.0161
0.149432,0.0161
0.149436,0.0322
0.14944,0.0161
0.149444,0.0161
0.149448,0.0161
0.149452,0.0161
0.149456,0.0161
0.14946,0.0161
0.149464,0.0161
0.149468,0.0161
0.149472,0.0161
0.149476,0.0161
0.14948,0.0161
0.149484,0.0322
0.149488,0.0161
0.149492,0.0161
0.149496,0.0161
0.1495,0.0322
0.149504,0.0161
0.149508,0.0161
0.149512,0.0161
0.149516,0.0161
0.14952,0.0161
0.149524,0.0161
0.149528,0.0161
0.149532,0.0161
0.149536,0.0161
0.14954,0.0161
0.149544,0.0161
0.149548,0.0161
0.149552,0.0161
0.149556,0.0161
0.14956,0.0161
0.149564,0.0161
0.149568,0.0161
0.149572,0.0161
0.149576,0.0161
0.14958,0.0161
0.149584,0.0161
0.149588,0.0322
0.149592,0.0161
0.149596,0.0161
0.1496,0.0161
0.149604,0.0161
0.149608,0.0161
0.149612,0.0161
0.149616,0.0161
0.14962,0.0161
0.149624,0.0322
0.149628,0.0161
0.149632,0.0161
0.149636,0.0322
0.14964,0.0161
0.149644,0.0161
0.149648,0.0161
0.149652,0.0161
0.149656,0.0161
0.14966,0.0161
0.149664,0.0161
0.149668,0.0161
0.149672,0.0161
0.149676,0.0161
0.14968,0.0161
0.149684,0.0161
0.149688,0.0161
0.149692,0.0161
0.149696,0.0161
0.1497,0.0161
0.149704,0.0161
0.149708,0.0161
0.149712,0.0322
0.149716,0.0322
0.14972,0.0161
0.149724,0.0161
0.149728,0.0161
0.149732,0.0161
0.149736,0.0161
0.14974,0.0161
0.149744,0.0161
0.149748,0.0161
0.149752,0.0161
0.149756,0.0161
0.14976,0.0161
0.149764,0.0161
0.149768,0.0322
0.149772,0.0161
0.149776,0.0161
0.14978,0.0161
0.149784,0.0161
0.149788,0.0161
0.149792,0.0322
0.149796,0.0161
0.1498,0.0161
0.149804,0.0322
0.149808,0.0161
0.149812,0.0161
0.149816,0.0161
0.14982,0.0161
0.149824,0.0161
0.149828,0.0161
0.149832,0.0161
0.149836,0.0161
0.14984,0.0161
0.149844,0.0161
0.149848,0.0161
0.149852,0.0161
0.149856,0.0161
0.14986,0.0161
0.149864,0.0161
0.149868,0.0161
0.149872,0.0161
0.149876,0.0161
0.14988,0.0161
0.149884,0.0161
0.149888,0.0161
0.149892,0.0161
0.149896,0.0161
0.1499,0.0161
0.149904,0.0161
0.149908,0.0161
0.149912,0.0161
0.149916,0.0161
0.14992,0.0161
0.149924,0.0161
0.149928,0.0161
0.149932,0.0161
0.149936,0.0161
0.14994,0.0322
0.149944,0.0161
0.149948,0.0161
0.149952,0.0161
0.149956,0.0161
0.14996,0.0161
0.149964,0.0161
0.149968,0.0161
0.149972,0.0161
0.149976,0.0161
0.14998,0.0161
0.149984,0.0161
0.149988,0.0161
0.149992,0.0161
0.149996,0.0161
0.15,0.0322
0.150004,0.0161
0.150008,0.0161
0.150012,0.0161
0.150016,0.0161
0.15002,0.0161
0.150024,0.0161
0.150028,0.0161
0.150032,0.0161
0.150036,0.0161
0.15004,0.0161
0.150044,0.0161
0.150048,0.0161
0.150052,0.0161
0.150056,0.0161
0.15006,0.0161
0.150064,0.0161
0.150068,0.0161
0.150072,0.0161
0.150076,0.0161
0.15008,0.0161
0.150084,0.0161
0.150088,0.0161
0.150092,0.0161
0.150096,0.0161
0.1501,0.0161
0.150104,0.0322
0.150108,0.0161
0.150112,0.0161
0.150116,0.0161
0.15012,0.0161
0.150124,0.0161
0.150128,0.0161
0.150132,0.0161
0.150136,0.0161
0.15014,0.0161
0.150144,0.0161
0.150148,0.0161
0.150152,0.0161
0.150156,0.0161
0.15016,0.0161
0.150164,0.0161
0.150168,0.0161
0.150172,0.0161
0.150176,0.0161
0.15018,0.0161
0.150184,0.0161
0.150188,0.0161
0.150192,0.0161
0.150196,0.0161
0.1502,0.0161
0.150204,0.0161
0.150208,0.0161
0.150212,0.0161
0.150216,0.0161
0.15022,0.0161
0.150224,0.0161
0.150228,0.0161
0.150232,0.0161
0.150236,0.0161
0.15024,0.0161
0.150244,0.0161
0.150248,0.0161
0.150252,0.0161
0.150256,0.0161
0.15026,0.0161
0.150264,0.0161
0.150268,0.0161
0.150272,0.0161
0.150276,0.0161
0.15028,0.0161
0.150284,0.0161
0.150288,0.0161
0.150292,0.0161
0.150296,0.0161
0.1503,0.0161
0.150304,0.0161
0.150308,0.0161
0.150312,0.0161
0.150316,0.0161
0.15032,0.0161
0.150324,0.0161
0.150328,0.0161
0.150332,0.0161
0.150336,0.0161
0.15034,0.0161
0.150344,0.0161
0.150348,0.0161
0.150352,0.0161
0.150356,0.0161
0.15036,0.0161
0.150364,0.0161
0.150368,0.0161
0.150372,0.0161
0.150376,0.0161
0.15038,0.0161
0.150384,0.0161
0.150388,0.0161
0.150392,0.0161
0.150396,0.0161
0.1504,0.0161
0.150404,0.0161
0.150408,0.0161
0.150412,0.0161
0.150416,0.0161
0.15042,0.0161
0.150424,0.0161
0.150428,0.0161
0.150432,0.0161
0.150436,0.0161
0.15044,0.0161
0.150444,0.0161
0.150448,0.0161
0.150452,0.0161
0.150456,0.0161
0.15046,0.0161
0.150464,0.0161
0.150468,0.0161
0.150472,0.0161
0.150476,0.0161
0.15048,0.0161
0.150484,0.0161
0.150488,0.0161
0.150492,0.0161
0.150496,0.0161
0.1505,0.0161
0.150504,0.0161
0.150508,0.0161
0.150512,0.0161
0.150516,0.0161
0.15052,0.0161
0.150524,0.0161
0.150528,0.0161
0.150532,0.0161
0.150536,0.0161
0.15054,0.0161
0.150544,0.0161
0.150548,0.0161
0.150552,0.0161
0.150556,0.0161
0.15056,0.0161
0.150564,0.0161
0.150568,0.0161
0.150572,0.0161
0.150576,0.0161
0.15058,0.0161
0.150584,0.0161
0.150588,0.0161
0.150592,0.0161
0.150596,0.0161
0.1506,0.0161
0.150604,0.0161
0.150608,0.0161
0.150612,0.0161
0.150616,0.0161
0.15062,0.0161
0.150624,0.0322
0.150628,0.0161
0.150632,0.0161
0.150636,0.0161
0.15064,0.0161
0.150644,0.0161
0.150648,0.0161
0.150652,0.0161
0.150656,0.0161
0.15066,0.0161
0.150664,0.0161
0.150668,0.0161
0.150672,0.0161
0.150676,0.0161
0.15068,0.0161
0.150684,0.0161
0.150688,0.0161
0.150692,0.0161
0.150696,0.0161
0.1507,0.0161
0.150704,0.0161
0.150708,0.0161
0.150712,0.0161
0.150716,0.0161
0.15072,0.0161
0.150724,0.0161
0.150728,0.0161
0.150732,0.0161
0.150736,0.0161
0.15074,0.0161
0.150744,0.0161
0.150748,0.0161
0.150752,0.0161
0.150756,0.0161
0.15076,0.0161
0.150764,0.0161
0.150768,0.0161
0.150772,0.0161
0.150776,0.0161
0.15078,0.0161
0.150784,0.0161
0.150788,-0.0
0.150792,0.0161
0.150796,0.0161
0.1508,0.0161
0.150804,0.0161
0.150808,0.0161
0.150812,0.0161
0.150816,0.0161
0.15082,0.0161
0.150824,0.0161
0.150828,0.0161
0.150832,-0.0
0.150836,-0.0161
0.15084,0.0161
0.150844,0.0161
0.150848,0.0161
0.150852,-0.0
0.150856,-0.0161
0.15086,-0.0
0.150864,-0.0
0.150868,0.0161
0.150872,-0.0
0.150876,-0.0
0.15088,-0.0
0.150884,-0.0
0.150888,-0.0
0.150892,-0.0
0.150896,-0.0
0.1509,-0.0
0.150904,-0.0
0.150908,-0.0161
0.150912,-0.0
0.150916,0.0161
0.15092,0.0161
0.150924,0.0161
0.150928,0.0161
0.150932,0.0161
0.150936,0.0161
0.15094,0.0161
0.150944,0.0161
0.150948,0.0161
0.150952,0.0161
0.150956,0.0161
0.15096,0.0161
0.150964,0.0161
0.150968,0.0161
0.150972,0.0161
0.150976,0.0161
0.15098,0.0161
0.150984,0.0161
0.150988,0.0161
0.150992,-0.0
0.150996,-0.0
0.151,0.0161
0.151004,0.0161
0.151008,0.0161
0.151012,0.0161
0.151016,0.0161
0.15102,-0.0
0.151024,-0.0161
0.151028,0.0161
0.151032,0.0161
0.151036,0.0161
0.15104,0.0161
0.151044,0.0161
0.151048,0.0161
0.151052,0.0161
0.151056,0.0161
0.15106,0.0161
0.151064,0.0161
0.151068,-0.0
0.151072,-0.0161
0.151076,0.0161
0.15108,0.0161
0.151084,0.0161
0.151088,-0.0
0.151092,-0.0
0.151096,-0.0
0.1511,-0.0
0.151104,-0.0
0.151108,-0.0
0.151112,-0.0
0.151116,-0.0
0.15112,-0.0161
0.151124,-0.0
0.151128,-0.0
0.151132,-0.0
0.151136,-0.0
0.15114,-0.0
0.151144,-0.0
0.151148,-0.0
0.151152,-0.0
0.151156,-0.0
0.15116,-0.0161
0.151164,-0.0
0.151168,-0.0
0.151172,-0.0
0.151176,-0.0161
0.15118,-0.0161
0.151184,-0.0161
0.151188,-0.0
0.151192,-0.0161
0.151196,-0.0
0.1512,-0.0
0.151204,-0.0
0.151208,-0.0
0.151212,-0.0
0.151216,-0.0161
0.15122,-0.0
0.151224,-0.0
0.151228,-0.0
0.151232,-0.0
0.151236,-0.0
0.15124,-0.0
0.151244,0.0161
0.151248,-0.0
0.151252,-0.0161
0.151256,-0.0
0.15126,-0.0
0.151264,-0.0
0.151268,-0.0
0.151272,-0.0
0.151276,0.0161
0.15128,0.0161
0.151284,0.0161
0.151288,0.0161
0.151292,-0.0
0.151296,0.0161
0.1513,0.0161
0.151304,0.0161
0.151308,-0.0
0.151312,-0.0
0.151316,0.0161
0.15132,0.0161
0.151324,0.0161
0.151328,-0.0
0.151332,-0.0
0.151336,0.0161
0.15134,-0.0
0.151344,-0.0
0.151348,-0.0
0.151352,0.0161
0.151356,0.0161
0.15136,0.0161
0.151364,0.0161
0.151368,-0.0
0.151372,-0.0
0.151376,0.0161
0.15138,0.0161
0.151384,0.0161
0.151388,0.0161
0.151392,0.0161
0.151396,0.0161
0.1514,0.0161
0.151404,0.0161
0.151408,0.0161
0.151412,0.0161
0.151416,-0.0
0.15142,-0.0
0.151424,-0.0
0.151428,-0.0
0.151432,-0.0
0.151436,-0.0
0.15144,-0.0
0.151444,0.0161
0.151448,0.0161
0.151452,0.0161
0.151456,0.0161
0.15146,0.0161
0.151464,0.0161
0.151468,0.0161
0.151472,0.0161
0.151476,0.0161
0.15148,0.0161
0.151484,-0.0
0.151488,0.0161
0.151492,0.0161
0.151496,-0.0
0.1515,-0.0
0.151504,0.0161
0.151508,0.0161
0.151512,-0.0
0.151516,-0.0
0.15152,-0.0161
0.151524,-0.0
0.151528,-0.0
0.151532,-0.0
0.151536,-0.0161
0.15154,-0.0
0.151544,-0.0
0.151548,-0.0
0.151552,0.0161
0.151556,0.0161
0.15156,0.0161
0.151564,-0.0
0.151568,0.0161
0.151572,0.0161
0.151576,0.0161
0.15158,0.0161
0.151584,0.0161
0.151588,0.0161
0.151592,-0.0
0.151596,-0.0
0.1516,-0.0
0.151604,-0.0
0.151608,-0.0
0.151612,-0.0
0.151616,-0.0
0.15162,-0.0
0.151624,0.0161
0.151628,0.0161
0.151632,0.0161
0.151636,0.0161
0.15164,0.0161
0.151644,0.0161
0.151648,-0.0
0.151652,-0.0
0.151656,-0.0
0.15166,-0.0
0.151664,0.0161
0.151668,-0.0
0.151672,-0.0
0.151676,-0.0
0.15168,-0.0
0.151684,-0.0
0.151688,-0.0161
0.151692,-0.0
0.151696,-0.0161
0.1517,0.0161
0.151704,0.0161
0.151708,-0.0
0.151712,-0.0161
0.151716,-0.0161
0.15172,-0.0161
0.151724,-0.0161
0.151728,-0.0161
0.151732,-0.0161
0.151736,-0.0161
0.15174,-0.0161
0.151744,-0.0161
0.151748,-0.0
0.151752,-0.0
0.151756,-0.0161
0.15176,-0.0161
0.151764,-0.0161
0.151768,-0.0
0.151772,-0.0161
0.151776,-0.0161
0.15178,-0.0
0.151784,-0.0
0.151788,-0.0
0.151792,-0.0
0.151796,-0.0161
0.1518,-0.0161
0.151804,-0.0
0.151808,-0.0
0.151812,-0.0161
0.151816,-0.0
0.15182,-0.0
0.151824,-0.0
0.151828,-0.0161
0.151832,-0.0161
0.151836,-0.0161
0.15184,-0.0
0.151844,-0.0
0.151848,-0.0
0.151852,-0.0
0.151856,-0.0
0.15186,-0.0
0.151864,-0.0
0.151868,-0.0
0.151872,-0.0
0.151876,-0.0
0.15188,-0.0161
0.151884,-0.0
0.151888,0.0161
0.151892,0.0161
0.151896,0.0161
0.1519,0.0161
0.151904,0.0161
0.151908,-0.0
0.151912,0.0161
0.151916,0.0161
0.15192,0.0161
0.151924,0.0161
0.151928,0.0161
0.151932,0.0161
0.151936,0.0161
0.15194,0.0161
0.151944,0.0161
0.151948,0.0161
0.151952,0.0161
0.151956,0.0161
0.15196,0.0161
0.151964,0.0161
0.151968,0.0161
0.151972,0.0161
0.151976,0.0161
0.15198,0.0161
0.151984,0.0161
0.151988,0.0161
0.151992,0.0161
0.151996,0.0161
0.152,0.0161
0.152004,0.0161
0.152008,0.0161
0.152012,0.0161
0.152016,0.0322
0.15202,0.0161
0.152024,0.0161
0.152028,0.0161
0.152032,0.0322
0.152036,0.0322
0.15204,0.0161
0.152044,0.0161
0.152048,0.0322
0.152052,0.0161
0.152056,0.0322
0.15206,0.0322
0.152064,0.0322
0.152068,0.0322
0.152072,0.0322
0.152076,0.0322
0.15208,0.0322
0.152084,0.0322
0.152088,0.0322
0.152092,0.0322
0.152096,0.0322
0.1521,0.0322
0.152104,0.048299999999999996
0.152108,0.048299999999999996
0.152112,0.048299999999999996
0.152116,0.0322
0.15212,0.048299999999999996
0.152124,0.0322
0.152128,0.048299999999999996
0.152132,0.048299999999999996
0.152136,0.048299999999999996
0.15214,0.048299999999999996
0.152144,0.048299999999999996
0.152148,0.048299999999999996
0.152152,0.048299999999999996
0.152156,0.048299999999999996
0.15216,0.048299999999999996
0.152164,0.048299999999999996
0.152168,0.048299999999999996
0.152172,0.048299999999999996
0.152176,0.048299999999999996
0.15218,0.048299999999999996
0.152184,0.048299999999999996
0.152188,0.048299999999999996
0.152192,0.048299999999999996
0.152196,0.048299999999999996
0.1522,0.048299999999999996
0.152204,0.048299999999999996
0.152208,0.0644
0.152212,0.0644
0.152216,0.048299999999999996
0.15222,0.048299999999999996
0.152224,0.0644
0.152228,0.0644
0.152232,0.0644
0.152236,0.0644
0.15224,0.048299999999999996
0.152244,0.0644
0.152248,0.0644
0.152252,0.0644
0.152256,0.0644
0.15226,0.048299999999999996
0.152264,0.0644
0.152268,0.0644
0.152272,0.0644
0.152276,0.0805
0.15228,0.0644
0.152284,0.0644
0.152288,0.0805
0.152292,0.0805
0.152296,0.0644
0.1523,0.0644
0.152304,0.0805
0.152308,0.0805
0.152312,0.0805
0.152316,0.0805
0.15232,0.0805
0.152324,0.0805
0.152328,0.0805
0.152332,0.0805
0.152336,0.09659999999999999
0.15234,0.0805
0.152344,0.0805
0.152348,0.0805
0.152352,0.0805
0.152356,0.09659999999999999
0.15236,0.0805
0.152364,0.09659999999999999
0.152368,0.09659999999999999
0.152372,0.0805
0.152376,0.09659999999999999
0.15238,0.09659999999999999
0.152384,0.0805
0.152388,0.1127
0.152392,0.09659999999999999
0.152396,0.1127
0.1524,0.09659999999999999
0.152404,0.09659999999999999
0.152408,0.1127
0.152412,0.1127
0.152416,0.09659999999999999
0.15242,0.1127
0.152424,0.1127
0.152428,0.09659999999999999
0.152432,0.09659999999999999
0.152436,0.1127
0.15244,0.1127
0.152444,0.09659999999999999
0.152448,0.09659999999999999
0.152452,0.1127
0.152456,0.1127
0.15246,0.1127
0.152464,0.1127
0.152468,0.1127
0.152472,0.1127
0.152476,0.1127
0.15248,0.1127
0.152484,0.1288
0.152488,0.1288
0.152492,0.1288
0.152496,0.1288
0.1525,0.1127
0.152504,0.1288
0.152508,0.1288
0.152512,0.1288
0.152516,0.1449
0.15252,0.1288
0.152524,0.1127
0.152528,0.1288
0.152532,0.1288
0.152536,0.1449
0.15254,0.1288
0.152544,0.1288
0.152548,0.1288
0.152552,0.1449
0.152556,0.1449
0.15256,0.1449
0.152564,0.1449
0.152568,0.1449
0.152572,0.1449
0.152576,0.1449
0.15258,0.1449
0.152584,0.1449
0.152588,0.1449
0.152592,0.161
0.152596,0.161
0.1526,0.161
0.152604,0.161
0.152608,0.1449
0.152612,0.161
0.152616,0.161
0.15262,0.161
0.152624,0.161
0.152628,0.161
0.152632,0.161
0.152636,0.161
0.15264,0.161
0.152644,0.161
0.152648,0.161
0.152652,0.1771
0.152656,0.1771
0.15266,0.1771
0.152664,0.161
0.152668,0.1771
0.152672,0.1771
0.152676,0.1771
0.15268,0.1771
0.152684,0.161
0.152688,0.161
0.152692,0.19319999999999998
0.152696,0.1771
0.1527,0.19319999999999998
0.152704,0.1771
0.152708,0.1771
0.152712,0.19319999999999998
0.152716,0.1771
0.15272,0.19319999999999998
0.152724,0.19319999999999998
0.152728,0.19319999999999998
0.152732,0.19319999999999998
0.152736,0.19319999999999998
0.15274,0.19319999999999998
0.152744,0.19319999999999998
0.152748,0.19319999999999998
0.152752,0.20929999999999999
0.152756,0.20929999999999999
0.15276,0.19319999999999998
0.152764,0.19319999999999998
0.152768,0.19319999999999998
0.152772,0.20929999999999999
0.152776,0.19319999999999998
0.15278,0.19319999999999998
0.152784,0.19319999999999998
0.152788,0.20929999999999999
0.152792,0.20929999999999999
0.152796,0.20929999999999999
0.1528,0.20929999999999999
0.152804,0.20929999999999999
0.152808,0.20929999999999999
0.152812,0.20929999999999999
0.152816,0.20929999999999999
0.15282,0.20929999999999999
0.152824,0.20929999999999999
0.152828,0.20929999999999999
0.152832,0.20929999999999999
0.152836,0.20929999999999999
0.15284,0.20929999999999999
0.152844,0.20929999999999999
0.152848,0.20929999999999999
0.152852,0.20929999999999999
0.152856,0.20929999999999999
0.15286,0.2254
0.152864,0.2254
0.152868,0.2254
0.152872,0.2254
0.152876,0.20929999999999999
0.15288,0.2254
0.152884,0.2254
0.152888,0.2254
0.152892,0.2254
0.152896,0.2254
0.1529,0.2254
0.152904,0.2254
0.152908,0.2254
0.152912,0.2254
0.152916,0.2254
0.15292,0.2254
0.152924,0.2254
0.152928,0.2254
0.152932,0.2415
0.152936,0.2415
0.15294,0.2415
0.152944,0.2254
0.152948,0.2254
0.152952,0.2254
0.152956,0.2415
0.15296,0.2415
0.152964,0.2415
0.152968,0.2415
0.152972,0.2415
0.152976,0.2415
0.15298,0.2415
0.152984,0.2415
0.152988,0.2415
0.152992,0.2415
0.152996,0.2415
0.153,0.2415
0.153004,0.2415
0.153008,0.2576
0.153012,0.2415
0.153016,0.2415
0.15302,0.2576
0.153024,0.2415
0.153028,0.2415
0.153032,0.2576
0.153036,0.2415
0.15304,0.2415
0.153044,0.2576
0.153048,0.2415
0.153052,0.2576
0.153056,0.2576
0.15306,0.2576
0.153064,0.2576
0.153068,0.2576
0.153072,0.2576
0.153076,0.2576
0.15308,0.2576
0.153084,0.2415
0.153088,0.2415
0.153092,0.2415
0.153096,0.2576
0.1531,0.2576
0.153104,0.2415
0.153108,0.2576
0.153112,0.2576
0.153116,0.2576
0.15312,0.2576
0.153124,0.2576
0.153128,0.2576
0.153132,0.2576
0.153136,0.2576
0.15314,0.2737
0.153144,0.2576
0.153148,0.2576
0.153152,0.2576
0.153156,0.2576
0.15316,0.2576
0.153164,0.2576
0.153168,0.2576
0.153172,0.2576
0.153176,0.2737
0.15318,0.2576
0.153184,0.2576
0.153188,0.2576
0.153192,0.2576
0.153196,0.2737
0.1532,0.2576
0.153204,0.2737
0.153208,0.2576
0.153212,0.2576
0.153216,0.2737
0.15322,0.2576
0.153224,0.2737
0.153228,0.2737
0.153232,0.2737
0.153236,0.2737
0.15324,0.2737
0.153244,0.2576
0.153248,0.2576
0.153252,0.2576
0.153256,0.2737
0.15326,0.2737
0.153264,0.2576
0.153268,0.2576
0.153272,0.2737
0.153276,0.2737
0.15328,0.2576
0.153284,0.2737
0.153288,0.2737
0.153292,0.2737
0.153296,0.2737
0.1533,0.2737
0.153304,0.2737
0.153308,0.2576
0.153312,0.2576
0.153316,0.2737
0.15332,0.2737
0.153324,0.2737
0.153328,0.2737
0.153332,0.2737
0.153336,0.2576
0.15334,0.2576
0.153344,0.2737
0.153348,0.2737
0.153352,0.2737
0.153356,0.2737
0.15336,0.2737
0.153364,0.2737
0.153368,0.2737
0.153372,0.2737
0.153376,0.2737
0.15338,0.2576
0.153384,0.2737
0.153388,0.2737
0.153392,0.2737
0.153396,0.2737
0.1534,0.2737
0.153404,0.2737
0.153408,0.2737
0.153412,0.2737
0.153416,0.2737
0.15342,0.2576
0.153424,0.2737
0.153428,0.2737
0.153432,0.2576
0.153436,0.2576
0.15344,0.2737
0.153444,0.2737
0.153448,0.2737
0.153452,0.2737
0.153456,0.2737
0.15346,0.2737
0.153464,0.2737
0.153468,0.2737
0.153472,0.2737
0.153476,0.2737
0.15348,0.2737
0.153484,0.2737
0.153488,0.2576
0.153492,0.2576
0.153496,0.2737
0.1535,0.2737
0.153504,0.2737
0.153508,0.2576
0.153512,0.2576
0.153516,0.2737
0.15352,0.2737
0.153524,0.2737
0.153528,0.2737
0.153532,0.2576
0.153536,0.2576
0.15354,0.2737
0.153544,0.2576
0.153548,0.2737
0.153552,0.2576
0.153556,0.2737
0.15356,0.2737
0.153564,0.2576
0.153568,0.2576
0.153572,0.2737
0.153576,0.2576
0.15358,0.2576
0.153584,0.2576
0.153588,0.2737
0.153592,0.2737
0.153596,0.2576
0.1536,0.2576
0.153604,0.2576
0.153608,0.2576
0.153612,0.2576
0.153616,0.2576
0.15362,0.2576
0.153624,0.2737
0.153628,0.2576
0.153632,0.2737
0.153636,0.2737
0.15364,0.2576
0.153644,0.2576
0.153648,0.2576
0.153652,0.2576
0.153656,0.2576
0.15366,0.2737
0.153664,0.2737
0.153668,0.2576
0.153672,0.2576
0.153676,0.2576
0.15368,0.2576
0.153684,0.2576
0.153688,0.2576
0.153692,0.2415
0.153696,0.2415
0.1537,0.2576
0.153704,0.2576
0.153708,0.2576
0.153712,0.2737
0.153716,0.2576
0.15372,0.2576
0.153724,0.2576
0.153728,0.2576
0.153732,0.2576
0.153736,0.2576
0.15374,0.2576
0.153744,0.2576
0.153748,0.2576
0.153752,0.2576
0.153756,0.2576
0.15376,0.2576
0.153764,0.2415
0.153768,0.2576
0.153772,0.2415
0.153776,0.2415
0.15378,0.2576
0.153784,0.2576
0.153788,0.2576
0.153792,0.2415
0.153796,0.2576
0.1538,0.2576
0.153804,0.2576
0.153808,0.2576
0.153812,0.2576
0.153816,0.2576
0.15382,0.2576
0.153824,0.2576
0.153828,0.2576
0.153832,0.2576
0.153836,0.2576
0.15384,0.2415
0.153844,0.2415
0.153848,0.2415
0.153852,0.2415
0.153856,0.2576
0.15386,0.2415
0.153864,0.2576
0.153868,0.2415
0.153872,0.2576
0.153876,0.2415
0.15388,0.2415
0.153884,0.2415
0.153888,0.2576
0.153892,0.2415
0.153896,0.2415
0.1539,0.2576
0.153904,0.2576
0.153908,0.2576
0.153912,0.2576
0.153916,0.2415
0.15392,0.2576
0.153924,0.2415
0.153928,0.2415
0.153932,0.2576
0.153936,0.2576
0.15394,0.2576
0.153944,0.2576
0.153948,0.2576
0.153952,0.2415
0.153956,0.2576
0.15396,0.2576
0.153964,0.2576
0.153968,0.2415
0.153972,0.2415
0.153976,0.2576
0.15398,0.2415
0.153984,0.2576
0.153988,0.2415
0.153992,0.2415
0.153996,0.2415
0.154,0.2576
0.154004,0.2415
0.154008,0.2415
0.154012,0.2415
0.154016,0.2415
0.15402,0.2415
0.154024,0.2415
0.154028,0.2415
0.154032,0.2576
0.154036,0.2415
0.15404,0.2415
0.154044,0.2415
0.154048,0.2415
0.154052,0.2415
0.154056,0.2576
0.15406,0.2415
0.154064,0.2415
0.154068,0.2415
0.154072,0.2415
0.154076,0.2576
0.15408,0.2415
0.154084,0.2576
0.154088,0.2576
0.154092,0.2415
0.154096,0.2415
0.1541,0.2415
0.154104,0.2415
0.154108,0.2415
0.154112,0.2415
0.154116,0.2415
0.15412,0.2415
0.154124,0.2415
0.154128,0.2415
0.154132,0.2576
0.154136,0.2576
0.15414,0.2576
0.154144,0.2415
0.154148,0.2415
0.154152,0.2415
0.154156,0.2415
0.15416,0.2415
0.154164,0.2576
0.154168,0.2415
0.154172,0.2415
0.154176,0.2415
0.15418,0.2415
0.154184,0.2415
0.154188,0.2415
0.154192,0.2415
0.154196,0.2415
0.1542,0.2415
0.154204,0.2415
0.154208,0.2415
0.154212,0.2415
0.154216,0.2415
0.15422,0.2415
0.154224,0.2415
0.154228,0.2415
0.154232,0.2415
0.154236,0.2415
0.15424,0.2415
0.154244,0.2415
0.154248,0.2415
0.154252,0.2415
0.154256,0.2415
0.15426,0.2415
0.154264,0.2415
0.154268,0.2415
0.154272,0.2415
0.154276,0.2415
0.15428,0.2415
0.154284,0.2415
0.154288,0.2415
0.154292,0.2415
0.154296,0.2415
0.1543,0.2415
0.154304,0.2415
0.154308,0.2415
0.154312,0.2415
0.154316,0.2415
0.15432,0.2415
0.154324,0.2415
0.154328,0.2415
0.154332,0.2415
0.154336,0.2415
0.15434,0.2415
0.154344,0.2415
0.154348,0.2415
0.154352,0.2415
0.154356,0.2415
0.15436,0.2415
0.154364,0.2415
0.154368,0.2254
0.154372,0.2415
0.154376,0.2415
0.15438,0.2415
0.154384,0.2415
0.154388,0.2415
0.154392,0.2576
0.154396,0.2415
0.1544,0.2415
0.154404,0.2415
0.154408,0.2415
0.154412,0.2415
0.154416,0.2576
0.15442,0.2415
0.154424,0.2415
0.154428,0.2254
0.154432,0.2415
0.154436,0.2415
0.15444,0.2415
0.154444,0.2254
0.154448,0.2254
0.154452,0.2415
0.154456,0.2415
0.15446,0.2415
0.154464,0.2415
0.154468,0.2415
0.154472,0.2415
0.154476,0.2415
0.15448,0.2415
0.154484,0.2415
0.154488,0.2254
0.154492,0.2415
0.154496,0.2576
0.1545,0.2415
0.154504,0.2254
0.154508,0.2415
0.154512,0.2415
0.154516,0.2415
0.15452,0.2415
0.154524,0.2415
0.154528,0.2415
0.154532,0.2415
0.154536,0.2415
0.15454,0.2415
0.154544,0.2415
0.154548,0.2415
0.154552,0.2415
0.154556,0.2254
0.15456,0.2254
0.154564,0.2415
0.154568,0.2415
0.154572,0.2415
0.154576,0.2415
0.15458,0.2415
0.154584,0.2415
0.154588,0.2415
0.154592,0.2415
0.154596,0.2415
0.1546,0.2415
0.154604,0.2415
0.154608,0.2415
0.154612,0.2254
0.154616,0.2415
0.15462,0.2415
0.154624,0.2415
0.154628,0.2415
0.154632,0.2415
0.154636,0.2415
0.15464,0.2415
0.154644,0.2415
0.154648,0.2415
0.154652,0.2415
0.154656,0.2415
0.15466,0.2415
0.154664,0.2415
0.154668,0.2415
0.154672,0.2415
0.154676,0.2415
0.15468,0.2415
0.154684,0.2254
0.154688,0.2415
0.154692,0.2415
0.154696,0.2254
0.1547,0.2415
0.154704,0.2415
0.154708,0.2415
0.154712,0.2415
0.154716,0.2415
0.15472,0.2254
0.154724,0.2415
0.154728,0.2415
0.154732,0.2415
0.154736,0.2415
0.15474,0.2415
0.154744,0.2415
0.154748,0.2415
0.154752,0.2254
0.154756,0.2415
0.15476,0.2415
0.154764,0.2415
0.154768,0.2254
0.154772,0.2254
0.154776,0.2415
0.15478,0.2415
0.154784,0.2415
0.154788,0.2415
0.154792,0.2415
0.154796,0.2254
0.1548,0.2415
0.154804,0.2415
0.154808,0.2415
0.154812,0.2415
0.154816,0.2415
0.15482,0.2415
0.154824,0.2415
0.154828,0.2415
0.154832,0.2415
0.154836,0.2415
0.15484,0.2254
0.154844,0.2415
0.154848,0.2415
0.154852,0.2254
0.154856,0.2254
0.15486,0.2254
0.154864,0.2415
0.154868,0.2415
0.154872,0.2254
0.154876,0.2415
0.15488,0.2415
0.154884,0.2415
0.154888,0.2415
0.154892,0.2415
0.154896,0.2254
0.1549,0.2415
0.154904,0.2415
0.154908,0.2415
0.154912,0.2254
0.154916,0.2415
0.15492,0.2415
0.154924,0.2415
0.154928,0.2415
0.154932,0.2415
0.154936,0.2254
0.15494,0.2415
0.154944,0.2415
0.154948,0.2415
0.154952,0.2254
0.154956,0.2415
0.15496,0.2415
0.154964,0.2254
0.154968,0.2254
0.154972,0.2254
0.154976,0.2415
0.15498,0.2415
0.154984,0.2415
0.154988,0.2415
0.154992,0.2254
0.154996,0.2415
0.155,0.2415
0.155004,0.2415
0.155008,0.2254
0.155012,0.2415
0.155016,0.2415
0.15502,0.2254
0.155024,0.2415
0.155028,0.2254
0.155032,0.2254
0.155036,0.2254
0.15504,0.2254
0.155044,0.2415
0.155048,0.2415
0.155052,0.2254
0.155056,0.2254
0.15506,0.2415
0.155064,0.2415
0.155068,0.2415
0.155072,0.2415
0.155076,0.2254
0.15508,0.2254
0.155084,0.2415
0.155088,0.2415
0.155092,0.2415
0.155096,0.2254
0.1551,0.2415
0.155104,0.2415
0.155108,0.2254
0.155112,0.2254
0.155116,0.2254
0.15512,0.2254
0.155124,0.2254
0.155128,0.2254
0.155132,0.2415
0.155136,0.2254
0.15514,0.2254
0.155144,0.2415
0.155148,0.2415
0.155152,0.2254
0.155156,0.2415
0.15516,0.2415
0.155164,0.2254
0.155168,0.2254
0.155172,0.2254
0.155176,0.2254
0.15518,0.2415
0.155184,0.2254
0.155188,0.2415
0.155192,0.2254
0.155196,0.2254
0.1552,0.2254
0.155204,0.2415
0.155208,0.2415
0.155212,0.2254
0.155216,0.2254
0.15522,0.2254
0.155224,0.2415
0.155228,0.2415
0.155232,0.2415
0.155236,0.2254
0.15524,0.2254
0.155244,0.2254
0.155248,0.2415
0.155252,0.2254
0.155256,0.2254
0.15526,0.2415
0.155264,0.2254
0.155268,0.2254
0.155272,0.2254
0.155276,0.2254
0.15528,0.2415
0.155284,0.2254
0.155288,0.2254
0.155292,0.2254
0.155296,0.2415
0.1553,0.2254
0.155304,0.2254
0.155308,0.2254
0.155312,0.2254
0.155316,0.2415
0.15532,0.2415
0.155324,0.2254
0.155328,0.2254
0.155332,0.2254
0.155336,0.2254
0.15534,0.2254
0.155344,0.2254
0.155348,0.2254
0.155352,0.2254
0.155356,0.2254
0.15536,0.2254
0.155364,0.2254
0.155368,0.2254
0.155372,0.2415
0.155376,0.2254
0.15538,0.2254
0.155384,0.2254
0.155388,0.2254
0.155392,0.2254
0.155396,0.2254
0.1554,0.2254
0.155404,0.2254
0.155408,0.2254
0.155412,0.2415
0.155416,0.2254
0.15542,0.2254
0.155424,0.2254
0.155428,0.2254
0.155432,0.2254
0.155436,0.2254
0.15544,0.2254
0.155444,0.2254
0.155448,0.2254
0.155452,0.2254
0.155456,0.2254
0.15546,0.2254
0.155464,0.2254
0.155468,0.2254
0.155472,0.2254
0.155476,0.2254
0.15548,0.2254
0.155484,0.2254
0.155488,0.2254
0.155492,0.2254
0.155496,0.2254
0.1555,0.2254
0.155504,0.2254
0.155508,0.2254
0.155512,0.2254
0.155516,0.2254
0.15552,0.2254
0.155524,0.2254
0.155528,0.2254
0.155532,0.2254
0.155536,0.2254
0.15554,0.2254
0.155544,0.2254
0.155548,0.2415
0.155552,0.2254
0.155556,0.2254
0.15556,0.2254
0.155564,0.2254
0.155568,0.2254
0.155572,0.2415
0.155576,0.2254
0.15558,0.2254
0.155584,0.2415
0.155588,0.2254
0.155592,0.2254
0.155596,0.2254
0.1556,0.2254
0.155604,0.2254
0.155608,0.2254
0.155612,0.20929999999999999
0.155616,0.2254
0.15562,0.2254
0.155624,0.2254
0.155628,0.2254
0.155632,0.2254
0.155636,0.2254
0.15564,0.2254
0.155644,0.2254
0.155648,0.2254
0.155652,0.2254
0.155656,0.2254
0.15566,0.20929999999999999
0.155664,0.2254
0.155668,0.2254
0.155672,0.2254
0.155676,0.2254
0.15568,0.2254
0.155684,0.2254
0.155688,0.2254
0.155692,0.2254
0.155696,0.20929999999999999
0.1557,0.2254
0.155704,0.2254
0.155708,0.2254
0.155712,0.2254
0.155716,0.2254
0.15572,0.2254
0.155724,0.2254
0.155728,0.2254
0.155732,0.2254
0.155736,0.2254
0.15574,0.2254
0.155744,0.20929999999999999
0.155748,0.2254
0.155752,0.2254
0.155756,0.2254
0.15576,0.2254
0.155764,0.20929999999999999
0.155768,0.2254
0.155772,0.2254
0.155776,0.2254
0.15578,0.20929999999999999
0.155784,0.20929999999999999
0.155788,0.2254
0.155792,0.2254
0.155796,0.2254
0.1558,0.20929999999999999
0.155804,0.2254
0.155808,0.2254
0.155812,0.2254
0.155816,0.2254
0.15582,0.2254
0.155824,0.2254
0.155828,0.2254
0.155832,0.2254
0.155836,0.20929999999999999
0.15584,0.2254
0.155844,0.2254
0.155848,0.2254
0.155852,0.2254
0.155856,0.20929999999999999
0.15586,0.2254
0.155864,0.2254
0.155868,0.2254
0.155872,0.2254
0.155876,0.20929999999999999
0.15588,0.2254
0.155884,0.2254
0.155888,0.2254
0.155892,0.20929999999999999
0.155896,0.2254
0.1559,0.2254
0.155904,0.2254
0.155908,0.2254
0.155912,0.20929999999999999
0.155916,0.20929999999999999
0.15592,0.20929999999999999
0.155924,0.2254
0.155928,0.20929999999999999
0.155932,0.20929999999999999
0.155936,0.2254
0.15594,0.2254
0.155944,0.20929999999999999
0.155948,0.20929999999999999
0.155952,0.20929999999999999
0.155956,0.2254
0.15596,0.2254
0.155964,0.2254
0.155968,0.20929999999999999
0.155972,0.20929999999999999
0.155976,0.2254
0.15598,0.2254
0.155984,0.2254
0.155988,0.20929999999999999
0.155992,0.2254
0.155996,0.2254
0.156,0.2254
0.156004,0.2254
0.156008,0.2254
0.156012,0.20929999999999999
0.156016,0.2254
0.15602,0.20929999999999999
0.156024,0.20929999999999999
0.156028,0.20929999999999999
0.156032,0.20929999999999999
0.156036,0.20929999999999999
0.15604,0.20929999999999999
0.156044,0.20929999999999999
0.156048,0.20929999999999999
0.156052,0.20929999999999999
0.156056,0.20929999999999999
0.15606,0.20929999999999999
0.156064,0.2254
0.156068,0.20929999999999999
0.156072,0.2254
0.156076,0.20929999999999999
0.15608,0.20929999999999999
0.156084,0.20929999999999999
0.156088,0.20929999999999999
0.156092,0.2254
0.156096,0.20929999999999999
0.1561,0.20929999999999999
0.156104,0.20929999999999999
0.156108,0.20929999999999999
0.156112,0.2254
0.156116,0.20929999999999999
0.15612,0.20929999999999999
0.156124,0.19319999999999998
0.156128,0.20929999999999999
0.156132,0.20929999999999999
0.156136,0.20929999999999999
0.15614,0.2254
0.156144,0.20929999999999999
0.156148,0.2254
0.156152,0.2254
0.156156,0.20929999999999999
0.15616,0.20929999999999999
0.156164,0.20929999999999999
0.156168,0.2254
0.156172,0.2254
0.156176,0.20929999999999999
0.15618,0.20929999999999999
0.156184,0.2254
0.156188,0.20929999999999999
0.156192,0.20929999999999999
0.156196,0.20929999999999999
0.1562,0.20929999999999999
0.156204,0.20929999999999999
0.156208,0.20929999999999999
0.156212,0.20929999999999999
0.156216,0.20929999999999999
0.15622,0.20929999999999999
0.156224,0.2254
0.156228,0.20929999999999999
0.156232,0.20929999999999999
0.156236,0.20929999999999999
0.15624,0.20929999999999999
0.156244,0.20929999999999999
0.156248,0.20929999999999999
0.156252,0.20929999999999999
0.156256,0.20929999999999999
0.15626,0.20929999999999999
0.156264,0.2254
0.156268,0.20929999999999999
0.156272,0.20929999999999999
0.156276,0.20929999999999999
0.15628,0.20929999999999999
0.156284,0.2254
0.156288,0.20929999999999999
0.156292,0.20929999999999999
0.156296,0.20929999999999999
0.1563,0.20929999999999999
0.156304,0.2254
0.156308,0.20929999999999999
0.156312,0.20929999999999999
0.156316,0.20929999999999999
0.15632,0.20929999999999999
0.156324,0.2254
0.156328,0.20929999999999999
0.156332,0.20929999999999999
0.156336,0.20929999999999999
0.15634,0.20929999999999999
0.156344,0.2254
0.156348,0.20929999999999999
0.156352,0.20929999999999999
0.156356,0.20929999999999999
0.15636,0.2254
0.156364,0.2254
0.156368,0.19319999999999998
0.156372,0.20929999999999999
0.156376,0.20929999999999999
0.15638,0.20929999999999999
0.156384,0.20929999999999999
0.156388,0.20929999999999999
0.156392,0.20929999999999999
0.156396,0.20929999999999999
0.1564,0.20929999999999999
0.156404,0.20929999999999999
0.156408,0.20929999999999999
0.156412,0.20929999999999999
0.156416,0.20929999999999999
0.15642,0.20929999999999999
0.156424,0.20929999999999999
0.156428,0.20929999999999999
0.156432,0.20929999999999999
0.156436,0.20929999999999999
0.15644,0.20929999999999999
0.156444,0.20929999999999999
0.156448,0.20929999999999999
0.156452,0.20929999999999999
0.156456,0.20929999999999999
0.15646,0.20929999999999999
0.156464,0.20929999999999999
0.156468,0.20929999999999999
0.156472,0.20929999999999999
0.156476,0.20929999999999999
0.15648,0.20929999999999999
0.156484,0.20929999999999999
0.156488,0.20929999999999999
0.156492,0.20929999999999999
0.156496,0.20929999999999999
0.1565,0.20929999999999999
0.156504,0.20929999999999999
0.156508,0.2254
0.156512,0.20929999999999999
0.156516,0.20929999999999999
0.15652,0.20929999999999999
0.156524,0.20929999999999999
0.156528,0.20929999999999999
0.156532,0.19319999999999998
0.156536,0.20929999999999999
0.15654,0.20929999999999999
0.156544,0.20929999999999999
0.156548,0.20929999999999999
0.156552,0.20929999999999999
0.156556,0.20929999999999999
0.15656,0.20929999999999999
0.156564,0.20929999999999999
0.156568,0.20929999999999999
0.156572,0.20929999999999999
0.156576,0.20929999999999999
0.15658,0.20929999999999999
0.156584,0.19319999999999998
0.156588,0.20929999999999999
0.156592,0.20929999999999999
0.156596,0.20929999999999999
0.1566,0.20929999999999999
0.156604,0.20929999999999999
0.156608,0.20929999999999999
0.156612,0.19319999999999998
0.156616,0.20929999999999999
0.15662,0.20929999999999999
0.156624,0.20929999999999999
0.156628,0.20929999999999999
0.156632,0.20929999999999999
0.156636,0.20929999999999999
0.15664,0.20929999999999999
0.156644,0.19319999999999998
0.156648,0.20929999999999999
0.156652,0.20929999999999999
0.156656,0.19319999999999998
0.15666,0.20929999999999999
0.156664,0.20929999999999999
0.156668,0.19319999999999998
0.156672,0.20929999999999999
0.156676,0.20929999999999999
0.15668,0.20929999999999999
0.156684,0.20929999999999999
0.156688,0.19319999999999998
0.156692,0.19319999999999998
0.156696,0.20929999999999999
0.1567,0.20929999999999999
0.156704,0.19319999999999998
0.156708,0.20929999999999999
0.156712,0.19319999999999998
0.156716,0.19319999999999998
0.15672,0.19319999999999998
0.156724,0.19319999999999998
0.156728,0.19319999999999998
0.156732,0.20929999999999999
0.156736,0.20929999999999999
0.15674,0.20929999999999999
0.156744,0.20929999999999999
0.156748,0.20929999999999999
0.156752,0.20929999999999999
0.156756,0.20929999999999999
0.15676,0.20929999999999999
0.156764,0.20929999999999999
0.156768,0.20929999999999999
0.156772,0.20929999999999999
0.156776,0.20929999999999999
0.15678,0.20929999999999999
0.156784,0.19319999999999998
0.156788,0.19319999999999998
0.156792,0.20929999999999999
0.156796,0.20929999999999999
0.1568,0.19319999999999998
0.156804,0.20929999999999999
0.156808,0.20929999999999999
0.156812,0.20929999999999999
0.156816,0.19319999999999998
0.15682,0.20929999999999999
0.156824,0.20929999999999999
0.156828,0.20929999999999999
0.156832,0.20929999999999999
0.156836,0.20929999999999999
0.15684,0.19319999999999998
0.156844,0.19319999999999998
0.156848,0.20929999999999999
0.156852,0.20929999999999999
0.156856,0.19319999999999998
0.15686,0.19319999999999998
0.156864,0.19319999999999998
0.156868,0.20929999999999999
0.156872,0.19319999999999998
0.156876,0.19319999999999998
0.15688,0.20929999999999999
0.156884,0.19319999999999998
0.156888,0.20929999999999999
0.156892,0.19319999999999998
0.156896,0.19319999999999998
0.1569,0.19319999999999998
0.156904,0.20929999999999999
0.156908,0.20929999999999999
0.156912,0.20929999999999999
0.156916,0.20929999999999999
0.15692,0.20929999999999999
0.156924,0.19319999999999998
0.156928,0.19319999999999998
0.156932,0.20929999999999999
0.156936,0.20929999999999999
0.15694,0.20929999999999999
0.156944,0.19319999999999998
0.156948,0.19319999999999998
0.156952,0.19319999999999998
0.156956,0.19319999999999998
0.15696,0.19319999999999998
0.156964,0.19319999999999998
0.156968,0.19319999999999998
0.156972,0.20929999999999999
0.156976,0.19319999999999998
0.15698,0.19319999999999998
0.156984,0.20929999999999999
0.156988,0.19319999999999998
0.156992,0.19319999999999998
0.156996,0.19319999999999998
0.157,0.19319999999999998
0.157004,0.20929999999999999
0.157008,0.20929999999999999
0.157012,0.19319999999999998
0.157016,0.19319999999999998
0.15702,0.19319999999999998
0.157024,0.19319999999999998
0.157028,0.19319999999999998
0.157032,0.19319999999999998
0.157036,0.19319999999999998
0.15704,0.19319999999999998
0.157044,0.19319999999999998
0.157048,0.19319999999999998
0.157052,0.20929999999999999
0.157056,0.19319999999999998
0.15706,0.19319999999999998
0.157064,0.19319999999999998
0.157068,0.19319999999999998
0.157072,0.20929999999999999
0.157076,0.19319999999999998
0.15708,0.19319999999999998
0.157084,0.19319999999999998
0.157088,0.19319999999999998
0.157092,0.19319999999999998
0.157096,0.20929999999999999
0.1571,0.20929999999999999
0.157104,0.20929999999999999
0.157108,0.19319999999999998
0.157112,0.19319999999999998
0.157116,0.20929999999999999
0.15712,0.19319999999999998
0.157124,0.19319999999999998
0.157128,0.19319999999999998
0.157132,0.19319999999999998
0.157136,0.19319999999999998
0.15714,0.19319999999999998
0.157144,0.20929999999999999
0.157148,0.19319999999999998
0.157152,0.19319999999999998
0.157156,0.19319999999999998
0.15716,0.19319999999999998
0.157164,0.19319999999999998
0.157168,0.19319999999999998
0.157172,0.19319999999999998
0.157176,0.19319999999999998
0.15718,0.19319999999999998
0.157184,0.19319999999999998
0.157188,0.19319999999999998
0.157192,0.20929999999999999
0.157196,0.19319999999999998
0.1572,0.19319999999999998
0.157204,0.19319999999999998
0.157208,0.19319999999999998
0.157212,0.19319999999999998
0.157216,0.19319999999999998
0.15722,0.19319999999999998
0.157224,0.19319999999999998
0.157228,0.19319999999999998
0.157232,0.19319999999999998
0.157236,0.19319999999999998
0.15724,0.19319999999999998
0.157244,0.19319999999999998
0.157248,0.20929999999999999
0.157252,0.19319999999999998
0.157256,0.19319999999999998
0.15726,0.19319999999999998
0.157264,0.19319999999999998
0.157268,0.19319999999999998
0.157272,0.19319999999999998
0.157276,0.19319999999999998
0.15728,0.19319999999999998
0.157284,0.19319999999999998
0.157288,0.19319999999999998
0.157292,0.19319999999999998
0.157296,0.19319999999999998
0.1573,0.19319999999999998
0.157304,0.19319999999999998
0.157308,0.19319999999999998
0.157312,0.19319999999999998
0.157316,0.19319999999999998
0.15732,0.19319999999999998
0.157324,0.19319999999999998
0.157328,0.19319999999999998
0.157332,0.19319999999999998
0.157336,0.19319999999999998
0.15734,0.19319999999999998
0.157344,0.19319999999999998
0.157348,0.19319999999999998
0.157352,0.19319999999999998
0.157356,0.19319999999999998
0.15736,0.19319999999999998
0.157364,0.19319999999999998
0.157368,0.19319999999999998
0.157372,0.19319999999999998
0.157376,0.19319999999999998
0.15738,0.19319999999999998
0.157384,0.19319999999999998
0.157388,0.19319999999999998
0.157392,0.19319999999999998
0.157396,0.19319999999999998
0.1574,0.19319999999999998
0.157404,0.19319999999999998
0.157408,0.19319999999999998
0.157412,0.19319999999999998
0.157416,0.19319999999999998
0.15742,0.19319999999999998
0.157424,0.19319999999999998
0.157428,0.19319999999999998
0.157432,0.19319999999999998
0.157436,0.19319999999999998
0.15744,0.1771
0.157444,0.19319999999999998
0.157448,0.19319999999999998
0.157452,0.1771
0.157456,0.1771
0.15746,0.19319999999999998
0.157464,0.1771
0.157468,0.19319999999999998
0.157472,0.1771
0.157476,0.19319999999999998
0.15748,0.19319999999999998
0.157484,0.19319999999999998
0.157488,0.19319999999999998
0.157492,0.19319999999999998
0.157496,0.1771
0.1575,0.19319999999999998
0.157504,0.19319999999999998
0.157508,0.19319999999999998
0.157512,0.19319999999999998
0.157516,0.19319999999999998
0.15752,0.1771
0.157524,0.20929999999999999
0.157528,0.19319999999999998
0.157532,0.1771
0.157536,0.19319999999999998
0.15754,0.1771
0.157544,0.19319999999999998
0.157548,0.19319999999999998
0.157552,0.1771
0.157556,0.1771
0.15756,0.19319999999999998
0.157564,0.19319999999999998
0.157568,0.19319999999999998
0.157572,0.19319999999999998
0.157576,0.19319999999999998
0.15758,0.19319999999999998
0.157584,0.19319999999999998
0.157588,0.1771
0.157592,0.1771
0.157596,0.1771
0.1576,0.19319999999999998
0.157604,0.19319999999999998
0.157608,0.19319999999999998
0.157612,0.1771
0.157616,0.19319999999999998
0.15762,0.20929999999999999
0.157624,0.1771
0.157628,0.1771
0.157632,0.19319999999999998
0.157636,0.1771
0.15764,0.1771
0.157644,0.19319999999999998
0.157648,0.19319999999999998
0.157652,0.19319999999999998
0.157656,0.19319999999999998
0.15766,0.19319999999999998
0.157664,0.1771
0.157668,0.19319999999999998
0.157672,0.19319999999999998
0.157676,0.19319999999999998
0.15768,0.1771
0.157684,0.19319999999999998
0.157688,0.1771
0.157692,0.19319999999999998
0.157696,0.19319999999999998
0.1577,0.19319999999999998
0.157704,0.19319999999999998
0.157708,0.1771
0.157712,0.19319999999999998
0.157716,0.19319999999999998
0.15772,0.1771
0.157724,0.19319999999999998
0.157728,0.19319999999999998
0.157732,0.19319999999999998
0.157736,0.19319999999999998
0.15774,0.19319999999999998
0.157744,0.19319999999999998
0.157748,0.1771
0.157752,0.1771
0.157756,0.19319999999999998
0.15776,0.19319999999999998
0.157764,0.1771
0.157768,0.1771
0.157772,0.19319999999999998
0.157776,0.19319999999999998
0.15778,0.19319999999999998
0.157784,0.1771
0.157788,0.1771
0.157792,0.20929999999999999
0.157796,0.1771
0.1578,0.1771
0.157804,0.1771
0.157808,0.1771
0.157812,0.19319999999999998
0.157816,0.1771
0.15782,0.1771
0.157824,0.1771
0.157828,0.1771
0.157832,0.1771
0.157836,0.19319999999999998
0.15784,0.19319999999999998
0.157844,0.1771
0.157848,0.19319999999999998
0.157852,0.19319999999999998
0.157856,0.19319999999999998
0.15786,0.1771
0.157864,0.1771
0.157868,0.1771
0.157872,0.1771
0.157876,0.1771
0.15788,0.19319999999999998
0.157884,0.1771
0.157888,0.19319999999999998
0.157892,0.1771
0.157896,0.19319999999999998
0.1579,0.19319999999999998
0.157904,0.1771
0.157908,0.1771
0.157912,0.19319999999999998
0.157916,0.19319999999999998
0.15792,0.19319999999999998
0.157924,0.1771
0.157928,0.1771
0.157932,0.19319999999999998
0.157936,0.1771
0.15794,0.1771
0.157944,0.19319999999999998
0.157948,0.1771
0.157952,0.19319999999999998
0.157956,0.1771
0.15796,0.1771
0.157964,0.19319999999999998
0.157968,0.1771
0.157972,0.1771
0.157976,0.1771
0.15798,0.1771
0.157984,0.19319999999999998
0.157988,0.19319999999999998
0.157992,0.1771
0.157996,0.1771
0.158,0.1771
0.158004,0.19319999999999998
0.158008,0.1771
0.158012,0.19319999999999998
0.158016,0.1771
0.15802,0.1771
0.158024,0.19319999999999998
0.158028,0.1771
0.158032,0.1771
0.158036,0.1771
0.15804,0.19319999999999998
0.158044,0.1771
0.158048,0.19319999999999998
0.158052,0.1771
0.158056,0.1771
0.15806,0.19319999999999998
0.158064,0.19319999999999998
0.158068,0.1771
0.158072,0.1771
0.158076,0.1771
0.15808,0.19319999999999998
0.158084,0.19319999999999998
0.158088,0.1771
0.158092,0.1771
0.158096,0.19319999999999998
0.1581,0.19319999999999998
0.158104,0.1771
0.158108,0.1771
0.158112,0.1771
0.158116,0.19319999999999998
0.15812,0.19319999999999998
0.158124,0.1771
0.158128,0.1771
0.158132,0.1771
0.158136,0.1771
0.15814,0.1771
0.158144,0.1771
0.158148,0.1771
0.158152,0.1771
0.158156,0.19319999999999998
0.15816,0.1771
0.158164,0.1771
0.158168,0.1771
0.158172,0.1771
0.158176,0.1771
0.15818,0.19319999999999998
0.158184,0.19319999999999998
0.158188,0.1771
0.158192,0.1771
0.158196,0.19319999999999998
0.1582,0.1771
0.158204,0.1771
0.158208,0.1771
0.158212,0.1771
0.158216,0.19319999999999998
0.15822,0.1771
0.158224,0.1771
0.158228,0.1771
0.158232,0.1771
0.158236,0.19319999999999998
0.15824,0.1771
0.158244,0.1771
0.158248,0.1771
0.158252,0.1771
0.158256,0.1771
0.15826,0.19319999999999998
0.158264,0.1771
0.158268,0.1771
0.158272,0.1771
0.158276,0.1771
0.15828,0.19319999999999998
0.158284,0.1771
0.158288,0.19319999999999998
0.158292,0.1771
0.158296,0.1771
0.1583,0.19319999999999998
0.158304,0.1771
0.158308,0.1771
0.158312,0.1771
0.158316,0.1771
0.15832,0.1771
0.158324,0.1771
0.158328,0.1771
0.158332,0.1771
0.158336,0.1771
0.15834,0.1771
0.158344,0.1771
0.158348,0.19319999999999998
0.158352,0.1771
0.158356,0.1771
0.15836,0.1771
0.158364,0.19319999999999998
0.158368,0.1771
0.158372,0.1771
0.158376,0.1771
0.15838,0.1771
0.158384,0.1771
0.158388,0.1771
0.158392,0.1771
0.158396,0.1771
0.1584,0.1771
0.158404,0.1771
0.158408,0.1771
0.158412,0.1771
0.158416,0.1771
0.15842,0.1771
0.158424,0.1771
0.158428,0.1771
0.158432,0.1771
0.158436,0.1771
0.15844,0.1771
0.158444,0.1771
0.158448,0.1771
0.158452,0.19319999999999998
0.158456,0.1771
0.15846,0.1771
0.158464,0.161
0.158468,0.1771
0.158472,0.1771
0.158476,0.1771
0.15848,0.1771
0.158484,0.1771
0.158488,0.1771
0.158492,0.1771
0.158496,0.1771
0.1585,0.1771
0.158504,0.1771
0.158508,0.1771
0.158512,0.1771
0.158516,0.1771
0.15852,0.1771
0.158524,0.1771
0.158528,0.161
0.158532,0.161
0.158536,0.1771
0.15854,0.1771
0.158544,0.1771
0.158548,0.1771
0.158552,0.1771
0.158556,0.1771
0.15856,0.1771
0.158564,0.1771
0.158568,0.1771
0.158572,0.1771
0.158576,0.1771
0.15858,0.1771
0.158584,0.1771
0.158588,0.1771
0.158592,0.161
0.158596,0.161
0.1586,0.1771
0.158604,0.1771
0.158608,0.1771
0.158612,0.1771
0.158616,0.1771
0.15862,0.1771
0.158624,0.1771
0.158628,0.1771
0.158632,0.1771
0.158636,0.161
0.15864,0.1771
0.158644,0.1771
0.158648,0.1771
0.158652,0.161
0.158656,0.1771
0.15866,0.1771
0.158664,0.1771
0.158668,0.1771
0.158672,0.161
0.158676,0.1771
0.15868,0.1771
0.158684,0.1771
0.158688,0.1771
0.158692,0.1771
0.158696,0.1771
0.1587,0.161
0.158704,0.161
0.158708,0.161
0.158712,0.1771
0.158716,0.1771
0.15872,0.1771
0.158724,0.1771
0.158728,0.161
0.158732,0.161
0.158736,0.19319999999999998
0.15874,0.1771
0.158744,0.1771
0.158748,0.1771
0.158752,0.1771
0.158756,0.1771
0.15876,0.1771
0.158764,0.1771
0.158768,0.161
0.158772,0.1771
0.158776,0.161
0.15878,0.161
0.158784,0.1771
0.158788,0.1771
0.158792,0.1771
0.158796,0.161
0.1588,0.1771
0.158804,0.1771
0.158808,0.161
0.158812,0.1771
0.158816,0.161
0.15882,0.1771
0.158824,0.161
0.158828,0.1771
0.158832,0.161
0.158836,0.1771
0.15884,0.161
0.158844,0.1771
0.158848,0.1771
0.158852,0.161
0.158856,0.1771
0.15886,0.1771
0.158864,0.1771
0.158868,0.1771
0.158872,0.161
0.158876,0.1771
0.15888,0.1771
0.158884,0.1771
0.158888,0.161
0.158892,0.1771
0.158896,0.161
0.1589,0.1771
0.158904,0.1771
0.158908,0.1771
0.158912,0.1771
0.158916,0.1771
0.15892,0.1771
0.158924,0.1771
0.158928,0.1771
0.158932,0.1771
0.158936,0.1771
0.15894,0.161
0.158944,0.161
0.158948,0.1771
0.158952,0.161
0.158956,0.1771
0.15896,0.161
0.158964,0.1771
0.158968,0.1771
0.158972,0.1771
0.158976,0.161
0.15898,0.161
0.158984,0.1771
0.158988,0.1771
0.158992,0.161
0.158996,0.161
0.159,0.161
0.159004,0.1771
0.159008,0.1771
0.159012,0.1771
0.159016,0.161
0.15902,0.1771
0.159024,0.1771
0.159028,0.1771
0.159032,0.1771
0.159036,0.161
0.15904,0.1771
0.159044,0.1771
0.159048,0.161
0.159052,0.161
0.159056,0.161
0.15906,0.1771
0.159064,0.1771
0.159068,0.161
0.159072,0.161
0.159076,0.1771
0.15908,0.1771
0.159084,0.1771
0.159088,0.161
0.159092,0.1771
0.159096,0.1771
0.1591,0.1771
0.159104,0.1771
0.159108,0.1771
0.159112,0.1771
0.159116,0.161
0.15912,0.161
0.159124,0.161
0.159128,0.1771
0.159132,0.1771
0.159136,0.1771
0.15914,0.161
0.159144,0.161
0.159148,0.161
0.159152,0.161
0.159156,0.1771
0.15916,0.161
0.159164,0.161
0.159168,0.1771
0.159172,0.161
0.159176,0.1771
0.15918,0.161
0.159184,0.1771
0.159188,0.1771
0.159192,0.1771
0.159196,0.161
0.1592,0.161
0.159204,0.161
0.159208,0.161
0.159212,0.1771
0.159216,0.161
0.15922,0.1771
0.159224,0.161
0.159228,0.1771
0.159232,0.161
0.159236,0.1771
0.15924,0.1771
0.159244,0.161
0.159248,0.161
0.159252,0.161
0.159256,0.161
0.15926,0.161
0.159264,0.161
0.159268,0.1771
0.159272,0.1771
0.159276,0.1771
0.15928,0.161
0.159284,0.1771
0.159288,0.161
0.159292,0.161
0.159296,0.1771
0.1593,0.1771
0.159304,0.161
0.159308,0.161
0.159312,0.161
0.159316,0.161
0.15932,0.161
0.159324,0.161
0.159328,0.161
0.159332,0.1771
0.159336,0.161
0.15934,0.161
0.159344,0.161
0.159348,0.161
0.159352,0.161
0.159356,0.161
0.15936,0.161
0.159364,0.1771
0.159368,0.1771
0.159372,0.161
0.159376,0.161
0.15938,0.161
0.159384,0.161
0.159388,0.1771
0.159392,0.1771
0.159396,0.161
0.1594,0.161
0.159404,0.1771
0.159408,0.1771
0.159412,0.1771
0.159416,0.1771
0.15942,0.161
0.159424,0.161
0.159428,0.161
0.159432,0.161
0.159436,0.161
0.15944,0.161
0.159444,0.161
0.159448,0.161
0.159452,0.161
0.159456,0.161
0.15946,0.161
0.159464,0.161
0.159468,0.161
0.159472,0.161
0.159476,0.161
0.15948,0.161
0.159484,0.161
0.159488,0.161
0.159492,0.1771
0.159496,0.1771
0.1595,0.161
0.159504,0.161
0.159508,0.161
0.159512,0.161
0.159516,0.161
0.15952,0.161
0.159524,0.161
0.159528,0.1771
0.159532,0.1771
0.159536,0.161
0.15954,0.161
0.159544,0.161
0.159548,0.161
0.159552,0.161
0.159556,0.161
0.15956,0.161
0.159564,0.161
0.159568,0.161
0.159572,0.161
0.159576,0.161
0.15958,0.1771
0.159584,0.1771
0.159588,0.1771
0.159592,0.161
0.159596,0.1771
0.1596,0.161
0.159604,0.161
0.159608,0.161
0.159612,0.161
0.159616,0.161
0.15962,0.161
0.159624,0.161
0.159628,0.161
0.159632,0.161
0.159636,0.161
0.15964,0.161
0.159644,0.161
0.159648,0.161
0.159652,0.161
0.159656,0.161
0.15966,0.161
0.159664,0.161
0.159668,0.161
0.159672,0.161
0.159676,0.161
0.15968,0.161
0.159684,0.161
0.159688,0.161
0.159692,0.1449
0.159696,0.161
0.1597,0.161
0.159704,0.161
0.159708,0.161
0.159712,0.161
0.159716,0.161
0.15972,0.161
0.159724,0.161
0.159728,0.161
0.159732,0.161
0.159736,0.161
0.15974,0.1449
0.159744,0.161
0.159748,0.161
0.159752,0.161
0.159756,0.161
0.15976,0.161
0.159764,0.1771
0.159768,0.161
0.159772,0.161
0.159776,0.161
0.15978,0.161
0.159784,0.161
0.159788,0.161
0.159792,0.161
0.159796,0.161
0.1598,0.161
0.159804,0.161
0.159808,0.161
0.159812,0.161
0.159816,0.161
0.15982,0.161
0.159824,0.161
0.159828,0.161
0.159832,0.161
0.159836,0.161
0.15984,0.161
0.159844,0.1771
0.159848,0.161
0.159852,0.161
0.159856,0.161
0.15986,0.161
0.159864,0.1771
0.159868,0.161
0.159872,0.161
0.159876,0.161
0.15988,0.161
0.159884,0.161
0.159888,0.161
0.159892,0.161
0.159896,0.161
0.1599,0.161
0.159904,0.161
0.159908,0.161
0.159912,0.161
0.159916,0.161
0.15992,0.161
0.159924,0.161
0.159928,0.161
0.159932,0.161
0.159936,0.161
0.15994,0.161
0.159944,0.161
0.159948,0.161
0.159952,0.1449
0.159956,0.161
0.15996,0.161
0.159964,0.161
0.159968,0.161
0.159972,0.161
0.159976,0.1449
0.15998,0.161
0.159984,0.161
0.159988,0.161
0.159992,0.161
0.159996,0.161
0.16,0.1449
0.160004,0.161
0.160008,0.161
0.160012,0.161
0.160016,0.161
0.16002,0.161
0.160024,0.161
0.160028,0.1449
0.160032,0.161
0.160036,0.161
0.16004,0.161
0.160044,0.161
0.160048,0.161
0.160052,0.161
0.160056,0.1449
0.16006,0.161
0.160064,0.161
0.160068,0.161
0.160072,0.161
0.160076,0.161
0.16008,0.161
0.160084,0.161
0.160088,0.1449
0.160092,0.161
0.160096,0.161
0.1601,0.161
0.160104,0.161
0.160108,0.161
0.160112,0.161
0.160116,0.161
0.16012,0.161
0.160124,0.161
0.160128,0.161
0.160132,0.161
0.160136,0.1449
0.16014,0.1449
0.160144,0.161
0.160148,0.161
0.160152,0.161
0.160156,0.161
0.16016,0.161
0.160164,0.1449
0.160168,0.161
0.160172,0.161
0.160176,0.1449
0.16018,0.161
0.160184,0.161
0.160188,0.161
0.160192,0.161
0.160196,0.161
0.1602,0.161
0.160204,0.161
0.160208,0.161
0.160212,0.1449
0.160216,0.161
0.16022,0.1449
0.160224,0.161
0.160228,0.161
0.160232,0.1449
0.160236,0.161
0.16024,0.1449
0.160244,0.161
0.160248,0.161
0.160252,0.1449
0.160256,0.161
0.16026,0.161
0.160264,0.161
0.160268,0.161
0.160272,0.1449
0.160276,0.161
0.16028,0.161
0.160284,0.161
0.160288,0.161
0.160292,0.161
0.160296,0.161
0.1603,0.161
0.160304,0.161
0.160308,0.161
0.160312,0.161
0.160316,0.1449
0.16032,0.161
0.160324,0.161
0.160328,0.161
0.160332,0.161
0.160336,0.161
0.16034,0.161
0.160344,0.1449
0.160348,0.161
0.160352,0.161
0.160356,0.161
0.16036,0.1449
0.160364,0.161
0.160368,0.161
0.160372,0.1449
0.160376,0.1449
0.16038,0.1449
0.160384,0.1449
0.160388,0.1449
0.160392,0.1449
0.160396,0.161
0.1604,0.1449
0.160404,0.161
0.160408,0.1449
0.160412,0.1449
0.160416,0.1449
0.16042,0.161
0.160424,0.161
0.160428,0.1449
0.160432,0.1449
0.160436,0.161
0.16044,0.1449
0.160444,0.161
0.160448,0.161
0.160452,0.161
0.160456,0.1449
0.16046,0.1449
0.160464,0.161
0.160468,0.161
0.160472,0.161
0.160476,0.1449
0.16048,0.161
0.160484,0.1449
0.160488,0.1449
0.160492,0.161
0.160496,0.1449
0.1605,0.161
0.160504,0.161
0.160508,0.1449
0.160512,0.161
0.160516,0.1449
0.16052,0.1449
0.160524,0.1449
0.160528,0.1449
0.160532,0.1449
0.160536,0.1449
0.16054,0.161
0.160544,0.161
0.160548,0.1449
0.160552,0.1449
0.160556,0.1449
0.16056,0.1449
0.160564,0.161
0.160568,0.1449
0.160572,0.1449
0.160576,0.161
0.16058,0.161
0.160584,0.1449
0.160588,0.1449
0.160592,0.1449
0.160596,0.1449
0.1606,0.161
0.160604,0.1449
0.160608,0.1449
0.160612,0.1449
0.160616,0.161
0.16062,0.1449
0.160624,0.1449
0.160628,0.161
0.160632,0.1449
0.160636,0.1449
0.16064,0.1449
0.160644,0.161
0.160648,0.1449
0.160652,0.1449
0.160656,0.161
0.16066,0.1449
0.160664,0.1449
0.160668,0.1449
0.160672,0.1449
0.160676,0.1449
0.16068,0.1449
0.160684,0.1449
0.160688,0.1449
0.160692,0.1449
0.160696,0.1449
0.1607,0.161
0.160704,0.1449
0.160708,0.1449
0.160712,0.1449
0.160716,0.1449
0.16072,0.1449
0.160724,0.1449
0.160728,0.1449
0.160732,0.1449
0.160736,0.161
0.16074,0.161
0.160744,0.161
0.160748,0.1449
0.160752,0.161
0.160756,0.1449
0.16076,0.1449
0.160764,0.1449
0.160768,0.1449
0.160772,0.161
0.160776,0.1449
0.16078,0.1449
0.160784,0.1449
0.160788,0.1449
0.160792,0.1449
0.160796,0.161
0.1608,0.1449
0.160804,0.1449
0.160808,0.1449
0.160812,0.161
0.160816,0.1449
0.16082,0.161
0.160824,0.1449
0.160828,0.1449
0.160832,0.1449
0.160836,0.1449
0.16084,0.1449
0.160844,0.1449
0.160848,0.1449
0.160852,0.1449
0.160856,0.1449
0.16086,0.1449
0.160864,0.1449
0.160868,0.161
0.160872,0.1449
0.160876,0.1449
0.16088,0.1449
0.160884,0.1449
0.160888,0.1449
0.160892,0.161
0.160896,0.1449
0.1609,0.1449
0.160904,0.1449
0.160908,0.161
0.160912,0.161
0.160916,0.1449
0.16092,0.1449
0.160924,0.1449
0.160928,0.161
0.160932,0.1449
0.160936,0.161
0.16094,0.1449
0.160944,0.1449
0.160948,0.161
0.160952,0.1449
0.160956,0.1449
0.16096,0.1449
0.160964,0.1449
0.160968,0.1449
0.160972,0.1449
0.160976,0.1449
0.16098,0.161
0.160984,0.1449
0.160988,0.1449
0.160992,0.1449
0.160996,0.1449
0.161,0.1449
0.161004,0.1449
0.161008,0.1449
0.161012,0.1449
0.161016,0.1449
0.16102,0.1449
0.161024,0.1449
0.161028,0.1449
0.161032,0.1449
0.161036,0.1449
0.16104,0.1449
0.161044,0.1449
0.161048,0.1449
0.161052,0.1449
0.161056,0.1449
0.16106,0.161
0.161064,0.1449
0.161068,0.1449
0.161072,0.1449
0.161076,0.1449
0.16108,0.1449
0.161084,0.1449
0.161088,0.1449
0.161092,0.1449
0.161096,0.1449
0.1611,0.161
0.161104,0.1449
0.161108,0.1449
0.161112,0.1449
0.161116,0.1449
0.16112,0.1449
0.161124,0.1449
0.161128,0.1449
0.161132,0.1449
0.161136,0.1449
0.16114,0.1449
0.161144,0.1449
0.161148,0.1449
0.161152,0.1449
0.161156,0.1449
0.16116,0.1449
0.161164,0.1449
0.161168,0.1449
0.161172,0.1449
0.161176,0.1449
0.16118,0.1449
0.161184,0.1449
0.161188,0.1449
0.161192,0.1449
0.161196,0.1449
0.1612,0.1288
0.161204,0.1449
0.161208,0.1449
0.161212,0.1449
0.161216,0.161
0.16122,0.1449
0.161224,0.1449
0.161228,0.1449
0.161232,0.1449
0.161236,0.1449
0.16124,0.161
0.161244,0.1449
0.161248,0.1449
0.161252,0.1449
0.161256,0.1449
0.16126,0.1449
0.161264,0.1449
0.161268,0.1449
0.161272,0.1449
0.161276,0.161
0.16128,0.1449
0.161284,0.1449
0.161288,0.1449
0.161292,0.1449
0.161296,0.1449
0.1613,0.1449
0.161304,0.1288
0.161308,0.1449
0.161312,0.1449
0.161316,0.1449
0.16132,0.1449
0.161324,0.1449
0.161328,0.1449
0.161332,0.1449
0.161336,0.1449
0.16134,0.1449
0.161344,0.1449
0.161348,0.1449
0.161352,0.161
0.161356,0.1449
0.16136,0.1449
0.161364,0.1449
0.161368,0.1449
0.161372,0.1449
0.161376,0.1449
0.16138,0.1449
0.161384,0.1449
0.161388,0.1449
0.161392,0.1449
0.161396,0.1449
0.1614,0.1449
0.161404,0.1449
0.161408,0.1449
0.161412,0.1449
0.161416,0.1449
0.16142,0.1449
0.161424,0.1449
0.161428,0.1449
0.161432,0.1449
0.161436,0.161
0.16144,0.1449
0.161444,0.1449
0.161448,0.1449
0.161452,0.1449
0.161456,0.1449
0.16146,0.1288
0.161464,0.1449
0.161468,0.1449
0.161472,0.1449
0.161476,0.1449
0.16148,0.1449
0.161484,0.1449
0.161488,0.1449
0.161492,0.1449
0.161496,0.1449
0.1615,0.1449
0.161504,0.1449
0.161508,0.1449
0.161512,0.1449
0.161516,0.1449
0.16152,0.1449
0.161524,0.1288
0.161528,0.1449
0.161532,0.1449
0.161536,0.1449
0.16154,0.1449
0.161544,0.1449
0.161548,0.1449
0.161552,0.1449
0.161556,0.1449
0.16156,0.1449
0.161564,0.1449
0.161568,0.1449
0.161572,0.1449
0.161576,0.1449
0.16158,0.1449
0.161584,0.1449
0.161588,0.1449
0.161592,0.1449
0.161596,0.1449
0.1616,0.1449
0.161604,0.1288
0.161608,0.1449
0.161612,0.1449
0.161616,0.1288
0.16162,0.1288
0.161624,0.1288
0.161628,0.1449
0.161632,0.1288
0.161636,0.1449
0.16164,0.1449
0.161644,0.1449
0.161648,0.1449
0.161652,0.1449
0.161656,0.1449
0.16166,0.1449
0.161664,0.1449
0.161668,0.1449
0.161672,0.1449
0.161676,0.1449
0.16168,0.1449
0.161684,0.1449
0.161688,0.1449
0.161692,0.1449
0.161696,0.1449
0.1617,0.1288
0.161704,0.1449
0.161708,0.1449
0.161712,0.1449
0.161716,0.1449
0.16172,0.1449
0.161724,0.1449
0.161728,0.1288
0.161732,0.1449
0.161736,0.1449
0.16174,0.1449
0.161744,0.1449
0.161748,0.1449
0.161752,0.1449
0.161756,0.1288
0.16176,0.1449
0.161764,0.1449
0.161768,0.1449
0.161772,0.1449
0.161776,0.1449
0.16178,0.1449
0.161784,0.1449
0.161788,0.1449
0.161792,0.1449
0.161796,0.1449
0.1618,0.1288
0.161804,0.1288
0.161808,0.1449
0.161812,0.1449
0.161816,0.1449
0.16182,0.1449
0.161824,0.1449
0.161828,0.1288
0.161832,0.1288
0.161836,0.1449
0.16184,0.1288
0.161844,0.1288
0.161848,0.1288
0.161852,0.1449
0.161856,0.1449
0.16186,0.1288
0.161864,0.1449
0.161868,0.1288
0.161872,0.1449
0.161876,0.1449
0.16188,0.1449
0.161884,0.1449
0.161888,0.1449
0.161892,0.1449
0.161896,0.1449
0.1619,0.1449
0.161904,0.1449
0.161908,0.1449
0.161912,0.1288
0.161916,0.1288
0.16192,0.1449
0.161924,0.1288
0.161928,0.1449
0.161932,0.1449
0.161936,0.1449
0.16194,0.1288
0.161944,0.1288
0.161948,0.1449
0.161952,0.1449
0.161956,0.1288
0.16196,0.1288
0.161964,0.1449
0.161968,0.1449
0.161972,0.1449
0.161976,0.1288
0.16198,0.1449
0.161984,0.1449
0.161988,0.1449
0.161992,0.1288
0.161996,0.1288
0.162,0.1288
0.162004,0.1288
0.162008,0.1288
0.162012,0.1288
0.162016,0.1288
0.16202,0.1288
0.162024,0.1449
0.162028,0.1288
0.162032,0.1288
0.162036,0.1449
0.16204,0.1288
0.162044,0.1288
0.162048,0.1449
0.162052,0.1288
0.162056,0.1288
0.16206,0.1288
0.162064,0.1449
0.162068,0.1449
0.162072,0.1288
0.162076,0.1288
0.16208,0.1449
0.162084,0.1449
0.162088,0.1449
0.162092,0.1288
0.162096,0.1449
0.1621,0.1449
0.162104,0.1288
0.162108,0.1288
0.162112,0.1288
0.162116,0.1449
0.16212,0.1449
0.162124,0.1449
0.162128,0.1288
0.162132,0.1288
0.162136,0.1288
0.16214,0.1449
0.162144,0.1449
0.162148,0.161
0.162152,0.1288
0.162156,0.1288
0.16216,0.1288
0.162164,0.1288
0.162168,0.1449
0.162172,0.1449
0.162176,0.1449
0.16218,0.1449
0.162184,0.1288
0.162188,0.1288
0.162192,0.1449
0.162196,0.1288
0.1622,0.1449
0.162204,0.1449
0.162208,0.1288
0.162212,0.1449
0.162216,0.1288
0.16222,0.1288
0.162224,0.1449
0.162228,0.1449
0.162232,0.1288
0.162236,0.1288
0.16224,0.1288
0.162244,0.1288
0.162248,0.1449
0.162252,0.1449
0.162256,0.1449
0.16226,0.1449
0.162264,0.1449
0.162268,0.1449
0.162272,0.1449
0.162276,0.1449
0.16228,0.1449
0.162284,0.1449
0.162288,0.1449
0.162292,0.1449
0.162296,0.1288
0.1623,0.1288
0.162304,0.1288
0.162308,0.1288
0.162312,0.1288
0.162316,0.1288
0.16232,0.1449
0.162324,0.1288
0.162328,0.1449
0.162332,0.1449
0.162336,0.1288
0.16234,0.1288
0.162344,0.1449
0.162348,0.1449
0.162352,0.1288
0.162356,0.1288
0.16236,0.1288
0.162364,0.1449
0.162368,0.1449
0.162372,0.1449
0.162376,0.1449
0.16238,0.1449
0.162384,0.1449
0.162388,0.1449
0.162392,0.1288
0.162396,0.1449
0.1624,0.1449
0.162404,0.1449
0.162408,0.1288
0.162412,0.1288
0.162416,0.1449
0.16242,0.1449
0.162424,0.1449
0.162428,0.1288
0.162432,0.1449
0.162436,0.1449
0.16244,0.1449
0.162444,0.1449
0.162448,0.1449
0.162452,0.1449
0.162456,0.1449
0.16246,0.1449
0.162464,0.1288
0.162468,0.1449
0.162472,0.1449
0.162476,0.1288
0.16248,0.1288
0.162484,0.1288
0.162488,0.1449
0.162492,0.1288
0.162496,0.1288
0.1625,0.1288
0.162504,0.1288
0.162508,0.1288
0.162512,0.1449
0.162516,0.1449
0.16252,0.1449
0.162524,0.1288
0.162528,0.1288
0.162532,0.1288
0.162536,0.1288
0.16254,0.1288
0.162544,0.1449
0.162548,0.1288
0.162552,0.1288
0.162556,0.1288
0.16256,0.1288
0.162564,0.1449
0.162568,0.1449
0.162572,0.1449
0.162576,0.1449
0.16258,0.1288
0.162584,0.1449
0.162588,0.1449
0.162592,0.1449
0.162596,0.1449
0.1626,0.1288
0.162604,0.1288
0.162608,0.1288
0.162612,0.1288
0.162616,0.1288
0.16262,0.1449
0.162624,0.1449
0.162628,0.1449
0.162632,0.1288
0.162636,0.1288
0.16264,0.1449
0.162644,0.1449
0.162648,0.1449
0.162652,0.1288
0.162656,0.1288
0.16266,0.1288
0.162664,0.1288
0.162668,0.1288
0.162672,0.1449
0.162676,0.1288
0.16268,0.1288
0.162684,0.1288
0.162688,0.1449
0.162692,0.1288
0.162696,0.1288
0.1627,0.1288
0.162704,0.1288
0.162708,0.1449
0.162712,0.1288
0.162716,0.1288
0.16272,0.1288
0.162724,0.1288
0.162728,0.1288
0.162732,0.1288
0.162736,0.1449
0.16274,0.1288
0.162744,0.1288
0.162748,0.1449
0.162752,0.1449
0.162756,0.1449
0.16276,0.1288
0.162764,0.1449
0.162768,0.1288
0.162772,0.1288
0.162776,0.1288
0.16278,0.1288
0.162784,0.1288
0.162788,0.1449
0.162792,0.1288
0.162796,0.1288
0.1628,0.1449
0.162804,0.1288
0.162808,0.1288
0.162812,0.1288
0.162816,0.1449
0.16282,0.1288
0.162824,0.1288
0.162828,0.1288
0.162832,0.1288
0.162836,0.1288
0.16284,0.1288
0.162844,0.1288
0.162848,0.1288
0.162852,0.1288
0.162856,0.1288
0.16286,0.1288
0.162864,0.1288
0.162868,0.1288
0.162872,0.1288
0.162876,0.1449
0.16288,0.1288
0.162884,0.1288
0.162888,0.1288
0.162892,0.1288
0.162896,0.1288
0.1629,0.1288
0.162904,0.1288
0.162908,0.1449
0.162912,0.1288
0.162916,0.1449
0.16292,0.1449
0.162924,0.1449
0.162928,0.1288
0.162932,0.1288
0.162936,0.1288
0.16294,0.1288
0.162944,0.1288
0.162948,0.1288
0.162952,0.1288
0.162956,0.1288
0.16296,0.1288
0.162964,0.1288
0.162968,0.1288
0.162972,0.1288
0.162976,0.1288
0.16298,0.1288
0.162984,0.1288
0.162988,0.1288
0.162992,0.1449
0.162996,0.1288
0.163,0.1449
0.163004,0.1288
0.163008,0.1127
0.163012,0.1288
0.163016,0.1288
0.16302,0.1288
0.163024,0.1288
0.163028,0.1288
0.163032,0.1288
0.163036,0.1449
0.16304,0.1288
0.163044,0.1288
0.163048,0.1127
0.163052,0.1288
0.163056,0.1288
0.16306,0.1288
0.163064,0.1288
0.163068,0.1288
0.163072,0.1288
0.163076,0.1288
0.16308,0.1288
0.163084,0.1288
0.163088,0.1288
0.163092,0.1288
0.163096,0.1288
0.1631,0.1288
0.163104,0.1288
0.163108,0.1288
0.163112,0.1288
0.163116,0.1449
0.16312,0.1288
0.163124,0.1288
0.163128,0.1288
0.163132,0.1288
0.163136,0.1288
0.16314,0.1288
0.163144,0.1288
0.163148,0.1288
0.163152,0.1449
0.163156,0.1288
0.16316,0.1288
0.163164,0.1288
0.163168,0.1288
0.163172,0.1288
0.163176,0.1288
0.16318,0.1288
0.163184,0.1288
0.163188,0.1288
0.163192,0.1288
0.163196,0.1288
0.1632,0.1449
0.163204,0.1288
0.163208,0.1288
0.163212,0.1288
0.163216,0.1288
0.16322,0.1127
0.163224,0.1288
0.163228,0.1288
0.163232,0.1127
0.163236,0.1288
0.16324,0.1288
0.163244,0.1288
0.163248,0.1288
0.163252,0.1288
0.163256,0.1449
0.16326,0.1288
0.163264,0.1288
0.163268,0.1288
0.163272,0.1288
0.163276,0.1288
0.16328,0.1288
0.163284,0.1288
0.163288,0.1288
0.163292,0.1288
0.163296,0.1288
0.1633,0.1288
0.163304,0.1288
0.163308,0.1288
0.163312,0.1288
0.163316,0.1288
0.16332,0.1288
0.163324,0.1288
0.163328,0.1288
0.163332,0.1288
0.163336,0.1288
0.16334,0.1288
0.163344,0.1127
0.163348,0.1288
0.163352,0.1288
0.163356,0.1288
0.16336,0.1288
0.163364,0.1288
0.163368,0.1288
0.163372,0.1288
0.163376,0.1288
0.16338,0.1288
0.163384,0.1288
0.163388,0.1288
0.163392,0.1449
0.163396,0.1127
0.1634,0.1288
0.163404,0.1127
0.163408,0.1288
0.163412,0.1288
0.163416,0.1288
0.16342,0.1288
0.163424,0.1288
0.163428,0.1288
0.163432,0.1288
0.163436,0.1288
0.16344,0.1288
0.163444,0.1127
0.163448,0.1127
0.163452,0.1288
0.163456,0.1288
0.16346,0.1127
0.163464,0.1288
0.163468,0.1288
0.163472,0.1288
0.163476,0.1127
0.16348,0.1288
0.163484,0.1288
0.163488,0.1288
0.163492,0.1288
0.163496,0.1288
0.1635,0.1127
0.163504,0.1288
0.163508,0.1288
0.163512,0.1288
0.163516,0.1127
0.16352,0.1288
0.163524,0.1288
0.163528,0.1288
0.163532,0.1127
0.163536,0.1288
0.16354,0.1288
0.163544,0.1127
0.163548,0.1127
0.163552,0.1127
0.163556,0.1127
0.16356,0.1288
0.163564,0.1288
0.163568,0.1288
0.163572,0.1127
0.163576,0.1127
0.16358,0.1288
0.163584,0.1288
0.163588,0.1288
0.163592,0.1288
0.163596,0.1127
0.1636,0.1288
0.163604,0.1288
0.163608,0.1288
0.163612,0.1288
0.163616,0.1288
0.16362,0.1288
0.163624,0.1288
0.163628,0.1288
0.163632,0.1127
0.163636,0.1288
0.16364,0.1288
0.163644,0.1288
0.163648,0.1288
0.163652,0.1127
0.163656,0.1288
0.16366,0.1288
0.163664,0.1288
0.163668,0.1288
0.163672,0.1288
0.163676,0.1288
0.16368,0.1288
0.163684,0.1127
0.163688,0.1127
0.163692,0.1288
0.163696,0.1127
0.1637,0.1127
0.163704,0.1127
0.163708,0.1127
0.163712,0.1127
0.163716,0.1288
0.16372,0.1127
0.163724,0.1127
0.163728,0.1288
0.163732,0.1127
0.163736,0.1288
0.16374,0.1127
0.163744,0.1288
0.163748,0.1288
0.163752,0.1288
0.163756,0.1127
0.16376,0.1127
0.163764,0.1288
0.163768,0.1127
0.163772,0.1288
0.163776,0.1288
0.16378,0.1288
0.163784,0.1288
0.163788,0.1288
0.163792,0.1127
0.163796,0.1288
0.1638,0.1288
0.163804,0.1288
0.163808,0.1127
0.163812,0.1127
0.163816,0.1288
0.16382,0.1127
0.163824,0.1127
0.163828,0.1288
0.163832,0.1288
0.163836,0.1127
0.16384,0.1288
0.163844,0.1288
0.163848,0.1288
0.163852,0.1127
0.163856,0.1127
0.16386,0.1127
0.163864,0.1127
0.163868,0.1127
0.163872,0.1288
0.163876,0.1288
0.16388,0.1127
0.163884,0.1127
0.163888,0.1288
0.163892,0.1127
0.163896,0.1127
0.1639,0.1288
0.163904,0.1127
0.163908,0.1127
0.163912,0.1127
0.163916,0.1288
0.16392,0.1127
0.163924,0.1288
0.163928,0.1288
0.163932,0.1127
0.163936,0.1288
0.16394,0.1127
0.163944,0.1288
0.163948,0.1288
0.163952,0.1127
0.163956,0.1288
0.16396,0.1288
0.163964,0.1288
0.163968,0.1288
0.163972,0.1127
0.163976,0.1127
0.16398,0.1127
0.163984,0.1127
0.163988,0.1127
0.163992,0.1127
0.163996,0.1127
0.164,0.1127
0.164004,0.1288
0.164008,0.1127
0.164012,0.1127
0.164016,0.1127
0.16402,0.1288
0.164024,0.1127
0.164028,0.1127
0.164032,0.1127
0.164036,0.1127
0.16404,0.1127
0.164044,0.1288
0.164048,0.1127
0.164052,0.1127
0.164056,0.1127
0.16406,0.1127
0.164064,0.1288
0.164068,0.1127
0.164072,0.1127
0.164076,0.1288
0.16408,0.1127
0.164084,0.1288
0.164088,0.1127
0.164092,0.1127
0.164096,0.1288
0.1641,0.1127
0.164104,0.1288
0.164108,0.1288
0.164112,0.1127
0.164116,0.1127
0.16412,0.1127
0.164124,0.1127
0.164128,0.1127
0.164132,0.1127
0.164136,0.1127
0.16414,0.1288
0.164144,0.1127
0.164148,0.1288
0.164152,0.1127
0.164156,0.1127
0.16416,0.1127
0.164164,0.1127
0.164168,0.1288
0.164172,0.1127
0.164176,0.1127
0.16418,0.1127
0.164184,0.1127
0.164188,0.1127
0.164192,0.1127
0.164196,0.1127
0.1642,0.1127
0.164204,0.1127
0.164208,0.1127
0.164212,0.1127
0.164216,0.1127
0.16422,0.1127
0.164224,0.1127
0.164228,0.1127
0.164232,0.1127
0.164236,0.1288
0.16424,0.1127
0.164244,0.1127
0.164248,0.1127
0.164252,0.1288
0.164256,0.1288
0.16426,0.1288
0.164264,0.1127
0.164268,0.1288
0.164272,0.1288
0.164276,0.1127
0.16428,0.1288
0.164284,0.1127
0.164288,0.1127
0.164292,0.1127
0.164296,0.1127
0.1643,0.1288
0.164304,0.1127
0.164308,0.1127
0.164312,0.1288
0.164316,0.1127
0.16432,0.1288
0.164324,0.1127
0.164328,0.1127
0.164332,0.1127
0.164336,0.1288
0.16434,0.1127
0.164344,0.1127
0.164348,0.1127
0.164352,0.1288
0.164356,0.1127
0.16436,0.1127
0.164364,0.1127
0.164368,0.1127
0.164372,0.1127
0.164376,0.1288
0.16438,0.1127
0.164384,0.1127
0.164388,0.1127
0.164392,0.1127
0.164396,0.1127
0.1644,0.1127
0.164404,0.1127
0.164408,0.1127
0.164412,0.1127
0.164416,0.1127
0.16442,0.1288
0.164424,0.1127
0.164428,0.1288
0.164432,0.1127
0.164436,0.1127
0.16444,0.1127
0.164444,0.1127
0.164448,0.1127
0.164452,0.1127
0.164456,0.1127
0.16446,0.1127
0.164464,0.1288
0.164468,0.1127
0.164472,0.1127
0.164476,0.1127
0.16448,0.1127
0.164484,0.1127
0.164488,0.1127
0.164492,0.1127
0.164496,0.1127
0.1645,0.1127
0.164504,0.1127
0.164508,0.1288
0.164512,0.1127
0.164516,0.1127
0.16452,0.1288
0.164524,0.1127
0.164528,0.1127
0.164532,0.1288
0.164536,0.1127
0.16454,0.1127
0.164544,0.1127
0.164548,0.1127
0.164552,0.09659999999999999
0.164556,0.1127
0.16456,0.1127
0.164564,0.1127
0.164568,0.1127
0.164572,0.1127
0.164576,0.1288
0.16458,0.1288
0.164584,0.1127
0.164588,0.1127
0.164592,0.1127
0.164596,0.1127
0.1646,0.1288
0.164604,0.1127
0.164608,0.1127
0.164612,0.1127
0.164616,0.1288
0.16462,0.1127
0.164624,0.1127
0.164628,0.1127
0.164632,0.1127
0.164636,0.1127
0.16464,0.1288
0.164644,0.1127
0.164648,0.1127
0.164652,0.1127
0.164656,0.1288
0.16466,0.1127
0.164664,0.1127
0.164668,0.1127
0.164672,0.1127
0.164676,0.1127
0.16468,0.1127
0.164684,0.1127
0.164688,0.1127
0.164692,0.1127
0.164696,0.1127
0.1647,0.1127
0.164704,0.1127
0.164708,0.1127
0.164712,0.1127
0.164716,0.1127
0.16472,0.1127
0.164724,0.1127
0.164728,0.1288
0.164732,0.1288
0.164736,0.1127
0.16474,0.1127
0.164744,0.1127
0.164748,0.1127
0.164752,0.1127
0.164756,0.1127
0.16476,0.1288
0.164764,0.1127
0.164768,0.1127
0.164772,0.1288
0.164776,0.1127
0.16478,0.1288
0.164784,0.1127
0.164788,0.1127
0.164792,0.1127
0.164796,0.1127
0.1648,0.1127
0.164804,0.1127
0.164808,0.1127
0.164812,0.1127
0.164816,0.1127
0.16482,0.1127
0.164824,0.1127
0.164828,0.1127
0.164832,0.1127
0.164836,0.1127
0.16484,0.1127
0.164844,0.1127
0.164848,0.1127
0.164852,0.1127
0.164856,0.1288
0.16486,0.1127
0.164864,0.1127
0.164868,0.1127
0.164872,0.1127
0.164876,0.1127
0.16488,0.1127
0.164884,0.09659999999999999
0.164888,0.1127
0.164892,0.1127
0.164896,0.1127
0.1649,0.1127
0.164904,0.1127
0.164908,0.1127
0.164912,0.1288
0.164916,0.1288
0.16492,0.1127
0.164924,0.1127
0.164928,0.1127
0.164932,0.1127
0.164936,0.1288
0.16494,0.1127
0.164944,0.1127
0.164948,0.1127
0.164952,0.1127
0.164956,0.1127
0.16496,0.1127
0.164964,0.1127
0.164968,0.1127
0.164972,0.1127
0.164976,0.1127
0.16498,0.1127
0.164984,0.1127
0.164988,0.1288
0.164992,0.1127
0.164996,0.1127
0.165,0.09659999999999999
0.165004,0.1127
0.165008,0.1127
0.165012,0.1127
0.165016,0.1127
0.16502,0.1127
0.165024,0.1127
0.165028,0.1127
0.165032,0.1127
0.165036,0.1127
0.16504,0.1127
0.165044,0.1127
0.165048,0.1127
0.165052,0.1127
0.165056,0.1127
0.16506,0.1127
0.165064,0.1127
0.165068,0.1127
0.165072,0.1127
0.165076,0.1288
0.16508,0.1127
0.165084,0.1288
0.165088,0.1127
0.165092,0.1288
0.165096,0.1127
0.1651,0.1127
0.165104,0.09659999999999999
0.165108,0.1127
0.165112,0.1127
0.165116,0.1288
0.16512,0.1127
0.165124,0.1127
0.165128,0.1127
0.165132,0.1127
0.165136,0.1127
0.16514,0.1127
0.165144,0.1127
0.165148,0.1127
0.165152,0.1127
0.165156,0.1127
0.16516,0.09659999999999999
0.165164,0.1127
0.165168,0.1127
0.165172,0.1288
0.165176,0.1127
0.16518,0.1127
0.165184,0.1127
0.165188,0.1127
0.165192,0.1127
0.165196,0.1127
0.1652,0.1127
0.165204,0.1127
0.165208,0.09659999999999999
0.165212,0.1127
0.165216,0.1127
0.16522,0.1127
0.165224,0.1127
0.165228,0.1127
0.165232,0.1127
0.165236,0.1127
0.16524,0.1127
0.165244,0.1127
0.165248,0.1127
0.165252,0.1288
0.165256,0.1127
0.16526,0.1127
0.165264,0.1127
0.165268,0.1127
0.165272,0.1127
0.165276,0.1127
0.16528,0.1127
0.165284,0.1127
0.165288,0.1127
0.165292,0.1127
0.165296,0.1127
0.1653,0.1127
0.165304,0.1127
0.165308,0.1127
0.165312,0.1127
0.165316,0.1127
0.16532,0.1127
0.165324,0.1127
0.165328,0.1127
0.165332,0.1127
0.165336,0.1127
0.16534,0.1127
0.165344,0.09659999999999999
0.165348,0.1127
0.165352,0.1288
0.165356,0.1127
0.16536,0.1127
0.165364,0.1127
0.165368,0.1127
0.165372,0.1127
0.165376,0.1127
0.16538,0.1127
0.165384,0.1127
0.165388,0.1127
0.165392,0.1127
0.165396,0.1127
0.1654,0.1127
0.165404,0.1127
0.165408,0.1127
0.165412,0.1127
0.165416,0.1127
0.16542,0.1127
0.165424,0.1127
0.165428,0.1127
0.165432,0.1127
0.165436,0.1127
0.16544,0.1127
0.165444,0.1127
0.165448,0.1127
0.165452,0.1127
0.165456,0.1127
0.16546,0.1127
0.165464,0.1127
0.165468,0.1127
0.165472,0.1127
0.165476,0.1127
0.16548,0.1127
0.165484,0.1127
0.165488,0.1127
0.165492,0.1127
0.165496,0.1127
0.1655,0.1127
0.165504,0.1127
0.165508,0.1127
0.165512,0.09659999999999999
0.165516,0.1127
0.16552,0.1127
0.165524,0.1127
0.165528,0.09659999999999999
0.165532,0.1127
0.165536,0.1127
0.16554,0.1127
0.165544,0.1127
0.165548,0.1127
0.165552,0.09659999999999999
0.165556,0.1127
0.16556,0.1288
0.165564,0.1127
0.165568,0.09659999999999999
0.165572,0.09659999999999999
0.165576,0.1127
0.16558,0.1127
0.165584,0.1127
0.165588,0.1127
0.165592,0.1127
0.165596,0.1127
0.1656,0.1127
0.165604,0.1127
0.165608,0.1127
0.165612,0.1127
0.165616,0.1127
0.16562,0.1127
0.165624,0.1127
0.165628,0.1127
0.165632,0.1127
0.165636,0.1127
0.16564,0.1127
0.165644,0.1127
0.165648,0.09659999999999999
0.165652,0.1127
0.165656,0.1127
0.16566,0.1127
0.165664,0.1127
0.165668,0.1127
0.165672,0.1127
0.165676,0.1127
0.16568,0.09659999999999999
0.165684,0.1127
0.165688,0.1127
0.165692,0.1127
0.165696,0.1127
0.1657,0.1127
0.165704,0.1127
0.165708,0.09659999999999999
0.165712,0.1127
0.165716,0.09659999999999999
0.16572,0.1127
0.165724,0.09659999999999999
0.165728,0.09659999999999999
0.165732,0.1127
0.165736,0.09659999999999999
0.16574,0.09659999999999999
0.165744,0.1127
0.165748,0.1127
0.165752,0.1127
0.165756,0.1127
0.16576,0.1127
0.165764,0.1127
0.165768,0.1127
0.165772,0.1127
0.165776,0.1127
0.16578,0.1127
0.165784,0.09659999999999999
0.165788,0.1127
0.165792,0.09659999999999999
0.165796,0.1127
0.1658,0.1127
0.165804,0.1127
0.165808,0.09659999999999999
0.165812,0.1127
0.165816,0.1127
0.16582,0.09659999999999999
0.165824,0.1127
0.165828,0.1127
0.165832,0.09659999999999999
0.165836,0.1127
0.16584,0.09659999999999999
0.165844,0.1127
0.165848,0.1127
0.165852,0.09659999999999999
0.165856,0.1127
0.16586,0.1127
0.165864,0.09659999999999999
0.165868,0.1127
0.165872,0.1127
0.165876,0.1127
0.16588,0.1127
0.165884,0.09659999999999999
0.165888,0.09659999999999999
0.165892,0.1127
0.165896,0.09659999999999999
0.1659,0.09659999999999999
0.165904,0.09659999999999999
0.165908,0.1127
0.165912,0.09659999999999999
0.165916,0.1127
0.16592,0.09659999999999999
0.165924,0.1127
0.165928,0.1127
0.165932,0.09659999999999999
0.165936,0.09659999999999999
0.16594,0.09659999999999999
0.165944,0.09659999999999999
0.165948,0.1127
0.165952,0.1127
0.165956,0.1127
0.16596,0.09659999999999999
0.165964,0.1127
0.165968,0.1127
0.165972,0.1127
0.165976,0.09659999999999999
0.16598,0.09659999999999999
0.165984,0.1127
0.165988,0.1127
0.165992,0.1127
0.165996,0.1127
0.166,0.09659999999999999
0.166004,0.09659999999999999
0.166008,0.1127
0.166012,0.09659999999999999
0.166016,0.09659999999999999
0.16602,0.1127
0.166024,0.1127
0.166028,0.1127
0.166032,0.1127
0.166036,0.1127
0.16604,0.09659999999999999
0.166044,0.1127
0.166048,0.1127
0.166052,0.09659999999999999
0.166056,0.09659999999999999
0.16606,0.09659999999999999
0.166064,0.09659999999999999
0.166068,0.1127
0.166072,0.09659999999999999
0.166076,0.1127
0.16608,0.1127
0.166084,0.1127
0.166088,0.1127
0.166092,0.1127
0.166096,0.1127
0.1661,0.1127
0.166104,0.1127
0.166108,0.1127
0.166112,0.1127
0.166116,0.1127
0.16612,0.1127
0.166124,0.09659999999999999
0.166128,0.09659999999999999
0.166132,0.1127
0.166136,0.1127
0.16614,0.1127
0.166144,0.1127
0.166148,0.09659999999999999
0.166152,0.09659999999999999
0.166156,0.09659999999999999
0.16616,0.1127
0.166164,0.1127
0.166168,0.09659999999999999
0.166172,0.09659999999999999
0.166176,0.09659999999999999
0.16618,0.1127
0.166184,0.09659999999999999
0.166188,0.09659999999999999
0.166192,0.09659999999999999
0.166196,0.1127
0.1662,0.1127
0.166204,0.09659999999999999
0.166208,0.1127
0.166212,0.09659999999999999
0.166216,0.09659999999999999
0.16622,0.09659999999999999
0.166224,0.09659999999999999
0.166228,0.09659999999999999
0.166232,0.09659999999999999
0.166236,0.09659999999999999
0.16624,0.09659999999999999
0.166244,0.09659999999999999
0.166248,0.1127
0.166252,0.1127
0.166256,0.1127
0.16626,0.1127
0.166264,0.1127
0.166268,0.1127
0.166272,0.09659999999999999
0.166276,0.09659999999999999
0.16628,0.1127
0.166284,0.1127
0.166288,0.1127
0.166292,0.1127
0.166296,0.1127
0.1663,0.09659999999999999
0.166304,0.1127
0.166308,0.1127
0.166312,0.1127
0.166316,0.09659999999999999
0.16632,0.09659999999999999
0.166324,0.09659999999999999
0.166328,0.09659999999999999
0.166332,0.09659999999999999
0.166336,0.09659999999999999
0.16634,0.09659999999999999
0.166344,0.1127
0.166348,0.1127
0.166352,0.1127
0.166356,0.09659999999999999
0.16636,0.1127
0.166364,0.09659999999999999
0.166368,0.09659999999999999
0.166372,0.09659999999999999
0.166376,0.09659999999999999
0.16638,0.09659999999999999
0.166384,0.09659999999999999
0.166388,0.09659999999999999
0.166392,0.09659999999999999
0.166396,0.09659999999999999
0.1664,0.09659999999999999
0.166404,0.09659999999999999
0.166408,0.09659999999999999
0.166412,0.09659999999999999
0.166416,0.09659999999999999
0.16642,0.09659999999999999
0.166424,0.1127
0.166428,0.1127
0.166432,0.09659999999999999
0.166436,0.1127
0.16644,0.1127
0.166444,0.09659999999999999
0.166448,0.1127
0.166452,0.09659999999999999
0.166456,0.1127
0.16646,0.1127
0.166464,0.1127
0.166468,0.09659999999999999
0.166472,0.1127
0.166476,0.1127
0.16648,0.09659999999999999
0.166484,0.09659999999999999
0.166488,0.1127
0.166492,0.09659999999999999
0.166496,0.09659999999999999
0.1665,0.09659999999999999
0.166504,0.1127
0.166508,0.09659999999999999
0.166512,0.1127
0.166516,0.09659999999999999
0.16652,0.09659999999999999
0.166524,0.09659999999999999
0.166528,0.09659999999999999
0.166532,0.1127
0.166536,0.09659999999999999
0.16654,0.1127
0.166544,0.1127
0.166548,0.09659999999999999
0.166552,0.1127
0.166556,0.09659999999999999
0.16656,0.09659999999999999
0.166564,0.09659999999999999
0.166568,0.1127
0.166572,0.09659999999999999
0.166576,0.09659999999999999
0.16658,0.09659999999999999
0.166584,0.09659999999999999
0.166588,0.09659999999999999
0.166592,0.09659999999999999
0.166596,0.09659999999999999
0.1666,0.1127
0.166604,0.09659999999999999
0.166608,0.1127
0.166612,0.1127
0.166616,0.09659999999999999
0.16662,0.09659999999999999
0.166624,0.1127
0.166628,0.09659999999999999
0.166632,0.1127
0.166636,0.1127
0.16664,0.09659999999999999
0.166644,0.09659999999999999
0.166648,0.1127
0.166652,0.09659999999999999
0.166656,0.09659999999999999
0.16666,0.09659999999999999
0.166664,0.09659999999999999
0.166668,0.1127
0.166672,0.09659999999999999
0.166676,0.1127
0.16668,0.09659999999999999
0.166684,0.09659999999999999
0.166688,0.09659999999999999
0.166692,0.1127
0.166696,0.09659999999999999
0.1667,0.09659999999999999
0.166704,0.09659999999999999
0.166708,0.09659999999999999
0.166712,0.1127
0.166716,0.09659999999999999
0.16672,0.09659999999999999
0.166724,0.09659999999999999
0.166728,0.09659999999999999
0.166732,0.09659999999999999
0.166736,0.09659999999999999
0.16674,0.09659999999999999
0.166744,0.09659999999999999
0.166748,0.09659999999999999
0.166752,0.09659999999999999
0.166756,0.09659999999999999
0.16676,0.09659999999999999
0.166764,0.09659999999999999
0.166768,0.1127
0.166772,0.1127
0.166776,0.09659999999999999
0.16678,0.09659999999999999
0.166784,0.09659999999999999
0.166788,0.09659999999999999
0.166792,0.09659999999999999
0.166796,0.09659999999999999
0.1668,0.09659999999999999
0.166804,0.09659999999999999
0.166808,0.09659999999999999
0.166812,0.0805
0.166816,0.09659999999999999
0.16682,0.1127
0.166824,0.09659999999999999
0.166828,0.09659999999999999
0.166832,0.09659999999999999
0.166836,0.09659999999999999
0.16684,0.09659999999999999
0.166844,0.09659999999999999
0.166848,0.09659999999999999
0.166852,0.09659999999999999
0.166856,0.09659999999999999
0.16686,0.09659999999999999
0.166864,0.1127
0.166868,0.09659999999999999
0.166872,0.09659999999999999
0.166876,0.09659999999999999
0.16688,0.09659999999999999
0.166884,0.09659999999999999
0.166888,0.09659999999999999
0.166892,0.09659999999999999
0.166896,0.09659999999999999
0.1669,0.0805
0.166904,0.09659999999999999
0.166908,0.09659999999999999
0.166912,0.0805
0.166916,0.09659999999999999
0.16692,0.09659999999999999
0.166924,0.1127
0.166928,0.09659999999999999
0.166932,0.09659999999999999
0.166936,0.09659999999999999
0.16694,0.1127
0.166944,0.1127
0.166948,0.1127
0.166952,0.09659999999999999
0.166956,0.09659999999999999
0.16696,0.09659999999999999
0.166964,0.09659999999999999
0.166968,0.09659999999999999
0.166972,0.09659999999999999
0.166976,0.09659999999999999
0.16698,0.09659999999999999
0.166984,0.09659999999999999
0.166988,0.09659999999999999
0.166992,0.09659999999999999
0.166996,0.09659999999999999
0.167,0.09659999999999999
0.167004,0.09659999999999999
0.167008,0.09659999999999999
0.167012,0.09659999999999999
0.167016,0.09659999999999999
0.16702,0.09659999999999999
0.167024,0.09659999999999999
0.167028,0.09659999999999999
0.167032,0.09659999999999999
0.167036,0.0805
0.16704,0.09659999999999999
0.167044,0.09659999999999999
0.167048,0.09659999999999999
0.167052,0.09659999999999999
0.167056,0.09659999999999999
0.16706,0.09659999999999999
0.167064,0.09659999999999999
0.167068,0.09659999999999999
0.167072,0.09659999999999999
0.167076,0.0805
0.16708,0.09659999999999999
0.167084,0.09659999999999999
0.167088,0.1127
0.167092,0.09659999999999999
0.167096,0.09659999999999999
0.1671,0.09659999999999999
0.167104,0.1127
0.167108,0.09659999999999999
0.167112,0.09659999999999999
0.167116,0.0805
0.16712,0.09659999999999999
0.167124,0.1127
0.167128,0.09659999999999999
0.167132,0.0805
0.167136,0.09659999999999999
0.16714,0.09659999999999999
0.167144,0.09659999999999999
0.167148,0.09659999999999999
0.167152,0.09659999999999999
0.167156,0.09659999999999999
0.16716,0.09659999999999999
0.167164,0.09659999999999999
0.167168,0.09659999999999999
0.167172,0.09659999999999999
0.167176,0.09659999999999999
0.16718,0.09659999999999999
0.167184,0.09659999999999999
0.167188,0.09659999999999999
0.167192,0.1127
0.167196,0.09659999999999999
0.1672,0.09659999999999999
0.167204,0.09659999999999999
0.167208,0.09659999999999999
0.167212,0.09659999999999999
0.167216,0.09659999999999999
0.16722,0.09659999999999999
0.167224,0.09659999999999999
0.167228,0.09659999999999999
0.167232,0.09659999999999999
0.167236,0.09659999999999999
0.16724,0.09659999999999999
0.167244,0.09659999999999999
0.167248,0.09659999999999999
0.167252,0.0805
0.167256,0.1127
0.16726,0.09659999999999999
0.167264,0.09659999999999999
0.167268,0.09659999999999999
0.167272,0.09659999999999999
0.167276,0.09659999999999999
0.16728,0.09659999999999999
0.167284,0.09659999999999999
0.167288,0.09659999999999999
0.167292,0.09659999999999999
0.167296,0.09659999999999999
0.1673,0.09659999999999999
0.167304,0.09659999999999999
0.167308,0.09659999999999999
0.167312,0.09659999999999999
0.167316,0.0805
0.16732,0.09659999999999999
0.167324,0.0805
0.167328,0.09659999999999999
0.167332,0.09659999999999999
0.167336,0.09659999999999999
0.16734,0.09659999999999999
0.167344,0.09659999999999999
0.167348,0.09659999999999999
0.167352,0.09659999999999999
0.167356,0.09659999999999999
0.16736,0.09659999999999999
0.167364,0.09659999999999999
0.167368,0.09659999999999999
0.167372,0.09659999999999999
0.167376,0.09659999999999999
0.16738,0.09659999999999999
0.167384,0.09659999999999999
0.167388,0.0805
0.167392,0.0805
0.167396,0.09659999999999999
0.1674,0.09659999999999999
0.167404,0.09659999999999999
0.167408,0.0805
0.167412,0.09659999999999999
0.167416,0.09659999999999999
0.16742,0.09659999999999999
0.167424,0.09659999999999999
0.167428,0.09659999999999999
0.167432,0.09659999999999999
0.167436,0.09659999999999999
0.16744,0.09659999999999999
0.167444,0.09659999999999999
0.167448,0.09659999999999999
0.167452,0.09659999999999999
0.167456,0.09659999999999999
0.16746,0.09659999999999999
0.167464,0.09659999999999999
0.167468,0.09659999999999999
0.167472,0.09659999999999999
0.167476,0.09659999999999999
0.16748,0.09659999999999999
0.167484,0.0805
0.167488,0.09659999999999999
0.167492,0.09659999999999999
0.167496,0.09659999999999999
0.1675,0.09659999999999999
0.167504,0.09659999999999999
0.167508,0.09659999999999999
0.167512,0.0805
0.167516,0.09659999999999999
0.16752,0.09659999999999999
0.167524,0.09659999999999999
0.167528,0.0805
0.167532,0.09659999999999999
0.167536,0.09659999999999999
0.16754,0.09659999999999999
0.167544,0.09659999999999999
0.167548,0.09659999999999999
0.167552,0.09659999999999999
0.167556,0.09659999999999999
0.16756,0.09659999999999999
0.167564,0.09659999999999999
0.167568,0.0805
0.167572,0.0805
0.167576,0.0805
0.16758,0.09659999999999999
0.167584,0.09659999999999999
0.167588,0.09659999999999999
0.167592,0.09659999999999999
0.167596,0.09659999999999999
0.1676,0.09659999999999999
0.167604,0.09659999999999999
0.167608,0.09659999999999999
0.167612,0.09659999999999999
0.167616,0.09659999999999999
0.16762,0.09659999999999999
0.167624,0.09659999999999999
0.167628,0.09659999999999999
0.167632,0.09659999999999999
0.167636,0.09659999999999999
0.16764,0.09659999999999999
0.167644,0.09659999999999999
0.167648,0.0805
0.167652,0.09659999999999999
0.167656,0.09659999999999999
0.16766,0.09659999999999999
0.167664,0.09659999999999999
0.167668,0.09659999999999999
0.167672,0.09659999999999999
0.167676,0.09659999999999999
0.16768,0.09659999999999999
0.167684,0.09659999999999999
0.167688,0.09659999999999999
0.167692,0.09659999999999999
0.167696,0.09659999999999999
0.1677,0.0805
0.167704,0.09659999999999999
0.167708,0.09659999999999999
0.167712,0.09659999999999999
0.167716,0.09659999999999999
0.16772,0.09659999999999999
0.167724,0.0805
0.167728,0.0805
0.167732,0.0805
0.167736,0.0805
0.16774,0.09659999999999999
0.167744,0.09659999999999999
0.167748,0.09659999999999999
0.167752,0.0805
0.167756,0.09659999999999999
0.16776,0.0805
0.167764,0.09659999999999999
0.167768,0.09659999999999999
0.167772,0.09659999999999999
0.167776,0.09659999999999999
0.16778,0.0805
0.167784,0.09659999999999999
0.167788,0.0805
0.167792,0.09659999999999999
0.167796,0.09659999999999999
0.1678,0.09659999999999999
0.167804,0.09659999999999999
0.167808,0.09659999999999999
0.167812,0.09659999999999999
0.167816,0.09659999999999999
0.16782,0.09659999999999999
0.167824,0.0805
0.167828,0.09659999999999999
0.167832,0.09659999999999999
0.167836,0.0805
0.16784,0.0805
0.167844,0.0805
0.167848,0.09659999999999999
0.167852,0.09659999999999999
0.167856,0.09659999999999999
0.16786,0.0805
0.167864,0.0805
0.167868,0.09659999999999999
0.167872,0.0805
0.167876,0.0805
0.16788,0.0805
0.167884,0.09659999999999999
0.167888,0.09659999999999999
0.167892,0.0805
0.167896,0.09659999999999999
0.1679,0.0805
0.167904,0.0644
0.167908,0.0805
0.167912,0.09659999999999999
0.167916,0.0805
0.16792,0.0805
0.167924,0.0805
0.167928,0.09659999999999999
0.167932,0.09659999999999999
0.167936,0.09659999999999999
0.16794,0.09659999999999999
0.167944,0.0805
0.167948,0.09659999999999999
0.167952,0.09659999999999999
0.167956,0.09659999999999999
0.16796,0.0805
0.167964,0.0805
0.167968,0.09659999999999999
0.167972,0.0805
0.167976,0.09659999999999999
0.16798,0.0805
0.167984,0.09659999999999999
0.167988,0.09659999999999999
0.167992,0.09659999999999999
0.167996,0.0805
0.168,0.0805
0.168004,0.09659999999999999
0.168008,0.09659999999999999
0.168012,0.09659999999999999
0.168016,0.0805
0.16802,0.09659999999999999
0.168024,0.09659999999999999
0.168028,0.09659999999999999
0.168032,0.09659999999999999
0.168036,0.09659999999999999
0.16804,0.09659999999999999
0.168044,0.09659999999999999
0.168048,0.0805
0.168052,0.09659999999999999
0.168056,0.0805
0.16806,0.09659999999999999
0.168064,0.0805
0.168068,0.0805
0.168072,0.0805
0.168076,0.09659999999999999
0.16808,0.09659999999999999
0.168084,0.0805
0.168088,0.0805
0.168092,0.09659999999999999
0.168096,0.09659999999999999
0.1681,0.0805
0.168104,0.09659999999999999
0.168108,0.09659999999999999
0.168112,0.09659999999999999
0.168116,0.09659999999999999
0.16812,0.09659999999999999
0.168124,0.09659999999999999
0.168128,0.0805
0.168132,0.0805
0.168136,0.0805
0.16814,0.09659999999999999
0.168144,0.0805
0.168148,0.0805
0.168152,0.09659999999999999
0.168156,0.09659999999999999
0.16816,0.0805
0.168164,0.0805
0.168168,0.09659999999999999
0.168172,0.0805
0.168176,0.09659999999999999
0.16818,0.0805
0.168184,0.0805
0.168188,0.0805
0.168192,0.0805
0.168196,0.09659999999999999
0.1682,0.0805
0.168204,0.09659999999999999
0.168208,0.0805
0.168212,0.0805
0.168216,0.0805
0.16822,0.0805
0.168224,0.0805
0.168228,0.0805
0.168232,0.0805
0.168236,0.09659999999999999
0.16824,0.0805
0.168244,0.0805
0.168248,0.0805
0.168252,0.0805
0.168256,0.09659999999999999
0.16826,0.0805
0.168264,0.0805
0.168268,0.09659999999999999
0.168272,0.09659999999999999
0.168276,0.09659999999999999
0.16828,0.09659999999999999
0.168284,0.0805
0.168288,0.09659999999999999
0.168292,0.09659999999999999
0.168296,0.09659999999999999
0.1683,0.0805
0.168304,0.0805
0.168308,0.09659999999999999
0.168312,0.09659999999999999
0.168316,0.0805
0.16832,0.09659999999999999
0.168324,0.0805
0.168328,0.09659999999999999
0.168332,0.09659999999999999
0.168336,0.0805
0.16834,0.0805
0.168344,0.09659999999999999
0.168348,0.09659999999999999
0.168352,0.0805
0.168356,0.0805
0.16836,0.0805
0.168364,0.0805
0.168368,0.09659999999999999
0.168372,0.0805
0.168376,0.0805
0.16838,0.09659999999999999
0.168384,0.09659999999999999
0.168388,0.09659999999999999
0.168392,0.0805
0.168396,0.0805
0.1684,0.0805
0.168404,0.0805
0.168408,0.0805
0.168412,0.0805
0.168416,0.0805
0.16842,0.09659999999999999
0.168424,0.0805
0.168428,0.0805
0.168432,0.0805
0.168436,0.09659999999999999
0.16844,0.09659999999999999
0.168444,0.0805
0.168448,0.09659999999999999
0.168452,0.09659999999999999
0.168456,0.09659999999999999
0.16846,0.09659999999999999
0.168464,0.0805
0.168468,0.0805
0.168472,0.09659999999999999
0.168476,0.0805
0.16848,0.0805
0.168484,0.0805
0.168488,0.0805
0.168492,0.0805
0.168496,0.0805
0.1685,0.0805
0.168504,0.0805
0.168508,0.0805
0.168512,0.0805
0.168516,0.09659999999999999
0.16852,0.0805
0.168524,0.0805
0.168528,0.09659999999999999
0.168532,0.09659999999999999
0.168536,0.09659999999999999
0.16854,0.0805
0.168544,0.09659999999999999
0.168548,0.0805
0.168552,0.0805
0.168556,0.09659999999999999
0.16856,0.09659999999999999
0.168564,0.0805
0.168568,0.0805
0.168572,0.0805
0.168576,0.0805
0.16858,0.0805
0.168584,0.09659999999999999
0.168588,0.0805
0.168592,0.0805
0.168596,0.0805
0.1686,0.09659999999999999
0.168604,0.0805
0.168608,0.0805
0.168612,0.0805
0.168616,0.09659999999999999
0.16862,0.0805
0.168624,0.0805
0.168628,0.09659999999999999
0.168632,0.0805
0.168636,0.09659999999999999
0.16864,0.0805
0.168644,0.0805
0.168648,0.0805
0.168652,0.0805
0.168656,0.09659999999999999
0.16866,0.0805
0.168664,0.0805
0.168668,0.09659999999999999
0.168672,0.09659999999999999
0.168676,0.0805
0.16868,0.09659999999999999
0.168684,0.09659999999999999
0.168688,0.0805
0.168692,0.09659999999999999
0.168696,0.0805
0.1687,0.0805
0.168704,0.0805
0.168708,0.0805
0.168712,0.0805
0.168716,0.0805
0.16872,0.09659999999999999
0.168724,0.0805
0.168728,0.0805
0.168732,0.0805
0.168736,0.09659999999999999
0.16874,0.0805
0.168744,0.0805
0.168748,0.0805
0.168752,0.0805
0.168756,0.0805
0.16876,0.0805
0.168764,0.0805
0.168768,0.0805
0.168772,0.0805
0.168776,0.0805
0.16878,0.0805
0.168784,0.09659999999999999
0.168788,0.09659999999999999
0.168792,0.0805
0.168796,0.0805
0.1688,0.0805
0.168804,0.0805
0.168808,0.0805
0.168812,0.0805
0.168816,0.09659999999999999
0.16882,0.0805
0.168824,0.0805
0.168828,0.09659999999999999
0.168832,0.0805
0.168836,0.0805
0.16884,0.0805
0.168844,0.0805
0.168848,0.09659999999999999
0.168852,0.0805
0.168856,0.09659999999999999
0.16886,0.0805
0.168864,0.0805
0.168868,0.0805
0.168872,0.0805
0.168876,0.0805
0.16888,0.09659999999999999
0.168884,0.0805
0.168888,0.0805
0.168892,0.0805
0.168896,0.0805
0.1689,0.0805
0.168904,0.0644
0.168908,0.0805
0.168912,0.0805
0.168916,0.0805
0.16892,0.0805
0.168924,0.0805
0.168928,0.0805
0.168932,0.0805
0.168936,0.09659999999999999
0.16894,0.0805
0.168944,0.0805
0.168948,0.0805
0.168952,0.0805
0.168956,0.09659999999999999
0.16896,0.0805
0.168964,0.0805
0.168968,0.0805
0.168972,0.0805
0.168976,0.0805
0.16898,0.0805
0.168984,0.0805
0.168988,0.0805
0.168992,0.0805
0.168996,0.0805
0.169,0.0805
0.169004,0.0805
0.169008,0.09659999999999999
0.169012,0.0805
0.169016,0.0805
0.16902,0.0805
0.169024,0.0805
0.169028,0.0805
0.169032,0.0805
0.169036,0.0805
0.16904,0.0805
0.169044,0.0805
0.169048,0.09659999999999999
0.169052,0.0805
0.169056,0.0805
0.16906,0.0805
0.169064,0.0805
0.169068,0.0805
0.169072,0.0805
0.169076,0.0805
0.16908,0.0805
0.169084,0.0805
0.169088,0.0805
0.169092,0.0805
0.169096,0.0805
0.1691,0.0805
0.169104,0.0805
0.169108,0.0805
0.169112,0.0805
0.169116,0.0805
0.16912,0.0805
0.169124,0.0805
0.169128,0.09659999999999999
0.169132,0.0805
0.169136,0.0805
0.16914,0.0805
0.169144,0.09659999999999999
0.169148,0.0805
0.169152,0.0805
0.169156,0.0805
0.16916,0.0805
0.169164,0.09659999999999999
0.169168,0.0805
0.169172,0.0805
0.169176,0.0805
0.16918,0.0805
0.169184,0.0805
0.169188,0.0805
0.169192,0.0805
0.169196,0.0805
0.1692,0.0805
0.169204,0.0805
0.169208,0.0805
0.169212,0.0805
0.169216,0.0805
0.16922,0.0805
0.169224,0.0805
0.169228,0.0805
0.169232,0.0805
0.169236,0.0805
0.16924,0.0805
0.169244,0.0805
0.169248,0.0805
0.169252,0.0644
0.169256,0.0805
0.16926,0.0805
0.169264,0.0805
0.169268,0.0805
0.169272,0.0805
0.169276,0.0805
0.16928,0.0805
0.169284,0.0805
0.169288,0.0805
0.169292,0.0805
0.169296,0.0805
0.1693,0.09659999999999999
0.169304,0.0805
0.169308,0.09659999999999999
0.169312,0.0805
0.169316,0.0805
0.16932,0.0805
0.169324,0.0805
0.169328,0.0805
0.169332,0.0805
0.169336,0.0805
0.16934,0.0805
0.169344,0.0805
0.169348,0.0805
0.169352,0.0805
0.169356,0.0805
0.16936,0.0805
0.169364,0.0805
0.169368,0.0805
0.169372,0.0805
0.169376,0.0805
0.16938,0.0805
0.169384,0.0805
0.169388,0.0805
0.169392,0.0805
0.169396,0.0805
0.1694,0.0805
0.169404,0.0805
0.169408,0.0805
0.169412,0.0805
0.169416,0.0805
0.16942,0.0805
0.169424,0.0805
0.169428,0.0805
0.169432,0.0805
0.169436,0.0805
0.16944,0.0805
0.169444,0.0805
0.169448,0.0805
0.169452,0.0805
0.169456,0.0805
0.16946,0.0805
0.169464,0.0805
0.169468,0.0805
0.169472,0.0805
0.169476,0.09659999999999999
0.16948,0.0805
0.169484,0.0805
0.169488,0.0805
0.169492,0.0805
0.169496,0.0805
0.1695,0.0805
0.169504,0.0805
0.169508,0.0805
0.169512,0.09659999999999999
0.169516,0.09659999999999999
0.16952,0.0805
0.169524,0.0644
0.169528,0.0805
0.169532,0.0805
0.169536,0.0805
0.16954,0.0805
0.169544,0.0805
0.169548,0.0805
0.169552,0.0805
0.169556,0.09659999999999999
0.16956,0.0805
0.169564,0.0644
0.169568,0.0805
0.169572,0.0805
0.169576,0.0805
0.16958,0.0644
0.169584,0.0644
0.169588,0.0805
0.169592,0.09659999999999999
0.169596,0.0644
0.1696,0.0805
0.169604,0.0805
0.169608,0.0805
0.169612,0.0805
0.169616,0.0805
0.16962,0.0805
0.169624,0.0805
0.169628,0.0805
0.169632,0.0805
0.169636,0.0805
0.16964,0.0805
0.169644,0.0805
0.169648,0.0805
0.169652,0.0805
0.169656,0.0805
0.16966,0.0805
0.169664,0.0805
0.169668,0.0805
0.169672,0.0805
0.169676,0.0805
0.16968,0.0805
0.169684,0.0805
0.169688,0.0805
0.169692,0.0644
0.169696,0.0805
0.1697,0.0805
0.169704,0.0805
0.169708,0.0805
0.169712,0.09659999999999999
0.169716,0.0805
0.16972,0.0805
0.169724,0.0805
0.169728,0.0805
0.169732,0.0805
0.169736,0.0805
0.16974,0.0644
0.169744,0.0805
0.169748,0.0805
0.169752,0.0805
0.169756,0.0805
0.16976,0.0805
0.169764,0.0805
0.169768,0.0805
0.169772,0.0805
0.169776,0.0805
0.16978,0.0805
0.169784,0.0805
0.169788,0.0805
0.169792,0.0805
0.169796,0.0805
0.1698,0.0805
0.169804,0.0805
0.169808,0.0805
0.169812,0.0805
0.169816,0.0805
0.16982,0.0805
0.169824,0.0805
0.169828,0.0805
0.169832,0.0805
0.169836,0.0805
0.16984,0.0805
0.169844,0.0805
0.169848,0.0805
0.169852,0.0644
0.169856,0.0805
0.16986,0.0805
0.169864,0.0805
0.169868,0.0805
0.169872,0.0805
0.169876,0.0805
0.16988,0.0805
0.169884,0.0805
0.169888,0.0805
0.169892,0.0805
0.169896,0.0805
0.1699,0.0805
0.169904,0.0805
0.169908,0.0805
0.169912,0.0805
0.169916,0.0805
0.16992,0.0805
0.169924,0.0805
0.169928,0.0644
0.169932,0.0805
0.169936,0.0805
0.16994,0.0805
0.169944,0.0805
0.169948,0.0805
0.169952,0.0805
0.169956,0.0805
0.16996,0.0805
0.169964,0.0805
0.169968,0.0805
0.169972,0.0805
0.169976,0.0805
0.16998,0.0805
0.169984,0.0805
0.169988,0.0805
0.169992,0.0805
0.169996,0.0805
0.17,0.0805
0.170004,0.0644
0.170008,0.0644
0.170012,0.0805
0.170016,0.0805
0.17002,0.0805
0.170024,0.0644
0.170028,0.0805
0.170032,0.0805
0.170036,0.0805
0.17004,0.0805
0.170044,0.0644
0.170048,0.0805
0.170052,0.0805
0.170056,0.0805
0.17006,0.0805
0.170064,0.0644
0.170068,0.0805
0.170072,0.0644
0.170076,0.0805
0.17008,0.0805
0.170084,0.0805
0.170088,0.0805
0.170092,0.0805
0.170096,0.0805
0.1701,0.0644
0.170104,0.0805
0.170108,0.0805
0.170112,0.0805
0.170116,0.0805
0.17012,0.0805
0.170124,0.0805
0.170128,0.0805
0.170132,0.0805
0.170136,0.0644
0.17014,0.0805
0.170144,0.0805
0.170148,0.0805
0.170152,0.0805
0.170156,0.0805
0.17016,0.0644
0.170164,0.0805
0.170168,0.0805
0.170172,0.0805
0.170176,0.0805
0.17018,0.0644
0.170184,0.0805
0.170188,0.0644
0.170192,0.0644
0.170196,0.0805
0.1702,0.0805
0.170204,0.0805
0.170208,0.0805
0.170212,0.0805
0.170216,0.0805
0.17022,0.0644
0.170224,0.0644
0.170228,0.0644
0.170232,0.0644
0.170236,0.0805
0.17024,0.0805
0.170244,0.0805
0.170248,0.0644
0.170252,0.0644
0.170256,0.0805
0.17026,0.0805
0.170264,0.0805
0.170268,0.0805
0.170272,0.0805
0.170276,0.0805
0.17028,0.0805
0.170284,0.0644
0.170288,0.0644
0.170292,0.0644
0.170296,0.0805
0.1703,0.09659999999999999
0.170304,0.0805
0.170308,0.0805
0.170312,0.0805
0.170316,0.0644
0.17032,0.0644
0.170324,0.0644
0.170328,0.0805
0.170332,0.0644
0.170336,0.0644
0.17034,0.0644
0.170344,0.0805
0.170348,0.0644
0.170352,0.0805
0.170356,0.0805
0.17036,0.0805
0.170364,0.0805
0.170368,0.0644
0.170372,0.0644
0.170376,0.0644
0.17038,0.0805
0.170384,0.0805
0.170388,0.0805
0.170392,0.0644
0.170396,0.0644
0.1704,0.0805
0.170404,0.0805
0.170408,0.0644
0.170412,0.0644
0.170416,0.0644
0.17042,0.0805
0.170424,0.0805
0.170428,0.0644
0.170432,0.0644
0.170436,0.0805
0.17044,0.0805
0.170444,0.0805
0.170448,0.0805
0.170452,0.0644
0.170456,0.0805
0.17046,0.0644
0.170464,0.0644
0.170468,0.0644
0.170472,0.0644
0.170476,0.0805
0.17048,0.0805
0.170484,0.0805
0.170488,0.0805
0.170492,0.0644
0.170496,0.0644
0.1705,0.0644
0.170504,0.0644
0.170508,0.0644
0.170512,0.0644
0.170516,0.0644
0.17052,0.0805
0.170524,0.0644
0.170528,0.0644
0.170532,0.0805
0.170536,0.0644
0.17054,0.0644
0.170544,0.0644
0.170548,0.0805
0.170552,0.0644
0.170556,0.0644
0.17056,0.0805
0.170564,0.0644
0.170568,0.0644
0.170572,0.0644
0.170576,0.0644
0.17058,0.0644
0.170584,0.0805
0.170588,0.0644
0.170592,0.0805
0.170596,0.0644
0.1706,0.0644
0.170604,0.0644
0.170608,0.0805
0.170612,0.0644
0.170616,0.0644
0.17062,0.0644
0.170624,0.0644
0.170628,0.0644
0.170632,0.0644
0.170636,0.0644
0.17064,0.0805
0.170644,0.0805
0.170648,0.0644
0.170652,0.0644
0.170656,0.0644
0.17066,0.0805
0.170664,0.0805
0.170668,0.0644
0.170672,0.0644
0.170676,0.0644
0.17068,0.0644
0.170684,0.0805
0.170688,0.0805
0.170692,0.0805
0.170696,0.0805
0.1707,0.0644
0.170704,0.0644
0.170708,0.0805
0.170712,0.0644
0.170716,0.0644
0.17072,0.0644
0.170724,0.0644
0.170728,0.0644
0.170732,0.0644
0.170736,0.0644
0.17074,0.0644
0.170744,0.0644
0.170748,0.0644
0.170752,0.048299999999999996
0.170756,0.0644
0.17076,0.0644
0.170764,0.0644
0.170768,0.0644
0.170772,0.0644
0.170776,0.0644
0.17078,0.0644
0.170784,0.0644
0.170788,0.0644
0.170792,0.0644
0.170796,0.0805
0.1708,0.0644
0.170804,0.0644
0.170808,0.0805
0.170812,0.0644
0.170816,0.0644
0.17082,0.0644
0.170824,0.0644
0.170828,0.0644
0.170832,0.0644
0.170836,0.0644
0.17084,0.0805
0.170844,0.0644
0.170848,0.0644
0.170852,0.0644
0.170856,0.0805
0.17086,0.0644
0.170864,0.0805
0.170868,0.0644
0.170872,0.0644
0.170876,0.0644
0.17088,0.0644
0.170884,0.0644
0.170888,0.0644
0.170892,0.0644
0.170896,0.0644
0.1709,0.0644
0.170904,0.0644
0.170908,0.0644
0.170912,0.0644
0.170916,0.0644
0.17092,0.0644
0.170924,0.0644
0.170928,0.0644
0.170932,0.0644
0.170936,0.0644
0.17094,0.0644
0.170944,0.0644
0.170948,0.0644
0.170952,0.0644
0.170956,0.0644
0.17096,0.0644
0.170964,0.0644
0.170968,0.0644
0.170972,0.0644
0.170976,0.0805
0.17098,0.0644
0.170984,0.0644
0.170988,0.0644
0.170992,0.0805
0.170996,0.0644
0.171,0.0644
0.171004,0.0644
0.171008,0.0644
0.171012,0.0644
0.171016,0.0644
0.17102,0.0644
0.171024,0.0644
0.171028,0.0644
0.171032,0.0644
0.171036,0.0644
0.17104,0.0644
0.171044,0.0644
0.171048,0.0644
0.171052,0.0644
0.171056,0.0644
0.17106,0.0644
0.171064,0.0644
0.171068,0.0644
0.171072,0.0644
0.171076,0.0644
0.17108,0.0644
0.171084,0.0644
0.171088,0.0644
0.171092,0.0644
0.171096,0.0644
0.1711,0.0644
0.171104,0.0644
0.171108,0.0644
0.171112,0.0644
0.171116,0.0644
0.17112,0.0644
0.171124,0.0805
0.171128,0.0644
0.171132,0.0644
0.171136,0.0805
0.17114,0.0805
0.171144,0.0644
0.171148,0.0644
0.171152,0.0644
0.171156,0.0644
0.17116,0.0644
0.171164,0.0644
0.171168,0.0644
0.171172,0.0644
0.171176,0.0805
0.17118,0.0644
0.171184,0.0644
0.171188,0.0644
0.171192,0.0644
0.171196,0.0644
0.1712,0.0644
0.171204,0.0644
0.171208,0.0644
0.171212,0.0644
0.171216,0.0644
0.17122,0.0644
0.171224,0.048299999999999996
0.171228,0.0644
0.171232,0.0644
0.171236,0.0644
0.17124,0.0644
0.171244,0.0644
0.171248,0.0644
0.171252,0.0644
0.171256,0.0644
0.17126,0.0644
0.171264,0.0644
0.171268,0.0644
0.171272,0.0644
0.171276,0.0805
0.17128,0.0644
0.171284,0.0644
0.171288,0.0644
0.171292,0.0644
0.171296,0.0644
0.1713,0.0644
0.171304,0.0644
0.171308,0.0644
0.171312,0.0805
0.171316,0.0644
0.17132,0.0644
0.171324,0.0644
0.171328,0.0644
0.171332,0.0644
0.171336,0.0644
0.17134,0.0644
0.171344,0.0644
0.171348,0.0805
0.171352,0.0644
0.171356,0.0644
0.17136,0.0644
0.171364,0.0644
0.171368,0.0644
0.171372,0.0644
0.171376,0.0644
0.17138,0.0644
0.171384,0.0644
0.171388,0.0644
0.171392,0.0644
0.171396,0.0644
0.1714,0.0644
0.171404,0.0644
0.171408,0.0644
0.171412,0.0644
0.171416,0.0644
0.17142,0.0644
0.171424,0.0644
0.171428,0.0644
0.171432,0.0644
0.171436,0.0644
0.17144,0.0644
0.171444,0.0644
0.171448,0.0644
0.171452,0.0644
0.171456,0.0644
0.17146,0.0644
0.171464,0.0644
0.171468,0.0644
0.171472,0.0644
0.171476,0.0644
0.17148,0.0644
0.171484,0.0644
0.171488,0.0644
0.171492,0.0644
0.171496,0.0644
0.1715,0.0644
0.171504,0.0644
0.171508,0.0644
0.171512,0.0644
0.171516,0.0644
0.17152,0.0644
0.171524,0.048299999999999996
0.171528,0.0644
0.171532,0.0644
0.171536,0.0805
0.17154,0.0644
0.171544,0.0644
0.171548,0.0644
0.171552,0.0644
0.171556,0.0644
0.17156,0.0644
0.171564,0.0644
0.171568,0.0644
0.171572,0.048299999999999996
0.171576,0.0644
0.17158,0.0644
0.171584,0.0805
0.171588,0.0644
0.171592,0.0644
0.171596,0.0644
0.1716,0.0644
0.171604,0.0644
0.171608,0.0644
0.171612,0.0644
0.171616,0.0644
0.17162,0.0644
0.171624,0.0644
0.171628,0.0644
0.171632,0.0644
0.171636,0.0644
0.17164,0.0644
0.171644,0.0644
0.171648,0.0644
0.171652,0.0644
0.171656,0.0644
0.17166,0.0644
0.171664,0.0644
0.171668,0.0644
0.171672,0.0644
0.171676,0.0644
0.17168,0.0644
0.171684,0.0644
0.171688,0.0644
0.171692,0.0644
0.171696,0.048299999999999996
0.1717,0.0644
0.171704,0.0644
0.171708,0.048299999999999996
0.171712,0.0644
0.171716,0.0644
0.17172,0.0644
0.171724,0.0644
0.171728,0.0644
0.171732,0.0644
0.171736,0.0644
0.17174,0.0644
0.171744,0.0644
0.171748,0.048299999999999996
0.171752,0.0644
0.171756,0.0644
0.17176,0.0644
0.171764,0.0644
0.171768,0.0644
0.171772,0.0644
0.171776,0.0644
0.17178,0.0644
0.171784,0.0644
0.171788,0.0644
0.171792,0.0644
0.171796,0.0644
0.1718,0.0644
0.171804,0.0644
0.171808,0.0644
0.171812,0.0644
0.171816,0.0644
0.17182,0.0644
0.171824,0.0644
0.171828,0.0644
0.171832,0.0644
0.171836,0.0644
0.17184,0.0644
0.171844,0.0644
0.171848,0.0644
0.171852,0.0644
0.171856,0.0644
0.17186,0.0805
0.171864,0.0644
0.171868,0.0644
0.171872,0.0644
0.171876,0.0644
0.17188,0.0644
0.171884,0.0644
0.171888,0.0644
0.171892,0.0644
0.171896,0.048299999999999996
0.1719,0.0644
0.171904,0.0644
0.171908,0.048299999999999996
0.171912,0.0644
0.171916,0.0644
0.17192,0.0644
0.171924,0.0644
0.171928,0.0644
0.171932,0.0644
0.171936,0.048299999999999996
0.17194,0.0644
0.171944,0.0644
0.171948,0.0644
0.171952,0.0644
0.171956,0.0644
0.17196,0.0644
0.171964,0.0644
0.171968,0.0644
0.171972,0.0644
0.171976,0.0644
0.17198,0.0644
0.171984,0.0644
0.171988,0.0644
0.171992,0.0644
0.171996,0.0644
0.172,0.0644
0.172004,0.0644
0.172008,0.0644
0.172012,0.0644
0.172016,0.0644
0.17202,0.0644
0.172024,0.0644
0.172028,0.0644
0.172032,0.048299999999999996
0.172036,0.0644
0.17204,0.0644
0.172044,0.0644
0.172048,0.0644
0.172052,0.048299999999999996
0.172056,0.0644
0.17206,0.0644
0.172064,0.0644
0.172068,0.0644
0.172072,0.0644
0.172076,0.048299999999999996
0.17208,0.0644
0.172084,0.0644
0.172088,0.0644
0.172092,0.0644
0.172096,0.0644
0.1721,0.048299999999999996
0.172104,0.0644
0.172108,0.0644
0.172112,0.0644
0.172116,0.0644
0.17212,0.0644
0.172124,0.0644
0.172128,0.0644
0.172132,0.0644
0.172136,0.0644
0.17214,0.0644
0.172144,0.0644
0.172148,0.0644
0.172152,0.0644
0.172156,0.0644
0.17216,0.048299999999999996
0.172164,0.0644
0.172168,0.0644
0.172172,0.0644
0.172176,0.0644
0.17218,0.048299999999999996
0.172184,0.048299999999999996
0.172188,0.0644
0.172192,0.0644
0.172196,0.0644
0.1722,0.048299999999999996
0.172204,0.0644
0.172208,0.0644
0.172212,0.0644
0.172216,0.0644
0.17222,0.048299999999999996
0.172224,0.048299999999999996
0.172228,0.0644
0.172232,0.048299999999999996
0.172236,0.048299999999999996
0.17224,0.0644
0.172244,0.0644
0.172248,0.0644
0.172252,0.0644
0.172256,0.0644
0.17226,0.0644
0.172264,0.0644
0.172268,0.048299999999999996
0.172272,0.0644
0.172276,0.0644
0.17228,0.048299999999999996
0.172284,0.0644
0.172288,0.0644
0.172292,0.0644
0.172296,0.048299999999999996
0.1723,0.0644
0.172304,0.0644
0.172308,0.0644
0.172312,0.0644
0.172316,0.0644
0.17232,0.048299999999999996
0.172324,0.0644
0.172328,0.0644
0.172332,0.0644
0.172336,0.0644
0.17234,0.0644
0.172344,0.048299999999999996
0.172348,0.0644
0.172352,0.0644
0.172356,0.048299999999999996
0.17236,0.0644
0.172364,0.0644
0.172368,0.0644
0.172372,0.0644
0.172376,0.0644
0.17238,0.0644
0.172384,0.0644
0.172388,0.0644
0.172392,0.0644
0.172396,0.048299999999999996
0.1724,0.0644
0.172404,0.0644
0.172408,0.0644
0.172412,0.0644
0.172416,0.0644
0.17242,0.048299999999999996
0.172424,0.0644
0.172428,0.0644
0.172432,0.048299999999999996
0.172436,0.0644
0.17244,0.0644
0.172444,0.0644
0.172448,0.0644
0.172452,0.0644
0.172456,0.0644
0.17246,0.0644
0.172464,0.0644
0.172468,0.048299999999999996
0.172472,0.0644
0.172476,0.0644
0.17248,0.048299999999999996
0.172484,0.0644
0.172488,0.0644
0.172492,0.0644
0.172496,0.0644
0.1725,0.0644
0.172504,0.0644
0.172508,0.0644
0.172512,0.0644
0.172516,0.0644
0.17252,0.0644
0.172524,0.048299999999999996
0.172528,0.0644
0.172532,0.0644
0.172536,0.0644
0.17254,0.048299999999999996
0.172544,0.0644
0.172548,0.0644
0.172552,0.0644
0.172556,0.0644
0.17256,0.048299999999999996
0.172564,0.0644
0.172568,0.0644
0.172572,0.0644
0.172576,0.0644
0.17258,0.048299999999999996
0.172584,0.0644
0.172588,0.0644
0.172592,0.0644
0.172596,0.0644
0.1726,0.048299999999999996
0.172604,0.048299999999999996
0.172608,0.0644
0.172612,0.0644
0.172616,0.0644
0.17262,0.0644
0.172624,0.0644
0.172628,0.048299999999999996
0.172632,0.0644
0.172636,0.048299999999999996
0.17264,0.048299999999999996
0.172644,0.0644
0.172648,0.048299999999999996
0.172652,0.0644
0.172656,0.048299999999999996
0.17266,0.0644
0.172664,0.048299999999999996
0.172668,0.0644
0.172672,0.0644
0.172676,0.0644
0.17268,0.0644
0.172684,0.0644
0.172688,0.0644
0.172692,0.0644
0.172696,0.048299999999999996
0.1727,0.0644
0.172704,0.048299999999999996
0.172708,0.0644
0.172712,0.0644
0.172716,0.048299999999999996
0.17272,0.048299999999999996
0.172724,0.048299999999999996
0.172728,0.0644
0.172732,0.0644
0.172736,0.048299999999999996
0.17274,0.048299999999999996
0.172744,0.0644
0.172748,0.0644
0.172752,0.0644
0.172756,0.0644
0.17276,0.048299999999999996
0.172764,0.048299999999999996
0.172768,0.0644
0.172772,0.0644
0.172776,0.048299999999999996
0.17278,0.048299999999999996
0.172784,0.048299999999999996
0.172788,0.048299999999999996
0.172792,0.0644
0.172796,0.048299999999999996
0.1728,0.048299999999999996
0.172804,0.0644
0.172808,0.048299999999999996
0.172812,0.0644
0.172816,0.0644
0.17282,0.048299999999999996
0.172824,0.0644
0.172828,0.048299999999999996
0.172832,0.0644
0.172836,0.0644
0.17284,0.0644
0.172844,0.0644
0.172848,0.0644
0.172852,0.0644
0.172856,0.0644
0.17286,0.048299999999999996
0.172864,0.0644
0.172868,0.048299999999999996
0.172872,0.0644
0.172876,0.0644
0.17288,0.048299999999999996
0.172884,0.048299999999999996
0.172888,0.048299999999999996
0.172892,0.048299999999999996
0.172896,0.0644
0.1729,0.048299999999999996
0.172904,0.048299999999999996
0.172908,0.048299999999999996
0.172912,0.0644
0.172916,0.0644
0.17292,0.048299999999999996
0.172924,0.0644
0.172928,0.0644
0.172932,0.048299999999999996
0.172936,0.0644
0.17294,0.048299999999999996
0.172944,0.048299999999999996
0.172948,0.048299999999999996
0.172952,0.0644
0.172956,0.0644
0.17296,0.048299999999999996
0.172964,0.048299999999999996
0.172968,0.048299999999999996
0.172972,0.0644
0.172976,0.048299999999999996
0.17298,0.048299999999999996
0.172984,0.0644
0.172988,0.0644
0.172992,0.048299999999999996
0.172996,0.0644
0.173,0.0644
0.173004,0.0644
0.173008,0.048299999999999996
0.173012,0.048299999999999996
0.173016,0.048299999999999996
0.17302,0.048299999999999996
0.173024,0.048299999999999996
0.173028,0.0644
0.173032,0.0644
0.173036,0.0644
0.17304,0.0644
0.173044,0.048299999999999996
0.173048,0.0644
0.173052,0.048299999999999996
0.173056,0.048299999999999996
0.17306,0.0644
0.173064,0.048299999999999996
0.173068,0.048299999999999996
0.173072,0.048299999999999996
0.173076,0.048299999999999996
0.17308,0.048299999999999996
0.173084,0.048299999999999996
0.173088,0.048299999999999996
0.173092,0.048299999999999996
0.173096,0.0644
0.1731,0.048299999999999996
0.173104,0.048299999999999996
0.173108,0.0644
0.173112,0.0644
0.173116,0.048299999999999996
0.17312,0.048299999999999996
0.173124,0.0644
0.173128,0.048299999999999996
0.173132,0.0644
0.173136,0.048299999999999996
0.17314,0.048299999999999996
0.173144,0.048299999999999996
0.173148,0.048299999999999996
0.173152,0.0644
0.173156,0.048299999999999996
0.17316,0.048299999999999996
0.173164,0.0644
0.173168,0.0644
0.173172,0.048299999999999996
0.173176,0.0644
0.17318,0.048299999999999996
0.173184,0.048299999999999996
0.173188,0.0644
0.173192,0.0644
0.173196,0.048299999999999996
0.1732,0.048299999999999996
0.173204,0.048299999999999996
0.173208,0.048299999999999996
0.173212,0.048299999999999996
0.173216,0.048299999999999996
0.17322,0.048299999999999996
0.173224,0.048299999999999996
0.173228,0.0644
0.173232,0.048299999999999996
0.173236,0.048299999999999996
0.17324,0.048299999999999996
0.173244,0.048299999999999996
0.173248,0.048299999999999996
0.173252,0.048299999999999996
0.173256,0.048299999999999996
0.17326,0.048299999999999996
0.173264,0.048299999999999996
0.173268,0.0644
0.173272,0.048299999999999996
0.173276,0.048299999999999996
0.17328,0.048299999999999996
0.173284,0.048299999999999996
0.173288,0.048299999999999996
0.173292,0.0644
0.173296,0.0644
0.1733,0.048299999999999996
0.173304,0.0644
0.173308,0.048299999999999996
0.173312,0.048299999999999996
0.173316,0.0644
0.17332,0.048299999999999996
0.173324,0.048299999999999996
0.173328,0.048299999999999996
0.173332,0.048299999999999996
0.173336,0.0644
0.17334,0.048299999999999996
0.173344,0.048299999999999996
0.173348,0.048299999999999996
0.173352,0.048299999999999996
0.173356,0.048299999999999996
0.17336,0.048299999999999996
0.173364,0.0644
0.173368,0.048299999999999996
0.173372,0.048299999999999996
0.173376,0.0644
0.17338,0.0644
0.173384,0.048299999999999996
0.173388,0.048299999999999996
0.173392,0.048299999999999996
0.173396,0.048299999999999996
0.1734,0.048299999999999996
0.173404,0.0644
0.173408,0.048299999999999996
0.173412,0.048299999999999996
0.173416,0.048299999999999996
0.17342,0.048299999999999996
0.173424,0.048299999999999996
0.173428,0.0644
0.173432,0.0644
0.173436,0.048299999999999996
0.17344,0.048299999999999996
0.173444,0.048299999999999996
0.173448,0.048299999999999996
0.173452,0.048299999999999996
0.173456,0.0644
0.17346,0.048299999999999996
0.173464,0.0644
0.173468,0.048299999999999996
0.173472,0.048299999999999996
0.173476,0.048299999999999996
0.17348,0.048299999999999996
0.173484,0.048299999999999996
0.173488,0.048299999999999996
0.173492,0.048299999999999996
0.173496,0.0644
0.1735,0.048299999999999996
0.173504,0.048299999999999996
0.173508,0.048299999999999996
0.173512,0.048299999999999996
0.173516,0.048299999999999996
0.17352,0.048299999999999996
0.173524,0.048299999999999996
0.173528,0.0644
0.173532,0.048299999999999996
0.173536,0.048299999999999996
0.17354,0.048299999999999996
0.173544,0.0644
0.173548,0.048299999999999996
0.173552,0.048299999999999996
0.173556,0.048299999999999996
0.17356,0.048299999999999996
0.173564,0.048299999999999996
0.173568,0.048299999999999996
0.173572,0.048299999999999996
0.173576,0.048299999999999996
0.17358,0.048299999999999996
0.173584,0.048299999999999996
0.173588,0.0322
0.173592,0.048299999999999996
0.173596,0.048299999999999996
0.1736,0.0644
0.173604,0.048299999999999996
0.173608,0.048299999999999996
0.173612,0.048299999999999996
0.173616,0.0644
0.17362,0.048299999999999996
0.173624,0.048299999999999996
0.173628,0.0644
0.173632,0.048299999999999996
0.173636,0.048299999999999996
0.17364,0.048299999999999996
0.173644,0.048299999999999996
0.173648,0.048299999999999996
0.173652,0.048299999999999996
0.173656,0.0644
0.17366,0.048299999999999996
0.173664,0.048299999999999996
0.173668,0.048299999999999996
0.173672,0.048299999999999996
0.173676,0.048299999999999996
0.17368,0.048299999999999996
0.173684,0.048299999999999996
0.173688,0.048299999999999996
0.173692,0.048299999999999996
0.173696,0.048299999999999996
0.1737,0.048299999999999996
0.173704,0.048299999999999996
0.173708,0.048299999999999996
0.173712,0.048299999999999996
0.173716,0.048299999999999996
0.17372,0.048299999999999996
0.173724,0.0644
0.173728,0.048299999999999996
0.173732,0.048299999999999996
0.173736,0.048299999999999996
0.17374,0.048299999999999996
0.173744,0.048299999999999996
0.173748,0.048299999999999996
0.173752,0.048299999999999996
0.173756,0.048299999999999996
0.17376,0.048299999999999996
0.173764,0.048299999999999996
0.173768,0.048299999999999996
0.173772,0.048299999999999996
0.173776,0.048299999999999996
0.17378,0.048299999999999996
0.173784,0.048299999999999996
0.173788,0.0644
0.173792,0.048299999999999996
0.173796,0.048299999999999996
0.1738,0.048299999999999996
0.173804,0.048299999999999996
0.173808,0.0322
0.173812,0.048299999999999996
0.173816,0.048299999999999996
0.17382,0.048299999999999996
0.173824,0.048299999999999996
0.173828,0.048299999999999996
0.173832,0.048299999999999996
0.173836,0.048299999999999996
0.17384,0.048299999999999996
0.173844,0.048299999999999996
0.173848,0.048299999999999996
0.173852,0.048299999999999996
0.173856,0.048299999999999996
0.17386,0.048299999999999996
0.173864,0.048299999999999996
0.173868,0.048299999999999996
0.173872,0.048299999999999996
0.173876,0.048299999999999996
0.17388,0.0644
0.173884,0.048299999999999996
0.173888,0.048299999999999996
0.173892,0.048299999999999996
0.173896,0.048299999999999996
0.1739,0.048299999999999996
0.173904,0.048299999999999996
0.173908,0.048299999999999996
0.173912,0.048299999999999996
0.173916,0.048299999999999996
0.17392,0.0644
0.173924,0.048299999999999996
0.173928,0.048299999999999996
0.173932,0.048299999999999996
0.173936,0.048299999999999996
0.17394,0.048299999999999996
0.173944,0.048299999999999996
0.173948,0.048299999999999996
0.173952,0.048299999999999996
0.173956,0.048299999999999996
0.17396,0.0644
0.173964,0.048299999999999996
0.173968,0.048299999999999996
0.173972,0.048299999999999996
0.173976,0.048299999999999996
0.17398,0.048299999999999996
0.173984,0.048299999999999996
0.173988,0.048299999999999996
0.173992,0.048299999999999996
0.173996,0.048299999999999996
0.174,0.048299999999999996
0.174004,0.048299999999999996
0.174008,0.048299999999999996
0.174012,0.048299999999999996
0.174016,0.048299999999999996
0.17402,0.048299999999999996
0.174024,0.048299999999999996
0.174028,0.048299999999999996
0.174032,0.048299999999999996
0.174036,0.048299999999999996
0.17404,0.048299999999999996
0.174044,0.048299999999999996
0.174048,0.048299999999999996
0.174052,0.048299999999999996
0.174056,0.048299999999999996
0.17406,0.048299999999999996
0.174064,0.0322
0.174068,0.048299999999999996
0.174072,0.048299999999999996
0.174076,0.048299999999999996
0.17408,0.048299999999999996
0.174084,0.048299999999999996
0.174088,0.048299999999999996
0.174092,0.048299999999999996
0.174096,0.048299999999999996
0.1741,0.048299999999999996
0.174104,0.048299999999999996
0.174108,0.048299999999999996
0.174112,0.048299999999999996
0.174116,0.048299999999999996
0.17412,0.048299999999999996
0.174124,0.048299999999999996
0.174128,0.048299999999999996
0.174132,0.048299999999999996
0.174136,0.048299999999999996
0.17414,0.048299999999999996
0.174144,0.0322
0.174148,0.048299999999999996
0.174152,0.048299999999999996
0.174156,0.048299999999999996
0.17416,0.048299999999999996
0.174164,0.0322
0.174168,0.048299999999999996
0.174172,0.0644
0.174176,0.048299999999999996
0.17418,0.048299999999999996
0.174184,0.048299999999999996
0.174188,0.048299999999999996
0.174192,0.048299999999999996
0.174196,0.048299999999999996
0.1742,0.048299999999999996
0.174204,0.048299999999999996
0.174208,0.048299999999999996
0.174212,0.048299999999999996
0.174216,0.048299999999999996
0.17422,0.048299999999999996
0.174224,0.048299999999999996
0.174228,0.048299999999999996
0.174232,0.048299999999999996
0.174236,0.048299999999999996
0.17424,0.048299999999999996
0.174244,0.048299999999999996
0.174248,0.048299999999999996
0.174252,0.0322
0.174256,0.048299999999999996
0.17426,0.048299999999999996
0.174264,0.048299999999999996
0.174268,0.0644
0.174272,0.048299999999999996
0.174276,0.048299999999999996
0.17428,0.048299999999999996
0.174284,0.048299999999999996
0.174288,0.048299999999999996
0.174292,0.048299999999999996
0.174296,0.048299999999999996
0.1743,0.048299999999999996
0.174304,0.048299999999999996
0.174308,0.048299999999999996
0.174312,0.048299999999999996
0.174316,0.048299999999999996
0.17432,0.048299999999999996
0.174324,0.048299999999999996
0.174328,0.048299999999999996
0.174332,0.048299999999999996
0.174336,0.048299999999999996
0.17434,0.0322
0.174344,0.048299999999999996
0.174348,0.048299999999999996
0.174352,0.0644
0.174356,0.048299999999999996
0.17436,0.0322
0.174364,0.048299999999999996
0.174368,0.048299999999999996
0.174372,0.048299999999999996
0.174376,0.048299999999999996
0.17438,0.048299999999999996
0.174384,0.048299999999999996
0.174388,0.048299999999999996
0.174392,0.048299999999999996
0.174396,0.048299999999999996
0.1744,0.048299999999999996
0.174404,0.048299999999999996
0.174408,0.048299999999999996
0.174412,0.0322
0.174416,0.048299999999999996
0.17442,0.048299999999999996
0.174424,0.048299999999999996
0.174428,0.0644
0.174432,0.048299999999999996
0.174436,0.048299999999999996
0.17444,0.048299999999999996
0.174444,0.048299999999999996
0.174448,0.048299999999999996
0.174452,0.048299999999999996
0.174456,0.048299999999999996
0.17446,0.048299999999999996
0.174464,0.0644
0.174468,0.048299999999999996
0.174472,0.0322
0.174476,0.048299999999999996
0.17448,0.048299999999999996
0.174484,0.048299999999999996
0.174488,0.048299999999999996
0.174492,0.048299999999999996
0.174496,0.048299999999999996
0.1745,0.048299999999999996
0.174504,0.048299999999999996
0.174508,0.048299999999999996
0.174512,0.048299999999999996
0.174516,0.048299999999999996
0.17452,0.048299999999999996
0.174524,0.0644
0.174528,0.048299999999999996
0.174532,0.048299999999999996
0.174536,0.048299999999999996
0.17454,0.048299999999999996
0.174544,0.048299999999999996
0.174548,0.048299999999999996
0.174552,0.048299999999999996
0.174556,0.048299999999999996
0.17456,0.048299999999999996
0.174564,0.048299999999999996
0.174568,0.048299999999999996
0.174572,0.048299999999999996
0.174576,0.048299999999999996
0.17458,0.048299999999999996
0.174584,0.048299999999999996
0.174588,0.048299999999999996
0.174592,0.048299999999999996
0.174596,0.048299999999999996
0.1746,0.048299999999999996
0.174604,0.048299999999999996
0.174608,0.048299999999999996
0.174612,0.048299999999999996
0.174616,0.0644
0.17462,0.0322
0.174624,0.048299999999999996
0.174628,0.048299999999999996
0.174632,0.048299999999999996
0.174636,0.048299999999999996
0.17464,0.048299999999999996
0.174644,0.048299999999999996
0.174648,0.0322
0.174652,0.0644
0.174656,0.048299999999999996
0.17466,0.048299999999999996
0.174664,0.048299999999999996
0.174668,0.048299999999999996
0.174672,0.048299999999999996
0.174676,0.048299999999999996
0.17468,0.048299999999999996
0.174684,0.048299999999999996
0.174688,0.048299999999999996
0.174692,0.048299999999999996
0.174696,0.048299999999999996
0.1747,0.048299999999999996
0.174704,0.048299999999999996
0.174708,0.0322
0.174712,0.048299999999999996
0.174716,0.048299999999999996
0.17472,0.048299999999999996
0.174724,0.048299999999999996
0.174728,0.048299999999999996
0.174732,0.0322
0.174736,0.048299999999999996
0.17474,0.048299999999999996
0.174744,0.048299999999999996
0.174748,0.048299999999999996
0.174752,0.048299999999999996
0.174756,0.048299999999999996
0.17476,0.048299999999999996
0.174764,0.048299999999999996
0.174768,0.048299999999999996
0.174772,0.048299999999999996
0.174776,0.048299999999999996
0.17478,0.048299999999999996
0.174784,0.0322
0.174788,0.048299999999999996
0.174792,0.048299999999999996
0.174796,0.048299999999999996
0.1748,0.0322
0.174804,0.0322
0.174808,0.048299999999999996
0.174812,0.0644
0.174816,0.0322
0.17482,0.048299999999999996
0.174824,0.048299999999999996
0.174828,0.048299999999999996
0.174832,0.048299999999999996
0.174836,0.048299999999999996
0.17484,0.048299999999999996
0.174844,0.0322
0.174848,0.048299999999999996
0.174852,0.048299999999999996
0.174856,0.048299999999999996
0.17486,0.0322
0.174864,0.048299999999999996
0.174868,0.048299999999999996
0.174872,0.048299999999999996
0.174876,0.048299999999999996
0.17488,0.048299999999999996
0.174884,0.048299999999999996
0.174888,0.048299999999999996
0.174892,0.048299999999999996
0.174896,0.048299999999999996
0.1749,0.0322
0.174904,0.048299999999999996
0.174908,0.048299999999999996
0.174912,0.048299999999999996
0.174916,0.048299999999999996
0.17492,0.048299999999999996
0.174924,0.048299999999999996
0.174928,0.048299999999999996
0.174932,0.048299999999999996
0.174936,0.048299999999999996
0.17494,0.048299999999999996
0.174944,0.0322
0.174948,0.0322
0.174952,0.048299999999999996
0.174956,0.048299999999999996
0.17496,0.048299999999999996
0.174964,0.048299999999999996
0.174968,0.048299999999999996
0.174972,0.048299999999999996
0.174976,0.048299999999999996
0.17498,0.048299999999999996
0.174984,0.048299999999999996
0.174988,0.048299999999999996
0.174992,0.048299999999999996
0.174996,0.048299999999999996
0.175,0.0322
0.175004,0.048299999999999996
0.175008,0.048299999999999996
0.175012,0.048299999999999996
0.175016,0.048299999999999996
0.17502,0.048299999999999996
0.175024,0.048299999999999996
0.175028,0.048299999999999996
0.175032,0.048299999999999996
0.175036,0.048299999999999996
0.17504,0.0322
0.175044,0.048299999999999996
0.175048,0.048299999999999996
0.175052,0.048299999999999996
0.175056,0.048299999999999996
0.17506,0.0322
0.175064,0.048299999999999996
0.175068,0.048299999999999996
0.175072,0.0322
0.175076,0.0322
0.17508,0.0322
0.175084,0.048299999999999996
0.175088,0.048299999999999996
0.175092,0.0322
0.175096,0.048299999999999996
0.1751,0.048299999999999996
0.175104,0.048299999999999996
0.175108,0.048299999999999996
0.175112,0.048299999999999996
0.175116,0.048299999999999996
0.17512,0.0322
0.175124,0.048299999999999996
0.175128,0.048299999999999996
0.175132,0.048299999999999996
0.175136,0.048299999999999996
0.17514,0.048299999999999996
0.175144,0.048299999999999996
0.175148,0.048299999999999996
0.175152,0.048299999999999996
0.175156,0.0322
0.17516,0.048299999999999996
0.175164,0.048299999999999996
0.175168,0.048299999999999996
0.175172,0.048299999999999996
0.175176,0.0322
0.17518,0.048299999999999996
0.175184,0.048299999999999996
0.175188,0.0322
0.175192,0.048299999999999996
0.175196,0.0322
0.1752,0.048299999999999996
0.175204,0.048299999999999996
0.175208,0.048299999999999996
0.175212,0.048299999999999996
0.175216,0.048299999999999996
0.17522,0.048299999999999996
0.175224,0.048299999999999996
0.175228,0.048299999999999996
0.175232,0.048299999999999996
0.175236,0.048299999999999996
0.17524,0.048299999999999996
0.175244,0.048299999999999996
0.175248,0.0322
0.175252,0.0322
0.175256,0.048299999999999996
0.17526,0.0322
0.175264,0.048299999999999996
0.175268,0.0322
0.175272,0.0322
0.175276,0.0322
0.17528,0.048299999999999996
0.175284,0.048299999999999996
0.175288,0.0322
0.175292,0.048299999999999996
0.175296,0.048299999999999996
0.1753,0.048299999999999996
0.175304,0.048299999999999996
0.175308,0.048299999999999996
0.175312,0.048299999999999996
0.175316,0.048299999999999996
0.17532,0.0322
0.175324,0.048299999999999996
0.175328,0.048299999999999996
0.175332,0.048299999999999996
0.175336,0.0322
0.17534,0.048299999999999996
0.175344,0.048299999999999996
0.175348,0.048299999999999996
0.175352,0.0322
0.175356,0.0322
0.17536,0.0322
0.175364,0.048299999999999996
0.175368,0.048299999999999996
0.175372,0.048299999999999996
0.175376,0.0322
0.17538,0.048299999999999996
0.175384,0.048299999999999996
0.175388,0.0322
0.175392,0.048299999999999996
0.175396,0.0322
0.1754,0.0322
0.175404,0.048299999999999996
0.175408,0.048299999999999996
0.175412,0.048299999999999996
0.175416,0.048299999999999996
0.17542,0.0322
0.175424,0.0322
0.175428,0.0322
0.175432,0.048299999999999996
0.175436,0.048299999999999996
0.17544,0.0322
0.175444,0.0322
0.175448,0.0322
0.175452,0.048299999999999996
0.175456,0.048299999999999996
0.17546,0.048299999999999996
0.175464,0.048299999999999996
0.175468,0.048299999999999996
0.175472,0.048299999999999996
0.175476,0.0322
0.17548,0.048299999999999996
0.175484,0.0322
0.175488,0.0322
0.175492,0.048299999999999996
0.175496,0.0322
0.1755,0.048299999999999996
0.175504,0.0322
0.175508,0.0322
0.175512,0.048299999999999996
0.175516,0.048299999999999996
0.17552,0.0322
0.175524,0.048299999999999996
0.175528,0.048299999999999996
0.175532,0.048299999999999996
0.175536,0.048299999999999996
0.17554,0.0322
0.175544,0.048299999999999996
0.175548,0.048299999999999996
0.175552,0.048299999999999996
0.175556,0.048299999999999996
0.17556,0.048299999999999996
0.175564,0.048299999999999996
0.175568,0.048299999999999996
0.175572,0.0322
0.175576,0.048299999999999996
0.17558,0.048299999999999996
0.175584,0.0322
0.175588,0.048299999999999996
0.175592,0.0322
0.175596,0.048299999999999996
0.1756,0.048299999999999996
0.175604,0.0322
0.175608,0.0322
0.175612,0.048299999999999996
0.175616,0.0322
0.17562,0.048299999999999996
0.175624,0.0322
0.175628,0.048299999999999996
0.175632,0.048299999999999996
0.175636,0.0322
0.17564,0.048299999999999996
0.175644,0.0322
0.175648,0.0322
0.175652,0.048299999999999996
0.175656,0.0322
0.17566,0.0322
0.175664,0.0322
0.175668,0.048299999999999996
0.175672,0.0322
0.175676,0.0322
0.17568,0.048299999999999996
0.175684,0.048299999999999996
0.175688,0.048299999999999996
0.175692,0.048299999999999996
0.175696,0.048299999999999996
0.1757,0.048299999999999996
0.175704,0.048299999999999996
0.175708,0.048299999999999996
0.175712,0.048299999999999996
0.175716,0.0322
0.17572,0.048299999999999996
0.175724,0.048299999999999996
0.175728,0.048299999999999996
0.175732,0.0322
0.175736,0.048299999999999996
0.17574,0.048299999999999996
0.175744,0.048299999999999996
0.175748,0.048299999999999996
0.175752,0.0322
0.175756,0.0322
0.17576,0.048299999999999996
0.175764,0.048299999999999996
0.175768,0.048299999999999996
0.175772,0.048299999999999996
0.175776,0.0322
0.17578,0.048299999999999996
0.175784,0.048299999999999996
0.175788,0.048299999999999996
0.175792,0.048299999999999996
0.175796,0.048299999999999996
0.1758,0.0322
0.175804,0.048299999999999996
0.175808,0.048299999999999996
0.175812,0.0322
0.175816,0.0322
0.17582,0.0322
0.175824,0.048299999999999996
0.175828,0.048299999999999996
0.175832,0.048299999999999996
0.175836,0.0322
0.17584,0.048299999999999996
0.175844,0.048299999999999996
0.175848,0.048299999999999996
0.175852,0.048299999999999996
0.175856,0.048299999999999996
0.17586,0.048299999999999996
0.175864,0.048299999999999996
0.175868,0.0322
0.175872,0.0322
0.175876,0.048299999999999996
0.17588,0.048299999999999996
0.175884,0.048299999999999996
0.175888,0.0322
0.175892,0.048299999999999996
0.175896,0.048299999999999996
0.1759,0.048299999999999996
0.175904,0.048299999999999996
0.175908,0.048299999999999996
0.175912,0.048299999999999996
0.175916,0.048299999999999996
0.17592,0.0322
0.175924,0.048299999999999996
0.175928,0.0322
0.175932,0.048299999999999996
0.175936,0.048299999999999996
0.17594,0.048299999999999996
0.175944,0.0322
0.175948,0.048299999999999996
0.175952,0.048299999999999996
0.175956,0.048299999999999996
0.17596,0.048299999999999996
0.175964,0.048299999999999996
0.175968,0.048299999999999996
0.175972,0.0322
0.175976,0.048299999999999996
0.17598,0.0322
0.175984,0.0322
0.175988,0.0322
0.175992,0.048299999999999996
0.175996,0.048299999999999996
0.176,0.048299999999999996
0.176004,0.048299999999999996
0.176008,0.048299999999999996
0.176012,0.0322
0.176016,0.048299999999999996
0.17602,0.048299999999999996
0.176024,0.048299999999999996
0.176028,0.048299999999999996
0.176032,0.048299999999999996
0.176036,0.048299999999999996
0.17604,0.048299999999999996
0.176044,0.048299999999999996
0.176048,0.0322
0.176052,0.048299999999999996
0.176056,0.048299999999999996
0.17606,0.048299999999999996
0.176064,0.0322
0.176068,0.048299999999999996
0.176072,0.048299999999999996
0.176076,0.048299999999999996
0.17608,0.0322
0.176084,0.0322
0.176088,0.048299999999999996
0.176092,0.0322
0.176096,0.0322
0.1761,0.048299999999999996
0.176104,0.0322
0.176108,0.048299999999999996
0.176112,0.0322
0.176116,0.048299999999999996
0.17612,0.0322
0.176124,0.048299999999999996
0.176128,0.0322
0.176132,0.048299999999999996
0.176136,0.048299999999999996
0.17614,0.048299999999999996
0.176144,0.0322
0.176148,0.0322
0.176152,0.048299999999999996
0.176156,0.048299999999999996
0.17616,0.0322
0.176164,0.0322
0.176168,0.0322
0.176172,0.048299999999999996
0.176176,0.048299999999999996
0.17618,0.048299999999999996
0.176184,0.048299999999999996
0.176188,0.0322
0.176192,0.048299999999999996
0.176196,0.0322
0.1762,0.048299999999999996
0.176204,0.048299999999999996
0.176208,0.048299999999999996
0.176212,0.048299999999999996
0.176216,0.0322
0.17622,0.048299999999999996
0.176224,0.048299999999999996
0.176228,0.0322
0.176232,0.048299999999999996
0.176236,0.048299999999999996
0.17624,0.048299999999999996
0.176244,0.048299999999999996
0.176248,0.0322
0.176252,0.0322
0.176256,0.0322
0.17626,0.048299999999999996
0.176264,0.0322
0.176268,0.048299999999999996
0.176272,0.0322
0.176276,0.0322
0.17628,0.0322
0.176284,0.0322
0.176288,0.048299999999999996
0.176292,0.048299999999999996
0.176296,0.048299999999999996
0.1763,0.0322
0.176304,0.048299999999999996
0.176308,0.048299999999999996
0.176312,0.0322
0.176316,0.048299999999999996
0.17632,0.0322
0.176324,0.0322
0.176328,0.0322
0.176332,0.048299999999999996
0.176336,0.048299999999999996
0.17634,0.0322
0.176344,0.0322
0.176348,0.048299999999999996
0.176352,0.048299999999999996
0.176356,0.048299999999999996
0.17636,0.0322
0.176364,0.0322
0.176368,0.0322
0.176372,0.048299999999999996
0.176376,0.048299999999999996
0.17638,0.0322
0.176384,0.0322
0.176388,0.048299999999999996
0.176392,0.048299999999999996
0.176396,0.048299999999999996
0.1764,0.048299999999999996
0.176404,0.0322
0.176408,0.048299999999999996
0.176412,0.0322
0.176416,0.0322
0.17642,0.0322
0.176424,0.0322
0.176428,0.048299999999999996
0.176432,0.0322
0.176436,0.0322
0.17644,0.048299999999999996
0.176444,0.048299999999999996
0.176448,0.0322
0.176452,0.048299999999999996
0.176456,0.048299999999999996
0.17646,0.0322
0.176464,0.048299999999999996
0.176468,0.048299999999999996
0.176472,0.048299999999999996
0.176476,0.048299999999999996
0.17648,0.0322
0.176484,0.0322
0.176488,0.0322
0.176492,0.048299999999999996
0.176496,0.048299999999999996
0.1765,0.0322
0.176504,0.0322
0.176508,0.0322
0.176512,0.0322
0.176516,0.048299999999999996
0.17652,0.0322
0.176524,0.048299999999999996
0.176528,0.048299999999999996
0.176532,0.048299999999999996
0.176536,0.0322
0.17654,0.048299999999999996
0.176544,0.048299999999999996
0.176548,0.048299999999999996
0.176552,0.048299999999999996
0.176556,0.0322
0.17656,0.048299999999999996
0.176564,0.0322
0.176568,0.0322
0.176572,0.0322
0.176576,0.048299999999999996
0.17658,0.0322
0.176584,0.0322
0.176588,0.0322
0.176592,0.0322
0.176596,0.0322
0.1766,0.048299999999999996
0.176604,0.0322
0.176608,0.048299999999999996
0.176612,0.0322
0.176616,0.048299999999999996
0.17662,0.0322
0.176624,0.048299999999999996
0.176628,0.048299999999999996
0.176632,0.0322
0.176636,0.048299999999999996
0.17664,0.048299999999999996
0.176644,0.0322
0.176648,0.0322
0.176652,0.0322
0.176656,0.048299999999999996
0.17666,0.048299999999999996
0.176664,0.0322
0.176668,0.0322
0.176672,0.0322
0.176676,0.0322
0.17668,0.048299999999999996
0.176684,0.0322
0.176688,0.0322
0.176692,0.048299999999999996
0.176696,0.048299999999999996
0.1767,0.048299999999999996
0.176704,0.0322
0.176708,0.0322
0.176712,0.048299999999999996
0.176716,0.048299999999999996
0.17672,0.0322
0.176724,0.048299999999999996
0.176728,0.0322
0.176732,0.0322
0.176736,0.048299999999999996
0.17674,0.048299999999999996
0.176744,0.0322
0.176748,0.0322
0.176752,0.0322
0.176756,0.0322
0.17676,0.048299999999999996
0.176764,0.0322
0.176768,0.0322
0.176772,0.0322
0.176776,0.048299999999999996
0.17678,0.0322
0.176784,0.048299999999999996
0.176788,0.048299999999999996
0.176792,0.048299999999999996
0.176796,0.048299999999999996
0.1768,0.0322
0.176804,0.048299999999999996
0.176808,0.0322
0.176812,0.0322
0.176816,0.048299999999999996
0.17682,0.048299999999999996
0.176824,0.0322
0.176828,0.0322
0.176832,0.048299999999999996
0.176836,0.0322
0.17684,0.0322
0.176844,0.0322
0.176848,0.0322
0.176852,0.0322
0.176856,0.048299999999999996
0.17686,0.0322
0.176864,0.0322
0.176868,0.048299999999999996
0.176872,0.048299999999999996
0.176876,0.048299999999999996
0.17688,0.0322
0.176884,0.048299999999999996
0.176888,0.048299999999999996
0.176892,0.048299999999999996
0.176896,0.0322
0.1769,0.048299999999999996
0.176904,0.048299999999999996
0.176908,0.048299999999999996
0.176912,0.0322
0.176916,0.0322
0.17692,0.0322
0.176924,0.0322
0.176928,0.0322
0.176932,0.0322
0.176936,0.0322
0.17694,0.0322
0.176944,0.048299999999999996
0.176948,0.0322
0.176952,0.0322
0.176956,0.0322
0.17696,0.048299999999999996
0.176964,0.048299999999999996
0.176968,0.0322
0.176972,0.0322
0.176976,0.0322
0.17698,0.0322
0.176984,0.048299999999999996
0.176988,0.048299999999999996
0.176992,0.0322
0.176996,0.048299999999999996
0.177,0.0322
0.177004,0.0322
0.177008,0.0322
0.177012,0.048299999999999996
0.177016,0.0322
0.17702,0.0322
0.177024,0.048299999999999996
0.177028,0.048299999999999996
0.177032,0.048299999999999996
0.177036,0.0322
0.17704,0.0322
0.177044,0.0322
0.177048,0.0322
0.177052,0.0322
0.177056,0.0322
0.17706,0.048299999999999996
0.177064,0.048299999999999996
0.177068,0.0322
0.177072,0.048299999999999996
0.177076,0.0322
0.17708,0.0322
0.177084,0.0322
0.177088,0.048299999999999996
0.177092,0.0322
0.177096,0.0322
0.1771,0.0322
0.177104,0.0322
0.177108,0.048299999999999996
0.177112,0.048299999999999996
0.177116,0.0322
0.17712,0.0322
0.177124,0.048299999999999996
0.177128,0.048299999999999996
0.177132,0.048299999999999996
0.177136,0.048299999999999996
0.17714,0.0322
0.177144,0.048299999999999996
0.177148,0.048299999999999996
0.177152,0.048299999999999996
0.177156,0.0322
0.17716,0.0322
0.177164,0.0322
0.177168,0.0322
0.177172,0.0322
0.177176,0.0322
0.17718,0.0322
0.177184,0.0322
0.177188,0.0322
0.177192,0.0322
0.177196,0.0322
0.1772,0.048299999999999996
0.177204,0.048299999999999996
0.177208,0.048299999999999996
0.177212,0.048299999999999996
0.177216,0.0322
0.17722,0.0322
0.177224,0.0322
0.177228,0.048299999999999996
0.177232,0.0322
0.177236,0.0322
0.17724,0.0322
0.177244,0.048299999999999996
0.177248,0.0322
0.177252,0.0322
0.177256,0.0322
0.17726,0.048299999999999996
0.177264,0.0322
0.177268,0.048299999999999996
0.177272,0.0322
0.177276,0.048299999999999996
0.17728,0.0322
0.177284,0.0322
0.177288,0.0322
0.177292,0.0322
0.177296,0.048299999999999996
0.1773,0.048299999999999996
0.177304,0.0322
0.177308,0.0322
0.177312,0.0322
0.177316,0.0322
0.17732,0.0322
0.177324,0.0322
0.177328,0.0161
0.177332,0.0322
0.177336,0.0322
0.17734,0.048299999999999996
0.177344,0.0322
0.177348,0.0322
0.177352,0.048299999999999996
0.177356,0.0322
0.17736,0.048299999999999996
0.177364,0.0322
0.177368,0.048299999999999996
0.177372,0.0322
0.177376,0.048299999999999996
0.17738,0.048299999999999996
0.177384,0.0322
0.177388,0.0322
0.177392,0.0322
0.177396,0.048299999999999996
0.1774,0.0322
0.177404,0.048299999999999996
0.177408,0.0322
0.177412,0.048299999999999996
0.177416,0.048299999999999996
0.17742,0.048299999999999996
0.177424,0.0322
0.177428,0.0322
0.177432,0.0322
0.177436,0.0322
0.17744,0.0322
0.177444,0.048299999999999996
0.177448,0.0322
0.177452,0.0322
0.177456,0.0322
0.17746,0.0322
0.177464,0.0322
0.177468,0.0322
0.177472,0.0322
0.177476,0.0322
0.17748,0.0322
0.177484,0.0322
0.177488,0.0322
0.177492,0.048299999999999996
0.177496,0.0322
0.1775,0.0322
0.177504,0.0161
0.177508,0.0322
0.177512,0.0322
0.177516,0.048299999999999996
0.17752,0.0322
0.177524,0.0322
0.177528,0.0322
0.177532,0.048299999999999996
0.177536,0.048299999999999996
0.17754,0.0322
0.177544,0.0322
0.177548,0.048299999999999996
0.177552,0.048299999999999996
0.177556,0.0322
0.17756,0.0322
0.177564,0.048299999999999996
0.177568,0.0322
0.177572,0.0322
0.177576,0.0322
0.17758,0.0322
0.177584,0.048299999999999996
0.177588,0.0322
0.177592,0.0322
0.177596,0.0322
0.1776,0.048299999999999996
0.177604,0.0322
0.177608,0.0322
0.177612,0.0322
0.177616,0.0322
0.17762,0.0322
0.177624,0.0322
0.177628,0.0322
0.177632,0.0322
0.177636,0.048299999999999996
0.17764,0.0322
0.177644,0.0322
0.177648,0.0322
0.177652,0.0322
0.177656,0.048299999999999996
0.17766,0.048299999999999996
0.177664,0.0322
0.177668,0.0322
0.177672,0.0322
0.177676,0.0322
0.17768,0.0322
0.177684,0.0322
0.177688,0.0322
0.177692,0.0322
0.177696,0.0322
0.1777,0.0322
0.177704,0.0322
0.177708,0.0322
0.177712,0.048299999999999996
0.177716,0.0322
0.17772,0.0322
0.177724,0.0322
0.177728,0.0322
0.177732,0.048299999999999996
0.177736,0.048299999999999996
0.17774,0.0322
0.177744,0.0322
0.177748,0.0322
0.177752,0.0322
0.177756,0.0322
0.17776,0.0322
0.177764,0.0322
0.177768,0.0322
0.177772,0.0322
0.177776,0.0322
0.17778,0.0322
0.177784,0.0322
0.177788,0.0322
0.177792,0.0322
0.177796,0.0322
0.1778,0.0322
0.177804,0.0322
0.177808,0.0322
0.177812,0.048299999999999996
0.177816,0.048299999999999996
0.17782,0.0322
0.177824,0.0322
0.177828,0.0322
0.177832,0.0322
0.177836,0.0322
0.17784,0.0161
0.177844,0.0322
0.177848,0.0322
0.177852,0.0322
0.177856,0.0322
0.17786,0.0322
0.177864,0.0322
0.177868,0.048299999999999996
0.177872,0.0322
0.177876,0.0322
0.17788,0.0322
0.177884,0.0322
0.177888,0.0322
0.177892,0.048299999999999996
0.177896,0.048299999999999996
0.1779,0.0322
0.177904,0.0322
0.177908,0.0322
0.177912,0.0322
0.177916,0.0322
0.17792,0.0322
0.177924,0.0322
0.177928,0.0322
0.177932,0.0322
0.177936,0.0322
0.17794,0.0322
0.177944,0.0322
0.177948,0.0322
0.177952,0.0322
0.177956,0.0322
0.17796,0.0322
0.177964,0.0322
0.177968,0.0322
0.177972,0.048299999999999996
0.177976,0.0322
0.17798,0.0322
0.177984,0.0322
0.177988,0.048299999999999996
0.177992,0.0322
0.177996,0.0322
0.178,0.0322
0.178004,0.048299999999999996
0.178008,0.0322
0.178012,0.0322
0.178016,0.0322
0.17802,0.0322
0.178024,0.0322
0.178028,0.0322
0.178032,0.0322
0.178036,0.048299999999999996
0.17804,0.0322
0.178044,0.0322
0.178048,0.0322
0.178052,0.0322
0.178056,0.0322
0.17806,0.0322
0.178064,0.0322
0.178068,0.0322
0.178072,0.048299999999999996
0.178076,0.048299999999999996
0.17808,0.0322
0.178084,0.0322
0.178088,0.0322
0.178092,0.0322
0.178096,0.048299999999999996
0.1781,0.0322
0.178104,0.0322
0.178108,0.0322
0.178112,0.048299999999999996
0.178116,0.0322
0.17812,0.0161
0.178124,0.0322
0.178128,0.0322
0.178132,0.0322
0.178136,0.0322
0.17814,0.0322
0.178144,0.0322
0.178148,0.0322
0.178152,0.0322
0.178156,0.0322
0.17816,0.0322
0.178164,0.0322
0.178168,0.0322
0.178172,0.0322
0.178176,0.048299999999999996
0.17818,0.0322
0.178184,0.0322
0.178188,0.0322
0.178192,0.0322
0.178196,0.0322
0.1782,0.0322
0.178204,0.048299999999999996
0.178208,0.0322
0.178212,0.0322
0.178216,0.0322
0.17822,0.0322
0.178224,0.0322
0.178228,0.0322
0.178232,0.0322
0.178236,0.0322
0.17824,0.0322
0.178244,0.0322
0.178248,0.0322
0.178252,0.0161
0.178256,0.0322
0.17826,0.0322
0.178264,0.0322
0.178268,0.0322
0.178272,0.0322
0.178276,0.048299999999999996
0.17828,0.0322
0.178284,0.048299999999999996
0.178288,0.0322
0.178292,0.0322
0.178296,0.0322
0.1783,0.0322
0.178304,0.0322
0.178308,0.0322
0.178312,0.0322
0.178316,0.0322
0.17832,0.0322
0.178324,0.0322
0.178328,0.0322
0.178332,0.048299999999999996
0.178336,0.0322
0.17834,0.0322
0.178344,0.0322
0.178348,0.0322
0.178352,0.0322
0.178356,0.0322
0.17836,0.048299999999999996
0.178364,0.0322
0.178368,0.0322
0.178372,0.0322
0.178376,0.048299999999999996
0.17838,0.0322
0.178384,0.048299999999999996
0.178388,0.0322
0.178392,0.0322
0.178396,0.0322
0.1784,0.0322
0.178404,0.0322
0.178408,0.0322
0.178412,0.0322
0.178416,0.0322
0.17842,0.0322
0.178424,0.0322
0.178428,0.0322
0.178432,0.0322
0.178436,0.048299999999999996
0.17844,0.0322
0.178444,0.0322
0.178448,0.0322
0.178452,0.0322
0.178456,0.0322
0.17846,0.0322
0.178464,0.0322
0.178468,0.0322
0.178472,0.0322
0.178476,0.0322
0.17848,0.048299999999999996
0.178484,0.048299999999999996
0.178488,0.0322
0.178492,0.0322
0.178496,0.0322
0.1785,0.0322
0.178504,0.0161
0.178508,0.0322
0.178512,0.0322
0.178516,0.0322
0.17852,0.0322
0.178524,0.0322
0.178528,0.0322
0.178532,0.0322
0.178536,0.0322
0.17854,0.0322
0.178544,0.0322
0.178548,0.0322
0.178552,0.0322
0.178556,0.0322
0.17856,0.0322
0.178564,0.0161
0.178568,0.0322
0.178572,0.0322
0.178576,0.048299999999999996
0.17858,0.0322
0.178584,0.048299999999999996
0.178588,0.0322
0.178592,0.0322
0.178596,0.0322
0.1786,0.0322
0.178604,0.0322
0.178608,0.0322
0.178612,0.0322
0.178616,0.0322
0.17862,0.0322
0.178624,0.0322
0.178628,0.0322
0.178632,0.0322
0.178636,0.0322
0.17864,0.0322
0.178644,0.0322
0.178648,0.0322
0.178652,0.0322
0.178656,0.0322
0.17866,0.0322
0.178664,0.048299999999999996
0.178668,0.0322
0.178672,0.0322
0.178676,0.0322
0.17868,0.0322
0.178684,0.0322
0.178688,0.0322
0.178692,0.0322
0.178696,0.0322
0.1787,0.0322
0.178704,0.0322
0.178708,0.0322
0.178712,0.048299999999999996
0.178716,0.0322
0.17872,0.048299999999999996
0.178724,0.0322
0.178728,0.0322
0.178732,0.0322
0.178736,0.0322
0.17874,0.048299999999999996
0.178744,0.0322
0.178748,0.0322
0.178752,0.048299999999999996
0.178756,0.048299999999999996
0.17876,0.0322
0.178764,0.0322
0.178768,0.0161
0.178772,0.0322
0.178776,0.0322
0.17878,0.0322
0.178784,0.0322
0.178788,0.0161
0.178792,0.0322
0.178796,0.048299999999999996
0.1788,0.0322
0.178804,0.048299999999999996
0.178808,0.0322
0.178812,0.0322
0.178816,0.0322
0.17882,0.0322
0.178824,0.0322
0.178828,0.0322
0.178832,0.048299999999999996
0.178836,0.048299999999999996
0.17884,0.048299999999999996
0.178844,0.0322
0.178848,0.0322
0.178852,0.0322
0.178856,0.0322
0.17886,0.048299999999999996
0.178864,0.0322
0.178868,0.0322
0.178872,0.0322
0.178876,0.048299999999999996
0.17888,0.0322
0.178884,0.0322
0.178888,0.0322
0.178892,0.0322
0.178896,0.048299999999999996
0.1789,0.0322
0.178904,0.048299999999999996
0.178908,0.0322
0.178912,0.048299999999999996
0.178916,0.0322
0.17892,0.0322
0.178924,0.0322
0.178928,0.0322
0.178932,0.0322
0.178936,0.0322
0.17894,0.0322
0.178944,0.0322
0.178948,0.0322
0.178952,0.0322
0.178956,0.0322
0.17896,0.048299999999999996
0.178964,0.0322
0.178968,0.0322
0.178972,0.0322
0.178976,0.0322
0.17898,0.0322
0.178984,0.048299999999999996
0.178988,0.0322
0.178992,0.0322
0.178996,0.0322
0.179,0.048299999999999996
0.179004,0.0322
0.179008,0.0322
0.179012,0.0322
0.179016,0.0322
0.17902,0.0322
0.179024,0.0322
0.179028,0.0322
0.179032,0.0322
0.179036,0.0322
0.17904,0.0322
0.179044,0.0322
0.179048,0.0322
0.179052,0.0322
0.179056,0.048299999999999996
0.17906,0.048299999999999996
0.179064,0.0322
0.179068,0.0322
0.179072,0.048299999999999996
0.179076,0.048299999999999996
0.17908,0.0322
0.179084,0.0322
0.179088,0.0322
0.179092,0.0322
0.179096,0.0322
0.1791,0.0161
0.179104,0.0322
0.179108,0.0322
0.179112,0.0322
0.179116,0.0322
0.17912,0.0322
0.179124,0.0322
0.179128,0.0322
0.179132,0.048299999999999996
0.179136,0.048299999999999996
0.17914,0.0322
0.179144,0.0322
0.179148,0.0322
0.179152,0.0322
0.179156,0.0322
0.17916,0.048299999999999996
0.179164,0.0322
0.179168,0.0322
0.179172,0.048299999999999996
0.179176,0.0322
0.17918,0.0322
0.179184,0.0322
0.179188,0.0322
0.179192,0.0322
0.179196,0.0322
0.1792,0.0322
0.179204,0.048299999999999996
0.179208,0.0322
0.179212,0.0322
0.179216,0.048299999999999996
0.17922,0.048299999999999996
0.179224,0.0322
0.179228,0.0322
0.179232,0.0322
0.179236,0.0322
0.17924,0.0322
0.179244,0.0322
0.179248,0.0322
0.179252,0.0322
0.179256,0.0322
0.17926,0.0322
0.179264,0.0322
0.179268,0.0322
0.179272,0.0322
0.179276,0.0322
0.17928,0.0322
0.179284,0.0322
0.179288,0.0322
0.179292,0.0322
0.179296,0.048299999999999996
0.1793,0.0322
0.179304,0.0322
0.179308,0.0322
0.179312,0.0322
0.179316,0.0322
0.17932,0.048299999999999996
0.179324,0.0322
0.179328,0.0322
0.179332,0.0322
0.179336,0.0322
0.17934,0.0322
0.179344,0.0322
0.179348,0.0322
0.179352,0.0322
0.179356,0.0322
0.17936,0.048299999999999996
0.179364,0.0322
0.179368,0.0322
0.179372,0.0322
0.179376,0.0322
0.17938,0.0322
0.179384,0.0322
0.179388,0.0322
0.179392,0.0322
0.179396,0.0322
0.1794,0.0322
0.179404,0.048299999999999996
0.179408,0.0322
0.179412,0.048299999999999996
0.179416,0.0322
0.17942,0.0322
0.179424,0.048299999999999996
0.179428,0.048299999999999996
0.179432,0.0322
0.179436,0.0322
0.17944,0.0322
0.179444,0.048299999999999996
0.179448,0.0322
0.179452,0.0322
0.179456,0.0322
0.17946,0.0322
0.179464,0.0322
0.179468,0.0322
0.179472,0.0322
0.179476,0.0322
0.17948,0.0322
0.179484,0.0322
0.179488,0.0322
0.179492,0.0322
0.179496,0.0322
0.1795,0.048299999999999996
0.179504,0.0322
0.179508,0.0322
0.179512,0.0322
0.179516,0.0322
0.17952,0.0322
0.179524,0.048299999999999996
0.179528,0.0322
0.179532,0.0322
0.179536,0.0322
0.17954,0.0322
0.179544,0.0322
0.179548,0.0322
0.179552,0.0322
0.179556,0.048299999999999996
0.17956,0.0322
0.179564,0.0322
0.179568,0.0322
0.179572,0.048299999999999996
0.179576,0.0322
0.17958,0.0322
0.179584,0.0322
0.179588,0.0322
0.179592,0.0322
0.179596,0.0322
0.1796,0.0322
0.179604,0.0322
0.179608,0.0322
0.179612,0.0322
0.179616,0.0322
0.17962,0.0322
0.179624,0.0322
0.179628,0.048299999999999996
0.179632,0.0322
0.179636,0.0322
0.17964,0.0322
0.179644,0.048299999999999996
0.179648,0.048299999999999996
0.179652,0.0322
0.179656,0.0322
0.17966,0.0322
0.179664,0.0322
0.179668,0.0322
0.179672,0.0322
0.179676,0.0322
0.17968,0.0322
0.179684,0.0322
0.179688,0.0322
0.179692,0.0322
0.179696,0.0322
0.1797,0.0322
0.179704,0.0322
0.179708,0.0322
0.179712,0.0322
0.179716,0.0322
0.17972,0.0322
0.179724,0.0322
0.179728,0.0322
0.179732,0.0322
0.179736,0.0322
0.17974,0.0322
0.179744,0.0322
0.179748,0.0322
0.179752,0.0322
0.179756,0.0322
0.17976,0.0322
0.179764,0.0322
0.179768,0.0322
0.179772,0.0322
0.179776,0.0322
0.17978,0.0322
0.179784,0.0322
0.179788,0.0322
0.179792,0.0322
0.179796,0.0322
0.1798,0.0322
0.179804,0.0322
0.179808,0.0322
0.179812,0.048299999999999996
0.179816,0.0322
0.17982,0.0322
0.179824,0.048299999999999996
0.179828,0.0322
0.179832,0.0322
0.179836,0.0322
0.17984,0.0322
0.179844,0.0322
0.179848,0.0322
0.179852,0.0322
0.179856,0.0322
0.17986,0.0322
0.179864,0.0322
0.179868,0.0322
0.179872,0.0322
0.179876,0.0322
0.17988,0.0322
0.179884,0.0322
0.179888,0.0322
0.179892,0.0322
0.179896,0.0322
0.1799,0.0322
0.179904,0.048299999999999996
0.179908,0.0322
0.179912,0.0322
0.179916,0.0322
0.17992,0.0322
0.179924,0.0322
0.179928,0.0322
0.179932,0.0322
0.179936,0.0322
0.17994,0.0322
0.179944,0.0322
0.179948,0.0322
0.179952,0.0322
0.179956,0.0322
0.17996,0.0322
0.179964,0.0322
0.179968,0.0322
0.179972,0.0322
0.179976,0.0322
0.17998,0.0322
0.179984,0.0322
0.179988,0.0322
0.179992,0.0322
0.179996,0.0322
