shot,t_end,t_peak,t_hi,t_lo,ipk,ip_end_frac,t_after_lo,flat_before,quench_duration_s,is_fast,n_bridge,flipped,d_ms,logd,bin,lo_rel_end
11766,0.3458,0.2722,0.273,0.27460000000000007,671405.875,0.001739595274325962,0.07119999999999993,0.0008000000000000229,0.0015999999999999,True,0,False,1.5999999999999,0.20411998265589762,"(11000, 14000]",71.19999999999993
11798,0.38339999999999996,0.30879999999999996,0.31000000000000005,0.31200000000000006,673342.6875,-0.0015901537265733839,0.07139999999999991,0.0012000000000000899,0.0019999999999999,True,3,False,1.9999999999998999,0.30102999566395944,"(11000, 14000]",71.3999999999999
11823,0.4112,0.3378,0.33840000000000003,0.33940000000000003,716543.3125,0.00042939299697940014,0.07179999999999997,0.0006000000000000449,0.0009999999999999,True,1,False,0.9999999999999001,-4.339473599490009e-14,"(11000, 14000]",71.79999999999997
11851,0.34640000000000004,0.27160000000000006,0.2724,0.27480000000000004,1070638.75,-0.001329699155206413,0.0716,0.0007999999999999119,0.0023999999999999,True,1,False,2.3999999999999,0.38021124171158793,"(11000, 14000]",71.6
11889,0.4616,0.09179999999999999,0.35860000000000003,0.3952,564055.875,0.002277298648189109,0.06640000000000001,0.26680000000000004,0.0365999999999985,False,0,False,36.5999999999985,1.5634810853943928,"(11000, 14000]",66.40000000000002
11914,0.44700000000000006,0.2552,0.32100000000000006,0.3792,786529.1875,0.004297424195140724,0.06780000000000008,0.06580000000000008,0.0581999999999976,False,7,False,58.1999999999976,1.7649229846498706,"(11000, 14000]",67.80000000000008
11936,0.4952000000000001,0.2772,0.362,0.43500000000000005,573212.6875,-0.0007585760904029623,0.06020000000000003,0.08479999999999999,0.072999999999997,False,0,False,72.999999999997,1.8633228601204381,"(11000, 14000]",60.20000000000003
11957,0.4024000000000001,0.3278,0.3286,0.33120000000000005,932905.125,0.0027145721087360034,0.07120000000000004,0.0008000000000000229,0.0025999999999999,True,0,False,2.5999999999999,0.41497334797080127,"(11000, 14000]",71.20000000000005
12023,0.5664,0.3418,0.4476,0.49860000000000004,588646.8125,-0.0010085996760154036,0.06779999999999997,0.1058,0.0509999999999943,False,5,False,50.9999999999943,1.7075701760978879,"(11000, 14000]",67.79999999999997
12058,0.3076,0.1136,0.1872,0.24800000000000003,459271.5,0.0073291071813254794,0.05959999999999996,0.0736,0.0608000000000017,False,2,False,60.8000000000017,1.7839035792727471,"(11000, 14000]",59.59999999999996
12094,0.2902,0.21520000000000003,0.21620000000000003,0.21880000000000002,842499.1875,0.003225610781839033,0.07139999999999999,0.0010000000000000009,0.0026,True,4,False,2.6,0.414973347970818,"(11000, 14000]",71.39999999999999
12121,0.38439999999999996,0.3104,0.31100000000000005,0.31300000000000006,830022.75,-0.003532558600238668,0.07139999999999991,0.0006000000000000449,0.0019999999999999,True,0,False,1.9999999999998999,0.30102999566395944,"(11000, 14000]",71.3999999999999
12151,0.34140000000000004,0.2662,0.267,0.27060000000000006,1147860.75,-0.00261258458465563,0.07079999999999997,0.0008000000000000229,0.0035999999999999,True,7,False,3.5999999999999,0.5563025007672753,"(11000, 14000]",70.79999999999997
12177,0.39660000000000006,0.3214,0.3228,0.3238,1045965.9375,-0.0017954598719081734,0.07280000000000009,0.0013999999999999568,0.0009999999999999,True,2,False,0.9999999999999001,-4.339473599490009e-14,"(11000, 14000]",72.80000000000008
12201,0.4610000000000001,0.30280000000000007,0.38280000000000003,0.3912,700826.6875,-0.013322144854019276,0.06980000000000008,0.07999999999999996,0.0083999999999996,True,1,False,8.3999999999996,0.924279286061861,"(11000, 14000]",69.80000000000008
12231,0.19760000000000003,0.12460000000000002,0.1252,0.1262,791224.875,7.416914570300855e-06,0.07140000000000002,0.0005999999999999894,0.001,True,2,False,1.0,0.0,"(11000, 14000]",71.40000000000002
12256,0.4830000000000001,0.2296,0.3528,0.4094000000000001,634652.6875,0.004106136333007138,0.0736,0.1232,0.0565999999999976,False,4,False,56.5999999999976,1.752816431188253,"(11000, 14000]",73.6
12283,0.2292,0.1524,0.1554,0.157,1149664.875,-0.0035420378431067793,0.07219999999999999,0.0030000000000000027,0.0016,True,2,False,1.6,0.2041199826559248,"(11000, 14000]",72.19999999999999
12315,0.4716,0.1802,0.3748,0.40480000000000005,539370.6875,0.008596092772931788,0.06679999999999997,0.19460000000000002,0.0299999999999987,False,3,False,29.9999999999987,1.4771212547196435,"(11000, 14000]",66.79999999999997
12357,0.40080000000000005,0.32600000000000007,0.3268,0.3294,1096104.75,-0.00017798139998441784,0.07140000000000002,0.0007999999999999119,0.0025999999999999,True,0,False,2.5999999999999,0.41497334797080127,"(11000, 14000]",71.40000000000002
12384,0.39360000000000006,0.3186,0.3196,0.3224,1080861.125,0.00288282872603083,0.07120000000000004,0.0010000000000000009,0.0027999999999999,True,0,False,2.7999999999999,0.4471580313422037,"(11000, 14000]",71.20000000000005
12410,0.47220000000000006,0.3972,0.39780000000000004,0.4012,1140286.0,-0.004186410319976743,0.07100000000000006,0.0006000000000000449,0.0033999999999998,True,0,False,3.3999999999998,0.5314789170422296,"(11000, 14000]",71.00000000000006
12435,0.4858,0.4114000000000001,0.4122,0.41400000000000003,786961.375,0.004104981536180857,0.07179999999999997,0.0007999999999999119,0.0017999999999999,True,1,False,1.7999999999999,0.2552725051032819,"(11000, 14000]",71.79999999999997
12460,0.3106,0.23500000000000001,0.2366,0.23800000000000002,1162760.625,0.0011212908475290754,0.07259999999999997,0.0015999999999999903,0.0014,True,0,False,1.4,0.146128035678238,"(11000, 14000]",72.59999999999997
12481,0.4768,0.4022,0.4032,0.40460000000000007,846876.6875,-0.0005148514807272155,0.07219999999999993,0.0010000000000000009,0.0013999999999999,True,1,False,1.3999999999999,0.146128035678207,"(11000, 14000]",72.19999999999993
12507,0.27560000000000007,0.19860000000000003,0.2014,0.2034,1013426.0625,0.0003379229255832798,0.07220000000000007,0.002799999999999969,0.002,True,3,False,2.0,0.3010299956639812,"(11000, 14000]",72.20000000000007
12535,0.5354000000000001,0.4546,0.45720000000000005,0.46320000000000006,952835.875,0.002624122088198689,0.07220000000000004,0.0026000000000000467,0.0059999999999997,True,5,False,5.9999999999997,0.7781512503836219,"(11000, 14000]",72.20000000000005
12556,0.4474,0.372,0.3728,0.37640000000000007,1156715.375,0.0015579126571543152,0.07099999999999995,0.0008000000000000229,0.0035999999999998,True,4,False,3.5999999999998,0.5563025007672631,"(11000, 14000]",70.99999999999996
12617,0.33940000000000003,0.26460000000000006,0.2652,0.26639999999999997,1029468.125,0.002145353691438965,0.07300000000000006,0.0005999999999999339,0.0012,True,3,False,1.2,0.07918124604762482,"(11000, 14000]",73.00000000000007
12654,0.2932,0.2174,0.21880000000000002,0.22120000000000004,1301434.375,0.0008785480871166189,0.07199999999999998,0.0014000000000000123,0.0024,True,3,False,2.4,0.38021124171160603,"(11000, 14000]",71.99999999999999
12679,0.372,0.2976,0.2982,0.2992,978648.8125,0.0016415376701860173,0.07279999999999998,0.0006000000000000449,0.0009999999999999,True,0,False,0.9999999999999001,-4.339473599490009e-14,"(11000, 14000]",72.79999999999998
12701,0.5176000000000001,0.44300000000000006,0.4436,0.4454,973685.1875,-0.0010471805668122777,0.07220000000000004,0.0005999999999999339,0.0017999999999999,True,4,False,1.7999999999999,0.2552725051032819,"(11000, 14000]",72.20000000000005
12724,0.38360000000000005,0.30879999999999996,0.3096,0.31079999999999997,948834.25,0.0019310210103295833,0.07280000000000009,0.0008000000000000229,0.0011999999999999,True,0,False,1.1999999999999,0.07918124604758865,"(11000, 14000]",72.80000000000008
12747,0.5042000000000001,0.4294,0.4304,0.43220000000000003,916346.75,0.00296515229198513,0.07200000000000006,0.0010000000000000009,0.0017999999999999,True,4,False,1.7999999999999,0.2552725051032819,"(11000, 14000]",72.00000000000006
12774,0.36960000000000004,0.2944,0.2952,0.29800000000000004,1135387.125,0.0013152212540020766,0.0716,0.0008000000000000229,0.0027999999999999,True,2,False,2.7999999999999,0.4471580313422037,"(11000, 14000]",71.6
12795,0.4718,0.39760000000000006,0.3982,0.4,753582.0,0.006283831519620625,0.07179999999999997,0.0005999999999999339,0.0017999999999999,True,3,False,1.7999999999999,0.2552725051032819,"(11000, 14000]",71.79999999999997
12821,0.4082,0.3336,0.33420000000000005,0.33520000000000005,1076392.375,-0.0056543038143676465,0.07299999999999995,0.0006000000000000449,0.0009999999999999,True,1,False,0.9999999999999001,-4.339473599490009e-14,"(11000, 14000]",72.99999999999996
12843,0.48040000000000005,0.40580000000000005,0.4066000000000001,0.4084000000000001,857120.3125,-0.00010024037355051526,0.07199999999999995,0.0008000000000000229,0.0017999999999999,True,0,False,1.7999999999999,0.2552725051032819,"(11000, 14000]",71.99999999999996
12868,0.5164000000000001,0.11699999999999999,0.3964,0.44800000000000006,737679.625,0.006534186477590119,0.06840000000000002,0.2794,0.0515999999999979,False,3,False,51.5999999999979,1.7126497016271938,"(11000, 14000]",68.40000000000002
12891,0.4358000000000001,0.36240000000000006,0.363,0.36540000000000006,792751.0,0.001611626359604876,0.07040000000000002,0.0005999999999999339,0.0023999999999999,True,1,False,2.3999999999999,0.38021124171158793,"(11000, 14000]",70.40000000000002
12916,0.38239999999999996,0.30700000000000005,0.30800000000000005,0.31100000000000005,1140894.0,0.0019263620479586623,0.07139999999999991,0.0010000000000000009,0.0029999999999999,True,3,False,2.9999999999999,0.47712125471964795,"(11000, 14000]",71.3999999999999
12942,0.3022,0.22740000000000002,0.2286,0.2306,1060449.125,-0.0013689268177704895,0.07160000000000002,0.0011999999999999789,0.002,True,5,False,2.0,0.3010299956639812,"(11000, 14000]",71.60000000000002
12965,0.39060000000000006,0.31579999999999997,0.3166,0.3198,1064241.625,-0.00017696406070496443,0.07080000000000009,0.0008000000000000229,0.0031999999999999,True,5,False,3.1999999999999,0.5051499783198924,"(11000, 14000]",70.80000000000008
12988,0.4776,0.11400000000000002,0.3356,0.4066000000000001,820330.4375,0.007865878594692824,0.07099999999999995,0.2216,0.0709999999999971,False,5,False,70.99999999999709,1.8512583487190575,"(11000, 14000]",70.99999999999996
13016,0.48760000000000003,0.4134000000000001,0.4144000000000001,0.41580000000000006,752084.1875,0.007126026143225156,0.07179999999999997,0.0010000000000000009,0.0013999999999999,True,3,False,1.3999999999999,0.146128035678207,"(11000, 14000]",71.79999999999997
13040,0.5196000000000001,0.3006,0.405,0.4524,637877.5,0.005809207862452038,0.06720000000000004,0.10440000000000005,0.047399999999998,False,6,False,47.399999999998,1.6757783416740668,"(11000, 14000]",67.20000000000003
13060,0.47120000000000006,0.3964,0.3974,0.3992,867401.0625,0.004096326782081847,0.07200000000000006,0.0010000000000000009,0.0017999999999999,True,4,False,1.7999999999999,0.2552725051032819,"(11000, 14000]",72.00000000000006
13083,0.6016,0.3186,0.5074000000000001,0.5296000000000001,539840.25,0.003332243700726164,0.07199999999999995,0.18880000000000008,0.0221999999999975,False,4,False,22.199999999997498,1.3463529744505898,"(11000, 14000]",71.99999999999996
13109,0.38060000000000005,0.30500000000000005,0.3062,0.30879999999999996,1071570.5,0.004178379511806503,0.07180000000000009,0.0011999999999999789,0.0025999999999999,True,2,False,2.5999999999999,0.41497334797080127,"(11000, 14000]",71.80000000000008
13140,0.4266000000000001,0.35220000000000007,0.353,0.3548,1105811.375,-0.002221598769006265,0.07180000000000009,0.0007999999999999119,0.0017999999999999,True,2,False,1.7999999999999,0.2552725051032819,"(11000, 14000]",71.80000000000008
13224,0.44420000000000004,0.369,0.3698,0.37260000000000004,1076749.875,0.003945193693573682,0.0716,0.0008000000000000229,0.0027999999999998,True,0,False,2.7999999999998,0.4471580313421882,"(11000, 14000]",71.6
13259,0.4650000000000001,0.28680000000000005,0.372,0.39360000000000006,763046.9375,0.007680791835299123,0.07140000000000002,0.08519999999999994,0.0215999999999991,False,2,False,21.5999999999991,1.3344537511509127,"(11000, 14000]",71.40000000000002
13281,0.49760000000000004,0.42300000000000004,0.4236000000000001,0.4254,831223.5625,0.00473758459338594,0.07220000000000004,0.0006000000000000449,0.0017999999999999,True,2,False,1.7999999999999,0.2552725051032819,"(11000, 14000]",72.20000000000005
13316,0.5182000000000001,0.44320000000000004,0.44420000000000004,0.44600000000000006,1063453.5,0.0021214114777350396,0.07220000000000004,0.0010000000000000009,0.0017999999999999,True,3,False,1.7999999999999,0.2552725051032819,"(11000, 14000]",72.20000000000005
13341,0.32400000000000007,0.24860000000000002,0.24960000000000002,0.2528,1104917.0,0.0026837292717037794,0.07120000000000004,0.0010000000000000009,0.0032,True,0,False,3.2,0.505149978319906,"(11000, 14000]",71.20000000000005
13369,0.506,0.43100000000000005,0.43200000000000005,0.4344,1015745.8125,0.003927382101639848,0.0716,0.0010000000000000009,0.0023999999999999,True,3,False,2.3999999999999,0.38021124171158793,"(11000, 14000]",71.6
13409,0.39180000000000004,0.31700000000000006,0.31779999999999997,0.32100000000000006,1073856.0,-0.004772525712100831,0.07079999999999997,0.0007999999999999119,0.0031999999999999,True,0,False,3.1999999999999,0.5051499783198924,"(11000, 14000]",70.79999999999997
13433,0.517,0.4416000000000001,0.4428000000000001,0.4448000000000001,1205959.5,0.005486600639625543,0.07219999999999993,0.0011999999999999789,0.0019999999999999,True,2,False,1.9999999999998999,0.30102999566395944,"(11000, 14000]",72.19999999999993
13460,0.45000000000000007,0.37560000000000004,0.3762,0.3788,814007.4375,0.0010438535948189662,0.07120000000000004,0.0005999999999999339,0.0025999999999998,True,1,False,2.5999999999998,0.4149733479707845,"(11000, 14000]",71.20000000000005
13493,0.3526,0.2764,0.2774,0.28059999999999996,1055720.625,0.0029314312779836994,0.07200000000000006,0.0010000000000000009,0.0031999999999999,True,3,True,3.1999999999999,0.5051499783198924,"(11000, 14000]",72.00000000000006
13516,0.4750000000000001,0.39960000000000007,0.40060000000000007,0.40280000000000005,1009291.75,0.0032473356026175037,0.07220000000000004,0.0010000000000000009,0.0021999999999999,True,2,True,2.1999999999999,0.34242268082218646,"(11000, 14000]",72.20000000000005
13536,0.4398000000000001,0.36419999999999997,0.36519999999999997,0.36760000000000004,871013.6875,0.0044141879403409206,0.07220000000000004,0.0010000000000000009,0.0023999999999999,True,6,True,2.3999999999999,0.38021124171158793,"(11000, 14000]",72.20000000000005
13559,0.20820000000000002,0.136,0.1366,0.1376,617202.3125,-0.014905102720572681,0.07060000000000002,0.0005999999999999894,0.001,True,1,True,1.0,0.0,"(11000, 14000]",70.60000000000002
13585,0.3194,0.24400000000000002,0.24500000000000002,0.2478,966114.0625,0.0029562952440754116,0.07160000000000002,0.0010000000000000009,0.0028,True,1,True,2.8,0.4471580313422192,"(11000, 14000]",71.60000000000002
13625,0.4608000000000001,0.38639999999999997,0.3872,0.38960000000000006,799978.4375,-0.003797464414079911,0.07120000000000004,0.0008000000000000229,0.0023999999999999,True,1,True,2.3999999999999,0.38021124171158793,"(11000, 14000]",71.20000000000005
13654,0.41000000000000003,0.33520000000000005,0.33599999999999997,0.3386,946148.5,-0.0010974856477752304,0.07140000000000002,0.0007999999999999119,0.0025999999999998,True,3,True,2.5999999999998,0.4149733479707845,"(11000, 14000]",71.40000000000002
13680,0.25739999999999996,0.18240000000000003,0.1838,0.1852,824000.375,0.001674372679527376,0.07219999999999996,0.0013999999999999568,0.0014,True,2,True,1.4,0.146128035678238,"(11000, 14000]",72.19999999999996
13705,0.4346000000000001,0.1676,0.34120000000000006,0.3618,764454.4375,0.007375389738727888,0.07280000000000009,0.17360000000000006,0.0205999999999991,False,3,False,20.599999999999103,1.3138672203691344,"(11000, 14000]",72.80000000000008
13728,0.40180000000000005,0.3246,0.3268,0.3298,976019.125,0.004779073653045733,0.07200000000000006,0.0021999999999999797,0.0029999999999999,True,0,False,2.9999999999999,0.47712125471964795,"(11000, 14000]",72.00000000000006
13750,0.5146000000000001,0.4378000000000001,0.4398000000000001,0.4424,970951.5,0.007302737576394135,0.07220000000000004,0.0020000000000000018,0.0025999999999998,True,4,False,2.5999999999998,0.4149733479707845,"(11000, 14000]",72.20000000000005
13778,0.4650000000000001,0.259,0.383,0.39360000000000006,765020.125,0.006071177217600975,0.07140000000000002,0.124,0.0105999999999995,True,3,False,10.5999999999995,1.0253058652647498,"(11000, 14000]",71.40000000000002
13800,0.44700000000000006,0.37160000000000004,0.37240000000000006,0.3752,973491.625,0.001294738277915013,0.07180000000000009,0.0008000000000000229,0.0027999999999998,True,0,False,2.7999999999998,0.4471580313421882,"(11000, 14000]",71.80000000000008
13824,0.383,0.3066,0.3076,0.31079999999999997,1078817.25,0.0047676742458002035,0.07220000000000004,0.0010000000000000009,0.0031999999999999,True,2,False,3.1999999999999,0.5051499783198924,"(11000, 14000]",72.20000000000005
13860,0.3146,0.23879999999999998,0.24000000000000002,0.2428,979643.8125,0.0028916934437778117,0.0718,0.0012000000000000344,0.0028,True,2,False,2.8,0.4471580313422192,"(11000, 14000]",71.8
13890,0.4346000000000001,0.1534,0.3388,0.363,776793.5625,6.18042209137928e-05,0.07160000000000011,0.18539999999999998,0.024199999999999,False,3,False,24.199999999999,1.3838153659804133,"(11000, 14000]",71.60000000000011
13944,0.3536,0.277,0.27880000000000005,0.2814,1070025.0,0.0023074364135767856,0.07220000000000004,0.0018000000000000238,0.0025999999999999,True,1,False,2.5999999999999,0.41497334797080127,"(11000, 14000]",72.20000000000005
13975,0.4344,0.359,0.3598,0.36260000000000003,867283.5,0.005482157186959339,0.07179999999999997,0.0008000000000000229,0.0027999999999998,True,3,False,2.7999999999998,0.4471580313421882,"(11000, 14000]",71.79999999999997
14000,0.4504,0.3752,0.37640000000000007,0.3782,843496.125,0.0015929070947588082,0.07220000000000004,0.0012000000000000899,0.0017999999999999,True,1,False,1.7999999999999,0.2552725051032819,"(11000, 14000]",72.20000000000005
14026,0.2774,0.20060000000000003,0.20320000000000002,0.20560000000000003,1012992.6875,0.0011794817585831536,0.07179999999999995,0.002599999999999991,0.0024,True,3,False,2.4,0.38021124171160603,"(14000, 17000]",71.79999999999994
14048,0.4922000000000001,0.3042,0.4062,0.4202,835720.125,0.0076546242501414575,0.07200000000000006,0.10199999999999998,0.0139999999999994,True,1,False,13.9999999999994,1.1461280356782193,"(14000, 17000]",72.00000000000006
14164,0.48040000000000005,0.10980000000000001,0.35320000000000007,0.41700000000000004,633167.4375,0.004534240359777464,0.06340000000000001,0.24340000000000006,0.0637999999999974,False,2,False,63.799999999997404,1.8048206787211447,"(14000, 17000]",63.40000000000001
14192,0.4640000000000001,0.24540000000000003,0.376,0.3922,764912.625,0.004253658705258983,0.07180000000000009,0.13059999999999997,0.0161999999999993,False,5,False,16.1999999999993,1.2095150145426121,"(14000, 17000]",71.80000000000008
14218,0.36940000000000006,0.29400000000000004,0.2952,0.2974,816428.375,0.0026364300466995955,0.07200000000000006,0.0011999999999999789,0.0021999999999999,True,2,False,2.1999999999999,0.34242268082218646,"(14000, 17000]",72.00000000000006
14241,0.4446,0.3678,0.3698,0.37240000000000006,1225766.875,0.002626355887475035,0.07219999999999993,0.0020000000000000018,0.0025999999999998,True,4,False,2.5999999999998,0.4149733479707845,"(14000, 17000]",72.19999999999993
14278,0.4862000000000001,0.4112,0.4122,0.41300000000000003,837915.1875,0.005436781181911087,0.07320000000000004,0.0010000000000000009,0.0007999999999999,True,1,False,0.7999999999999,-0.0969100130081107,"(14000, 17000]",73.20000000000005
14303,0.32620000000000005,0.25060000000000004,0.2522,0.2542,699582.375,0.006271545778472478,0.07200000000000006,0.0015999999999999348,0.002,True,3,False,2.0,0.3010299956639812,"(14000, 17000]",72.00000000000006
14328,0.5116,0.43620000000000003,0.43700000000000006,0.4396000000000001,800695.6875,-0.005852461913784193,0.07199999999999995,0.0008000000000000229,0.0025999999999998,True,2,False,2.5999999999998,0.4149733479707845,"(14000, 17000]",71.99999999999996
14356,0.4658000000000001,0.25660000000000005,0.3698,0.3942,764642.25,-0.001244906066698389,0.07160000000000011,0.11319999999999997,0.024399999999999,False,1,False,24.399999999999,1.3873898263387117,"(14000, 17000]",71.60000000000011
14385,0.36360000000000003,0.15220000000000003,0.2088,0.2914,894138.1875,0.0021131493276766293,0.07220000000000004,0.056599999999999984,0.0825999999999995,False,4,False,82.5999999999995,1.9169800473203795,"(14000, 17000]",72.20000000000005
14422,0.3268,0.2426,0.2522,0.25439999999999996,900290.1875,0.008357858014079211,0.07240000000000002,0.00959999999999997,0.0022,True,0,False,2.2,0.3424226808222063,"(14000, 17000]",72.40000000000002
14448,0.4414,0.18040000000000003,0.35840000000000005,0.3688,766122.0625,0.0029080985983140906,0.0726,0.17800000000000002,0.0103999999999995,True,1,False,10.3999999999995,1.0170333392987594,"(14000, 17000]",72.6
14477,0.47040000000000004,0.1812,0.38339999999999996,0.39780000000000004,768736.75,0.0024237055511139704,0.0726,0.20219999999999996,0.0143999999999994,True,0,False,14.3999999999994,1.1583624920952316,"(14000, 17000]",72.6
14505,0.4690000000000001,0.39460000000000006,0.3954,0.3964,783229.4375,0.0036701522586253662,0.07260000000000011,0.0007999999999999119,0.0009999999999999,True,0,False,0.9999999999999001,-4.339473599490009e-14,"(14000, 17000]",72.60000000000011
14532,0.5462,0.4516,0.4546,0.4750000000000001,873306.375,0.0035884722510577975,0.07119999999999993,0.0030000000000000027,0.0203999999999977,False,3,False,20.3999999999977,1.3096301674258497,"(14000, 17000]",71.19999999999993
14557,0.4242,0.3496,0.35040000000000004,0.35120000000000007,885724.375,0.005832407809391889,0.07299999999999995,0.0008000000000000229,0.0007999999999999,True,2,False,0.7999999999999,-0.0969100130081107,"(14000, 17000]",72.99999999999996
14584,0.5146000000000001,0.2458,0.38880000000000003,0.44820000000000004,754092.8125,0.005703455196786536,0.06640000000000001,0.14300000000000004,0.0593999999999975,False,4,False,59.399999999997505,1.7737864449811753,"(14000, 17000]",66.40000000000002
14611,0.4428000000000001,0.368,0.3688,0.36960000000000004,765838.625,0.00718809067702579,0.07320000000000004,0.0008000000000000229,0.0007999999999999,True,0,False,0.7999999999999,-0.0969100130081107,"(14000, 17000]",73.20000000000005
14638,0.45200000000000007,0.37760000000000005,0.3782,0.3792,915869.4375,0.0014576674648068355,0.07280000000000009,0.0005999999999999339,0.0009999999999999,True,1,False,0.9999999999999001,-4.339473599490009e-14,"(14000, 17000]",72.80000000000008
14791,0.3814000000000001,0.30579999999999996,0.30679999999999996,0.3094,973787.75,0.008047806586959017,0.07200000000000006,0.0010000000000000009,0.0025999999999999,True,0,False,2.5999999999999,0.41497334797080127,"(14000, 17000]",72.00000000000006
14818,0.46520000000000006,0.2104,0.37440000000000007,0.39339999999999997,769872.0,0.003510377069986959,0.07180000000000009,0.16400000000000006,0.0189999999999992,False,4,False,18.9999999999992,1.2787536009528107,"(14000, 17000]",71.80000000000008
14891,0.5406000000000001,0.45220000000000005,0.45500000000000007,0.4688,870514.1875,0.003992354092340684,0.07180000000000009,0.0028000000000000247,0.0137999999999994,True,5,False,13.7999999999994,1.1398790864012176,"(14000, 17000]",71.80000000000008
14951,0.5154000000000001,0.4414,0.44220000000000004,0.4434,505920.25,0.009662291875238736,0.07200000000000006,0.0008000000000000229,0.0011999999999999,True,1,False,1.1999999999999,0.07918124604758865,"(14000, 17000]",72.00000000000006
14982,0.5308,0.3256,0.4344,0.4628000000000001,474872.5,0.008664901911170893,0.06799999999999995,0.10880000000000001,0.0283999999999988,False,3,False,28.3999999999988,1.4533183400470193,"(14000, 17000]",67.99999999999994
15009,0.27560000000000007,0.19899999999999998,0.20099999999999998,0.2038,951831.875,0.0025586622214827854,0.07180000000000006,0.0020000000000000018,0.0028,True,8,False,2.8,0.4471580313422192,"(14000, 17000]",71.80000000000005
15040,0.3688,0.2942,0.29480000000000006,0.29580000000000006,899340.6875,0.008548350476505323,0.07299999999999995,0.0006000000000000449,0.0009999999999999,True,2,False,0.9999999999999001,-4.339473599490009e-14,"(14000, 17000]",72.99999999999996
15065,0.34120000000000006,0.26539999999999997,0.2672,0.268,946921.125,0.007115954413408772,0.07320000000000004,0.0018000000000000238,0.0007999999999999,True,2,False,0.7999999999999,-0.0969100130081107,"(14000, 17000]",73.20000000000005
15089,0.2824,0.2064,0.20820000000000002,0.2104,785740.375,0.00789902331666328,0.07199999999999998,0.0018000000000000238,0.0022,True,2,False,2.2,0.3424226808222063,"(14000, 17000]",71.99999999999999
15114,0.4106000000000001,0.3348,0.33599999999999997,0.3388,833881.5625,-0.021035804039167733,0.07180000000000009,0.0011999999999999789,0.0027999999999998,True,0,False,2.7999999999998,0.4471580313421882,"(14000, 17000]",71.80000000000008
15141,0.48340000000000005,0.1776,0.38040000000000007,0.4106000000000001,759647.75,0.004931366626834609,0.07279999999999998,0.20280000000000006,0.0301999999999987,False,3,False,30.1999999999987,1.4800069429571319,"(14000, 17000]",72.79999999999998
15169,0.41800000000000004,0.25539999999999996,0.3376,0.34620000000000006,777499.875,0.014209109750258802,0.07179999999999997,0.08220000000000005,0.0085999999999996,True,2,False,8.5999999999996,0.9344984512435475,"(14000, 17000]",71.79999999999997
15198,0.4928,0.2582,0.35540000000000005,0.4264,702127.3125,0.0023903172216163254,0.06640000000000001,0.09720000000000006,0.0709999999999971,False,2,False,70.99999999999709,1.8512583487190575,"(14000, 17000]",66.40000000000002
15224,0.4146000000000001,0.1962,0.3406,0.3426,784167.0625,-0.006015594980836752,0.07200000000000006,0.1444,0.0019999999999999,True,3,False,1.9999999999998999,0.30102999566395944,"(14000, 17000]",72.00000000000006
15254,0.3822,0.3062,0.3074,0.3106,970766.875,0.001858045228176564,0.0716,0.0011999999999999789,0.0031999999999999,True,0,False,3.1999999999999,0.5051499783198924,"(14000, 17000]",71.6
15278,0.49760000000000004,0.25880000000000003,0.35860000000000003,0.43320000000000003,667920.625,0.003612187512574005,0.06440000000000001,0.0998,0.0745999999999969,False,3,False,74.59999999999691,1.8727388274726509,"(14000, 17000]",64.4
15306,0.3284,0.253,0.2542,0.2552,1045346.8125,0.0012852628372617245,0.07320000000000004,0.0011999999999999789,0.001,True,0,False,1.0,0.0,"(14000, 17000]",73.20000000000005
15331,0.2642,0.18760000000000002,0.19000000000000003,0.1924,751155.0,0.006437907237437679,0.0718,0.0024000000000000132,0.0024,True,10,False,2.4,0.38021124171160603,"(14000, 17000]",71.8
15363,0.44820000000000004,0.27560000000000007,0.35140000000000005,0.37640000000000007,726271.5625,0.0059727660032899196,0.07179999999999997,0.07579999999999998,0.0249999999999989,False,0,False,24.999999999998902,1.3979400086720186,"(14000, 17000]",71.79999999999997
15442,0.533,0.4534,0.4554,0.4610000000000001,813481.125,0.007099471586156962,0.07199999999999995,0.0020000000000000018,0.0055999999999997,True,2,False,5.599999999999699,0.7481880270061771,"(14000, 17000]",71.99999999999996
15477,0.5448000000000001,0.23040000000000002,0.406,0.4828,767279.5,0.0019734516103242037,0.062000000000000055,0.1756,0.0767999999999968,False,3,False,76.7999999999968,1.885361220031494,"(14000, 17000]",62.00000000000006
15501,0.5298,0.1766,0.37960000000000005,0.4608000000000001,729945.5625,0.005968721533086928,0.06899999999999995,0.20300000000000004,0.0811999999999966,False,4,False,81.19999999999659,1.909556029241157,"(14000, 17000]",68.99999999999994
15526,0.5456000000000001,0.2054,0.3922,0.47820000000000007,766928.0625,0.00427080015001407,0.06740000000000002,0.1868,0.0859999999999935,False,2,False,85.99999999999349,1.9344984512435348,"(14000, 17000]",67.40000000000002
15555,0.6756000000000001,0.16540000000000002,0.5692,0.6088,469586.90625,-0.02407578800476296,0.06680000000000008,0.40380000000000005,0.0395999999999956,False,0,False,39.599999999995596,1.597695185925464,"(14000, 17000]",66.80000000000008
15582,0.4882000000000001,0.4126000000000001,0.4136000000000001,0.4166000000000001,844509.625,0.007316389933092829,0.0716,0.0010000000000000009,0.0029999999999998,True,0,False,2.9999999999998,0.4771212547196335,"(14000, 17000]",71.6
15607,0.5068,0.1514,0.38839999999999997,0.43500000000000005,743258.375,0.004797086355569152,0.07179999999999997,0.23699999999999996,0.0465999999999981,False,2,False,46.599999999998104,1.6683859166899826,"(14000, 17000]",71.79999999999997
15630,0.48640000000000005,0.4114000000000001,0.4124000000000001,0.4134000000000001,984076.375,0.004210974387182346,0.07299999999999995,0.0010000000000000009,0.0009999999999999,True,0,False,0.9999999999999001,-4.339473599490009e-14,"(14000, 17000]",72.99999999999996
15656,0.4720000000000001,0.21820000000000003,0.3808,0.4002,770025.875,0.004494436657120451,0.07180000000000009,0.1626,0.0193999999999992,False,8,False,19.3999999999992,1.287801729930208,"(14000, 17000]",71.80000000000008
15683,0.5312,0.4504,0.4526,0.45920000000000005,758262.9375,0.005420519067553002,0.07199999999999995,0.0021999999999999797,0.0065999999999997,True,7,False,6.599999999999699,0.8195439355418489,"(14000, 17000]",71.99999999999996
15722,0.4286000000000001,0.352,0.3546,0.35660000000000003,847426.8125,0.0055353484987531,0.07200000000000006,0.0026000000000000467,0.0019999999999999,True,0,False,1.9999999999998999,0.30102999566395944,"(14000, 17000]",72.00000000000006
15751,0.6032000000000001,0.1456,0.4486,0.5328,734273.9375,0.004610605242440598,0.07040000000000002,0.303,0.0841999999999907,False,3,False,84.1999999999907,1.9253120914996016,"(14000, 17000]",70.40000000000002
15795,0.552,0.14500000000000002,0.4042,0.48140000000000005,728586.375,0.0032241416452896544,0.0706,0.2592,0.0771999999999915,False,5,False,77.19999999999149,1.8876173003356882,"(14000, 17000]",70.6
15826,0.5682,0.17679999999999998,0.3882,0.49740000000000006,744221.375,0.013662370453952629,0.07079999999999997,0.2114,0.1091999999999879,False,2,False,109.19999999998791,2.03822263836867,"(14000, 17000]",70.79999999999997
15851,0.4264,0.35,0.352,0.35420000000000007,819975.375,0.006717076597993873,0.07219999999999993,0.0020000000000000018,0.0021999999999999,True,1,False,2.1999999999999,0.34242268082218646,"(14000, 17000]",72.19999999999993
15877,0.5584,0.22380000000000003,0.4052,0.4920000000000001,762986.0625,0.0061550332576930265,0.0663999999999999,0.18139999999999998,0.0867999999999904,False,1,False,86.7999999999904,1.9385197251764439,"(14000, 17000]",66.3999999999999
15905,0.497,0.4214,0.42280000000000006,0.4254,980472.1875,0.004068024333221461,0.0716,0.0014000000000000679,0.0025999999999998,True,5,False,2.5999999999998,0.4149733479707845,"(14000, 17000]",71.6
15946,0.47320000000000007,0.2286,0.383,0.40160000000000007,766426.25,0.000638447119779545,0.0716,0.1544,0.0185999999999992,False,0,False,18.599999999999202,1.2695129442178976,"(14000, 17000]",71.6
15972,0.3214,0.24440000000000003,0.24700000000000003,0.24960000000000002,974520.25,0.003400830784990743,0.0718,0.002599999999999991,0.0026,True,5,False,2.6,0.414973347970818,"(14000, 17000]",71.8
15997,0.2246,0.1418,0.15020000000000003,0.15280000000000002,919136.25,-0.0011229595525486563,0.07179999999999997,0.008400000000000019,0.0026,True,9,False,2.6,0.414973347970818,"(14000, 17000]",71.79999999999997
16025,0.34199999999999997,0.26639999999999997,0.26780000000000004,0.269,1339054.5,0.002031344545489,0.07299999999999995,0.0014000000000000679,0.0011999999999999,True,4,False,1.1999999999999,0.07918124604758865,"(14000, 17000]",72.99999999999996
16049,0.502,0.4256000000000001,0.42780000000000007,0.4304,856306.5,0.006335167053575443,0.0716,0.0021999999999999797,0.0025999999999998,True,1,False,2.5999999999998,0.4149733479707845,"(14000, 17000]",71.6
16075,0.37140000000000006,0.29380000000000006,0.29680000000000006,0.2996,925821.0,0.007279579843862906,0.07180000000000009,0.0030000000000000027,0.0027999999999999,True,2,False,2.7999999999999,0.4471580313422037,"(14000, 17000]",71.80000000000008
16099,0.397,0.3218,0.3226,0.32520000000000004,898432.75,0.004700825940018883,0.07179999999999997,0.0008000000000000229,0.0025999999999999,True,0,False,2.5999999999999,0.41497334797080127,"(14000, 17000]",71.79999999999997
16131,0.371,0.2932,0.29580000000000006,0.2992,1219849.375,0.003577338361831558,0.07179999999999997,0.0026000000000000467,0.0033999999999999,True,4,False,3.3999999999999,0.5314789170422424,"(14000, 17000]",71.79999999999997
16157,0.34120000000000006,0.2642,0.2662,0.2694,945503.0,0.005138806882917082,0.07180000000000009,0.0020000000000000018,0.0031999999999999,True,4,False,3.1999999999999,0.5051499783198924,"(14000, 17000]",71.80000000000008
16186,0.5384000000000001,0.4636,0.46440000000000003,0.4666,688562.1875,0.004728645591992191,0.07180000000000009,0.0008000000000000229,0.0021999999999999,True,0,False,2.1999999999999,0.34242268082218646,"(14000, 17000]",71.80000000000008
16211,0.519,0.4434,0.4446,0.44700000000000006,1051695.5,0.003314330762133027,0.07199999999999995,0.0011999999999999789,0.0023999999999999,True,0,False,2.3999999999999,0.38021124171158793,"(14000, 17000]",71.99999999999996
16237,0.33540000000000003,0.25939999999999996,0.26039999999999996,0.26360000000000006,991499.25,0.004280817897113891,0.07179999999999997,0.0010000000000000009,0.0032,True,3,False,3.2,0.505149978319906,"(14000, 17000]",71.79999999999997
16261,0.5312,0.4508000000000001,0.45320000000000005,0.4590000000000001,761459.0625,0.004607495481023479,0.07219999999999993,0.0023999999999999577,0.0057999999999997,True,8,False,5.7999999999997005,0.7634279935629149,"(14000, 17000]",72.19999999999993
16283,0.45320000000000005,0.3758,0.379,0.3812,802479.25,0.0016378438362853306,0.07200000000000006,0.0031999999999999806,0.0021999999999999,True,3,False,2.1999999999999,0.34242268082218646,"(14000, 17000]",72.00000000000006
16310,0.48460000000000003,0.2406,0.3882,0.4126000000000001,774240.875,0.003455728691991365,0.07199999999999995,0.14759999999999998,0.024399999999999,False,1,False,24.399999999999,1.3873898263387117,"(14000, 17000]",71.99999999999996
16332,0.39680000000000004,0.32020000000000004,0.32200000000000006,0.3246,992155.8125,0.005287947424525621,0.07220000000000004,0.0018000000000000238,0.0025999999999999,True,6,False,2.5999999999999,0.41497334797080127,"(14000, 17000]",72.20000000000005
16360,0.6318,0.362,0.43400000000000005,0.562,757097.625,0.003245711939436146,0.06979999999999997,0.07200000000000006,0.1279999999999859,False,3,False,127.9999999999859,2.1072099696478204,"(14000, 17000]",69.79999999999997
16387,0.3722,0.29580000000000006,0.29780000000000006,0.3002,913407.875,0.00262945899682275,0.07199999999999995,0.0020000000000000018,0.0023999999999999,True,4,False,2.3999999999999,0.38021124171158793,"(14000, 17000]",71.99999999999996
16413,0.527,0.4518000000000001,0.45300000000000007,0.4554,815664.5625,0.001943068016557128,0.0716,0.0011999999999999789,0.0023999999999999,True,2,False,2.3999999999999,0.38021124171158793,"(14000, 17000]",71.6
16443,0.6220000000000001,0.4082,0.5076,0.5564,657921.0625,-0.04370601735371559,0.0656000000000001,0.09940000000000004,0.0487999999999946,False,4,False,48.7999999999946,1.6884198220026625,"(14000, 17000]",65.60000000000011
16468,0.4590000000000001,0.3808,0.3832,0.38660000000000005,1427312.625,-0.009679830675672753,0.07240000000000002,0.0023999999999999577,0.0033999999999998,True,0,False,3.3999999999998,0.5314789170422296,"(14000, 17000]",72.40000000000002
16542,0.2732,0.1984,0.19899999999999998,0.20020000000000002,893361.625,-0.0067493686592201676,0.07299999999999998,0.0005999999999999894,0.0012,True,0,False,1.2,0.07918124604762482,"(14000, 17000]",72.99999999999999
16589,0.4354,0.15259999999999999,0.3216,0.364,614278.75,0.006782967524922521,0.07140000000000002,0.169,0.0423999999999982,False,4,False,42.3999999999982,1.6273658565927143,"(14000, 17000]",71.40000000000002
16623,0.5406000000000001,0.2662,0.4518000000000001,0.4688,624767.0625,0.007738680299897772,0.07180000000000009,0.1856000000000001,0.0169999999999993,False,1,False,16.9999999999993,1.2304489213782561,"(14000, 17000]",71.80000000000008
16667,0.31200000000000006,0.2356,0.23779999999999998,0.24000000000000002,944507.125,0.005312983097533541,0.07200000000000004,0.0021999999999999797,0.0022,True,4,False,2.2,0.3424226808222063,"(14000, 17000]",72.00000000000004
16691,0.5226000000000001,0.2346,0.375,0.45120000000000005,766591.4375,0.005197776293687405,0.07140000000000002,0.1404,0.0761999999999969,False,4,False,76.19999999999689,1.8819549713395827,"(14000, 17000]",71.40000000000002
16716,0.3264,0.2512,0.2522,0.25460000000000005,863572.6875,0.003850191436277476,0.07179999999999997,0.0010000000000000009,0.0024,True,4,False,2.4,0.38021124171160603,"(14000, 17000]",71.79999999999997
16748,0.46720000000000006,0.22240000000000001,0.3668,0.3954,739225.375,0.0043641931453626374,0.07180000000000009,0.1444,0.0285999999999988,False,1,False,28.5999999999988,1.4563660331290247,"(14000, 17000]",71.80000000000008
16802,0.373,0.2396,0.28159999999999996,0.3014,903134.9375,0.007345896137717239,0.0716,0.041999999999999954,0.0197999999999998,False,0,False,19.7999999999998,1.2966651902615267,"(14000, 17000]",71.6
16856,0.44400000000000006,0.24040000000000003,0.30920000000000003,0.37260000000000004,635528.4375,0.0027573810069966382,0.07140000000000002,0.0688,0.0633999999999974,False,4,False,63.399999999997405,1.802089257881715,"(14000, 17000]",71.40000000000002
16923,0.5294000000000001,0.07880000000000001,0.4136000000000001,0.45840000000000003,478144.8125,0.00756569650153059,0.07100000000000006,0.3348000000000001,0.0447999999999981,False,5,False,44.7999999999981,1.6512780139981256,"(14000, 17000]",71.00000000000006
16950,0.5484,0.47340000000000004,0.47420000000000007,0.4768,655320.6875,0.0068253655164155795,0.0716,0.0008000000000000229,0.0025999999999997,True,2,False,2.5999999999997003,0.4149733479707679,"(14000, 17000]",71.6
16973,0.504,0.2332,0.3832,0.43320000000000003,523543.75,0.0011139262916408012,0.07079999999999997,0.15,0.0499999999999979,False,3,False,49.9999999999979,1.6989700043360005,"(14000, 17000]",70.79999999999997
16994,0.5276000000000001,0.15,0.379,0.4576,753809.1875,0.007653351271877739,0.07000000000000006,0.229,0.0785999999999968,False,3,False,78.5999999999968,1.89542254603939,"(14000, 17000]",70.00000000000006
17022,0.6342000000000001,0.5608000000000001,0.5614,0.5632,527203.25,0.006219430188629812,0.07100000000000006,0.0005999999999999339,0.0017999999999998,True,1,False,1.7999999999998,0.25527250510325783,"(17000, 20000]",71.00000000000006
17048,0.22440000000000002,0.1438,0.15,0.1524,916119.8125,-9.12316109348535e-05,0.07200000000000001,0.006199999999999983,0.0024,True,5,False,2.4,0.38021124171160603,"(17000, 20000]",72.00000000000001
17076,0.3792,0.30379999999999996,0.30479999999999996,0.30779999999999996,926882.8125,0.004337974962281168,0.07140000000000002,0.0010000000000000009,0.0029999999999999,True,0,False,2.9999999999999,0.47712125471964795,"(17000, 20000]",71.40000000000002
17098,0.35819999999999996,0.2814,0.28359999999999996,0.2864,887513.0,0.0030615778986300764,0.07179999999999997,0.0021999999999999797,0.0027999999999999,True,4,False,2.7999999999999,0.4471580313422037,"(17000, 20000]",71.79999999999997
17127,0.42200000000000004,0.34640000000000004,0.34740000000000004,0.3506,912535.375,0.0017426756456735992,0.07140000000000002,0.0010000000000000009,0.0031999999999998,True,1,False,3.1999999999998,0.5051499783198788,"(17000, 20000]",71.40000000000002
17152,0.39080000000000004,0.31400000000000006,0.3164,0.31900000000000006,911213.125,0.0074711946076693085,0.07179999999999997,0.0023999999999999577,0.0025999999999999,True,3,False,2.5999999999999,0.41497334797080127,"(17000, 20000]",71.79999999999997
17175,0.6498,0.4544,0.5700000000000001,0.5808000000000001,425157.4375,8.915688350785478e-05,0.06899999999999995,0.11560000000000004,0.0107999999999988,True,1,False,10.7999999999988,1.0334237554869015,"(17000, 20000]",68.99999999999994
17198,0.3426,0.267,0.268,0.27080000000000004,942566.8125,0.003995511328225473,0.07179999999999997,0.0010000000000000009,0.0027999999999999,True,2,False,2.7999999999999,0.4471580313422037,"(17000, 20000]",71.79999999999997
17262,0.552,0.2642,0.37460000000000004,0.4810000000000001,763465.4375,0.003916225202913164,0.07099999999999995,0.11040000000000005,0.1063999999999882,False,1,False,106.3999999999882,2.026941627958981,"(17000, 20000]",70.99999999999996
17353,0.3206,0.2456,0.2466,0.2488,866357.4375,0.0016968621122134997,0.0718,0.0010000000000000009,0.0022,True,1,False,2.2,0.3424226808222063,"(17000, 20000]",71.8
17392,0.556,0.1686,0.3772,0.4860000000000001,759555.5625,0.0029164143089762443,0.06999999999999995,0.20859999999999998,0.108799999999988,False,2,False,108.799999999988,2.0366288953621132,"(17000, 20000]",69.99999999999996
17429,0.5254000000000001,0.14500000000000002,0.34520000000000006,0.4586,745298.0625,-0.0165771148795419,0.06680000000000008,0.20020000000000004,0.1133999999999953,False,5,False,113.3999999999953,2.05461305455687,"(17000, 20000]",66.80000000000008
17450,0.5850000000000001,0.26180000000000003,0.4216000000000001,0.5204000000000001,762431.5625,0.0018680083376335828,0.06459999999999999,0.15980000000000005,0.0987999999999891,False,2,False,98.79999999998911,1.9947569445875803,"(17000, 20000]",64.6
17473,0.5412,0.4660000000000001,0.4670000000000001,0.4696,810261.9375,0.0017115287747226187,0.0716,0.0010000000000000009,0.0025999999999998,True,0,False,2.5999999999998,0.4149733479707845,"(17000, 20000]",71.6
17506,0.43420000000000003,0.35919999999999996,0.36,0.36260000000000003,867564.25,0.0013806667790562774,0.0716,0.0008000000000000229,0.0025999999999998,True,2,False,2.5999999999998,0.4149733479707845,"(17000, 20000]",71.6
17526,0.47620000000000007,0.277,0.383,0.4052,757126.1875,0.0005629647053317937,0.07100000000000006,0.10599999999999998,0.022199999999999,False,0,False,22.199999999998997,1.346352974450619,"(17000, 20000]",71.00000000000006
17557,0.38939999999999997,0.3116,0.31520000000000004,0.3176,846828.125,0.0036821211852132037,0.07179999999999997,0.0036000000000000476,0.0023999999999999,True,8,False,2.3999999999999,0.38021124171158793,"(17000, 20000]",71.79999999999997
17581,0.4092,0.33320000000000005,0.3346,0.33740000000000003,930858.6875,0.0021493793413376585,0.07179999999999997,0.0013999999999999568,0.0027999999999998,True,6,False,2.7999999999998,0.4471580313421882,"(17000, 20000]",71.79999999999997
17607,0.3802,0.30100000000000005,0.30479999999999996,0.30820000000000003,923672.4375,-0.0004232242371572775,0.07199999999999995,0.0037999999999999146,0.0033999999999999,True,2,False,3.3999999999999,0.5314789170422424,"(17000, 20000]",71.99999999999996
17633,0.4708,0.39380000000000004,0.39580000000000004,0.39860000000000007,1414070.875,0.0019624205250563377,0.07219999999999993,0.0020000000000000018,0.0027999999999998,True,6,False,2.7999999999998,0.4471580313421882,"(17000, 20000]",72.19999999999993
17656,0.5954,0.1998,0.43100000000000005,0.5256000000000001,756617.8125,-0.0026470399907772128,0.06979999999999997,0.23120000000000004,0.0945999999999895,False,0,False,94.59999999998949,1.9758911364017446,"(17000, 20000]",69.79999999999997
17680,0.4264,0.3498,0.3518,0.3548,930400.75,0.0022242066813178353,0.0716,0.0020000000000000018,0.0029999999999998,True,2,False,2.9999999999998,0.4771212547196335,"(17000, 20000]",71.6
17709,0.4134000000000001,0.3376,0.3386,0.34199999999999997,875561.5,0.0032874252894606777,0.07140000000000013,0.0010000000000000009,0.0033999999999998,True,5,False,3.3999999999998,0.5314789170422296,"(17000, 20000]",71.40000000000013
17729,0.345,0.26880000000000004,0.2704,0.2734,1006093.0625,0.002152542626368622,0.0716,0.0015999999999999348,0.0029999999999999,True,0,False,2.9999999999999,0.47712125471964795,"(17000, 20000]",71.6
17757,0.5378000000000001,0.129,0.40980000000000005,0.4670000000000001,630661.5,0.0043566466891311745,0.07079999999999997,0.28080000000000005,0.0571999999999976,False,0,False,57.1999999999976,1.757396028793006,"(17000, 20000]",70.79999999999997
17778,0.35320000000000007,0.27780000000000005,0.27859999999999996,0.28159999999999996,972147.625,0.000537009040153013,0.07160000000000011,0.0007999999999999119,0.0029999999999999,True,0,False,2.9999999999999,0.47712125471964795,"(17000, 20000]",71.60000000000011
17800,0.4136000000000001,0.33740000000000003,0.33920000000000006,0.3416,917602.6875,0.0027828440356607227,0.07200000000000006,0.0018000000000000238,0.0023999999999999,True,11,False,2.3999999999999,0.38021124171158793,"(17000, 20000]",72.00000000000006
17826,0.6354000000000001,0.4548000000000001,0.5624,0.5644,505399.75,0.0002754181992818556,0.07100000000000006,0.10759999999999992,0.0019999999999997,True,1,False,1.9999999999997,0.30102999566391603,"(17000, 20000]",71.00000000000006
17849,0.4242,0.34720000000000006,0.3496,0.3528,950275.625,0.0043899300844294515,0.07140000000000002,0.0023999999999999577,0.0031999999999998,True,1,False,3.1999999999998,0.5051499783198788,"(17000, 20000]",71.40000000000002
17873,0.4398000000000001,0.22020000000000003,0.3016,0.36760000000000004,731247.0,0.002176774254875148,0.07220000000000004,0.08139999999999994,0.0659999999999973,False,0,False,65.9999999999973,1.819543935541851,"(17000, 20000]",72.20000000000005
17899,0.4136000000000001,0.33599999999999997,0.3388,0.34199999999999997,1035361.3125,0.0034027558733119795,0.07160000000000011,0.0028000000000000247,0.0031999999999998,True,4,False,3.1999999999998,0.5051499783198788,"(17000, 20000]",71.60000000000011
17923,0.5788000000000001,0.20099999999999998,0.4074000000000001,0.5098,750286.0625,0.010859509043925497,0.06900000000000006,0.2064000000000001,0.1023999999999887,False,5,False,102.3999999999887,2.010299956639764,"(17000, 20000]",69.00000000000006
17947,0.6118,0.1546,0.47420000000000007,0.5412,755571.0,0.00031954150510761275,0.0706,0.3196000000000001,0.0669999999999926,False,0,False,66.9999999999926,1.8260748027007785,"(17000, 20000]",70.6
17971,0.4544,0.37860000000000005,0.37960000000000005,0.383,970259.6875,0.014060032575041927,0.07140000000000002,0.0010000000000000009,0.0033999999999998,True,2,False,3.3999999999998,0.5314789170422296,"(17000, 20000]",71.40000000000002
17995,0.4074000000000001,0.33099999999999996,0.33299999999999996,0.33599999999999997,940819.6875,-0.008499523499787253,0.07140000000000013,0.0020000000000000018,0.0029999999999999,True,0,False,2.9999999999999,0.47712125471964795,"(17000, 20000]",71.40000000000013
18020,0.45500000000000007,0.37760000000000005,0.3798,0.38280000000000003,1401216.0,0.010755225143509281,0.07220000000000004,0.0021999999999999797,0.0029999999999998,True,3,False,2.9999999999998,0.4771212547196335,"(17000, 20000]",72.20000000000005
18045,0.47320000000000007,0.19720000000000001,0.3286,0.402,726017.875,0.00836009931982563,0.07120000000000004,0.1314,0.073399999999997,False,1,False,73.399999999997,1.8656960599160528,"(17000, 20000]",71.20000000000005
18066,0.39660000000000006,0.3188,0.3226,0.32520000000000004,795859.1875,0.00201683090241427,0.07140000000000002,0.0038000000000000256,0.0025999999999999,True,9,False,2.5999999999999,0.41497334797080127,"(17000, 20000]",71.40000000000002
18226,0.37540000000000007,0.29900000000000004,0.30100000000000005,0.3036,937493.5,0.00287673426827426,0.07180000000000009,0.0020000000000000018,0.0025999999999999,True,4,False,2.5999999999999,0.41497334797080127,"(17000, 20000]",71.80000000000008
18300,0.6116,0.5372,0.538,0.539,733369.9375,-0.0003064866313326882,0.0726,0.0008000000000000229,0.0009999999999998,True,0,False,0.9999999999998,-8.683768836313219e-14,"(17000, 20000]",72.6
18323,0.562,0.29380000000000006,0.3758,0.4918,761699.1875,-0.0008713607597419733,0.07020000000000004,0.08199999999999996,0.1159999999999872,False,2,False,115.9999999999872,2.0644579892268706,"(17000, 20000]",70.20000000000005
18348,0.6206,0.5458000000000001,0.547,0.5492,843356.5,-0.000996788729789278,0.07140000000000002,0.0011999999999999789,0.0021999999999997,True,3,False,2.1999999999997,0.342422680822147,"(17000, 20000]",71.40000000000002
18368,0.4730000000000001,0.39780000000000004,0.39880000000000004,0.402,819281.5,0.007346218125844108,0.07100000000000006,0.0010000000000000009,0.0031999999999998,True,0,False,3.1999999999998,0.5051499783198788,"(17000, 20000]",71.00000000000006
18397,0.3768,0.2492,0.30200000000000005,0.3054,1160206.375,0.00587182122151544,0.07140000000000002,0.05280000000000004,0.0033999999999999,True,10,False,3.3999999999999,0.5314789170422424,"(17000, 20000]",71.40000000000002
18420,0.2972,0.1136,0.1282,0.24000000000000002,513656.4375,0.0029850046329909473,0.0572,0.014600000000000002,0.1118000000000032,False,5,False,111.80000000000321,2.048441803550417,"(17000, 20000]",57.2
18445,0.7072,0.3208,0.5814,0.6432000000000001,641814.75,-0.0008218898640108478,0.06399999999999995,0.26060000000000005,0.0617999999999931,False,4,False,61.7999999999931,1.7909884750887672,"(17000, 20000]",63.99999999999994
18471,0.5392,0.26760000000000006,0.3578,0.4728,736550.5625,-0.0026535246561908642,0.06640000000000001,0.09019999999999995,0.1149999999999953,False,3,False,114.9999999999953,2.060697840353594,"(17000, 20000]",66.40000000000002
18495,0.49560000000000004,0.25980000000000003,0.382,0.4242,759637.5625,-0.0011024027181013379,0.07140000000000002,0.12219999999999998,0.0421999999999982,False,2,False,42.1999999999982,1.6253124509616552,"(17000, 20000]",71.40000000000002
18519,0.4272,0.35140000000000005,0.35320000000000007,0.356,806966.4375,0.00412474376935441,0.07120000000000004,0.0018000000000000238,0.0027999999999998,True,0,False,2.7999999999998,0.4471580313421882,"(17000, 20000]",71.20000000000005
18542,0.5182000000000001,0.3164,0.42380000000000007,0.4468000000000001,799456.0625,0.0036509048764757786,0.07140000000000002,0.10740000000000005,0.022999999999999,False,2,False,22.999999999999,1.361727836017574,"(17000, 20000]",71.40000000000002
18566,0.43300000000000005,0.35740000000000005,0.35840000000000005,0.36160000000000003,949780.3125,0.003952913237419706,0.07140000000000002,0.0010000000000000009,0.0031999999999998,True,1,False,3.1999999999998,0.5051499783198788,"(17000, 20000]",71.40000000000002
18595,0.41080000000000005,0.33540000000000003,0.33640000000000003,0.3396,938564.875,-0.0005206779802797995,0.07120000000000004,0.0010000000000000009,0.0031999999999998,True,2,False,3.1999999999998,0.5051499783198788,"(17000, 20000]",71.20000000000005
18618,0.4902000000000001,0.229,0.4152,0.41880000000000006,1151221.0,0.0007259237004870806,0.07140000000000002,0.1862,0.0035999999999998,True,3,False,3.5999999999998,0.5563025007672631,"(17000, 20000]",71.40000000000002
18645,0.6706000000000001,0.13140000000000002,0.5528000000000001,0.6032000000000001,639886.75,0.002978356008895324,0.06740000000000002,0.42140000000000005,0.0503999999999944,False,1,False,50.3999999999944,1.702430536445477,"(17000, 20000]",67.40000000000002
18672,0.3248,0.2432,0.2502,0.253,1238620.625,-0.0014720526871058177,0.07179999999999997,0.0069999999999999785,0.0028,True,1,False,2.8,0.4471580313422192,"(17000, 20000]",71.79999999999997
18696,0.4232,0.3478,0.349,0.352,907897.375,0.0039558691238196116,0.07120000000000004,0.0011999999999999789,0.0029999999999998,True,0,False,2.9999999999998,0.4771212547196335,"(17000, 20000]",71.20000000000005
18720,0.51,0.1736,0.3376,0.4404,717880.25,0.0029275674073296,0.0696,0.164,0.1027999999999958,False,4,False,102.79999999999579,2.0119931146592394,"(17000, 20000]",69.6
18744,0.366,0.2894,0.29200000000000004,0.2944,881310.1875,-0.005144231439193196,0.0716,0.0026000000000000467,0.0023999999999999,True,3,False,2.3999999999999,0.38021124171158793,"(17000, 20000]",71.6
18768,0.45420000000000005,0.37640000000000007,0.37960000000000005,0.38260000000000005,1060363.5,0.006155065629469281,0.0716,0.0031999999999999806,0.0029999999999998,True,3,False,2.9999999999998,0.4771212547196335,"(17000, 20000]",71.6
18791,0.4246000000000001,0.3486,0.35020000000000007,0.3516,857555.0,0.008502930387846844,0.07300000000000006,0.0016000000000000458,0.0013999999999999,True,6,False,1.3999999999999,0.146128035678207,"(17000, 20000]",73.00000000000007
18816,0.5850000000000001,0.27959999999999996,0.399,0.5182000000000001,759946.75,0.004357197444570129,0.06679999999999997,0.11940000000000006,0.1191999999999868,False,3,False,119.1999999999868,2.0762762554041694,"(17000, 20000]",66.79999999999997
18836,0.6132000000000001,0.15919999999999998,0.54,0.5412,736583.25,-0.002330542142607862,0.07200000000000006,0.3808,0.0011999999999998,True,1,False,1.1999999999998,0.0791812460475524,"(17000, 20000]",72.00000000000006
18862,0.40380000000000005,0.2406,0.24540000000000003,0.32999999999999996,1006006.875,0.0013171678931664234,0.07380000000000009,0.0048000000000000265,0.0845999999999994,False,2,False,84.5999999999994,1.9273703630390204,"(17000, 20000]",73.80000000000008
18885,0.3718,0.2946,0.2974,0.30000000000000004,1025200.4375,-0.00311722960638124,0.07179999999999997,0.0028000000000000247,0.0025999999999999,True,6,False,2.5999999999999,0.41497334797080127,"(17000, 20000]",71.79999999999997
18911,0.5528000000000001,0.4770000000000001,0.47820000000000007,0.4810000000000001,1168511.125,-0.002682282635186186,0.07179999999999997,0.0011999999999999789,0.0027999999999996,True,4,False,2.7999999999996,0.4471580313421572,"(17000, 20000]",71.79999999999997
19301,0.562,0.09140000000000001,0.1048,0.30400000000000005,280261.46875,-0.013985305414296717,0.258,0.013399999999999995,0.199199999999978,False,4,False,199.19999999997802,2.299289334087632,"(17000, 20000]",258.0
19409,0.36760000000000004,0.23840000000000003,0.23900000000000002,0.2408,735078.25,0.0015516422791871987,0.12680000000000005,0.0005999999999999894,0.0017999999999999,True,1,False,1.7999999999999,0.2552725051032819,"(17000, 20000]",126.80000000000005
19455,0.4548000000000001,0.14780000000000001,0.3184,0.36319999999999997,529376.0625,0.009143525958979775,0.09160000000000013,0.1706,0.0447999999999981,False,4,False,44.7999999999981,1.6512780139981256,"(17000, 20000]",91.60000000000012
19493,0.36340000000000006,0.2166,0.272,0.2922,724847.3125,0.008172655321935474,0.07120000000000004,0.05540000000000003,0.0201999999999998,False,0,False,20.1999999999998,1.3053513694466194,"(17000, 20000]",71.20000000000005
19524,0.4962000000000001,0.4214,0.4224,0.4252,662690.0,0.0047755091051717245,0.07100000000000006,0.0010000000000000009,0.0027999999999998,True,4,False,2.7999999999998,0.4471580313421882,"(17000, 20000]",71.00000000000006
19553,0.18460000000000001,0.1116,0.1124,0.1132,503639.21875,0.0034126572810211676,0.07140000000000002,0.0007999999999999952,0.0008,True,1,False,0.8,-0.09691001300805639,"(17000, 20000]",71.40000000000002
19580,0.3176,0.04319999999999999,0.097,0.2482,466140.28125,0.00863763604994446,0.06939999999999999,0.053800000000000014,0.1512000000000043,False,2,False,151.2000000000043,2.1795517911652,"(17000, 20000]",69.39999999999999
19613,0.4358000000000001,0.3608,0.3618,0.36340000000000006,695373.6875,0.010016808127626342,0.07240000000000002,0.0010000000000000009,0.0015999999999999,True,2,False,1.5999999999999,0.20411998265589762,"(17000, 20000]",72.40000000000002
19664,0.46520000000000006,0.159,0.37960000000000005,0.393,721440.3125,0.0065322444976607125,0.07220000000000004,0.22060000000000005,0.0133999999999994,True,5,False,13.3999999999994,1.1271047983647882,"(17000, 20000]",72.20000000000005
19700,0.1732,0.0996,0.1006,0.101,762633.75,0.00173134237365331,0.07219999999999999,0.0010000000000000009,0.0004,True,3,False,0.4,-0.3979400086720376,"(17000, 20000]",72.19999999999999
19789,0.4126000000000001,0.33720000000000006,0.33840000000000003,0.34120000000000006,874400.6875,-0.019590011508596853,0.07140000000000002,0.0011999999999999789,0.0027999999999998,True,0,False,2.7999999999998,0.4471580313421882,"(17000, 20000]",71.40000000000002
19812,0.38580000000000003,0.3094,0.3116,0.31420000000000003,951496.9375,0.004063939949376479,0.0716,0.0021999999999999797,0.0025999999999999,True,0,False,2.5999999999999,0.41497334797080127,"(17000, 20000]",71.6
19842,0.5128,0.2282,0.34140000000000004,0.4436,766960.5625,-0.003463540442187013,0.06920000000000004,0.11320000000000005,0.1021999999999958,False,3,False,102.1999999999958,2.009450895798676,"(17000, 20000]",69.20000000000005
19872,0.5988000000000001,0.5244000000000001,0.5254000000000001,0.5272,551338.4375,0.007042144121011199,0.07160000000000011,0.0010000000000000009,0.0017999999999998,True,3,False,1.7999999999998,0.25527250510325783,"(17000, 20000]",71.60000000000011
19901,0.5306000000000001,0.4536,0.45520000000000005,0.4590000000000001,876203.9375,0.003897714868730974,0.0716,0.0016000000000000458,0.0037999999999998,True,7,False,3.7999999999998,0.5797835966167872,"(17000, 20000]",71.6
19948,0.3772,0.30200000000000005,0.30300000000000005,0.30600000000000005,903072.625,0.002390685247871122,0.07119999999999993,0.0010000000000000009,0.0029999999999999,True,8,False,2.9999999999999,0.47712125471964795,"(17000, 20000]",71.19999999999993
19990,0.393,0.11300000000000002,0.24240000000000003,0.33799999999999997,471233.25,-0.00415991970105834,0.05500000000000005,0.12940000000000002,0.0955999999999994,False,0,False,95.5999999999994,1.9804578922760974,"(17000, 20000]",55.00000000000005
20019,0.631,0.22020000000000003,0.5242,0.5614,419200.71875,0.005861031187289979,0.0696,0.30399999999999994,0.0371999999999959,False,5,False,37.1999999999959,1.5705429398818498,"(20000, 23000]",69.6
20047,0.1848,0.1106,0.1114,0.11460000000000001,583819.0,0.004033196484323481,0.07019999999999998,0.0007999999999999952,0.0032,True,0,False,3.2,0.505149978319906,"(20000, 23000]",70.19999999999999
20078,0.39860000000000007,0.28980000000000006,0.31400000000000006,0.32700000000000007,826973.1875,0.004308155105410385,0.0716,0.0242,0.0129999999999999,True,0,False,12.9999999999999,1.1139433523068334,"(20000, 23000]",71.6
20101,0.5922000000000001,0.5172000000000001,0.5182000000000001,0.519,875376.625,0.0050150696073604315,0.07320000000000004,0.0010000000000000009,0.0007999999999999,True,0,False,0.7999999999999,-0.0969100130081107,"(20000, 23000]",73.20000000000005
20123,0.6414000000000001,0.1116,0.49760000000000004,0.5722,649795.8125,0.0016309551730096367,0.06920000000000004,0.386,0.0745999999999917,False,0,False,74.5999999999917,1.8727388274726204,"(20000, 23000]",69.20000000000005
20166,0.34140000000000004,0.2652,0.2662,0.27,872613.375,0.008431310058456588,0.07140000000000002,0.0010000000000000009,0.0037999999999999,True,8,False,3.7999999999999,0.5797835966167987,"(20000, 23000]",71.40000000000002
20253,0.6606000000000001,0.45520000000000005,0.5758000000000001,0.5922000000000001,428075.75,-0.0038095543417987353,0.06840000000000002,0.12060000000000004,0.0163999999999981,False,0,False,16.3999999999981,1.2148438480476476,"(20000, 23000]",68.40000000000002
20280,0.5708000000000001,0.18939999999999999,0.38380000000000003,0.5014000000000001,754382.6875,0.0034280350488143326,0.06940000000000002,0.19440000000000004,0.117599999999987,False,3,False,117.599999999987,2.070407321740072,"(20000, 23000]",69.40000000000002
20305,0.39039999999999997,0.31500000000000006,0.31600000000000006,0.3188,988743.5,0.002534511170300993,0.0716,0.0010000000000000009,0.0027999999999999,True,1,False,2.7999999999999,0.4471580313422037,"(20000, 23000]",71.6
20329,0.4506,0.13440000000000002,0.33899999999999997,0.37940000000000007,741683.1875,0.008214236793826475,0.07119999999999993,0.20459999999999995,0.0403999999999983,False,3,False,40.3999999999983,1.6063813651105867,"(20000, 23000]",71.19999999999993
20362,0.406,0.33099999999999996,0.33199999999999996,0.3348,886734.3125,0.001775443647059516,0.07120000000000004,0.0010000000000000009,0.0027999999999999,True,4,False,2.7999999999999,0.4471580313422037,"(20000, 23000]",71.20000000000005
20386,0.38760000000000006,0.3124,0.3134,0.3164,873561.4375,0.003455388215307266,0.07120000000000004,0.0010000000000000009,0.0029999999999999,True,3,False,2.9999999999999,0.47712125471964795,"(20000, 23000]",71.20000000000005
20410,0.5186000000000001,0.44320000000000004,0.44420000000000004,0.44720000000000004,889427.625,0.00571983734781821,0.07140000000000002,0.0010000000000000009,0.0029999999999998,True,1,False,2.9999999999998,0.4771212547196335,"(20000, 23000]",71.40000000000002
20447,0.6662,0.12260000000000001,0.5750000000000001,0.6004,418014.6875,-0.0037737575524409653,0.06579999999999997,0.4524,0.0253999999999972,False,2,False,25.3999999999972,1.40483371661989,"(20000, 23000]",65.79999999999997
20471,0.3808,0.3062,0.30700000000000005,0.30979999999999996,888870.1875,0.0032386758962729585,0.07100000000000006,0.0008000000000000229,0.0027999999999999,True,5,False,2.7999999999999,0.4471580313422037,"(20000, 23000]",71.00000000000006
20492,0.4514,0.3762,0.3772,0.38,908167.4375,0.004086790158773723,0.07140000000000002,0.0010000000000000009,0.0027999999999998,True,0,False,2.7999999999998,0.4471580313421882,"(20000, 23000]",71.40000000000002
20515,0.3718,0.2966,0.2974,0.3002,894160.8125,0.0071685843283363524,0.0716,0.0008000000000000229,0.0027999999999999,True,2,False,2.7999999999999,0.4471580313422037,"(20000, 23000]",71.6
20546,0.5456000000000001,0.2804,0.3782,0.47620000000000007,730622.3125,0.0026173561844581635,0.06940000000000002,0.0978,0.0979999999999926,False,2,False,97.99999999999261,1.991226075692462,"(20000, 23000]",69.40000000000002
20574,0.34820000000000007,0.2712,0.274,0.2764,985640.8125,0.0036917024749856583,0.07180000000000009,0.0028000000000000247,0.0023999999999999,True,1,False,2.3999999999999,0.38021124171158793,"(20000, 23000]",71.80000000000008
20606,0.4276000000000001,0.1184,0.33599999999999997,0.3546,779176.0,0.004342958401026373,0.07300000000000006,0.21759999999999996,0.0185999999999992,False,0,False,18.599999999999202,1.2695129442178976,"(20000, 23000]",73.00000000000007
20630,0.5004000000000001,0.42500000000000004,0.4264,0.42700000000000005,1066346.25,-0.0010703778745573378,0.07340000000000002,0.0013999999999999568,0.0005999999999999,True,2,False,0.5999999999999,-0.22184874961642878,"(20000, 23000]",73.40000000000002
20661,0.6234000000000001,0.1968,0.4588000000000001,0.557,684997.8125,0.0014457928348482409,0.06640000000000001,0.2620000000000001,0.0981999999999891,False,1,False,98.1999999999891,1.9921114877869015,"(20000, 23000]",66.40000000000002
20702,0.5222,0.2934,0.36860000000000004,0.4508000000000001,758020.125,0.012141914345199609,0.07139999999999991,0.07520000000000004,0.0821999999999966,False,5,False,82.19999999999659,1.9148718175400323,"(20000, 23000]",71.3999999999999
20737,0.3326,0.255,0.25839999999999996,0.26060000000000005,851267.75,0.0033885782732210284,0.07199999999999995,0.0033999999999999586,0.0022,True,1,False,2.2,0.3424226808222063,"(20000, 23000]",71.99999999999996
20769,0.5128,0.43800000000000006,0.43900000000000006,0.4416000000000001,869053.0625,-0.002433428304399422,0.07119999999999993,0.0010000000000000009,0.0025999999999998,True,2,False,2.5999999999998,0.4149733479707845,"(20000, 23000]",71.19999999999993
20805,0.657,0.4554,0.5744,0.5900000000000001,426071.03125,-0.014721978117205076,0.06699999999999995,0.119,0.0155999999999982,False,0,False,15.5999999999982,1.1931245983544114,"(20000, 23000]",66.99999999999994
20827,0.42380000000000007,0.34920000000000007,0.35,0.3528,855454.8125,-0.003546866576346778,0.07100000000000006,0.0007999999999999119,0.0027999999999998,True,0,False,2.7999999999998,0.4471580313421882,"(20000, 23000]",71.00000000000006
20853,0.3518,0.277,0.27780000000000005,0.2804,888997.5,0.003014068394543432,0.07140000000000002,0.0008000000000000229,0.0025999999999999,True,8,False,2.5999999999999,0.41497334797080127,"(20000, 23000]",71.40000000000002
20877,0.4788,0.40380000000000005,0.40480000000000005,0.40780000000000005,910365.8125,-0.005181382635984312,0.07099999999999995,0.0010000000000000009,0.0029999999999998,True,2,False,2.9999999999998,0.4771212547196335,"(20000, 23000]",70.99999999999996
20899,0.6648000000000001,0.12760000000000002,0.5514,0.5940000000000001,633073.9375,0.003637719350119353,0.07079999999999997,0.42379999999999995,0.0425999999999953,False,2,False,42.599999999995305,1.6294095991026711,"(20000, 23000]",70.79999999999997
20924,0.46720000000000006,0.3912,0.39360000000000006,0.39560000000000006,877318.625,0.010106762051173255,0.0716,0.0024000000000000687,0.0019999999999999,True,0,False,1.9999999999998999,0.30102999566395944,"(20000, 23000]",71.6
20977,0.4254,0.3496,0.3516,0.35420000000000007,795581.8125,0.0007354553862419005,0.07119999999999993,0.0020000000000000018,0.0025999999999998,True,0,False,2.5999999999998,0.4149733479707845,"(20000, 23000]",71.19999999999993
21015,0.5228,0.4494,0.45000000000000007,0.45200000000000007,441730.0,0.008725421124753809,0.07079999999999997,0.0006000000000000449,0.0019999999999999,True,0,False,1.9999999999998999,0.30102999566395944,"(20000, 23000]",70.79999999999997
21068,0.4348000000000001,0.22780000000000003,0.33440000000000003,0.36219999999999997,766790.9375,0.008253654715003398,0.07260000000000011,0.1066,0.0277999999999988,False,3,False,27.7999999999988,1.4440447959180576,"(20000, 23000]",72.60000000000011
21172,0.5032000000000001,0.28059999999999996,0.35240000000000005,0.4318000000000001,759996.125,0.011431467619325033,0.07140000000000002,0.07180000000000009,0.0793999999999967,False,4,False,79.3999999999967,1.8998205024270782,"(20000, 23000]",71.40000000000002
21278,0.5442,0.22480000000000003,0.36860000000000004,0.4796,634634.3125,0.002710950038747708,0.06459999999999999,0.1438,0.1109999999999954,False,4,False,110.9999999999954,2.0453229787866394,"(20000, 23000]",64.6
21303,0.53,0.45620000000000005,0.45720000000000005,0.45920000000000005,470643.15625,0.0017524676930209399,0.07079999999999997,0.0010000000000000009,0.0019999999999999,True,1,False,1.9999999999998999,0.30102999566395944,"(20000, 23000]",70.79999999999997
21326,0.45520000000000005,0.37840000000000007,0.3814000000000001,0.384,878838.8125,0.015416997373522917,0.07120000000000004,0.0030000000000000027,0.0025999999999998,True,1,False,2.5999999999998,0.4149733479707845,"(20000, 23000]",71.20000000000005
21352,0.365,0.28259999999999996,0.2872,0.29259999999999997,834758.875,0.0021004562685467106,0.07240000000000002,0.0046000000000000485,0.0053999999999999,True,3,False,5.3999999999999,0.7323937598229605,"(20000, 23000]",72.40000000000002
21425,0.3206,0.2462,0.2468,0.2478,894066.4375,0.001093668382808765,0.0728,0.0005999999999999894,0.001,True,8,False,1.0,0.0,"(20000, 23000]",72.8
21454,0.5642,0.29480000000000006,0.34099999999999997,0.4942000000000001,816658.5625,0.007060640856869728,0.06999999999999995,0.04619999999999991,0.1531999999999831,False,4,False,153.1999999999831,2.1852587652965374,"(20000, 23000]",69.99999999999996
21479,0.5276000000000001,0.28380000000000005,0.37,0.46120000000000005,634065.8125,0.00816666661327447,0.06640000000000001,0.08619999999999994,0.0911999999999962,False,0,False,91.1999999999962,1.959994838328398,"(20000, 23000]",66.40000000000002
21506,0.5062000000000001,0.43080000000000007,0.4318000000000001,0.43500000000000005,848845.5625,0.0021793851644023293,0.07120000000000004,0.0010000000000000009,0.0031999999999998,True,1,False,3.1999999999998,0.5051499783198788,"(20000, 23000]",71.20000000000005
21536,0.5730000000000001,0.49940000000000007,0.4998,0.5004000000000001,744683.0,0.0013390616579628094,0.0726,0.00039999999999995595,0.0005999999999999,True,4,False,0.5999999999999,-0.22184874961642878,"(20000, 23000]",72.6
21559,0.4418000000000001,0.36519999999999997,0.3678,0.37040000000000006,794880.75,0.0004376798145851988,0.07140000000000002,0.0026000000000000467,0.0025999999999998,True,1,False,2.5999999999998,0.4149733479707845,"(20000, 23000]",71.40000000000002
21582,0.5118,0.27580000000000005,0.3692,0.44120000000000004,634195.5625,0.0033789772426023163,0.0706,0.09339999999999993,0.071999999999997,False,3,False,71.999999999997,1.8573324964312503,"(20000, 23000]",70.6
21624,0.39660000000000006,0.3206,0.3226,0.3254,803575.9375,0.0029966607027649456,0.07120000000000004,0.0020000000000000018,0.0027999999999999,True,0,False,2.7999999999999,0.4471580313422037,"(20000, 23000]",71.20000000000005
21651,0.4444,0.1274,0.29500000000000004,0.375,782614.5,0.0005738833033776527,0.06940000000000002,0.16760000000000003,0.0799999999999967,False,0,False,79.9999999999967,1.9030899869919258,"(20000, 23000]",69.40000000000002
21687,0.5428000000000001,0.46840000000000004,0.4696,0.4718,469490.53125,0.005702980015504839,0.07100000000000006,0.0011999999999999789,0.0021999999999999,True,2,False,2.1999999999999,0.34242268082218646,"(20000, 23000]",71.00000000000006
21712,0.6472000000000001,0.19999999999999998,0.5132000000000001,0.5886,419355.78125,0.0024550279199642903,0.058600000000000096,0.31320000000000014,0.0753999999999917,False,6,False,75.39999999999169,1.877371345869726,"(20000, 23000]",58.600000000000094
21739,0.6806000000000001,0.6068,0.6076,0.6090000000000001,521361.8125,0.005826278972502181,0.0716,0.0008000000000000229,0.0013999999999998,True,1,False,1.3999999999998,0.146128035678176,"(20000, 23000]",71.6
21771,0.5944,0.16440000000000002,0.4656,0.5236000000000001,640888.1875,0.0004932861488715465,0.07079999999999997,0.3012,0.0579999999999936,False,2,False,57.9999999999936,1.7634279935628894,"(20000, 23000]",70.79999999999997
21791,0.25039999999999996,0.1116,0.15420000000000003,0.1858,426830.4375,-0.005987488495321693,0.06459999999999996,0.04260000000000003,0.0316000000000009,False,2,False,31.600000000000897,1.499687082618416,"(20000, 23000]",64.59999999999997
21817,0.6376000000000001,0.5642,0.5650000000000001,0.5656000000000001,482581.03125,0.0045227816703127515,0.07199999999999995,0.0008000000000000229,0.0005999999999999,True,0,False,0.5999999999999,-0.22184874961642878,"(20000, 23000]",71.99999999999996
21845,0.5358,0.13,0.38860000000000006,0.4716,632342.0625,0.005583435875613407,0.06420000000000003,0.25860000000000005,0.0829999999999966,False,1,False,82.9999999999966,1.9190780923760562,"(20000, 23000]",64.20000000000003
21868,0.49140000000000006,0.2872,0.3688,0.4206000000000001,678839.5,0.004307695180640085,0.07079999999999997,0.0816,0.0517999999999978,False,0,False,51.7999999999978,1.7143297597452145,"(20000, 23000]",70.79999999999997
21891,0.31679999999999997,0.2412,0.24240000000000003,0.2456,930715.375,-0.0002778485972962263,0.07119999999999996,0.0012000000000000344,0.0032,True,6,False,3.2,0.505149978319906,"(20000, 23000]",71.19999999999996
21916,0.5284000000000001,0.26580000000000004,0.36940000000000006,0.4608000000000001,630366.75,0.008440117028103085,0.0676,0.10360000000000003,0.0913999999999962,False,0,False,91.39999999999621,1.9609461957338135,"(20000, 23000]",67.6
21937,0.42200000000000004,0.3468,0.3478,0.351,921303.6875,-0.0025675639157969016,0.07100000000000006,0.0010000000000000009,0.0031999999999998,True,0,False,3.1999999999998,0.5051499783198788,"(20000, 23000]",71.00000000000006
21964,0.6606000000000001,0.4548000000000001,0.5710000000000001,0.5936,426037.53125,-0.015823167418642183,0.06700000000000006,0.11619999999999997,0.0225999999999975,False,0,False,22.5999999999975,1.3541084391473528,"(20000, 23000]",67.00000000000006
21984,0.44120000000000004,0.36419999999999997,0.36640000000000006,0.36960000000000004,1097663.875,0.0012971955040013388,0.0716,0.0022000000000000908,0.0031999999999998,True,0,False,3.1999999999998,0.5051499783198788,"(20000, 23000]",71.6
22010,0.40800000000000003,0.3328,0.33399999999999996,0.33499999999999996,1112434.625,0.0013047504566490256,0.07300000000000006,0.0011999999999999789,0.0009999999999999,True,0,False,0.9999999999999001,-4.339473599490009e-14,"(20000, 23000]",73.00000000000007
22036,0.5586000000000001,0.4842000000000001,0.4848,0.4858,730665.0,0.004013573438879308,0.07280000000000009,0.0005999999999999339,0.0009999999999998,True,1,False,0.9999999999998,-8.683768836313219e-14,"(20000, 23000]",72.80000000000008
22058,0.38260000000000005,0.3066,0.30800000000000005,0.31100000000000005,923762.875,0.0020039547000393633,0.0716,0.0014000000000000679,0.0029999999999999,True,0,False,2.9999999999999,0.47712125471964795,"(20000, 23000]",71.6
22084,0.37360000000000004,0.29600000000000004,0.29880000000000007,0.30180000000000007,1089213.25,-0.00021998068857251294,0.07179999999999997,0.0028000000000000247,0.0029999999999999,True,4,False,2.9999999999999,0.47712125471964795,"(20000, 23000]",71.79999999999997
22113,0.5014000000000001,0.42400000000000004,0.4264,0.43000000000000005,988268.9375,0.005609844593795097,0.07140000000000002,0.0023999999999999577,0.0035999999999998,True,2,False,3.5999999999998,0.5563025007672631,"(20000, 23000]",71.40000000000002
22134,0.46740000000000004,0.39080000000000004,0.393,0.39580000000000004,1053395.0,0.0028600016383040073,0.0716,0.0021999999999999797,0.0027999999999998,True,2,False,2.7999999999998,0.4471580313421882,"(20000, 23000]",71.6
22158,0.3226,0.2472,0.24860000000000002,0.2498,929963.6875,0.0026417884558362125,0.0728,0.0014000000000000123,0.0012,True,0,False,1.2,0.07918124604762482,"(20000, 23000]",72.8
22182,0.7188000000000001,0.2982,0.639,0.6518,427378.34375,-0.024262265844366384,0.06700000000000006,0.3408,0.0127999999999985,True,1,False,12.7999999999985,1.1072099696478175,"(20000, 23000]",67.00000000000006
22215,0.40080000000000005,0.32300000000000006,0.3266,0.3296,795780.0,0.0021535178572340188,0.07120000000000004,0.0035999999999999366,0.0029999999999999,True,5,False,2.9999999999999,0.47712125471964795,"(20000, 23000]",71.20000000000005
22236,0.5804,0.1104,0.48020000000000007,0.5086,709788.25,0.0013304918652510538,0.07179999999999997,0.3698000000000001,0.0283999999999968,False,4,False,28.399999999996798,1.4533183400469887,"(20000, 23000]",71.79999999999997
22260,0.45620000000000005,0.37840000000000007,0.38180000000000003,0.38460000000000005,818668.5625,0.00775460540559874,0.0716,0.0033999999999999586,0.0027999999999998,True,1,False,2.7999999999998,0.4471580313421882,"(20000, 23000]",71.6
22282,0.6534000000000001,0.12660000000000002,0.5182000000000001,0.5844,631595.6875,-0.003432963777460086,0.06900000000000006,0.39160000000000006,0.0661999999999927,False,2,False,66.1999999999927,1.820857989439652,"(20000, 23000]",69.00000000000006
22307,0.3568,0.27980000000000005,0.2824,0.2854,1006808.1875,0.0014947901076194938,0.07140000000000002,0.0025999999999999357,0.0029999999999999,True,7,False,2.9999999999999,0.47712125471964795,"(20000, 23000]",71.40000000000002
22332,0.392,0.31400000000000006,0.31720000000000004,0.32020000000000004,1118040.0,0.0028102229351281037,0.07179999999999997,0.0031999999999999806,0.0029999999999999,True,1,False,2.9999999999999,0.47712125471964795,"(20000, 23000]",71.79999999999997
22394,0.38180000000000003,0.3066,0.30800000000000005,0.3104,1031167.5,-0.004686058596808957,0.07140000000000002,0.0014000000000000679,0.0023999999999999,True,2,True,2.3999999999999,0.38021124171158793,"(20000, 23000]",71.40000000000002
22423,0.4982000000000001,0.2502,0.3708,0.42880000000000007,825094.125,-0.017876161250087678,0.06940000000000002,0.12060000000000004,0.0579999999999976,False,1,True,57.999999999997605,1.7634279935629193,"(20000, 23000]",69.40000000000002
22443,0.34440000000000004,0.2704,0.27180000000000004,0.27280000000000004,888461.1875,-0.011811535459237492,0.0716,0.0014000000000000679,0.0009999999999999,True,0,True,0.9999999999999001,-4.339473599490009e-14,"(20000, 23000]",71.6
22474,0.6096,0.25839999999999996,0.44620000000000004,0.5444000000000001,743945.75,-0.004557165540023416,0.06519999999999992,0.18780000000000008,0.0981999999999891,False,3,True,98.1999999999891,1.9921114877869015,"(20000, 23000]",65.19999999999993
22494,0.6504000000000001,0.1068,0.5592,0.5800000000000001,421905.6875,-0.013610409274303159,0.07040000000000002,0.4524,0.0207999999999977,False,0,True,20.7999999999977,1.3180633349627136,"(20000, 23000]",70.40000000000002
22520,0.38980000000000004,0.2902,0.31600000000000006,0.3194,803807.4375,-0.007794962616007457,0.07040000000000002,0.025800000000000045,0.0033999999999999,True,2,True,3.3999999999999,0.5314789170422424,"(20000, 23000]",70.40000000000002
22544,0.5578000000000001,0.25,0.46020000000000005,0.48660000000000003,831252.8125,-0.005397899382107354,0.07120000000000004,0.21020000000000005,0.026399999999997,False,0,True,26.399999999997,1.4216039268697818,"(20000, 23000]",71.20000000000005
22564,0.28700000000000003,0.2088,0.21320000000000003,0.21520000000000003,941188.875,-0.004249521430990008,0.0718,0.004400000000000015,0.002,True,0,True,2.0,0.3010299956639812,"(20000, 23000]",71.8
22587,0.4670000000000001,0.392,0.393,0.3954,1028193.75,-0.0032964733836187247,0.07160000000000011,0.0010000000000000009,0.0023999999999999,True,0,True,2.3999999999999,0.38021124171158793,"(20000, 23000]",71.60000000000011
22610,0.5728000000000001,0.26139999999999997,0.47620000000000007,0.5046,418615.96875,-0.002108489706145497,0.06820000000000004,0.2148000000000001,0.0283999999999968,False,4,True,28.399999999996798,1.4533183400469887,"(20000, 23000]",68.20000000000005
22632,0.25880000000000003,0.1842,0.18539999999999998,0.18760000000000002,798098.875,0.000604170472810406,0.07120000000000001,0.0011999999999999789,0.0022,True,3,False,2.2,0.3424226808222063,"(20000, 23000]",71.20000000000002
22655,0.382,0.30720000000000003,0.30800000000000005,0.31079999999999997,986134.375,-0.004456526905879333,0.07120000000000004,0.0008000000000000229,0.0027999999999999,True,4,False,2.7999999999999,0.4471580313422037,"(20000, 23000]",71.20000000000005
22686,0.4116000000000001,0.3368,0.33899999999999997,0.34140000000000004,661897.1875,-0.012342206068635094,0.07020000000000004,0.0021999999999999797,0.0023999999999999,True,0,False,2.3999999999999,0.38021124171158793,"(20000, 23000]",70.20000000000005
22710,0.6972,0.1336,0.5958000000000001,0.6288,634728.1875,-0.03867551794562456,0.06840000000000002,0.4622000000000001,0.0329999999999963,False,1,False,32.999999999996305,1.518513939877839,"(20000, 23000]",68.40000000000002
22732,0.5932000000000001,0.1048,0.4900000000000001,0.5264000000000001,422460.4375,-0.014736007963097727,0.06679999999999997,0.3852000000000001,0.0363999999999959,False,5,False,36.3999999999959,1.561101383649007,"(20000, 23000]",66.79999999999997
22755,0.47420000000000007,0.13,0.35740000000000005,0.404,644657.5625,-0.00631388990337021,0.07020000000000004,0.22740000000000005,0.0465999999999981,False,4,False,46.599999999998104,1.6683859166899826,"(20000, 23000]",70.20000000000005
22777,0.4394,0.36440000000000006,0.36540000000000006,0.36819999999999997,908358.875,-0.00047562626297695737,0.07120000000000004,0.0010000000000000009,0.0027999999999998,True,3,False,2.7999999999998,0.4471580313421882,"(20000, 23000]",71.20000000000005
22797,0.36640000000000006,0.28880000000000006,0.29259999999999997,0.29500000000000004,1024489.0,-0.0017911149256482988,0.07140000000000002,0.0037999999999999146,0.0023999999999999,True,0,False,2.3999999999999,0.38021124171158793,"(20000, 23000]",71.40000000000002
22820,0.4404,0.36860000000000004,0.3692,0.37040000000000006,676840.25,-0.022220570315059574,0.06999999999999995,0.0005999999999999339,0.0011999999999999,True,0,False,1.1999999999999,0.07918124604758865,"(20000, 23000]",69.99999999999996
22930,0.43720000000000003,0.24500000000000002,0.3368,0.36860000000000004,641103.375,-0.017688250463994984,0.0686,0.09179999999999996,0.0317999999999987,False,1,False,31.799999999998697,1.5024271199844148,"(20000, 23000]",68.6
22958,0.6024,0.5118,0.5126000000000001,0.5142000000000001,452585.25,-0.020692506101060517,0.08819999999999995,0.0008000000000000229,0.0015999999999998,True,6,False,1.5999999999998,0.2041199826558705,"(20000, 23000]",88.19999999999995
22985,0.501,0.2084,0.3962,0.4366000000000001,427453.9375,-0.03018407739986019,0.0643999999999999,0.1878,0.0403999999999983,False,1,False,40.3999999999983,1.6063813651105867,"(20000, 23000]",64.3999999999999
23009,0.6468,0.1126,0.5196000000000001,0.5936,425888.3125,-0.01456735310079095,0.053200000000000025,0.40700000000000003,0.0739999999999918,False,0,False,73.9999999999918,1.869231719730928,"(23000, 26000]",53.200000000000024
23164,0.5674,0.0882,0.4918,0.499,440322.375,-0.024543605427301985,0.06840000000000002,0.4036,0.0071999999999992,True,1,False,7.1999999999992,0.8573324964312202,"(23000, 26000]",68.40000000000002
23285,0.41300000000000003,0.22519999999999998,0.2954,0.33520000000000005,749006.8125,-0.015735257988307685,0.07779999999999998,0.07020000000000001,0.0397999999999983,False,0,False,39.7999999999983,1.5998830720736692,"(23000, 26000]",77.79999999999998
23317,0.667,0.4548000000000001,0.5672,0.5722,434611.125,0.005359291628054563,0.0948,0.11239999999999994,0.0049999999999994,True,3,False,4.9999999999994,0.6989700043359667,"(23000, 26000]",94.8
23339,0.49560000000000004,0.4216000000000001,0.4224,0.4246000000000001,862762.4375,-0.008565934697659748,0.07099999999999995,0.0007999999999999119,0.0021999999999999,True,1,False,2.1999999999999,0.34242268082218646,"(23000, 26000]",70.99999999999996
23359,0.4796,0.09940000000000002,0.384,0.4142,424448.21875,-0.027057622256336775,0.06540000000000001,0.28459999999999996,0.0301999999999987,False,1,False,30.1999999999987,1.4800069429571319,"(23000, 26000]",65.40000000000002
23386,0.48560000000000003,0.41100000000000003,0.4124000000000001,0.4152,938900.375,-0.006621537834052681,0.07040000000000002,0.0014000000000000679,0.0027999999999998,True,4,False,2.7999999999998,0.4471580313421882,"(23000, 26000]",70.40000000000002
23408,0.6134000000000001,0.15720000000000003,0.4972000000000001,0.5456000000000001,645431.0,-0.0405935445171521,0.06779999999999997,0.3400000000000001,0.0483999999999946,False,2,False,48.3999999999946,1.684845361644364,"(23000, 26000]",67.79999999999997
23441,0.4404,0.3658,0.3668,0.37,1019306.5,-0.012075388005840246,0.07040000000000002,0.0010000000000000009,0.0031999999999998,True,0,False,3.1999999999998,0.5051499783198788,"(23000, 26000]",70.40000000000002
23474,0.44720000000000004,0.37240000000000006,0.37360000000000004,0.3762,1123168.0,-0.006116742024568008,0.07100000000000006,0.0011999999999999789,0.0025999999999998,True,3,False,2.5999999999998,0.4149733479707845,"(23000, 26000]",71.00000000000006
23496,0.39239999999999997,0.29980000000000007,0.3034,0.3236,801308.125,-0.018153936083419846,0.06879999999999997,0.0035999999999999366,0.0201999999999998,False,3,False,20.1999999999998,1.3053513694466194,"(23000, 26000]",68.79999999999997
23522,0.5326000000000001,0.34140000000000004,0.349,0.44400000000000006,614338.5625,-0.008246315784801886,0.08860000000000001,0.00759999999999994,0.0949999999999961,False,6,False,94.9999999999961,1.97772360528883,"(23000, 26000]",88.60000000000001
23589,0.5126000000000001,0.22440000000000002,0.36819999999999997,0.44620000000000004,638412.1875,-0.019355518378359592,0.06640000000000001,0.14379999999999996,0.0779999999999968,False,3,False,77.99999999999679,1.8920946026904626,"(23000, 26000]",66.40000000000002
23610,0.6228,0.257,0.4588000000000001,0.56,737413.9375,0.0013839916160131567,0.06279999999999997,0.2018000000000001,0.1011999999999888,False,1,False,101.1999999999888,2.005180512503732,"(23000, 26000]",62.79999999999997
23635,0.6404000000000001,0.13,0.5226000000000001,0.5724,640462.1875,-0.02165946351487378,0.06800000000000006,0.39260000000000006,0.0497999999999945,False,1,False,49.799999999994505,1.6972293427596696,"(23000, 26000]",68.00000000000006
23683,0.5882000000000001,0.3254,0.39060000000000006,0.5312,676453.375,-0.011843967945083798,0.05700000000000005,0.06520000000000004,0.1405999999999845,False,0,False,140.59999999998448,2.147985320683757,"(23000, 26000]",57.00000000000005
23706,0.39780000000000004,0.2986,0.3214,0.32800000000000007,748490.75,-0.015238413465279965,0.06979999999999997,0.022800000000000042,0.0065999999999999,True,0,False,6.5999999999999,0.8195439355418621,"(23000, 26000]",69.79999999999997
23728,0.48460000000000003,0.21180000000000002,0.28659999999999997,0.4264,669544.625,0.00323130322939173,0.05820000000000003,0.07479999999999995,0.1397999999999943,False,0,False,139.7999999999943,2.145507171409645,"(23000, 26000]",58.20000000000003
23765,0.5942000000000001,0.47320000000000007,0.4746,0.47620000000000007,462101.40625,-0.0033608123927073635,0.118,0.0013999999999999568,0.0015999999999998,True,3,False,1.5999999999998,0.2041199826558705,"(23000, 26000]",118.0
23790,0.4788,0.4042,0.4054000000000001,0.4076000000000001,871636.125,-0.010847936258952095,0.07119999999999993,0.0012000000000000899,0.0021999999999999,True,2,False,2.1999999999999,0.34242268082218646,"(23000, 26000]",71.19999999999993
23814,0.5780000000000001,0.45220000000000005,0.45600000000000007,0.5062000000000001,801583.0,-0.005245312975621364,0.07179999999999997,0.0038000000000000256,0.0501999999999944,False,5,False,50.199999999994404,1.7007037171449708,"(23000, 26000]",71.79999999999997
23840,0.4172,0.33940000000000003,0.34320000000000006,0.346,895464.25,-0.0059146966660729335,0.07120000000000004,0.0038000000000000256,0.0027999999999998,True,0,False,2.7999999999998,0.4471580313421882,"(23000, 26000]",71.20000000000005
23867,0.47840000000000005,0.40180000000000005,0.4042,0.40700000000000003,1190150.125,-0.0044117509932570485,0.07140000000000002,0.0023999999999999577,0.0027999999999998,True,0,False,2.7999999999998,0.4471580313421882,"(23000, 26000]",71.40000000000002
23893,0.4810000000000001,0.4066000000000001,0.40780000000000005,0.4112,809844.25,-0.01418042005067641,0.06980000000000008,0.0011999999999999789,0.0033999999999998,True,1,False,3.3999999999998,0.5314789170422296,"(23000, 26000]",69.80000000000008
23919,0.32500000000000007,0.2508,0.2518,0.2532,822046.375,-0.009543292260845685,0.07180000000000009,0.0010000000000000009,0.0014,True,0,False,1.4,0.146128035678238,"(23000, 26000]",71.80000000000008
23942,0.4176000000000001,0.1264,0.31120000000000003,0.34740000000000004,665637.3125,-0.012602442940726825,0.07020000000000004,0.18480000000000002,0.0361999999999985,False,2,False,36.1999999999985,1.5587085705331476,"(23000, 26000]",70.20000000000005
23988,0.6128,0.11680000000000001,0.5176000000000001,0.5458000000000001,435192.0625,-0.030366719909442282,0.06699999999999995,0.40080000000000005,0.0281999999999968,False,5,False,28.199999999996802,1.4502491083193119,"(23000, 26000]",66.99999999999994
24013,0.40160000000000007,0.3278,0.3286,0.33120000000000005,778974.0625,-0.012378030929704414,0.07040000000000002,0.0008000000000000229,0.0025999999999999,True,0,False,2.5999999999999,0.41497334797080127,"(23000, 26000]",70.40000000000002
24037,0.5034000000000001,0.42980000000000007,0.4304,0.4314,653930.1875,-0.004514766403891738,0.07200000000000006,0.0005999999999999339,0.0009999999999999,True,1,False,0.9999999999999001,-4.339473599490009e-14,"(23000, 26000]",72.00000000000006
24070,0.39680000000000004,0.32220000000000004,0.32320000000000004,0.3258,803209.5625,-0.004759114662868571,0.07100000000000006,0.0010000000000000009,0.0025999999999999,True,0,False,2.5999999999999,0.41497334797080127,"(23000, 26000]",71.00000000000006
24095,0.47240000000000004,0.394,0.4014000000000001,0.40260000000000007,495327.90625,-0.022779062771107497,0.06979999999999997,0.007400000000000073,0.0011999999999999,True,5,False,1.1999999999999,0.07918124604758865,"(23000, 26000]",69.79999999999997
24135,0.4234,0.34840000000000004,0.3496,0.35240000000000005,1019041.375,-0.0032526485944633504,0.07099999999999995,0.0011999999999999789,0.0027999999999998,True,1,False,2.7999999999998,0.4471580313421882,"(23000, 26000]",70.99999999999996
24167,0.4344,0.3598,0.361,0.3638,856485.6875,-0.005656448848094441,0.0706,0.0011999999999999789,0.0027999999999998,True,0,False,2.7999999999998,0.4471580313421882,"(23000, 26000]",70.6
24201,0.4758,0.39860000000000007,0.40180000000000005,0.40460000000000007,1010826.9375,-0.011564820636334199,0.07119999999999993,0.0031999999999999806,0.0027999999999998,True,0,False,2.7999999999998,0.4471580313421882,"(23000, 26000]",71.19999999999993
24221,0.4496,0.37460000000000004,0.376,0.379,973526.8125,-0.00841196546477373,0.0706,0.0013999999999999568,0.0029999999999998,True,0,False,2.9999999999998,0.4771212547196335,"(23000, 26000]",70.6
24313,0.4538000000000001,0.3788,0.38,0.38280000000000003,1003700.875,0.006122755486351947,0.07100000000000006,0.0011999999999999789,0.0027999999999998,True,1,False,2.7999999999998,0.4471580313421882,"(23000, 26000]",71.00000000000006
24336,0.41280000000000006,0.33740000000000003,0.3386,0.3418,1028986.1875,-0.008545270044016019,0.07100000000000006,0.0011999999999999789,0.0031999999999998,True,3,False,3.1999999999998,0.5051499783198788,"(23000, 26000]",71.00000000000006
24359,0.45020000000000004,0.37460000000000004,0.376,0.3792,997819.0625,-0.008050455489487855,0.07100000000000006,0.0013999999999999568,0.0031999999999998,True,2,False,3.1999999999998,0.5051499783198788,"(23000, 26000]",71.00000000000006
24381,0.5972000000000001,0.1952,0.5042000000000001,0.5292,436329.6875,-0.021036135501752904,0.06800000000000006,0.30900000000000005,0.0249999999999972,False,4,False,24.9999999999972,1.397940008671989,"(23000, 26000]",68.00000000000006
24403,0.5924,0.5126000000000001,0.5156000000000001,0.5212,1046982.6875,-0.006277211100165637,0.07120000000000004,0.0030000000000000027,0.0055999999999993,True,2,False,5.5999999999993,0.7481880270061461,"(23000, 26000]",71.20000000000005
24424,0.46940000000000004,0.3942,0.39560000000000006,0.39860000000000007,1048605.5,-0.00474703321384329,0.07079999999999997,0.0014000000000000679,0.0029999999999998,True,1,False,2.9999999999998,0.4771212547196335,"(23000, 26000]",70.79999999999997
24448,0.43000000000000005,0.1842,0.22340000000000002,0.3488,844927.875,0.00391738954179225,0.08120000000000005,0.03920000000000001,0.1253999999999949,False,4,False,125.3999999999949,2.09829753649468,"(23000, 26000]",81.20000000000005
24471,0.4206000000000001,0.3214,0.33220000000000005,0.3496,976576.6875,-0.00414433029116953,0.07100000000000006,0.010800000000000032,0.0173999999999992,False,3,False,17.3999999999992,1.2405492482825797,"(23000, 26000]",71.00000000000006
24497,0.47320000000000007,0.3972,0.39980000000000004,0.40280000000000005,939845.5625,-0.007121092875365361,0.07040000000000002,0.0026000000000000467,0.0029999999999998,True,0,False,2.9999999999998,0.4771212547196335,"(23000, 26000]",70.40000000000002
24519,0.38560000000000005,0.31079999999999997,0.31220000000000003,0.31420000000000003,908694.5,-0.007154216910737052,0.07140000000000002,0.0014000000000000679,0.0019999999999999,True,2,False,1.9999999999998999,0.30102999566395944,"(23000, 26000]",71.40000000000002
24542,0.4740000000000001,0.3974,0.39980000000000004,0.40280000000000005,1132397.125,-0.00477903425305632,0.07120000000000004,0.0024000000000000687,0.0029999999999998,True,0,False,2.9999999999998,0.4771212547196335,"(23000, 26000]",71.20000000000005
24566,0.4324,0.35520000000000007,0.358,0.361,1188770.125,-0.0014721383224676743,0.07140000000000002,0.0027999999999999137,0.0029999999999998,True,0,False,2.9999999999998,0.4771212547196335,"(23000, 26000]",71.40000000000002
24586,0.43300000000000005,0.3558,0.35840000000000005,0.36160000000000003,1185783.125,-0.0056835786891627,0.07140000000000002,0.0026000000000000467,0.0031999999999998,True,2,False,3.1999999999998,0.5051499783198788,"(23000, 26000]",71.40000000000002
24609,0.2782,0.20320000000000002,0.2044,0.2058,892737.9375,-0.004688885856900755,0.07239999999999999,0.0011999999999999789,0.0014,True,1,False,1.4,0.146128035678238,"(23000, 26000]",72.39999999999999
24634,0.3712,0.26580000000000004,0.28780000000000006,0.30080000000000007,961501.5625,-0.01243045342490018,0.07039999999999991,0.02200000000000002,0.0129999999999999,True,1,False,12.9999999999999,1.1139433523068334,"(23000, 26000]",70.3999999999999
24660,0.2562,0.18000000000000002,0.18240000000000003,0.1848,738108.75,-0.0027576676447258787,0.07139999999999999,0.0024000000000000132,0.0024,True,2,False,2.4,0.38021124171160603,"(23000, 26000]",71.39999999999999
24688,0.5112000000000001,0.2266,0.367,0.4444,646078.5,-0.017435923941034256,0.06680000000000008,0.1404,0.0773999999999968,False,2,False,77.39999999999681,1.8887409606828747,"(23000, 26000]",66.80000000000008
24710,0.4740000000000001,0.2186,0.3798,0.40560000000000007,762129.3125,-0.018215165452565504,0.06840000000000002,0.16120000000000004,0.0257999999999989,False,0,False,25.7999999999989,1.4116197059632116,"(23000, 26000]",68.40000000000002
24732,0.6986000000000001,0.126,0.5234000000000001,0.5960000000000001,650640.0625,0.008710503946306335,0.10260000000000002,0.3974000000000001,0.072599999999992,False,3,False,72.59999999999201,1.860936620700046,"(23000, 26000]",102.60000000000002
24754,0.47740000000000005,0.403,0.4042,0.40700000000000003,879911.0625,-0.011036666738406871,0.07040000000000002,0.0011999999999999789,0.0027999999999998,True,0,False,2.7999999999998,0.4471580313421882,"(23000, 26000]",70.40000000000002
24774,0.5284000000000001,0.28259999999999996,0.2892,0.46720000000000006,921615.5,-0.009985317138085243,0.06120000000000003,0.00660000000000005,0.1779999999999927,False,2,False,177.9999999999927,2.2504200023088763,"(23000, 26000]",61.20000000000003
24803,0.5882000000000001,0.348,0.352,0.522,842595.0625,-0.014121972726593683,0.06620000000000004,0.0040000000000000036,0.1699999999999812,False,2,False,169.99999999998118,2.2304489213782257,"(23000, 26000]",66.20000000000003
24830,0.3842,0.28859999999999997,0.2924,0.31420000000000003,692335.1875,-0.0099040049344325,0.06999999999999995,0.0038000000000000256,0.0217999999999998,False,0,False,21.799999999999798,1.3384564936046008,"(23000, 26000]",69.99999999999996
24861,0.5298,0.1298,0.3962,0.4626,663614.4375,-0.00942129138121524,0.06720000000000004,0.26639999999999997,0.0663999999999973,False,0,False,66.39999999999729,1.8221680793679997,"(23000, 26000]",67.20000000000003
24888,0.6456000000000001,0.29580000000000006,0.4122,0.5856,674511.375,0.013178461906498611,0.06000000000000005,0.11639999999999995,0.1733999999999809,False,0,False,173.3999999999809,2.2390490931401437,"(23000, 26000]",60.00000000000006
24910,0.3466,0.2552,0.2722,0.27560000000000007,676370.1875,-0.003838134145613492,0.07099999999999995,0.017000000000000015,0.0033999999999999,True,0,False,3.3999999999999,0.5314789170422424,"(23000, 26000]",70.99999999999996
24931,0.6268,0.1482,0.4102,0.5640000000000001,658823.375,0.011284812476769665,0.06279999999999997,0.262,0.153799999999983,False,0,False,153.79999999998302,2.1869563354653643,"(23000, 26000]",62.79999999999997
25013,0.6598,0.5870000000000001,0.5880000000000001,0.5888000000000001,674983.0625,-0.013470656300727546,0.07099999999999995,0.0010000000000000009,0.0007999999999999,True,0,False,0.7999999999999,-0.0969100130081107,"(23000, 26000]",70.99999999999996
25035,0.4286000000000001,0.3538,0.3546,0.35819999999999996,944052.9375,-0.005848435708253119,0.07040000000000013,0.0008000000000000229,0.0035999999999998,True,2,False,3.5999999999998,0.5563025007672631,"(23000, 26000]",70.40000000000013
25059,0.4062,0.31520000000000004,0.31920000000000004,0.33520000000000005,1008513.125,-0.008637569827425398,0.07099999999999995,0.0040000000000000036,0.0159999999999999,False,1,False,15.9999999999999,1.2041199826559221,"(23000, 26000]",70.99999999999996
25079,0.54,0.46720000000000006,0.4680000000000001,0.4690000000000001,670307.9375,-0.0003585857649514771,0.07099999999999995,0.0008000000000000229,0.0009999999999999,True,0,False,0.9999999999999001,-4.339473599490009e-14,"(23000, 26000]",70.99999999999996
25105,0.6012000000000001,0.528,0.5286000000000001,0.5294000000000001,690181.5,-0.0014057384335055797,0.07179999999999997,0.0006000000000000449,0.0007999999999999,True,3,False,0.7999999999999,-0.0969100130081107,"(23000, 26000]",71.79999999999997
25128,0.4202,0.3448,0.347,0.3496,809453.25,-0.013848123042467245,0.0706,0.0021999999999999797,0.0025999999999998,True,0,False,2.5999999999998,0.4149733479707845,"(23000, 26000]",70.6
25154,0.2994,0.1248,0.21459999999999999,0.22680000000000003,794929.9375,-0.002539779676386968,0.07259999999999997,0.08979999999999999,0.0122000000000003,True,5,False,12.2000000000003,1.0863598306747588,"(23000, 26000]",72.59999999999997
25178,0.6528,0.131,0.2456,0.5800000000000001,764103.9375,-0.0024883158113285964,0.07279999999999998,0.11460000000000001,0.3343999999999631,False,4,False,334.39999999996314,2.524266268766931,"(23000, 26000]",72.79999999999998
25212,0.32800000000000007,0.25339999999999996,0.2542,0.2552,1020311.0625,-0.005111146653529741,0.07280000000000009,0.0008000000000000229,0.001,True,2,False,1.0,0.0,"(23000, 26000]",72.80000000000008
25251,0.4696,0.34940000000000004,0.38040000000000007,0.399,969020.8125,-0.009114111439040944,0.0706,0.031000000000000028,0.0185999999999992,False,0,False,18.599999999999202,1.2695129442178976,"(23000, 26000]",70.6
25272,0.2312,0.1554,0.1576,0.16,699110.1875,-0.005259298764979197,0.07119999999999999,0.0021999999999999797,0.0024,True,5,False,2.4,0.38021124171160603,"(23000, 26000]",71.19999999999999
25294,0.34620000000000006,0.272,0.2732,0.2764,791888.0,-0.018015725106880643,0.06980000000000008,0.0011999999999999789,0.0031999999999999,True,4,False,3.1999999999999,0.5051499783198924,"(23000, 26000]",69.80000000000008
25316,0.5486000000000001,0.1026,0.367,0.4902000000000001,645839.3125,-0.023355373492187345,0.05840000000000001,0.26439999999999997,0.1231999999999864,False,0,False,123.1999999999864,2.090610707828359,"(23000, 26000]",58.400000000000006
25341,0.5794,0.26539999999999997,0.47220000000000006,0.5086,762379.625,-0.010045032903350152,0.07079999999999997,0.2068000000000001,0.0363999999999959,False,4,False,36.3999999999959,1.561101383649007,"(23000, 26000]",70.79999999999997
25363,0.44000000000000006,0.36460000000000004,0.366,0.36819999999999997,934617.3125,-0.00842626432680301,0.07180000000000009,0.0013999999999999568,0.0021999999999999,True,1,False,2.1999999999999,0.34242268082218646,"(23000, 26000]",71.80000000000008
25441,2.3342,0.5042000000000001,0.6916000000000001,1.7986,354455.5625,0.037924025627154606,0.5356000000000001,0.1874,1.106999999999878,False,0,False,1106.9999999998781,3.044147620878675,"(23000, 26000]",535.6
25463,2.3778,0.5052000000000001,0.6886000000000001,1.8034,389399.09375,0.03525973131999617,0.5744000000000002,0.1834,1.1147999999998772,False,0,False,1114.7999999998772,3.0471969600412185,"(23000, 26000]",574.4000000000002
25487,2.356,0.1968,0.634,1.7514,413038.71875,0.03012665882791406,0.6045999999999998,0.43720000000000003,1.117399999999877,False,0,False,1117.3999999998769,3.048208667024098,"(23000, 26000]",604.5999999999998
25519,2.3686,0.37160000000000004,0.6644000000000001,1.769,402568.21875,0.03438359156596363,0.5995999999999999,0.29280000000000006,1.1045999999998783,False,0,False,1104.5999999998783,3.0432050388876104,"(23000, 26000]",599.5999999999999
25595,2.2864,0.0006000000000000033,0.6110000000000001,1.7074,384542.5625,0.03832790788682202,0.579,0.6104,1.0963999999998792,False,0,False,1096.3999999998794,3.039969026867413,"(23000, 26000]",579.0
25656,0.7656000000000001,0.1298,0.40060000000000007,0.4284,437793.84375,0.03097551471322511,0.33720000000000006,0.27080000000000004,0.0277999999999969,False,0,False,27.7999999999969,1.4440447959180278,"(23000, 26000]",337.20000000000005
25683,0.7786000000000001,0.44520000000000004,0.4458000000000001,0.4466,469585.1875,0.029512996959550602,0.3320000000000001,0.0006000000000000449,0.0007999999999999,True,5,False,0.7999999999999,-0.0969100130081107,"(23000, 26000]",332.00000000000006
25714,0.7892,0.3298,0.4738,0.507,438080.3125,0.031557995483847495,0.2822,0.14400000000000002,0.0331999999999963,False,9,False,33.1999999999963,1.5211380837039878,"(23000, 26000]",282.2
25750,0.6894,0.26639999999999997,0.2672,0.26960000000000006,954661.8125,0.014931376590558345,0.41979999999999995,0.0008000000000000229,0.0023999999999997,True,0,False,2.3999999999997,0.38021124171155174,"(23000, 26000]",419.79999999999995
25781,0.6930000000000001,0.15020000000000003,0.35960000000000003,0.39060000000000006,649232.75,0.02184535322655858,0.3024,0.2094,0.0309999999999965,False,1,False,30.9999999999965,1.4913616938342236,"(23000, 26000]",302.4
25809,0.7072,0.152,0.34099999999999997,0.42280000000000006,799088.3125,0.01845418852523575,0.2844,0.18899999999999997,0.0817999999999909,False,4,False,81.79999999999089,1.9127533036712747,"(23000, 26000]",284.4
25898,0.6880000000000001,0.2194,0.31120000000000003,0.3146,768067.4375,0.01891253531896084,0.37340000000000007,0.09180000000000002,0.0033999999999996,True,2,False,3.3999999999996,0.531478917042204,"(23000, 26000]",373.4000000000001
25949,0.6584000000000001,0.3086,0.3094,0.3124,919616.875,0.015399247869527188,0.3460000000000001,0.0008000000000000229,0.0029999999999996,True,2,False,2.9999999999996003,0.4771212547196046,"(23000, 26000]",346.0000000000001
25971,0.6676000000000001,0.15220000000000003,0.35020000000000007,0.4830000000000001,790061.875,0.0179173441913964,0.1846,0.19800000000000004,0.1327999999999853,False,0,False,132.7999999999853,2.123198075031951,"(23000, 26000]",184.6
25998,0.81,0.25560000000000005,0.25639999999999996,0.25760000000000005,900064.5625,0.01611978763953947,0.5524,0.0007999999999999119,0.0011999999999998,True,2,False,1.1999999999998,0.0791812460475524,"(23000, 26000]",552.4
26026,0.6672,0.28480000000000005,0.28800000000000003,0.29059999999999997,867464.875,0.016202713863486404,0.37660000000000005,0.0031999999999999806,0.0025999999999997,True,1,False,2.5999999999997003,0.4149733479707679,"(26000, 31000]",376.6
26050,0.793,0.4666,0.4676,0.47020000000000006,526162.1875,0.027553291255844947,0.3228,0.0010000000000000009,0.0025999999999997,True,1,False,2.5999999999997003,0.4149733479707679,"(26000, 31000]",322.79999999999995
26084,0.7892,0.26360000000000006,0.2642,0.2652,773839.1875,0.017636486892827458,0.524,0.0005999999999999339,0.0009999999999998,True,6,False,0.9999999999998,-8.683768836313219e-14,"(26000, 31000]",524.0
26114,0.7036000000000001,0.2612,0.2752,0.30600000000000005,855817.8125,0.015947630911879975,0.39760000000000006,0.014000000000000012,0.0307999999999966,False,4,False,30.7999999999966,1.4885507165003964,"(26000, 31000]",397.6000000000001
26138,0.7822000000000001,0.21320000000000003,0.21480000000000002,0.218,881385.0625,0.01613503153878331,0.5642000000000001,0.0015999999999999903,0.0031999999999996,True,0,False,3.1999999999996,0.5051499783198516,"(26000, 31000]",564.2000000000002
26163,0.8132,0.25460000000000005,0.25539999999999996,0.25660000000000005,873693.625,0.016238419183054586,0.5566,0.0007999999999999119,0.0011999999999998,True,2,False,1.1999999999998,0.0791812460475524,"(26000, 31000]",556.6
26187,0.7180000000000001,0.23879999999999998,0.23940000000000003,0.2418,693592.0625,0.01986206116473543,0.47620000000000007,0.0006000000000000449,0.0023999999999997,True,0,False,2.3999999999997,0.38021124171155174,"(26000, 31000]",476.20000000000005
26213,0.637,0.3042,0.3054,0.3084,887484.9375,0.015395892898604829,0.3286,0.0011999999999999789,0.0029999999999996,True,1,False,2.9999999999996003,0.4771212547196046,"(26000, 31000]",328.6
26242,0.6090000000000001,0.20060000000000003,0.30600000000000005,0.3338,809652.625,0.017904869522747488,0.2752000000000001,0.10540000000000002,0.0277999999999969,False,3,False,27.7999999999969,1.4440447959180278,"(26000, 31000]",275.2000000000001
26270,0.7708,0.4204,0.4262,0.42880000000000007,499610.78125,0.028800264909340366,0.34199999999999997,0.005800000000000027,0.0025999999999997,True,1,False,2.5999999999997003,0.4149733479707679,"(26000, 31000]",341.99999999999994
26314,0.7302000000000001,0.153,0.3912,0.5186000000000001,785333.6875,0.018097366642873702,0.2116,0.2382,0.1273999999999859,False,7,False,127.39999999998591,2.1051694279992836,"(26000, 31000]",211.60000000000002
26354,0.6038,0.34220000000000006,0.344,0.3466,1021587.625,0.013813697423899395,0.2572,0.0017999999999999128,0.0025999999999997,True,0,False,2.5999999999997003,0.4149733479707679,"(26000, 31000]",257.2
26381,0.6934,0.3094,0.3124,0.31520000000000004,1090930.25,0.012840162494061834,0.3782,0.0030000000000000027,0.0027999999999996,True,0,False,2.7999999999996,0.4471580313421572,"(26000, 31000]",378.2
26407,0.8146000000000001,0.13,0.42580000000000007,0.4678000000000001,664543.75,0.020609947673215646,0.3468,0.29580000000000006,0.0419999999999953,False,4,False,41.999999999995296,1.623249290397852,"(26000, 31000]",346.8
26449,0.7312000000000001,0.1672,0.2216,0.5064000000000001,637629.4375,0.0224540683945446,0.2248,0.054400000000000004,0.2847999999999686,False,0,False,284.7999999999686,2.4545399849647707,"(26000, 31000]",224.8
26474,0.7580000000000001,0.4528000000000001,0.5742,0.5970000000000001,454764.53125,0.030199411233766925,0.16100000000000003,0.12139999999999995,0.0227999999999974,False,0,False,22.7999999999974,1.3579348470004042,"(26000, 31000]",161.00000000000003
26510,0.7878000000000001,0.3692,0.46940000000000004,0.5132000000000001,444575.90625,0.03217663801998379,0.27459999999999996,0.10020000000000007,0.0437999999999951,False,1,False,43.7999999999951,1.641474110504051,"(26000, 31000]",274.59999999999997
26541,0.5852,0.2532,0.40700000000000003,0.5112000000000001,796420.3125,0.018726081940872146,0.07399999999999995,0.15380000000000005,0.1041999999999885,False,3,False,104.19999999998849,2.0178677189634575,"(26000, 31000]",73.99999999999996
26574,0.7252000000000001,0.2672,0.4214,0.5048,667730.5625,0.021402136062272124,0.22040000000000004,0.1542,0.0833999999999908,False,3,False,83.3999999999908,1.9211660506376909,"(26000, 31000]",220.40000000000003
26603,0.7000000000000001,0.3054,0.32400000000000007,0.4790000000000001,803866.625,0.016989657886732765,0.22099999999999997,0.01860000000000006,0.1549999999999829,False,2,False,154.9999999999829,2.1903316981702434,"(26000, 31000]",220.99999999999997
26635,0.5516000000000001,0.3124,0.31820000000000004,0.4766,807724.3125,0.014961140051730212,0.07500000000000007,0.005800000000000027,0.1583999999999825,False,0,False,158.3999999999825,2.1997551772534267,"(26000, 31000]",75.00000000000007
26755,0.7030000000000001,0.15280000000000002,0.35240000000000005,0.4838,787048.8125,0.01820850399327996,0.21920000000000006,0.19960000000000003,0.1313999999999855,False,2,False,131.3999999999855,2.118595365223714,"(26000, 31000]",219.20000000000007
26782,0.7552000000000001,0.1286,0.5910000000000001,0.5942000000000001,456437.15625,0.03097287480840907,0.16100000000000003,0.4624000000000001,0.0031999999999996,True,5,False,3.1999999999996,0.5051499783198516,"(26000, 31000]",161.00000000000003
26808,0.6972,0.33799999999999997,0.3408,0.344,1022417.875,0.014472356421230898,0.35320000000000007,0.0028000000000000247,0.0031999999999996,True,0,False,3.1999999999996,0.5051499783198516,"(26000, 31000]",353.20000000000005
26838,0.387,0.31200000000000006,0.3126,0.31379999999999997,1004921.5625,0.006329424050975372,0.07320000000000004,0.0005999999999999339,0.0011999999999999,True,2,False,1.1999999999999,0.07918124604758865,"(26000, 31000]",73.20000000000005
26861,0.6132000000000001,0.29880000000000007,0.30080000000000007,0.3036,998109.125,0.013974187112932166,0.3096000000000001,0.0020000000000000018,0.0027999999999996,True,1,False,2.7999999999996,0.4471580313421572,"(26000, 31000]",309.6000000000001
26891,0.49760000000000004,0.4212,0.4222,0.4252,1025114.25,0.005349243217737681,0.07240000000000002,0.0010000000000000009,0.0029999999999998,True,4,False,2.9999999999998,0.4771212547196335,"(26000, 31000]",72.40000000000002
26928,0.6908000000000001,0.42080000000000006,0.4216000000000001,0.42280000000000006,804148.75,0.017711371370579758,0.268,0.0008000000000000229,0.0011999999999998,True,0,False,1.1999999999998,0.0791812460475524,"(26000, 31000]",268.0
26958,0.7858,0.41200000000000003,0.41300000000000003,0.41400000000000003,766576.125,0.018411261880954745,0.3718,0.0010000000000000009,0.0009999999999998,True,2,False,0.9999999999998,-8.683768836313219e-14,"(26000, 31000]",371.8
26984,0.4852000000000001,0.33620000000000005,0.4106000000000001,0.41400000000000003,823485.0,0.005883983400198547,0.07120000000000004,0.07440000000000002,0.0033999999999998,True,4,False,3.3999999999998,0.5314789170422296,"(26000, 31000]",71.20000000000005
27013,0.4274,0.35140000000000005,0.3526,0.35540000000000005,876811.375,0.0077663466600784,0.07199999999999995,0.0011999999999999789,0.0027999999999998,True,0,False,2.7999999999998,0.4471580313421882,"(26000, 31000]",71.99999999999996
27046,0.5882000000000001,0.36260000000000003,0.364,0.3668,955735.1875,0.016172195122302117,0.22140000000000004,0.0013999999999999568,0.0027999999999996,True,0,False,2.7999999999996,0.4471580313421572,"(26000, 31000]",221.40000000000003
27076,0.642,0.1482,0.533,0.5728000000000001,432970.09375,0.00684022879340757,0.06919999999999993,0.38480000000000003,0.0397999999999956,False,0,False,39.799999999995606,1.59988307207364,"(26000, 31000]",69.19999999999993
27100,0.5424000000000001,0.1504,0.3476,0.4776,790577.75,0.023977416160206887,0.06480000000000008,0.19720000000000001,0.1299999999999947,False,0,False,129.9999999999947,2.113943352306819,"(26000, 31000]",64.80000000000008
27124,0.5982000000000001,0.26139999999999997,0.4544,0.5286000000000001,662000.625,0.022081103173524193,0.0696,0.19300000000000006,0.0741999999999918,False,2,False,74.1999999999918,1.8704039052789792,"(26000, 31000]",69.6
27148,0.26060000000000005,0.1838,0.1858,0.18800000000000003,680123.4375,0.012650913264825548,0.07260000000000003,0.0020000000000000018,0.0022,True,0,False,2.2,0.3424226808222063,"(26000, 31000]",72.60000000000002
27172,0.6324000000000001,0.38239999999999996,0.40160000000000007,0.5528000000000001,780925.6875,0.014982758392663963,0.0796,0.019200000000000106,0.1511999999999833,False,7,False,151.1999999999833,2.1795517911651396,"(26000, 31000]",79.60000000000001
27195,0.4518000000000001,0.28700000000000003,0.3476,0.38040000000000007,797079.4375,0.003246380685884429,0.07140000000000002,0.06059999999999999,0.0327999999999986,False,0,False,32.799999999998604,1.5158738437116606,"(26000, 31000]",71.40000000000002
27218,0.7842000000000001,0.1116,0.5448000000000001,0.6040000000000001,436973.5625,0.032148847194989054,0.18020000000000003,0.43320000000000003,0.0591999999999934,False,0,False,59.199999999993395,1.7723217067228714,"(26000, 31000]",180.20000000000002
27240,0.4418000000000001,0.2402,0.3668,0.36960000000000004,792968.3125,0.013117440734745626,0.07220000000000004,0.12660000000000002,0.0027999999999998,True,1,False,2.7999999999998,0.4471580313421882,"(26000, 31000]",72.20000000000005
27266,0.5660000000000001,0.15,0.36419999999999997,0.495,792471.375,0.016430476895379974,0.07100000000000006,0.21419999999999997,0.1307999999999856,False,3,False,130.7999999999856,2.1166077439882005,"(26000, 31000]",71.00000000000006
27286,0.5924,0.3144,0.3186,0.3216,941398.6875,0.015023113422189151,0.27080000000000004,0.0041999999999999815,0.0029999999999996,True,1,False,2.9999999999996003,0.4771212547196046,"(26000, 31000]",270.80000000000007
27311,0.5972000000000001,0.23779999999999998,0.4518000000000001,0.5268,664391.9375,0.020276495361689274,0.07040000000000002,0.2140000000000001,0.0749999999999917,False,5,False,74.9999999999917,1.875061263391652,"(26000, 31000]",70.40000000000002
27334,0.5876,0.3548,0.35840000000000005,0.36140000000000005,1009445.5625,0.014638378762871624,0.22619999999999996,0.0036000000000000476,0.0029999999999996,True,8,False,2.9999999999996003,0.4771212547196046,"(26000, 31000]",226.19999999999996
27366,0.5422,0.15020000000000003,0.3558,0.48040000000000005,770609.9375,0.005251133216087192,0.061799999999999966,0.20559999999999998,0.1245999999999949,False,6,False,124.59999999999489,2.095518042323133,"(26000, 31000]",61.79999999999997
27388,0.5294000000000001,0.4548000000000001,0.45620000000000005,0.4588000000000001,791757.625,-0.0072118615677603986,0.0706,0.0013999999999999568,0.0025999999999998,True,1,False,2.5999999999998,0.4149733479707845,"(26000, 31000]",70.6
27411,0.47220000000000006,0.397,0.39860000000000007,0.40160000000000007,986035.125,-0.011066603302100927,0.0706,0.0016000000000000458,0.0029999999999998,True,0,False,2.9999999999998,0.4771212547196335,"(26000, 31000]",70.6
27433,0.5954,0.5166000000000001,0.5192000000000001,0.5242,708104.75,0.001231561465907101,0.07120000000000004,0.0026000000000000467,0.0049999999999994,True,6,False,4.9999999999994,0.6989700043359667,"(26000, 31000]",71.20000000000005
27463,0.5650000000000001,0.14780000000000001,0.3496,0.47320000000000007,771941.9375,0.003063243652615227,0.09179999999999999,0.2018,0.1235999999999863,False,0,False,123.59999999998631,2.0920184707527487,"(26000, 31000]",91.8
27486,0.5252,0.45100000000000007,0.45220000000000005,0.4548000000000001,760622.4375,-0.011305090212300632,0.07039999999999991,0.0011999999999999789,0.0025999999999998,True,1,False,2.5999999999998,0.4149733479707845,"(26000, 31000]",70.3999999999999
27510,0.4166000000000001,0.33899999999999997,0.3428,0.3456,1061904.625,-0.008608050568512686,0.07100000000000006,0.0038000000000000256,0.0027999999999998,True,2,False,2.7999999999998,0.4471580313421882,"(26000, 31000]",71.00000000000006
27532,0.5342,0.1272,0.38060000000000005,0.4680000000000001,667429.25,0.00787997481919432,0.06619999999999993,0.25340000000000007,0.0873999999999964,False,0,False,87.3999999999964,1.9415114326343852,"(26000, 31000]",66.19999999999993
27555,0.5376000000000001,0.4630000000000001,0.46440000000000003,0.46640000000000004,681023.6875,-0.007296290670276795,0.07120000000000004,0.0013999999999999568,0.0019999999999999,True,1,False,1.9999999999998999,0.30102999566395944,"(26000, 31000]",71.20000000000005
27579,0.5866,0.5084000000000001,0.5108,0.5168,708672.875,-0.008340450280259775,0.06979999999999997,0.0023999999999999577,0.0059999999999993,True,4,False,5.9999999999993,0.778151250383593,"(26000, 31000]",69.79999999999997
27603,0.35660000000000003,0.2804,0.28359999999999996,0.28659999999999997,681950.5,-0.01302485108660746,0.07000000000000006,0.0031999999999999806,0.0029999999999999,True,0,False,2.9999999999999,0.47712125471964795,"(26000, 31000]",70.00000000000006
27629,0.5514,0.26439999999999997,0.3556,0.4858,743093.25,-0.0019571565930865675,0.06559999999999999,0.09120000000000006,0.1301999999999856,False,5,False,130.1999999999856,2.114610984232125,"(26000, 31000]",65.6
27651,0.5312,0.1494,0.3556,0.4710000000000001,765454.4375,-0.001831154747657662,0.06019999999999992,0.20620000000000002,0.1153999999999953,False,4,False,115.3999999999953,2.062205808819695,"(26000, 31000]",60.19999999999992
27672,0.5046,0.4302,0.4314,0.43420000000000003,940204.9375,-0.015041076441844893,0.07040000000000002,0.0011999999999999789,0.0027999999999998,True,10,False,2.7999999999998,0.4471580313421882,"(26000, 31000]",70.40000000000002
27697,0.5324000000000001,0.45740000000000003,0.4586,0.46120000000000005,806266.0,-0.002449212387480915,0.07120000000000004,0.0011999999999999789,0.0025999999999998,True,10,False,2.5999999999998,0.4149733479707845,"(26000, 31000]",71.20000000000005
27724,0.5688000000000001,0.1326,0.4962000000000001,0.498,608489.625,-0.008238263633860233,0.07080000000000009,0.3636000000000001,0.0017999999999998,True,4,False,1.7999999999998,0.25527250510325783,"(26000, 31000]",70.80000000000008
27750,0.2834,0.2094,0.2104,0.21159999999999998,760959.9375,-0.007886251033747751,0.0718,0.0010000000000000009,0.0012,True,3,False,1.2,0.07918124604762482,"(26000, 31000]",71.8
27773,0.4766,0.2672,0.3738,0.37740000000000007,746620.375,-0.017780580592915107,0.09919999999999995,0.10660000000000003,0.0035999999999998,True,7,False,3.5999999999998,0.5563025007672631,"(26000, 31000]",99.19999999999996
27797,0.531,0.45840000000000003,0.4590000000000001,0.4600000000000001,872061.0625,-0.014288573730537935,0.07099999999999995,0.0006000000000000449,0.0009999999999999,True,0,False,0.9999999999999001,-4.339473599490009e-14,"(26000, 31000]",70.99999999999996
27824,0.4678000000000001,0.1832,0.36740000000000006,0.40260000000000007,428319.6875,-0.025312795714065795,0.06520000000000004,0.18420000000000006,0.0351999999999985,False,2,False,35.199999999998504,1.5465426634781125,"(26000, 31000]",65.20000000000003
27860,0.2732,0.1706,0.19960000000000003,0.20260000000000003,757347.6875,-0.007495163605710158,0.07059999999999997,0.029000000000000026,0.003,True,11,False,3.0,0.47712125471966244,"(26000, 31000]",70.59999999999997
27881,0.41900000000000004,0.28700000000000003,0.28959999999999997,0.2924,894484.75,-0.004661710668138836,0.12660000000000005,0.0025999999999999357,0.0027999999999998,True,1,False,2.7999999999998,0.4471580313421882,"(26000, 31000]",126.60000000000005
27905,0.5074000000000001,0.3722,0.37440000000000007,0.37760000000000005,1119300.0,-0.009522811411149825,0.12980000000000003,0.0022000000000000908,0.0031999999999998,True,12,False,3.1999999999998,0.5051499783198788,"(26000, 31000]",129.80000000000004
27930,0.5594,0.48740000000000006,0.4882000000000001,0.4890000000000001,713872.875,-0.018422005075571055,0.07039999999999991,0.0008000000000000229,0.0007999999999999,True,0,False,0.7999999999999,-0.0969100130081107,"(26000, 31000]",70.3999999999999
27954,0.5344000000000001,0.3106,0.3194,0.4698,773279.75,-0.008704154083628854,0.0646000000000001,0.00880000000000003,0.1503999999999938,False,1,False,150.39999999999378,2.1772478362556056,"(26000, 31000]",64.60000000000011
27993,0.5296000000000001,0.15180000000000002,0.36940000000000006,0.44200000000000006,777052.125,-0.005451547063807013,0.08760000000000001,0.21760000000000004,0.072599999999997,False,5,False,72.599999999997,1.8609366207000757,"(26000, 31000]",87.60000000000001
28016,0.4136000000000001,0.33799999999999997,0.34020000000000006,0.34320000000000006,949273.125,-0.02033947067723528,0.07040000000000002,0.0022000000000000908,0.0029999999999998,True,6,False,2.9999999999998,0.4771212547196335,"(26000, 31000]",70.40000000000002
28037,0.4860000000000001,0.36819999999999997,0.37060000000000004,0.37360000000000004,939341.5625,-0.00700979085083867,0.11240000000000006,0.0024000000000000687,0.0029999999999998,True,3,False,2.9999999999998,0.4771212547196335,"(26000, 31000]",112.40000000000006
28059,0.32920000000000005,0.2532,0.2558,0.25860000000000005,815861.5625,-0.012105772865877598,0.0706,0.0026000000000000467,0.0028,True,1,False,2.8,0.4471580313422192,"(26000, 31000]",70.6
28084,0.5388000000000001,0.3052,0.4126000000000001,0.43600000000000005,647004.0,-0.004578900053771886,0.1028,0.10740000000000005,0.023399999999999,False,0,False,23.399999999999,1.3692158574101243,"(26000, 31000]",102.8
28109,0.541,0.1454,0.35520000000000007,0.4796,780322.875,0.0018584071276565326,0.06140000000000001,0.20980000000000007,0.1243999999999949,False,3,False,124.3999999999949,2.0948203803547822,"(26000, 31000]",61.40000000000001
28130,0.38560000000000005,0.3094,0.31200000000000006,0.31520000000000004,1019615.0,-0.012255049815065,0.07040000000000002,0.0026000000000000467,0.0031999999999999,True,6,False,3.1999999999999,0.5051499783198924,"(26000, 31000]",70.40000000000002
28154,0.36819999999999997,0.2914,0.29500000000000004,0.2976,696444.0,-0.006092794308031228,0.0706,0.0036000000000000476,0.0025999999999999,True,7,False,2.5999999999999,0.41497334797080127,"(26000, 31000]",70.6
28178,0.4062,0.3256,0.33299999999999996,0.33640000000000003,888175.5625,-0.016266197661582812,0.06979999999999997,0.007399999999999962,0.0033999999999999,True,0,False,3.3999999999999,0.5314789170422424,"(26000, 31000]",69.79999999999997
28200,0.46240000000000003,0.33599999999999997,0.33699999999999997,0.3396,1070030.625,-0.0013465733804201867,0.12280000000000002,0.0010000000000000009,0.0025999999999998,True,12,False,2.5999999999998,0.4149733479707845,"(26000, 31000]",122.80000000000003
28223,0.4716,0.3964,0.39880000000000004,0.40180000000000005,685656.6875,-0.0051888497496059205,0.06979999999999997,0.0024000000000000687,0.0029999999999998,True,5,False,2.9999999999998,0.4771212547196335,"(26000, 31000]",69.79999999999997
28245,0.55,0.2452,0.41000000000000003,0.48960000000000004,615122.3125,-0.0010691244986896407,0.06040000000000001,0.16480000000000003,0.0795999999999912,False,4,False,79.59999999999121,1.9009130677376211,"(26000, 31000]",60.400000000000006
28272,0.20960000000000004,0.1306,0.1366,0.1386,757903.625,-0.014108266146223406,0.07100000000000004,0.006000000000000005,0.002,True,14,False,2.0,0.3010299956639812,"(26000, 31000]",71.00000000000003
28298,0.4548000000000001,0.32520000000000004,0.3266,0.32920000000000005,1049296.75,0.00010280031303136407,0.12560000000000004,0.0013999999999999568,0.0025999999999998,True,11,False,2.5999999999998,0.4149733479707845,"(26000, 31000]",125.60000000000005
28319,0.5,0.37360000000000004,0.3762,0.37940000000000007,1030421.625,-0.007992969777056066,0.12059999999999993,0.0025999999999999357,0.0031999999999998,True,6,False,3.1999999999998,0.5051499783198788,"(26000, 31000]",120.59999999999992
28341,0.402,0.28180000000000005,0.2832,0.2864,839997.3125,-0.0045989140464697915,0.11560000000000004,0.0013999999999999568,0.0031999999999999,True,2,False,3.1999999999999,0.5051499783198924,"(26000, 31000]",115.60000000000004
28739,0.24140000000000003,0.16980000000000003,0.1702,0.1706,453030.84375,-0.012822923135683298,0.07080000000000003,0.00039999999999995595,0.0004,True,5,False,0.4,-0.3979400086720376,"(26000, 31000]",70.80000000000003
28770,0.398,0.3238,0.32500000000000007,0.3278,668499.375,-0.012507723396805719,0.07020000000000004,0.0012000000000000899,0.0027999999999999,True,1,False,2.7999999999999,0.4471580313422037,"(26000, 31000]",70.20000000000005
28796,0.6006,0.5152000000000001,0.516,0.517,498069.21875,-0.017235687544056848,0.08360000000000001,0.0007999999999999119,0.0009999999999998,True,2,False,0.9999999999998,-8.683768836313219e-14,"(26000, 31000]",83.60000000000001
28826,0.47440000000000004,0.39980000000000004,0.4012,0.40380000000000005,676854.6875,-0.009820413874377579,0.0706,0.0013999999999999568,0.0025999999999998,True,5,False,2.5999999999998,0.4149733479707845,"(26000, 31000]",70.6
28849,0.38040000000000007,0.3076,0.3094,0.3114,490318.5625,-0.014020388108330591,0.06900000000000006,0.0018000000000000238,0.0019999999999999,True,1,False,1.9999999999998999,0.30102999566395944,"(26000, 31000]",69.00000000000006
28900,0.5102000000000001,0.128,0.366,0.4488000000000001,590727.625,-0.045576591347831416,0.06140000000000001,0.238,0.0827999999999966,False,5,False,82.7999999999966,1.9180303367848623,"(26000, 31000]",61.40000000000001
28977,0.36119999999999997,0.28600000000000003,0.28780000000000006,0.2904,983323.3125,-0.010076312959884188,0.07079999999999997,0.0018000000000000238,0.0025999999999999,True,11,False,2.5999999999999,0.41497334797080127,"(26000, 31000]",70.79999999999997
29000,0.3428,0.26960000000000006,0.2714,0.2732,473790.1875,0.013640987067323973,0.0696,0.0017999999999999128,0.0017999999999999,True,4,False,1.7999999999999,0.2552725051032819,"(26000, 31000]",69.6
29026,0.49260000000000004,0.38560000000000005,0.38680000000000003,0.38980000000000004,688279.375,-0.006356370181939202,0.1028,0.0011999999999999789,0.0029999999999998,True,5,False,2.9999999999998,0.4771212547196335,"(26000, 31000]",102.8
29053,0.4174,0.344,0.34520000000000006,0.34620000000000006,814737.875,-0.010518143977825384,0.07119999999999993,0.0012000000000000899,0.0009999999999999,True,0,False,0.9999999999999001,-4.339473599490009e-14,"(26000, 31000]",71.19999999999993
29092,0.629,0.5572,0.558,0.5588000000000001,619464.25,-0.049257426629139615,0.07019999999999993,0.0008000000000000229,0.0007999999999999,True,3,False,0.7999999999999,-0.0969100130081107,"(26000, 31000]",70.19999999999993
29139,0.43400000000000005,0.3578,0.36,0.3628,1124577.0,-0.00790034552991925,0.07120000000000004,0.0021999999999999797,0.0027999999999998,True,4,False,2.7999999999998,0.4471580313421882,"(26000, 31000]",71.20000000000005
29171,0.7566,0.12440000000000001,0.5662,0.6418,473563.15625,-0.00209004719873524,0.11480000000000001,0.4418,0.0755999999999916,False,3,False,75.59999999999161,1.8785217955011584,"(26000, 31000]",114.80000000000001
29203,0.41500000000000004,0.34099999999999997,0.34199999999999997,0.34299999999999997,1067083.875,-0.013336624428890371,0.07200000000000006,0.0010000000000000009,0.0009999999999999,True,9,False,0.9999999999999001,-4.339473599490009e-14,"(26000, 31000]",72.00000000000006
29228,0.6466000000000001,0.15720000000000003,0.5376000000000001,0.5828000000000001,435321.75,-0.028755140953214492,0.06379999999999997,0.38040000000000007,0.045199999999995,False,8,False,45.199999999995,1.655138434811334,"(26000, 31000]",63.79999999999997
29250,0.4908,0.41780000000000006,0.4186000000000001,0.4194,862945.1875,-0.013826493307114017,0.07140000000000002,0.0008000000000000229,0.0007999999999999,True,6,False,0.7999999999999,-0.0969100130081107,"(26000, 31000]",71.40000000000002
29285,0.7756000000000001,0.1094,0.6616000000000001,0.6934,459427.84375,-0.003796367604073572,0.08220000000000005,0.5522,0.0317999999999965,False,7,False,31.799999999996498,1.5024271199843848,"(26000, 31000]",82.20000000000005
29362,0.5014000000000001,0.4254,0.4274,0.4302,1115461.125,-0.008626533264438059,0.07120000000000004,0.0020000000000000018,0.0027999999999998,True,14,False,2.7999999999998,0.4471580313421882,"(26000, 31000]",71.20000000000005
29388,0.8184,0.101,0.6868000000000001,0.6950000000000001,480606.4375,-0.003440943047881693,0.12339999999999995,0.5858000000000001,0.008199999999999,True,3,False,8.199999999999,0.9138138523836636,"(26000, 31000]",123.39999999999995
29417,0.36960000000000004,0.2934,0.2966,0.2992,661272.0625,-0.00981969762138371,0.07040000000000002,0.0031999999999999806,0.0025999999999999,True,3,False,2.5999999999999,0.41497334797080127,"(26000, 31000]",70.40000000000002
29441,0.42380000000000007,0.34920000000000007,0.35040000000000004,0.35320000000000007,706145.0,-0.0051713046441860385,0.0706,0.0011999999999999789,0.0027999999999998,True,6,False,2.7999999999998,0.4471580313421882,"(26000, 31000]",70.6
29474,0.5374000000000001,0.46340000000000003,0.4646,0.46740000000000004,654217.4375,-0.014877461480935382,0.07000000000000006,0.0011999999999999789,0.0027999999999998,True,3,False,2.7999999999998,0.4471580313421882,"(26000, 31000]",70.00000000000006
29505,0.805,0.09659999999999999,0.682,0.6892,444584.25,-0.0012376722134306518,0.11580000000000001,0.5854,0.0071999999999992,True,4,False,7.1999999999992,0.8573324964312202,"(26000, 31000]",115.80000000000001
29549,0.45120000000000005,0.3748,0.37740000000000007,0.3808,1110605.25,-0.012834699958648674,0.07040000000000002,0.0026000000000000467,0.0033999999999998,True,9,False,3.3999999999998,0.5314789170422296,"(26000, 31000]",70.40000000000002
29578,0.7016000000000001,0.10200000000000001,0.6164000000000001,0.6386000000000001,452144.375,-0.015710826905053835,0.06300000000000006,0.5144000000000001,0.0221999999999975,False,1,False,22.199999999997498,1.3463529744505898,"(26000, 31000]",63.00000000000006
29606,0.5042000000000001,0.1292,0.3994,0.4206000000000001,650319.0625,-0.020921905641509624,0.08360000000000001,0.2702,0.0211999999999991,False,5,False,21.1999999999991,1.326335860928733,"(26000, 31000]",83.60000000000001
29639,0.7924000000000001,0.10720000000000002,0.654,0.6692,452899.125,-0.002936455151574868,0.12320000000000009,0.5468,0.0151999999999983,False,0,False,15.1999999999983,1.181843587944724,"(26000, 31000]",123.20000000000009
29669,0.7568,0.1142,0.6260000000000001,0.673,454954.28125,0.000683518427731612,0.08379999999999999,0.5118000000000001,0.0469999999999948,False,0,False,46.999999999994806,1.6720978579356696,"(26000, 31000]",83.79999999999998
29702,0.5764,0.1348,0.4780000000000001,0.5072000000000001,605705.75,0.0022870741202514586,0.06919999999999993,0.34320000000000006,0.0291999999999967,False,4,False,29.199999999996702,1.4653828514483693,"(26000, 31000]",69.19999999999993
29741,0.5496000000000001,0.1122,0.43000000000000005,0.4676,457976.625,-0.026375593456188947,0.08200000000000007,0.3178000000000001,0.0375999999999958,False,0,False,37.5999999999958,1.5751878449276127,"(26000, 31000]",82.00000000000007
29769,0.7078000000000001,0.1054,0.6110000000000001,0.6502000000000001,450954.25,-0.00550326708238696,0.057599999999999985,0.5056,0.0391999999999956,False,0,False,39.1999999999956,1.5932860670204085,"(26000, 31000]",57.59999999999999
29801,0.6444000000000001,0.1292,0.512,0.5802,647022.125,-0.0008917064410845591,0.06420000000000003,0.38280000000000003,0.0681999999999924,False,3,False,68.1999999999924,1.8337843746564306,"(26000, 31000]",64.20000000000003
29832,0.4094000000000001,0.29500000000000004,0.29580000000000006,0.29700000000000004,863090.8125,-0.006566064971943494,0.11240000000000006,0.0008000000000000229,0.0011999999999999,True,0,False,1.1999999999999,0.07918124604758865,"(26000, 31000]",112.40000000000006
29876,0.5076,0.13,0.4142,0.4374,706550.25,-0.019267143530308,0.07020000000000004,0.2842,0.023199999999999,False,0,False,23.199999999999,1.365487984890881,"(26000, 31000]",70.20000000000005
29902,0.4062,0.33099999999999996,0.3328,0.33599999999999997,940821.25,-0.0058713160302435235,0.07020000000000004,0.0018000000000000238,0.0031999999999999,True,3,False,3.1999999999999,0.5051499783198924,"(26000, 31000]",70.20000000000005
29925,0.4296000000000001,0.3546,0.35640000000000005,0.35940000000000005,973800.875,-0.014278559395228003,0.07020000000000004,0.0018000000000000238,0.0029999999999998,True,2,False,2.9999999999998,0.4771212547196335,"(26000, 31000]",70.20000000000005
29947,0.7894000000000001,0.11780000000000002,0.6626000000000001,0.6854,453430.125,0.004534765886784926,0.10400000000000009,0.5448000000000001,0.0227999999999974,False,8,False,22.7999999999974,1.3579348470004042,"(26000, 31000]",104.00000000000009
29974,0.4448000000000001,0.265,0.3508,0.37560000000000004,645463.625,-0.019670225474072996,0.06920000000000004,0.08579999999999999,0.0247999999999989,False,0,False,24.7999999999989,1.394451680826197,"(26000, 31000]",69.20000000000005
30009,0.2508,0.17540000000000003,0.17800000000000002,0.1798,757007.75,-0.011772523599081383,0.07100000000000004,0.002599999999999991,0.0018,True,12,False,1.8,0.25527250510330607,"(26000, 31000]",71.00000000000003
30034,0.5108,0.4374,0.4384,0.4394,894648.9375,-0.014243382643527144,0.07140000000000002,0.0010000000000000009,0.0009999999999999,True,1,False,0.9999999999999001,-4.339473599490009e-14,"(26000, 31000]",71.40000000000002
30057,0.5960000000000001,0.219,0.47240000000000004,0.5428000000000001,434653.125,-0.025161167040528006,0.053200000000000025,0.25340000000000007,0.0703999999999922,False,1,False,70.3999999999922,1.847572659142064,"(26000, 31000]",53.200000000000024
30086,0.6046,0.533,0.5338,0.5348,597892.5,-0.023460358611184284,0.06979999999999997,0.0008000000000000229,0.0009999999999998,True,2,False,0.9999999999998,-8.683768836313219e-14,"(26000, 31000]",69.79999999999997
30109,0.4620000000000001,0.3386,0.3408,0.344,1102403.625,-0.014255325104099235,0.1180000000000001,0.0021999999999999797,0.0031999999999998,True,2,False,3.1999999999998,0.5051499783198788,"(26000, 31000]",118.0000000000001
30134,0.6406000000000001,0.5694,0.5702,0.5712,599947.6875,-0.013974247351045086,0.06940000000000002,0.0008000000000000229,0.0009999999999998,True,8,False,0.9999999999998,-8.683768836313219e-14,"(26000, 31000]",69.40000000000002
30155,0.44820000000000004,0.31020000000000003,0.3126,0.31579999999999997,1014789.1875,-0.007652580412791401,0.13240000000000007,0.0023999999999999577,0.0031999999999998,True,3,False,3.1999999999998,0.5051499783198788,"(26000, 31000]",132.40000000000006
30178,0.5922000000000001,0.10919999999999999,0.4216000000000001,0.5248,724374.125,-0.011770423784377307,0.06740000000000002,0.3124000000000001,0.1031999999999886,False,3,False,103.1999999999886,2.0136796972911446,"(26000, 31000]",67.40000000000002
30201,0.49240000000000006,0.376,0.37860000000000005,0.38180000000000003,1076434.5,-0.012863835348899538,0.11060000000000003,0.0026000000000000467,0.0031999999999998,True,10,False,3.1999999999998,0.5051499783198788,"(26000, 31000]",110.60000000000004
30260,0.793,0.11200000000000002,0.6634000000000001,0.6888000000000001,449059.75,-0.0004191677588974623,0.10419999999999996,0.5514000000000001,0.0253999999999972,False,6,False,25.3999999999972,1.40483371661989,"(26000, 31000]",104.19999999999996
30283,0.40880000000000005,0.3326,0.3348,0.33799999999999997,1132359.0,-0.00979259614221285,0.07080000000000009,0.0021999999999999797,0.0031999999999999,True,5,False,3.1999999999999,0.5051499783198924,"(26000, 31000]",70.80000000000008
30312,0.5564,0.1258,0.4842000000000001,0.48660000000000003,605963.8125,-0.006482804969222069,0.06979999999999997,0.35840000000000005,0.0023999999999997,True,5,False,2.3999999999997,0.38021124171155174,"(26000, 31000]",69.79999999999997
30345,0.7330000000000001,0.1116,0.6314000000000001,0.6322000000000001,455503.46875,-0.011470169838168768,0.1008,0.5198,0.0007999999999999,True,11,False,0.7999999999999,-0.0969100130081107,"(26000, 31000]",100.8
30370,0.7048000000000001,0.633,0.6336,0.6346,653015.75,-0.012487272691642582,0.07020000000000004,0.0006000000000000449,0.0009999999999998,True,7,False,0.9999999999998,-8.683768836313219e-14,"(26000, 31000]",70.20000000000005
30400,0.5456000000000001,0.4728,0.47340000000000004,0.47420000000000007,870775.4375,-0.010424669217242936,0.07140000000000002,0.0006000000000000449,0.0007999999999999,True,2,False,0.7999999999999,-0.0969100130081107,"(26000, 31000]",71.40000000000002
30426,0.6578,0.16780000000000003,0.5588000000000001,0.5906,648683.4375,0.0011111482205303337,0.06720000000000004,0.391,0.0317999999999965,False,12,False,31.799999999996498,1.5024271199843848,"(26000, 31000]",67.20000000000003
30459,0.2822,0.20760000000000003,0.20920000000000002,0.2114,688805.0625,-0.003901321146081697,0.0708,0.0015999999999999903,0.0022,True,6,False,2.2,0.3424226808222063,"(26000, 31000]",70.8
